index,score,drift,flag
0,0.0008616800769,4.213439695e-07,-1
1,0.001019918942,4.213439695e-07,-1
2,0.01708913408,4.213439695e-07,-1
3,0.001811471302,4.213439695e-07,-1
4,0.0006064214977,4.213439695e-07,-1
5,0.0007023312501,4.213439695e-07,-1
6,0.001886362559,4.213439695e-07,-1
7,0.00172381103,4.213439695e-07,-1
8,0.004625779111,4.213439695e-07,-1
9,0.001698587439,4.213439695e-07,-1
10,0.0003430372744,4.213439695e-07,-1
11,0.001762151485,4.213439695e-07,-1
12,0.0007531441515,4.213439695e-07,-1
13,0.001029593055,4.213439695e-07,-1
14,0.000215385051,4.213439695e-07,-1
15,0.001897621434,4.213439695e-07,-1
16,0.0008771259454,4.213439695e-07,-1
17,0.0003206825932,4.213439695e-07,-1
18,0.001050129184,4.213439695e-07,-1
19,0.000434224261,4.213439695e-07,-1
20,0.0005486857262,4.213439695e-07,-1
21,0.0005324709346,4.213439695e-07,-1
22,0.0002953773655,4.213439695e-07,-1
23,0.00235642842,4.213439695e-07,-1
24,0.0008489962202,4.213439695e-07,-1
25,0.000388267712,4.213439695e-07,-1
26,0.0009356057853,4.213439695e-07,-1
27,0.0001935486798,4.213439695e-07,-1
28,0.0003387902689,4.213439695e-07,-1
29,0.0003481495951,4.213439695e-07,-1
30,0.001950720092,4.213439695e-07,-1
31,0.001054996508,4.213439695e-07,-1
32,0.0002921832493,4.213439695e-07,-1
33,0.0006718455115,4.213439695e-07,-1
34,0.001732843462,4.213439695e-07,-1
35,0.006152712274,4.213439695e-07,-1
36,0.002858842723,4.213439695e-07,-1
37,0.0009592298302,4.213439695e-07,-1
38,0.0008647424984,4.213439695e-07,-1
39,0.001741096377,4.213439695e-07,-1
40,0.0003182756482,4.213439695e-07,-1
41,0.0003467065399,4.213439695e-07,-1
42,0.001053739805,4.213439695e-07,-1
43,0.0003682250099,4.213439695e-07,-1
44,0.000380598678,4.213439695e-07,-1
45,0.01156560611,4.213439695e-07,-1
46,0.0007925520767,4.213439695e-07,-1
47,0.0003185585956,4.213439695e-07,-1
48,0.0006666072877,4.213439695e-07,-1
49,0.0004393311392,4.213439695e-07,-1
50,0.001212157891,4.213439695e-07,-1
51,0.0004175413051,4.213439695e-07,-1
52,0.0004981936072,4.213439695e-07,-1
53,0.001127426396,4.213439695e-07,-1
54,0.0004816970031,4.213439695e-07,-1
55,0.002521084389,4.213439695e-07,-1
56,0.0003736832296,4.213439695e-07,-1
57,0.002455357695,4.213439695e-07,-1
58,0.001354190288,4.213439695e-07,-1
59,0.001461197506,4.213439695e-07,-1
60,0.0004285756149,4.213439695e-07,-1
61,0.0009602812934,4.213439695e-07,-1
62,0.000287943607,4.213439695e-07,-1
63,0.002312124008,4.213439695e-07,-1
64,0.0008145686588,4.213439695e-07,-1
65,0.0007298897253,4.213439695e-07,-1
66,0.001284647034,4.213439695e-07,-1
67,0.0005548007903,4.213439695e-07,-1
68,0.0004712739901,4.213439695e-07,-1
69,0.0001322950702,4.213439695e-07,-1
70,0.01247988641,4.213439695e-07,-1
71,0.0004194329085,4.213439695e-07,-1
72,0.002862630412,4.213439695e-07,-1
73,0.0003064344055,4.213439695e-07,-1
74,0.002925488399,4.213439695e-07,-1
75,0.0007213475765,4.213439695e-07,-1
76,0.0002636237768,4.213439695e-07,-1
77,0.00283195544,4.213439695e-07,-1
78,0.0006792771746,4.213439695e-07,-1
79,0.0008246487123,4.213439695e-07,-1
80,0.001414836734,4.213439695e-07,-1
81,0.002641555853,4.213439695e-07,-1
82,0.0007822777843,4.213439695e-07,-1
83,0.002147195395,4.213439695e-07,-1
84,0.002128423192,4.213439695e-07,-1
85,0.00150568923,4.213439695e-07,-1
86,0.0002313378791,4.213439695e-07,-1
87,0.0001413011196,4.213439695e-07,-1
88,0.001314420137,4.213439695e-07,-1
89,0.0002118586999,4.213439695e-07,-1
90,0.003025445854,4.213439695e-07,-1
91,0.0006223456003,4.213439695e-07,-1
92,0.001085701282,4.213439695e-07,-1
93,0.002367757028,4.213439695e-07,-1
94,0.000593613775,4.213439695e-07,-1
95,0.006347340066,4.213439695e-07,-1
96,0.001629521488,4.213439695e-07,-1
97,0.0002398939978,4.213439695e-07,-1
98,0.000917346566,4.213439695e-07,-1
99,0.000244445604,4.213439695e-07,-1
100,0.008574121632,4.213439695e-07,-1
101,0.003217656398,4.213439695e-07,-1
102,0.01082802657,4.213439695e-07,-1
103,0.002728581661,4.213439695e-07,-1
104,0.000593656092,4.213439695e-07,-1
105,0.0004972919705,4.213439695e-07,-1
106,0.0003458991705,4.213439695e-07,-1
107,0.00713682035,4.213439695e-07,-1
108,0.0007081140648,4.213439695e-07,-1
109,0.001137048937,4.213439695e-07,-1
110,0.0002363907697,4.213439695e-07,-1
111,0.001406282652,4.213439695e-07,-1
112,0.0006093466072,4.213439695e-07,-1
113,0.000404113729,4.213439695e-07,-1
114,0.0006013466045,4.213439695e-07,-1
115,0.0001552691247,4.213439695e-07,-1
116,0.0004972614115,4.213439695e-07,-1
117,0.0005866910215,4.213439695e-07,-1
118,0.0005522598512,4.213439695e-07,-1
119,0.001042541116,4.213439695e-07,-1
120,0.005358969327,4.213439695e-07,-1
121,0.001838742523,4.213439695e-07,-1
122,0.004478741437,4.213439695e-07,-1
123,0.0003860823635,4.213439695e-07,-1
124,0.0004709057685,4.213439695e-07,-1
125,0.0004920805804,4.213439695e-07,-1
126,0.0001301114826,4.213439695e-07,-1
127,0.0003448691859,4.213439695e-07,-1
128,0.001754273078,4.213439695e-07,-1
129,0.001792181283,4.213439695e-07,-1
130,0.003301008139,4.213439695e-07,-1
131,0.0008500936674,4.213439695e-07,-1
132,0.0002761828073,4.213439695e-07,-1
133,0.004044410773,4.213439695e-07,-1
134,0.00107146753,4.213439695e-07,-1
135,0.0009635449969,4.213439695e-07,-1
136,0.0003118509194,4.213439695e-07,-1
137,0.0001599205571,4.213439695e-07,-1
138,0.001414922881,4.213439695e-07,-1
139,0.0004055937752,4.213439695e-07,-1
140,0.002600816544,4.213439695e-07,-1
141,0.001768658403,4.213439695e-07,-1
142,0.003422134556,4.213439695e-07,-1
143,0.0005600276636,4.213439695e-07,-1
144,0.0004357747093,4.213439695e-07,-1
145,0.001019069226,4.213439695e-07,-1
146,0.001435792889,4.213439695e-07,-1
147,0.001825287938,4.213439695e-07,-1
148,0.0003127172531,4.213439695e-07,-1
149,0.003457566025,4.213439695e-07,-1
150,0.000278075604,4.213439695e-07,-1
151,0.0007114882465,4.213439695e-07,-1
152,0.0003895760747,4.213439695e-07,-1
153,0.001407944597,4.213439695e-07,-1
154,0.001065969351,4.213439695e-07,-1
155,0.00376444892,4.213439695e-07,-1
156,0.003393675201,4.213439695e-07,-1
157,0.0008964572335,4.213439695e-07,-1
158,0.0002359144855,4.213439695e-07,-1
159,0.001584560727,4.213439695e-07,-1
160,0.0004977636854,4.213439695e-07,-1
161,0.0006154648727,4.213439695e-07,-1
162,0.0005066966405,4.213439695e-07,-1
163,0.0006869268836,4.213439695e-07,-1
164,0.0003611583088,4.213439695e-07,-1
165,0.0008637032006,4.213439695e-07,-1
166,0.0006361661945,4.213439695e-07,-1
167,0.0002210645907,4.213439695e-07,-1
168,0.000705233484,4.213439695e-07,-1
169,0.001505988184,4.213439695e-07,-1
170,0.0007862757775,4.213439695e-07,-1
171,0.0003758562671,4.213439695e-07,-1
172,0.000561764522,4.213439695e-07,-1
173,0.001152000856,4.213439695e-07,-1
174,0.0004916461185,4.213439695e-07,-1
175,0.0008322905051,4.213439695e-07,-1
176,0.0003355565132,4.213439695e-07,-1
177,0.0003566945379,4.213439695e-07,-1
178,0.0001194443685,4.213439695e-07,-1
179,0.0002270035766,4.213439695e-07,-1
180,0.001477933954,4.213439695e-07,-1
181,0.0004050243297,4.213439695e-07,-1
182,0.001519903657,4.213439695e-07,-1
183,0.0002758865303,4.213439695e-07,-1
184,0.001398648252,4.213439695e-07,-1
185,0.0007331008092,4.213439695e-07,-1
186,0.005264748354,4.213439695e-07,-1
187,0.006025826558,4.213439695e-07,-1
188,9.834529192e-05,4.213439695e-07,-1
189,0.001367466175,4.213439695e-07,-1
190,0.001251581707,4.213439695e-07,-1
191,0.001198732294,4.213439695e-07,-1
192,0.001354982727,4.213439695e-07,-1
193,0.001049259212,4.213439695e-07,-1
194,0.001369284117,4.213439695e-07,-1
195,0.0004030554555,4.213439695e-07,-1
196,0.0002488423197,4.213439695e-07,-1
197,0.0005664603668,4.213439695e-07,-1
198,0.0002992766094,4.213439695e-07,-1
199,0.0007026889944,4.213439695e-07,-1
200,0.0007789635565,4.213439695e-07,-1
201,0.001568152569,4.213439695e-07,-1
202,0.0009963213233,4.213439695e-07,-1
203,0.0002173414541,4.213439695e-07,-1
204,0.0006452798843,4.213439695e-07,-1
205,0.0002614064433,4.213439695e-07,-1
206,0.0006962577463,4.213439695e-07,-1
207,0.0006948290975,4.213439695e-07,-1
208,0.001753299148,4.213439695e-07,-1
209,0.002279010834,4.213439695e-07,-1
210,0.0007101643714,4.213439695e-07,-1
211,0.0004731831141,4.213439695e-07,-1
212,0.001476983191,4.213439695e-07,-1
213,0.001780110644,4.213439695e-07,-1
214,0.0005320945638,4.213439695e-07,-1
215,0.0005057379603,4.213439695e-07,-1
216,0.001040589181,4.213439695e-07,-1
217,0.002141113393,4.213439695e-07,-1
218,0.001813585171,4.213439695e-07,-1
219,0.0005800496438,4.213439695e-07,-1
220,0.001324412879,4.213439695e-07,-1
221,0.0003647851117,4.213439695e-07,-1
222,0.0007635469665,4.213439695e-07,-1
223,0.00146230869,4.213439695e-07,-1
224,0.0008548548794,4.213439695e-07,-1
225,0.000213333522,4.213439695e-07,-1
226,0.003226259258,4.213439695e-07,-1
227,0.002954519587,4.213439695e-07,-1
228,0.002479016315,4.213439695e-07,-1
229,0.001380892587,4.213439695e-07,-1
230,0.0008996975957,4.213439695e-07,-1
231,0.002101376187,4.213439695e-07,-1
232,0.002837787848,4.213439695e-07,-1
233,0.004000094719,4.213439695e-07,-1
234,0.00222504558,4.213439695e-07,-1
235,0.0012521873,4.213439695e-07,-1
236,0.0002884199785,4.213439695e-07,-1
237,0.0004947857815,4.213439695e-07,-1
238,0.001247238833,4.213439695e-07,-1
239,0.0011273243,4.213439695e-07,-1
240,0.006966807414,4.213439695e-07,-1
241,0.0004471435095,4.213439695e-07,-1
242,0.0007584928535,4.213439695e-07,-1
243,0.0008564760792,4.213439695e-07,-1
244,0.0002223944757,4.213439695e-07,-1
245,0.0004271714133,4.213439695e-07,-1
246,0.001289523323,4.213439695e-07,-1
247,0.0007269160706,4.213439695e-07,-1
248,0.002087406814,4.213439695e-07,-1
249,0.0007219143445,4.213439695e-07,-1
250,0.0006031775265,4.213439695e-07,-1
251,0.002747703576,4.213439695e-07,-1
252,0.001021417091,4.213439695e-07,-1
253,0.001289977576,4.213439695e-07,-1
254,0.003070867853,4.213439695e-07,-1
255,0.0009559214232,4.213439695e-07,-1
256,0.0008410884766,4.213439695e-07,-1
257,0.02386139706,4.213439695e-07,-1
258,0.006207537372,4.213439695e-07,-1
259,0.001024820376,4.213439695e-07,-1
260,0.007146216929,4.213439695e-07,-1
261,0.0004288039054,4.213439695e-07,-1
262,0.0006528947852,4.213439695e-07,-1
263,0.0007666567108,4.213439695e-07,-1
264,0.0004039088381,4.213439695e-07,-1
265,0.000559328997,4.213439695e-07,-1
266,0.004067215603,4.213439695e-07,-1
267,0.0005564577295,4.213439695e-07,-1
268,0.0003342744603,4.213439695e-07,-1
269,0.0005487954477,4.213439695e-07,-1
270,0.0004240155395,4.213439695e-07,-1
271,0.0005232432159,4.213439695e-07,-1
272,0.0001625390287,4.213439695e-07,-1
273,0.01415152289,4.213439695e-07,-1
274,0.0005003289552,4.213439695e-07,-1
275,0.01298224926,4.213439695e-07,-1
276,0.0006674103206,4.213439695e-07,-1
277,0.001342475298,4.213439695e-07,-1
278,0.0009009996429,4.213439695e-07,-1
279,0.001907052239,4.213439695e-07,-1
280,0.003168096533,4.213439695e-07,-1
281,0.005025248975,4.213439695e-07,-1
282,0.001826615306,4.213439695e-07,-1
283,0.0003125913208,4.213439695e-07,-1
284,0.0007043709629,4.213439695e-07,-1
285,0.00037579739,4.213439695e-07,-1
286,0.0004743664176,4.213439695e-07,-1
287,0.001215103664,4.213439695e-07,-1
288,0.002727936255,4.213439695e-07,-1
289,0.00135905447,4.213439695e-07,-1
290,0.0005922077689,4.213439695e-07,-1
291,0.0004754789989,4.213439695e-07,-1
292,0.001572765759,4.213439695e-07,-1
293,0.001455823542,4.213439695e-07,-1
294,0.0007175694336,4.213439695e-07,-1
295,0.00475509977,4.213439695e-07,-1
296,0.0003714959312,4.213439695e-07,-1
297,0.0003461317101,4.213439695e-07,-1
298,0.002076665172,4.213439695e-07,-1
299,0.0002835363557,4.213439695e-07,-1
300,0.003964313772,4.213439695e-07,-1
301,0.001392217819,4.213439695e-07,-1
302,0.0004507647827,4.213439695e-07,-1
303,0.001524092979,4.213439695e-07,-1
304,0.001265444211,4.213439695e-07,-1
305,0.004288975149,4.213439695e-07,-1
306,0.01429600455,4.213439695e-07,-1
307,0.0007970367442,4.213439695e-07,-1
308,0.001322226482,4.213439695e-07,-1
309,0.0002708646643,4.213439695e-07,-1
310,0.0007893725997,4.213439695e-07,-1
311,0.001104759052,4.213439695e-07,-1
312,0.000371145492,4.213439695e-07,-1
313,0.001673788065,4.213439695e-07,-1
314,0.003438201733,4.213439695e-07,-1
315,0.00279649836,4.213439695e-07,-1
316,0.0009519984596,4.213439695e-07,-1
317,0.0008671506657,4.213439695e-07,-1
318,0.0003249122237,4.213439695e-07,-1
319,0.0004453307192,4.179922144e-06,-1
320,0.0004287054471,4.179922144e-06,-1
321,0.001586022205,4.179922144e-06,-1
322,0.001303000492,4.179922144e-06,-1
323,0.00244631758,4.179922144e-06,-1
324,0.0005691634724,4.179922144e-06,-1
325,0.0003121575282,4.179922144e-06,-1
326,0.002065757755,4.179922144e-06,-1
327,0.0002143520396,4.179922144e-06,-1
328,0.0005698264576,4.179922144e-06,-1
329,0.0007517187041,4.179922144e-06,-1
330,0.001024063677,4.179922144e-06,-1
331,0.00248497026,4.179922144e-06,-1
332,0.002425627783,4.179922144e-06,-1
333,0.0005840308731,4.179922144e-06,-1
334,0.0007404795615,4.179922144e-06,-1
335,0.0006345388829,4.179922144e-06,-1
336,0.002104532206,4.179922144e-06,-1
337,0.0007474933518,4.179922144e-06,-1
338,0.0007988554426,4.179922144e-06,-1
339,0.002286653966,2.243927383e-06,-1
340,0.0006141165504,2.243927383e-06,-1
341,0.00294173602,2.243927383e-06,-1
342,0.0008169584908,2.243927383e-06,-1
343,0.0006605322706,2.243927383e-06,-1
344,0.0005707755918,2.243927383e-06,-1
345,0.0002518586698,2.243927383e-06,-1
346,0.0006224479293,2.243927383e-06,-1
347,0.005959936883,2.243927383e-06,-1
348,0.001225877204,2.243927383e-06,-1
349,0.0007840222097,2.243927383e-06,-1
350,0.0003874626709,2.243927383e-06,-1
351,0.0007822489715,2.243927383e-06,-1
352,0.0008203118341,2.243927383e-06,-1
353,0.0006756111397,2.243927383e-06,-1
354,0.0008467470761,2.243927383e-06,-1
355,0.0005271272967,2.243927383e-06,-1
356,0.0005103340955,2.243927383e-06,-1
357,0.0003022553574,2.243927383e-06,-1
358,0.001674716244,2.243927383e-06,-1
359,0.0005359473871,3.710262263e-06,-1
360,0.0007693180814,3.710262263e-06,-1
361,0.0001367476652,3.710262263e-06,-1
362,0.00359549257,3.710262263e-06,-1
363,0.003458753461,3.710262263e-06,-1
364,0.001215889002,3.710262263e-06,-1
365,0.001215097378,3.710262263e-06,-1
366,0.001174124307,3.710262263e-06,-1
367,0.0005513430806,3.710262263e-06,-1
368,0.0003744179849,3.710262263e-06,-1
369,0.001579664997,3.710262263e-06,-1
370,0.0004804860509,3.710262263e-06,-1
371,0.002813600702,3.710262263e-06,-1
372,0.000169745399,3.710262263e-06,-1
373,0.001094195526,3.710262263e-06,-1
374,0.002160794334,3.710262263e-06,-1
375,0.005041335244,3.710262263e-06,-1
376,0.0002793594031,3.710262263e-06,-1
377,0.001445843372,3.710262263e-06,-1
378,0.0005660286988,3.710262263e-06,-1
379,0.0007949956344,4.328935574e-06,-1
380,0.0006083681365,4.328935574e-06,-1
381,0.001447705319,4.328935574e-06,-1
382,0.002707855543,4.328935574e-06,-1
383,0.003492762335,4.328935574e-06,-1
384,0.0002012567711,4.328935574e-06,-1
385,0.0009176406311,4.328935574e-06,-1
386,0.001060642651,4.328935574e-06,-1
387,0.001173373312,4.328935574e-06,-1
388,0.0003589863481,4.328935574e-06,-1
389,0.000664962281,4.328935574e-06,-1
390,0.0005063377321,4.328935574e-06,-1
391,0.00192083756,4.328935574e-06,-1
392,0.0007622326957,4.328935574e-06,-1
393,0.0006996045122,4.328935574e-06,-1
394,0.002446862869,4.328935574e-06,-1
395,0.00219144742,4.328935574e-06,-1
396,9.476621199e-05,4.328935574e-06,-1
397,0.0003246040433,4.328935574e-06,-1
398,0.004835110158,4.328935574e-06,-1
399,0.001973597333,3.260813173e-06,-1
400,0.001922627795,3.260813173e-06,-1
401,0.0009810150368,3.260813173e-06,-1
402,0.0005922177224,3.260813173e-06,-1
403,0.0003401539288,3.260813173e-06,-1
404,0.0005806887639,3.260813173e-06,-1
405,0.0003308239975,3.260813173e-06,-1
406,0.0001996958017,3.260813173e-06,-1
407,0.007360299584,3.260813173e-06,-1
408,0.0009346595616,3.260813173e-06,-1
409,0.0004411939008,3.260813173e-06,-1
410,0.001695953542,3.260813173e-06,-1
411,0.000493779371,3.260813173e-06,-1
412,0.001239000238,3.260813173e-06,-1
413,0.001078424277,3.260813173e-06,-1
414,0.001453336212,3.260813173e-06,-1
415,0.0002658403246,3.260813173e-06,-1
416,0.001466848422,3.260813173e-06,-1
417,0.00153905584,3.260813173e-06,-1
418,0.0006606366369,3.260813173e-06,-1
419,0.0004284183669,3.712658327e-06,-1
420,0.001405997667,3.712658327e-06,-1
421,0.0005254616262,3.712658327e-06,-1
422,0.0008430486778,3.712658327e-06,-1
423,0.002812483115,3.712658327e-06,-1
424,0.0002157084382,3.712658327e-06,-1
425,0.0003434547689,3.712658327e-06,-1
426,0.003608951578,3.712658327e-06,-1
427,0.001909773913,3.712658327e-06,-1
428,0.0002298715699,3.712658327e-06,-1
429,0.001188238384,3.712658327e-06,-1
430,0.0008974004886,3.712658327e-06,-1
431,0.002214868087,3.712658327e-06,-1
432,0.0006040908047,3.712658327e-06,-1
433,0.004586969037,3.712658327e-06,-1
434,0.008046467789,3.712658327e-06,-1
435,0.001180927968,3.712658327e-06,-1
436,0.0004632874334,3.712658327e-06,-1
437,0.001311999629,3.712658327e-06,-1
438,0.0007329693181,3.712658327e-06,-1
439,0.002177447779,1.88331569e-06,-1
440,0.000617568905,1.88331569e-06,-1
441,0.0009827754693,1.88331569e-06,-1
442,0.001072657527,1.88331569e-06,-1
443,0.000340215367,1.88331569e-06,-1
444,0.0006942022592,1.88331569e-06,-1
445,0.001041285694,1.88331569e-06,-1
446,0.0006475721602,1.88331569e-06,-1
447,0.00278299232,1.88331569e-06,-1
448,0.0005251250695,1.88331569e-06,-1
449,0.0003827242763,1.88331569e-06,-1
450,0.001358648762,1.88331569e-06,-1
451,0.0008072496275,1.88331569e-06,-1
452,0.0005749312695,1.88331569e-06,-1
453,0.0003811441711,1.88331569e-06,-1
454,0.0008863122202,1.88331569e-06,-1
455,0.002383855637,1.88331569e-06,-1
456,0.0009480455774,1.88331569e-06,-1
457,0.001386782853,1.88331569e-06,-1
458,0.000421822042,1.88331569e-06,-1
459,0.0001322803728,5.165592029e-06,-1
460,0.001515422249,5.165592029e-06,-1
461,0.0007611098699,5.165592029e-06,-1
462,0.0009310632595,5.165592029e-06,-1
463,0.0003274354094,5.165592029e-06,-1
464,0.0006146790111,5.165592029e-06,-1
465,0.001505724387,5.165592029e-06,-1
466,0.001829349669,5.165592029e-06,-1
467,0.0017163062,5.165592029e-06,-1
468,0.001009780448,5.165592029e-06,-1
469,0.0003181743959,5.165592029e-06,-1
470,0.0007777446881,5.165592029e-06,-1
471,0.002167653292,5.165592029e-06,-1
472,0.0001884828816,5.165592029e-06,-1
473,0.003176758997,5.165592029e-06,-1
474,0.003795234021,5.165592029e-06,-1
475,9.711554594e-05,5.165592029e-06,-1
476,0.0009551745025,5.165592029e-06,-1
477,0.001603215351,5.165592029e-06,-1
478,0.003695623484,5.165592029e-06,-1
479,0.0005290185218,6.292256785e-06,-1
480,0.001040000236,6.292256785e-06,-1
481,0.0003465251939,6.292256785e-06,-1
482,0.001154000405,6.292256785e-06,-1
483,0.0001387837256,6.292256785e-06,-1
484,0.0002993767557,6.292256785e-06,-1
485,0.001146141323,6.292256785e-06,-1
486,0.001571537112,6.292256785e-06,-1
487,0.0002131012297,6.292256785e-06,-1
488,0.0003512597177,6.292256785e-06,-1
489,0.0003160268243,6.292256785e-06,-1
490,0.0005197143764,6.292256785e-06,-1
491,0.001293882844,6.292256785e-06,-1
492,0.005407590885,6.292256785e-06,-1
493,0.002424528357,6.292256785e-06,-1
494,0.001779454877,6.292256785e-06,-1
495,0.0005775035825,6.292256785e-06,-1
496,0.008058126085,6.292256785e-06,-1
497,0.001141300192,6.292256785e-06,-1
498,0.00020171715,6.292256785e-06,-1
499,0.002323131077,6.423153536e-06,-1
500,0.0004849214747,6.423153536e-06,-1
501,0.0002060875413,6.423153536e-06,-1
502,0.000228810095,6.423153536e-06,-1
503,0.0006588283577,6.423153536e-06,-1
504,0.003759776242,6.423153536e-06,-1
505,0.001457158709,6.423153536e-06,-1
506,0.0007732837694,6.423153536e-06,-1
507,0.002733697649,6.423153536e-06,-1
508,0.001137777464,6.423153536e-06,-1
509,0.003024362959,6.423153536e-06,-1
510,0.001128635835,6.423153536e-06,-1
511,0.001147049828,6.423153536e-06,-1
512,0.0003399048001,6.423153536e-06,-1
513,0.001291455934,6.423153536e-06,-1
514,0.0003371238708,6.423153536e-06,-1
515,0.0003201561631,6.423153536e-06,-1
516,0.001121617388,6.423153536e-06,-1
517,0.003078612965,6.423153536e-06,-1
518,0.0001900932548,6.423153536e-06,-1
519,0.0002666821238,8.236164831e-06,-1
520,0.0005661012256,8.236164831e-06,-1
521,0.0006244950346,8.236164831e-06,-1
522,0.0009445601609,8.236164831e-06,-1
523,0.000356589444,8.236164831e-06,-1
524,0.001197498641,8.236164831e-06,-1
525,0.003282125806,8.236164831e-06,-1
526,0.001004352234,8.236164831e-06,-1
527,0.001669869758,8.236164831e-06,-1
528,0.002798153553,8.236164831e-06,-1
529,0.0008624711772,8.236164831e-06,-1
530,0.0007520333165,8.236164831e-06,-1
531,0.0007184340502,8.236164831e-06,-1
532,0.001851234119,8.236164831e-06,-1
533,0.000427734165,8.236164831e-06,-1
534,0.0009051516536,8.236164831e-06,-1
535,0.001589035382,8.236164831e-06,-1
536,0.001744248322,8.236164831e-06,-1
537,0.0009103389457,8.236164831e-06,-1
538,0.001377636334,8.236164831e-06,-1
539,0.0005187851493,4.866738436e-06,-1
540,0.001204692642,4.866738436e-06,-1
541,0.001516760676,4.866738436e-06,-1
542,0.00038003191,4.866738436e-06,-1
543,0.001145116752,4.866738436e-06,-1
544,0.0005939111579,4.866738436e-06,-1
545,0.0004825328069,4.866738436e-06,-1
546,0.0002870868775,4.866738436e-06,-1
547,0.0009384285077,4.866738436e-06,-1
548,0.004617175087,4.866738436e-06,-1
549,0.0002871784382,4.866738436e-06,-1
550,0.002565204166,4.866738436e-06,-1
551,0.001238042023,4.866738436e-06,-1
552,0.001014827867,4.866738436e-06,-1
553,0.0006061705644,4.866738436e-06,-1
554,0.0002134013484,4.866738436e-06,-1
555,0.0005252980627,4.866738436e-06,-1
556,0.001826158725,4.866738436e-06,-1
557,0.0007031055866,4.866738436e-06,-1
558,0.000498500769,4.866738436e-06,-1
559,0.002413811628,3.676437245e-06,-1
560,0.0007301516598,3.676437245e-06,-1
561,0.0002200594317,3.676437245e-06,-1
562,0.0007206068258,3.676437245e-06,-1
563,0.001675864798,3.676437245e-06,-1
564,0.0006322338595,3.676437245e-06,-1
565,0.002634572098,3.676437245e-06,-1
566,0.0004377382575,3.676437245e-06,-1
567,0.0004487823462,3.676437245e-06,-1
568,0.001029416686,3.676437245e-06,-1
569,0.002979139565,3.676437245e-06,-1
570,0.0006135507138,3.676437245e-06,-1
571,0.002198357368,3.676437245e-06,-1
572,0.0008115333039,3.676437245e-06,-1
573,0.0008933497011,3.676437245e-06,-1
574,0.00165392796,3.676437245e-06,-1
575,0.0005700286711,3.676437245e-06,-1
576,0.0003927803191,3.676437245e-06,-1
577,0.001000243821,3.676437245e-06,-1
578,0.001360565075,3.676437245e-06,-1
579,0.003066358389,4.555230589e-06,-1
580,0.001529614092,4.555230589e-06,-1
581,0.0001475664758,4.555230589e-06,-1
582,0.001918781782,4.555230589e-06,-1
583,0.0007123214891,4.555230589e-06,-1
584,0.0003300026583,4.555230589e-06,-1
585,0.00153770484,4.555230589e-06,-1
586,0.001294374,4.555230589e-06,-1
587,0.0005737330648,4.555230589e-06,-1
588,0.0009616145981,4.555230589e-06,-1
589,0.002767414553,4.555230589e-06,-1
590,0.001378234825,4.555230589e-06,-1
591,0.000530748046,4.555230589e-06,-1
592,0.001833050512,4.555230589e-06,-1
593,0.0002249026002,4.555230589e-06,-1
594,0.00121146813,4.555230589e-06,-1
595,0.001600485295,4.555230589e-06,-1
596,0.0002689661924,4.555230589e-06,-1
597,0.0006660770741,4.555230589e-06,-1
598,0.0002746101818,4.555230589e-06,-1
599,0.0005979692214,3.673727178e-06,0
600,0.002014602767,3.673727178e-06,0
601,0.0005751271965,3.673727178e-06,0
602,0.0002644844644,3.673727178e-06,0
603,0.002487199847,3.673727178e-06,0
604,0.001359831775,3.673727178e-06,0
605,0.0009301913669,3.673727178e-06,0
606,0.001099168439,3.673727178e-06,0
607,0.0004988114815,3.673727178e-06,0
608,0.0005679327296,3.673727178e-06,0
609,0.0009478367283,3.673727178e-06,0
610,0.002666942542,3.673727178e-06,0
611,0.0289459005,3.673727178e-06,1
612,0.0005967760808,3.673727178e-06,0
613,0.0004967899877,3.673727178e-06,0
614,0.0003281669633,3.673727178e-06,0
615,0.000557189167,3.673727178e-06,0
616,0.002158221323,3.673727178e-06,0
617,0.0002528174664,3.673727178e-06,0
618,0.001695498242,3.673727178e-06,0
619,0.001307335566,3.453533736e-06,0
620,0.001194678945,3.453533736e-06,0
621,0.001085652388,3.453533736e-06,0
622,0.0007611495676,3.453533736e-06,0
623,0.0009702046518,3.453533736e-06,0
624,0.0002343649394,3.453533736e-06,0
625,0.002651467919,3.453533736e-06,0
626,0.0008935283404,3.453533736e-06,0
627,0.001051652129,3.453533736e-06,0
628,0.0004879857588,3.453533736e-06,0
629,0.000177687325,3.453533736e-06,0
630,0.0007422698545,3.453533736e-06,0
631,0.0004888714757,3.453533736e-06,0
632,0.0005369778373,3.453533736e-06,0
633,0.001333951019,3.453533736e-06,0
634,0.0006944394554,3.453533736e-06,0
635,0.001154365018,3.453533736e-06,0
636,0.0007102050586,3.453533736e-06,0
637,0.0009644515812,3.453533736e-06,0
638,0.0003097016888,3.453533736e-06,0
639,0.0004886870156,4.251839528e-06,0
640,0.001357516856,4.251839528e-06,0
641,0.001628091792,4.251839528e-06,0
642,0.0007167444564,4.251839528e-06,0
643,0.004345286638,4.251839528e-06,0
644,0.0004075149191,4.251839528e-06,0
645,0.0005754232989,4.251839528e-06,0
646,0.0005978469853,4.251839528e-06,0
647,0.0007652395871,4.251839528e-06,0
648,0.001000868273,4.251839528e-06,0
649,0.001520891557,4.251839528e-06,0
650,0.001698390814,4.251839528e-06,0
651,0.0005476476508,4.251839528e-06,0
652,0.001112086,4.251839528e-06,0
653,0.0005469286698,4.251839528e-06,0
654,0.002043002518,4.251839528e-06,0
655,0.001128778211,4.251839528e-06,0
656,0.0003840933496,4.251839528e-06,0
657,0.0002359812352,4.251839528e-06,0
658,0.0006080401363,4.251839528e-06,0
659,0.0004635067307,5.467969004e-06,0
660,0.0003605700331,5.467969004e-06,0
661,0.001911579166,5.467969004e-06,0
662,0.003943727817,5.467969004e-06,0
663,0.0003730438475,5.467969004e-06,0
664,0.0004037666949,5.467969004e-06,0
665,0.0004361137399,5.467969004e-06,0
666,0.001487516216,5.467969004e-06,0
667,0.0004195177462,5.467969004e-06,0
668,0.0005370911676,5.467969004e-06,0
669,0.002041238593,5.467969004e-06,0
670,0.00125597138,5.467969004e-06,0
671,0.0001503334643,5.467969004e-06,0
672,0.001177393715,5.467969004e-06,0
673,0.000574085163,5.467969004e-06,0
674,0.0001351433311,5.467969004e-06,0
675,0.001163461711,5.467969004e-06,0
676,0.0004159827367,5.467969004e-06,0
677,0.0003766139271,5.467969004e-06,0
678,0.001329627587,5.467969004e-06,0
679,0.0007786558708,4.653771612e-06,0
680,0.0007431124104,4.653771612e-06,0
681,0.00124718505,4.653771612e-06,0
682,0.001072580577,4.653771612e-06,0
683,0.0006259014481,4.653771612e-06,0
684,0.0005521757994,4.653771612e-06,0
685,0.002337471116,4.653771612e-06,0
686,0.0001205221124,4.653771612e-06,0
687,0.000895745703,4.653771612e-06,0
688,0.002903551562,4.653771612e-06,0
689,0.0006028490607,4.653771612e-06,0
690,0.0006298465305,4.653771612e-06,0
691,0.001333421213,4.653771612e-06,0
692,0.0008757630712,4.653771612e-06,0
693,0.0008187391213,4.653771612e-06,0
694,0.002447176725,4.653771612e-06,0
695,0.000441534241,4.653771612e-06,0
696,0.0005250950926,4.653771612e-06,0
697,0.003300933633,4.653771612e-06,0
698,0.000370242662,4.653771612e-06,0
699,0.0005811338197,4.881697805e-06,0
700,0.00164339575,4.881697805e-06,0
701,0.001441859291,4.881697805e-06,0
702,0.001068681129,4.881697805e-06,0
703,0.0008240287425,4.881697805e-06,0
704,0.001122437534,4.881697805e-06,0
705,0.004175937269,4.881697805e-06,0
706,0.001031104825,4.881697805e-06,0
707,0.0004197181843,4.881697805e-06,0
708,0.0017845619,4.881697805e-06,0
709,0.0005564322928,4.881697805e-06,0
710,0.001058991998,4.881697805e-06,0
711,0.0003708079748,4.881697805e-06,0
712,0.0005337131443,4.881697805e-06,0
713,0.00107273506,4.881697805e-06,0
714,0.0002270890982,4.881697805e-06,0
715,0.0004205692676,4.881697805e-06,0
716,0.001055779867,4.881697805e-06,0
717,0.001120148692,4.881697805e-06,0
718,0.0002666671353,4.881697805e-06,0
719,0.001429958502,4.345969046e-06,0
720,0.001455157762,4.345969046e-06,0
721,0.0002756520698,4.345969046e-06,0
722,0.0002834864426,4.345969046e-06,0
723,0.003017927054,4.345969046e-06,0
724,0.001026183367,4.345969046e-06,0
725,0.0006057989667,4.345969046e-06,0
726,0.0008540285053,4.345969046e-06,0
727,0.001872696215,4.345969046e-06,0
728,0.00193127268,4.345969046e-06,0
729,0.001134377671,4.345969046e-06,0
730,0.002614773577,4.345969046e-06,0
731,0.000193002692,4.345969046e-06,0
732,0.001869178959,4.345969046e-06,0
733,0.001135498867,4.345969046e-06,0
734,0.0007362250471,4.345969046e-06,0
735,0.0004563205875,4.345969046e-06,0
736,0.0006401958526,4.345969046e-06,0
737,0.0008894994389,4.345969046e-06,0
738,0.0009209660348,4.345969046e-06,0
739,0.0009990179678,4.562873983e-06,0
740,0.001798056299,4.562873983e-06,0
741,0.003962174989,4.562873983e-06,0
742,0.001175138052,4.562873983e-06,0
743,0.0007713772939,4.562873983e-06,0
744,0.000367377681,4.562873983e-06,0
745,0.0004922378575,4.562873983e-06,0
746,0.0008899136446,4.562873983e-06,0
747,0.006537816487,4.562873983e-06,0
748,0.00233232067,4.562873983e-06,0
749,0.0001862534409,4.562873983e-06,0
750,0.00159218919,4.562873983e-06,0
751,0.002281153575,4.562873983e-06,0
752,0.0001684653107,4.562873983e-06,0
753,0.0006125832442,4.562873983e-06,0
754,0.0007637572708,4.562873983e-06,0
755,0.000320797204,4.562873983e-06,0
756,0.0003766987065,4.562873983e-06,0
757,0.000322729029,4.562873983e-06,0
758,0.0009472681559,4.562873983e-06,0
759,0.002271305071,5.052639608e-06,0
760,0.001664927113,5.052639608e-06,0
761,0.0007441875641,5.052639608e-06,0
762,0.0002619518491,5.052639608e-06,0
763,0.001096144668,5.052639608e-06,0
764,0.0008551063947,5.052639608e-06,0
765,0.0007671038038,5.052639608e-06,0
766,0.002314693993,5.052639608e-06,0
767,0.0005082837888,5.052639608e-06,0
768,0.0004298763815,5.052639608e-06,0
769,0.0003288199077,5.052639608e-06,0
770,0.0008165033651,5.052639608e-06,0
771,0.004007456824,5.052639608e-06,0
772,0.002450776054,5.052639608e-06,0
773,0.000516010623,5.052639608e-06,0
774,0.0004499135539,5.052639608e-06,0
775,0.0003148641263,5.052639608e-06,0
776,0.0004383751657,5.052639608e-06,0
777,0.0004248621699,5.052639608e-06,0
778,0.001188659808,5.052639608e-06,0
779,0.0007245369488,4.006480594e-06,0
780,0.0004361053288,4.006480594e-06,0
781,0.0004365354253,4.006480594e-06,0
782,0.00036873098,4.006480594e-06,0
783,0.001199272461,4.006480594e-06,0
784,0.001065715216,4.006480594e-06,0
785,0.0003167754039,4.006480594e-06,0
786,0.001028321683,4.006480594e-06,0
787,0.0003012391389,4.006480594e-06,0
788,0.001776419696,4.006480594e-06,0
789,0.001041443204,4.006480594e-06,0
790,0.0007419179892,4.006480594e-06,0
791,0.0002998470445,4.006480594e-06,0
792,0.001897887909,4.006480594e-06,0
793,0.000276793493,4.006480594e-06,0
794,0.0007927571423,4.006480594e-06,0
795,0.001787799294,4.006480594e-06,0
796,0.0002828704019,4.006480594e-06,0
797,0.003420840949,4.006480594e-06,0
798,0.001542354003,4.006480594e-06,0
799,0.001492407871,4.193434961e-06,0
800,0.0001442329085,4.193434961e-06,0
801,0.0005458108499,4.193434961e-06,0
802,0.001265898463,4.193434961e-06,0
803,0.006000293419,4.193434961e-06,0
804,0.0006812455249,4.193434961e-06,0
805,0.0006924737827,4.193434961e-06,0
806,0.0007969387225,4.193434961e-06,0
807,0.000357303099,4.193434961e-06,0
808,0.001601498341,4.193434961e-06,0
809,0.001400010078,4.193434961e-06,0
810,0.000444439851,4.193434961e-06,0
811,0.0002601471497,4.193434961e-06,0
812,0.0003879227443,4.193434961e-06,0
813,0.0006991464179,4.193434961e-06,0
814,0.009630818851,4.193434961e-06,1
815,0.0002883614507,4.193434961e-06,0
816,0.0003213505552,4.193434961e-06,0
817,0.001250097062,4.193434961e-06,0
818,0.0003122370108,4.193434961e-06,0
819,0.0004015637387,5.213257737e-06,0
820,0.0005462314002,5.213257737e-06,0
821,0.0004915433819,5.213257737e-06,0
822,0.001172696007,5.213257737e-06,0
823,0.001277033822,5.213257737e-06,0
824,0.002140321303,5.213257737e-06,0
825,0.000440989912,5.213257737e-06,0
826,0.0008774713497,5.213257737e-06,0
827,0.001020347117,5.213257737e-06,0
828,0.001941152732,5.213257737e-06,0
829,0.0005577030824,5.213257737e-06,0
830,0.001094329753,5.213257737e-06,0
831,0.0005710651167,5.213257737e-06,0
832,0.001074391301,5.213257737e-06,0
833,0.0004462622164,5.213257737e-06,0
834,0.0005290085683,5.213257737e-06,0
835,0.0005973067018,5.213257737e-06,0
836,0.0004672406358,5.213257737e-06,0
837,0.0006168417167,5.213257737e-06,0
838,0.001228230773,5.213257737e-06,0
839,0.0002523955191,4.749866548e-06,0
840,0.0002595195838,4.749866548e-06,0
841,0.0008061527624,4.749866548e-06,0
842,0.0007540648221,4.749866548e-06,0
843,0.002812322462,4.749866548e-06,0
844,0.0009396375972,4.749866548e-06,0
845,0.0004753258836,4.749866548e-06,0
846,0.0009220729698,4.749866548e-06,0
847,0.002034400124,4.749866548e-06,0
848,0.0003215168254,4.749866548e-06,0
849,0.004958689678,4.749866548e-06,0
850,0.0002851285681,4.749866548e-06,0
851,0.001462499495,4.749866548e-06,0
852,0.001727876836,4.749866548e-06,0
853,0.002646286739,4.749866548e-06,0
854,0.004038820975,4.749866548e-06,0
855,0.0006174456212,4.749866548e-06,0
856,0.00042993651,4.749866548e-06,0
857,0.0002708221436,4.749866548e-06,0
858,0.0001554104092,4.749866548e-06,0
859,0.001607306534,5.236948709e-06,0
860,0.0009229488787,5.236948709e-06,0
861,0.003125481075,5.236948709e-06,0
862,0.0115681123,5.236948709e-06,1
863,0.0005253468407,5.236948709e-06,0
864,0.0003319630632,5.236948709e-06,0
865,0.001084703021,5.236948709e-06,0
866,0.001676367014,5.236948709e-06,0
867,0.001149404678,5.236948709e-06,0
868,0.0009157079621,5.236948709e-06,0
869,0.0007755133556,5.236948709e-06,0
870,0.002441402292,5.236948709e-06,0
871,0.0017940338,5.236948709e-06,0
872,0.0005838730722,5.236948709e-06,0
873,0.0003214682511,5.236948709e-06,0
874,0.0009890452493,5.236948709e-06,0
875,0.0008200219017,5.236948709e-06,0
876,0.0006264141412,5.236948709e-06,0
877,0.001889080508,5.236948709e-06,0
878,0.001242156373,5.236948709e-06,0
879,0.002461549593,4.018387244e-06,0
880,0.001174784615,4.018387244e-06,0
881,0.0001451283606,4.018387244e-06,0
882,0.0005853612092,4.018387244e-06,0
883,0.001046223333,4.018387244e-06,0
884,0.0003082185285,4.018387244e-06,0
885,0.001010590582,4.018387244e-06,0
886,0.000424928352,4.018387244e-06,0
887,0.0006056438433,4.018387244e-06,0
888,0.0005132940714,4.018387244e-06,0
889,0.002758014016,4.018387244e-06,0
890,0.00024533752,4.018387244e-06,0
891,0.0008509797626,4.018387244e-06,0
892,0.0009523551562,4.018387244e-06,0
893,0.0008504480938,4.018387244e-06,0
894,0.003923050128,4.018387244e-06,0
895,0.004482974298,4.018387244e-06,0
896,0.001212934032,4.018387244e-06,0
897,0.005475114565,4.018387244e-06,0
898,0.0008124562446,4.018387244e-06,0
899,0.0006672901218,3.790751634e-06,0
900,0.003039855976,3.790751634e-06,0
901,0.00263119326,3.790751634e-06,0
902,0.001094699372,3.790751634e-06,0
903,0.0007424146752,3.790751634e-06,0
904,0.001908086473,3.790751634e-06,0
905,0.003689942416,3.790751634e-06,0
906,0.001739674946,3.790751634e-06,0
907,0.001711201039,3.790751634e-06,0
908,0.002416857751,3.790751634e-06,0
909,0.0003769514442,3.790751634e-06,0
910,0.001744681969,3.790751634e-06,0
911,0.0004231291241,3.790751634e-06,0
912,0.002193329157,3.790751634e-06,0
913,0.0008869015728,3.790751634e-06,0
914,0.0002045900765,3.790751634e-06,0
915,0.002180365147,3.790751634e-06,0
916,0.0007124077529,3.790751634e-06,0
917,0.001309299376,3.790751634e-06,0
918,0.0004799663147,3.790751634e-06,0
919,0.0005150483339,4.405808795e-06,0
920,0.0005124842282,4.405808795e-06,0
921,0.000776576926,4.405808795e-06,0
922,0.0002092244686,4.405808795e-06,0
923,0.00219444884,4.405808795e-06,0
924,0.0006626400282,4.405808795e-06,0
925,0.001671625185,4.405808795e-06,0
926,0.0004022315843,4.405808795e-06,0
927,0.0004049852432,4.405808795e-06,0
928,0.001348869177,4.405808795e-06,0
929,0.0005499068066,4.405808795e-06,0
930,0.002762209857,4.405808795e-06,0
931,0.000826311938,4.405808795e-06,0
932,0.000728844374,4.405808795e-06,0
933,0.002803538693,4.405808795e-06,0
934,0.000887373928,4.405808795e-06,0
935,0.001685720519,4.405808795e-06,0
936,0.0007577700308,4.405808795e-06,0
937,0.0004949662834,4.405808795e-06,0
938,0.0004402055347,4.405808795e-06,0
939,0.0007608481101,6.336447314e-06,0
940,0.0009478221764,6.336447314e-06,0
941,0.01008912083,6.336447314e-06,1
942,0.001362678595,6.336447314e-06,0
943,0.001137276646,6.336447314e-06,0
944,0.003089826787,6.336447314e-06,0
945,0.0009972585831,6.336447314e-06,0
946,0.0004723350576,6.336447314e-06,0
947,0.0003366931924,6.336447314e-06,0
948,0.0001737813727,6.336447314e-06,0
949,0.002291918965,6.336447314e-06,0
950,0.003090455197,6.336447314e-06,0
951,0.0001617378002,6.336447314e-06,0
952,0.001711503137,6.336447314e-06,0
953,0.001457649516,6.336447314e-06,0
954,0.0004479305935,6.336447314e-06,0
955,0.0002977798285,6.336447314e-06,0
956,0.001127776923,6.336447314e-06,0
957,0.0001060751238,6.336447314e-06,0
958,0.0004149235319,6.336447314e-06,0
959,0.0001743028115,7.826518413e-06,0
960,0.001846421394,7.826518413e-06,0
961,0.0003310804314,7.826518413e-06,0
962,0.0004976997734,7.826518413e-06,0
963,0.0005316564348,7.826518413e-06,0
964,0.001880413736,7.826518413e-06,0
965,0.0008515698719,7.826518413e-06,0
966,0.001081980765,7.826518413e-06,0
967,0.0005705794902,7.826518413e-06,0
968,0.002432201523,7.826518413e-06,0
969,0.0008261586772,7.826518413e-06,0
970,0.000376566255,7.826518413e-06,0
971,0.002611063886,7.826518413e-06,0
972,0.000563326641,7.826518413e-06,0
973,0.001022637472,7.826518413e-06,0
974,0.004763807636,7.826518413e-06,0
975,0.0008801989025,7.826518413e-06,0
976,0.0006361645646,7.826518413e-06,0
977,0.0008988706395,7.826518413e-06,0
978,0.0005645205383,7.826518413e-06,0
979,0.0003276203061,7.849941539e-06,0
980,0.0003062226751,7.849941539e-06,0
981,0.001342938514,7.849941539e-06,0
982,0.0014724785,7.849941539e-06,0
983,0.001409236109,7.849941539e-06,0
984,0.00138003414,7.849941539e-06,0
985,0.000369031477,7.849941539e-06,0
986,0.0029992091,7.849941539e-06,0
987,0.0002913469798,7.849941539e-06,0
988,0.0008755293093,7.849941539e-06,0
989,0.0009847471956,7.849941539e-06,0
990,0.0009368534666,7.849941539e-06,0
991,0.000241881542,7.849941539e-06,0
992,0.000478480215,7.849941539e-06,0
993,0.001544231549,7.849941539e-06,0
994,0.0009363898425,7.849941539e-06,0
995,0.00121616805,7.849941539e-06,0
996,0.001698922017,7.849941539e-06,0
997,0.0006314795464,7.849941539e-06,0
998,0.0003164307273,7.849941539e-06,0
999,0.0003443395253,7.286627806e-06,0
1000,0.001029909821,7.286627806e-06,0
1001,0.0006800278206,7.286627806e-06,0
1002,0.003804916982,7.286627806e-06,0
1003,0.002370686969,7.286627806e-06,0
1004,0.0004296478583,7.286627806e-06,0
1005,0.0009661015356,7.286627806e-06,0
1006,0.001494524768,7.286627806e-06,0
1007,0.00123150798,7.286627806e-06,0
1008,0.0001811325637,7.286627806e-06,0
1009,0.0004074997269,7.286627806e-06,0
1010,0.001627695863,7.286627806e-06,0
1011,0.001886338461,7.286627806e-06,0
1012,0.0001680331479,7.286627806e-06,0
1013,0.0008633020334,7.286627806e-06,0
1014,0.0006031250814,7.286627806e-06,0
1015,0.000168025188,7.286627806e-06,0
1016,0.002349526389,7.286627806e-06,0
1017,0.0002773860469,7.286627806e-06,0
1018,0.0002564754104,7.286627806e-06,0
1019,0.001281531411,7.367085345e-06,0
1020,0.0004708269262,7.367085345e-06,0
1021,0.001993117621,7.367085345e-06,0
1022,0.002737311646,7.367085345e-06,0
1023,0.001506428584,7.367085345e-06,0
1024,0.0008289043908,7.367085345e-06,0
1025,0.001620589639,7.367085345e-06,0
1026,0.000335261866,7.367085345e-06,0
1027,0.001034212299,7.367085345e-06,0
1028,0.0001980350789,7.367085345e-06,0
1029,0.005258906633,7.367085345e-06,0
1030,0.0003843389277,7.367085345e-06,0
1031,0.001131615834,7.367085345e-06,0
1032,0.001436898136,7.367085345e-06,0
1033,0.0005112890503,7.367085345e-06,0
1034,0.0001587698353,7.367085345e-06,0
1035,0.00052428036,7.367085345e-06,0
1036,0.0002612253302,7.367085345e-06,0
1037,0.001686553471,7.367085345e-06,0
1038,0.0002044650319,7.367085345e-06,0
1039,0.0001473151933,7.417583674e-06,0
1040,0.0006326898583,7.417583674e-06,0
1041,0.0007620105171,7.417583674e-06,0
1042,0.001704694936,7.417583674e-06,0
1043,0.0003123742354,7.417583674e-06,0
1044,0.0003117841261,7.417583674e-06,0
1045,0.0003530475951,7.417583674e-06,0
1046,0.0008865189739,7.417583674e-06,0
1047,0.0006686678971,7.417583674e-06,0
1048,0.0003932568943,7.417583674e-06,0
1049,0.0004888832918,7.417583674e-06,0
1050,0.0003441224981,7.417583674e-06,0
1051,0.0007097926573,7.417583674e-06,0
1052,0.00145889027,7.417583674e-06,0
1053,0.00609510811,7.417583674e-06,0
1054,0.007957340218,7.417583674e-06,1
1055,0.006623606198,7.417583674e-06,0
1056,0.001119186985,7.417583674e-06,0
1057,0.0005086899619,7.417583674e-06,0
1058,0.0009565680521,7.417583674e-06,0
1059,0.0004046710383,6.189102351e-06,0
1060,0.0009495257982,6.189102351e-06,0
1061,0.001417267369,6.189102351e-06,0
1062,0.001306638937,6.189102351e-06,0
1063,0.001754312892,6.189102351e-06,0
1064,0.0007487323019,6.189102351e-06,0
1065,0.0004555734631,6.189102351e-06,0
1066,0.001383874682,6.189102351e-06,0
1067,0.000191003448,6.189102351e-06,0
1068,0.001315072528,6.189102351e-06,0
1069,0.0008306981181,6.189102351e-06,0
1070,0.0003231533337,6.189102351e-06,0
1071,0.00182242156,6.189102351e-06,0
1072,0.0002726457897,6.189102351e-06,0
1073,0.002206559759,6.189102351e-06,0
1074,0.0003361401905,6.189102351e-06,0
1075,0.0008869710146,6.189102351e-06,0
1076,0.0001392290869,6.189102351e-06,0
1077,0.0007421896444,6.189102351e-06,0
1078,0.0005178644788,6.189102351e-06,0
1079,0.0005279695033,6.640201264e-06,0
1080,0.001396260108,6.640201264e-06,0
1081,0.0004787570215,6.640201264e-06,0
1082,0.0003552843118,6.640201264e-06,0
1083,0.001519506914,6.640201264e-06,0
1084,0.002845455892,6.640201264e-06,0
1085,0.001018905896,6.640201264e-06,0
1086,0.001031066757,6.640201264e-06,0
1087,0.003125524381,6.640201264e-06,0
1088,8.758714102e-05,6.640201264e-06,0
1089,0.0009194381419,6.640201264e-06,0
1090,0.001336889458,6.640201264e-06,0
1091,0.001006132807,6.640201264e-06,0
1092,0.0004432696151,6.640201264e-06,0
1093,0.001087580225,6.640201264e-06,0
1094,0.0004301120061,6.640201264e-06,0
1095,0.000164517769,6.640201264e-06,0
1096,0.00284267799,6.640201264e-06,0
1097,0.0006401516148,6.640201264e-06,0
1098,0.0001684505114,6.640201264e-06,0
1099,0.0001890000422,6.583043159e-06,0
1100,0.02169708721,6.583043159e-06,1
1101,0.001700311317,6.583043159e-06,0
1102,0.001277208445,6.583043159e-06,0
1103,0.0008849502192,6.583043159e-06,0
1104,0.0003555774456,6.583043159e-06,0
1105,0.0002301469358,6.583043159e-06,0
1106,0.0006815012312,6.583043159e-06,0
1107,0.0009950343519,6.583043159e-06,0
1108,0.0004757889546,6.583043159e-06,0
1109,0.0005767485127,6.583043159e-06,0
1110,0.0003600361524,6.583043159e-06,0
1111,0.001132775564,6.583043159e-06,0
1112,0.004482005723,6.583043159e-06,0
1113,0.01089625619,6.583043159e-06,1
1114,0.004028050229,6.583043159e-06,0
1115,0.0002546465839,6.583043159e-06,0
1116,0.0009427519399,6.583043159e-06,0
1117,0.0003259891237,6.583043159e-06,0
1118,0.0008458320517,6.583043159e-06,0
1119,0.0003200003994,7.40809628e-06,0
1120,0.001272905967,7.40809628e-06,0
1121,0.005633325316,7.40809628e-06,0
1122,0.0007646816666,7.40809628e-06,0
1123,0.0003776407684,7.40809628e-06,0
1124,0.002812605584,7.40809628e-06,0
1125,0.001331454958,7.40809628e-06,0
1126,0.007206880953,7.40809628e-06,0
1127,0.001444847207,7.40809628e-06,0
1128,0.001122543705,7.40809628e-06,0
1129,0.001975185005,7.40809628e-06,0
1130,0.0002981075959,7.40809628e-06,0
1131,0.0008851342136,7.40809628e-06,0
1132,0.0001275383256,7.40809628e-06,0
1133,0.0003169507545,7.40809628e-06,0
1134,0.0003860500874,7.40809628e-06,0
1135,0.0003055874258,7.40809628e-06,0
1136,0.0009080126765,7.40809628e-06,0
1137,0.006119251717,7.40809628e-06,0
1138,0.002436631825,7.40809628e-06,0
1139,0.0007115034387,7.246503174e-06,0
1140,0.0002911173797,7.246503174e-06,0
1141,0.006023737136,7.246503174e-06,0
1142,0.001750914846,7.246503174e-06,0
1143,0.001147617935,7.246503174e-06,0
1144,0.0005950746709,7.246503174e-06,0
1145,0.00227176561,7.246503174e-06,0
1146,0.00171490747,7.246503174e-06,0
1147,0.005739565473,7.246503174e-06,0
1148,0.002452326706,7.246503174e-06,0
1149,0.0005302373902,7.246503174e-06,0
1150,0.0008959634579,7.246503174e-06,0
1151,0.000383893901,7.246503174e-06,0
1152,0.0005704351934,7.246503174e-06,0
1153,0.0004622330889,7.246503174e-06,0
1154,0.0002122236765,7.246503174e-06,0
1155,0.001596147311,7.246503174e-06,0
1156,0.004150076769,7.246503174e-06,0
1157,0.001420363551,7.246503174e-06,0
1158,0.00143675867,7.246503174e-06,0
1159,0.003882536199,5.598748885e-06,0
1160,0.001103832969,5.598748885e-06,0
1161,0.005072013475,5.598748885e-06,0
1162,0.0006997993332,5.598748885e-06,0
1163,0.003988616168,5.598748885e-06,0
1164,0.0007279585116,5.598748885e-06,0
1165,0.004508299287,5.598748885e-06,0
1166,0.01104384847,5.598748885e-06,1
1167,0.0009174769511,5.598748885e-06,0
1168,0.0006922467146,5.598748885e-06,0
1169,0.004495386966,5.598748885e-06,0
1170,0.003526760964,5.598748885e-06,0
1171,0.01064137928,5.598748885e-06,1
1172,0.0002525415912,5.598748885e-06,0
1173,0.0004524209071,5.598748885e-06,0
1174,0.001640099334,5.598748885e-06,0
1175,0.0001013254296,5.598748885e-06,0
1176,0.0002787884732,5.598748885e-06,0
1177,0.001255302341,5.598748885e-06,0
1178,0.001364978147,5.598748885e-06,0
1179,0.0001343027398,4.13483167e-06,0
1180,0.0001626809244,4.13483167e-06,0
1181,0.0004082473461,4.13483167e-06,0
1182,0.001933940453,4.13483167e-06,0
1183,0.001040505827,4.13483167e-06,0
1184,0.002077585552,4.13483167e-06,0
1185,0.0004012224381,4.13483167e-06,0
1186,0.0002567036136,4.13483167e-06,0
1187,0.0006235309993,4.13483167e-06,0
1188,0.0001159993626,4.13483167e-06,0
1189,0.001085499767,4.13483167e-06,0
1190,0.0005426284042,4.13483167e-06,0
1191,0.0004709077766,4.13483167e-06,0
1192,0.005129067227,4.13483167e-06,0
1193,0.0009248983697,4.13483167e-06,0
1194,0.002450152533,4.13483167e-06,0
1195,0.0007291532238,4.13483167e-06,0
1196,0.0009259317885,4.13483167e-06,0
1197,0.001650807331,4.13483167e-06,0
1198,0.001647056313,4.13483167e-06,0
1199,0.0001912535081,4.292078756e-06,0
1200,0.0003478974104,4.292078756e-06,0
1201,0.0006660894724,4.292078756e-06,0
1202,0.001617550151,4.292078756e-06,0
1203,0.0006256827037,4.292078756e-06,0
1204,0.0002683449711,4.292078756e-06,0
1205,0.002002833877,4.292078756e-06,0
1206,0.0007416459266,4.292078756e-06,0
1207,0.002183196368,4.292078756e-06,0
1208,0.001535769436,4.292078756e-06,0
1209,0.006197756622,4.292078756e-06,0
1210,0.001294349902,4.292078756e-06,0
1211,0.0004032135766,4.292078756e-06,0
1212,0.0008945413865,4.292078756e-06,0
1213,0.001149436575,4.292078756e-06,0
1214,0.0003993728606,4.292078756e-06,0
1215,0.0002345296816,4.292078756e-06,0
1216,0.0006746458821,4.292078756e-06,0
1217,0.001049816026,4.292078756e-06,0
1218,0.003516668454,4.292078756e-06,0
1219,0.0001992325851,5.026549843e-06,0
1220,0.0002000640234,5.026549843e-06,0
1221,0.0009906206978,5.026549843e-06,0
1222,0.000973234477,5.026549843e-06,0
1223,0.00161344849,5.026549843e-06,0
1224,0.004592784215,5.026549843e-06,0
1225,0.0005871464382,5.026549843e-06,0
1226,0.0005716112209,5.026549843e-06,0
1227,0.001617286471,5.026549843e-06,0
1228,0.001679695793,5.026549843e-06,0
1229,0.0003386322933,5.026549843e-06,0
1230,0.0001583076082,5.026549843e-06,0
1231,0.01565910876,5.026549843e-06,1
1232,0.0007821648614,5.026549843e-06,0
1233,0.0001928685815,5.026549843e-06,0
1234,0.0002776161418,5.026549843e-06,0
1235,0.001568989945,5.026549843e-06,0
1236,0.000275227736,5.026549843e-06,0
1237,0.001280145952,5.026549843e-06,0
1238,0.006021175999,5.026549843e-06,0
1239,0.0006740680546,7.049766282e-06,0
1240,0.001491803676,7.049766282e-06,0
1241,0.0005486938171,7.049766282e-06,0
1242,0.0006233280292,7.049766282e-06,0
1243,0.001866031089,7.049766282e-06,0
1244,0.0001464861707,7.049766282e-06,0
1245,0.0005250108079,7.049766282e-06,0
1246,0.0007034977316,7.049766282e-06,0
1247,0.0004051708383,7.049766282e-06,0
1248,0.0006656360347,7.049766282e-06,0
1249,0.0007775650593,7.049766282e-06,0
1250,0.0003527102526,7.049766282e-06,0
1251,0.002542612376,7.049766282e-06,0
1252,0.0005682372139,7.049766282e-06,0
1253,0.0003474057885,7.049766282e-06,0
1254,0.001049591228,7.049766282e-06,0
1255,0.001575626433,7.049766282e-06,0
1256,0.001273385598,7.049766282e-06,0
1257,0.0003013386449,7.049766282e-06,0
1258,0.0008009827579,7.049766282e-06,0
1259,0.004091434181,6.79507275e-06,0
1260,0.0003784615255,6.79507275e-06,0
1261,0.0003269368317,6.79507275e-06,0
1262,0.000522993505,6.79507275e-06,0
1263,0.006961790845,6.79507275e-06,0
1264,0.0007918665069,6.79507275e-06,0
1265,0.0005876207142,6.79507275e-06,0
1266,0.002242536284,6.79507275e-06,0
1267,0.001242086175,6.79507275e-06,0
1268,0.0007726582699,6.79507275e-06,0
1269,0.0008675749414,6.79507275e-06,0
1270,0.001248820452,6.79507275e-06,0
1271,0.0007517452468,6.79507275e-06,0
1272,0.000177294889,6.79507275e-06,0
1273,0.0004720732977,6.79507275e-06,0
1274,0.001899426687,6.79507275e-06,0
1275,0.002902526641,6.79507275e-06,0
1276,0.000389707915,6.79507275e-06,0
1277,0.006869529374,6.79507275e-06,0
1278,0.0005202390603,6.79507275e-06,0
1279,0.0004263625888,7.260917755e-06,0
1280,0.0004685505701,7.260917755e-06,0
1281,0.0003431733639,7.260917755e-06,0
1282,0.0008410358569,7.260917755e-06,0
1283,0.001979662338,7.260917755e-06,0
1284,0.000897272781,7.260917755e-06,0
1285,0.001036410686,7.260917755e-06,0
1286,0.008268891834,7.260917755e-06,1
1287,0.001129947952,7.260917755e-06,0
1288,0.00131152675,7.260917755e-06,0
1289,0.0002743889054,7.260917755e-06,0
1290,0.003757867031,7.260917755e-06,0
1291,0.0004565607524,7.260917755e-06,0
1292,0.00159524288,7.260917755e-06,0
1293,0.000841187255,7.260917755e-06,0
1294,0.0008802904049,7.260917755e-06,0
1295,0.004393658601,7.260917755e-06,0
1296,0.001567875152,7.260917755e-06,0
1297,0.0009378582472,7.260917755e-06,0
1298,0.0003405996831,7.260917755e-06,0
1299,0.0002131266665,7.150835245e-06,0
1300,0.0007099109935,7.150835245e-06,0
1301,0.001061350689,7.150835245e-06,0
1302,0.0004982994287,7.150835245e-06,0
1303,0.0009377704118,7.150835245e-06,0
1304,0.0006575498264,7.150835245e-06,0
1305,0.0002246900985,7.150835245e-06,0
1306,0.005424995907,7.150835245e-06,0
1307,0.001688469667,7.150835245e-06,0
1308,0.0004323278845,7.150835245e-06,0
1309,0.0002842558897,7.150835245e-06,0
1310,0.0002069465118,7.150835245e-06,0
1311,0.0009463686729,7.150835245e-06,0
1312,0.0003608078405,7.150835245e-06,0
1313,0.0007128422731,7.150835245e-06,0
1314,0.0005456138751,7.150835245e-06,0
1315,0.002562779235,7.150835245e-06,0
1316,0.0006913528196,7.150835245e-06,0
1317,0.002873213962,7.150835245e-06,0
1318,0.0002178634459,7.150835245e-06,0
1319,0.04093356803,7.096798981e-06,1
1320,0.0007584014675,7.096798981e-06,0
1321,0.00847295858,7.096798981e-06,1
1322,0.0003999396286,7.096798981e-06,0
1323,0.0004624042485,7.096798981e-06,0
1324,0.003034126246,7.096798981e-06,0
1325,0.001991412137,7.096798981e-06,0
1326,0.002533096587,7.096798981e-06,0
1327,0.0009366543381,7.096798981e-06,0
1328,0.0006575210136,7.096798981e-06,0
1329,0.00102129695,7.096798981e-06,0
1330,0.0005509625189,7.096798981e-06,0
1331,0.002939700149,7.096798981e-06,0
1332,0.0001980365632,7.096798981e-06,0
1333,0.0004481663345,7.096798981e-06,0
1334,0.001581019722,7.096798981e-06,0
1335,0.0002672429837,7.096798981e-06,0
1336,0.002417748561,7.096798981e-06,0
1337,0.0006992252311,7.096798981e-06,0
1338,0.0004662747378,7.096798981e-06,0
1339,0.001054533292,8.057731065e-06,0
1340,0.0007611123146,8.057731065e-06,0
1341,0.0004089670256,8.057731065e-06,0
1342,0.0002881830733,8.057731065e-06,0
1343,0.0002780927171,8.057731065e-06,0
1344,0.003071186598,8.057731065e-06,0
1345,0.0001334277767,8.057731065e-06,0
1346,0.0002334903693,8.057731065e-06,0
1347,0.0005295322626,8.057731065e-06,0
1348,0.0007045525126,8.057731065e-06,0
1349,0.001555021387,8.057731065e-06,0
1350,0.0007349069347,8.057731065e-06,0
1351,0.002706123982,8.057731065e-06,0
1352,0.001837045769,8.057731065e-06,0
1353,0.0005452039186,8.057731065e-06,0
1354,0.001998156309,8.057731065e-06,0
1355,0.0002383714454,8.057731065e-06,0
1356,0.002912683645,8.057731065e-06,0
1357,0.003814336611,8.057731065e-06,0
1358,0.0002618103463,8.057731065e-06,0
1359,0.000969777233,8.438209079e-06,0
1360,0.0002283432113,8.438209079e-06,0
1361,0.002857165644,8.438209079e-06,0
1362,0.0004271384387,8.438209079e-06,0
1363,0.0002868984593,8.438209079e-06,0
1364,0.0008465155261,8.438209079e-06,0
1365,0.002091601957,8.438209079e-06,0
1366,0.001164874411,8.438209079e-06,0
1367,0.0007659553667,8.438209079e-06,0
1368,0.002145246137,8.438209079e-06,0
1369,0.0005984682357,8.438209079e-06,0
1370,0.002342168242,8.438209079e-06,0
1371,0.0005974681117,8.438209079e-06,0
1372,0.000234166364,8.438209079e-06,0
1373,0.002110066824,8.438209079e-06,0
1374,0.0008454867057,8.438209079e-06,0
1375,0.000873091456,8.438209079e-06,0
1376,0.0009413823718,8.438209079e-06,0
1377,0.007153224666,8.438209079e-06,0
1378,0.003900725394,8.438209079e-06,0
1379,0.0004161710094,7.44098088e-06,0
1380,0.001388212433,7.44098088e-06,0
1381,0.001959177898,7.44098088e-06,0
1382,0.0003363899013,7.44098088e-06,0
1383,0.0002903113491,7.44098088e-06,0
1384,0.005074926652,7.44098088e-06,0
1385,0.0004100473598,7.44098088e-06,0
1386,0.0005294524599,7.44098088e-06,0
1387,0.0005969422054,7.44098088e-06,0
1388,0.0005142154405,7.44098088e-06,0
1389,0.0002891358454,7.44098088e-06,0
1390,0.0002884978894,7.44098088e-06,0
1391,0.0003529910464,7.44098088e-06,0
1392,0.00357944984,7.44098088e-06,0
1393,0.001262737554,7.44098088e-06,0
1394,0.0003560418263,7.44098088e-06,0
1395,0.0006380363484,7.44098088e-06,0
1396,0.00230276119,7.44098088e-06,0
1397,0.0007083831588,7.44098088e-06,0
1398,0.0008608900243,7.44098088e-06,0
1399,0.02055920102,7.923697012e-06,1
1400,0.0002279687906,7.923697012e-06,0
1401,0.000674947747,7.923697012e-06,0
1402,0.001755859586,7.923697012e-06,0
1403,0.0003870078071,7.923697012e-06,0
1404,0.001548095373,7.923697012e-06,0
1405,0.003375295317,7.923697012e-06,0
1406,0.001103131101,7.923697012e-06,0
1407,0.0006571892882,7.923697012e-06,0
1408,0.01497085858,7.923697012e-06,1
1409,0.0003428555792,7.923697012e-06,0
1410,0.0005150931538,7.923697012e-06,0
1411,0.001061185845,7.923697012e-06,0
1412,0.0003929681261,7.923697012e-06,0
1413,0.001437808387,7.923697012e-06,0
1414,0.002196853748,7.923697012e-06,0
1415,0.0002331194992,7.923697012e-06,0
1416,0.000536435924,7.923697012e-06,0
1417,0.003405547002,7.923697012e-06,0
1418,0.0009174972074,7.923697012e-06,0
1419,0.001881753327,8.672242075e-06,0
1420,0.0007044830709,8.672242075e-06,0
1421,0.0003620164352,8.672242075e-06,0
1422,0.0006751742912,8.672242075e-06,0
1423,0.0005322642392,8.672242075e-06,0
1424,0.001772629097,8.672242075e-06,0
1425,0.0004161816323,8.672242075e-06,0
1426,0.0006936115096,8.672242075e-06,0
1427,0.0004028770491,8.672242075e-06,0
1428,0.0005559364799,8.672242075e-06,0
1429,0.005899573676,8.672242075e-06,0
1430,0.0004463868972,8.672242075e-06,0
1431,0.00100832351,8.672242075e-06,0
1432,0.001271890476,8.672242075e-06,0
1433,0.00098333403,8.672242075e-06,0
1434,0.0002618594153,8.672242075e-06,0
1435,0.03072546609,8.672242075e-06,1
1436,0.0009094088455,8.672242075e-06,0
1437,0.008425988257,8.672242075e-06,1
1438,0.0001586304425,8.672242075e-06,0
1439,0.0004173583875,7.947634003e-06,0
1440,0.0001840763871,7.947634003e-06,0
1441,0.0007033724105,7.947634003e-06,0
1442,0.001147722011,7.947634003e-06,0
1443,0.001736754435,7.947634003e-06,0
1444,0.003338818206,7.947634003e-06,0
1445,0.0004958120408,7.947634003e-06,0
1446,0.001868611667,7.947634003e-06,0
1447,0.0005011344911,7.947634003e-06,0
1448,0.003659284441,7.947634003e-06,0
1449,0.001164754853,7.947634003e-06,0
1450,0.002106602537,7.947634003e-06,0
1451,0.000300159445,7.947634003e-06,0
1452,0.0003376030363,7.947634003e-06,0
1453,0.0006589513505,7.947634003e-06,0
1454,0.001080527785,7.947634003e-06,0
1455,0.003560847603,7.947634003e-06,0
1456,0.000243234681,7.947634003e-06,0
1457,0.0003308809246,7.947634003e-06,0
1458,0.0005842670798,7.947634003e-06,0
1459,0.00136589969,7.928340892e-06,0
1460,0.000328014401,7.928340892e-06,0
1461,0.001784376334,7.928340892e-06,0
1462,0.0003197638725,7.928340892e-06,0
1463,0.0004364771012,7.928340892e-06,0
1464,0.0003282311081,7.928340892e-06,0
1465,0.002195292152,7.928340892e-06,0
1466,0.01067387965,7.928340892e-06,1
1467,0.001012970344,7.928340892e-06,0
1468,0.001432746067,7.928340892e-06,0
1469,0.002415301045,7.928340892e-06,0
1470,0.001937734196,7.928340892e-06,0
1471,0.001684750547,7.928340892e-06,0
1472,0.0004785830097,7.928340892e-06,0
1473,0.0004659915867,7.928340892e-06,0
1474,0.001344286487,7.928340892e-06,0
1475,0.0005951436469,7.928340892e-06,0
1476,0.001169068972,7.928340892e-06,0
1477,0.0005602969322,7.928340892e-06,0
1478,0.001593102701,7.928340892e-06,0
1479,0.0006050901138,7.702768926e-06,0
1480,0.0008765428793,7.702768926e-06,0
1481,0.001050897641,7.702768926e-06,0
1482,0.002526744269,7.702768926e-06,0
1483,0.0001898752671,7.702768926e-06,0
1484,0.0005937810056,7.702768926e-06,0
1485,0.00187918311,7.702768926e-06,0
1486,0.0005250353133,7.702768926e-06,0
1487,0.003100238973,7.702768926e-06,0
1488,0.001093498431,7.702768926e-06,0
1489,0.001068509882,7.702768926e-06,0
1490,0.004428681452,7.702768926e-06,0
1491,0.0003817604447,7.702768926e-06,0
1492,0.001091036946,7.702768926e-06,0
1493,0.0006235215697,7.702768926e-06,0
1494,0.0005490980111,7.702768926e-06,0
1495,0.0004086732806,7.702768926e-06,0
1496,0.0005872479524,7.702768926e-06,0
1497,0.0007864514482,7.702768926e-06,0
1498,0.0008006649441,7.702768926e-06,0
1499,0.0008531375788,7.634298527e-06,0
1500,0.0008943646681,7.634298527e-06,0
1501,0.001044249744,7.634298527e-06,0
1502,0.01711244136,7.634298527e-06,1
1503,0.001880018506,7.634298527e-06,0
1504,0.0006111260736,7.634298527e-06,0
1505,0.0006633581943,7.634298527e-06,0
1506,0.001913003856,7.634298527e-06,0
1507,0.001871444634,7.634298527e-06,0
1508,0.004589630757,7.634298527e-06,0
1509,0.001716384082,7.634298527e-06,0
1510,0.0003622418735,7.634298527e-06,0
1511,0.001793572214,7.634298527e-06,0
1512,0.0007593745249,7.634298527e-06,0
1513,0.0009921215242,7.634298527e-06,0
1514,0.0002196414134,7.634298527e-06,0
1515,0.001903311582,7.634298527e-06,0
1516,0.000887891918,7.634298527e-06,0
1517,0.0003305201244,7.634298527e-06,0
1518,0.001095121144,7.634298527e-06,0
1519,0.0004491770524,7.668009857e-06,0
1520,0.0005186875933,7.668009857e-06,0
1521,0.0005399559159,7.668009857e-06,0
1522,0.0002788564016,7.668009857e-06,0
1523,0.002430018038,7.668009857e-06,0
1524,0.0008299560286,7.668009857e-06,0
1525,0.0003853739181,7.668009857e-06,0
1526,0.000957844255,7.668009857e-06,0
1527,0.0001955181942,7.668009857e-06,0
1528,0.0003828563204,7.668009857e-06,0
1529,0.0003884218168,7.668009857e-06,0
1530,0.002058387501,7.668009857e-06,0
1531,0.001044797595,7.668009857e-06,0
1532,0.0002946519817,7.668009857e-06,0
1533,0.0006348930765,7.668009857e-06,0
1534,0.001822573598,7.668009857e-06,0
1535,0.006092735566,7.668009857e-06,0
1536,0.002932818374,7.668009857e-06,0
1537,0.0009238814237,7.668009857e-06,0
1538,0.0008980999119,7.668009857e-06,0
1539,0.001784253516,7.700290553e-06,0
1540,0.0002916581579,7.700290553e-06,0
1541,0.0003451578959,7.700290553e-06,0
1542,0.001022331882,7.700290553e-06,0
1543,0.0003929523227,7.700290553e-06,0
1544,0.0003530960239,7.700290553e-06,0
1545,0.01123321708,7.700290553e-06,1
1546,0.0007930175052,7.700290553e-06,0
1547,0.0003025976184,7.700290553e-06,0
1548,0.000728863175,7.700290553e-06,0
1549,0.0003957990266,7.700290553e-06,0
1550,0.001272094785,7.700290553e-06,0
1551,0.0004382122715,7.700290553e-06,0
1552,0.0004784396733,7.700290553e-06,0
1553,0.001121610869,7.700290553e-06,0
1554,0.0004607817682,7.700290553e-06,0
1555,0.002435813891,7.700290553e-06,0
1556,0.0003738641099,7.700290553e-06,0
1557,0.002506663324,7.700290553e-06,0
1558,0.001283350168,7.700290553e-06,0
1559,0.001416195417,6.930355084e-06,0
1560,0.0004366310604,6.930355084e-06,0
1561,0.0009485287592,6.930355084e-06,0
1562,0.0002874131314,6.930355084e-06,0
1563,0.002299512969,6.930355084e-06,0
1564,0.0007621160476,6.930355084e-06,0
1565,0.0007470011478,6.930355084e-06,0
1566,0.001285362989,6.930355084e-06,0
1567,0.0006168248365,6.930355084e-06,0
1568,0.0005106537137,6.930355084e-06,0
1569,0.0001345640339,6.930355084e-06,0
1570,0.01229583286,6.930355084e-06,1
1571,0.0003855853574,6.930355084e-06,0
1572,0.002907827962,6.930355084e-06,0
1573,0.0003099252062,6.930355084e-06,0
1574,0.002969389549,6.930355084e-06,0
1575,0.0007693615044,6.930355084e-06,0
1576,0.0002599514846,6.930355084e-06,0
1577,0.002799653681,6.930355084e-06,0
1578,0.0006702413084,6.930355084e-06,0
1579,0.0008369295392,6.872984159e-06,0
1580,0.00141860242,6.872984159e-06,0
1581,0.002607047092,6.872984159e-06,0
1582,0.0008107849862,6.872984159e-06,0
1583,0.002143725986,6.872984159e-06,0
1584,0.002137836535,6.872984159e-06,0
1585,0.001415472943,6.872984159e-06,0
1586,0.0002411166643,6.872984159e-06,0
1587,0.0001288796193,6.872984159e-06,0
1588,0.001403781818,6.872984159e-06,0
1589,0.0002476060763,6.872984159e-06,0
1590,0.00304957456,6.872984159e-06,0
1591,0.0006407981855,6.872984159e-06,0
1592,0.001208098489,6.872984159e-06,0
1593,0.002485795878,6.872984159e-06,0
1594,0.0005572930095,6.872984159e-06,0
1595,0.006153255701,6.872984159e-06,0
1596,0.001620017574,6.872984159e-06,0
1597,0.0002686465741,6.872984159e-06,0
1598,0.0009355587536,6.872984159e-06,0
1599,0.0002720665361,7.690355233e-06,0
1600,0.008806867525,7.690355233e-06,1
1601,0.003193438053,7.690355233e-06,0
1602,0.01092188526,7.690355233e-06,1
1603,0.002689357847,7.690355233e-06,0
1604,0.0005767702241,7.690355233e-06,0
1605,0.0004838237946,7.690355233e-06,0
1606,0.0003255448246,7.690355233e-06,0
1607,0.00706124818,7.690355233e-06,0
1608,0.0007362368051,7.690355233e-06,0
1609,0.001116947038,7.690355233e-06,0
1610,0.0002651331888,7.690355233e-06,0
1611,0.00142548338,7.690355233e-06,0
1612,0.000657422177,7.690355233e-06,0
1613,0.0004210768093,7.690355233e-06,0
1614,0.0006065177149,7.690355233e-06,0
1615,0.0001682410075,7.690355233e-06,0
1616,0.0005266799126,7.690355233e-06,0
1617,0.0005543242441,7.690355233e-06,0
1618,0.0005727862008,7.690355233e-06,0
1619,0.001032250701,8.315089872e-06,0
1620,0.005371849053,8.315089872e-06,0
1621,0.001875117188,8.315089872e-06,0
1622,0.00452744402,8.315089872e-06,0
1623,0.0003566117084,8.315089872e-06,0
1624,0.0005010528839,8.315089872e-06,0
1625,0.0004956954508,8.315089872e-06,0
1626,0.0001313148969,8.315089872e-06,0
1627,0.0003754913923,8.315089872e-06,0
1628,0.001814698335,8.315089872e-06,0
1629,0.001784734661,8.315089872e-06,0
1630,0.003337256378,8.315089872e-06,0
1631,0.0009206091054,8.315089872e-06,0
1632,0.0002871742763,8.315089872e-06,0
1633,0.003994583152,8.315089872e-06,0
1634,0.00111785729,8.315089872e-06,0
1635,0.0009809056064,8.315089872e-06,0
1636,0.0003537062148,8.315089872e-06,0
1637,0.0001496241457,8.315089872e-06,0
1638,0.001410340075,8.315089872e-06,0
1639,0.000413502421,8.681357031e-06,0
1640,0.002514362801,8.681357031e-06,0
1641,0.001731570461,8.681357031e-06,0
1642,0.003515820717,8.681357031e-06,0
1643,0.0005484072026,8.681357031e-06,0
1644,0.0004278355336,8.681357031e-06,0
1645,0.001024643541,8.681357031e-06,0
1646,0.001529796747,8.681357031e-06,0
1647,0.001887737191,8.681357031e-06,0
1648,0.0002808684949,8.681357031e-06,0
1649,0.003598270938,8.681357031e-06,0
1650,0.0002845329873,8.681357031e-06,0
1651,0.0007476893952,8.681357031e-06,0
1652,0.0003996427404,8.681357031e-06,0
1653,0.001358717331,8.681357031e-06,0
1654,0.001133888611,8.681357031e-06,0
1655,0.003734565806,8.681357031e-06,0
1656,0.003399094567,8.681357031e-06,0
1657,0.0009589615511,8.681357031e-06,0
1658,0.0002368862042,8.681357031e-06,0
1659,0.001597464667,8.568885278e-06,0
1660,0.0005403529503,8.568885278e-06,0
1661,0.0005997715052,8.568885278e-06,0
1662,0.0004904571688,8.568885278e-06,0
1663,0.0006318232627,8.568885278e-06,0
1664,0.000390740548,8.568885278e-06,0
1665,0.0008713487186,8.568885278e-06,0
1666,0.000665323867,8.568885278e-06,0
1667,0.0002409876179,8.568885278e-06,0
1668,0.0006953362608,8.568885278e-06,0
1669,0.001462219399,8.568885278e-06,0
1670,0.0007662409334,8.568885278e-06,0
1671,0.0003764826397,8.568885278e-06,0
1672,0.0005539644044,8.568885278e-06,0
1673,0.001152944867,8.568885278e-06,0
1674,0.0004924646346,8.568885278e-06,0
1675,0.0008731140406,8.568885278e-06,0
1676,0.0003311696928,8.568885278e-06,0
1677,0.0003560834739,8.568885278e-06,0
1678,0.000126235871,8.568885278e-06,0
1679,0.0002070492192,8.693701602e-06,0
1680,0.001512678107,8.693701602e-06,0
1681,0.0004128556175,8.693701602e-06,0
1682,0.001559611876,8.693701602e-06,0
1683,0.0003015080874,8.693701602e-06,0
1684,0.00134138565,8.693701602e-06,0
1685,0.0007245143643,8.693701602e-06,0
1686,0.005399775691,8.693701602e-06,0
1687,0.005937938113,8.693701602e-06,0
1688,9.772095655e-05,8.693701602e-06,0
1689,0.001357907662,8.693701602e-06,0
1690,0.001242475351,8.693701602e-06,0
1691,0.001166435773,8.693701602e-06,0
1692,0.001375849592,8.693701602e-06,0
1693,0.001056879992,8.693701602e-06,0
1694,0.00133416336,8.693701602e-06,0
1695,0.0004041744687,8.693701602e-06,0
1696,0.0002788979327,8.693701602e-06,0
1697,0.0005672360421,8.693701602e-06,0
1698,0.0003121613991,8.693701602e-06,0
1699,0.000712363515,8.52816629e-06,0
1700,0.0007702929433,8.52816629e-06,0
1701,0.001590781845,8.52816629e-06,0
1702,0.0009721638635,8.52816629e-06,0
1703,0.0002254438004,8.52816629e-06,0
1704,0.0006722983671,8.52816629e-06,0
1705,0.0003047139035,8.52816629e-06,0
1706,0.0007501499495,8.52816629e-06,0
1707,0.0007330358494,8.52816629e-06,0
1708,0.001748022856,8.52816629e-06,0
1709,0.00223510107,8.52816629e-06,0
1710,0.0007369954255,8.52816629e-06,0
1711,0.0004596377839,8.52816629e-06,0
1712,0.001497086603,8.52816629e-06,0
1713,0.001783420681,8.52816629e-06,0
1714,0.0005288448301,8.52816629e-06,0
1715,0.0005150124198,8.52816629e-06,0
1716,0.001028645434,8.52816629e-06,0
1717,0.002119536512,8.52816629e-06,0
1718,0.00180233526,8.52816629e-06,0
1719,0.0006521852338,9.060734556e-06,0
1720,0.001313433284,9.060734556e-06,0
1721,0.0003463535395,9.060734556e-06,0
1722,0.0007682481082,9.060734556e-06,0
1723,0.001440846245,9.060734556e-06,0
1724,0.0008525407757,9.060734556e-06,0
1725,0.0002224192867,9.060734556e-06,0
1726,0.003072623396,9.060734556e-06,0
1727,0.002948474605,9.060734556e-06,0
1728,0.002530304948,9.060734556e-06,0
1729,0.0014096261,9.060734556e-06,0
1730,0.0009025210747,9.060734556e-06,0
1731,0.002100838348,9.060734556e-06,0
1732,0.002906633774,9.060734556e-06,0
1733,0.003977198619,9.060734556e-06,0
1734,0.002248210367,9.060734556e-06,0
1735,0.001313934335,9.060734556e-06,0
1736,0.000274512422,9.060734556e-06,0
1737,0.0005151088117,9.060734556e-06,0
1738,0.001261000172,9.060734556e-06,0
1739,0.001112742699,9.213226804e-06,0
1740,0.006923071574,9.213226804e-06,0
1741,0.0004817326844,9.213226804e-06,0
1742,0.0008159509744,9.213226804e-06,0
1743,0.0008734229486,9.213226804e-06,0
1744,0.0002286506642,9.213226804e-06,0
1745,0.0004137786455,9.213226804e-06,0
1746,0.001357113128,9.213226804e-06,0
1747,0.0007504522218,9.213226804e-06,0
1748,0.002142083133,9.213226804e-06,0
1749,0.0007565717096,9.213226804e-06,0
1750,0.0006570475525,9.213226804e-06,0
1751,0.002811042126,9.213226804e-06,0
1752,0.0009499932057,9.213226804e-06,0
1753,0.001301821554,9.213226804e-06,0
1754,0.003167914925,9.213226804e-06,0
1755,0.0009691611049,9.213226804e-06,0
1756,0.0008465651772,9.213226804e-06,0
1757,0.02301893011,9.213226804e-06,1
1758,0.006240527611,9.213226804e-06,0
1759,0.001032672357,9.221586879e-06,0
1760,0.007022493985,9.221586879e-06,0
1761,0.0004315579426,9.221586879e-06,0
1762,0.000692656613,9.221586879e-06,0
1763,0.0007373624831,9.221586879e-06,0
1764,0.0003821079736,9.221586879e-06,0
1765,0.0005543621373,9.221586879e-06,0
1766,0.004063297994,9.221586879e-06,0
1767,0.0005362621159,9.221586879e-06,0
1768,0.0003127319214,9.221586879e-06,0
1769,0.0005662074545,9.221586879e-06,0
1770,0.0004473973531,9.221586879e-06,0
1771,0.0006042390596,9.221586879e-06,0
1772,0.0001580696262,9.221586879e-06,0
1773,0.01407828089,9.221586879e-06,1
1774,0.0005426941207,9.221586879e-06,0
1775,0.01301036589,9.221586879e-06,1
1776,0.0006467210478,9.221586879e-06,0
1777,0.001315542147,9.221586879e-06,0
1778,0.000926948851,9.221586879e-06,0
1779,0.001888177241,8.911678378e-06,0
1780,0.003150709905,8.911678378e-06,0
1781,0.00528878672,8.911678378e-06,0
1782,0.001851961832,8.911678378e-06,0
1783,0.0003364029108,8.911678378e-06,0
1784,0.0007306598127,8.911678378e-06,0
1785,0.0004043466179,8.911678378e-06,0
1786,0.0005102544092,8.911678378e-06,0
1787,0.001159600914,8.911678378e-06,0
1788,0.002636661753,8.911678378e-06,0
1789,0.001408805605,8.911678378e-06,0
1790,0.00059908611,8.911678378e-06,0
1791,0.0005087162717,8.911678378e-06,0
1792,0.001579258242,8.911678378e-06,0
1793,0.001393480226,8.911678378e-06,0
1794,0.0006890610675,8.911678378e-06,0
1795,0.004757742397,8.911678378e-06,0
1796,0.0003880131699,8.911678378e-06,0
1797,0.0003657364869,8.911678378e-06,0
1798,0.002040314255,8.911678378e-06,0
1799,0.0002651401446,9.047613275e-06,0
1800,0.004040273372,9.047613275e-06,0
1801,0.001361188246,9.047613275e-06,0
1802,0.0004750474181,9.047613275e-06,0
1803,0.001524903812,9.047613275e-06,0
1804,0.001256519114,9.047613275e-06,0
1805,0.004315918311,9.047613275e-06,0
1806,0.01435549092,9.047613275e-06,1
1807,0.0007750230143,9.047613275e-06,0
1808,0.001296804403,9.047613275e-06,0
1809,0.00028027792,9.047613275e-06,0
1810,0.0007697344408,9.047613275e-06,0
1811,0.001029539504,9.047613275e-06,0
1812,0.0003473197867,9.047613275e-06,0
1813,0.001703958027,9.047613275e-06,0
1814,0.003475058125,9.047613275e-06,0
1815,0.00275871763,9.047613275e-06,0
1816,0.0009331543697,9.047613275e-06,0
1817,0.0008194495458,9.047613275e-06,0
1818,0.0002675067808,9.047613275e-06,0
1819,0.0004536713532,1.035322748e-05,0
1820,0.0004484805395,1.035322748e-05,0
1821,0.001614526729,1.035322748e-05,0
1822,0.001315655652,1.035322748e-05,0
1823,0.002454935806,1.035322748e-05,0
1824,0.0005772533477,1.035322748e-05,0
1825,0.0003269325243,1.035322748e-05,0
1826,0.002026110189,1.035322748e-05,0
1827,0.0002031439799,1.035322748e-05,0
1828,0.0005766840768,1.035322748e-05,0
1829,0.0007080530631,1.035322748e-05,0
1830,0.0009882020531,1.035322748e-05,0
1831,0.002488156082,1.035322748e-05,0
1832,0.002463385696,1.035322748e-05,0
1833,0.0005496621015,1.035322748e-05,0
1834,0.0007384254714,1.035322748e-05,0
1835,0.0006227867561,1.035322748e-05,0
1836,0.00203565741,1.035322748e-05,0
1837,0.0006914720288,1.035322748e-05,0
1838,0.0008053287165,1.035322748e-05,0
1839,0.002259839093,1.086947395e-05,0
1840,0.000610406918,1.086947395e-05,0
1841,0.002934779739,1.086947395e-05,0
1842,0.0008189334185,1.086947395e-05,0
1843,0.0006567208911,1.086947395e-05,0
1844,0.0005257814773,1.086947395e-05,0
1845,0.000235924992,1.086947395e-05,0
1846,0.0006041623419,1.086947395e-05,0
1847,0.005946386606,1.086947395e-05,0
1848,0.001236601733,1.086947395e-05,0
1849,0.000785612152,1.086947395e-05,0
1850,0.0003952774568,1.086947395e-05,0
1851,0.0007847108645,1.086947395e-05,0
1852,0.0007830778486,1.086947395e-05,0
1853,0.0006642153603,1.086947395e-05,0
1854,0.0008423933177,1.086947395e-05,0
1855,0.0005183937028,1.086947395e-05,0
1856,0.0005355621106,1.086947395e-05,0
1857,0.000299579202,1.086947395e-05,0
1858,0.001670445083,1.086947395e-05,0
1859,0.0005300000194,1.078668083e-05,0
1860,0.0007958922652,1.078668083e-05,0
1861,0.0001266413019,1.078668083e-05,0
1862,0.003430988872,1.078668083e-05,0
1863,0.003445501672,1.078668083e-05,0
1864,0.001215745229,1.078668083e-05,0
1865,0.001232828596,1.078668083e-05,0
1866,0.001117882319,1.078668083e-05,0
1867,0.0005227379152,1.078668083e-05,0
1868,0.0003773350036,1.078668083e-05,0
1869,0.001573946094,1.078668083e-05,0
1870,0.000429591164,1.078668083e-05,0
1871,0.002745687263,1.078668083e-05,0
1872,0.0001595016511,1.078668083e-05,0
1873,0.001050659223,1.078668083e-05,0
1874,0.002091488335,1.078668083e-05,0
1875,0.00497686211,1.078668083e-05,0
1876,0.0002721396741,1.078668083e-05,0
1877,0.001457754057,1.078668083e-05,0
1878,0.000584894733,1.078668083e-05,0
1879,0.0007972718449,1.082627205e-05,0
1880,0.0005789569113,1.082627205e-05,0
1881,0.001436799881,1.082627205e-05,0
1882,0.002773808548,1.082627205e-05,0
1883,0.003308158601,1.082627205e-05,0
1884,0.0002000836103,1.082627205e-05,0
1885,0.0009246949339,1.082627205e-05,0
1886,0.0010785372,1.082627205e-05,0
1887,0.001153581892,1.082627205e-05,0
1888,0.0003310269385,1.082627205e-05,0
1889,0.0006550358376,1.082627205e-05,0
1890,0.0005131906364,1.082627205e-05,0
1891,0.001926540746,1.082627205e-05,0
1892,0.0007690953789,1.082627205e-05,0
1893,0.0006521708565,1.082627205e-05,0
1894,0.002427271334,1.082627205e-05,0
1895,0.002137605567,1.082627205e-05,0
1896,0.000101400452,1.082627205e-05,0
1897,0.0003306354338,1.082627205e-05,0
1898,0.004780833609,1.082627205e-05,0
1899,0.001918843947,1.091039485e-05,0
1900,0.001905422425,1.091039485e-05,0
1901,0.0009747364675,1.091039485e-05,0
1902,0.0005909804604,1.091039485e-05,0
1903,0.0003301217512,1.091039485e-05,0
1904,0.0005590067012,1.091039485e-05,0
1905,0.0003232087765,1.091039485e-05,0
1906,0.0001796041179,1.091039485e-05,0
1907,0.007445421536,1.091039485e-05,1
1908,0.000967386819,1.091039485e-05,0
1909,0.0004389689129,1.091039485e-05,0
1910,0.001677286462,1.091039485e-05,0
1911,0.0004823090567,1.091039485e-05,0
1912,0.001229137415,1.091039485e-05,0
1913,0.001076118555,1.091039485e-05,0
1914,0.001481587766,1.091039485e-05,0
1915,0.0002588161442,1.091039485e-05,0
1916,0.001449560048,1.091039485e-05,0
1917,0.001530174282,1.091039485e-05,0
1918,0.0006638818886,1.091039485e-05,0
1919,0.0004347658542,1.039283688e-05,0
1920,0.001336635207,1.039283688e-05,0
1921,0.0005202509928,1.039283688e-05,0
1922,0.0008193123504,1.039283688e-05,0
1923,0.002860119799,1.039283688e-05,0
1924,0.0002194065019,1.039283688e-05,0
1925,0.0003186920367,1.039283688e-05,0
1926,0.003505008761,1.039283688e-05,0
1927,0.001856583636,1.039283688e-05,0
1928,0.0002358072525,1.039283688e-05,0
1929,0.001181313535,1.039283688e-05,0
1930,0.0008932689088,1.039283688e-05,0
1931,0.00218021404,1.039283688e-05,0
1932,0.0006225814577,1.039283688e-05,0
1933,0.004656659439,1.039283688e-05,0
1934,0.008026197553,1.039283688e-05,1
1935,0.001157596591,1.039283688e-05,0
1936,0.0004562355753,1.039283688e-05,0
1937,0.001294619986,1.039283688e-05,0
1938,0.0007551846211,1.039283688e-05,0
1939,0.002084337408,1.080243237e-05,0
1940,0.0006081293104,1.080243237e-05,0
1941,0.001001406577,1.080243237e-05,0
1942,0.001075993176,1.080243237e-05,0
1943,0.0003462749009,1.080243237e-05,0
1944,0.0006899429718,1.080243237e-05,0
1945,0.001036243979,1.080243237e-05,0
1946,0.0006755998475,1.080243237e-05,0
1947,0.002737698145,1.080243237e-05,0
1948,0.0005209391238,1.080243237e-05,0
1949,0.0003770726908,1.080243237e-05,0
1950,0.001331578242,1.080243237e-05,0
1951,0.0008067842573,1.080243237e-05,0
1952,0.0005678835441,1.080243237e-05,0
1953,0.0003775658843,1.080243237e-05,0
1954,0.0008825531695,1.080243237e-05,0
1955,0.002397654112,1.080243237e-05,0
1956,0.0009376670932,1.080243237e-05,0
1957,0.001362476498,1.080243237e-05,0
1958,0.000438529707,1.080243237e-05,0
1959,0.0001520949736,1.116712247e-05,0
1960,0.001482448541,1.116712247e-05,0
1961,0.0007386787911,1.116712247e-05,0
1962,0.0009166912059,1.116712247e-05,0
1963,0.0003365393495,1.116712247e-05,0
1964,0.0006296637002,1.116712247e-05,0
1965,0.001514871023,1.116712247e-05,0
1966,0.00186053256,1.116712247e-05,0
1967,0.00175822305,1.116712247e-05,0
1968,0.001017370145,1.116712247e-05,0
1969,0.0003131138219,1.116712247e-05,0
1970,0.0007534025935,1.116712247e-05,0
1971,0.002115281764,1.116712247e-05,0
1972,0.0002025204885,1.116712247e-05,0
1973,0.003095947905,1.116712247e-05,0
1974,0.003777342616,1.116712247e-05,0
1975,9.576221782e-05,1.116712247e-05,0
1976,0.0009611396817,1.116712247e-05,0
1977,0.001566109131,1.116712247e-05,0
1978,0.003686091164,1.116712247e-05,0
1979,0.0005239541642,1.148220144e-05,0
1980,0.001029018429,1.148220144e-05,0
1981,0.0003236232151,1.148220144e-05,0
1982,0.001176110702,1.148220144e-05,0
1983,0.0001298980933,1.148220144e-05,0
1984,0.0003099872847,1.148220144e-05,0
1985,0.001154969563,1.148220144e-05,0
1986,0.001525249332,1.148220144e-05,0
1987,0.0002130377979,1.148220144e-05,0
1988,0.0003679646179,1.148220144e-05,0
1989,0.0003138574539,1.148220144e-05,0
1990,0.0005202300963,1.148220144e-05,0
1991,0.001276327763,1.148220144e-05,0
1992,0.0054070279,1.148220144e-05,0
1993,0.002369901631,1.148220144e-05,0
1994,0.001732996316,1.148220144e-05,0
1995,0.0005593085662,1.148220144e-05,0
1996,0.008106213994,1.148220144e-05,1
1997,0.001112827915,1.148220144e-05,0
1998,0.0001910969295,1.148220144e-05,0
1999,0.002267771633,1.191168121e-05,0
2000,0.0005087794852,1.191168121e-05,0
2001,0.000193791042,1.191168121e-05,0
2002,0.0002322056971,1.191168121e-05,0
2003,0.0006540321629,1.191168121e-05,0
2004,0.003778484883,1.191168121e-05,0
2005,0.001446757466,1.191168121e-05,0
2006,0.0007686409517,1.191168121e-05,0
2007,0.00269406056,1.191168121e-05,0
2008,0.001176804304,1.191168121e-05,0
2009,0.002992159221,1.191168121e-05,0
2010,0.001115997089,1.191168121e-05,0
2011,0.001131945988,1.191168121e-05,0
2012,0.0003369319893,1.191168121e-05,0
2013,0.001295855269,1.191168121e-05,0
2014,0.0003393690567,1.191168121e-05,0
2015,0.0003091580002,1.191168121e-05,0
2016,0.001094205538,1.191168121e-05,0
2017,0.003088908037,1.191168121e-05,0
2018,0.0001773471304,1.191168121e-05,0
2019,0.0002705613151,1.217454519e-05,0
2020,0.0005575060495,1.217454519e-05,0
2021,0.0006057861028,1.217454519e-05,0
2022,0.0009578457102,1.217454519e-05,0
2023,0.0003492954129,1.217454519e-05,0
2024,0.001203504042,1.217454519e-05,0
2025,0.003268095665,1.217454519e-05,0
2026,0.0009686157573,1.217454519e-05,0
2027,0.001633770647,1.217454519e-05,0
2028,0.002794772387,1.217454519e-05,0
2029,0.0008883426199,1.217454519e-05,0
2030,0.0007480970817,1.217454519e-05,0
2031,0.0006861885777,1.217454519e-05,0
2032,0.001841210411,1.217454519e-05,0
2033,0.0004250594066,1.217454519e-05,0
2034,0.0009010800859,1.217454519e-05,0
2035,0.001577743329,1.217454519e-05,0
2036,0.001719293068,1.217454519e-05,0
2037,0.0008920404944,1.217454519e-05,0
2038,0.001365464414,1.217454519e-05,0
2039,0.0005315565504,1.298942061e-05,0
2040,0.001187082962,1.298942061e-05,0
2041,0.00152139843,1.298942061e-05,0
2042,0.0003881349112,1.298942061e-05,0
2043,0.001131254598,1.298942061e-05,0
2044,0.0006076176651,1.298942061e-05,0
2045,0.0004702049773,1.298942061e-05,0
2046,0.0002869945893,1.298942061e-05,0
2047,0.0009445606847,1.298942061e-05,0
2048,0.004618794657,1.298942061e-05,0
2049,0.0002810089791,1.298942061e-05,0
2050,0.002543578623,1.298942061e-05,0
2051,0.001221197192,1.298942061e-05,0
2052,0.0009947116487,1.298942061e-05,0
2053,0.0005857602227,1.298942061e-05,0
2054,0.0002123440063,1.298942061e-05,0
2055,0.0005118169356,1.298942061e-05,0
2056,0.001812812756,1.298942061e-05,0
2057,0.0006775503862,1.298942061e-05,0
2058,0.0004763788602,1.298942061e-05,0
2059,0.002439336386,1.380978847e-05,0
2060,0.0007334930706,1.380978847e-05,0
2061,0.0002194966946,1.380978847e-05,0
2062,0.0007035459275,1.380978847e-05,0
2063,0.001658943132,1.380978847e-05,0
2064,0.0005886168219,1.380978847e-05,0
2065,0.002582606627,1.380978847e-05,0
2066,0.000429962849,1.380978847e-05,0
2067,0.0004529104335,1.380978847e-05,0
2068,0.001026239363,1.380978847e-05,0
2069,0.002944991458,1.380978847e-05,0
2070,0.0006043286412,1.380978847e-05,0
2071,0.002167572035,1.380978847e-05,0
2072,0.0007979311049,1.380978847e-05,0
2073,0.0009309735615,1.380978847e-05,0
2074,0.001628995175,1.380978847e-05,0
2075,0.0005769216805,1.380978847e-05,0
2076,0.0003838007106,1.380978847e-05,0
2077,0.001010739827,1.380978847e-05,0
2078,0.001351489802,1.380978847e-05,0
2079,0.003082328709,1.408445496e-05,0
2080,0.001529847854,1.408445496e-05,0
2081,0.000142207442,1.408445496e-05,0
2082,0.00191361527,1.408445496e-05,0
2083,0.0007107033161,1.408445496e-05,0
2084,0.0003224077518,1.408445496e-05,0
2085,0.001520573511,1.408445496e-05,0
2086,0.001270768233,1.408445496e-05,0
2087,0.0005752749275,1.408445496e-05,0
2088,0.0009677240741,1.408445496e-05,0
2089,0.002742682118,1.408445496e-05,0
2090,0.001356043736,1.408445496e-05,0
2091,0.0005141462316,1.408445496e-05,0
2092,0.001848027459,1.408445496e-05,0
2093,0.0002256298176,1.408445496e-05,0
2094,0.001168815885,1.408445496e-05,0
2095,0.001578599098,1.408445496e-05,0
2096,0.0002653678821,1.408445496e-05,0
2097,0.0006686106208,1.408445496e-05,0
2098,0.0002771409927,1.408445496e-05,0
2099,0.0005948798498,1.485058965e-05,0
2100,0.001990622608,1.485058965e-05,0
2101,0.0005707307719,1.485058965e-05,0
2102,0.0002732874709,1.485058965e-05,0
2103,0.002465133555,1.485058965e-05,0
2104,0.001385353506,1.485058965e-05,0
2105,0.0009155508596,1.485058965e-05,0
2106,0.001100500813,1.485058965e-05,0
2107,0.0004828187812,1.485058965e-05,0
2108,0.0005621580058,1.485058965e-05,0
2109,0.0009544800268,1.485058965e-05,0
2110,0.002681680257,1.485058965e-05,0
2111,0.02886285074,1.485058965e-05,1
2112,0.0005789326387,1.485058965e-05,0
2113,0.0004922004882,1.485058965e-05,0
2114,0.0003322866978,1.485058965e-05,0
2115,0.0005605237675,1.485058965e-05,0
2116,0.002154376125,1.485058965e-05,0
2117,0.0002579131105,1.485058965e-05,0
2118,0.001721243956,1.485058965e-05,0
2119,0.001304093399,1.416962823e-05,0
2120,0.001201432548,1.416962823e-05,0
2121,0.001052468549,1.416962823e-05,0
2122,0.0007446284289,1.416962823e-05,0
2123,0.0009766404983,1.416962823e-05,0
2124,0.0002314365702,1.416962823e-05,0
2125,0.002692996757,1.416962823e-05,0
2126,0.0009024683968,1.416962823e-05,0
2127,0.001073757885,1.416962823e-05,0
2128,0.0004799943708,1.416962823e-05,0
2129,0.0001756974234,1.416962823e-05,0
2130,0.0007406433579,1.416962823e-05,0
2131,0.0004887364339,1.416962823e-05,0
2132,0.0005476619117,1.416962823e-05,0
2133,0.001323212986,1.416962823e-05,0
2134,0.0007087814156,1.416962823e-05,0
2135,0.001114921411,1.416962823e-05,0
2136,0.0007381233154,1.416962823e-05,0
2137,0.0009282666142,1.416962823e-05,0
2138,0.000305484893,1.416962823e-05,0
2139,0.0004753486428,1.430723842e-05,0
2140,0.001333191292,1.430723842e-05,0
2141,0.001630575047,1.430723842e-05,0
2142,0.0007140671369,1.430723842e-05,0
2143,0.004333818797,1.430723842e-05,0
2144,0.0003998475731,1.430723842e-05,0
2145,0.0005543220323,1.430723842e-05,0
2146,0.0006056413404,1.430723842e-05,0
2147,0.0007677962421,1.430723842e-05,0
2148,0.0009889513021,1.430723842e-05,0
2149,0.001502199913,1.430723842e-05,0
2150,0.001692888793,1.430723842e-05,0
2151,0.0005267969682,1.430723842e-05,0
2152,0.001113068662,1.430723842e-05,0
2153,0.0005449500168,1.430723842e-05,0
2154,0.002032935619,1.430723842e-05,0
2155,0.001124612638,1.430723842e-05,0
2156,0.0003839445126,1.430723842e-05,0
2157,0.0002311866847,1.430723842e-05,0
2158,0.0006017078995,1.430723842e-05,0
2159,0.0004544140538,1.390663419e-05,0
2160,0.0003390957136,1.390663419e-05,0
2161,0.001931340434,1.390663419e-05,0
2162,0.003983996343,1.390663419e-05,0
2163,0.0003768974566,1.390663419e-05,0
2164,0.0004073440505,1.390663419e-05,0
2165,0.0004225666635,1.390663419e-05,0
2166,0.001476009376,1.390663419e-05,0
2167,0.0004041825887,1.390663419e-05,0
2168,0.0005176464911,1.390663419e-05,0
2169,0.002009914722,1.390663419e-05,0
2170,0.001269489178,1.390663419e-05,0
2171,0.0001501721708,1.390663419e-05,0
2172,0.001155202161,1.390663419e-05,0
2173,0.0005397181958,1.390663419e-05,0
2174,0.0001318474242,1.390663419e-05,0
2175,0.001161614666,1.390663419e-05,0
2176,0.0004210863262,1.390663419e-05,0
2177,0.0003590805863,1.390663419e-05,0
2178,0.001313563553,1.390663419e-05,0
2179,0.0007474285085,1.3396555e-05,0
2180,0.000743211247,1.3396555e-05,0
2181,0.001250756322,1.3396555e-05,0
2182,0.001055930508,1.3396555e-05,0
2183,0.0006251144223,1.3396555e-05,0
2184,0.0005501839332,1.3396555e-05,0
2185,0.002354034688,1.3396555e-05,0
2186,0.0001156984654,1.3396555e-05,0
2187,0.0008843492251,1.3396555e-05,0
2188,0.00290217041,1.3396555e-05,0
2189,0.0005836384953,1.3396555e-05,0
2190,0.0006316271028,1.3396555e-05,0
2191,0.001304920414,1.3396555e-05,0
2192,0.0008908211603,1.3396555e-05,0
2193,0.0008029640885,1.3396555e-05,0
2194,0.00248499983,1.3396555e-05,0
2195,0.0004370094684,1.3396555e-05,0
2196,0.0005129008787,1.3396555e-05,0
2197,0.003326022997,1.3396555e-05,0
2198,0.0003603384539,1.3396555e-05,0
2199,0.0005555780954,1.368049834e-05,0
2200,0.001623868127,1.368049834e-05,0
2201,0.001456328202,1.368049834e-05,0
2202,0.00106997008,1.368049834e-05,0
2203,0.0008087611059,1.368049834e-05,0
2204,0.001121087815,1.368049834e-05,0
2205,0.004143349361,1.368049834e-05,0
2206,0.001031683641,1.368049834e-05,0
2207,0.0004266937904,1.368049834e-05,0
2208,0.001761897234,1.368049834e-05,0
2209,0.0005354548339,1.368049834e-05,0
2210,0.001068907441,1.368049834e-05,0
2211,0.0003603219229,1.368049834e-05,0
2212,0.0005400895025,1.368049834e-05,0
2213,0.00105897442,1.368049834e-05,0
2214,0.0002307564864,1.368049834e-05,0
2215,0.0004381123872,1.368049834e-05,0
2216,0.001076170709,1.368049834e-05,0
2217,0.001117170206,1.368049834e-05,0
2218,0.0002560999128,1.368049834e-05,0
2219,0.001450913493,1.369603342e-05,0
2220,0.001438169857,1.369603342e-05,0
2221,0.0002666726941,1.369603342e-05,0
2222,0.0002813244937,1.369603342e-05,0
2223,0.002998574637,1.369603342e-05,0
2224,0.001012415392,1.369603342e-05,0
2225,0.0006037937128,1.369603342e-05,0
2226,0.0008436714415,1.369603342e-05,0
2227,0.001877961564,1.369603342e-05,0
2228,0.001902450225,1.369603342e-05,0
2229,0.001120711095,1.369603342e-05,0
2230,0.002597686369,1.369603342e-05,0
2231,0.0001868827094,1.369603342e-05,0
2232,0.001878869487,1.369603342e-05,0
2233,0.001105064177,1.369603342e-05,0
2234,0.0007297628326,1.369603342e-05,0
2235,0.0004315593978,1.369603342e-05,0
2236,0.0006349466275,1.369603342e-05,0
2237,0.0008862587274,1.369603342e-05,0
2238,0.0009374087094,1.369603342e-05,0
2239,0.0009866456967,1.386781332e-05,0
2240,0.001782080159,1.386781332e-05,0
2241,0.003952438477,1.386781332e-05,0
2242,0.001180927153,1.386781332e-05,0
2243,0.0007720330032,1.386781332e-05,0
2244,0.0003729647142,1.386781332e-05,0
2245,0.000489349768,1.386781332e-05,0
2246,0.0008833121392,1.386781332e-05,0
2247,0.006610310636,1.386781332e-05,0
2248,0.00231835898,1.386781332e-05,0
2249,0.00018201067,1.386781332e-05,0
2250,0.001587469713,1.386781332e-05,0
2251,0.002295155311,1.386781332e-05,0
2252,0.0001601611148,1.386781332e-05,0
2253,0.0006098353188,1.386781332e-05,0
2254,0.000744118297,1.386781332e-05,0
2255,0.0003193687589,1.386781332e-05,0
2256,0.0003785113804,1.386781332e-05,0
2257,0.0003210342838,1.386781332e-05,0
2258,0.0009369747713,1.386781332e-05,0
2259,0.002251168247,1.387101747e-05,0
2260,0.00166015944,1.387101747e-05,0
2261,0.0007386634243,1.387101747e-05,0
2262,0.0002649657836,1.387101747e-05,0
2263,0.001087464276,1.387101747e-05,0
2264,0.0008543164004,1.387101747e-05,0
2265,0.0007590402383,1.387101747e-05,0
2266,0.002306541661,1.387101747e-05,0
2267,0.0005041544791,1.387101747e-05,0
2268,0.0004322713939,1.387101747e-05,0
2269,0.0003241023223,1.387101747e-05,0
2270,0.0008215803537,1.387101747e-05,0
2271,0.004011016339,1.387101747e-05,0
2272,0.002454373054,1.387101747e-05,0
2273,0.0005057531525,1.387101747e-05,0
2274,0.0004541350936,1.387101747e-05,0
2275,0.0003045883786,1.387101747e-05,0
2276,0.0004391647235,1.387101747e-05,0
2277,0.0004179640091,1.387101747e-05,0
2278,0.001189522445,1.387101747e-05,0
2279,0.0007311326335,1.463427543e-05,0
2280,0.0004471636203,1.463427543e-05,0
2281,0.0004373888951,1.463427543e-05,0
2282,0.0003680083028,1.463427543e-05,0
2283,0.001205498585,1.463427543e-05,0
2284,0.001044563251,1.463427543e-05,0
2285,0.0003213222662,1.463427543e-05,0
2286,0.001028425293,1.463427543e-05,0
2287,0.0003060975287,1.463427543e-05,0
2288,0.001769534545,1.463427543e-05,0
2289,0.001029283856,1.463427543e-05,0
2290,0.0007407697849,1.463427543e-05,0
2291,0.0002817269706,1.463427543e-05,0
2292,0.00190496014,1.463427543e-05,0
2293,0.000275942235,1.463427543e-05,0
2294,0.0007816379657,1.463427543e-05,0
2295,0.001788667752,1.463427543e-05,0
2296,0.0002825325355,1.463427543e-05,0
2297,0.003431538818,1.463427543e-05,0
2298,0.001545166131,1.463427543e-05,0
2299,0.001486455789,1.506558147e-05,0
2300,0.0001386593794,1.506558147e-05,0
2301,0.0005410760059,1.506558147e-05,0
2302,0.001259658253,1.506558147e-05,0
2303,0.005966426805,1.506558147e-05,0
2304,0.0006863674498,1.506558147e-05,0
2305,0.0007005124935,1.506558147e-05,0
2306,0.0007924433448,1.506558147e-05,0
2307,0.0003471777891,1.506558147e-05,0
2308,0.001557854936,1.506558147e-05,0
2309,0.001392967068,1.506558147e-05,0
2310,0.000441947137,1.506558147e-05,0
2311,0.0002516041859,1.506558147e-05,0
2312,0.0003974533174,1.506558147e-05,0
2313,0.0007044140366,1.506558147e-05,0
2314,0.009595199488,1.506558147e-05,1
2315,0.0002891977201,1.506558147e-05,0
2316,0.0003202936496,1.506558147e-05,0
2317,0.001223522122,1.506558147e-05,0
2318,0.000307312177,1.506558147e-05,0
2319,0.0003926239442,1.526602136e-05,0
2320,0.000535086845,1.526602136e-05,0
2321,0.0004964437103,1.526602136e-05,0
2322,0.00117573468,1.526602136e-05,0
2323,0.001260331715,1.526602136e-05,0
2324,0.002161361277,1.526602136e-05,0
2325,0.0004340197484,1.526602136e-05,0
2326,0.000877065293,1.526602136e-05,0
2327,0.001029429142,1.526602136e-05,0
2328,0.001900651259,1.526602136e-05,0
2329,0.0005581759033,1.526602136e-05,0
2330,0.001090656966,1.526602136e-05,0
2331,0.0005738562904,1.526602136e-05,0
2332,0.001084226184,1.526602136e-05,0
2333,0.0004479795462,1.526602136e-05,0
2334,0.0005223767948,1.526602136e-05,0
2335,0.000595147314,1.526602136e-05,0
2336,0.0004700646969,1.526602136e-05,0
2337,0.0006216323818,1.526602136e-05,0
2338,0.001231417991,1.526602136e-05,0
2339,0.0002553159138,1.523163428e-05,0
2340,0.0002508707403,1.523163428e-05,0
2341,0.0007873285795,1.523163428e-05,0
2342,0.0007619399694,1.523163428e-05,0
2343,0.002859799657,1.523163428e-05,0
2344,0.0009308270528,1.523163428e-05,0
2345,0.0004682009749,1.523163428e-05,0
2346,0.0009158222238,1.523163428e-05,0
2347,0.002055672696,1.523163428e-05,0
2348,0.0003354988003,1.523163428e-05,0
2349,0.004975398537,1.523163428e-05,0
2350,0.0002802276867,1.523163428e-05,0
2351,0.001491076313,1.523163428e-05,0
2352,0.001712187775,1.523163428e-05,0
2353,0.002638976322,1.523163428e-05,0
2354,0.004038837738,1.523163428e-05,0
2355,0.0006129586254,1.523163428e-05,0
2356,0.0004229286278,1.523163428e-05,0
2357,0.0002739239135,1.523163428e-05,0
2358,0.000158193885,1.523163428e-05,0
2359,0.001588822342,1.510291895e-05,0
2360,0.0009319243836,1.510291895e-05,0
2361,0.003118376713,1.510291895e-05,0
2362,0.01154021733,1.510291895e-05,1
2363,0.0005219727755,1.510291895e-05,0
2364,0.0003356288944,1.510291895e-05,0
2365,0.001060015289,1.510291895e-05,0
2366,0.001674004714,1.510291895e-05,0
2367,0.001138043939,1.510291895e-05,0
2368,0.0008968248731,1.510291895e-05,0
2369,0.0007764280308,1.510291895e-05,0
2370,0.002427242696,1.510291895e-05,0
2371,0.001794389682,1.510291895e-05,0
2372,0.0005855810014,1.510291895e-05,0
2373,0.0003215070174,1.510291895e-05,0
2374,0.0009931311943,1.510291895e-05,0
2375,0.0007994315238,1.510291895e-05,0
2376,0.0006204858073,1.510291895e-05,0
2377,0.001860398683,1.510291895e-05,0
2378,0.001250754227,1.510291895e-05,0
2379,0.002449606545,1.524478375e-05,0
2380,0.001156055485,1.524478375e-05,0
2381,0.0001425868249,1.524478375e-05,0
2382,0.0005901768454,1.524478375e-05,0
2383,0.001086679986,1.524478375e-05,0
2384,0.0003065635101,1.524478375e-05,0
2385,0.0009860878345,1.524478375e-05,0
2386,0.0004299102002,1.524478375e-05,0
2387,0.000601787935,1.524478375e-05,0
2388,0.0005045891739,1.524478375e-05,0
2389,0.002760068513,1.524478375e-05,0
2390,0.0002399217483,1.524478375e-05,0
2391,0.0008487595478,1.524478375e-05,0
2392,0.0009418384871,1.524478375e-05,0
2393,0.0008359368076,1.524478375e-05,0
2394,0.003875507042,1.524478375e-05,0
2395,0.00448786281,1.524478375e-05,0
2396,0.001187953283,1.524478375e-05,0
2397,0.005455514882,1.524478375e-05,0
2398,0.0008065314032,1.524478375e-05,0
2399,0.000669302186,1.53346009e-05,0
2400,0.003059733193,1.53346009e-05,0
2401,0.002659079386,1.53346009e-05,0
2402,0.001088592457,1.53346009e-05,0
2403,0.0007342735771,1.53346009e-05,0
2404,0.001892807195,1.53346009e-05,0
2405,0.003657850204,1.53346009e-05,0
2406,0.001736201928,1.53346009e-05,0
2407,0.001682596747,1.53346009e-05,0
2408,0.002405504696,1.53346009e-05,0
2409,0.0003749803,1.53346009e-05,0
2410,0.001744051231,1.53346009e-05,0
2411,0.0004286134499,1.53346009e-05,0
2412,0.002204718767,1.53346009e-05,0
2413,0.0008826844278,1.53346009e-05,0
2414,0.0002001388639,1.53346009e-05,0
2415,0.002176095499,1.53346009e-05,0
2416,0.000711116707,1.53346009e-05,0
2417,0.001287401537,1.53346009e-05,0
2418,0.0004834568244,1.53346009e-05,0
2419,0.0005070824409,1.599882671e-05,0
2420,0.000496769615,1.599882671e-05,0
2421,0.0007841209299,1.599882671e-05,0
2422,0.0002129405038,1.599882671e-05,0
2423,0.002207603073,1.599882671e-05,0
2424,0.0006610559649,1.599882671e-05,0
2425,0.001670856611,1.599882671e-05,0
2426,0.0003955175343,1.599882671e-05,0
2427,0.0004169398162,1.599882671e-05,0
2428,0.001346745761,1.599882671e-05,0
2429,0.0005479040556,1.599882671e-05,0
2430,0.002773796208,1.599882671e-05,0
2431,0.0008170027286,1.599882671e-05,0
2432,0.0007293010131,1.599882671e-05,0
2433,0.002799162874,1.599882671e-05,0
2434,0.0008927562158,1.599882671e-05,0
2435,0.00166693842,1.599882671e-05,0
2436,0.0007547371206,1.599882671e-05,0
2437,0.0004879008338,1.599882671e-05,0
2438,0.0004465937382,1.599882671e-05,0
2439,0.0007628322346,1.678126137e-05,0
2440,0.0009217389743,1.678126137e-05,0
2441,0.01009697188,1.678126137e-05,1
2442,0.00136611308,1.678126137e-05,0
2443,0.001114043058,1.678126137e-05,0
2444,0.003090094775,1.678126137e-05,0
2445,0.0009857091354,1.678126137e-05,0
2446,0.0004549763689,1.678126137e-05,0
2447,0.0003422236477,1.678126137e-05,0
2448,0.0001708139607,1.678126137e-05,0
2449,0.002262441441,1.678126137e-05,0
2450,0.003094618907,1.678126137e-05,0
2451,0.0001553010079,1.678126137e-05,0
2452,0.001726270188,1.678126137e-05,0
2453,0.001455984311,1.678126137e-05,0
2454,0.000442748802,1.678126137e-05,0
2455,0.0002958532423,1.678126137e-05,0
2456,0.00111334282,1.678126137e-05,0
2457,0.0001058891794,1.678126137e-05,0
2458,0.0004179551033,1.678126137e-05,0
2459,0.0001713859092,1.681319736e-05,0
2460,0.001851237263,1.681319736e-05,0
2461,0.0003292206093,1.681319736e-05,0
2462,0.000484813907,1.681319736e-05,0
2463,0.0005225796485,1.681319736e-05,0
2464,0.001876417547,1.681319736e-05,0
2465,0.0008397155325,1.681319736e-05,0
2466,0.001075584907,1.681319736e-05,0
2467,0.000556979503,1.681319736e-05,0
2468,0.002415274968,1.681319736e-05,0
2469,0.0008205415215,1.681319736e-05,0
2470,0.000376668555,1.681319736e-05,0
2471,0.00260002492,1.681319736e-05,0
2472,0.0005598011776,1.681319736e-05,0
2473,0.001011474291,1.681319736e-05,0
2474,0.004779868294,1.681319736e-05,0
2475,0.0008679478779,1.681319736e-05,0
2476,0.0006264097756,1.681319736e-05,0
2477,0.0008944876026,1.681319736e-05,0
2478,0.0005621557939,1.681319736e-05,0
2479,0.0003301490506,1.736423292e-05,0
2480,0.0003110411053,1.736423292e-05,0
2481,0.001336754998,1.736423292e-05,0
2482,0.001471780939,1.736423292e-05,0
2483,0.001429254538,1.736423292e-05,0
2484,0.001386692515,1.736423292e-05,0
2485,0.0003647022822,1.736423292e-05,0
2486,0.003027787432,1.736423292e-05,0
2487,0.0002930060145,1.736423292e-05,0
2488,0.0008681672625,1.736423292e-05,0
2489,0.0009728118894,1.736423292e-05,0
2490,0.000945194799,1.736423292e-05,0
2491,0.0002418147487,1.736423292e-05,0
2492,0.000474408298,1.736423292e-05,0
2493,0.001535083167,1.736423292e-05,0
2494,0.0009123159107,1.736423292e-05,0
2495,0.001202154439,1.736423292e-05,0
2496,0.001713251346,1.736423292e-05,0
2497,0.000632564188,1.736423292e-05,0
2498,0.00031050088,1.736423292e-05,0
2499,0.0003380350536,1.793355113e-05,0
2500,0.001029636711,1.793355113e-05,0
2501,0.0006770198233,1.793355113e-05,0
2502,0.00380676263,1.793355113e-05,0
2503,0.002374447417,1.793355113e-05,0
2504,0.000429322361,1.793355113e-05,0
2505,0.000965822197,1.793355113e-05,0
2506,0.001500814222,1.793355113e-05,0
2507,0.001223669387,1.793355113e-05,0
2508,0.000181403957,1.793355113e-05,0
2509,0.0004089633003,1.793355113e-05,0
2510,0.001626563608,1.793355113e-05,0
2511,0.001878017094,1.793355113e-05,0
2512,0.0001633047068,1.793355113e-05,0
2513,0.0008646868519,1.793355113e-05,0
2514,0.0006047157804,1.793355113e-05,0
2515,0.0001682552829,1.793355113e-05,0
2516,0.002337831073,1.793355113e-05,0
2517,0.0002771355503,1.793355113e-05,0
2518,0.0002529375488,1.793355113e-05,0
2519,0.00126943097,1.819406316e-05,0
2520,0.0004773153632,1.819406316e-05,0
2521,0.001979819266,1.819406316e-05,0
2522,0.00273258565,1.819406316e-05,0
2523,0.001491530566,1.819406316e-05,0
2524,0.0008218968869,1.819406316e-05,0
2525,0.001611363725,1.819406316e-05,0
2526,0.0003308912273,1.819406316e-05,0
2527,0.001034842688,1.819406316e-05,0
2528,0.0001993104233,1.819406316e-05,0
2529,0.005280549172,1.819406316e-05,0
2530,0.0003739452222,1.819406316e-05,0
2531,0.001134494436,1.819406316e-05,0
2532,0.00143808336,1.819406316e-05,0
2533,0.0005127016339,1.819406316e-05,0
2534,0.000155509304,1.819406316e-05,0
2535,0.0005199908046,1.819406316e-05,0
2536,0.0002596172562,1.819406316e-05,0
2537,0.001694434555,1.819406316e-05,0
2538,0.0001993869955,1.819406316e-05,0
2539,0.0001450464915,1.902901022e-05,0
2540,0.0006249193684,1.902901022e-05,0
2541,0.0007522851229,1.902901022e-05,0
2542,0.001704975613,1.902901022e-05,0
2543,0.0003136242158,1.902901022e-05,0
2544,0.0003065333585,1.902901022e-05,0
2545,0.0003410970967,1.902901022e-05,0
2546,0.0008809750434,1.902901022e-05,0
2547,0.0006746407016,1.902901022e-05,0
2548,0.0003853091621,1.902901022e-05,0
2549,0.0004783464246,1.902901022e-05,0
2550,0.0003490372328,1.902901022e-05,0
2551,0.0007169832243,1.902901022e-05,0
2552,0.001460087602,1.902901022e-05,0
2553,0.006076510064,1.902901022e-05,0
2554,0.0079747485,1.902901022e-05,1
2555,0.006616392173,1.902901022e-05,0
2556,0.001114883577,1.902901022e-05,0
2557,0.0005087171448,1.902901022e-05,0
2558,0.0009568406385,1.902901022e-05,0
2559,0.0004076672485,1.930324834e-05,0
2560,0.0009412211948,1.930324834e-05,0
2561,0.001402133144,1.930324834e-05,0
2562,0.001308321254,1.930324834e-05,0
2563,0.001740818494,1.930324834e-05,0
2564,0.0007538511418,1.930324834e-05,0
2565,0.0004496195179,1.930324834e-05,0
2566,0.001376684872,1.930324834e-05,0
2567,0.0001881470089,1.930324834e-05,0
2568,0.001312632347,1.930324834e-05,0
2569,0.0008276167209,1.930324834e-05,0
2570,0.0003148812102,1.930324834e-05,0
2571,0.001817510463,1.930324834e-05,0
2572,0.0002670403628,1.930324834e-05,0
2573,0.002207905753,1.930324834e-05,0
2574,0.0003364019503,1.930324834e-05,0
2575,0.0008767406689,1.930324834e-05,0
2576,0.0001394483843,1.930324834e-05,0
2577,0.0007219408872,1.930324834e-05,0
2578,0.0005071035121,1.930324834e-05,0
2579,0.0005249390961,1.865684135e-05,0
2580,0.001390689635,1.865684135e-05,0
2581,0.0004779078881,1.865684135e-05,0
2582,0.0003544997307,1.865684135e-05,0
2583,0.001510008238,1.865684135e-05,0
2584,0.002842333633,1.865684135e-05,0
2585,0.001021084725,1.865684135e-05,0
2586,0.001023650984,1.865684135e-05,0
2587,0.003122094786,1.865684135e-05,0
2588,8.815857291e-05,1.865684135e-05,0
2589,0.0009100089082,1.865684135e-05,0
2590,0.001340316376,1.865684135e-05,0
2591,0.0009980456671,1.865684135e-05,0
2592,0.0004442401696,1.865684135e-05,0
2593,0.001093067112,1.865684135e-05,0
2594,0.0004241217684,1.865684135e-05,0
2595,0.0001636046509,1.865684135e-05,0
2596,0.002843209775,1.865684135e-05,0
2597,0.00064364844,1.865684135e-05,0
2598,0.0001648191537,1.865684135e-05,0
2599,0.0001870137057,1.966351738e-05,0
2600,0.02168359794,1.966351738e-05,1
2601,0.00170280796,1.966351738e-05,0
2602,0.001288683154,1.966351738e-05,0
2603,0.0008794089663,1.966351738e-05,0
2604,0.0003603672085,1.966351738e-05,0
2605,0.0002297662868,1.966351738e-05,0
2606,0.0006770236068,1.966351738e-05,0
2607,0.0009884835454,1.966351738e-05,0
2608,0.0004771817185,1.966351738e-05,0
2609,0.0005726084346,1.966351738e-05,0
2610,0.0003527223016,1.966351738e-05,0
2611,0.001131036668,1.966351738e-05,0
2612,0.004485324491,1.966351738e-05,0
2613,0.01088927127,1.966351738e-05,1
2614,0.004033009056,1.966351738e-05,0
2615,0.0002519761911,1.966351738e-05,0
2616,0.0009420028655,1.966351738e-05,0
2617,0.00032170536,1.966351738e-05,0
2618,0.00084045314,1.966351738e-05,0
2619,0.0003185191599,1.971789243e-05,0
2620,0.00128757325,1.971789243e-05,0
2621,0.005630740896,1.971789243e-05,0
2622,0.0007518335478,1.971789243e-05,0
2623,0.0003776614903,1.971789243e-05,0
2624,0.002808511257,1.971789243e-05,0
2625,0.001330370316,1.971789243e-05,0
2626,0.007191947196,1.971789243e-05,0
2627,0.001446497859,1.971789243e-05,0
2628,0.001111507881,1.971789243e-05,0
2629,0.001952751889,1.971789243e-05,0
2630,0.000296278944,1.971789243e-05,0
2631,0.0008788549458,1.971789243e-05,0
2632,0.0001256261894,1.971789243e-05,0
2633,0.0003103959898,1.971789243e-05,0
2634,0.0003855789255,1.971789243e-05,0
2635,0.000303132023,1.971789243e-05,0
2636,0.000911141804,1.971789243e-05,0
2637,0.006108386442,1.971789243e-05,0
2638,0.002438864904,1.971789243e-05,0
2639,0.000709330081,2.033265264e-05,0
2640,0.0002892072953,2.033265264e-05,0
2641,0.00602051802,2.033265264e-05,0
2642,0.001755926525,2.033265264e-05,0
2643,0.001128104865,2.033265264e-05,0
2644,0.0005907148006,2.033265264e-05,0
2645,0.002267403761,2.033265264e-05,0
2646,0.001702301204,2.033265264e-05,0
2647,0.005733788479,2.033265264e-05,0
2648,0.002436752198,2.033265264e-05,0
2649,0.0005268102395,2.033265264e-05,0
2650,0.0008984691813,2.033265264e-05,0
2651,0.0003821190621,2.033265264e-05,0
2652,0.0005758194602,2.033265264e-05,0
2653,0.0004652068019,2.033265264e-05,0
2654,0.0002084062871,2.033265264e-05,0
2655,0.001595948241,2.033265264e-05,0
2656,0.004146132618,2.033265264e-05,0
2657,0.00141374208,2.033265264e-05,0
2658,0.00143335422,2.033265264e-05,0
2659,0.003868782194,1.973141843e-05,0
2660,0.00110837887,1.973141843e-05,0
2661,0.005073570646,1.973141843e-05,0
2662,0.0006966785295,1.973141843e-05,0
2663,0.003979208879,1.973141843e-05,0
2664,0.0007247597096,1.973141843e-05,0
2665,0.004500376526,1.973141843e-05,0
2666,0.01106378064,1.973141843e-05,1
2667,0.0009119410533,1.973141843e-05,0
2668,0.0006911339005,1.973141843e-05,0
2669,0.004479577765,1.973141843e-05,0
2670,0.003529665759,1.973141843e-05,0
2671,0.01063739415,1.973141843e-05,1
2672,0.000255514984,1.973141843e-05,0
2673,0.0004519075155,1.973141843e-05,0
2674,0.001632825937,1.973141843e-05,0
2675,0.0001014054578,1.973141843e-05,0
2676,0.0002707123931,1.973141843e-05,0
2677,0.001244842773,1.973141843e-05,0
2678,0.001362907933,1.973141843e-05,0
2679,0.0001320540323,1.957744826e-05,0
2680,0.0001628999016,1.957744826e-05,0
2681,0.0004027486139,1.957744826e-05,0
2682,0.001939409296,1.957744826e-05,0
2683,0.001035624999,1.957744826e-05,0
2684,0.002072099829,1.957744826e-05,0
2685,0.0004002153873,1.957744826e-05,0
2686,0.0002564100141,1.957744826e-05,0
2687,0.0006222175434,1.957744826e-05,0
2688,0.0001155918944,1.957744826e-05,0
2689,0.001084350748,1.957744826e-05,0
2690,0.0005452516489,1.957744826e-05,0
2691,0.0004683943407,1.957744826e-05,0
2692,0.005139401648,1.957744826e-05,0
2693,0.0009185647941,1.957744826e-05,0
2694,0.002459396841,1.957744826e-05,0
2695,0.0007266592584,1.957744826e-05,0
2696,0.0009194907616,1.957744826e-05,0
2697,0.001633282402,1.957744826e-05,0
2698,0.001655919477,1.957744826e-05,0
2699,0.0001912941079,1.951684317e-05,0
2700,0.0003451616503,1.951684317e-05,0
2701,0.0006665076944,1.951684317e-05,0
2702,0.00160639151,1.951684317e-05,0
2703,0.0006172106368,1.951684317e-05,0
2704,0.0002660378232,1.951684317e-05,0
2705,0.002011922887,1.951684317e-05,0
2706,0.0007333562826,1.951684317e-05,0
2707,0.002191586187,1.951684317e-05,0
2708,0.001534663956,1.951684317e-05,0
2709,0.006181243341,1.951684317e-05,0
2710,0.00129294279,1.951684317e-05,0
2711,0.0003993589198,1.951684317e-05,0
2712,0.0008937079692,1.951684317e-05,0
2713,0.001148386276,1.951684317e-05,0
2714,0.0004018154868,1.951684317e-05,0
2715,0.0002342362422,1.951684317e-05,0
2716,0.0006713756593,1.951684317e-05,0
2717,0.001054741209,1.951684317e-05,0
2718,0.003531544469,1.951684317e-05,0
2719,0.0001967882708,1.910051469e-05,0
2720,0.0001981269888,1.910051469e-05,0
2721,0.0009903932223,1.910051469e-05,0
2722,0.000979995355,1.910051469e-05,0
2723,0.001620267867,1.910051469e-05,0
2724,0.004588848446,1.910051469e-05,0
2725,0.0005890011089,1.910051469e-05,0
2726,0.0005717899185,1.910051469e-05,0
2727,0.001611541607,1.910051469e-05,0
2728,0.001680577407,1.910051469e-05,0
2729,0.0003378276597,1.910051469e-05,0
2730,0.0001616574882,1.910051469e-05,0
2731,0.01565255597,1.910051469e-05,1
2732,0.0007825896027,1.910051469e-05,0
2733,0.0001907702826,1.910051469e-05,0
2734,0.0002775050525,1.910051469e-05,0
2735,0.001557121868,1.910051469e-05,0
2736,0.0002711908601,1.910051469e-05,0
2737,0.001278491342,1.910051469e-05,0
2738,0.006009651814,1.910051469e-05,0
2739,0.0006704070256,1.957165659e-05,0
2740,0.001493364456,1.957165659e-05,0
2741,0.0005428218865,1.957165659e-05,0
2742,0.0006249819417,1.957165659e-05,0
2743,0.001869245432,1.957165659e-05,0
2744,0.0001462347427,1.957165659e-05,0
2745,0.0005160958972,1.957165659e-05,0
2746,0.0006996154552,1.957165659e-05,0
2747,0.0004062682856,1.957165659e-05,0
2748,0.0006657866761,1.957165659e-05,0
2749,0.000779011345,1.957165659e-05,0
2750,0.0003528663365,1.957165659e-05,0
2751,0.002541380934,1.957165659e-05,0
2752,0.0005661409232,1.957165659e-05,0
2753,0.0003416630789,1.957165659e-05,0
2754,0.001043448574,1.957165659e-05,0
2755,0.001581635559,1.957165659e-05,0
2756,0.001272183377,1.957165659e-05,0
2757,0.0002956509124,1.957165659e-05,0
2758,0.0008007782162,1.957165659e-05,0
2759,0.00410026079,1.941685514e-05,0
2760,0.0003778925166,1.941685514e-05,0
2761,0.0003269858425,1.941685514e-05,0
2762,0.0005234756391,1.941685514e-05,0
2763,0.00695481291,1.941685514e-05,0
2764,0.0007877724711,1.941685514e-05,0
2765,0.0005817951751,1.941685514e-05,0
2766,0.002248493023,1.941685514e-05,0
2767,0.00123341789,1.941685514e-05,0
2768,0.0007675061934,1.941685514e-05,0
2769,0.0008787374245,1.941685514e-05,0
2770,0.001247404842,1.941685514e-05,0
2771,0.000742334465,1.941685514e-05,0
2772,0.000175910347,1.941685514e-05,0
2773,0.00046833753,1.941685514e-05,0
2774,0.001898883842,1.941685514e-05,0
2775,0.002899046056,1.941685514e-05,0
2776,0.0003886983031,1.941685514e-05,0
2777,0.006889143027,1.941685514e-05,0
2778,0.000522102986,1.941685514e-05,0
2779,0.000423902733,1.934644752e-05,0
2780,0.0004676447134,1.934644752e-05,0
2781,0.0003432859958,1.934644752e-05,0
2782,0.000835906947,1.934644752e-05,0
2783,0.001964881783,1.934644752e-05,0
2784,0.0009008853813,1.934644752e-05,0
2785,0.001030427986,1.934644752e-05,0
2786,0.008264376782,1.934644752e-05,1
2787,0.001129412558,1.934644752e-05,0
2788,0.001315326081,1.934644752e-05,0
2789,0.0002741028438,1.934644752e-05,0
2790,0.003749908414,1.934644752e-05,0
2791,0.000453074259,1.934644752e-05,0
2792,0.001589424559,1.934644752e-05,0
2793,0.0008381476509,1.934644752e-05,0
2794,0.0008818625938,1.934644752e-05,0
2795,0.004383844323,1.934644752e-05,0
2796,0.001562708989,1.934644752e-05,0
2797,0.0009394102381,1.934644752e-05,0
2798,0.0003407577169,1.934644752e-05,0
2799,0.0002120892605,1.945081385e-05,0
2800,0.0007056088652,1.945081385e-05,0
2801,0.001056158333,1.945081385e-05,0
2802,0.0004949912545,1.945081385e-05,0
2803,0.0009391754284,1.945081385e-05,0
2804,0.0006555595901,1.945081385e-05,0
2805,0.0002237824519,1.945081385e-05,0
2806,0.005433598999,1.945081385e-05,0
2807,0.001684881514,1.945081385e-05,0
2808,0.0004296966072,1.945081385e-05,0
2809,0.0002801031223,1.945081385e-05,0
2810,0.000205337521,1.945081385e-05,0
2811,0.0009419215494,1.945081385e-05,0
2812,0.0003551596019,1.945081385e-05,0
2813,0.0007065729005,1.945081385e-05,0
2814,0.0005414233892,1.945081385e-05,0
2815,0.002563932445,1.945081385e-05,0
2816,0.0006897085113,1.945081385e-05,0
2817,0.002868209267,1.945081385e-05,0
2818,0.0002169817453,1.945081385e-05,0
2819,0.04091434926,1.886795872e-05,1
2820,0.0007539464277,1.886795872e-05,0
2821,0.008465372026,1.886795872e-05,1
2822,0.0003997592721,1.886795872e-05,0
2823,0.0004596107756,1.886795872e-05,0
2824,0.003045410151,1.886795872e-05,0
2825,0.001978333341,1.886795872e-05,0
2826,0.002529048361,1.886795872e-05,0
2827,0.0009321483085,1.886795872e-05,0
2828,0.0006558287423,1.886795872e-05,0
2829,0.00101436011,1.886795872e-05,0
2830,0.0005506422021,1.886795872e-05,0
2831,0.002936547855,1.886795872e-05,0
2832,0.0001974161714,1.886795872e-05,0
2833,0.0004470800341,1.886795872e-05,0
2834,0.001573863672,1.886795872e-05,0
2835,0.0002644034394,1.886795872e-05,0
2836,0.002421614248,1.886795872e-05,0
2837,0.0006970925024,1.886795872e-05,0
2838,0.000473904598,1.886795872e-05,0
2839,0.001048206002,1.959147085e-05,0
2840,0.0007606498548,1.959147085e-05,0
2841,0.0004049755225,1.959147085e-05,0
2842,0.0002855867788,1.959147085e-05,0
2843,0.0002740751661,1.959147085e-05,0
2844,0.00306734792,1.959147085e-05,0
2845,0.0001327122009,1.959147085e-05,0
2846,0.0002308906405,1.959147085e-05,0
2847,0.0005296661402,1.959147085e-05,0
2848,0.0007039622287,1.959147085e-05,0
2849,0.001550861052,1.959147085e-05,0
2850,0.0007378450246,1.959147085e-05,0
2851,0.002707661595,1.959147085e-05,0
2852,0.001832983573,1.959147085e-05,0
2853,0.0005404251278,1.959147085e-05,0
2854,0.001997483661,1.959147085e-05,0
2855,0.0002383050014,1.959147085e-05,0
2856,0.002911959076,1.959147085e-05,0
2857,0.003818186466,1.959147085e-05,0
2858,0.0002631148382,1.959147085e-05,0
2859,0.0009696911438,1.880707896e-05,0
2860,0.0002266937227,1.880707896e-05,0
2861,0.002862888388,1.880707896e-05,0
2862,0.0004270159116,1.880707896e-05,0
2863,0.0002875129576,1.880707896e-05,0
2864,0.0008480859688,1.880707896e-05,0
2865,0.002091357019,1.880707896e-05,0
2866,0.00115867774,1.880707896e-05,0
2867,0.0007672447828,1.880707896e-05,0
2868,0.002147109248,1.880707896e-05,0
2869,0.000599111605,1.880707896e-05,0
2870,0.002337355865,1.880707896e-05,0
2871,0.0005924194702,1.880707896e-05,0
2872,0.000232478269,1.880707896e-05,0
2873,0.002106578089,1.880707896e-05,0
2874,0.0008465562714,1.880707896e-05,0
2875,0.0008649584488,1.880707896e-05,0
2876,0.0009425369208,1.880707896e-05,0
2877,0.007136519067,1.880707896e-05,0
2878,0.003915374167,1.880707896e-05,0
2879,0.0004135704658,1.867470201e-05,0
2880,0.00138517376,1.867470201e-05,0
2881,0.001953672851,1.867470201e-05,0
2882,0.0003361281706,1.867470201e-05,0
2883,0.0002881367982,1.867470201e-05,0
2884,0.005069931503,1.867470201e-05,0
2885,0.000408856984,1.867470201e-05,0
2886,0.0005256885779,1.867470201e-05,0
2887,0.0005991810467,1.867470201e-05,0
2888,0.0005075401277,1.867470201e-05,0
2889,0.0002872307377,1.867470201e-05,0
2890,0.0002834134502,1.867470201e-05,0
2891,0.0003535418364,1.867470201e-05,0
2892,0.003585218452,1.867470201e-05,0
2893,0.001267300453,1.867470201e-05,0
2894,0.0003532906994,1.867470201e-05,0
2895,0.0006394654629,1.867470201e-05,0
2896,0.002302191453,1.867470201e-05,0
2897,0.0007016158197,1.867470201e-05,0
2898,0.0008589494391,1.867470201e-05,0
2899,0.02057921514,1.800023529e-05,1
2900,0.0002276348969,1.800023529e-05,0
2901,0.000670727226,1.800023529e-05,0
2902,0.001757186837,1.800023529e-05,0
2903,0.0003909861844,1.800023529e-05,0
2904,0.001542430837,1.800023529e-05,0
2905,0.003372135572,1.800023529e-05,0
2906,0.001097236527,1.800023529e-05,0
2907,0.0006582521601,1.800023529e-05,0
2908,0.01496103592,1.800023529e-05,1
2909,0.0003379405243,1.800023529e-05,0
2910,0.0005124067538,1.800023529e-05,0
2911,0.001064820681,1.800023529e-05,0
2912,0.0003950351966,1.800023529e-05,0
2913,0.001429951517,1.800023529e-05,0
2914,0.002197568305,1.800023529e-05,0
2915,0.0002279673063,1.800023529e-05,0
2916,0.0005342282238,1.800023529e-05,0
2917,0.003404810326,1.800023529e-05,0
2918,0.0009096436552,1.800023529e-05,0
2919,0.001878410927,1.824158608e-05,0
2920,0.000700726232,1.824158608e-05,0
2921,0.0003577031894,1.824158608e-05,0
2922,0.0006735228817,1.824158608e-05,0
2923,0.000524738105,1.824158608e-05,0
2924,0.00177155761,1.824158608e-05,0
2925,0.0004127113789,1.824158608e-05,0
2926,0.0006927973591,1.824158608e-05,0
2927,0.0004008979886,1.824158608e-05,0
2928,0.0005541362334,1.824158608e-05,0
2929,0.00590799097,1.824158608e-05,0
2930,0.0004452915164,1.824158608e-05,0
2931,0.001000430668,1.824158608e-05,0
2932,0.001270830282,1.824158608e-05,0
2933,0.000980800949,1.824158608e-05,0
2934,0.0002605185437,1.824158608e-05,0
2935,0.03073543124,1.824158608e-05,1
2936,0.00090837077,1.824158608e-05,0
2937,0.008424527943,1.824158608e-05,1
2938,0.000157914561,1.824158608e-05,0
2939,0.000418200827,1.825769687e-05,0
2940,0.0001827957603,1.825769687e-05,0
2941,0.0006992340786,1.825769687e-05,0
2942,0.001143620233,1.825769687e-05,0
2943,0.001731342752,1.825769687e-05,0
2944,0.003342509735,1.825769687e-05,0
2945,0.0004945376422,1.825769687e-05,0
2946,0.001864237827,1.825769687e-05,0
2947,0.0005009255256,1.825769687e-05,0
2948,0.003650359809,1.825769687e-05,0
2949,0.001161534572,1.825769687e-05,0
2950,0.002104365034,1.825769687e-05,0
2951,0.000301001739,1.825769687e-05,0
2952,0.0003356110537,1.825769687e-05,0
2953,0.0006585644442,1.825769687e-05,0
2954,0.001074118773,1.825769687e-05,0
2955,0.003554999363,1.825769687e-05,0
2956,0.000242192953,1.825769687e-05,0
2957,0.0003292202891,1.825769687e-05,0
2958,0.0005824979162,1.825769687e-05,0
2959,0.001363623305,1.802939187e-05,0
2960,0.0003265396808,1.802939187e-05,0
2961,0.001776154269,1.802939187e-05,0
2962,0.000318122824,1.802939187e-05,0
2963,0.0004340766463,1.802939187e-05,0
2964,0.0003255173797,1.802939187e-05,0
2965,0.002192780143,1.802939187e-05,0
2966,0.01066675782,1.802939187e-05,1
2967,0.001006790437,1.802939187e-05,0
2968,0.00143031613,1.802939187e-05,0
2969,0.00241164444,1.802939187e-05,0
2970,0.001933630323,1.802939187e-05,0
2971,0.001680068672,1.802939187e-05,0
2972,0.0004768981016,1.802939187e-05,0
2973,0.0004645322915,1.802939187e-05,0
2974,0.00134324294,1.802939187e-05,0
2975,0.0005933681387,1.802939187e-05,0
2976,0.001168337534,1.802939187e-05,0
2977,0.0005597527488,1.802939187e-05,0
2978,0.00158857333,1.802939187e-05,0
2979,0.000604184519,2.007206604e-05,0
2980,0.0008719835314,2.007206604e-05,0
2981,0.00104942359,2.007206604e-05,0
2982,0.002524763811,2.007206604e-05,0
2983,0.0001885653037,2.007206604e-05,0
2984,0.0005925078876,2.007206604e-05,0
2985,0.001877279254,2.007206604e-05,0
2986,0.0005232093972,2.007206604e-05,0
2987,0.003096626839,2.007206604e-05,0
2988,0.00109280902,2.007206604e-05,0
2989,0.001066170284,2.007206604e-05,0
2990,0.004423154052,2.007206604e-05,0
2991,0.0003806769091,2.007206604e-05,0
2992,0.001088289195,2.007206604e-05,0
2993,0.000623539614,2.007206604e-05,0
2994,0.0005468396121,2.007206604e-05,0
2995,0.0004075138131,2.007206604e-05,0
2996,0.0005863395054,2.007206604e-05,0
2997,0.0007843961939,2.007206604e-05,0
2998,0.0007968896534,2.007206604e-05,0
2999,0.0008519080002,2.104614578e-05,0
3000,0.0008943785215,2.104614578e-05,0
3001,0.001043927157,2.104614578e-05,0
3002,0.0171121154,2.104614578e-05,1
3003,0.001880363212,2.104614578e-05,0
3004,0.0006111590192,2.104614578e-05,0
3005,0.000663284387,2.104614578e-05,0
3006,0.001913452288,2.104614578e-05,0
3007,0.001870105974,2.104614578e-05,0
3008,0.004591011908,2.104614578e-05,0
3009,0.001716437982,2.104614578e-05,0
3010,0.000363124389,2.104614578e-05,0
3011,0.001793100964,2.104614578e-05,0
3012,0.0007590595051,2.104614578e-05,0
3013,0.0009918755386,2.104614578e-05,0
3014,0.000219610054,2.104614578e-05,0
3015,0.001904942677,2.104614578e-05,0
3016,0.0008868369623,2.104614578e-05,0
3017,0.0003307177976,2.104614578e-05,0
3018,0.001096235937,2.104614578e-05,0
3019,0.0004497224872,2.146721999e-05,0
3020,0.0005183760077,2.146721999e-05,0
3021,0.0005387531128,2.146721999e-05,0
3022,0.0002786728437,2.146721999e-05,0
3023,0.002429947723,2.146721999e-05,0
3024,0.0008285735967,2.146721999e-05,0
3025,0.0003854832612,2.146721999e-05,0
3026,0.0009570387774,2.146721999e-05,0
3027,0.0001954510662,2.146721999e-05,0
3028,0.0003831603972,2.146721999e-05,0
3029,0.0003884163452,2.146721999e-05,0
3030,0.002062743995,2.146721999e-05,0
3031,0.001044389559,2.146721999e-05,0
3032,0.0002952049254,2.146721999e-05,0
3033,0.0006342470297,2.146721999e-05,0
3034,0.001827980508,2.146721999e-05,0
3035,0.006094838493,2.146721999e-05,0
3036,0.002930789022,2.146721999e-05,0
3037,0.0009222655208,2.146721999e-05,0
3038,0.0008960731211,2.146721999e-05,0
3039,0.001783724292,2.142625272e-05,0
3040,0.0002910736948,2.142625272e-05,0
3041,0.0003446849005,2.142625272e-05,0
3042,0.00102257391,2.142625272e-05,0
3043,0.000393107417,2.142625272e-05,0
3044,0.0003531387192,2.142625272e-05,0
3045,0.01122995373,2.142625272e-05,1
3046,0.0007913279696,2.142625272e-05,0
3047,0.0003028277424,2.142625272e-05,0
3048,0.000729447871,2.142625272e-05,0
3049,0.0003967436787,2.142625272e-05,0
3050,0.00127218978,2.142625272e-05,0
3051,0.0004362143518,2.142625272e-05,0
3052,0.0004796676803,2.142625272e-05,0
3053,0.001119654975,2.142625272e-05,0
3054,0.0004609203606,2.142625272e-05,0
3055,0.002433354035,2.142625272e-05,0
3056,0.0003735260689,2.142625272e-05,0
3057,0.002507647034,2.142625272e-05,0
3058,0.001285114442,2.142625272e-05,0
3059,0.001418108353,2.104132909e-05,0
3060,0.0004357522412,2.104132909e-05,0
3061,0.0009462023154,2.104132909e-05,0
3062,0.0002876229119,2.104132909e-05,0
3063,0.002297030995,2.104132909e-05,0
3064,0.0007621241384,2.104132909e-05,0
3065,0.0007482868969,2.104132909e-05,0
3066,0.001284907339,2.104132909e-05,0
3067,0.0006190318381,2.104132909e-05,0
3068,0.0005093511427,2.104132909e-05,0
3069,0.0001341945317,2.104132909e-05,0
3070,0.01229660865,2.104132909e-05,1
3071,0.0003847490589,2.104132909e-05,0
3072,0.002906954614,2.104132909e-05,0
3073,0.0003099424066,2.104132909e-05,0
3074,0.002970366273,2.104132909e-05,0
3075,0.0007657826063,2.104132909e-05,0
3076,0.0002579712018,2.104132909e-05,0
3077,0.002799997339,2.104132909e-05,0
3078,0.0006711988826,2.104132909e-05,0
3079,0.0008376412443,2.086010136e-05,0
3080,0.001418577624,2.086010136e-05,0
3081,0.002605625195,2.086010136e-05,0
3082,0.0008113495423,2.086010136e-05,0
3083,0.002138969488,2.086010136e-05,0
3084,0.002135253744,2.086010136e-05,0
3085,0.00141365442,2.086010136e-05,0
3086,0.0002412355389,2.086010136e-05,0
3087,0.0001278954442,2.086010136e-05,0
3088,0.001401709858,2.086010136e-05,0
3089,0.0002472215565,2.086010136e-05,0
3090,0.003052736633,2.086010136e-05,0
3091,0.0006408977788,2.086010136e-05,0
3092,0.00120914774,2.086010136e-05,0
3093,0.002482652897,2.086010136e-05,0
3094,0.0005543220905,2.086010136e-05,0
3095,0.006145026069,2.086010136e-05,0
3096,0.001617514412,2.086010136e-05,0
3097,0.000267537951,2.086010136e-05,0
3098,0.0009361319244,2.086010136e-05,0
3099,0.0002716711606,2.111475078e-05,0
3100,0.008809776045,2.111475078e-05,1
3101,0.003193074604,2.111475078e-05,0
3102,0.01092149131,2.111475078e-05,1
3103,0.002686054446,2.111475078e-05,0
3104,0.0005770230782,2.111475078e-05,0
3105,0.0004810746759,2.111475078e-05,0
3106,0.0003247317218,2.111475078e-05,0
3107,0.007060077507,2.111475078e-05,0
3108,0.0007431403501,2.111475078e-05,0
3109,0.001116400701,2.111475078e-05,0
3110,0.0002665011561,2.111475078e-05,0
3111,0.001426266157,2.111475078e-05,0
3112,0.0006572542479,2.111475078e-05,0
3113,0.0004243504663,2.111475078e-05,0
3114,0.0006052847602,2.111475078e-05,0
3115,0.0001679382258,2.111475078e-05,0
3116,0.0005277772434,2.111475078e-05,0
3117,0.0005549866473,2.111475078e-05,0
3118,0.0005712970742,2.111475078e-05,0
3119,0.00103142357,2.127005791e-05,0
3120,0.005376221146,2.127005791e-05,0
3121,0.001874798676,2.127005791e-05,0
3122,0.00452433154,2.127005791e-05,0
3123,0.0003558277676,2.127005791e-05,0
3124,0.0005020978861,2.127005791e-05,0
3125,0.0004960801452,2.127005791e-05,0
3126,0.0001310843945,2.127005791e-05,0
3127,0.0003744771529,2.127005791e-05,0
3128,0.001820845297,2.127005791e-05,0
3129,0.001786080189,2.127005791e-05,0
3130,0.003339912975,2.127005791e-05,0
3131,0.0009238856146,2.127005791e-05,0
3132,0.0002870258177,2.127005791e-05,0
3133,0.003987805918,2.127005791e-05,0
3134,0.001121393056,2.127005791e-05,0
3135,0.0009779011598,2.127005791e-05,0
3136,0.0003562478232,2.127005791e-05,0
3137,0.0001474660821,2.127005791e-05,0
3138,0.00141708157,2.127005791e-05,0
3139,0.0004123359395,2.145035069e-05,0
3140,0.002502881223,2.145035069e-05,0
3141,0.001726793707,2.145035069e-05,0
3142,0.003519969527,2.145035069e-05,0
3143,0.0005486282753,2.145035069e-05,0
3144,0.0004280894063,2.145035069e-05,0
3145,0.001025249367,2.145035069e-05,0
3146,0.001532530994,2.145035069e-05,0
3147,0.001882916084,2.145035069e-05,0
3148,0.0002783471136,2.145035069e-05,0
3149,0.003602964804,2.145035069e-05,0
3150,0.0002843657858,2.145035069e-05,0
3151,0.0007449904224,2.145035069e-05,0
3152,0.0003995589796,2.145035069e-05,0
3153,0.001356911031,2.145035069e-05,0
3154,0.001132947044,2.145035069e-05,0
3155,0.003734988393,2.145035069e-05,0
3156,0.003407196375,2.145035069e-05,0
3157,0.0009670199943,2.145035069e-05,0
3158,0.0002351498842,2.145035069e-05,0
3159,0.001592889079,2.161431075e-05,0
3160,0.0005416307249,2.161431075e-05,0
3161,0.0006001018337,2.161431075e-05,0
3162,0.0004917377373,2.161431075e-05,0
3163,0.0006279285881,2.161431075e-05,0
3164,0.0003913211403,2.161431075e-05,0
3165,0.0008720265469,2.161431075e-05,0
3166,0.0006670716684,2.161431075e-05,0
3167,0.0002406878048,2.161431075e-05,0
3168,0.0006952778203,2.161431075e-05,0
3169,0.001462549204,2.161431075e-05,0
3170,0.0007659776602,2.161431075e-05,0
3171,0.0003765186702,2.161431075e-05,0
3172,0.0005507036694,2.161431075e-05,0
3173,0.001147649949,2.161431075e-05,0
3174,0.0004894356825,2.161431075e-05,0
3175,0.0008740746416,2.161431075e-05,0
3176,0.0003290575405,2.161431075e-05,0
3177,0.0003566188971,2.161431075e-05,0
3178,0.0001259161363,2.161431075e-05,0
3179,0.0002055600926,2.160858094e-05,0
3180,0.001513818046,2.160858094e-05,0
3181,0.00041155488,2.160858094e-05,0
3182,0.001562585123,2.160858094e-05,0
3183,0.0003010419314,2.160858094e-05,0
3184,0.001337582711,2.160858094e-05,0
3185,0.000721612887,2.160858094e-05,0
3186,0.005401940551,2.160858094e-05,0
3187,0.00593266869,2.160858094e-05,0
3188,9.772114572e-05,2.160858094e-05,0
3189,0.001357746776,2.160858094e-05,0
3190,0.001244511688,2.160858094e-05,0
3191,0.001162073808,2.160858094e-05,0
3192,0.001375923282,2.160858094e-05,0
3193,0.00105939596,2.160858094e-05,0
3194,0.001331807231,2.160858094e-05,0
3195,0.0004035891034,2.160858094e-05,0
3196,0.0002799532667,2.160858094e-05,0
3197,0.0005670109531,2.160858094e-05,0
3198,0.000313350698,2.160858094e-05,0
3199,0.0007125519915,2.150850742e-05,0
3200,0.0007698165136,2.150850742e-05,0
3201,0.001594190951,2.150850742e-05,0
3202,0.0009704954573,2.150850742e-05,0
3203,0.0002252736303,2.150850742e-05,0
3204,0.0006714919582,2.150850742e-05,0
3205,0.0003067017533,2.150850742e-05,0
3206,0.000749719853,2.150850742e-05,0
3207,0.0007332353271,2.150850742e-05,0
3208,0.001747373259,2.150850742e-05,0
3209,0.002231780905,2.150850742e-05,0
3210,0.0007373133558,2.150850742e-05,0
3211,0.0004577001964,2.150850742e-05,0
3212,0.001499228762,2.150850742e-05,0
3213,0.001782063977,2.150850742e-05,0
3214,0.0005283751525,2.150850742e-05,0
3215,0.0005138601409,2.150850742e-05,0
3216,0.001025905716,2.150850742e-05,0
3217,0.002121029189,2.150850742e-05,0
3218,0.00180326635,2.150850742e-05,0
3219,0.0006544525968,2.165051228e-05,0
3220,0.001312129083,2.165051228e-05,0
3221,0.0003459934378,2.165051228e-05,0
3222,0.000767602527,2.165051228e-05,0
3223,0.001439841348,2.165051228e-05,0
3224,0.0008523659781,2.165051228e-05,0
3225,0.0002222838666,2.165051228e-05,0
3226,0.003057284281,2.165051228e-05,0
3227,0.002938500373,2.165051228e-05,0
3228,0.002531816019,2.165051228e-05,0
3229,0.001412342303,2.165051228e-05,0
3230,0.00090132677,2.165051228e-05,0
3231,0.002099596197,2.165051228e-05,0
3232,0.002908804687,2.165051228e-05,0
3233,0.003975566942,2.165051228e-05,0
3234,0.00224690605,2.165051228e-05,0
3235,0.001316789188,2.165051228e-05,0
3236,0.0002733090369,2.165051228e-05,0
3237,0.0005138544948,2.165051228e-05,0
3238,0.001264109975,2.165051228e-05,0
3239,0.001113643404,2.197795038e-05,0
3240,0.006911929697,2.197795038e-05,0
3241,0.0004844605573,2.197795038e-05,0
3242,0.000820351881,2.197795038e-05,0
3243,0.0008744188235,2.197795038e-05,0
3244,0.0002277760796,2.197795038e-05,0
3245,0.000412956666,2.197795038e-05,0
3246,0.001355888555,2.197795038e-05,0
3247,0.0007519131177,2.197795038e-05,0
3248,0.002144536702,2.197795038e-05,0
3249,0.0007582585094,2.197795038e-05,0
3250,0.0006607690593,2.197795038e-05,0
3251,0.002813514322,2.197795038e-05,0
3252,0.0009462305461,2.197795038e-05,0
3253,0.001299959258,2.197795038e-05,0
3254,0.003172147553,2.197795038e-05,0
3255,0.0009674208704,2.197795038e-05,0
3256,0.0008442741819,2.197795038e-05,0
3257,0.02296007052,2.197795038e-05,1
3258,0.006243412383,2.197795038e-05,0
3259,0.001029062201,2.253388811e-05,0
3260,0.007017621771,2.253388811e-05,0
3261,0.0004313604732,2.253388811e-05,0
3262,0.0006961363833,2.253388811e-05,0
3263,0.0007317702402,2.253388811e-05,0
3264,0.0003799550468,2.253388811e-05,0
3265,0.0005547030596,2.253388811e-05,0
3266,0.004061656073,2.253388811e-05,0
3267,0.0005326931714,2.253388811e-05,0
3268,0.0003099770111,2.253388811e-05,0
3269,0.0005683121271,2.253388811e-05,0
3270,0.0004483255325,2.253388811e-05,0
3271,0.0006083759945,2.253388811e-05,0
3272,0.0001573289774,2.253388811e-05,0
3273,0.01407412719,2.253388811e-05,1
3274,0.0005433814367,2.253388811e-05,0
3275,0.01301753055,2.253388811e-05,1
3276,0.0006454227841,2.253388811e-05,0
3277,0.001310876105,2.253388811e-05,0
3278,0.000929670583,2.253388811e-05,0
3279,0.001880818978,2.226526885e-05,0
3280,0.003147840733,2.226526885e-05,0
3281,0.005310081411,2.226526885e-05,0
3282,0.001851822017,2.226526885e-05,0
3283,0.000338176178,2.226526885e-05,0
3284,0.0007317657,2.226526885e-05,0
3285,0.0004055377503,2.226526885e-05,0
3286,0.0005110169877,2.226526885e-05,0
3287,0.001152230077,2.226526885e-05,0
3288,0.002626589499,2.226526885e-05,0
3289,0.001410962199,2.226526885e-05,0
3290,0.000599326042,2.226526885e-05,0
3291,0.0005102721043,2.226526885e-05,0
3292,0.001578837633,2.226526885e-05,0
3293,0.001387140015,2.226526885e-05,0
3294,0.00068463973,2.226526885e-05,0
3295,0.004754726775,2.226526885e-05,0
3296,0.0003890250518,2.226526885e-05,0
3297,0.0003660685034,2.226526885e-05,0
3298,0.002037072089,2.226526885e-05,0
3299,0.0002627700742,2.194693479e-05,0
3300,0.004048510455,2.194693479e-05,0
3301,0.001359107904,2.194693479e-05,0
3302,0.0004785489291,2.194693479e-05,0
3303,0.001524986932,2.194693479e-05,0
3304,0.0012563325,2.194693479e-05,0
3305,0.004318847321,2.194693479e-05,0
3306,0.01436172519,2.194693479e-05,1
3307,0.0007735928521,2.194693479e-05,0
3308,0.001294994028,2.194693479e-05,0
3309,0.0002818275534,2.194693479e-05,0
3310,0.0007680300041,2.194693479e-05,0
3311,0.001023108722,2.194693479e-05,0
3312,0.0003460127336,2.194693479e-05,0
3313,0.001708013588,2.194693479e-05,0
3314,0.003479163628,2.194693479e-05,0
3315,0.002756495494,2.194693479e-05,0
3316,0.0009322333499,2.194693479e-05,0
3317,0.0008154083043,2.194693479e-05,0
3318,0.0002623875625,2.194693479e-05,0
3319,0.0004546099226,2.139043681e-05,0
3320,0.0004507374833,2.139043681e-05,0
3321,0.001617614762,2.139043681e-05,0
3322,0.001316963811,2.139043681e-05,0
3323,0.002455889946,2.139043681e-05,0
3324,0.0005782653461,2.139043681e-05,0
3325,0.000328739814,2.139043681e-05,0
3326,0.002023105044,2.139043681e-05,0
3327,0.0002022770495,2.139043681e-05,0
3328,0.0005776045728,2.139043681e-05,0
3329,0.0007046347018,2.139043681e-05,0
3330,0.0009849503404,2.139043681e-05,0
3331,0.002488284139,2.139043681e-05,0
3332,0.002467748011,2.139043681e-05,0
3333,0.0005470024771,2.139043681e-05,0
3334,0.0007389008533,2.139043681e-05,0
3335,0.0006215008325,2.139043681e-05,0
3336,0.002030816395,2.139043681e-05,0
3337,0.0006863824674,2.139043681e-05,0
3338,0.0008060272667,2.139043681e-05,0
3339,0.002258557593,2.159665564e-05,0
3340,0.0006103322376,2.159665564e-05,0
3341,0.002934923628,2.159665564e-05,0
3342,0.0008196330164,2.159665564e-05,0
3343,0.0006567032542,2.159665564e-05,0
3344,0.0005222412292,2.159665564e-05,0
3345,0.0002346855181,2.159665564e-05,0
3346,0.0006028019125,2.159665564e-05,0
3347,0.005947700702,2.159665564e-05,0
3348,0.001238123863,2.159665564e-05,0
3349,0.0007861143094,2.159665564e-05,0
3350,0.0003962451592,2.159665564e-05,0
3351,0.0007870629197,2.159665564e-05,0
3352,0.0007792451652,2.159665564e-05,0
3353,0.0006635741447,2.159665564e-05,0
3354,0.0008423142135,2.159665564e-05,0
3355,0.0005178219872,2.159665564e-05,0
3356,0.000538604043,2.159665564e-05,0
3357,0.0002994377865,2.159665564e-05,0
3358,0.001671075006,2.159665564e-05,0
3359,0.0005295804003,2.143642814e-05,0
3360,0.0007992140017,2.143642814e-05,0
3361,0.0001258033153,2.143642814e-05,0
3362,0.003412914695,2.143642814e-05,0
3363,0.003443835536,2.143642814e-05,0
3364,0.0012158436,2.143642814e-05,0
3365,0.001234911964,2.143642814e-05,0
3366,0.001112745493,2.143642814e-05,0
3367,0.0005202718894,2.143642814e-05,0
3368,0.0003778889077,2.143642814e-05,0
3369,0.001573647605,2.143642814e-05,0
3370,0.0004246294266,2.143642814e-05,0
3371,0.002739267191,2.143642814e-05,0
3372,0.0001587654842,2.143642814e-05,0
3373,0.00104659982,2.143642814e-05,0
3374,0.002084217034,2.143642814e-05,0
3375,0.004970704205,2.143642814e-05,0
3376,0.0002716351009,2.143642814e-05,0
3377,0.001459417748,2.143642814e-05,0
3378,0.0005872325855,2.143642814e-05,0
3379,0.0007980404771,2.160236363e-05,0
3380,0.0005759680644,2.160236363e-05,0
3381,0.001436330262,2.160236363e-05,0
3382,0.002781397663,2.160236363e-05,0
3383,0.003288888372,2.160236363e-05,0
3384,0.0002001452522,2.160236363e-05,0
3385,0.0009258671198,2.160236363e-05,0
3386,0.001080956077,2.160236363e-05,0
3387,0.001151682809,2.160236363e-05,0
3388,0.0003280358214,2.160236363e-05,0
3389,0.000654315867,2.160236363e-05,0
3390,0.0005142279551,2.160236363e-05,0
3391,0.001927583246,2.160236363e-05,0
3392,0.0007701432332,2.160236363e-05,0
3393,0.0006476610433,2.160236363e-05,0
3394,0.002425538842,2.160236363e-05,0
3395,0.002132556401,2.160236363e-05,0
3396,0.0001025397069,2.160236363e-05,0
3397,0.0003315555223,2.160236363e-05,0
3398,0.004774876405,2.160236363e-05,0
3399,0.001913285581,2.164583748e-05,0
3400,0.001903857803,2.164583748e-05,0
3401,0.0009745739517,2.164583748e-05,0
3402,0.0005912670167,2.164583748e-05,0
3403,0.0003291354806,2.164583748e-05,0
3404,0.0005571779329,2.164583748e-05,0
3405,0.0003230027505,2.164583748e-05,0
3406,0.0001776671998,2.164583748e-05,0
3407,0.007456175052,2.164583748e-05,1
3408,0.0009719093796,2.164583748e-05,0
3409,0.0004389304086,2.164583748e-05,0
3410,0.001675275853,2.164583748e-05,0
3411,0.0004812342522,2.164583748e-05,0
3412,0.001228339039,2.164583748e-05,0
3413,0.001076067798,2.164583748e-05,0
3414,0.001484691398,2.164583748e-05,0
3415,0.0002584168396,2.164583748e-05,0
3416,0.001447962364,2.164583748e-05,0
3417,0.001529610599,2.164583748e-05,0
3418,0.0006642489461,2.164583748e-05,0
3419,0.0004356449354,2.087212306e-05,0
3420,0.001328416169,2.087212306e-05,0
3421,0.0005198920262,2.087212306e-05,0
3422,0.0008170146029,2.087212306e-05,0
3423,0.002866651397,2.087212306e-05,0
3424,0.0002201946627,2.087212306e-05,0
3425,0.0003160865162,2.087212306e-05,0
3426,0.003492622636,2.087212306e-05,0
3427,0.001850646455,2.087212306e-05,0
3428,0.0002366358094,2.087212306e-05,0
3429,0.001180925174,2.087212306e-05,0
3430,0.0008928783936,2.087212306e-05,0
3431,0.002176207025,2.087212306e-05,0
3432,0.0006251764717,2.087212306e-05,0
3433,0.004666559398,2.087212306e-05,0
3434,0.008024090901,2.087212306e-05,1
3435,0.001155137317,2.087212306e-05,0
3436,0.0004556659551,2.087212306e-05,0
3437,0.001293218811,2.087212306e-05,0
3438,0.0007581057143,2.087212306e-05,0
3439,0.002072838135,2.124321509e-05,0
3440,0.0006070942036,2.124321509e-05,0
3441,0.001004288206,2.124321509e-05,0
3442,0.001077028108,2.124321509e-05,0
3443,0.000347120018,2.124321509e-05,0
3444,0.0006897104322,2.124321509e-05,0
3445,0.001036335016,2.124321509e-05,0
3446,0.0006791874766,2.124321509e-05,0
3447,0.002731821733,2.124321509e-05,0
3448,0.0005211376119,2.124321509e-05,0
3449,0.0003764115681,2.124321509e-05,0
3450,0.001328808255,2.124321509e-05,0
3451,0.0008072348428,2.124321509e-05,0
3452,0.0005673156702,2.124321509e-05,0
3453,0.0003774713259,2.124321509e-05,0
3454,0.0008823841927,2.124321509e-05,0
3455,0.002400128171,2.124321509e-05,0
3456,0.0009364487487,2.124321509e-05,0
3457,0.001359821414,2.124321509e-05,0
3458,0.0004411445698,2.124321509e-05,0
3459,0.0001552126923,2.098010918e-05,0
3460,0.001478334074,2.098010918e-05,0
3461,0.0007361889002,2.098010918e-05,0
3462,0.0009148726822,2.098010918e-05,0
3463,0.0003380667185,2.098010918e-05,0
3464,0.000631723844,2.098010918e-05,0
3465,0.001516452758,2.098010918e-05,0
3466,0.001865110826,2.098010918e-05,0
3467,0.001764160697,2.098010918e-05,0
3468,0.001018536044,2.098010918e-05,0
3469,0.0003127684759,2.098010918e-05,0
3470,0.0007506533293,2.098010918e-05,0
3471,0.002108184388,2.098010918e-05,0
3472,0.0002045068832,2.098010918e-05,0
3473,0.003085454227,2.098010918e-05,0
3474,0.003775404999,2.098010918e-05,0
3475,9.567009693e-05,2.098010918e-05,0
3476,0.0009622269426,2.098010918e-05,0
3477,0.001561767887,2.098010918e-05,0
3478,0.0036851638,2.098010918e-05,0
3479,0.0005237344303,2.118348129e-05,0
3480,0.001027901773,2.118348129e-05,0
3481,0.0003210123396,2.118348129e-05,0
3482,0.001179493847,2.118348129e-05,0
3483,0.000128885571,2.118348129e-05,0
3484,0.0003115741711,2.118348129e-05,0
3485,0.001156468992,2.118348129e-05,0
3486,0.001519418205,2.118348129e-05,0
3487,0.0002132408845,2.118348129e-05,0
3488,0.0003703933326,2.118348129e-05,0
3489,0.0003137375461,2.118348129e-05,0
3490,0.0005205412162,2.118348129e-05,0
3491,0.001274066162,2.118348129e-05,0
3492,0.005407504272,2.118348129e-05,0
3493,0.002362822648,2.118348129e-05,0
3494,0.001727201161,2.118348129e-05,0
3495,0.0005573487142,2.118348129e-05,0
3496,0.00811372418,2.118348129e-05,1
3497,0.001109406701,2.118348129e-05,0
3498,0.0001898208138,2.118348129e-05,0
3499,0.002260447247,2.110971582e-05,0
3500,0.0005123159499,2.110971582e-05,0
3501,0.0001922314113,2.110971582e-05,0
3502,0.0002329414419,2.110971582e-05,0
3503,0.0006536046276,2.110971582e-05,0
3504,0.00378112006,2.110971582e-05,0
3505,0.001445468748,2.110971582e-05,0
3506,0.000768208527,2.110971582e-05,0
3507,0.002688709414,2.110971582e-05,0
3508,0.00118251401,2.110971582e-05,0
3509,0.002987584565,2.110971582e-05,0
3510,0.001114576939,2.110971582e-05,0
3511,0.001130299759,2.110971582e-05,0
3512,0.000336997211,2.110971582e-05,0
3513,0.001296546427,2.110971582e-05,0
3514,0.0003399022971,2.110971582e-05,0
3515,0.0003080698662,2.110971582e-05,0
3516,0.001090408536,2.110971582e-05,0
3517,0.003090634244,2.110971582e-05,0
3518,0.000175855821,2.110971582e-05,0
3519,0.0002713720314,2.15138698e-05,0
3520,0.0005566507461,2.15138698e-05,0
3521,0.0006032412057,2.15138698e-05,0
3522,0.0009601773345,2.15138698e-05,0
3523,0.0003485393827,2.15138698e-05,0
3524,0.001205032808,2.15138698e-05,0
3525,0.003266619286,2.15138698e-05,0
3526,0.0009640945354,2.15138698e-05,0
3527,0.001628833124,2.15138698e-05,0
3528,0.002794482745,2.15138698e-05,0
3529,0.0008923395653,2.15138698e-05,0
3530,0.0007477992913,2.15138698e-05,0
3531,0.0006821683492,2.15138698e-05,0
3532,0.001840119949,2.15138698e-05,0
3533,0.0004248718324,2.15138698e-05,0
3534,0.0009006191394,2.15138698e-05,0
3535,0.001576258917,2.15138698e-05,0
3536,0.001716734259,2.15138698e-05,0
3537,0.0008898266824,2.15138698e-05,0
3538,0.00136388524,2.15138698e-05,0
3539,0.0005338405608,2.112208131e-05,0
3540,0.001184710418,2.112208131e-05,0
3541,0.001522312057,2.112208131e-05,0
3542,0.0003896915878,2.112208131e-05,0
3543,0.001129561802,2.112208131e-05,0
3544,0.0006100694882,2.112208131e-05,0
3545,0.0004686364846,2.112208131e-05,0
3546,0.0002872085315,2.112208131e-05,0
3547,0.0009456411353,2.112208131e-05,0
3548,0.004619412124,2.112208131e-05,0
3549,0.000280348002,2.112208131e-05,0
3550,0.002540896414,2.112208131e-05,0
3551,0.001218759455,2.112208131e-05,0
3552,0.0009919287404,2.112208131e-05,0
3553,0.0005834077601,2.112208131e-05,0
3554,0.0002123852464,2.112208131e-05,0
3555,0.0005101427669,2.112208131e-05,0
3556,0.00181129144,2.112208131e-05,0
3557,0.0006742020487,2.112208131e-05,0
3558,0.0004734113172,2.112208131e-05,0
3559,0.002443540143,2.106871761e-05,0
3560,0.0007343976176,2.106871761e-05,0
3561,0.0002197191061,2.106871761e-05,0
3562,0.0007014698349,2.106871761e-05,0
3563,0.001656823209,2.106871761e-05,0
3564,0.0005822635139,2.106871761e-05,0
3565,0.002574685263,2.106871761e-05,0
3566,0.0004289330973,2.106871761e-05,0
3567,0.000453624787,2.106871761e-05,0
3568,0.001025968697,2.106871761e-05,0
3569,0.002939909697,2.106871761e-05,0
3570,0.0006031442317,2.106871761e-05,0
3571,0.002162763616,2.106871761e-05,0
3572,0.0007962044911,2.106871761e-05,0
3573,0.0009374634246,2.106871761e-05,0
3574,0.001625316334,2.106871761e-05,0
3575,0.0005783897941,2.106871761e-05,0
3576,0.0003826365864,2.106871761e-05,0
3577,0.001012649969,2.106871761e-05,0
3578,0.001350591658,2.106871761e-05,0
3579,0.003085407428,2.114651215e-05,0
3580,0.001530331676,2.114651215e-05,0
3581,0.000141527591,2.114651215e-05,0
3582,0.001912922598,2.114651215e-05,0
3583,0.0007107885322,2.114651215e-05,0
3584,0.0003212995362,2.114651215e-05,0
3585,0.001518094796,2.114651215e-05,0
3586,0.001266902662,2.114651215e-05,0
3587,0.0005758099724,2.114651215e-05,0
3588,0.0009686234407,2.114651215e-05,0
3589,0.002739365213,2.114651215e-05,0
3590,0.001352586434,2.114651215e-05,0
3591,0.0005118871341,2.114651215e-05,0
3592,0.001850534463,2.114651215e-05,0
3593,0.00022591163,2.114651215e-05,0
3594,0.001162140048,2.114651215e-05,0
3595,0.001575590926,2.114651215e-05,0
3596,0.0002649115922,2.114651215e-05,0
3597,0.0006692613242,2.114651215e-05,0
3598,0.0002778247581,2.114651215e-05,0
3599,0.0005945215235,2.024793139e-05,0
3600,0.001986883348,2.024793139e-05,0
3601,0.000570316799,2.024793139e-05,0
3602,0.0002748544503,2.024793139e-05,0
3603,0.002461827593,2.024793139e-05,0
3604,0.001389643643,2.024793139e-05,0
3605,0.0009132438572,2.024793139e-05,0
3606,0.001101034693,2.024793139e-05,0
3607,0.0004807407386,2.024793139e-05,0
3608,0.0005612827372,2.024793139e-05,0
3609,0.0009558581514,2.024793139e-05,0
3610,0.002684395527,2.024793139e-05,0
3611,0.02884889767,2.024793139e-05,1
3612,0.0005760558997,2.024793139e-05,0
3613,0.0004913965822,2.024793139e-05,0
3614,0.0003331371117,2.024793139e-05,0
3615,0.0005612534005,2.024793139e-05,0
3616,0.002153783338,2.024793139e-05,0
3617,0.0002589277574,2.024793139e-05,0
3618,0.001725704642,2.024793139e-05,0
3619,0.001303817728,1.917550071e-05,0
3620,0.001203001477,1.917550071e-05,0
3621,0.001047104946,1.917550071e-05,0
3622,0.0007419317844,1.917550071e-05,0
3623,0.0009779566899,1.917550071e-05,0
3624,0.0002312687138,1.917550071e-05,0
3625,0.002700482029,1.917550071e-05,0
3626,0.000903811364,1.917550071e-05,0
3627,0.00107820367,1.917550071e-05,0
3628,0.0004787937505,1.917550071e-05,0
3629,0.0001755835838,1.917550071e-05,0
3630,0.0007408109377,1.917550071e-05,0
3631,0.0004888989497,1.917550071e-05,0
3632,0.0005498377141,1.917550071e-05,0
3633,0.001321112271,1.917550071e-05,0
3634,0.0007113154861,1.917550071e-05,0
3635,0.001108531142,1.917550071e-05,0
3636,0.0007431972772,1.917550071e-05,0
3637,0.0009223752422,1.917550071e-05,0
3638,0.0003049276711,1.917550071e-05,0
3639,0.0004733235401,1.8281753e-05,0
3640,0.001329211518,1.8281753e-05,0
3641,0.001631326973,1.8281753e-05,0
3642,0.0007141763926,1.8281753e-05,0
3643,0.004332092125,1.8281753e-05,0
3644,0.0003985773656,1.8281753e-05,0
3645,0.0005512530333,1.8281753e-05,0
3646,0.0006073897821,1.8281753e-05,0
3647,0.0007684536977,1.8281753e-05,0
3648,0.0009873302188,1.8281753e-05,0
3649,0.001499096747,1.8281753e-05,0
3650,0.001692451187,1.8281753e-05,0
3651,0.0005235893768,1.8281753e-05,0
3652,0.001113551436,1.8281753e-05,0
3653,0.0005445419229,1.8281753e-05,0
3654,0.002031215699,1.8281753e-05,0
3655,0.001123987488,1.8281753e-05,0
3656,0.0003842491424,1.8281753e-05,0
3657,0.0002304500667,1.8281753e-05,0
3658,0.0006008932833,1.8281753e-05,0
3659,0.0004530423612,1.835575495e-05,0
3660,0.0003357515379,1.835575495e-05,0
3661,0.001934999018,1.835575495e-05,0
3662,0.003991177306,1.835575495e-05,0
3663,0.0003777602396,1.835575495e-05,0
3664,0.0004084116663,1.835575495e-05,0
3665,0.0004204880679,1.835575495e-05,0
3666,0.001474476885,1.835575495e-05,0
3667,0.0004017610918,1.835575495e-05,0
3668,0.0005144857569,1.835575495e-05,0
3669,0.002004276961,1.835575495e-05,0
3670,0.001272447291,1.835575495e-05,0
3671,0.0001502642699,1.835575495e-05,0
3672,0.00115151424,1.835575495e-05,0
3673,0.0005337040639,1.835575495e-05,0
3674,0.0001314723486,1.835575495e-05,0
3675,0.001161546679,1.835575495e-05,0
3676,0.0004222751886,1.835575495e-05,0
3677,0.0003560259065,1.835575495e-05,0
3678,0.001310835709,1.835575495e-05,0
3679,0.000742023869,1.883485311e-05,0
3680,0.000743468001,1.883485311e-05,0
3681,0.00125148287,1.883485311e-05,0
3682,0.001053018263,1.883485311e-05,0
3683,0.0006252027233,1.883485311e-05,0
3684,0.0005499519175,1.883485311e-05,0
3685,0.00235696137,1.883485311e-05,0
3686,0.0001148924348,1.883485311e-05,0
3687,0.0008824427496,1.883485311e-05,0
3688,0.002902284963,1.883485311e-05,0
3689,0.0005802983651,1.883485311e-05,0
3690,0.0006318471278,1.883485311e-05,0
3691,0.001299958094,1.883485311e-05,0
3692,0.0008941426058,1.883485311e-05,0
3693,0.0008005851996,1.883485311e-05,0
3694,0.002492049709,1.883485311e-05,0
3695,0.0004364265187,1.883485311e-05,0
3696,0.0005106628523,1.883485311e-05,0
3697,0.003330669599,1.883485311e-05,0
3698,0.0003586265957,1.883485311e-05,0
3699,0.0005509934854,1.912715743e-05,0
3700,0.00162056624,1.912715743e-05,0
3701,0.001459259656,1.912715743e-05,0
3702,0.001070348313,1.912715743e-05,0
3703,0.0008058740641,1.912715743e-05,0
3704,0.001121066278,1.912715743e-05,0
3705,0.004137071781,1.912715743e-05,0
3706,0.001031977357,1.912715743e-05,0
3707,0.0004280275607,1.912715743e-05,0
3708,0.00175799476,1.912715743e-05,0
3709,0.0005318489857,1.912715743e-05,0
3710,0.001071049366,1.912715743e-05,0
3711,0.0003586759267,1.912715743e-05,0
3712,0.0005413684412,1.912715743e-05,0
3713,0.001056793961,1.912715743e-05,0
3714,0.0002315445308,1.912715743e-05,0
3715,0.000441562006,1.912715743e-05,0
3716,0.001080280053,1.912715743e-05,0
3717,0.001116763218,1.912715743e-05,0
3718,0.0002542965813,1.912715743e-05,0
3719,0.00145506463,1.847077874e-05,0
3720,0.001435264014,1.847077874e-05,0
3721,0.000265196024,1.847077874e-05,0
3722,0.0002809146536,1.847077874e-05,0
3723,0.002994872862,1.847077874e-05,0
3724,0.001009904779,1.847077874e-05,0
3725,0.0006035492988,1.847077874e-05,0
3726,0.0008419167134,1.847077874e-05,0
3727,0.00187920162,1.847077874e-05,0
3728,0.001897395239,1.847077874e-05,0
3729,0.001118204556,1.847077874e-05,0
3730,0.002594390884,1.847077874e-05,0
3731,0.0001859193871,1.847077874e-05,0
3732,0.001881293952,1.847077874e-05,0
3733,0.001099461806,1.847077874e-05,0
3734,0.0007288373308,1.847077874e-05,0
3735,0.0004269447236,1.847077874e-05,0
3736,0.0006340627442,1.847077874e-05,0
3737,0.0008855815395,1.847077874e-05,0
3738,0.0009410949424,1.847077874e-05,0
3739,0.0009843996959,1.894093657e-05,0
3740,0.00177928328,1.894093657e-05,0
3741,0.003950585146,1.894093657e-05,0
3742,0.001182281063,1.894093657e-05,0
3743,0.0007722148439,1.894093657e-05,0
3744,0.0003744263377,1.894093657e-05,0
3745,0.0004888982512,1.894093657e-05,0
3746,0.0008821393712,1.894093657e-05,0
3747,0.006624777336,1.894093657e-05,0
3748,0.002316070255,1.894093657e-05,0
3749,0.0001813191484,1.894093657e-05,0
3750,0.001586726168,1.894093657e-05,0
3751,0.002297978383,1.894093657e-05,0
3752,0.0001586972066,1.894093657e-05,0
3753,0.0006093977718,1.894093657e-05,0
3754,0.0007404268254,1.894093657e-05,0
3755,0.0003192034492,1.894093657e-05,0
3756,0.000378939294,1.894093657e-05,0
3757,0.0003208343405,1.894093657e-05,0
3758,0.0009350994951,1.894093657e-05,0
3759,0.002247476252,1.95106295e-05,0
3760,0.001659239759,1.95106295e-05,0
3761,0.0007376181311,1.95106295e-05,0
3762,0.0002656207653,1.95106295e-05,0
3763,0.001085902797,1.95106295e-05,0
3764,0.0008544796729,1.95106295e-05,0
3765,0.0007576160133,1.95106295e-05,0
3766,0.002305045258,1.95106295e-05,0
3767,0.0005035247304,1.95106295e-05,0
3768,0.0004329063522,1.95106295e-05,0
3769,0.000323220971,1.95106295e-05,0
3770,0.0008225909551,1.95106295e-05,0
3771,0.004011739511,1.95106295e-05,0
3772,0.002455208218,1.95106295e-05,0
3773,0.000504010357,1.95106295e-05,0
3774,0.0004549181031,1.95106295e-05,0
3775,0.0003027967759,1.95106295e-05,0
3776,0.0004392906558,1.95106295e-05,0
3777,0.0004167519801,1.95106295e-05,0
3778,0.001189940958,1.95106295e-05,0
3779,0.0007326341001,1.945220538e-05,0
3780,0.0004494290624,1.945220538e-05,0
3781,0.0004376141878,1.945220538e-05,0
3782,0.0003680827504,1.945220538e-05,0
3783,0.001206932007,1.945220538e-05,0
3784,0.001040589646,1.945220538e-05,0
3785,0.0003224438115,1.945220538e-05,0
3786,0.001028748113,1.945220538e-05,0
3787,0.0003072117106,1.945220538e-05,0
3788,0.001768348273,1.945220538e-05,0
3789,0.001027071732,1.945220538e-05,0
3790,0.0007407432422,1.945220538e-05,0
3791,0.0002785085817,1.945220538e-05,0
3792,0.001906601712,1.945220538e-05,0
3793,0.0002758404589,1.945220538e-05,0
3794,0.0007795508718,1.945220538e-05,0
3795,0.001789364964,1.945220538e-05,0
3796,0.0002825482807,1.945220538e-05,0
3797,0.003434126033,1.945220538e-05,0
3798,0.001545744482,1.945220538e-05,0
3799,0.001485487446,1.990427882e-05,0
3800,0.0001375726424,1.990427882e-05,0
3801,0.0005403787363,1.990427882e-05,0
3802,0.001258429373,1.990427882e-05,0
3803,0.005959555972,1.990427882e-05,0
3804,0.0006877845153,1.990427882e-05,0
3805,0.000702243764,1.990427882e-05,0
3806,0.0007916042232,1.990427882e-05,0
3807,0.0003452883393,1.990427882e-05,0
3808,0.001549301436,1.990427882e-05,0
3809,0.001391731552,1.990427882e-05,0
3810,0.0004416330776,1.990427882e-05,0
3811,0.000249898585,1.990427882e-05,0
3812,0.0003996427986,1.990427882e-05,0
3813,0.0007057291805,1.990427882e-05,0
3814,0.009587533772,1.990427882e-05,1
3815,0.0002894555801,1.990427882e-05,0
3816,0.0003201707441,1.990427882e-05,0
3817,0.001218249672,1.990427882e-05,0
3818,0.0003064039338,1.990427882e-05,0
3819,0.0003908220679,2.021442742e-05,0
3820,0.0005329184933,2.021442742e-05,0
3821,0.0004975618212,2.021442742e-05,0
3822,0.001176435966,2.021442742e-05,0
3823,0.001256931806,2.021442742e-05,0
3824,0.00216563209,2.021442742e-05,0
3825,0.000432661298,2.021442742e-05,0
3826,0.0008769829874,2.021442742e-05,0
3827,0.001031665131,2.021442742e-05,0
3828,0.001892287866,2.021442742e-05,0
3829,0.0005583542516,2.021442742e-05,0
3830,0.001090095844,2.021442742e-05,0
3831,0.0005747698597,2.021442742e-05,0
3832,0.001086390112,2.021442742e-05,0
3833,0.0004485560057,2.021442742e-05,0
3834,0.0005212117103,2.021442742e-05,0
3835,0.0005947651225,2.021442742e-05,0
3836,0.0004707926128,2.021442742e-05,0
3837,0.0006229542196,2.021442742e-05,0
3838,0.001232167939,2.021442742e-05,0
3839,0.0002560692665,2.028001654e-05,0
3840,0.0002490695042,2.028001654e-05,0
3841,0.0007832516567,2.028001654e-05,0
3842,0.0007636335213,2.028001654e-05,0
3843,0.002870080527,2.028001654e-05,0
3844,0.0009291261085,2.028001654e-05,0
3845,0.0004669136251,2.028001654e-05,0
3846,0.0009145669756,2.028001654e-05,0
3847,0.002060698345,2.028001654e-05,0
3848,0.0003387583711,2.028001654e-05,0
3849,0.004979051184,2.028001654e-05,0
3850,0.0002792955493,2.028001654e-05,0
3851,0.001497845864,2.028001654e-05,0
3852,0.001708942116,2.028001654e-05,0
3853,0.002637691563,2.028001654e-05,0
3854,0.004038719926,2.028001654e-05,0
3855,0.000612046977,2.028001654e-05,0
3856,0.0004216330708,2.028001654e-05,0
3857,0.000274652557,2.028001654e-05,0
3858,0.0001589136227,2.028001654e-05,0
3859,0.001584923943,2.072743155e-05,0
3860,0.0009341377299,2.072743155e-05,0
3861,0.003117798828,2.072743155e-05,0
3862,0.01153473463,2.072743155e-05,1
3863,0.000521326845,2.072743155e-05,0
3864,0.0003366205201,2.072743155e-05,0
3865,0.001055022585,2.072743155e-05,0
3866,0.001673616236,2.072743155e-05,0
3867,0.001135690953,2.072743155e-05,0
3868,0.0008930584299,2.072743155e-05,0
3869,0.0007767097559,2.072743155e-05,0
3870,0.002424176782,2.072743155e-05,0
3871,0.001794869429,2.072743155e-05,0
3872,0.0005861051031,2.072743155e-05,0
3873,0.0003215584729,2.072743155e-05,0
3874,0.0009942748584,2.072743155e-05,0
3875,0.0007950250292,2.072743155e-05,0
3876,0.0006193762529,2.072743155e-05,0
3877,0.001854160335,2.072743155e-05,0
3878,0.001252850401,2.072743155e-05,0
3879,0.002447250532,2.094327647e-05,0
3880,0.00115187536,2.094327647e-05,0
3881,0.0001421555789,2.094327647e-05,0
3882,0.0005913199275,2.094327647e-05,0
3883,0.001095763175,2.094327647e-05,0
3884,0.0003062316973,2.094327647e-05,0
3885,0.0009807160823,2.094327647e-05,0
3886,0.0004311010998,2.094327647e-05,0
3887,0.0006011353689,2.094327647e-05,0
3888,0.0005027404986,2.094327647e-05,0
3889,0.002760745818,2.094327647e-05,0
3890,0.0002388277062,2.094327647e-05,0
3891,0.0008482821286,2.094327647e-05,0
3892,0.0009397845133,2.094327647e-05,0
3893,0.000832944992,2.094327647e-05,0
3894,0.003865273204,2.094327647e-05,0
3895,0.004488835111,2.094327647e-05,0
3896,0.00118272088,2.094327647e-05,0
3897,0.005451297387,2.094327647e-05,0
3898,0.0008055366925,2.094327647e-05,0
3899,0.0006700032973,2.114263589e-05,0
3900,0.003064570716,2.114263589e-05,0
3901,0.002665768145,2.114263589e-05,0
3902,0.001087426906,2.114263589e-05,0
3903,0.0007324516191,2.114263589e-05,0
3904,0.001889677485,2.114263589e-05,0
3905,0.003651012667,2.114263589e-05,0
3906,0.001735610422,2.114263589e-05,0
3907,0.001676407177,2.114263589e-05,0
3908,0.002402848098,2.114263589e-05,0
3909,0.0003747823357,2.114263589e-05,0
3910,0.001743888715,2.114263589e-05,0
3911,0.0004299500724,2.114263589e-05,0
3912,0.002207534621,2.114263589e-05,0
3913,0.0008819453069,2.114263589e-05,0
3914,0.0001992428297,2.114263589e-05,0
3915,0.002175178146,2.114263589e-05,0
3916,0.0007109473809,2.114263589e-05,0
3917,0.001282498124,2.114263589e-05,0
3918,0.000484336837,2.114263589e-05,0
3919,0.0005054063513,2.121463513e-05,0
3920,0.0004933358869,2.121463513e-05,0
3921,0.0007859625039,2.121463513e-05,0
3922,0.0002139103453,2.121463513e-05,0
3923,0.002210912062,2.121463513e-05,0
3924,0.0006608422264,2.121463513e-05,0
3925,0.001670803525,2.121463513e-05,0
3926,0.0003940492752,2.121463513e-05,0
3927,0.0004199851828,2.121463513e-05,0
3928,0.001346596633,2.121463513e-05,0
3929,0.0005476212245,2.121463513e-05,0
3930,0.002776751062,2.121463513e-05,0
3931,0.0008150358335,2.121463513e-05,0
3932,0.0007295194082,2.121463513e-05,0
3933,0.00279825693,2.121463513e-05,0
3934,0.000894230383,2.121463513e-05,0
3935,0.001662593917,2.121463513e-05,0
3936,0.0007542174426,2.121463513e-05,0
3937,0.000486305682,2.121463513e-05,0
3938,0.0004482671793,2.121463513e-05,0
3939,0.0007634428912,2.17148754e-05,0
3940,0.0009155494627,2.17148754e-05,0
3941,0.01009941194,2.17148754e-05,1
3942,0.001367115648,2.17148754e-05,0
3943,0.001108789816,2.17148754e-05,0
3944,0.003090507817,2.17148754e-05,0
3945,0.0009832771029,2.17148754e-05,0
3946,0.0004510259314,2.17148754e-05,0
3947,0.0003436265688,2.17148754e-05,0
3948,0.0001702439913,2.17148754e-05,0
3949,0.002255073981,2.17148754e-05,0
3950,0.003095594235,2.17148754e-05,0
3951,0.0001538715878,2.17148754e-05,0
3952,0.00172989408,2.17148754e-05,0
3953,0.001455762191,2.17148754e-05,0
3954,0.000441632088,2.17148754e-05,0
3955,0.0002955777454,2.17148754e-05,0
3956,0.001110111945,2.17148754e-05,0
3957,0.0001059663919,2.17148754e-05,0
3958,0.0004186797596,2.17148754e-05,0
3959,0.0001707513438,2.367054913e-05,0
3960,0.001852340414,2.367054913e-05,0
3961,0.00032889875,2.367054913e-05,0
3962,0.0004818983143,2.367054913e-05,0
3963,0.0005205076304,2.367054913e-05,0
3964,0.001875685062,2.367054913e-05,0
3965,0.0008369481075,2.367054913e-05,0
3966,0.001074217376,2.367054913e-05,0
3967,0.0005540134152,2.367054913e-05,0
3968,0.002411386464,2.367054913e-05,0
3969,0.0008192041423,2.367054913e-05,0
3970,0.0003767732705,2.367054913e-05,0
3971,0.002597519197,2.367054913e-05,0
3972,0.0005590965739,2.367054913e-05,0
3973,0.001008660183,2.367054913e-05,0
3974,0.004783669021,2.367054913e-05,0
3975,0.0008651566459,2.367054913e-05,0
3976,0.0006241525407,2.367054913e-05,0
3977,0.0008934345096,2.367054913e-05,0
3978,0.0005616303533,2.367054913e-05,0
3979,0.0003308349405,2.460222095e-05,0
3980,0.0003122708295,2.460222095e-05,0
3981,0.001335317502,2.460222095e-05,0
3982,0.001471536001,2.460222095e-05,0
3983,0.001434212201,2.460222095e-05,0
3984,0.001388326753,2.460222095e-05,0
3985,0.0003637516056,2.460222095e-05,0
3986,0.003034915775,2.460222095e-05,0
3987,0.0002936024975,2.460222095e-05,0
3988,0.0008665182395,2.460222095e-05,0
3989,0.0009700366063,2.460222095e-05,0
3990,0.000947296212,2.460222095e-05,0
3991,0.0002418037329,2.460222095e-05,0
3992,0.0004734725226,2.460222095e-05,0
3993,0.001533016679,2.460222095e-05,0
3994,0.0009065969498,2.460222095e-05,0
3995,0.001198692247,2.460222095e-05,0
3996,0.001716794679,2.460222095e-05,0
3997,0.000633050804,2.460222095e-05,0
3998,0.0003091870749,2.460222095e-05,0
3999,0.0003366442397,2.466007936e-05,0
4000,0.00102961855,2.466007936e-05,0
4001,0.0006765315775,2.466007936e-05,0
4002,0.003807552392,2.466007936e-05,0
4003,0.002375258133,2.466007936e-05,0
4004,0.0004292886297,2.466007936e-05,0
4005,0.0009658436175,2.466007936e-05,0
4006,0.001502500614,2.466007936e-05,0
4007,0.00122189417,2.466007936e-05,0
4008,0.0001815238502,2.466007936e-05,0
4009,0.0004093271564,2.466007936e-05,0
4010,0.001626314712,2.466007936e-05,0
4011,0.001876000664,2.466007936e-05,0
4012,0.0001622635609,2.466007936e-05,0
4013,0.0008651587414,2.466007936e-05,0
4014,0.0006051640376,2.466007936e-05,0
4015,0.0001683890005,2.466007936e-05,0
4016,0.002335147467,2.466007936e-05,0
4017,0.0002771778381,2.466007936e-05,0
4018,0.0002521840215,2.466007936e-05,0
4019,0.001266532112,2.49802506e-05,0
4020,0.0004790698003,2.49802506e-05,0
4021,0.001976492582,2.49802506e-05,0
4022,0.002731392626,2.49802506e-05,0
4023,0.001488045091,2.49802506e-05,0
4024,0.0008202961762,2.49802506e-05,0
4025,0.001609327155,2.49802506e-05,0
4026,0.0003298353986,2.49802506e-05,0
4027,0.001035086694,2.49802506e-05,0
4028,0.0001997772488,2.49802506e-05,0
4029,0.005286260974,2.49802506e-05,0
4030,0.0003714524501,2.49802506e-05,0
4031,0.001135313534,2.49802506e-05,0
4032,0.0014385822,2.49802506e-05,0
4033,0.0005131573998,2.49802506e-05,0
4034,0.0001548016735,2.49802506e-05,0
4035,0.0005189674557,2.49802506e-05,0
4036,0.0002592566598,2.49802506e-05,0
4037,0.001696456922,2.49802506e-05,0
4038,0.0001982036774,2.49802506e-05,0
4039,0.0001444949303,2.484008473e-05,0
4040,0.0006231659208,2.484008473e-05,0
4041,0.0007498841733,2.484008473e-05,0
4042,0.001705232775,2.484008473e-05,0
4043,0.0003140816116,2.484008473e-05,0
4044,0.0003052590182,2.484008473e-05,0
4045,0.0003381546703,2.484008473e-05,0
4046,0.0008796701441,2.484008473e-05,0
4047,0.0006762570702,2.484008473e-05,0
4048,0.0003833209048,2.484008473e-05,0
4049,0.0004757565039,2.484008473e-05,0
4050,0.0003503416374,2.484008473e-05,0
4051,0.0007189644384,2.484008473e-05,0
4052,0.001460478175,2.484008473e-05,0
4053,0.006071654614,2.484008473e-05,0
4054,0.007979404181,2.484008473e-05,1
4055,0.006614543498,2.484008473e-05,0
4056,0.001113862148,2.484008473e-05,0
4057,0.0005088449107,2.484008473e-05,0
4058,0.0009570682887,2.484008473e-05,0
4059,0.0004086505214,2.48864817e-05,0
4060,0.0009393028449,2.48864817e-05,0
4061,0.001398277353,2.48864817e-05,0
4062,0.001308719744,2.48864817e-05,0
4063,0.001737498911,2.48864817e-05,0
4064,0.0007551527815,2.48864817e-05,0
4065,0.0004481460201,2.48864817e-05,0
4066,0.001374830958,2.48864817e-05,0
4067,0.0001874734444,2.48864817e-05,0
4068,0.00131203339,2.48864817e-05,0
4069,0.0008268826059,2.48864817e-05,0
4070,0.0003128804092,2.48864817e-05,0
4071,0.001816299511,2.48864817e-05,0
4072,0.0002656341821,2.48864817e-05,0
4073,0.002208388411,2.48864817e-05,0
4074,0.0003365735174,2.48864817e-05,0
4075,0.0008740464109,2.48864817e-05,0
4076,0.0001395670843,2.48864817e-05,0
4077,0.0007168155862,2.48864817e-05,0
4078,0.0005043432466,2.48864817e-05,0
4079,0.0005241933395,2.453936031e-05,0
4080,0.001389279263,2.453936031e-05,0
4081,0.0004776675196,2.453936031e-05,0
4082,0.0003542971099,2.453936031e-05,0
4083,0.001507477718,2.453936031e-05,0
4084,0.002841590438,2.453936031e-05,0
4085,0.00102171849,2.453936031e-05,0
4086,0.001021791133,2.453936031e-05,0
4087,0.003121273592,2.453936031e-05,0
4088,8.83530156e-05,2.453936031e-05,0
4089,0.0009075758862,2.453936031e-05,0
4090,0.001341231517,2.453936031e-05,0
4091,0.0009959160816,2.453936031e-05,0
4092,0.0004445234372,2.453936031e-05,0
4093,0.001094652805,2.453936031e-05,0
4094,0.0004225721641,2.453936031e-05,0
4095,0.0001634253276,2.453936031e-05,0
4096,0.002843499882,2.453936031e-05,0
4097,0.000644645188,2.453936031e-05,0
4098,0.000163863835,2.453936031e-05,0
4099,0.0001865114464,2.535782733e-05,0
4100,0.02167990431,2.535782733e-05,1
4101,0.00170350587,2.535782733e-05,0
4102,0.001291859313,2.535782733e-05,0
4103,0.0008779857308,2.535782733e-05,0
4104,0.0003616764443,2.535782733e-05,0
4105,0.0002297369792,2.535782733e-05,0
4106,0.0006759265088,2.535782733e-05,0
4107,0.0009867766639,2.535782733e-05,0
4108,0.0004775458365,2.535782733e-05,0
4109,0.0005715682055,2.535782733e-05,0
4110,0.0003508437658,2.535782733e-05,0
4111,0.001130697201,2.535782733e-05,0
4112,0.004486204125,2.535782733e-05,0
4113,0.01088758186,2.535782733e-05,1
4114,0.004034487531,2.535782733e-05,0
4115,0.0002513114596,2.535782733e-05,0
4116,0.0009419151465,2.535782733e-05,0
4117,0.0003206016845,2.535782733e-05,0
4118,0.0008390430012,2.535782733e-05,0
4119,0.000318187871,2.604216206e-05,0
4120,0.001291600056,2.604216206e-05,0
4121,0.005630041938,2.604216206e-05,0
4122,0.0007484151865,2.604216206e-05,0
4123,0.0003777316306,2.604216206e-05,0
4124,0.002807534067,2.604216206e-05,0
4125,0.001330150175,2.604216206e-05,0
4126,0.007188011426,2.604216206e-05,0
4127,0.001446992974,2.604216206e-05,0
4128,0.001108546741,2.604216206e-05,0
4129,0.001946746488,2.604216206e-05,0
4130,0.0002957999241,2.604216206e-05,0
4131,0.0008772176225,2.604216206e-05,0
4132,0.0001251376525,2.604216206e-05,0
4133,0.0003086499928,2.604216206e-05,0
4134,0.0003854625102,2.604216206e-05,0
4135,0.0003025340266,2.604216206e-05,0
4136,0.0009120654431,2.604216206e-05,0
4137,0.006105617154,2.604216206e-05,0
4138,0.002439458156,2.604216206e-05,0
4139,0.000708743697,2.617880091e-05,0
4140,0.0002886787406,2.617880091e-05,0
4141,0.006019910797,2.617880091e-05,0
4142,0.001757302554,2.617880091e-05,0
4143,0.001122911461,2.617880091e-05,0
4144,0.0005895703798,2.617880091e-05,0
4145,0.002266166033,2.617880091e-05,0
4146,0.001699044486,2.617880091e-05,0
4147,0.005732339807,2.617880091e-05,0
4148,0.00243251794,2.617880091e-05,0
4149,0.0005259030149,2.617880091e-05,0
4150,0.000899284496,2.617880091e-05,0
4151,0.0003816557291,2.617880091e-05,0
4152,0.0005774045712,2.617880091e-05,0
4153,0.0004660828563,2.617880091e-05,0
4154,0.0002074253571,2.617880091e-05,0
4155,0.001595992595,2.617880091e-05,0
4156,0.004145059269,2.617880091e-05,0
4157,0.001411906676,2.617880091e-05,0
4158,0.001432458288,2.617880091e-05,0
4159,0.003864964703,2.588809912e-05,0
4160,0.001109724864,2.588809912e-05,0
4161,0.005074011628,2.588809912e-05,0
4162,0.0006958557642,2.588809912e-05,0
4163,0.003976592328,2.588809912e-05,0
4164,0.0007239091792,2.588809912e-05,0
4165,0.004498343915,2.588809912e-05,0
4166,0.01106950361,2.588809912e-05,1
4167,0.0009104023338,2.588809912e-05,0
4168,0.0006908414653,2.588809912e-05,0
4169,0.004475071561,2.588809912e-05,0
4170,0.003530715592,2.588809912e-05,0
4171,0.01063622534,2.588809912e-05,1
4172,0.0002564139431,2.588809912e-05,0
4173,0.0004518895003,2.588809912e-05,0
4174,0.001630794141,2.588809912e-05,0
4175,0.0001014610243,2.588809912e-05,0
4176,0.0002685000363,2.588809912e-05,0
4177,0.001241902006,2.588809912e-05,0
4178,0.001362306415,2.588809912e-05,0
4179,0.0001314836845,2.595740625e-05,0
4180,0.0001630363404,2.595740625e-05,0
4181,0.0004012099234,2.595740625e-05,0
4182,0.001941123512,2.595740625e-05,0
4183,0.001034264686,2.595740625e-05,0
4184,0.00207046885,2.595740625e-05,0
4185,0.0003999831679,2.595740625e-05,0
4186,0.0002563047456,2.595740625e-05,0
4187,0.0006218797062,2.595740625e-05,0
4188,0.0001154835918,2.595740625e-05,0
4189,0.001084039919,2.595740625e-05,0
4190,0.0005460608518,2.595740625e-05,0
4191,0.0004676830722,2.595740625e-05,0
4192,0.005142341368,2.595740625e-05,0
4193,0.0009167631506,2.595740625e-05,0
4194,0.002462094883,2.595740625e-05,0
4195,0.0007260307902,2.595740625e-05,0
4196,0.0009176732856,2.595740625e-05,0
4197,0.001628358033,2.595740625e-05,0
4198,0.001658455003,2.595740625e-05,0
4199,0.0001913207961,2.601476444e-05,0
4200,0.0003444578615,2.601476444e-05,0
4201,0.0006666551344,2.601476444e-05,0
4202,0.001603254816,2.601476444e-05,0
4203,0.0006148420507,2.601476444e-05,0
4204,0.0002654597338,2.601476444e-05,0
4205,0.002014484024,2.601476444e-05,0
4206,0.0007310021319,2.601476444e-05,0
4207,0.002194094937,2.601476444e-05,0
4208,0.001534403535,2.601476444e-05,0
4209,0.006176465657,2.601476444e-05,0
4210,0.001292522298,2.601476444e-05,0
4211,0.0003982421476,2.601476444e-05,0
4212,0.0008935277001,2.601476444e-05,0
4213,0.001148174168,2.601476444e-05,0
4214,0.0004025413946,2.601476444e-05,0
4215,0.0002341212821,2.601476444e-05,0
4216,0.000670574198,2.601476444e-05,0
4217,0.001056130859,2.601476444e-05,0
4218,0.003535994096,2.601476444e-05,0
4219,0.0001961265953,2.662818042e-05,0
4220,0.0001976124768,2.662818042e-05,0
4221,0.0009903974133,2.662818042e-05,0
4222,0.0009819265688,2.662818042e-05,0
4223,0.001622199779,2.662818042e-05,0
4224,0.004587829113,2.662818042e-05,0
4225,0.0005895654322,2.662818042e-05,0
4226,0.0005718293251,2.662818042e-05,0
4227,0.001609890489,2.662818042e-05,0
4228,0.001680870773,2.662818042e-05,0
4229,0.0003376570821,2.662818042e-05,0
4230,0.000162641707,2.662818042e-05,0
4231,0.01565061323,2.662818042e-05,1
4232,0.0007827607915,2.662818042e-05,0
4233,0.0001902118092,2.662818042e-05,0
4234,0.0002775373287,2.662818042e-05,0
4235,0.00155369984,2.662818042e-05,0
4236,0.0002700785117,2.662818042e-05,0
4237,0.001278030686,2.662818042e-05,0
4238,0.00600626599,2.662818042e-05,0
4239,0.0006694425829,2.702900019e-05,0
4240,0.001493904972,2.702900019e-05,0
4241,0.0005411694292,2.702900019e-05,0
4242,0.0006255381741,2.702900019e-05,0
4243,0.001870330889,2.702900019e-05,0
4244,0.0001462094951,2.702900019e-05,0
4245,0.0005135210231,2.702900019e-05,0
4246,0.00069859426,2.702900019e-05,0
4247,0.0004065786197,2.702900019e-05,0
4248,0.000665803731,2.702900019e-05,0
4249,0.0007795073907,2.702900019e-05,0
4250,0.0003529630485,2.702900019e-05,0
4251,0.002540986519,2.702900019e-05,0
4252,0.0005655665882,2.702900019e-05,0
4253,0.0003400117566,2.702900019e-05,0
4254,0.0010416765,2.702900019e-05,0
4255,0.001583468751,2.702900019e-05,0
4256,0.001271841465,2.702900019e-05,0
4257,0.0002940286649,2.702900019e-05,0
4258,0.0008008250734,2.702900019e-05,0
4259,0.004102845211,2.748093357e-05,0
4260,0.0003777564561,2.748093357e-05,0
4261,0.0003270700399,2.748093357e-05,0
4262,0.0005236410652,2.748093357e-05,0
4263,0.006952487398,2.748093357e-05,0
4264,0.0007865048829,2.748093357e-05,0
4265,0.0005800851504,2.748093357e-05,0
4266,0.002250276273,2.748093357e-05,0
4267,0.001230839407,2.748093357e-05,0
4268,0.0007660501287,2.748093357e-05,0
4269,0.000882123597,2.748093357e-05,0
4270,0.001247022534,2.748093357e-05,0
4271,0.0007395797875,2.748093357e-05,0
4272,0.0001755387493,2.748093357e-05,0
4273,0.0004672593495,2.748093357e-05,0
4274,0.001898795599,2.748093357e-05,0
4275,0.002898147097,2.748093357e-05,0
4276,0.0003883696918,2.748093357e-05,0
4277,0.006895054597,2.748093357e-05,0
4278,0.0005227221991,2.748093357e-05,0
4279,0.0004232552601,2.817109453e-05,0
4280,0.0004673838848,2.817109453e-05,0
4281,0.0003433466482,2.817109453e-05,0
4282,0.0008344318485,2.817109453e-05,0
4283,0.00196048012,2.817109453e-05,0
4284,0.0009020115831,2.817109453e-05,0
4285,0.001028658706,2.817109453e-05,0
4286,0.008263133466,2.817109453e-05,1
4287,0.001129239914,2.817109453e-05,0
4288,0.00131651992,2.817109453e-05,0
4289,0.0002739973133,2.817109453e-05,0
4290,0.003747476032,2.817109453e-05,0
4291,0.0004520439834,2.817109453e-05,0
4292,0.00158774422,2.817109453e-05,0
4293,0.0008372280863,2.817109453e-05,0
4294,0.000882373366,2.817109453e-05,0
4295,0.004380849656,2.817109453e-05,0
4296,0.00156113063,2.817109453e-05,0
4297,0.0009399763658,2.817109453e-05,0
4298,0.0003408335033,2.817109453e-05,0
4299,0.0002118292323,2.794576903e-05,0
4300,0.0007043102523,2.794576903e-05,0
4301,0.001054654946,2.794576903e-05,0
4302,0.000494075648,2.794576903e-05,0
4303,0.0009396328242,2.794576903e-05,0
4304,0.0006549071404,2.794576903e-05,0
4305,0.0002234970598,2.794576903e-05,0
4306,0.00543612428,2.794576903e-05,0
4307,0.001683807932,2.794576903e-05,0
4308,0.0004289474746,2.794576903e-05,0
4309,0.0002788986312,2.794576903e-05,0
4310,0.0002048661263,2.794576903e-05,0
4311,0.0009405361488,2.794576903e-05,0
4312,0.0003534634598,2.794576903e-05,0
4313,0.0007046711398,2.794576903e-05,0
4314,0.0005401731469,2.794576903e-05,0
4315,0.002564271912,2.794576903e-05,0
4316,0.0006893057725,2.794576903e-05,0
4317,0.002866705181,2.794576903e-05,0
4318,0.0002167837229,2.794576903e-05,0
4319,0.04090817273,2.840023444e-05,1
4320,0.0007525969995,2.840023444e-05,0
4321,0.008463243954,2.840023444e-05,1
4322,0.0003997654712,2.840023444e-05,0
4323,0.0004587183066,2.840023444e-05,0
4324,0.003048818558,2.840023444e-05,0
4325,0.001974424813,2.840023444e-05,0
4326,0.002527913311,2.840023444e-05,0
4327,0.0009307924774,2.840023444e-05,0
4328,0.0006553214043,2.840023444e-05,0
4329,0.001012282562,2.840023444e-05,0
4330,0.0005505809677,2.840023444e-05,0
4331,0.002935664263,2.840023444e-05,0
4332,0.0001972638565,2.840023444e-05,0
4333,0.0004467576509,2.840023444e-05,0
4334,0.001571702305,2.840023444e-05,0
4335,0.0002635688288,2.840023444e-05,0
4336,0.002422803547,2.840023444e-05,0
4337,0.0006964466302,2.840023444e-05,0
4338,0.0004762532189,2.840023444e-05,0
4339,0.001046201563,2.877166844e-05,0
4340,0.0007605014835,2.877166844e-05,0
4341,0.0004038330226,2.877166844e-05,0
4342,0.0002848205622,2.877166844e-05,0
4343,0.000272868434,2.877166844e-05,0
4344,0.003066129284,2.877166844e-05,0
4345,0.0001325112826,2.877166844e-05,0
4346,0.0002301425411,2.877166844e-05,0
4347,0.0005296943127,2.877166844e-05,0
4348,0.0007037783507,2.877166844e-05,0
4349,0.00154962088,2.877166844e-05,0
4350,0.0007387644146,2.877166844e-05,0
4351,0.002708115149,2.877166844e-05,0
4352,0.0018316817,2.877166844e-05,0
4353,0.0005390170845,2.877166844e-05,0
4354,0.001997204497,2.877166844e-05,0
4355,0.0002383036335,2.877166844e-05,0
4356,0.002911783988,2.877166844e-05,0
4357,0.003819451435,2.877166844e-05,0
4358,0.0002635203418,2.877166844e-05,0
4359,0.0009696684428,2.776865585e-05,0
4360,0.0002261672635,2.776865585e-05,0
4361,0.00286477129,2.776865585e-05,0
4362,0.0004269854398,2.776865585e-05,0
4363,0.0002876970684,2.776865585e-05,0
4364,0.0008485864964,2.776865585e-05,0
4365,0.002091318369,2.776865585e-05,0
4366,0.001156803221,2.776865585e-05,0
4367,0.000767674821,2.776865585e-05,0
4368,0.002147678751,2.776865585e-05,0
4369,0.0005993680679,2.776865585e-05,0
4370,0.0023359349,2.776865585e-05,0
4371,0.0005908787134,2.776865585e-05,0
4372,0.0002319383057,2.776865585e-05,0
4373,0.002105480526,2.776865585e-05,0
4374,0.0008468800806,2.776865585e-05,0
4375,0.0008625276969,2.776865585e-05,0
4376,0.0009428939666,2.776865585e-05,0
4377,0.007131189108,2.776865585e-05,0
4378,0.003920045216,2.776865585e-05,0
4379,0.000412807276,2.848457007e-05,0
4380,0.001384257572,2.848457007e-05,0
4381,0.001952036051,2.848457007e-05,0
4382,0.0003361106501,2.848457007e-05,0
4383,0.0002874617348,2.848457007e-05,0
4384,0.005068402272,2.848457007e-05,0
4385,0.0004084927205,2.848457007e-05,0
4386,0.0005245170905,2.848457007e-05,0
4387,0.0005999151617,2.848457007e-05,0
4388,0.0005054370849,2.848457007e-05,0
4389,0.000286643859,2.848457007e-05,0
4390,0.0002818782814,2.848457007e-05,0
4391,0.0003537173034,2.848457007e-05,0
4392,0.003586827777,2.848457007e-05,0
4393,0.001268754713,2.848457007e-05,0
4394,0.0003524963686,2.848457007e-05,0
4395,0.0006399436388,2.848457007e-05,0
4396,0.002301973989,2.848457007e-05,0
4397,0.0006994776777,2.848457007e-05,0
4398,0.0008582930313,2.848457007e-05,0
4399,0.02058569528,2.921773194e-05,1
4400,0.000227552533,2.921773194e-05,0
4401,0.0006693281466,2.921773194e-05,0
4402,0.001757684164,2.921773194e-05,0
4403,0.000392313028,2.921773194e-05,0
4404,0.001540650963,2.921773194e-05,0
4405,0.003371098777,2.921773194e-05,0
4406,0.001095300307,2.921773194e-05,0
4407,0.0006585614756,2.921773194e-05,0
4408,0.01495810784,2.921773194e-05,1
4409,0.0003364117874,2.921773194e-05,0
4410,0.000511532824,2.921773194e-05,0
4411,0.001066055615,2.921773194e-05,0
4412,0.0003957380541,2.921773194e-05,0
4413,0.001427411335,2.921773194e-05,0
4414,0.002197707305,2.921773194e-05,0
4415,0.0002263459028,2.921773194e-05,0
4416,0.0005335306632,2.921773194e-05,0
4417,0.003404515795,2.921773194e-05,0
4418,0.0009072206449,2.921773194e-05,0
4419,0.001877372968,2.781684088e-05,0
4420,0.0006995105068,2.781684088e-05,0
4421,0.0003563445061,2.781684088e-05,0
4422,0.0006730570458,2.781684088e-05,0
4423,0.0005223763292,2.781684088e-05,0
4424,0.001771230716,2.781684088e-05,0
4425,0.0004115763295,2.781684088e-05,0
4426,0.0006925333873,2.781684088e-05,0
4427,0.0004002920759,2.781684088e-05,0
4428,0.000553487509,2.781684088e-05,0
4429,0.005910706241,2.781684088e-05,0
4430,0.000444928708,2.781684088e-05,0
4431,0.0009979327442,2.781684088e-05,0
4432,0.001270502224,2.781684088e-05,0
4433,0.0009799944237,2.781684088e-05,0
4434,0.0002600809094,2.781684088e-05,0
4435,0.03073914535,2.781684088e-05,1
4436,0.0009080712916,2.781684088e-05,0
4437,0.008424116299,2.781684088e-05,1
4438,0.0001576888608,2.781684088e-05,0
4439,0.0004185201833,2.878646228e-05,0
4440,0.0001823953935,2.878646228e-05,0
4441,0.0006979203899,2.878646228e-05,0
4442,0.001142360037,2.878646228e-05,0
4443,0.001729504089,2.878646228e-05,0
4444,0.003343812888,2.878646228e-05,0
4445,0.0004941548686,2.878646228e-05,0
4446,0.001862923033,2.878646228e-05,0
4447,0.0005008765147,2.878646228e-05,0
4448,0.003647453384,2.878646228e-05,0
4449,0.001160575775,2.878646228e-05,0
4450,0.002103501931,2.878646228e-05,0
4451,0.0003012759553,2.878646228e-05,0
4452,0.0003349904437,2.878646228e-05,0
4453,0.0006584476796,2.878646228e-05,0
4454,0.001071999781,2.878646228e-05,0
4455,0.003553265706,2.878646228e-05,0
4456,0.0002419126249,2.878646228e-05,0
4457,0.0003286941501,2.878646228e-05,0
4458,0.00058187166,2.878646228e-05,0
4459,0.00136290607,2.864652924e-05,0
4460,0.000326097972,2.864652924e-05,0
4461,0.001773410593,2.864652924e-05,0
4462,0.0003176147002,2.864652924e-05,0
4463,0.0004333118268,2.864652924e-05,0
4464,0.0003246320121,2.864652924e-05,0
4465,0.002192005515,2.864652924e-05,0
4466,0.010664423,2.864652924e-05,1
4467,0.001004846883,2.864652924e-05,0
4468,0.001429509255,2.864652924e-05,0
4469,0.002410368295,2.864652924e-05,0
4470,0.001932281302,2.864652924e-05,0
4471,0.001678443979,2.864652924e-05,0
4472,0.000476359739,2.864652924e-05,0
4473,0.0004641127016,2.864652924e-05,0
4474,0.001342839096,2.864652924e-05,0
4475,0.0005927727907,2.864652924e-05,0
4476,0.001168166287,2.864652924e-05,0
4477,0.0005595876137,2.864652924e-05,0
4478,0.001587051782,2.864652924e-05,0
4479,0.0006039513974,2.992905502e-05,0
4480,0.0008704828797,2.992905502e-05,0
4481,0.00104892056,2.992905502e-05,0
4482,0.002523987787,2.992905502e-05,0
4483,0.0001880869677,2.992905502e-05,0
4484,0.0005921305856,2.992905502e-05,0
4485,0.001876580645,2.992905502e-05,0
4486,0.0005225514178,2.992905502e-05,0
4487,0.003095626133,2.992905502e-05,0
4488,0.0010925635,2.992905502e-05,0
4489,0.00106540299,2.992905502e-05,0
4490,0.004421309102,2.992905502e-05,0
4491,0.0003803856671,2.992905502e-05,0
4492,0.001087343087,2.992905502e-05,0
4493,0.0006235718029,2.992905502e-05,0
4494,0.000546132098,2.992905502e-05,0
4495,0.0004071180883,2.992905502e-05,0
4496,0.0005860679667,2.992905502e-05,0
4497,0.0007836357108,2.992905502e-05,0
4498,0.0007956427871,2.992905502e-05,0
4499,0.0008514372748,3.045226913e-05,0
4500,0.000894324563,3.045226913e-05,0
4501,0.001043776865,3.045226913e-05,0
4502,0.01711225323,3.045226913e-05,1
4503,0.001880520722,3.045226913e-05,0
4504,0.0006111629773,3.045226913e-05,0
4505,0.0006632495206,3.045226913e-05,0
4506,0.001913548098,3.045226913e-05,0
4507,0.001869697124,3.045226913e-05,0
4508,0.004591311328,3.045226913e-05,0
4509,0.001716397703,3.045226913e-05,0
4510,0.0003633454326,3.045226913e-05,0
4511,0.001792967669,3.045226913e-05,0
4512,0.0007590237656,3.045226913e-05,0
4513,0.0009917775169,3.045226913e-05,0
4514,0.0002195796696,3.045226913e-05,0
4515,0.001905608457,3.045226913e-05,0
4516,0.0008864539559,3.045226913e-05,0
4517,0.0003307700972,3.045226913e-05,0
4518,0.001096689259,3.045226913e-05,0
4519,0.0004499235365,3.092008774e-05,0
4520,0.0005183013272,3.092008774e-05,0
4521,0.00053841708,3.092008774e-05,0
4522,0.0002785920806,3.092008774e-05,0
4523,0.002429929096,3.092008774e-05,0
4524,0.0008280850598,3.092008774e-05,0
4525,0.0003855011309,3.092008774e-05,0
4526,0.0009567394736,3.092008774e-05,0
4527,0.000195417073,3.092008774e-05,0
4528,0.0003832652583,3.092008774e-05,0
4529,0.0003884472826,3.092008774e-05,0
4530,0.002064300235,3.092008774e-05,0
4531,0.001044282457,3.092008774e-05,0
4532,0.0002954073134,3.092008774e-05,0
4533,0.0006340205437,3.092008774e-05,0
4534,0.001829778543,3.092008774e-05,0
4535,0.006095584948,3.092008774e-05,0
4536,0.002930153394,3.092008774e-05,0
4537,0.0009217414772,3.092008774e-05,0
4538,0.0008954331861,3.092008774e-05,0
4539,0.001783462125,3.100940739e-05,0
4540,0.0002908649622,3.100940739e-05,0
4541,0.0003444831818,3.100940739e-05,0
4542,0.001022682525,3.100940739e-05,0
4543,0.0003931919928,3.100940739e-05,0
4544,0.0003531643306,3.100940739e-05,0
4545,0.01122899819,3.100940739e-05,1
4546,0.0007907800027,3.100940739e-05,0
4547,0.0003029066138,3.100940739e-05,0
4548,0.0007296738913,3.100940739e-05,0
4549,0.0003970801481,3.100940739e-05,0
4550,0.001272281632,3.100940739e-05,0
4551,0.0004355312849,3.100940739e-05,0
4552,0.0004801395116,3.100940739e-05,0
4553,0.001119019696,3.100940739e-05,0
4554,0.000460969808,3.100940739e-05,0
4555,0.002432342386,3.100940739e-05,0
4556,0.0003733880294,3.100940739e-05,0
4557,0.002507805126,3.100940739e-05,0
4558,0.001285702805,3.100940739e-05,0
4559,0.00141878461,3.059698429e-05,0
4560,0.0004354792472,3.059698429e-05,0
4561,0.0009454119718,3.059698429e-05,0
4562,0.0002877192164,3.059698429e-05,0
4563,0.00229619164,3.059698429e-05,0
4564,0.0007620936376,3.059698429e-05,0
4565,0.0007487731637,3.059698429e-05,0
4566,0.001284810714,3.059698429e-05,0
4567,0.0006197975017,3.059698429e-05,0
4568,0.0005089516635,3.059698429e-05,0
4569,0.0001340554445,3.059698429e-05,0
4570,0.01229683962,3.059698429e-05,1
4571,0.0003844653256,3.059698429e-05,0
4572,0.002906660549,3.059698429e-05,0
4573,0.0003100018657,3.059698429e-05,0
4574,0.002970702248,3.059698429e-05,0
4575,0.0007645547157,3.059698429e-05,0
4576,0.0002572854573,3.059698429e-05,0
4577,0.002800238784,3.059698429e-05,0
4578,0.0006714829942,3.059698429e-05,0
4579,0.000837952015,3.095480861e-05,0
4580,0.001418596716,3.095480861e-05,0
4581,0.002605075715,3.095480861e-05,0
4582,0.0008115886012,3.095480861e-05,0
4583,0.002137291245,3.095480861e-05,0
4584,0.002134283073,3.095480861e-05,0
4585,0.001413063961,3.095480861e-05,0
4586,0.0002413013717,3.095480861e-05,0
4587,0.0001275580289,3.095480861e-05,0
4588,0.001401016954,3.095480861e-05,0
4589,0.0002471124462,3.095480861e-05,0
4590,0.003053772962,3.095480861e-05,0
4591,0.0006409440539,3.095480861e-05,0
4592,0.001209506299,3.095480861e-05,0
4593,0.002481497824,3.095480861e-05,0
4594,0.0005532907089,3.095480861e-05,0
4595,0.006142216269,3.095480861e-05,0
4596,0.001616621972,3.095480861e-05,0
4597,0.0002671270049,3.095480861e-05,0
4598,0.0009363532881,3.095480861e-05,0
4599,0.0002715568116,3.056778223e-05,0
4600,0.008810605854,3.056778223e-05,1
4601,0.003192886477,3.056778223e-05,0
4602,0.01092142891,3.056778223e-05,1
4603,0.002685064217,3.056778223e-05,0
4604,0.0005770534626,3.056778223e-05,0
4605,0.0004801395989,3.056778223e-05,0
4606,0.0003244645195,3.056778223e-05,0
4607,0.007059725001,3.056778223e-05,0
4608,0.0007455745945,3.056778223e-05,0
4609,0.0011162546,3.056778223e-05,0
4610,0.0002669562527,3.056778223e-05,0
4611,0.001426547766,3.056778223e-05,0
4612,0.0006572123966,3.056778223e-05,0
4613,0.0004255493986,3.056778223e-05,0
4614,0.0006047968636,3.056778223e-05,0
4615,0.00016783709,3.056778223e-05,0
4616,0.0005281516933,3.056778223e-05,0
4617,0.000555192004,3.056778223e-05,0
4618,0.0005708676763,3.056778223e-05,0
4619,0.001031198306,3.063158147e-05,0
4620,0.005377654918,3.063158147e-05,0
4621,0.001874742447,3.063158147e-05,0
4622,0.004523336422,3.063158147e-05,0
4623,0.000355592696,3.063158147e-05,0
4624,0.0005024850252,3.063158147e-05,0
4625,0.0004961632658,3.063158147e-05,0
4626,0.0001310283551,3.063158147e-05,0
4627,0.0003741068358,3.063158147e-05,0
4628,0.001822879305,3.063158147e-05,0
4629,0.001786524546,3.063158147e-05,0
4630,0.003340937197,3.063158147e-05,0
4631,0.0009251506417,3.063158147e-05,0
4632,0.0002869294258,3.063158147e-05,0
4633,0.003985576797,3.063158147e-05,0
4634,0.001122681424,3.063158147e-05,0
4635,0.0009768013842,3.063158147e-05,0
4636,0.0003571832203,3.063158147e-05,0
4637,0.0001467240072,3.063158147e-05,0
4638,0.001419375418,3.063158147e-05,0
4639,0.0004118984507,3.063162148e-05,0
4640,0.002498895396,3.063162148e-05,0
4641,0.001725071459,3.063162148e-05,0
4642,0.003521499457,3.063162148e-05,0
4643,0.0005486603477,3.063162148e-05,0
4644,0.0004282197624,3.063162148e-05,0
4645,0.001025529113,3.063162148e-05,0
4646,0.001533474075,3.063162148e-05,0
4647,0.001881215256,3.063162148e-05,0
4648,0.0002774822642,3.063162148e-05,0
4649,0.003604613245,3.063162148e-05,0
4650,0.0002843053371,3.063162148e-05,0
4651,0.0007440010086,3.063162148e-05,0
4652,0.000399628625,3.063162148e-05,0
4653,0.001356211375,3.063162148e-05,0
4654,0.00113265682,3.063162148e-05,0
4655,0.003735068487,3.063162148e-05,0
4656,0.003410080448,3.063162148e-05,0
4657,0.0009699289221,3.063162148e-05,0
4658,0.0002345882531,3.063162148e-05,0
4659,0.001591277658,3.111773185e-05,0
4660,0.0005420790985,3.111773185e-05,0
4661,0.000600321102,3.111773185e-05,0
4662,0.0004922316293,3.111773185e-05,0
4663,0.0006265451666,3.111773185e-05,0
4664,0.0003914996923,3.111773185e-05,0
4665,0.0008722811472,3.111773185e-05,0
4666,0.0006677426863,3.111773185e-05,0
4667,0.0002405723644,3.111773185e-05,0
4668,0.0006952713593,3.111773185e-05,0
4669,0.001462743152,3.111773185e-05,0
4670,0.0007658490795,3.111773185e-05,0
4671,0.0003765157016,3.111773185e-05,0
4672,0.0005495892256,3.111773185e-05,0
4673,0.001145743881,3.111773185e-05,0
4674,0.0004883197253,3.111773185e-05,0
4675,0.0008744291845,3.111773185e-05,0
4676,0.0003282875114,3.111773185e-05,0
4677,0.0003567782114,3.111773185e-05,0
4678,0.0001258127304,3.111773185e-05,0
4679,0.000205042641,3.131245103e-05,0
4680,0.001514111413,3.131245103e-05,0
4681,0.0004110506561,3.131245103e-05,0
4682,0.001563588739,3.131245103e-05,0
4683,0.0003008689091,3.131245103e-05,0
4684,0.001336151501,3.131245103e-05,0
4685,0.000720655953,3.131245103e-05,0
4686,0.00540274987,3.131245103e-05,0
4687,0.005930830259,3.131245103e-05,0
4688,9.77317759e-05,3.131245103e-05,0
4689,0.001357680769,3.131245103e-05,0
4690,0.001245222287,3.131245103e-05,0
4691,0.001160586835,3.131245103e-05,0
4692,0.001375926426,3.131245103e-05,0
4693,0.001060284209,3.131245103e-05,0
4694,0.001331111882,3.131245103e-05,0
4695,0.0004034510639,3.131245103e-05,0
4696,0.0002803218376,3.131245103e-05,0
4697,0.0005669865641,3.131245103e-05,0
4698,0.0003138109751,3.131245103e-05,0
4699,0.0007126702694,3.108404781e-05,0
4700,0.0007696167449,3.108404781e-05,0
4701,0.001595484093,3.108404781e-05,0
4702,0.0009699097718,3.108404781e-05,0
4703,0.0002252311388,3.108404781e-05,0
4704,0.000671211048,3.108404781e-05,0
4705,0.0003074232372,3.108404781e-05,0
4706,0.0007495924365,3.108404781e-05,0
4707,0.0007333023823,3.108404781e-05,0
4708,0.001747039962,3.108404781e-05,0
4709,0.002230584854,3.108404781e-05,0
4710,0.0007373807603,3.108404781e-05,0
4711,0.0004569874727,3.108404781e-05,0
4712,0.001500030048,3.108404781e-05,0
4713,0.001781502739,3.108404781e-05,0
4714,0.0005282353377,3.108404781e-05,0
4715,0.000513489882,3.108404781e-05,0
4716,0.001024919446,3.108404781e-05,0
4717,0.002121645259,3.108404781e-05,0
4718,0.001803710009,3.108404781e-05,0
4719,0.0006552914856,3.174957965e-05,0
4720,0.001311687054,3.174957965e-05,0
4721,0.0003458968422,3.174957965e-05,0
4722,0.0007674191147,3.174957965e-05,0
4723,0.001439534011,3.174957965e-05,0
4724,0.0008523538709,3.174957965e-05,0
4725,0.0002222610638,3.174957965e-05,0
4726,0.003051775042,3.174957965e-05,0
4727,0.002934866585,3.174957965e-05,0
4728,0.002532361308,3.174957965e-05,0
4729,0.001413286082,3.174957965e-05,0
4730,0.0009009614005,3.174957965e-05,0
4731,0.002099169418,3.174957965e-05,0
4732,0.00290950574,3.174957965e-05,0
4733,0.003974864259,3.174957965e-05,0
4734,0.002246469259,3.174957965e-05,0
4735,0.001317780465,3.174957965e-05,0
4736,0.0002728950349,3.174957965e-05,0
4737,0.0005134528619,3.174957965e-05,0
4738,0.00126521627,3.174957965e-05,0
4739,0.001114012208,3.217333142e-05,0
4740,0.006907824427,3.217333142e-05,0
4741,0.000485451048,3.217333142e-05,0
4742,0.0008219948504,3.217333142e-05,0
4743,0.0008747454267,3.217333142e-05,0
4744,0.000227408309,3.217333142e-05,0
4745,0.0004126488056,3.217333142e-05,0
4746,0.00135544769,3.217333142e-05,0
4747,0.0007524265675,3.217333142e-05,0
4748,0.002145397477,3.217333142e-05,0
4749,0.000758875045,3.217333142e-05,0
4750,0.000662204402,3.217333142e-05,0
4751,0.002814526204,3.217333142e-05,0
4752,0.0009448433993,3.217333142e-05,0
4753,0.001299289637,3.217333142e-05,0
4754,0.003173570149,3.217333142e-05,0
4755,0.0009668557323,3.217333142e-05,0
4756,0.0008435157943,3.217333142e-05,0
4757,0.02293824032,3.217333142e-05,1
4758,0.006244443357,3.217333142e-05,0
4759,0.001027785009,3.344144352e-05,0
4760,0.007015755866,3.344144352e-05,0
4761,0.000431297638,3.344144352e-05,0
4762,0.0006974203861,3.344144352e-05,0
4763,0.0007297559641,3.344144352e-05,0
4764,0.0003791771014,3.344144352e-05,0
4765,0.0005548167974,3.344144352e-05,0
4766,0.004061065614,3.344144352e-05,0
4767,0.0005314321024,3.344144352e-05,0
4768,0.0003089741804,3.344144352e-05,0
4769,0.0005690946127,3.344144352e-05,0
4770,0.0004487020778,3.344144352e-05,0
4771,0.0006099031889,3.344144352e-05,0
4772,0.0001571084867,3.344144352e-05,0
4773,0.01407300401,3.344144352e-05,1
4774,0.0005436745123,3.344144352e-05,0
4775,0.01302029379,3.344144352e-05,1
4776,0.0006449802895,3.344144352e-05,0
4777,0.001309157466,3.344144352e-05,0
4778,0.0009306854918,3.344144352e-05,0
4779,0.001878063078,3.430331708e-05,0
4780,0.003146767383,3.430331708e-05,0
4781,0.005318035837,3.430331708e-05,0
4782,0.001851863693,3.430331708e-05,0
4783,0.0003388124751,3.430331708e-05,0
4784,0.0007321912562,3.430331708e-05,0
4785,0.0004060070496,3.430331708e-05,0
4786,0.0005113548832,3.430331708e-05,0
4787,0.001149535761,3.430331708e-05,0
4788,0.002622843487,3.430331708e-05,0
4789,0.001411778154,3.430331708e-05,0
4790,0.000599417428,3.430331708e-05,0
4791,0.0005109224585,3.430331708e-05,0
4792,0.001578733209,3.430331708e-05,0
4793,0.001384828822,3.430331708e-05,0
4794,0.0006830012426,3.430331708e-05,0
4795,0.004753659014,3.430331708e-05,0
4796,0.0003894101537,3.430331708e-05,0
4797,0.0003662291856,3.430331708e-05,0
4798,0.002035912825,3.430331708e-05,0
4799,0.000261894631,3.428232594e-05,0
4800,0.004051671829,3.428232594e-05,0
4801,0.001358377514,3.428232594e-05,0
4802,0.0004799118324,3.428232594e-05,0
4803,0.001525096479,3.428232594e-05,0
4804,0.00125627243,3.428232594e-05,0
4805,0.004320084583,3.428232594e-05,0
4806,0.01436414011,3.428232594e-05,1
4807,0.0007730444777,3.428232594e-05,0
4808,0.001294382731,3.428232594e-05,0
4809,0.0002824017429,3.428232594e-05,0
4810,0.000767370977,3.428232594e-05,0
4811,0.00102076889,3.428232594e-05,0
4812,0.000345590146,3.428232594e-05,0
4813,0.001709697419,3.428232594e-05,0
4814,0.003480757354,3.428232594e-05,0
4815,0.002755680121,3.428232594e-05,0
4816,0.0009319876553,3.428232594e-05,0
4817,0.0008139118436,3.428232594e-05,0
4818,0.0002604578331,3.428232594e-05,0
4819,0.0004549802688,3.338878014e-05,0
4820,0.0004516288755,3.338878014e-05,0
4821,0.001618713839,3.338878014e-05,0
4822,0.001317482674,3.338878014e-05,0
4823,0.002456367249,3.338878014e-05,0
4824,0.000578580657,3.338878014e-05,0
4825,0.0003294222406,3.338878014e-05,0
4826,0.002022068249,3.338878014e-05,0
4827,0.0002019444946,3.338878014e-05,0
4828,0.0005779966014,3.338878014e-05,0
4829,0.0007033795118,3.338878014e-05,0
4830,0.0009836747777,3.338878014e-05,0
4831,0.002488324651,3.338878014e-05,0
4832,0.002469433937,3.338878014e-05,0
4833,0.0005460336106,3.338878014e-05,0
4834,0.0007390953833,3.338878014e-05,0
4835,0.000621012703,3.338878014e-05,0
4836,0.002029102994,3.338878014e-05,0
4837,0.0006844531745,3.338878014e-05,0
4838,0.0008062690613,3.338878014e-05,0
4839,0.002258079825,3.35590812e-05,0
4840,0.0006103398628,3.35590812e-05,0
4841,0.002934929216,3.35590812e-05,0
4842,0.0008199192234,3.35590812e-05,0
4843,0.0006566725788,3.35590812e-05,0
4844,0.000520922069,3.35590812e-05,0
4845,0.0002342459338,3.35590812e-05,0
4846,0.0006023084861,3.35590812e-05,0
4847,0.005948141217,3.35590812e-05,0
4848,0.001238722354,3.35590812e-05,0
4849,0.0007863222854,3.35590812e-05,0
4850,0.0003966062504,3.35590812e-05,0
4851,0.0007881113561,3.35590812e-05,0
4852,0.000777810521,3.35590812e-05,0
4853,0.0006633130251,3.35590812e-05,0
4854,0.0008422987885,3.35590812e-05,0
4855,0.0005176658742,3.35590812e-05,0
4856,0.0005397711066,3.35590812e-05,0
4857,0.0002993863018,3.35590812e-05,0
4858,0.001671286416,3.35590812e-05,0
4859,0.0005294222501,3.387555262e-05,0
4860,0.0008005352574,3.387555262e-05,0
4861,0.0001255018578,3.387555262e-05,0
4862,0.00340587995,3.387555262e-05,0
4863,0.003442998044,3.387555262e-05,0
4864,0.001215863274,3.387555262e-05,0
4865,0.001235831995,3.387555262e-05,0
4866,0.001110805781,3.387555262e-05,0
4867,0.000519384339,3.387555262e-05,0
4868,0.0003780760162,3.387555262e-05,0
4869,0.001573623391,3.387555262e-05,0
4870,0.0004227837489,3.387555262e-05,0
4871,0.002736795694,3.387555262e-05,0
4872,0.0001584975253,3.387555262e-05,0
4873,0.001045114244,3.387555262e-05,0
4874,0.002081536921,3.387555262e-05,0
4875,0.004968373571,3.387555262e-05,0
4876,0.0002714715083,3.387555262e-05,0
4877,0.001460066647,3.387555262e-05,0
4878,0.0005881362595,3.387555262e-05,0
4879,0.0007983234827,3.407262557e-05,0
4880,0.0005747980322,3.407262557e-05,0
4881,0.00143618742,3.407262557e-05,0
4882,0.002784420038,3.407262557e-05,0
4883,0.003281545127,3.407262557e-05,0
4884,0.0002001808898,3.407262557e-05,0
4885,0.0009262671811,3.407262557e-05,0
4886,0.001081877039,3.407262557e-05,0
4887,0.001150965109,3.407262557e-05,0
4888,0.0003269058361,3.407262557e-05,0
4889,0.0006540359464,3.407262557e-05,0
4890,0.0005146271433,3.407262557e-05,0
4891,0.001927957754,3.407262557e-05,0
4892,0.000770515413,3.407262557e-05,0
4893,0.0006459963042,3.407262557e-05,0
4894,0.002424912527,3.407262557e-05,0
4895,0.002130738692,3.407262557e-05,0
4896,0.0001030121857,3.407262557e-05,0
4897,0.0003319479292,3.407262557e-05,0
4898,0.004772705957,3.407262557e-05,0
4899,0.001911087893,3.434296013e-05,0
4900,0.001903297729,3.434296013e-05,0
4901,0.0009745631251,3.434296013e-05,0
4902,0.0005914091598,3.434296013e-05,0
4903,0.000328751019,3.434296013e-05,0
4904,0.0005564818275,3.434296013e-05,0
4905,0.0003229458234,3.434296013e-05,0
4906,0.0001769535011,3.434296013e-05,0
4907,0.007460596971,3.434296013e-05,1
4908,0.0009737002547,3.434296013e-05,0
4909,0.0004389747628,3.434296013e-05,0
4910,0.001674482017,3.434296013e-05,0
4911,0.0004808017984,3.434296013e-05,0
4912,0.001228106325,3.434296013e-05,0
4913,0.001076111686,3.434296013e-05,0
4914,0.001485890825,3.434296013e-05,0
4915,0.0002582725429,3.434296013e-05,0
4916,0.001447301358,3.434296013e-05,0
4917,0.001529377652,3.434296013e-05,0
4918,0.0006643734523,3.434296013e-05,0
4919,0.0004359788436,3.46482957e-05,0
4920,0.001325275749,3.46482957e-05,0
4921,0.0005197832361,3.46482957e-05,0
4922,0.0008161307778,3.46482957e-05,0
4923,0.002869222779,3.46482957e-05,0
4924,0.0002205365599,3.46482957e-05,0
4925,0.0003150872944,3.46482957e-05,0
4926,0.003487807931,3.46482957e-05,0
4927,0.001848335145,3.46482957e-05,0
4928,0.0002369697468,3.46482957e-05,0
4929,0.001180843217,3.46482957e-05,0
4930,0.0008927682065,3.46482957e-05,0
4931,0.00217467011,3.46482957e-05,0
4932,0.0006261963863,3.46482957e-05,0
4933,0.004670641385,3.46482957e-05,0
4934,0.008023479953,3.46482957e-05,1
4935,0.001154260244,3.46482957e-05,0
4936,0.0004554491024,3.46482957e-05,0
4937,0.001292655827,3.46482957e-05,0
4938,0.0007591902395,3.46482957e-05,0
4939,0.002068245085,3.605262464e-05,0
4940,0.000606652291,3.605262464e-05,0
4941,0.001005467144,3.605262464e-05,0
4942,0.001077478752,3.605262464e-05,0
4943,0.0003474543628,3.605262464e-05,0
4944,0.0006895903498,3.605262464e-05,0
4945,0.001036371919,3.605262464e-05,0
4946,0.0006805614103,3.605262464e-05,0
4947,0.002729432425,3.605262464e-05,0
4948,0.0005212393007,3.605262464e-05,0
4949,0.0003761121479,3.605262464e-05,0
4950,0.001327761216,3.605262464e-05,0
4951,0.0008074350771,3.605262464e-05,0
4952,0.0005671996041,3.605262464e-05,0
4953,0.000377413613,3.605262464e-05,0
4954,0.0008823713288,3.605262464e-05,0
4955,0.002401140286,3.605262464e-05,0
4956,0.0009359826799,3.605262464e-05,0
4957,0.001358833513,3.605262464e-05,0
4958,0.0004421767662,3.605262464e-05,0
4959,0.0001564974809,3.631394793e-05,0
4960,0.00147684,3.631394793e-05,0
4961,0.0007352270186,3.631394793e-05,0
4962,0.0009141048067,3.631394793e-05,0
4963,0.000338688842,3.631394793e-05,0
4964,0.0006325484137,3.631394793e-05,0
4965,0.00151708792,3.631394793e-05,0
4966,0.00186695368,3.631394793e-05,0
4967,0.001766560366,3.631394793e-05,0
4968,0.001019000425,3.631394793e-05,0
4969,0.0003126118681,3.631394793e-05,0
4970,0.000749548024,3.631394793e-05,0
4971,0.002105422318,3.631394793e-05,0
4972,0.0002052971831,3.631394793e-05,0
4973,0.00308131706,3.631394793e-05,0
4974,0.003774634562,3.631394793e-05,0
4975,9.560748731e-05,3.631394793e-05,0
4976,0.0009626101819,3.631394793e-05,0
4977,0.001560078934,3.631394793e-05,0
4978,0.003684913507,3.631394793e-05,0
4979,0.0005236968864,3.692379323e-05,0
4980,0.001027564984,3.692379323e-05,0
4981,0.000320015708,3.692379323e-05,0
4982,0.001180821215,3.692379323e-05,0
4983,0.0001284978644,3.692379323e-05,0
4984,0.0003122198104,3.692379323e-05,0
4985,0.001157126972,3.692379323e-05,0
4986,0.001517189085,3.692379323e-05,0
4987,0.0002133569651,3.692379323e-05,0
4988,0.0003713724436,3.692379323e-05,0
4989,0.0003136551531,3.692379323e-05,0
4990,0.0005206298083,3.692379323e-05,0
4991,0.001273186412,3.692379323e-05,0
4992,0.00540764397,3.692379323e-05,0
4993,0.002360012382,3.692379323e-05,0
4994,0.001724968082,3.692379323e-05,0
4995,0.0005566142499,3.692379323e-05,0
4996,0.008116738871,3.692379323e-05,1
4997,0.00110812753,3.692379323e-05,0
4998,0.0001893892331,3.692379323e-05,0
4999,0.002257571323,3.760470645e-05,0
5000,0.0005137743428,3.760470645e-05,0
5001,0.0001916148613,3.760470645e-05,0
5002,0.0002332428849,3.760470645e-05,0
5003,0.0006533957785,3.760470645e-05,0
5004,0.003782267682,3.760470645e-05,0
5005,0.001444944763,3.760470645e-05,0
5006,0.0007680284907,3.760470645e-05,0
5007,0.002686564345,3.760470645e-05,0
5008,0.001184711233,3.760470645e-05,0
5009,0.002985746833,3.760470645e-05,0
5010,0.001114038401,3.760470645e-05,0
5011,0.001129595214,3.760470645e-05,0
5012,0.0003370314662,3.760470645e-05,0
5013,0.001296745148,3.760470645e-05,0
5014,0.0003401090216,3.760470645e-05,0
5015,0.0003076917783,3.760470645e-05,0
5016,0.001088876859,3.760470645e-05,0
5017,0.003091312479,3.760470645e-05,0
5018,0.0001752804674,3.760470645e-05,0
5019,0.0002717262832,3.799309343e-05,0
5020,0.0005564240273,3.799309343e-05,0
5021,0.000602293585,3.799309343e-05,0
5022,0.0009612166323,3.799309343e-05,0
5023,0.0003482856846,3.799309343e-05,0
5024,0.001205764478,3.799309343e-05,0
5025,0.003266111715,3.799309343e-05,0
5026,0.0009623330552,3.799309343e-05,0
5027,0.001626944984,3.799309343e-05,0
5028,0.002794494387,3.799309343e-05,0
5029,0.0008939709514,3.799309343e-05,0
5030,0.000747695216,3.799309343e-05,0
5031,0.0006805671728,3.799309343e-05,0
5032,0.001839771983,3.799309343e-05,0
5033,0.0004248087062,3.799309343e-05,0
5034,0.0009004688472,3.799309343e-05,0
5035,0.001575770788,3.799309343e-05,0
5036,0.001715869992,3.799309343e-05,0
5037,0.0008889588062,3.799309343e-05,0
5038,0.00136322109,3.799309343e-05,0
5039,0.000534776249,3.794344957e-05,0
5040,0.001183785265,3.794344957e-05,0
5041,0.0015226627,3.794344957e-05,0
5042,0.0003903184261,3.794344957e-05,0
5043,0.001128927455,3.794344957e-05,0
5044,0.0006111156545,3.794344957e-05,0
5045,0.0004680084821,3.794344957e-05,0
5046,0.0002873136546,3.794344957e-05,0
5047,0.0009461304289,3.794344957e-05,0
5048,0.00461962074,3.794344957e-05,0
5049,0.0002801090013,3.794344957e-05,0
5050,0.002539912937,3.794344957e-05,0
5051,0.001217761426,3.794344957e-05,0
5052,0.0009907952044,3.794344957e-05,0
5053,0.0005825108965,3.794344957e-05,0
5054,0.000212407147,3.794344957e-05,0
5055,0.0005095085944,3.794344957e-05,0
5056,0.001810815884,3.794344957e-05,0
5057,0.0006729154265,3.794344957e-05,0
5058,0.0004722296435,3.794344957e-05,0
5059,0.002445366234,3.915385241e-05,0
5060,0.0007348224754,3.915385241e-05,0
5061,0.000219866386,3.915385241e-05,0
5062,0.0007006509113,3.915385241e-05,0
5063,0.001656063017,3.915385241e-05,0
5064,0.0005796964979,3.915385241e-05,0
5065,0.002571405843,3.915385241e-05,0
5066,0.0004285397299,3.915385241e-05,0
5067,0.0004539503716,3.915385241e-05,0
5068,0.00102582376,3.915385241e-05,0
5069,0.002937863348,3.915385241e-05,0
5070,0.0006026971969,3.915385241e-05,0
5071,0.002160778502,3.915385241e-05,0
5072,0.000795552507,3.915385241e-05,0
5073,0.0009401472635,3.915385241e-05,0
5074,0.0016238963,3.915385241e-05,0
5075,0.0005789416609,3.915385241e-05,0
5076,0.0003821825667,3.915385241e-05,0
5077,0.00101344171,3.915385241e-05,0
5078,0.001350207021,3.915385241e-05,0
5079,0.003086636541,3.92642396e-05,0
5080,0.001530517358,3.92642396e-05,0
5081,0.0001412423007,3.92642396e-05,0
5082,0.001912498265,3.92642396e-05,0
5083,0.0007107989513,3.92642396e-05,0
5084,0.0003208578564,3.92642396e-05,0
5085,0.001517124241,3.92642396e-05,0
5086,0.001265234197,3.92642396e-05,0
5087,0.0005760485074,3.92642396e-05,0
5088,0.0009689586004,3.92642396e-05,0
5089,0.00273799221,3.92642396e-05,0
5090,0.001351086772,3.92642396e-05,0
5091,0.0005110261263,3.92642396e-05,0
5092,0.001851561479,3.92642396e-05,0
5093,0.0002260515612,3.92642396e-05,0
5094,0.001159382286,3.92642396e-05,0
5095,0.001574408263,3.92642396e-05,0
5096,0.000264752598,3.92642396e-05,0
5097,0.0006695642369,3.92642396e-05,0
5098,0.0002781432122,3.92642396e-05,0
5099,0.0005943873548,3.899884905e-05,0
5100,0.00198528124,3.899884905e-05,0
5101,0.0005701760529,3.899884905e-05,0
5102,0.0002755275636,3.899884905e-05,0
5103,0.002460584976,3.899884905e-05,0
5104,0.001391370664,3.899884905e-05,0
5105,0.0009123025811,3.899884905e-05,0
5106,0.001101264381,3.899884905e-05,0
5107,0.0004798916925,3.899884905e-05,0
5108,0.0005608906504,3.899884905e-05,0
5109,0.0009565334767,3.899884905e-05,0
5110,0.002685570391,3.899884905e-05,0
5111,0.02884316072,3.899884905e-05,1
5112,0.0005748822005,3.899884905e-05,0
5113,0.0004910295829,3.899884905e-05,0
5114,0.000333474105,3.899884905e-05,0
5115,0.0005616137059,3.899884905e-05,0
5116,0.002153562149,3.899884905e-05,0
5117,0.0002593693498,3.899884905e-05,0
5118,0.00172748894,3.899884905e-05,0
5119,0.001303735306,3.877460767e-05,0
5120,0.0012036853,3.877460767e-05,0
5121,0.001044978155,3.877460767e-05,0
5122,0.000740840158,3.877460767e-05,0
5123,0.0009785096627,3.877460767e-05,0
5124,0.0002312418947,3.877460767e-05,0
5125,0.002703656908,3.877460767e-05,0
5126,0.0009042809252,3.877460767e-05,0
5127,0.001080043381,3.877460767e-05,0
5128,0.0004782811739,3.877460767e-05,0
5129,0.0001755773555,3.877460767e-05,0
5130,0.000740937423,3.877460767e-05,0
5131,0.0004889791016,3.877460767e-05,0
5132,0.0005506944144,3.877460767e-05,0
5133,0.001320182346,3.877460767e-05,0
5134,0.0007123369724,3.877460767e-05,0
5135,0.001105943229,3.877460767e-05,0
5136,0.0007452287246,3.877460767e-05,0
5137,0.0009199504857,3.877460767e-05,0
5138,0.0003046685015,3.877460767e-05,0
5139,0.0004725323524,3.932944674e-05,0
5140,0.001327588107,3.932944674e-05,0
5141,0.001631602179,3.932944674e-05,0
5142,0.0007142612594,3.932944674e-05,0
5143,0.004331354517,3.932944674e-05,0
5144,0.0003980211623,3.932944674e-05,0
5145,0.0005500204861,3.932944674e-05,0
5146,0.0006081277388,3.932944674e-05,0
5147,0.0007687318721,3.932944674e-05,0
5148,0.0009867389454,3.932944674e-05,0
5149,0.001497823047,3.932944674e-05,0
5150,0.00169230008,3.932944674e-05,0
5151,0.0005222934997,3.932944674e-05,0
5152,0.001113761682,3.932944674e-05,0
5153,0.0005444049602,3.932944674e-05,0
5154,0.002030475065,3.932944674e-05,0
5155,0.00112372241,3.932944674e-05,0
5156,0.0003844003077,3.932944674e-05,0
5157,0.0002301247732,3.932944674e-05,0
5158,0.0006005676696,3.932944674e-05,0
5159,0.0004524954711,3.943745105e-05,0
5160,0.0003344088327,3.943745105e-05,0
5161,0.0019365279,3.943745105e-05,0
5162,0.003994197119,3.943745105e-05,0
5163,0.000378161727,3.943745105e-05,0
5164,0.0004089105641,3.943745105e-05,0
5165,0.0004196635855,3.943745105e-05,0
5166,0.00147387688,3.943745105e-05,0
5167,0.0004007974931,3.943745105e-05,0
5168,0.0005131816724,3.943745105e-05,0
5169,0.002001825254,3.943745105e-05,0
5170,0.001273742528,3.943745105e-05,0
5171,0.0001503575477,3.943745105e-05,0
5172,0.001150010386,3.943745105e-05,0
5173,0.0005312033463,3.943745105e-05,0
5174,0.000131341556,3.943745105e-05,0
5175,0.001161555294,3.943745105e-05,0
5176,0.0004228081671,3.943745105e-05,0
5177,0.0003548080858,3.943745105e-05,0
5178,0.001309634419,3.943745105e-05,0
5179,0.0007398370653,3.996843589e-05,0
5180,0.0007435940788,3.996843589e-05,0
5181,0.001251844456,3.996843589e-05,0
5182,0.001051823259,3.996843589e-05,0
5183,0.0006252991734,3.996843589e-05,0
5184,0.0005498931278,3.996843589e-05,0
5185,0.00235820841,3.996843589e-05,0
5186,0.0001145547722,3.996843589e-05,0
5187,0.0008816431509,3.996843589e-05,0
5188,0.002902359469,3.996843589e-05,0
5189,0.0005788936396,3.996843589e-05,0
5190,0.0006319407257,3.996843589e-05,0
5191,0.001297841314,3.996843589e-05,0
5192,0.0008955835365,3.996843589e-05,0
5193,0.0007996764616,3.996843589e-05,0
5194,0.002495057648,3.996843589e-05,0
5195,0.0004361738393,3.996843589e-05,0
5196,0.000509694044,3.996843589e-05,0
5197,0.003332590917,3.996843589e-05,0
5198,0.0003579130862,3.996843589e-05,0
5199,0.0005490953918,4.071234071e-05,0
5200,0.001619265648,4.071234071e-05,0
5201,0.001460472238,4.071234071e-05,0
5202,0.001070505707,4.071234071e-05,0
5203,0.0008046071162,4.071234071e-05,0
5204,0.001121054171,4.071234071e-05,0
5205,0.004134524614,4.071234071e-05,0
5206,0.001032155589,4.071234071e-05,0
5207,0.0004285897885,4.071234071e-05,0
5208,0.001756368554,4.071234071e-05,0
5209,0.0005304375663,4.071234071e-05,0
5210,0.001072040526,4.071234071e-05,0
5211,0.0003580060438,4.071234071e-05,0
5212,0.0005418938235,4.071234071e-05,0
5213,0.001055879751,4.071234071e-05,0
5214,0.0002318855841,4.071234071e-05,0
5215,0.0004430389672,4.071234071e-05,0
5216,0.00108202605,4.071234071e-05,0
5217,0.001116623171,4.071234071e-05,0
5218,0.0002535586536,4.071234071e-05,0
5219,0.001456807833,4.076967525e-05,0
5220,0.00143402617,4.076967525e-05,0
5221,0.0002645724162,4.076967525e-05,0
5222,0.0002807218698,4.076967525e-05,0
5223,0.00299336575,4.076967525e-05,0
5224,0.001008877414,4.076967525e-05,0
5225,0.0006034629187,4.076967525e-05,0
5226,0.0008412458119,4.076967525e-05,0
5227,0.001879695919,4.076967525e-05,0
5228,0.001895263442,4.076967525e-05,0
5229,0.001117140171,4.076967525e-05,0
5230,0.002593064681,4.076967525e-05,0
5231,0.0001855435112,4.076967525e-05,0
5232,0.001882317476,4.076967525e-05,0
5233,0.001097139786,4.076967525e-05,0
5234,0.0007285281317,4.076967525e-05,0
5235,0.000425015518,4.076967525e-05,0
5236,0.0006337158848,4.076967525e-05,0
5237,0.0008852771716,4.076967525e-05,0
5238,0.0009427156765,4.076967525e-05,0
5239,0.0009834924713,4.096058183e-05,0
5240,0.001778129372,4.096058183e-05,0
5241,0.003949688282,4.096058183e-05,0
5242,0.00118289981,4.096058183e-05,0
5243,0.0007723240415,4.096058183e-05,0
5244,0.0003751272452,4.096058183e-05,0
5245,0.0004887664691,4.096058183e-05,0
5246,0.00088160421,4.096058183e-05,0
5247,0.006630954798,4.096058183e-05,0
5248,0.002315288177,4.096058183e-05,0
5249,0.0001810551476,4.096058183e-05,0
5250,0.001586396131,4.096058183e-05,0
5251,0.002299200045,4.096058183e-05,0
5252,0.0001580675162,4.096058183e-05,0
5253,0.0006091409596,4.096058183e-05,0
5254,0.0007388778031,4.096058183e-05,0
5255,0.0003191126452,4.096058183e-05,0
5256,0.0003790887422,4.096058183e-05,0
5257,0.0003207873378,4.096058183e-05,0
5258,0.0009342923877,4.096058183e-05,0
5259,0.00224599475,4.120218728e-05,0
5260,0.001658863737,4.120218728e-05,0
5261,0.0007371668471,4.120218728e-05,0
5262,0.0002659115999,4.120218728e-05,0
5263,0.00108525902,4.120218728e-05,0
5264,0.0008546529571,4.120218728e-05,0
5265,0.0007570143207,4.120218728e-05,0
5266,0.00230442849,4.120218728e-05,0
5267,0.0005032307818,4.120218728e-05,0
5268,0.0004331692471,4.120218728e-05,0
5269,0.0003228360438,4.120218728e-05,0
5270,0.0008230758249,4.120218728e-05,0
5271,0.004012000747,4.120218728e-05,0
5272,0.002455555135,4.120218728e-05,0
5273,0.0005032705376,4.120218728e-05,0
5274,0.0004552601022,4.120218728e-05,0
5275,0.0003020106524,4.120218728e-05,0
5276,0.0004393194977,4.120218728e-05,0
5277,0.0004162957775,4.120218728e-05,0
5278,0.001190210111,4.120218728e-05,0
5279,0.0007332860841,4.275649917e-05,0
5280,0.0004503749951,4.275649917e-05,0
5281,0.0004377278965,4.275649917e-05,0
5282,0.000368147681,4.275649917e-05,0
5283,0.001207516296,4.275649917e-05,0
5284,0.001038916293,4.275649917e-05,0
5285,0.000322927488,4.275649917e-05,0
5286,0.001028876752,4.275649917e-05,0
5287,0.0003077125293,4.275649917e-05,0
5288,0.001767872251,4.275649917e-05,0
5289,0.001026171376,4.275649917e-05,0
5290,0.0007407438825,4.275649917e-05,0
5291,0.0002771712607,4.275649917e-05,0
5292,0.001907336991,4.275649917e-05,0
5293,0.000275765924,4.275649917e-05,0
5294,0.0007786083152,4.275649917e-05,0
5295,0.001789682428,4.275649917e-05,0
5296,0.0002825703123,4.275649917e-05,0
5297,0.003435380058,4.275649917e-05,0
5298,0.00154593226,4.275649917e-05,0
5299,0.001485062181,4.333306424e-05,0
5300,0.000137113544,4.333306424e-05,0
5301,0.0005401259405,4.333306424e-05,0
5302,0.001257924363,4.333306424e-05,0
5303,0.005956563633,4.333306424e-05,0
5304,0.0006884472095,4.333306424e-05,0
5305,0.0007029410917,4.333306424e-05,0
5306,0.0007912736037,4.333306424e-05,0
5307,0.0003445344628,4.333306424e-05,0
5308,0.001545637264,4.333306424e-05,0
5309,0.001391214901,4.333306424e-05,0
5310,0.0004415506846,4.333306424e-05,0
5311,0.0002491568448,4.333306424e-05,0
5312,0.0004005997616,4.333306424e-05,0
5313,0.0007063121884,4.333306424e-05,0
5314,0.009584205225,4.333306424e-05,1
5315,0.0002895515354,4.333306424e-05,0
5316,0.0003201254294,4.333306424e-05,0
5317,0.001216031844,4.333306424e-05,0
5318,0.0003060388262,4.333306424e-05,0
5319,0.0003900405427,4.438731048e-05,0
5320,0.0005320227356,4.438731048e-05,0
5321,0.0004980692174,4.438731048e-05,0
5322,0.00117671222,4.438731048e-05,0
5323,0.001255393843,4.438731048e-05,0
5324,0.002167385072,4.438731048e-05,0
5325,0.0004321142042,4.438731048e-05,0
5326,0.0008769379929,4.438731048e-05,0
5327,0.001032665954,4.438731048e-05,0
5328,0.001888744649,4.438731048e-05,0
5329,0.0005584294559,4.438731048e-05,0
5330,0.001089946716,4.438731048e-05,0
5331,0.0005752285942,4.438731048e-05,0
5332,0.001087257522,4.438731048e-05,0
5333,0.0004488049308,4.438731048e-05,0
5334,0.0005207413924,4.438731048e-05,0
5335,0.0005946420715,4.438731048e-05,0
5336,0.0004711321963,4.438731048e-05,0
5337,0.0006235868204,4.438731048e-05,0
5338,0.001232364797,4.438731048e-05,0
5339,0.0002564319002,4.470304702e-05,0
5340,0.0002483039279,4.470304702e-05,0
5341,0.0007814501296,4.470304702e-05,0
5342,0.0007643937133,4.470304702e-05,0
5343,0.002874654252,4.470304702e-05,0
5344,0.000928348687,4.470304702e-05,0
5345,0.0004663811706,4.470304702e-05,0
5346,0.0009140525945,4.470304702e-05,0
5347,0.002062857617,4.470304702e-05,0
5348,0.0003401956928,4.470304702e-05,0
5349,0.004980579484,4.470304702e-05,0
5350,0.0002788944985,4.470304702e-05,0
5351,0.001500859973,4.470304702e-05,0
5352,0.001707530348,4.470304702e-05,0
5353,0.002637145575,4.470304702e-05,0
5354,0.004038660321,4.470304702e-05,0
5355,0.0006116316072,4.470304702e-05,0
5356,0.000421116798,4.470304702e-05,0
5357,0.0002749598352,4.470304702e-05,0
5358,0.0001592234476,4.470304702e-05,0
5359,0.001583159901,4.584632188e-05,0
5360,0.0009351969929,4.584632188e-05,0
5361,0.003117634682,4.584632188e-05,0
5362,0.01153274346,4.584632188e-05,1
5363,0.0005211018142,4.584632188e-05,0
5364,0.0003370865597,4.584632188e-05,0
5365,0.001052924199,4.584632188e-05,0
5366,0.001673513325,4.584632188e-05,0
5367,0.001134755905,4.584632188e-05,0
5368,0.0008913729107,4.584632188e-05,0
5369,0.0007768504438,4.584632188e-05,0
5370,0.002422917401,4.584632188e-05,0
5371,0.001795106684,4.584632188e-05,0
5372,0.0005863807746,4.584632188e-05,0
5373,0.0003215854813,4.584632188e-05,0
5374,0.000994849368,4.584632188e-05,0
5375,0.0007931400323,4.584632188e-05,0
5376,0.0006189037813,4.584632188e-05,0
5377,0.001851542387,4.584632188e-05,0
5378,0.001253798022,4.584632188e-05,0
5379,0.002446253086,4.6812238e-05,0
5380,0.001149951597,4.6812238e-05,0
5381,0.0001419983309,4.6812238e-05,0
5382,0.0005918428651,4.6812238e-05,0
5383,0.001099754358,4.6812238e-05,0
5384,0.0003060809104,4.6812238e-05,0
5385,0.0009783741552,4.6812238e-05,0
5386,0.000431663444,4.6812238e-05,0
5387,0.0006008672644,4.6812238e-05,0
5388,0.0005019388045,4.6812238e-05,0
5389,0.002761095064,4.6812238e-05,0
5390,0.0002383483952,4.6812238e-05,0
5391,0.0008480566321,4.6812238e-05,0
5392,0.0009389225743,4.6812238e-05,0
5393,0.0008316676249,4.6812238e-05,0
5394,0.003860858968,4.6812238e-05,0
5395,0.004489338491,4.6812238e-05,0
5396,0.001180537394,4.6812238e-05,0
5397,0.005449543707,4.6812238e-05,0
5398,0.000805118354,4.6812238e-05,0
5399,0.0006703902036,4.696226461e-05,0
5400,0.00306674419,4.696226461e-05,0
5401,0.002668774221,4.696226461e-05,0
5402,0.00108698546,4.696226461e-05,0
5403,0.0007316278643,4.696226461e-05,0
5404,0.001888413797,4.696226461e-05,0
5405,0.003648075974,4.696226461e-05,0
5406,0.001735427184,4.696226461e-05,0
5407,0.001673620893,4.696226461e-05,0
5408,0.002401630394,4.696226461e-05,0
5409,0.0003747367009,4.696226461e-05,0
5410,0.001743796049,4.696226461e-05,0
5411,0.0004305523471,4.696226461e-05,0
5412,0.00220878073,4.696226461e-05,0
5413,0.0008816914051,4.696226461e-05,0
5414,0.0001988463482,4.696226461e-05,0
5415,0.002174741123,4.696226461e-05,0
5416,0.0007109304424,4.696226461e-05,0
5417,0.001280237455,4.696226461e-05,0
5418,0.0004846837546,4.696226461e-05,0
5419,0.0005046283477,4.66308411e-05,0
5420,0.0004918428604,4.66308411e-05,0
5421,0.0007868084358,4.66308411e-05,0
5422,0.0002143523016,4.66308411e-05,0
5423,0.002212328138,4.66308411e-05,0
5424,0.0006607256946,4.66308411e-05,0
5425,0.001670814818,4.66308411e-05,0
5426,0.0003934320994,4.66308411e-05,0
5427,0.0004213367647,4.66308411e-05,0
5428,0.001346499426,4.66308411e-05,0
5429,0.0005475479411,4.66308411e-05,0
5430,0.002778074937,4.66308411e-05,0
5431,0.0008141985163,4.66308411e-05,0
5432,0.000729626161,4.66308411e-05,0
5433,0.002797870897,4.66308411e-05,0
5434,0.0008948760806,4.66308411e-05,0
5435,0.001660640817,4.66308411e-05,0
5436,0.000753962493,4.66308411e-05,0
5437,0.0004856467131,4.66308411e-05,0
5438,0.0004490462597,4.66308411e-05,0
5439,0.0007637643721,4.708020424e-05,0
5440,0.000912841293,4.708020424e-05,0
5441,0.01010050904,4.708020424e-05,1
5442,0.001367570367,4.708020424e-05,0
5443,0.001106493291,4.708020424e-05,0
5444,0.003090746468,4.708020424e-05,0
5445,0.0009821930435,4.708020424e-05,0
5446,0.0004492407024,4.708020424e-05,0
5447,0.0003442763118,4.708020424e-05,0
5448,0.000170032552,4.708020424e-05,0
5449,0.002251758706,4.708020424e-05,0
5450,0.003096093656,4.708020424e-05,0
5451,0.0001532422029,4.708020424e-05,0
5452,0.001731491066,4.708020424e-05,0
5453,0.001455676393,4.708020424e-05,0
5454,0.0004411685804,4.708020424e-05,0
5455,0.0002954799857,4.708020424e-05,0
5456,0.001108653611,4.708020424e-05,0
5457,0.0001060237264,4.708020424e-05,0
5458,0.0004190448672,4.708020424e-05,0
5459,0.0001704820315,4.845801595e-05,0
5460,0.001852827496,4.845801595e-05,0
5461,0.0003287719737,4.845801595e-05,0
5462,0.0004806344805,4.845801595e-05,0
5463,0.0005195708363,4.845801595e-05,0
5464,0.001875484479,4.845801595e-05,0
5465,0.0008357837796,4.845801595e-05,0
5466,0.001073632622,4.845801595e-05,0
5467,0.0005526980967,4.845801595e-05,0
5468,0.00240979041,4.845801595e-05,0
5469,0.0008185862098,4.845801595e-05,0
5470,0.0003768569441,4.845801595e-05,0
5471,0.002596431877,4.845801595e-05,0
5472,0.0005588335916,4.845801595e-05,0
5473,0.001007385436,4.845801595e-05,0
5474,0.004785517696,4.845801595e-05,0
5475,0.0008639117004,4.845801595e-05,0
5476,0.0006231863517,4.845801595e-05,0
5477,0.0008929017349,4.845801595e-05,0
5478,0.0005613466492,4.845801595e-05,0
5479,0.0003311137261,4.890521086e-05,0
5480,0.0003128319804,4.890521086e-05,0
5481,0.001334660221,4.890521086e-05,0
5482,0.001471425639,4.890521086e-05,0
5483,0.001436499995,4.890521086e-05,0
5484,0.001389024081,4.890521086e-05,0
5485,0.0003633924644,4.890521086e-05,0
5486,0.003038111376,4.890521086e-05,0
5487,0.0002939116093,4.890521086e-05,0
5488,0.0008658273728,4.890521086e-05,0
5489,0.000968793931,4.890521086e-05,0
5490,0.000948277011,4.890521086e-05,0
5491,0.0002417957439,4.890521086e-05,0
5492,0.0004730296205,4.890521086e-05,0
5493,0.001532142865,4.890521086e-05,0
5494,0.0009040882578,4.890521086e-05,0
5495,0.0011971083,4.890521086e-05,0
5496,0.001718374668,4.890521086e-05,0
5497,0.0006333104684,4.890521086e-05,0
5498,0.0003086127108,4.890521086e-05,0
5499,0.000336020923,4.898649786e-05,0
5500,0.001029620413,4.898649786e-05,0
5501,0.0006763085839,4.898649786e-05,0
5502,0.003808086272,4.898649786e-05,0
5503,0.002375608776,4.898649786e-05,0
5504,0.0004293004458,4.898649786e-05,0
5505,0.0009658441995,4.898649786e-05,0
5506,0.001503271633,4.898649786e-05,0
5507,0.001221104641,4.898649786e-05,0
5508,0.0001816067961,4.898649786e-05,0
5509,0.0004094857723,4.898649786e-05,0
5510,0.001626255689,4.898649786e-05,0
5511,0.001875069225,4.898649786e-05,0
5512,0.0001618266688,4.898649786e-05,0
5513,0.0008653462864,4.898649786e-05,0
5514,0.0006053858087,4.898649786e-05,0
5515,0.0001684552117,4.898649786e-05,0
5516,0.002333933488,4.898649786e-05,0
5517,0.0002772308944,4.898649786e-05,0
5518,0.0002518402762,4.898649786e-05,0
5519,0.001265243511,4.893643927e-05,0
5520,0.0004799135786,4.893643927e-05,0
5521,0.001975007821,4.893643927e-05,0
5522,0.002730801236,4.893643927e-05,0
5523,0.001486485242,4.893643927e-05,0
5524,0.0008196804556,4.893643927e-05,0
5525,0.001608401537,4.893643927e-05,0
5526,0.0003293538466,4.893643927e-05,0
5527,0.001035179128,4.893643927e-05,0
5528,0.0002000482928,4.893643927e-05,0
5529,0.005288868211,4.893643927e-05,0
5530,0.0003703511902,4.893643927e-05,0
5531,0.001135580591,4.893643927e-05,0
5532,0.00143887219,4.893643927e-05,0
5533,0.0005133736995,4.893643927e-05,0
5534,0.0001545222331,4.893643927e-05,0
5535,0.0005185324699,4.893643927e-05,0
5536,0.0002590482181,4.893643927e-05,0
5537,0.00169735821,4.893643927e-05,0
5538,0.0001976808999,4.893643927e-05,0
5539,0.0001442270732,5.000269448e-05,0
5540,0.0006224649842,5.000269448e-05,0
5541,0.0007488022093,5.000269448e-05,0
5542,0.001705431379,5.000269448e-05,0
5543,0.0003143057984,5.000269448e-05,0
5544,0.0003046805505,5.000269448e-05,0
5545,0.0003368050966,5.000269448e-05,0
5546,0.0008790819556,5.000269448e-05,0
5547,0.0006770245382,5.000269448e-05,0
5548,0.0003824088781,5.000269448e-05,0
5549,0.0004746412451,5.000269448e-05,0
5550,0.000350937742,5.000269448e-05,0
5551,0.0007198983221,5.000269448e-05,0
5552,0.001460658736,5.000269448e-05,0
5553,0.0060693915,5.000269448e-05,0
5554,0.007981514558,5.000269448e-05,1
5555,0.00661360519,5.000269448e-05,0
5556,0.001113398233,5.000269448e-05,0
5557,0.0005089322804,5.000269448e-05,0
5558,0.0009572007111,5.000269448e-05,0
5559,0.0004091626615,4.969707879e-05,0
5560,0.0009384498699,4.969707879e-05,0
5561,0.001396471402,4.969707879e-05,0
5562,0.001308881794,4.969707879e-05,0
5563,0.001735972939,4.969707879e-05,0
5564,0.0007556924247,4.969707879e-05,0
5565,0.0004474530288,4.969707879e-05,0
5566,0.00137399626,4.969707879e-05,0
5567,0.0001871416462,4.969707879e-05,0
5568,0.001311825472,4.969707879e-05,0
5569,0.0008265448269,4.969707879e-05,0
5570,0.0003119533067,4.969707879e-05,0
5571,0.001815745607,4.969707879e-05,0
5572,0.0002650411916,4.969707879e-05,0
5573,0.002208610764,4.969707879e-05,0
5574,0.0003366449964,4.969707879e-05,0
5575,0.0008727081586,4.969707879e-05,0
5576,0.000139642274,4.969707879e-05,0
5577,0.0007144924602,4.969707879e-05,0
5578,0.0005030476023,4.969707879e-05,0
5579,0.000523862429,4.892285506e-05,0
5580,0.001388592296,4.892285506e-05,0
5581,0.0004775324778,4.892285506e-05,0
5582,0.0003542198101,4.892285506e-05,0
5583,0.001506259898,4.892285506e-05,0
5584,0.002841318259,4.892285506e-05,0
5585,0.001022032229,4.892285506e-05,0
5586,0.001020896947,4.892285506e-05,0
5587,0.003121061949,4.892285506e-05,0
5588,8.844397962e-05,4.892285506e-05,0
5589,0.0009064236656,4.892285506e-05,0
5590,0.001341680763,4.892285506e-05,0
5591,0.0009949344676,4.892285506e-05,0
5592,0.0004446030071,4.892285506e-05,0
5593,0.001095350366,4.892285506e-05,0
5594,0.000421852601,4.892285506e-05,0
5595,0.0001633489737,4.892285506e-05,0
5596,0.002843630733,4.892285506e-05,0
5597,0.0006451312802,4.892285506e-05,0
5598,0.0001634116779,4.892285506e-05,0
5599,0.0001862959325,4.872605132e-05,0
5600,0.02167799324,4.872605132e-05,1
5601,0.001703858026,4.872605132e-05,0
5602,0.001293363632,4.872605132e-05,0
5603,0.0008773644222,4.872605132e-05,0
5604,0.0003623054654,4.872605132e-05,0
5605,0.0002297190804,4.872605132e-05,0
5606,0.000675424526,4.872605132e-05,0
5607,0.0009859866695,4.872605132e-05,0
5608,0.0004776613205,4.872605132e-05,0
5609,0.0005711105186,4.872605132e-05,0
5610,0.000349988899,4.872605132e-05,0
5611,0.001130573102,4.872605132e-05,0
5612,0.00448669726,4.872605132e-05,0
5613,0.01088691223,4.872605132e-05,1
5614,0.004035127815,4.872605132e-05,0
5615,0.0002510279883,4.872605132e-05,0
5616,0.0009418675909,4.872605132e-05,0
5617,0.0003200744686,4.872605132e-05,0
5618,0.0008384432876,4.872605132e-05,0
5619,0.0003180442436,4.896968312e-05,0
5620,0.001293510431,4.896968312e-05,0
5621,0.005629706662,4.896968312e-05,0
5622,0.0007468569675,4.896968312e-05,0
5623,0.0003777603852,4.896968312e-05,0
5624,0.002807230689,4.896968312e-05,0
5625,0.001330066007,4.896968312e-05,0
5626,0.007186142728,4.896968312e-05,0
5627,0.001447164454,4.896968312e-05,0
5628,0.001107110409,4.896968312e-05,0
5629,0.001943937852,4.896968312e-05,0
5630,0.0002955694508,4.896968312e-05,0
5631,0.0008764780941,4.896968312e-05,0
5632,0.0001249219931,4.896968312e-05,0
5633,0.0003078547597,4.896968312e-05,0
5634,0.000385391555,4.896968312e-05,0
5635,0.0003023021563,4.896968312e-05,0
5636,0.0009125047363,4.896968312e-05,0
5637,0.006104378961,4.896968312e-05,0
5638,0.002439756412,4.896968312e-05,0
5639,0.0007085198886,4.887563409e-05,0
5640,0.0002884317364,4.887563409e-05,0
5641,0.006019726396,4.887563409e-05,0
5642,0.001757938997,4.887563409e-05,0
5643,0.001120545901,4.887563409e-05,0
5644,0.000588967232,4.887563409e-05,0
5645,0.002265538787,4.887563409e-05,0
5646,0.001697545056,4.887563409e-05,0
5647,0.005731596611,4.887563409e-05,0
5648,0.002430662746,4.887563409e-05,0
5649,0.0005254641874,4.887563409e-05,0
5650,0.0008997048717,4.887563409e-05,0
5651,0.0003814190568,4.887563409e-05,0
5652,0.0005781267537,4.887563409e-05,0
5653,0.0004665104789,4.887563409e-05,0
5654,0.000206986806,4.887563409e-05,0
5655,0.001595943118,4.887563409e-05,0
5656,0.004144633655,4.887563409e-05,0
5657,0.001411075471,4.887563409e-05,0
5658,0.001432033721,4.887563409e-05,0
5659,0.003863248043,4.891793651e-05,0
5660,0.001110361307,4.891793651e-05,0
5661,0.005074172746,4.891793651e-05,0
5662,0.0006954387645,4.891793651e-05,0
5663,0.003975502215,4.891793651e-05,0
5664,0.0007234718069,4.891793651e-05,0
5665,0.004497480579,4.891793651e-05,0
5666,0.01107209735,4.891793651e-05,1
5667,0.0009097066941,4.891793651e-05,0
5668,0.0006907037459,4.891793651e-05,0
5669,0.004473087844,4.891793651e-05,0
5670,0.003531257622,4.891793651e-05,0
5671,0.01063565258,4.891793651e-05,1
5672,0.0002568707569,4.891793651e-05,0
5673,0.0004519190406,4.891793651e-05,0
5674,0.001629788894,4.891793651e-05,0
5675,0.0001014994268,4.891793651e-05,0
5676,0.0002674633288,4.891793651e-05,0
5677,0.001240475918,4.891793651e-05,0
5678,0.001361982082,4.891793651e-05,0
5679,0.0001312368695,4.85663877e-05,0
5680,0.0001631045161,4.85663877e-05,0
5681,0.0004005427763,4.85663877e-05,0
5682,0.00194202573,4.85663877e-05,0
5683,0.001033631153,4.85663877e-05,0
5684,0.002069610637,4.85663877e-05,0
5685,0.0003998509783,4.85663877e-05,0
5686,0.0002562394366,4.85663877e-05,0
5687,0.000621711195,4.85663877e-05,0
5688,0.0001154462079,4.85663877e-05,0
5689,0.001083957846,4.85663877e-05,0
5690,0.0005465055583,4.85663877e-05,0
5691,0.0004673414514,4.85663877e-05,0
5692,0.005143777467,4.85663877e-05,0
5693,0.0009158485336,4.85663877e-05,0
5694,0.002463311888,4.85663877e-05,0
5695,0.0007257959223,4.85663877e-05,0
5696,0.0009168644319,4.85663877e-05,0
5697,0.001626007492,4.85663877e-05,0
5698,0.00165962067,4.85663877e-05,0
5699,0.000191340514,4.881776476e-05,0
5700,0.0003441195295,4.881776476e-05,0
5701,0.0006667956477,4.881776476e-05,0
5702,0.00160177832,4.881776476e-05,0
5703,0.0006137300516,4.881776476e-05,0
5704,0.0002651615068,4.881776476e-05,0
5705,0.002015708713,4.881776476e-05,0
5706,0.0007298696437,4.881776476e-05,0
5707,0.002195314504,4.881776476e-05,0
5708,0.001534252544,4.881776476e-05,0
5709,0.006174389739,4.881776476e-05,0
5710,0.001292314148,4.881776476e-05,0
5711,0.0003977177548,4.881776476e-05,0
5712,0.0008934733341,4.881776476e-05,0
5713,0.001148107229,4.881776476e-05,0
5714,0.0004028893891,4.881776476e-05,0
5715,0.0002340662177,4.881776476e-05,0
5716,0.0006702066166,4.881776476e-05,0
5717,0.001056755427,4.881776476e-05,0
5718,0.003538029501,4.881776476e-05,0
5719,0.0001958320645,4.916261241e-05,0
5720,0.0001973415929,4.916261241e-05,0
5721,0.0009903685423,4.916261241e-05,0
5722,0.0009828554466,4.916261241e-05,0
5723,0.001623190008,4.916261241e-05,0
5724,0.004587322008,4.916261241e-05,0
5725,0.0005898249801,4.916261241e-05,0
5726,0.0005718504544,4.916261241e-05,0
5727,0.001609079773,4.916261241e-05,0
5728,0.001681040158,4.916261241e-05,0
5729,0.0003375615343,4.916261241e-05,0
5730,0.0001631135674,4.916261241e-05,0
5731,0.01564959995,4.916261241e-05,1
5732,0.0007828284288,4.916261241e-05,0
5733,0.0001899607742,4.916261241e-05,0
5734,0.0002775485918,4.916261241e-05,0
5735,0.001552061876,4.916261241e-05,0
5736,0.0002695590956,4.916261241e-05,0
5737,0.001277787611,4.916261241e-05,0
5738,0.006004654337,4.916261241e-05,0
5739,0.00066898769,4.920061474e-05,0
5740,0.001494160853,4.920061474e-05,0
5741,0.0005403833347,4.920061474e-05,0
5742,0.0006258012727,4.920061474e-05,0
5743,0.001870757435,4.920061474e-05,0
5744,0.0001461734064,4.920061474e-05,0
5745,0.0005123161827,4.920061474e-05,0
5746,0.0006981190527,4.920061474e-05,0
5747,0.0004067433474,4.920061474e-05,0
5748,0.0006657774793,4.920061474e-05,0
5749,0.0007797964499,4.920061474e-05,0
5750,0.0003529837704,4.920061474e-05,0
5751,0.002540882211,4.920061474e-05,0
5752,0.0005652813124,4.920061474e-05,0
5753,0.0003392508079,4.920061474e-05,0
5754,0.00104079349,4.920061474e-05,0
5755,0.001584343263,4.920061474e-05,0
5756,0.001271689544,4.920061474e-05,0
5757,0.0002932444331,4.920061474e-05,0
5758,0.0008008501609,4.920061474e-05,0
5759,0.004104037303,4.916085163e-05,0
5760,0.0003776932717,4.916085163e-05,0
5761,0.000327130605,4.916085163e-05,0
5762,0.0005237143487,4.916085163e-05,0
5763,0.006951474585,4.916085163e-05,0
5764,0.0007859013858,4.916085163e-05,0
5765,0.0005792820593,4.916085163e-05,0
5766,0.002251083031,4.916085163e-05,0
5767,0.001229585498,4.916085163e-05,0
5768,0.000765304896,4.916085163e-05,0
5769,0.0008837579517,4.916085163e-05,0
5770,0.001246874221,4.916085163e-05,0
5771,0.0007382580079,4.916085163e-05,0
5772,0.000175359397,4.916085163e-05,0
5773,0.0004667281173,4.916085163e-05,0
5774,0.001898808056,4.916085163e-05,0
5775,0.002897619968,4.916085163e-05,0
5776,0.0003882171295,4.916085163e-05,0
5777,0.006898000836,4.916085163e-05,0
5778,0.0005230813986,4.916085163e-05,0
5779,0.0004229594488,4.867988537e-05,0
5780,0.0004672963405,4.867988537e-05,0
5781,0.0003433249076,4.867988537e-05,0
5782,0.0008336926112,4.867988537e-05,0
5783,0.001958403271,4.867988537e-05,0
5784,0.0009025432519,4.867988537e-05,0
5785,0.001027745078,4.867988537e-05,0
5786,0.008262452669,4.867988537e-05,1
5787,0.001129202778,4.867988537e-05,0
5788,0.001317038666,4.867988537e-05,0
5789,0.0002739031042,4.867988537e-05,0
5790,0.003746357514,4.867988537e-05,0
5791,0.0004515065229,4.867988537e-05,0
5792,0.001586958766,4.867988537e-05,0
5793,0.0008367929258,4.867988537e-05,0
5794,0.0008826408884,4.867988537e-05,0
5795,0.004379393533,4.867988537e-05,0
5796,0.00156042818,4.867988537e-05,0
5797,0.0009402706055,4.867988537e-05,0
5798,0.0003408761986,4.867988537e-05,0
5799,0.000211722625,4.968167559e-05,0
5800,0.0007037333562,4.968167559e-05,0
5801,0.001053953427,4.968167559e-05,0
5802,0.0004936535261,4.968167559e-05,0
5803,0.0009398818365,4.968167559e-05,0
5804,0.0006545923534,4.968167559e-05,0
5805,0.0002233687846,4.968167559e-05,0
5806,0.005437194835,4.968167559e-05,0
5807,0.001683372655,4.968167559e-05,0
5808,0.0004285876639,4.968167559e-05,0
5809,0.0002783496166,4.968167559e-05,0
5810,0.0002046375448,4.968167559e-05,0
5811,0.0009398921393,4.968167559e-05,0
5812,0.0003526611836,4.968167559e-05,0
5813,0.0007037903997,4.968167559e-05,0
5814,0.0005395428161,4.968167559e-05,0
5815,0.002564522438,4.968167559e-05,0
5816,0.0006891316734,4.968167559e-05,0
5817,0.002865967574,4.968167559e-05,0
5818,0.0002166935592,4.968167559e-05,0
5819,0.04090508819,4.954288306e-05,1
5820,0.0007519708015,4.954288306e-05,0
5821,0.008462178521,4.954288306e-05,1
5822,0.00039978922,4.954288306e-05,0
5823,0.000458287861,4.954288306e-05,0
5824,0.0030504202,4.954288306e-05,0
5825,0.001972558675,4.954288306e-05,0
5826,0.002527290955,4.954288306e-05,0
5827,0.0009301987011,4.954288306e-05,0
5828,0.0006550978869,4.954288306e-05,0
5829,0.001011269982,4.954288306e-05,0
5830,0.0005505761947,4.954288306e-05,0
5831,0.002935304772,4.954288306e-05,0
5832,0.0001971767779,4.954288306e-05,0
5833,0.0004466496466,4.954288306e-05,0
5834,0.0015706548,4.954288306e-05,0
5835,0.0002631828247,4.954288306e-05,0
5836,0.002423541853,4.954288306e-05,0
5837,0.0006960848114,4.954288306e-05,0
5838,0.0004774027329,4.954288306e-05,0
5839,0.001045228215,5.025316568e-05,0
5840,0.0007604370476,5.025316568e-05,0
5841,0.0004033354053,5.025316568e-05,0
5842,0.0002844523115,5.025316568e-05,0
5843,0.0002722916543,5.025316568e-05,0
5844,0.003065515542,5.025316568e-05,0
5845,0.0001324048935,5.025316568e-05,0
5846,0.0002297532192,5.025316568e-05,0
5847,0.0005297489697,5.025316568e-05,0
5848,0.0007037189207,5.025316568e-05,0
5849,0.001549070934,5.025316568e-05,0
5850,0.0007392828702,5.025316568e-05,0
5851,0.002708321437,5.025316568e-05,0
5852,0.001831106609,5.025316568e-05,0
5853,0.0005383753451,5.025316568e-05,0
5854,0.001997149084,5.025316568e-05,0
5855,0.0002383064711,5.025316568e-05,0
5856,0.002911795862,5.025316568e-05,0
5857,0.003820099169,5.025316568e-05,0
5858,0.0002637098078,5.025316568e-05,0
5859,0.0009696923662,5.023160702e-05,0
5860,0.000225917116,5.023160702e-05,0
5861,0.002865660004,5.023160702e-05,0
5862,0.0004270050849,5.023160702e-05,0
5863,0.0002878051891,5.023160702e-05,0
5864,0.0008488759049,5.023160702e-05,0
5865,0.002091221977,5.023160702e-05,0
5866,0.001155888429,5.023160702e-05,0
5867,0.0007678523543,5.023160702e-05,0
5868,0.002147976775,5.023160702e-05,0
5869,0.0005994832609,5.023160702e-05,0
5870,0.002335316967,5.023160702e-05,0
5871,0.0005901261466,5.023160702e-05,0
5872,0.000231671962,5.023160702e-05,0
5873,0.002104999963,5.023160702e-05,0
5874,0.0008470698376,5.023160702e-05,0
5875,0.000861355511,5.023160702e-05,0
5876,0.000943082734,5.023160702e-05,0
5877,0.007128615398,5.023160702e-05,0
5878,0.003922372591,5.023160702e-05,0
5879,0.0004124548577,5.001630052e-05,0
5880,0.001383792027,5.001630052e-05,0
5881,0.00195127714,5.001630052e-05,0
5882,0.0003361015697,5.001630052e-05,0
5883,0.0002871296892,5.001630052e-05,0
5884,0.005067664199,5.001630052e-05,0
5885,0.0004083376843,5.001630052e-05,0
5886,0.0005239241873,5.001630052e-05,0
5887,0.0006002989248,5.001630052e-05,0
5888,0.0005043843412,5.001630052e-05,0
5889,0.0002863354166,5.001630052e-05,0
5890,0.00028113593,5.001630052e-05,0
5891,0.0003538015881,5.001630052e-05,0
5892,0.003587542102,5.001630052e-05,0
5893,0.001269478234,5.001630052e-05,0
5894,0.000352082192,5.001630052e-05,0
5895,0.000640165119,5.001630052e-05,0
5896,0.002301895525,5.001630052e-05,0
5897,0.0006984185893,5.001630052e-05,0
5898,0.0008578986744,5.001630052e-05,0
5899,0.02058894932,5.017809235e-05,1
5900,0.0002274801518,5.017809235e-05,0
5901,0.000668641529,5.017809235e-05,0
5902,0.001757967519,5.017809235e-05,0
5903,0.0003929828526,5.017809235e-05,0
5904,0.001539754216,5.017809235e-05,0
5905,0.00337064988,5.017809235e-05,0
5906,0.001094354317,5.017809235e-05,0
5907,0.0006586823147,5.017809235e-05,0
5908,0.01495698746,5.017809235e-05,1
5909,0.0003356204834,5.017809235e-05,0
5910,0.0005110927159,5.017809235e-05,0
5911,0.001066725003,5.017809235e-05,0
5912,0.0003960995236,5.017809235e-05,0
5913,0.001426157774,5.017809235e-05,0
5914,0.00219782698,5.017809235e-05,0
5915,0.000225549782,5.017809235e-05,0
5916,0.0005331587163,5.017809235e-05,0
5917,0.003404271789,5.017809235e-05,0
5918,0.0009060270968,5.017809235e-05,0
5919,0.001876716036,4.936738333e-05,0
5920,0.0006989125395,4.936738333e-05,0
5921,0.0003556887968,4.936738333e-05,0
5922,0.0006728254375,4.936738333e-05,0
5923,0.0005212359247,4.936738333e-05,0
5924,0.001771070994,4.936738333e-05,0
5925,0.0004110404116,4.936738333e-05,0
5926,0.0006923968904,4.936738333e-05,0
5927,0.000399976765,4.936738333e-05,0
5928,0.0005531376228,4.936738333e-05,0
5929,0.005911983084,4.936738333e-05,0
5930,0.0004447516403,4.936738333e-05,0
5931,0.0009966808138,4.936738333e-05,0
5932,0.001270372304,4.936738333e-05,0
5933,0.0009795287624,4.936738333e-05,0
5934,0.0002598548599,4.936738333e-05,0
5935,0.03074083477,4.936738333e-05,1
5936,0.0009079033043,4.936738333e-05,0
5937,0.008424080908,4.936738333e-05,1
5938,0.0001575753267,4.936738333e-05,0
5939,0.0004186993174,5.051882908e-05,0
5940,0.0001822001068,5.051882908e-05,0
5941,0.0006972770207,5.051882908e-05,0
5942,0.001141797518,5.051882908e-05,0
5943,0.001728661242,5.051882908e-05,0
5944,0.003344399389,5.051882908e-05,0
5945,0.0004939661012,5.051882908e-05,0
5946,0.001862197649,5.051882908e-05,0
5947,0.000500851369,5.051882908e-05,0
5948,0.003645958612,5.051882908e-05,0
5949,0.001160132699,5.051882908e-05,0
5950,0.002103047213,5.051882908e-05,0
5951,0.0003014496469,5.051882908e-05,0
5952,0.0003346817393,5.051882908e-05,0
5953,0.0006583841168,5.051882908e-05,0
5954,0.001070897328,5.051882908e-05,0
5955,0.003552410286,5.051882908e-05,0
5956,0.0002417743672,5.051882908e-05,0
5957,0.0003284128616,5.051882908e-05,0
5958,0.0005816098419,5.051882908e-05,0
5959,0.001362615498,5.00585702e-05,0
5960,0.0003259019577,5.00585702e-05,0
5961,0.001772100688,5.00585702e-05,0
5962,0.0003173568402,5.00585702e-05,0
5963,0.0004329467192,5.00585702e-05,0
5964,0.0003242189996,5.00585702e-05,0
5965,0.002191558713,5.00585702e-05,0
5966,0.01066324115,5.00585702e-05,1
5967,0.001003819052,5.00585702e-05,0
5968,0.001429119264,5.00585702e-05,0
5969,0.002409725916,5.00585702e-05,0
5970,0.001931606326,5.00585702e-05,0
5971,0.001677678898,5.00585702e-05,0
5972,0.0004760901502,5.00585702e-05,0
5973,0.0004638708488,5.00585702e-05,0
5974,0.00134270417,5.00585702e-05,0
5975,0.0005924947909,5.00585702e-05,0
5976,0.001168147079,5.00585702e-05,0
5977,0.0005594868562,5.00585702e-05,0
5978,0.001586240716,5.00585702e-05,0
5979,0.0006038281135,5.087742102e-05,0
5980,0.0008697320591,5.087742102e-05,0
5981,0.001048713573,5.087742102e-05,0
5982,0.00252353726,5.087742102e-05,0
5983,0.0001878413168,5.087742102e-05,0
5984,0.0005919230171,5.087742102e-05,0
5985,0.001876213937,5.087742102e-05,0
5986,0.0005222306354,5.087742102e-05,0
5987,0.003095020773,5.087742102e-05,0
5988,0.001092370949,5.087742102e-05,0
5989,0.0010650123,5.087742102e-05,0
5990,0.004420440644,5.087742102e-05,0
5991,0.0003802469,5.087742102e-05,0
5992,0.001086896867,5.087742102e-05,0
5993,0.000623552769,5.087742102e-05,0
5994,0.0005457871011,5.087742102e-05,0
5995,0.0004068734997,5.087742102e-05,0
5996,0.0005859127268,5.087742102e-05,0
5997,0.000783246127,5.087742102e-05,0
5998,0.0007950341096,5.087742102e-05,0
5999,0.0008512500208,5.164819595e-05,0
6000,0.0008943179273,5.164819595e-05,0
6001,0.001043671509,5.164819595e-05,0
6002,0.01711233146,5.164819595e-05,1
6003,0.001880654367,5.164819595e-05,0
6004,0.0006111527327,5.164819595e-05,0
6005,0.0006632232107,5.164819595e-05,0
6006,0.001913621672,5.164819595e-05,0
6007,0.001869509229,5.164819595e-05,0
6008,0.004591647536,5.164819595e-05,0
6009,0.001716395142,5.164819595e-05,0
6010,0.0003634667664,5.164819595e-05,0
6011,0.001792872441,5.164819595e-05,0
6012,0.0007590493769,5.164819595e-05,0
6013,0.0009916602867,5.164819595e-05,0
6014,0.000219568683,5.164819595e-05,0
6015,0.001905992627,5.164819595e-05,0
6016,0.0008862767718,5.164819595e-05,0
6017,0.0003307702427,5.164819595e-05,0
6018,0.001096915337,5.164819595e-05,0
6019,0.0004500400682,5.191392847e-05,0
6020,0.0005182752502,5.191392847e-05,0
6021,0.0005382588133,5.191392847e-05,0
6022,0.0002785459801,5.191392847e-05,0
6023,0.002429867629,5.191392847e-05,0
6024,0.0008279039175,5.191392847e-05,0
6025,0.0003854871611,5.191392847e-05,0
6026,0.0009565843502,5.191392847e-05,0
6027,0.0001954104373,5.191392847e-05,0
6028,0.0003832940129,5.191392847e-05,0
6029,0.0003884808393,5.191392847e-05,0
6030,0.002065181267,5.191392847e-05,0
6031,0.001044235774,5.191392847e-05,0
6032,0.0002955418022,5.191392847e-05,0
6033,0.0006339377142,5.191392847e-05,0
6034,0.001830649213,5.191392847e-05,0
6035,0.006095881574,5.191392847e-05,0
6036,0.002929767827,5.191392847e-05,0
6037,0.0009214835009,5.191392847e-05,0
6038,0.0008950923802,5.191392847e-05,0
6039,0.001783353277,5.234283162e-05,0
6040,0.0002907594026,5.234283162e-05,0
6041,0.0003443975584,5.234283162e-05,0
6042,0.001022775425,5.234283162e-05,0
6043,0.0003932463296,5.234283162e-05,0
6044,0.0003531623224,5.234283162e-05,0
6045,0.01122853439,5.234283162e-05,1
6046,0.0007905523526,5.234283162e-05,0
6047,0.0003029887157,5.234283162e-05,0
6048,0.0007297912962,5.234283162e-05,0
6049,0.0003972259874,5.234283162e-05,0
6050,0.00127237069,5.234283162e-05,0
6051,0.0004351465032,5.234283162e-05,0
6052,0.0004803329648,5.234283162e-05,0
6053,0.00111863541,5.234283162e-05,0
6054,0.0004609793832,5.234283162e-05,0
6055,0.002431888133,5.234283162e-05,0
6056,0.000373343064,5.234283162e-05,0
6057,0.002507938538,5.234283162e-05,0
6058,0.001286046347,5.234283162e-05,0
6059,0.001419130713,5.19764435e-05,0
6060,0.0004353447875,5.19764435e-05,0
6061,0.0009449429926,5.19764435e-05,0
6062,0.0002877753577,5.19764435e-05,0
6063,0.002295773476,5.19764435e-05,0
6064,0.0007620864199,5.19764435e-05,0
6065,0.0007489895797,5.19764435e-05,0
6066,0.001284765196,5.19764435e-05,0
6067,0.0006201565848,5.19764435e-05,0
6068,0.0005087406607,5.19764435e-05,0
6069,0.0001339850569,5.19764435e-05,0
6070,0.01229667757,5.19764435e-05,1
6071,0.0003843017621,5.19764435e-05,0
6072,0.002906524343,5.19764435e-05,0
6073,0.0003100555914,5.19764435e-05,0
6074,0.002970856847,5.19764435e-05,0
6075,0.0007639231044,5.19764435e-05,0
6076,0.0002569391218,5.19764435e-05,0
6077,0.002800378483,5.19764435e-05,0
6078,0.0006716257194,5.19764435e-05,0
6079,0.0008381282096,5.234296259e-05,0
6080,0.001418665517,5.234296259e-05,0
6081,0.002604766749,5.234296259e-05,0
6082,0.0008117373218,5.234296259e-05,0
6083,0.002136429306,5.234296259e-05,0
6084,0.00213378598,5.234296259e-05,0
6085,0.001412761281,5.234296259e-05,0
6086,0.0002413233306,5.234296259e-05,0
6087,0.0001273765956,5.234296259e-05,0
6088,0.00140070566,5.234296259e-05,0
6089,0.0002470499021,5.234296259e-05,0
6090,0.003054328263,5.234296259e-05,0
6091,0.0006409113412,5.234296259e-05,0
6092,0.001209652168,5.234296259e-05,0
6093,0.00248087314,5.234296259e-05,0
6094,0.0005527917529,5.234296259e-05,0
6095,0.006140810903,5.234296259e-05,0
6096,0.001616194611,5.234296259e-05,0
6097,0.0002669148962,5.234296259e-05,0
6098,0.0009364835569,5.234296259e-05,0
6099,0.0002714810544,5.168778807e-05,0
6100,0.008810943924,5.168778807e-05,1
6101,0.003192769364,5.168778807e-05,0
6102,0.01092164498,5.168778807e-05,1
6103,0.002684618812,5.168778807e-05,0
6104,0.0005770506687,5.168778807e-05,0
6105,0.0004796017602,5.168778807e-05,0
6106,0.0003243804967,5.168778807e-05,0
6107,0.007059660275,5.168778807e-05,0
6108,0.0007468277472,5.168778807e-05,0
6109,0.001116179512,5.168778807e-05,0
6110,0.0002671948168,5.168778807e-05,0
6111,0.001426691189,5.168778807e-05,0
6112,0.0006572229904,5.168778807e-05,0
6113,0.0004261835129,5.168778807e-05,0
6114,0.000604564324,5.168778807e-05,0
6115,0.0001677880791,5.168778807e-05,0
6116,0.0005283697392,5.168778807e-05,0
6117,0.0005553006195,5.168778807e-05,0
6118,0.0005706509692,5.168778807e-05,0
6119,0.001031139516,5.143777162e-05,0
6120,0.005378430709,5.143777162e-05,0
6121,0.001874814974,5.143777162e-05,0
6122,0.00452271942,5.143777162e-05,0
6123,0.0003554812574,5.143777162e-05,0
6124,0.0005026548752,5.143777162e-05,0
6125,0.0004962201347,5.143777162e-05,0
6126,0.0001310002845,5.143777162e-05,0
6127,0.00037391769,5.143777162e-05,0
6128,0.001824020175,5.143777162e-05,0
6129,0.001786771347,5.143777162e-05,0
6130,0.003341529286,5.143777162e-05,0
6131,0.0009257694473,5.143777162e-05,0
6132,0.0002868915908,5.143777162e-05,0
6133,0.003984420095,5.143777162e-05,0
6134,0.001123280614,5.143777162e-05,0
6135,0.0009762156405,5.143777162e-05,0
6136,0.0003576742311,5.143777162e-05,0
6137,0.0001463470544,5.143777162e-05,0
6138,0.0014205646,5.143777162e-05,0
6139,0.0004116226337,5.15228603e-05,0
6140,0.002496929839,5.15228603e-05,0
6141,0.001724220696,5.15228603e-05,0
6142,0.003522340441,5.15228603e-05,0
6143,0.0005486287409,5.15228603e-05,0
6144,0.0004282842856,5.15228603e-05,0
6145,0.001025647507,5.15228603e-05,0
6146,0.001533882809,5.15228603e-05,0
6147,0.001880309777,5.15228603e-05,0
6148,0.0002770414285,5.15228603e-05,0
6149,0.00360564189,5.15228603e-05,0
6150,0.0002843008842,5.15228603e-05,0
6151,0.0007435487933,5.15228603e-05,0
6152,0.0003996712912,5.15228603e-05,0
6153,0.00135583384,5.15228603e-05,0
6154,0.001132484525,5.15228603e-05,0
6155,0.00373509503,5.15228603e-05,0
6156,0.003411537036,5.15228603e-05,0
6157,0.0009714637417,5.15228603e-05,0
6158,0.0002342764783,5.15228603e-05,0
6159,0.001590387197,5.135872925e-05,0
6160,0.0005423082621,5.135872925e-05,0
6161,0.0006004583556,5.135872925e-05,0
6162,0.0004924589884,5.135872925e-05,0
6163,0.000625817629,5.135872925e-05,0
6164,0.0003915878478,5.135872925e-05,0
6165,0.0008723897627,5.135872925e-05,0
6166,0.0006680731312,5.135872925e-05,0
6167,0.0002405018749,5.135872925e-05,0
6168,0.0006952965632,5.135872925e-05,0
6169,0.001462857588,5.135872925e-05,0
6170,0.0007657632814,5.135872925e-05,0
6171,0.0003765149158,5.135872925e-05,0
6172,0.0005490093608,5.135872925e-05,0
6173,0.001144715585,5.135872925e-05,0
6174,0.0004877275787,5.135872925e-05,0
6175,0.0008746139356,5.135872925e-05,0
6176,0.0003279141674,5.135872925e-05,0
6177,0.0003568365064,5.135872925e-05,0
6178,0.0001257585245,5.135872925e-05,0
6179,0.0002048112365,5.146684998e-05,0
6180,0.00151426997,5.146684998e-05,0
6181,0.0004108386056,5.146684998e-05,0
6182,0.001564137172,5.146684998e-05,0
6183,0.0003007820342,5.146684998e-05,0
6184,0.001335446956,5.146684998e-05,0
6185,0.0007201135159,5.146684998e-05,0
6186,0.005403206218,5.146684998e-05,0
6187,0.005930073094,5.146684998e-05,0
6188,9.772844351e-05,5.146684998e-05,0
6189,0.001357683446,5.146684998e-05,0
6190,0.00124560215,5.146684998e-05,0
6191,0.001159869367,5.146684998e-05,0
6192,0.001375972643,5.146684998e-05,0
6193,0.00106077746,5.146684998e-05,0
6194,0.001330819097,5.146684998e-05,0
6195,0.0004033861624,5.146684998e-05,0
6196,0.0002804861579,5.146684998e-05,0
6197,0.0005669895327,5.146684998e-05,0
6198,0.0003140135668,5.146684998e-05,0
6199,0.0007126822602,5.063892604e-05,0
6200,0.0007694809465,5.063892604e-05,0
6201,0.001596059068,5.063892604e-05,0
6202,0.0009696137859,5.063892604e-05,0
6203,0.0002252193517,5.063892604e-05,0
6204,0.0006710279267,5.063892604e-05,0
6205,0.00030780214,5.063892604e-05,0
6206,0.0007495921454,5.063892604e-05,0
6207,0.0007333204267,5.063892604e-05,0
6208,0.001746920636,5.063892604e-05,0
6209,0.002230039565,5.063892604e-05,0
6210,0.0007374396082,5.063892604e-05,0
6211,0.0004566283023,5.063892604e-05,0
6212,0.00150048011,5.063892604e-05,0
6213,0.00178128574,5.063892604e-05,0
6214,0.0005281279446,5.063892604e-05,0
6215,0.0005132693914,5.063892604e-05,0
6216,0.001024371712,5.063892604e-05,0
6217,0.002122028498,5.063892604e-05,0
6218,0.001803971012,5.063892604e-05,0
6219,0.0006557882298,5.110271377e-05,0
6220,0.001311359578,5.110271377e-05,0
6221,0.0003458596184,5.110271377e-05,0
6222,0.0007673496148,5.110271377e-05,0
6223,0.001439435175,5.110271377e-05,0
6224,0.0008523191209,5.110271377e-05,0
6225,0.0002222397015,5.110271377e-05,0
6226,0.003048954997,5.110271377e-05,0
6227,0.002932993229,5.110271377e-05,0
6228,0.002532670507,5.110271377e-05,0
6229,0.001413679216,5.110271377e-05,0
6230,0.0009007864865,5.110271377e-05,0
6231,0.002098917495,5.110271377e-05,0
6232,0.002909901785,5.110271377e-05,0
6233,0.003974495456,5.110271377e-05,0
6234,0.002246268094,5.110271377e-05,0
6235,0.00131841132,5.110271377e-05,0
6236,0.0002726926759,5.110271377e-05,0
6237,0.000513244886,5.110271377e-05,0
6238,0.001265807077,5.110271377e-05,0
6239,0.001114182756,5.126114775e-05,0
6240,0.006905593909,5.126114775e-05,0
6241,0.000485997909,5.126114775e-05,0
6242,0.0008228954975,5.126114775e-05,0
6243,0.0008749036351,5.126114775e-05,0
6244,0.0002272769634,5.126114775e-05,0
6245,0.0004124691477,5.126114775e-05,0
6246,0.001355294953,5.126114775e-05,0
6247,0.0007526738336,5.126114775e-05,0
6248,0.002145755338,5.126114775e-05,0
6249,0.0007591824397,5.126114775e-05,0
6250,0.0006628945121,5.126114775e-05,0
6251,0.00281495438,5.126114775e-05,0
6252,0.0009441304719,5.126114775e-05,0
6253,0.001298913267,5.126114775e-05,0
6254,0.00317444629,5.126114775e-05,0
6255,0.0009666584083,5.126114775e-05,0
6256,0.0008431305178,5.126114775e-05,0
6257,0.02292684093,5.126114775e-05,1
6258,0.006245042197,5.126114775e-05,0
6259,0.001027172897,5.258750753e-05,0
6260,0.007014788222,5.258750753e-05,0
6261,0.0004312947567,5.258750753e-05,0
6262,0.0006980965845,5.258750753e-05,0
6263,0.0007286961772,5.258750753e-05,0
6264,0.0003787397873,5.258750753e-05,0
6265,0.0005549045163,5.258750753e-05,0
6266,0.004060833715,5.258750753e-05,0
6267,0.0005307522952,5.258750753e-05,0
6268,0.0003084446071,5.258750753e-05,0
6269,0.0005694757565,5.258750753e-05,0
6270,0.0004488915438,5.258750753e-05,0
6271,0.0006107647787,5.258750753e-05,0
6272,0.0001570199965,5.258750753e-05,0
6273,0.01407238562,5.258750753e-05,1
6274,0.0005437728832,5.258750753e-05,0
6275,0.01302192267,5.258750753e-05,1
6276,0.0006447974592,5.258750753e-05,0
6277,0.001308246981,5.258750753e-05,0
6278,0.0009312940529,5.258750753e-05,0
6279,0.001876586815,5.353207962e-05,0
6280,0.003146209754,5.353207962e-05,0
6281,0.005322238896,5.353207962e-05,0
6282,0.001851942157,5.353207962e-05,0
6283,0.0003391606733,5.353207962e-05,0
6284,0.0007323597674,5.353207962e-05,0
6285,0.0004062743392,5.353207962e-05,0
6286,0.000511555816,5.353207962e-05,0
6287,0.001148143783,5.353207962e-05,0
6288,0.002620836021,5.353207962e-05,0
6289,0.00141213357,5.353207962e-05,0
6290,0.0005994996172,5.353207962e-05,0
6291,0.0005112402723,5.353207962e-05,0
6292,0.001578590251,5.353207962e-05,0
6293,0.001383655006,5.353207962e-05,0
6294,0.0006821141578,5.353207962e-05,0
6295,0.004753068555,5.353207962e-05,0
6296,0.0003896394919,5.353207962e-05,0
6297,0.0003663479583,5.353207962e-05,0
6298,0.002035283018,5.353207962e-05,0
6299,0.0002614664263,5.376560512e-05,0
6300,0.004053488374,5.376560512e-05,0
6301,0.001357913949,5.376560512e-05,0
6302,0.0004806376528,5.376560512e-05,0
6303,0.001525153872,5.376560512e-05,0
6304,0.001256237971,5.376560512e-05,0
6305,0.004320781678,5.376560512e-05,0
6306,0.01436564699,5.376560512e-05,1
6307,0.0007727738703,5.376560512e-05,0
6308,0.001294034766,5.376560512e-05,0
6309,0.0002827614371,5.376560512e-05,0
6310,0.0007670298219,5.376560512e-05,0
6311,0.001019538264,5.376560512e-05,0
6312,0.0003453892132,5.376560512e-05,0
6313,0.001710569137,5.376560512e-05,0
6314,0.003481622552,5.376560512e-05,0
6315,0.002755293855,5.376560512e-05,0
6316,0.0009318074444,5.376560512e-05,0
6317,0.0008131342474,5.376560512e-05,0
6318,0.0002594203106,5.376560512e-05,0
6319,0.0004551633028,5.321599747e-05,0
6320,0.0004521128722,5.321599747e-05,0
6321,0.0016194036,5.321599747e-05,0
6322,0.001317682676,5.321599747e-05,0
6323,0.002456492744,5.321599747e-05,0
6324,0.0005787744885,5.321599747e-05,0
6325,0.000329753093,5.321599747e-05,0
6326,0.002021570224,5.321599747e-05,0
6327,0.0002017803636,5.321599747e-05,0
6328,0.0005781894433,5.321599747e-05,0
6329,0.0007027612301,5.321599747e-05,0
6330,0.0009830649942,5.321599747e-05,0
6331,0.002488439204,5.321599747e-05,0
6332,0.002470378764,5.321599747e-05,0
6333,0.0005455330829,5.321599747e-05,0
6334,0.0007391403196,5.321599747e-05,0
6335,0.0006207452971,5.321599747e-05,0
6336,0.002028183546,5.321599747e-05,0
6337,0.0006833819207,5.321599747e-05,0
6338,0.000806413067,5.321599747e-05,0
6339,0.002257862594,5.35840918e-05,0
6340,0.0006103804335,5.35840918e-05,0
6341,0.002935027005,5.35840918e-05,0
6342,0.0008200273151,5.35840918e-05,0
6343,0.0006567315431,5.35840918e-05,0
6344,0.0005202010507,5.35840918e-05,0
6345,0.000234012783,5.35840918e-05,0
6346,0.0006020790315,5.35840918e-05,0
6347,0.005948426202,5.35840918e-05,0
6348,0.00123909628,5.35840918e-05,0
6349,0.0007864242652,5.35840918e-05,0
6350,0.0003967937082,5.35840918e-05,0
6351,0.0007886645617,5.35840918e-05,0
6352,0.0007770281518,5.35840918e-05,0
6353,0.0006631780998,5.35840918e-05,0
6354,0.0008422544925,5.35840918e-05,0
6355,0.0005176065606,5.35840918e-05,0
6356,0.0005403120886,5.35840918e-05,0
6357,0.0002993750677,5.35840918e-05,0
6358,0.001671333564,5.35840918e-05,0
6359,0.0005293405848,5.377748312e-05,0
6360,0.0008011723403,5.377748312e-05,0
6361,0.0001253630326,5.377748312e-05,0
6362,0.003402157687,5.377748312e-05,0
6363,0.003442600369,5.377748312e-05,0
6364,0.00121596083,5.377748312e-05,0
6365,0.001236301963,5.377748312e-05,0
6366,0.001109733945,5.377748312e-05,0
6367,0.0005189682124,5.377748312e-05,0
6368,0.0003781383275,5.377748312e-05,0
6369,0.00157358218,5.377748312e-05,0
6370,0.0004218019021,5.377748312e-05,0
6371,0.002735517453,5.377748312e-05,0
6372,0.0001583646663,5.377748312e-05,0
6373,0.001044308417,5.377748312e-05,0
6374,0.002080006991,5.377748312e-05,0
6375,0.004967190325,5.377748312e-05,0
6376,0.0002714014845,5.377748312e-05,0
6377,0.001460426254,5.377748312e-05,0
6378,0.0005885709543,5.377748312e-05,0
6379,0.0007984260446,5.382603194e-05,0
6380,0.0005742165376,5.382603194e-05,0
6381,0.001436099177,5.382603194e-05,0
6382,0.002786077559,5.382603194e-05,0
6383,0.003277713433,5.382603194e-05,0
6384,0.0002002123656,5.382603194e-05,0
6385,0.0009265437257,5.382603194e-05,0
6386,0.001082452014,5.382603194e-05,0
6387,0.001150556956,5.382603194e-05,0
6388,0.000326307636,5.382603194e-05,0
6389,0.0006538649322,5.382603194e-05,0
6390,0.0005148224882,5.382603194e-05,0
6391,0.001928176614,5.382603194e-05,0
6392,0.0007706921897,5.382603194e-05,0
6393,0.0006451743538,5.382603194e-05,0
6394,0.002424661769,5.382603194e-05,0
6395,0.002129754052,5.382603194e-05,0
6396,0.0001032718428,5.382603194e-05,0
6397,0.0003321554977,5.382603194e-05,0
6398,0.004771486856,5.382603194e-05,0
6399,0.00190987566,5.309731205e-05,0
6400,0.001902953023,5.309731205e-05,0
6401,0.0009745038697,5.309731205e-05,0
6402,0.0005915042129,5.309731205e-05,0
6403,0.0003285600978,5.309731205e-05,0
6404,0.0005561969592,5.309731205e-05,0
6405,0.0003229409922,5.309731205e-05,0
6406,0.0001766003988,5.309731205e-05,0
6407,0.007462907117,5.309731205e-05,1
6408,0.0009746173164,5.309731205e-05,0
6409,0.0004390204558,5.309731205e-05,0
6410,0.00167412369,5.309731205e-05,0
6411,0.0004805826757,5.309731205e-05,0
6412,0.0012279558,5.309731205e-05,0
6413,0.001076203422,5.309731205e-05,0
6414,0.001486576744,5.309731205e-05,0
6415,0.0002582072921,5.309731205e-05,0
6416,0.001447049668,5.309731205e-05,0
6417,0.001529315603,5.309731205e-05,0
6418,0.0006644210662,5.309731205e-05,0
6419,0.0004361405736,5.333040463e-05,0
6420,0.001323526609,5.333040463e-05,0
6421,0.0005197051214,5.333040463e-05,0
6422,0.0008156712283,5.333040463e-05,0
6423,0.002870690543,5.333040463e-05,0
6424,0.000220724658,5.333040463e-05,0
6425,0.0003145856899,5.333040463e-05,0
6426,0.003485293593,5.333040463e-05,0
6427,0.001847002655,5.333040463e-05,0
6428,0.0002371548762,5.333040463e-05,0
6429,0.001180756255,5.333040463e-05,0
6430,0.0008927183808,5.333040463e-05,0
6431,0.002173881046,5.333040463e-05,0
6432,0.0006267239223,5.333040463e-05,0
6433,0.004672767129,5.333040463e-05,0
6434,0.008023194037,5.333040463e-05,1
6435,0.001153863501,5.333040463e-05,0
6436,0.0004553508188,5.333040463e-05,0
6437,0.001292290981,5.333040463e-05,0
6438,0.0007597176009,5.333040463e-05,0
6439,0.002065758454,5.406455966e-05,0
6440,0.0006064104382,5.406455966e-05,0
6441,0.001006106031,5.406455966e-05,0
6442,0.001077663037,5.406455966e-05,0
6443,0.0003476360289,5.406455966e-05,0
6444,0.0006895107217,5.406455966e-05,0
6445,0.001036449685,5.406455966e-05,0
6446,0.0006813028594,5.406455966e-05,0
6447,0.002728283871,5.406455966e-05,0
6448,0.000521326845,5.406455966e-05,0
6449,0.0003758898529,5.406455966e-05,0
6450,0.001327174483,5.406455966e-05,0
6451,0.0008076056256,5.406455966e-05,0
6452,0.0005671150284,5.406455966e-05,0
6453,0.0003773584322,5.406455966e-05,0
6454,0.0008823633543,5.406455966e-05,0
6455,0.002401732374,5.406455966e-05,0
6456,0.0009356764494,5.406455966e-05,0
6457,0.001358278561,5.406455966e-05,0
6458,0.0004426863161,5.406455966e-05,0
6459,0.0001571831672,5.450421668e-05,0
6460,0.001476067351,5.450421668e-05,0
6461,0.0007347124629,5.450421668e-05,0
6462,0.0009136630688,5.450421668e-05,0
6463,0.0003389977501,5.450421668e-05,0
6464,0.0006329994067,5.450421668e-05,0
6465,0.001517440425,5.450421668e-05,0
6466,0.001868023654,5.450421668e-05,0
6467,0.001767898095,5.450421668e-05,0
6468,0.001019284478,5.450421668e-05,0
6469,0.0003125109943,5.450421668e-05,0
6470,0.0007490076241,5.450421668e-05,0
6471,0.002103860024,5.450421668e-05,0
6472,0.0002057436795,5.450421668e-05,0
6473,0.003079001093,5.450421668e-05,0
6474,0.003774292301,5.450421668e-05,0
6475,9.55593714e-05,5.450421668e-05,0
6476,0.0009629474371,5.450421668e-05,0
6477,0.001559168915,5.450421668e-05,0
6478,0.003684677184,5.450421668e-05,0
6479,0.0005236910656,5.541179416e-05,0
6480,0.001027416438,5.541179416e-05,0
6481,0.0003194691672,5.541179416e-05,0
6482,0.001181481523,5.541179416e-05,0
6483,0.0001282854646,5.541179416e-05,0
6484,0.0003125504591,5.541179416e-05,0
6485,0.001157545485,5.541179416e-05,0
6486,0.00151597301,5.541179416e-05,0
6487,0.0002134402312,5.541179416e-05,0
6488,0.000371877657,5.541179416e-05,0
6489,0.0003135931038,5.541179416e-05,0
6490,0.0005206807982,5.541179416e-05,0
6491,0.001272739493,5.541179416e-05,0
6492,0.005407928023,5.541179416e-05,0
6493,0.002358541358,5.541179416e-05,0
6494,0.001723733498,5.541179416e-05,0
6495,0.0005562903243,5.541179416e-05,0
6496,0.008118129335,5.541179416e-05,1
6497,0.001107345335,5.541179416e-05,0
6498,0.000189191167,5.541179416e-05,0
6499,0.002256080974,5.625115955e-05,0
6500,0.0005145544419,5.625115955e-05,0
6501,0.0001912987209,5.625115955e-05,0
6502,0.0002333661687,5.625115955e-05,0
6503,0.0006532651023,5.625115955e-05,0
6504,0.00378299295,5.625115955e-05,0
6505,0.001444691443,5.625115955e-05,0
6506,0.0007679701084,5.625115955e-05,0
6507,0.002685421146,5.625115955e-05,0
6508,0.001185897971,5.625115955e-05,0
6509,0.002984780353,5.625115955e-05,0
6510,0.001113748644,5.625115955e-05,0
6511,0.001129236189,5.625115955e-05,0
6512,0.0003370542545,5.625115955e-05,0
6513,0.001296959585,5.625115955e-05,0
6514,0.0003402094007,5.625115955e-05,0
6515,0.0003075029817,5.625115955e-05,0
6516,0.001088078134,5.625115955e-05,0
6517,0.003091796534,5.625115955e-05,0
6518,0.000174973,5.625115955e-05,0
6519,0.0002719059703,5.674648855e-05,0
6520,0.0005562830484,5.674648855e-05,0
6521,0.0006017783307,5.674648855e-05,0
6522,0.0009617487667,5.674648855e-05,0
6523,0.0003481599269,5.674648855e-05,0
6524,0.00120608462,5.674648855e-05,0
6525,0.003265875392,5.674648855e-05,0
6526,0.000961416692,5.674648855e-05,0
6527,0.001625839039,5.674648855e-05,0
6528,0.002794513479,5.674648855e-05,0
6529,0.0008949091425,5.674648855e-05,0
6530,0.000747591781,5.674648855e-05,0
6531,0.0006797665847,5.674648855e-05,0
6532,0.001839607372,5.674648855e-05,0
6533,0.000424758502,5.674648855e-05,0
6534,0.0009003049927,5.674648855e-05,0
6535,0.001575554837,5.674648855e-05,0
6536,0.001715382794,5.674648855e-05,0
6537,0.0008884796989,5.674648855e-05,0
6538,0.001362869749,5.674648855e-05,0
6539,0.0005353032611,5.697585584e-05,0
6540,0.001183376065,5.697585584e-05,0
6541,0.001522895531,5.697585584e-05,0
6542,0.0003906148195,5.697585584e-05,0
6543,0.001128582167,5.697585584e-05,0
6544,0.0006117022713,5.697585584e-05,0
6545,0.000467682461,5.697585584e-05,0
6546,0.000287392264,5.697585584e-05,0
6547,0.0009464077302,5.697585584e-05,0
6548,0.004619686864,5.697585584e-05,0
6549,0.0002800115035,5.697585584e-05,0
6550,0.002539190697,5.697585584e-05,0
6551,0.001217272133,5.697585584e-05,0
6552,0.0009902452584,5.697585584e-05,0
6553,0.00058200286,5.697585584e-05,0
6554,0.0002124244347,5.697585584e-05,0
6555,0.0005091638304,5.697585584e-05,0
6556,0.001810569665,5.697585584e-05,0
6557,0.0006721936516,5.697585584e-05,0
6558,0.0004716089461,5.697585584e-05,0
6559,0.002446388826,5.760905333e-05,0
6560,0.0007350879605,5.760905333e-05,0
6561,0.0002199635201,5.760905333e-05,0
6562,0.0007002599305,5.760905333e-05,0
6563,0.001655605156,5.760905333e-05,0
6564,0.0005783461384,5.760905333e-05,0
6565,0.002569705015,5.760905333e-05,0
6566,0.0004283511371,5.760905333e-05,0
6567,0.0004541235103,5.760905333e-05,0
6568,0.001025728416,5.760905333e-05,0
6569,0.00293675391,5.760905333e-05,0
6570,0.0006024879403,5.760905333e-05,0
6571,0.002159632975,5.760905333e-05,0
6572,0.0007951465668,5.760905333e-05,0
6573,0.0009415833047,5.760905333e-05,0
6574,0.001623072894,5.760905333e-05,0
6575,0.0005792445736,5.760905333e-05,0
6576,0.0003819206613,5.760905333e-05,0
6577,0.001013799221,5.760905333e-05,0
6578,0.00135011191,5.760905333e-05,0
6579,0.003087353893,5.798038183e-05,0
6580,0.001530737267,5.798038183e-05,0
6581,0.0001410864643,5.798038183e-05,0
6582,0.001912276726,5.798038183e-05,0
6583,0.0007108051796,5.798038183e-05,0
6584,0.0003206593101,5.798038183e-05,0
6585,0.001516588614,5.798038183e-05,0
6586,0.00126436993,5.798038183e-05,0
6587,0.0005761659704,5.798038183e-05,0
6588,0.0009691102896,5.798038183e-05,0
6589,0.00273715565,5.798038183e-05,0
6590,0.001350288279,5.798038183e-05,0
6591,0.000510561571,5.798038183e-05,0
6592,0.001852047746,5.798038183e-05,0
6593,0.0002261349437,5.798038183e-05,0
6594,0.001157887513,5.798038183e-05,0
6595,0.001573822694,5.798038183e-05,0
6596,0.0002646476496,5.798038183e-05,0
6597,0.0006696961354,5.798038183e-05,0
6598,0.0002783338132,5.798038183e-05,0
6599,0.000594326586,5.788645649e-05,0
6600,0.001984429779,5.788645649e-05,0
6601,0.0005700610927,5.788645649e-05,0
6602,0.000275907194,5.788645649e-05,0
6603,0.002459974261,5.788645649e-05,0
6604,0.001392316772,5.788645649e-05,0
6605,0.0009118188173,5.788645649e-05,0
6606,0.001101384521,5.788645649e-05,0
6607,0.0004794807755,5.788645649e-05,0
6608,0.0005606880877,5.788645649e-05,0
6609,0.000956912816,5.788645649e-05,0
6610,0.002686075633,5.788645649e-05,0
6611,0.02883992903,5.788645649e-05,1
6612,0.0005742812064,5.788645649e-05,0
6613,0.000490794715,5.788645649e-05,0
6614,0.000333652948,5.788645649e-05,0
6615,0.0005617268616,5.788645649e-05,0
6616,0.00215346762,5.788645649e-05,0
6617,0.0002596361155,5.788645649e-05,0
6618,0.00172845379,5.788645649e-05,0
6619,0.001303713652,5.782244625e-05,0
6620,0.001204097178,5.782244625e-05,0
6621,0.00104383647,5.782244625e-05,0
6622,0.0007403295022,5.782244625e-05,0
6623,0.0009788128082,5.782244625e-05,0
6624,0.0002312188444,5.782244625e-05,0
6625,0.00270539755,5.782244625e-05,0
6626,0.0009045758052,5.782244625e-05,0
6627,0.001081038266,5.782244625e-05,0
6628,0.0004779987212,5.782244625e-05,0
6629,0.000175595429,5.782244625e-05,0
6630,0.0007409673417,5.782244625e-05,0
6631,0.0004889782867,5.782244625e-05,0
6632,0.0005511782365,5.782244625e-05,0
6633,0.001319664647,5.782244625e-05,0
6634,0.0007128589787,5.782244625e-05,0
6635,0.001104561379,5.782244625e-05,0
6636,0.0007463740185,5.782244625e-05,0
6637,0.000918646052,5.782244625e-05,0
6638,0.0003045334888,5.782244625e-05,0
6639,0.0004721370642,5.843778126e-05,0
6640,0.001326685888,5.843778126e-05,0
6641,0.001631810097,5.843778126e-05,0
6642,0.000714290305,5.843778126e-05,0
6643,0.004330895841,5.843778126e-05,0
6644,0.0003977657761,5.843778126e-05,0
6645,0.0005493408535,5.843778126e-05,0
6646,0.0006085438072,5.843778126e-05,0
6647,0.0007688678452,5.843778126e-05,0
6648,0.0009864071617,5.843778126e-05,0
6649,0.001497101039,5.843778126e-05,0
6650,0.001692252699,5.843778126e-05,0
6651,0.0005215592682,5.843778126e-05,0
6652,0.001113902894,5.843778126e-05,0
6653,0.0005443299306,5.843778126e-05,0
6654,0.002030100906,5.843778126e-05,0
6655,0.001123577007,5.843778126e-05,0
6656,0.0003844915191,5.843778126e-05,0
6657,0.0002299527405,5.843778126e-05,0
6658,0.0006003737799,5.843778126e-05,0
6659,0.0004521973606,5.834280091e-05,0
6660,0.0003336903756,5.834280091e-05,0
6661,0.001937285997,5.834280091e-05,0
6662,0.003995956853,5.834280091e-05,0
6663,0.0003783838765,5.834280091e-05,0
6664,0.0004091763694,5.834280091e-05,0
6665,0.0004192157357,5.834280091e-05,0
6666,0.001473470707,5.834280091e-05,0
6667,0.0004003124195,5.834280091e-05,0
6668,0.0005124795716,5.834280091e-05,0
6669,0.0020005845,5.834280091e-05,0
6670,0.001274412731,5.834280091e-05,0
6671,0.0001504155225,5.834280091e-05,0
6672,0.001149235643,5.834280091e-05,0
6673,0.0005298683536,5.834280091e-05,0
6674,0.0001312721724,5.834280091e-05,0
6675,0.001161571709,5.834280091e-05,0
6676,0.0004230743507,5.834280091e-05,0
6677,0.0003541340993,5.834280091e-05,0
6678,0.001309042796,5.834280091e-05,0
6679,0.0007386573125,5.920586409e-05,0
6680,0.0007436405285,5.920586409e-05,0
6681,0.00125215319,5.920586409e-05,0
6682,0.001051151543,5.920586409e-05,0
6683,0.0006253685569,5.920586409e-05,0
6684,0.0005498485989,5.920586409e-05,0
6685,0.00235891412,5.920586409e-05,0
6686,0.00011436348,5.920586409e-05,0
6687,0.0008812442538,5.920586409e-05,0
6688,0.002902467502,5.920586409e-05,0
6689,0.000578119827,5.920586409e-05,0
6690,0.0006319428794,5.920586409e-05,0
6691,0.001296639093,5.920586409e-05,0
6692,0.0008963890141,5.920586409e-05,0
6693,0.0007990890299,5.920586409e-05,0
6694,0.002496614819,5.920586409e-05,0
6695,0.0004360030289,5.920586409e-05,0
6696,0.0005092084175,5.920586409e-05,0
6697,0.003333819797,5.920586409e-05,0
6698,0.0003575190494,5.920586409e-05,0
6699,0.0005479719839,5.964592128e-05,0
6700,0.00161856215,5.964592128e-05,0
6701,0.001461230451,5.964592128e-05,0
6702,0.001070593367,5.964592128e-05,0
6703,0.0008039234672,5.964592128e-05,0
6704,0.00112107757,5.964592128e-05,0
6705,0.00413300423,5.964592128e-05,0
6706,0.001032238011,5.964592128e-05,0
6707,0.0004289118515,5.964592128e-05,0
6708,0.001755496487,5.964592128e-05,0
6709,0.0005296685849,5.964592128e-05,0
6710,0.001072613057,5.964592128e-05,0
6711,0.0003576173622,5.964592128e-05,0
6712,0.0005421908572,5.964592128e-05,0
6713,0.00105531083,5.964592128e-05,0
6714,0.0002320963831,5.964592128e-05,0
6715,0.0004438186588,5.964592128e-05,0
6716,0.001082994393,5.964592128e-05,0
6717,0.001116495463,5.964592128e-05,0
6718,0.0002531377249,5.964592128e-05,0
6719,0.001457819249,5.995374886e-05,0
6720,0.001433313941,5.995374886e-05,0
6721,0.0002642221225,5.995374886e-05,0
6722,0.0002806215198,5.995374886e-05,0
6723,0.002992552472,5.995374886e-05,0
6724,0.001008215942,5.995374886e-05,0
6725,0.0006034109392,5.995374886e-05,0
6726,0.0008409115253,5.995374886e-05,0
6727,0.001880014664,5.995374886e-05,0
6728,0.001894160639,5.995374886e-05,0
6729,0.001116503961,5.995374886e-05,0
6730,0.00259229634,5.995374886e-05,0
6731,0.0001853145804,5.995374886e-05,0
6732,0.001882881392,5.995374886e-05,0
6733,0.001095733722,5.995374886e-05,0
6734,0.0007283494342,5.995374886e-05,0
6735,0.0004238867841,5.995374886e-05,0
6736,0.0006335544749,5.995374886e-05,0
6737,0.0008851541206,5.995374886e-05,0
6738,0.0009436225519,5.995374886e-05,0
6739,0.0009829424089,6.029674114e-05,0
6740,0.001777426573,6.029674114e-05,0
6741,0.003949201666,6.029674114e-05,0
6742,0.001183206914,6.029674114e-05,0
6743,0.0007723921444,6.029674114e-05,0
6744,0.0003754827776,6.029674114e-05,0
6745,0.000488681253,6.029674114e-05,0
6746,0.0008812947199,6.029674114e-05,0
6747,0.00663433969,6.029674114e-05,0
6748,0.002314770361,6.029674114e-05,0
6749,0.0001809201931,6.029674114e-05,0
6750,0.001586201717,6.029674114e-05,0
6751,0.002299881307,6.029674114e-05,0
6752,0.0001577241346,6.029674114e-05,0
6753,0.0006090655224,6.029674114e-05,0
6754,0.0007380098687,6.029674114e-05,0
6755,0.0003190618299,6.029674114e-05,0
6756,0.0003792536154,6.029674114e-05,0
6757,0.0003207142581,6.029674114e-05,0
6758,0.000933814852,6.029674114e-05,0
6759,0.002245153068,6.082914115e-05,0
6760,0.001658648602,6.082914115e-05,0
6761,0.0007369153318,6.082914115e-05,0
6762,0.0002660595928,6.082914115e-05,0
6763,0.00108491804,6.082914115e-05,0
6764,0.0008547125035,6.082914115e-05,0
6765,0.0007566587301,6.082914115e-05,0
6766,0.002304099966,6.082914115e-05,0
6767,0.0005030918401,6.082914115e-05,0
6768,0.0004333485849,6.082914115e-05,0
6769,0.0003226670087,6.082914115e-05,0
6770,0.0008233098197,6.082914115e-05,0
6771,0.004012192599,6.082914115e-05,0
6772,0.002455627313,6.082914115e-05,0
6773,0.0005029198364,6.082914115e-05,0
6774,0.0004554611514,6.082914115e-05,0
6775,0.0003015724069,6.082914115e-05,0
6776,0.0004393547133,6.082914115e-05,0
6777,0.0004160798271,6.082914115e-05,0
6778,0.001190351672,6.082914115e-05,0
6779,0.000733624096,6.03135195e-05,0
6780,0.000450918451,6.03135195e-05,0
6781,0.0004378047015,6.03135195e-05,0
6782,0.0003682199167,6.03135195e-05,0
6783,0.001207828405,6.03135195e-05,0
6784,0.001038005226,6.03135195e-05,0
6785,0.0003232258896,6.03135195e-05,0
6786,0.001028996892,6.03135195e-05,0
6787,0.0003080052848,6.03135195e-05,0
6788,0.001767560141,6.03135195e-05,0
6789,0.001025757287,6.03135195e-05,0
6790,0.0007408128004,6.03135195e-05,0
6791,0.00027644902,6.03135195e-05,0
6792,0.001907814061,6.03135195e-05,0
6793,0.0002757288457,6.03135195e-05,0
6794,0.0007780840388,6.03135195e-05,0
6795,0.001789845875,6.03135195e-05,0
6796,0.00028254473,6.03135195e-05,0
6797,0.003436007304,6.03135195e-05,0
6798,0.001546047628,6.03135195e-05,0
6799,0.001484846231,6.0400449e-05,0
6800,0.0001368442172,6.0400449e-05,0
6801,0.0005400250666,6.0400449e-05,0
6802,0.001257598284,6.0400449e-05,0
6803,0.005955018103,6.0400449e-05,0
6804,0.0006888564676,6.0400449e-05,0
6805,0.0007033217116,6.0400449e-05,0
6806,0.0007910509594,6.0400449e-05,0
6807,0.0003441324516,6.0400449e-05,0
6808,0.001543600811,6.0400449e-05,0
6809,0.001390932244,6.0400449e-05,0
6810,0.000441481563,6.0400449e-05,0
6811,0.0002487431047,6.0400449e-05,0
6812,0.0004010941484,6.0400449e-05,0
6813,0.0007066567778,6.0400449e-05,0
6814,0.009582234547,6.0400449e-05,1
6815,0.0002896350343,6.0400449e-05,0
6816,0.000320095307,6.0400449e-05,0
6817,0.001214807737,6.0400449e-05,0
6818,0.000305836933,6.0400449e-05,0
6819,0.0003895976988,6.045590271e-05,0
6820,0.0005315188318,6.045590271e-05,0
6821,0.0004983851104,6.045590271e-05,0
6822,0.00117677555,6.045590271e-05,0
6823,0.001254629926,6.045590271e-05,0
6824,0.002168404637,6.045590271e-05,0
6825,0.0004318116116,6.045590271e-05,0
6826,0.000876870472,6.045590271e-05,0
6827,0.001033210196,6.045590271e-05,0
6828,0.001886714948,6.045590271e-05,0
6829,0.000558491156,6.045590271e-05,0
6830,0.001089792815,6.045590271e-05,0
6831,0.0005754797021,6.045590271e-05,0
6832,0.00108774926,6.045590271e-05,0
6833,0.0004489581042,6.045590271e-05,0
6834,0.0005205224734,6.045590271e-05,0
6835,0.0005946239107,6.045590271e-05,0
6836,0.0004713461967,6.045590271e-05,0
6837,0.0006240023649,6.045590271e-05,0
6838,0.001232424635,6.045590271e-05,0
6839,0.0002566284675,6.017361375e-05,0
6840,0.0002478881506,6.017361375e-05,0
6841,0.0007803919725,6.017361375e-05,0
6842,0.0007648452302,6.017361375e-05,0
6843,0.002877224237,6.017361375e-05,0
6844,0.0009279193473,6.017361375e-05,0
6845,0.0004661479907,6.017361375e-05,0
6846,0.0009137886809,6.017361375e-05,0
6847,0.00206398149,6.017361375e-05,0
6848,0.0003410303325,6.017361375e-05,0
6849,0.00498144934,6.017361375e-05,0
6850,0.0002786972909,6.017361375e-05,0
6851,0.001502470812,6.017361375e-05,0
6852,0.001706725103,6.017361375e-05,0
6853,0.002636880381,6.017361375e-05,0
6854,0.004038615618,6.017361375e-05,0
6855,0.0006113333511,6.017361375e-05,0
6856,0.0004208051832,6.017361375e-05,0
6857,0.0002751005813,6.017361375e-05,0
6858,0.0001593617781,6.017361375e-05,0
6859,0.001582239289,6.036951163e-05,0
6860,0.0009357418166,6.036951163e-05,0
6861,0.003117479384,6.036951163e-05,0
6862,0.01153172273,6.036951163e-05,1
6863,0.0005209855735,6.036951163e-05,0
6864,0.0003373571672,6.036951163e-05,0
6865,0.001051726867,6.036951163e-05,0
6866,0.001673550578,6.036951163e-05,0
6867,0.001134252991,6.036951163e-05,0
6868,0.000890487805,6.036951163e-05,0
6869,0.0007768819341,6.036951163e-05,0
6870,0.002422226826,6.036951163e-05,0
6871,0.001795215416,6.036951163e-05,0
6872,0.0005866016145,6.036951163e-05,0
6873,0.0003216309706,6.036951163e-05,0
6874,0.0009951182874,6.036951163e-05,0
6875,0.000792146544,6.036951163e-05,0
6876,0.0006186741521,6.036951163e-05,0
6877,0.001850092318,6.036951163e-05,0
6878,0.001254307223,6.036951163e-05,0
6879,0.002445736201,6.205440877e-05,0
6880,0.001148975571,6.205440877e-05,0
6881,0.0001418945612,6.205440877e-05,0
6882,0.0005921450211,6.205440877e-05,0
6883,0.001102013513,6.205440877e-05,0
6884,0.0003059796873,6.205440877e-05,0
6885,0.0009770976612,6.205440877e-05,0
6886,0.000432060624,6.205440877e-05,0
6887,0.0006006195326,6.205440877e-05,0
6888,0.0005015390343,6.205440877e-05,0
6889,0.002761240117,6.205440877e-05,0
6890,0.0002380838123,6.205440877e-05,0
6891,0.0008479569806,6.205440877e-05,0
6892,0.0009384547593,6.205440877e-05,0
6893,0.0008308801334,6.205440877e-05,0
6894,0.003858504118,6.205440877e-05,0
6895,0.004489577375,6.205440877e-05,0
6896,0.001179316314,6.205440877e-05,0
6897,0.005448473617,6.205440877e-05,0
6898,0.0008049185271,6.205440877e-05,0
6899,0.0006705790875,6.244950782e-05,0
6900,0.003067854093,6.244950782e-05,0
6901,0.002670373535,6.244950782e-05,0
6902,0.001086622477,6.244950782e-05,0
6903,0.0007311139489,6.244950782e-05,0
6904,0.001887655351,6.244950782e-05,0
6905,0.003646298544,6.244950782e-05,0
6906,0.001735229394,6.244950782e-05,0
6907,0.001672207261,6.244950782e-05,0
6908,0.002401088597,6.244950782e-05,0
6909,0.000374680094,6.244950782e-05,0
6910,0.001743769739,6.244950782e-05,0
6911,0.0004308568023,6.244950782e-05,0
6912,0.00220952672,6.244950782e-05,0
6913,0.0008815948386,6.244950782e-05,0
6914,0.0001986431162,6.244950782e-05,0
6915,0.002174417954,6.244950782e-05,0
6916,0.0007108438294,6.244950782e-05,0
6917,0.001279012999,6.244950782e-05,0
6918,0.0004848328535,6.244950782e-05,0
6919,0.0005041946424,6.253666652e-05,0
6920,0.0004909397685,6.253666652e-05,0
6921,0.0007872784627,6.253666652e-05,0
6922,0.0002146269107,6.253666652e-05,0
6923,0.002212992636,6.253666652e-05,0
6924,0.0006606312818,6.253666652e-05,0
6925,0.0016707615,6.253666652e-05,0
6926,0.0003931078827,6.253666652e-05,0
6927,0.0004221262061,6.253666652e-05,0
6928,0.001346433652,6.253666652e-05,0
6929,0.0005474427016,6.253666652e-05,0
6930,0.002778805327,6.253666652e-05,0
6931,0.0008137505502,6.253666652e-05,0
6932,0.0007297170814,6.253666652e-05,0
6933,0.002797548193,6.253666652e-05,0
6934,0.0008952809148,6.253666652e-05,0
6935,0.001659579459,6.253666652e-05,0
6936,0.0007538454374,6.253666652e-05,0
6937,0.0004853025021,6.253666652e-05,0
6938,0.0004495417525,6.253666652e-05,0
6939,0.000763974851,6.279478839e-05,0
6940,0.0009112019325,6.279478839e-05,0
6941,0.01010121312,6.279478839e-05,1
6942,0.001367932884,6.279478839e-05,0
6943,0.001105206087,6.279478839e-05,0
6944,0.00309078279,6.279478839e-05,0
6945,0.0009816080565,6.279478839e-05,0
6946,0.0004482658987,6.279478839e-05,0
6947,0.0003446826013,6.279478839e-05,0
6948,0.0001698868291,6.279478839e-05,0
6949,0.002249773126,6.279478839e-05,0
6950,0.003096269676,6.279478839e-05,0
6951,0.000152897599,6.279478839e-05,0
6952,0.001732501551,6.279478839e-05,0
6953,0.001455698046,6.279478839e-05,0
6954,0.0004408862442,6.279478839e-05,0
6955,0.0002953958756,6.279478839e-05,0
6956,0.001107839751,6.279478839e-05,0
6957,0.0001060455252,6.279478839e-05,0
6958,0.0004192724882,6.279478839e-05,0
6959,0.0001703206653,6.454261165e-05,0
6960,0.001853106078,6.454261165e-05,0
6961,0.0003287282016,6.454261165e-05,0
6962,0.0004799267335,6.454261165e-05,0
6963,0.000519031717,6.454261165e-05,0
6964,0.001875357702,6.454261165e-05,0
6965,0.0008350008284,6.454261165e-05,0
6966,0.001073342981,6.454261165e-05,0
6967,0.0005519548431,6.454261165e-05,0
6968,0.002408881439,6.454261165e-05,0
6969,0.0008182056481,6.454261165e-05,0
6970,0.0003769108444,6.454261165e-05,0
6971,0.002595718019,6.454261165e-05,0
6972,0.000558656815,6.454261165e-05,0
6973,0.00100663898,6.454261165e-05,0
6974,0.004786585923,6.454261165e-05,0
6975,0.0008632162353,6.454261165e-05,0
6976,0.0006225861143,6.454261165e-05,0
6977,0.0008926134906,6.454261165e-05,0
6978,0.0005612144596,6.454261165e-05,0
6979,0.0003312909976,6.506236241e-05,0
6980,0.0003131727863,6.506236241e-05,0
6981,0.001334290486,6.506236241e-05,0
6982,0.001471425989,6.506236241e-05,0
6983,0.001437824336,6.506236241e-05,0
6984,0.001389448531,6.506236241e-05,0
6985,0.0003632175503,6.506236241e-05,0
6986,0.00303982175,6.506236241e-05,0
6987,0.0002940413251,6.506236241e-05,0
6988,0.0008654578705,6.506236241e-05,0
6989,0.0009680935764,6.506236241e-05,0
6990,0.0009489346994,6.506236241e-05,0
6991,0.0002418017102,6.506236241e-05,0
6992,0.0004727441701,6.506236241e-05,0
6993,0.001531678601,6.506236241e-05,0
6994,0.0009025828331,6.506236241e-05,0
6995,0.001196198049,6.506236241e-05,0
6996,0.001719214604,6.506236241e-05,0
6997,0.0006334494101,6.506236241e-05,0
6998,0.0003083009506,6.506236241e-05,0
6999,0.0003356892266,6.496332207e-05,0
7000,0.001029597595,6.496332207e-05,0
7001,0.0006761804107,6.496332207e-05,0
7002,0.003808349837,6.496332207e-05,0
7003,0.002375814132,6.496332207e-05,0
7004,0.0004293121165,6.496332207e-05,0
7005,0.0009658357594,6.496332207e-05,0
7006,0.00150381634,6.496332207e-05,0
7007,0.001220659004,6.496332207e-05,0
7008,0.0001816448639,6.496332207e-05,0
7009,0.000409623055,6.496332207e-05,0
7010,0.001626172918,6.496332207e-05,0
7011,0.001874575857,6.496332207e-05,0
7012,0.0001615736983,6.496332207e-05,0
7013,0.00086549361,6.496332207e-05,0
7014,0.0006055571139,6.496332207e-05,0
7015,0.0001684993476,6.496332207e-05,0
7016,0.002333158394,6.496332207e-05,0
7017,0.0002772680018,6.496332207e-05,0
7018,0.0002516662644,6.496332207e-05,0
7019,0.001264433144,6.538819434e-05,0
7020,0.0004804006312,6.538819434e-05,0
7021,0.001974166371,6.538819434e-05,0
7022,0.002730573062,6.538819434e-05,0
7023,0.001485677087,6.538819434e-05,0
7024,0.0008193321992,6.538819434e-05,0
7025,0.001607887447,6.538819434e-05,0
7026,0.0003290541936,6.538819434e-05,0
7027,0.001035212073,6.538819434e-05,0
7028,0.0002001777757,6.538819434e-05,0
7029,0.005290403496,6.538819434e-05,0
7030,0.0003697220236,6.538819434e-05,0
7031,0.001135796891,6.538819434e-05,0
7032,0.001439022133,6.538819434e-05,0
7033,0.0005134508247,6.538819434e-05,0
7034,0.0001543589024,6.538819434e-05,0
7035,0.0005182934692,6.538819434e-05,0
7036,0.0002589294163,6.538819434e-05,0
7037,0.00169792946,6.538819434e-05,0
7038,0.000197413101,6.538819434e-05,0
7039,0.0001440660271,6.669471622e-05,0
7040,0.0006220723153,6.669471622e-05,0
7041,0.0007481582579,6.669471622e-05,0
7042,0.001705478993,6.669471622e-05,0
7043,0.0003144205839,6.669471622e-05,0
7044,0.0003043539182,6.669471622e-05,0
7045,0.0003360591945,6.669471622e-05,0
7046,0.000878736435,6.669471622e-05,0
7047,0.0006774688372,6.669471622e-05,0
7048,0.0003818596306,6.669471622e-05,0
7049,0.0004739998549,6.669471622e-05,0
7050,0.0003512626281,6.669471622e-05,0
7051,0.0007204090944,6.669471622e-05,0
7052,0.00146085443,6.669471622e-05,0
7053,0.006068051327,6.669471622e-05,0
7054,0.007982637733,6.669471622e-05,1
7055,0.006613237318,6.669471622e-05,0
7056,0.001113109873,6.669471622e-05,0
7057,0.0005090115592,6.669471622e-05,0
7058,0.0009572840063,6.669471622e-05,0
7059,0.0004094364122,6.730646419e-05,0
7060,0.0009379879339,6.730646419e-05,0
7061,0.001395411091,6.730646419e-05,0
7062,0.001308987732,6.730646419e-05,0
7063,0.001735162688,6.730646419e-05,0
7064,0.0007559889928,6.730646419e-05,0
7065,0.0004470737185,6.730646419e-05,0
7066,0.001373528386,6.730646419e-05,0
7067,0.0001869459666,6.730646419e-05,0
7068,0.001311734668,6.730646419e-05,0
7069,0.0008263146156,6.730646419e-05,0
7070,0.00031142644,6.730646419e-05,0
7071,0.00181549415,6.730646419e-05,0
7072,0.0002647228539,6.730646419e-05,0
7073,0.002208702266,6.730646419e-05,0
7074,0.0003367157187,6.730646419e-05,0
7075,0.0008719838806,6.730646419e-05,0
7076,0.000139699172,6.730646419e-05,0
7077,0.000713174697,6.730646419e-05,0
7078,0.0005023415433,6.730646419e-05,0
7079,0.0005237008445,6.686848792e-05,0
7080,0.001388140139,6.686848792e-05,0
7081,0.0004774800909,6.686848792e-05,0
7082,0.0003541757178,6.686848792e-05,0
7083,0.001505600638,6.686848792e-05,0
7084,0.002841106383,6.686848792e-05,0
7085,0.001022179145,6.686848792e-05,0
7086,0.00102038763,6.686848792e-05,0
7087,0.003121025627,6.686848792e-05,0
7088,8.850606537e-05,6.686848792e-05,0
7089,0.000905752473,6.686848792e-05,0
7090,0.001342008822,6.686848792e-05,0
7091,0.0009944047779,6.686848792e-05,0
7092,0.0004446348757,6.686848792e-05,0
7093,0.001095796935,6.686848792e-05,0
7094,0.0004214263172,6.686848792e-05,0
7095,0.0001633000065,6.686848792e-05,0
7096,0.002843751106,6.686848792e-05,0
7097,0.0006454003742,6.686848792e-05,0
7098,0.0001631713967,6.686848792e-05,0
7099,0.0001861494966,6.705771375e-05,0
7100,0.0216772221,6.705771375e-05,1
7101,0.001704072696,6.705771375e-05,0
7102,0.001294186572,6.705771375e-05,0
7103,0.0008770425338,6.705771375e-05,0
7104,0.0003626826801,6.705771375e-05,0
7105,0.0002297250176,6.705771375e-05,0
7106,0.0006750801695,6.705771375e-05,0
7107,0.0009854971431,6.705771375e-05,0
7108,0.0004776858259,6.705771375e-05,0
7109,0.0005708531826,6.705771375e-05,0
7110,0.000349472306,6.705771375e-05,0
7111,0.001130552962,6.705771375e-05,0
7112,0.004486774094,6.705771375e-05,0
7113,0.01088656113,6.705771375e-05,1
7114,0.004035454709,6.705771375e-05,0
7115,0.0002508774342,6.705771375e-05,0
7116,0.0009418604313,6.705771375e-05,0
7117,0.0003198173654,6.705771375e-05,0
7118,0.0008381412481,6.705771375e-05,0
7119,0.0003179521882,6.792416389e-05,0
7120,0.001294643735,6.792416389e-05,0
7121,0.005629395135,6.792416389e-05,0
7122,0.0007459424087,6.792416389e-05,0
7123,0.000377790333,6.792416389e-05,0
7124,0.002807038836,6.792416389e-05,0
7125,0.001329964609,6.792416389e-05,0
7126,0.007185068913,6.792416389e-05,0
7127,0.001447285758,6.792416389e-05,0
7128,0.0011062884,6.792416389e-05,0
7129,0.001942361821,6.792416389e-05,0
7130,0.0002954496595,6.792416389e-05,0
7131,0.0008760509663,6.792416389e-05,0
7132,0.0001247878536,6.792416389e-05,0
7133,0.0003074316774,6.792416389e-05,0
7134,0.0003853455419,6.792416389e-05,0
7135,0.000302171713,6.792416389e-05,0
7136,0.0009127533995,6.792416389e-05,0
7137,0.006103648338,6.792416389e-05,0
7138,0.00243985001,6.792416389e-05,0
7139,0.0007083625533,6.858348206e-05,0
7140,0.0002882715198,6.858348206e-05,0
7141,0.006019698456,6.858348206e-05,0
7142,0.001758334809,6.858348206e-05,0
7143,0.00111919723,6.858348206e-05,0
7144,0.0005886300351,6.858348206e-05,0
7145,0.002265177201,6.858348206e-05,0
7146,0.001696730382,6.858348206e-05,0
7147,0.005731293932,6.858348206e-05,0
7148,0.002429677406,6.858348206e-05,0
7149,0.00052520592,6.858348206e-05,0
7150,0.0008998287958,6.858348206e-05,0
7151,0.0003812963841,6.858348206e-05,0
7152,0.0005784979439,6.858348206e-05,0
7153,0.000466716534,6.858348206e-05,0
7154,0.0002067573369,6.858348206e-05,0
7155,0.001595927402,6.858348206e-05,0
7156,0.004144334234,6.858348206e-05,0
7157,0.001410503406,6.858348206e-05,0
7158,0.00143180578,6.858348206e-05,0
7159,0.003862165846,6.914346159e-05,0
7160,0.001110652462,6.914346159e-05,0
7161,0.005074113142,6.914346159e-05,0
7162,0.0006952275289,6.914346159e-05,0
7163,0.003975018859,6.914346159e-05,0
7164,0.0007232623757,6.914346159e-05,0
7165,0.004497026559,6.914346159e-05,0
7166,0.01107362006,6.914346159e-05,1
7167,0.0009093477856,6.914346159e-05,0
7168,0.0006906673079,6.914346159e-05,0
7169,0.004471899942,6.914346159e-05,0
7170,0.003531524912,6.914346159e-05,0
7171,0.01063533686,6.914346159e-05,1
7172,0.0002571601945,6.914346159e-05,0
7173,0.0004519329523,6.914346159e-05,0
7174,0.001629233011,6.914346159e-05,0
7175,0.0001015428934,6.914346159e-05,0
7176,0.0002668560774,6.914346159e-05,0
7177,0.001239651116,6.914346159e-05,0
7178,0.001361834817,6.914346159e-05,0
7179,0.0001310924999,6.973119889e-05,0
7180,0.0001631241903,6.973119889e-05,0
7181,0.0004001932393,6.973119889e-05,0
7182,0.001942561008,6.973119889e-05,0
7183,0.001033264212,6.973119889e-05,0
7184,0.002069071634,6.973119889e-05,0
7185,0.0003997794411,6.973119889e-05,0
7186,0.0002561900765,6.973119889e-05,0
7187,0.0006216235342,6.973119889e-05,0
7188,0.0001154122438,6.973119889e-05,0
7189,0.001083935029,6.973119889e-05,0
7190,0.0005467886222,6.973119889e-05,0
7191,0.000467152684,6.973119889e-05,0
7192,0.005144602619,6.973119889e-05,0
7193,0.0009153349674,6.973119889e-05,0
7194,0.002463952638,6.973119889e-05,0
7195,0.0007256325334,6.973119889e-05,0
7196,0.0009164093644,6.973119889e-05,0
7197,0.001624598633,6.973119889e-05,0
7198,0.001660348382,6.973119889e-05,0
7199,0.0001913747546,7.081823424e-05,0
7200,0.0003439029679,7.081823424e-05,0
7201,0.0006669291761,7.081823424e-05,0
7202,0.001600919175,7.081823424e-05,0
7203,0.0006131115369,7.081823424e-05,0
7204,0.0002649951784,7.081823424e-05,0
7205,0.002016443759,7.081823424e-05,0
7206,0.0007291952497,7.081823424e-05,0
7207,0.002196078422,7.081823424e-05,0
7208,0.001534153591,7.081823424e-05,0
7209,0.006173403002,7.081823424e-05,0
7210,0.001292174566,7.081823424e-05,0
7211,0.0003973728744,7.081823424e-05,0
7212,0.0008933969075,7.081823424e-05,0
7213,0.001148051582,7.081823424e-05,0
7214,0.000403082784,7.081823424e-05,0
7215,0.0002340424981,7.081823424e-05,0
7216,0.0006700352533,7.081823424e-05,0
7217,0.001057122019,7.081823424e-05,0
7218,0.003539164551,7.081823424e-05,0
7219,0.000195673405,7.056871982e-05,0
7220,0.0001972253376,7.056871982e-05,0
7221,0.0009903691243,7.056871982e-05,0
7222,0.0009833648801,7.056871982e-05,0
7223,0.001623748918,7.056871982e-05,0
7224,0.004587006755,7.056871982e-05,0
7225,0.0005899659009,7.056871982e-05,0
7226,0.0005718818284,7.056871982e-05,0
7227,0.001608591061,7.056871982e-05,0
7228,0.001681104884,7.056871982e-05,0
7229,0.0003375257365,7.056871982e-05,0
7230,0.0001633630018,7.056871982e-05,0
7231,0.0156489443,7.056871982e-05,1
7232,0.0007828929811,7.056871982e-05,0
7233,0.0001898134942,7.056871982e-05,0
7234,0.000277570216,7.056871982e-05,0
7235,0.001551049645,7.056871982e-05,0
7236,0.0002692919807,7.056871982e-05,0
7237,0.001277645817,7.056871982e-05,0
7238,0.006003719755,7.056871982e-05,0
7239,0.0006687861751,7.058140909e-05,0
7240,0.001494266675,7.058140909e-05,0
7241,0.0005399314687,7.058140909e-05,0
7242,0.0006259272923,7.058140909e-05,0
7243,0.001870952197,7.058140909e-05,0
7244,0.0001461677311,7.058140909e-05,0
7245,0.0005116384709,7.058140909e-05,0
7246,0.0006978142192,7.058140909e-05,0
7247,0.0004068411363,7.058140909e-05,0
7248,0.0006657346967,7.058140909e-05,0
7249,0.0007799919695,7.058140909e-05,0
7250,0.0003529793175,7.058140909e-05,0
7251,0.002540792804,7.058140909e-05,0
7252,0.0005651137908,7.058140909e-05,0
7253,0.0003388198966,7.058140909e-05,0
7254,0.00104024529,7.058140909e-05,0
7255,0.001584954443,7.058140909e-05,0
7256,0.00127151818,7.058140909e-05,0
7257,0.0002927455644,7.058140909e-05,0
7258,0.0008008639561,7.058140909e-05,0
7259,0.00410468271,7.188975724e-05,0
7260,0.0003776643716,7.188975724e-05,0
7261,0.0003272216127,7.188975724e-05,0
7262,0.0005237772712,7.188975724e-05,0
7263,0.00695102755,7.188975724e-05,0
7264,0.0007854733267,7.188975724e-05,0
7265,0.0005788192502,7.188975724e-05,0
7266,0.002251549624,7.188975724e-05,0
7267,0.001228861045,7.188975724e-05,0
7268,0.0007649153704,7.188975724e-05,0
7269,0.0008847001009,7.188975724e-05,0
7270,0.001246737782,7.188975724e-05,0
7271,0.0007375588175,7.188975724e-05,0
7272,0.0001752792741,7.188975724e-05,0
7273,0.0004664300359,7.188975724e-05,0
7274,0.001898865914,7.188975724e-05,0
7275,0.002897243947,7.188975724e-05,0
7276,0.0003881620942,7.188975724e-05,0
7277,0.006899870001,7.188975724e-05,0
7278,0.0005233043921,7.188975724e-05,0
7279,0.0004228160542,7.308217755e-05,0
7280,0.0004672651121,7.308217755e-05,0
7281,0.0003432454832,7.308217755e-05,0
7282,0.0008332855068,7.308217755e-05,0
7283,0.00195729197,7.308217755e-05,0
7284,0.0009028748027,7.308217755e-05,0
7285,0.001027159393,7.308217755e-05,0
7286,0.008262092248,7.308217755e-05,1
7287,0.001129181706,7.308217755e-05,0
7288,0.001317397575,7.308217755e-05,0
7289,0.0002738504845,7.308217755e-05,0
7290,0.003745702095,7.308217755e-05,0
7291,0.0004511581792,7.308217755e-05,0
7292,0.00158648775,7.308217755e-05,0
7293,0.0008365054964,7.308217755e-05,0
7294,0.0008828215068,7.308217755e-05,0
7295,0.004378625657,7.308217755e-05,0
7296,0.001559958677,7.308217755e-05,0
7297,0.00094049779,7.308217755e-05,0
7298,0.000340894243,7.308217755e-05,0
7299,0.0002116594114,7.383921184e-05,0
7300,0.0007033980801,7.383921184e-05,0
7301,0.001053526881,7.383921184e-05,0
7302,0.0004934284952,7.383921184e-05,0
7303,0.0009400109993,7.383921184e-05,0
7304,0.0006544309435,7.383921184e-05,0
7305,0.0002233119885,7.383921184e-05,0
7306,0.005437824875,7.383921184e-05,0
7307,0.001683200011,7.383921184e-05,0
7308,0.0004283653398,7.383921184e-05,0
7309,0.000278036634,7.383921184e-05,0
7310,0.0002044780704,7.383921184e-05,0
7311,0.0009395066299,7.383921184e-05,0
7312,0.0003521609469,7.383921184e-05,0
7313,0.0007032762514,7.383921184e-05,0
7314,0.0005392052117,7.383921184e-05,0
7315,0.002564630006,7.383921184e-05,0
7316,0.0006890504155,7.383921184e-05,0
7317,0.002865468152,7.383921184e-05,0
7318,0.0002166766644,7.383921184e-05,0
7319,0.04090340063,7.346663915e-05,1
7320,0.0007515895413,7.346663915e-05,0
7321,0.008461461402,7.346663915e-05,1
7322,0.0003998055181,7.346663915e-05,0
7323,0.0004580301757,7.346663915e-05,0
7324,0.003051336156,7.346663915e-05,0
7325,0.001971490216,7.346663915e-05,0
7326,0.002526939614,7.346663915e-05,0
7327,0.0009297868237,7.346663915e-05,0
7328,0.0006549617974,7.346663915e-05,0
7329,0.001010608277,7.346663915e-05,0
7330,0.000550522469,7.346663915e-05,0
7331,0.002935022814,7.346663915e-05,0
7332,0.0001971150778,7.346663915e-05,0
7333,0.0004465778766,7.346663915e-05,0
7334,0.00157003745,7.346663915e-05,0
7335,0.000262986403,7.346663915e-05,0
7336,0.002423982602,7.346663915e-05,0
7337,0.0006958756712,7.346663915e-05,0
7338,0.0004780871095,7.346663915e-05,0
7339,0.001044666627,7.435610314e-05,0
7340,0.0007603549166,7.435610314e-05,0
7341,0.0004030776327,7.435610314e-05,0
7342,0.0002842247777,7.435610314e-05,0
7343,0.0002719757904,7.435610314e-05,0
7344,0.003065151395,7.435610314e-05,0
7345,0.0001323448378,7.435610314e-05,0
7346,0.0002295390441,7.435610314e-05,0
7347,0.0005297805183,7.435610314e-05,0
7348,0.0007036576862,7.435610314e-05,0
7349,0.001548755565,7.435610314e-05,0
7350,0.0007396346191,7.435610314e-05,0
7351,0.002708389191,7.435610314e-05,0
7352,0.001830792869,7.435610314e-05,0
7353,0.0005380174844,7.435610314e-05,0
7354,0.001997104147,7.435610314e-05,0
7355,0.0002383144893,7.435610314e-05,0
7356,0.002911955817,7.435610314e-05,0
7357,0.003820481477,7.435610314e-05,0
7358,0.0002637860016,7.435610314e-05,0
7359,0.0009696618654,7.408801321e-05,0
7360,0.0002257525339,7.408801321e-05,0
7361,0.002866087016,7.408801321e-05,0
7362,0.0004270036879,7.408801321e-05,0
7363,0.0002878705563,7.408801321e-05,0
7364,0.0008490644395,7.408801321e-05,0
7365,0.002091143746,7.408801321e-05,0
7366,0.00115542009,7.408801321e-05,0
7367,0.0007679721457,7.408801321e-05,0
7368,0.002148151398,7.408801321e-05,0
7369,0.0005995476386,7.408801321e-05,0
7370,0.002334971214,7.408801321e-05,0
7371,0.0005896820221,7.408801321e-05,0
7372,0.0002314955782,7.408801321e-05,0
7373,0.002104702638,7.408801321e-05,0
7374,0.0008471498732,7.408801321e-05,0
7375,0.000860656437,7.408801321e-05,0
7376,0.0009432247025,7.408801321e-05,0
7377,0.007127196994,7.408801321e-05,0
7378,0.003923650365,7.408801321e-05,0
7379,0.0004122546234,7.409440877e-05,0
7380,0.00138353894,7.409440877e-05,0
7381,0.00195089099,7.409440877e-05,0
7382,0.0003361076815,7.409440877e-05,0
7383,0.0002869266318,7.409440877e-05,0
7384,0.005067237653,7.409440877e-05,0
7385,0.0004082396335,7.409440877e-05,0
7386,0.0005236067809,7.409440877e-05,0
7387,0.0006004982279,7.409440877e-05,0
7388,0.0005037666997,7.409440877e-05,0
7389,0.0002861652465,7.409440877e-05,0
7390,0.0002807056007,7.409440877e-05,0
7391,0.0003538851743,7.409440877e-05,0
7392,0.003587804735,7.409440877e-05,0
7393,0.001269891276,7.409440877e-05,0
7394,0.000351882627,7.409440877e-05,0
7395,0.000640299404,7.409440877e-05,0
7396,0.002301909029,7.409440877e-05,0
7397,0.0006977997837,7.409440877e-05,0
7398,0.0008576748078,7.409440877e-05,0
7399,0.02059080452,7.391482359e-05,1
7400,0.000227456374,7.391482359e-05,0
7401,0.0006682573003,7.391482359e-05,0
7402,0.001758107683,7.391482359e-05,0
7403,0.0003933684493,7.391482359e-05,0
7404,0.001539228135,7.391482359e-05,0
7405,0.003370455001,7.391482359e-05,0
7406,0.001093803905,7.391482359e-05,0
7407,0.0006587153184,7.391482359e-05,0
7408,0.01495614462,7.391482359e-05,1
7409,0.0003351457417,7.391482359e-05,0
7410,0.0005108232144,7.391482359e-05,0
7411,0.001067108708,7.391482359e-05,0
7412,0.0003963384661,7.391482359e-05,0
7413,0.001425354276,7.391482359e-05,0
7414,0.002197909402,7.391482359e-05,0
7415,0.0002250807593,7.391482359e-05,0
7416,0.0005329509149,7.391482359e-05,0
7417,0.003404169576,7.391482359e-05,0
7418,0.0009053071262,7.391482359e-05,0
7419,0.001876364811,7.313616516e-05,0
7420,0.0006985528744,7.313616516e-05,0
7421,0.0003553239803,7.313616516e-05,0
7422,0.0006727098371,7.313616516e-05,0
7423,0.0005205503548,7.313616516e-05,0
7424,0.001770972856,7.313616516e-05,0
7425,0.0004107370041,7.313616516e-05,0
7426,0.0006923442706,7.313616516e-05,0
7427,0.0003998008324,7.313616516e-05,0
7428,0.0005528767942,7.313616516e-05,0
7429,0.00591275515,7.313616516e-05,0
7430,0.0004446160747,7.313616516e-05,0
7431,0.0009959362214,7.313616516e-05,0
7432,0.001270264504,7.313616516e-05,0
7433,0.0009792329511,7.313616516e-05,0
7434,0.0002597300336,7.313616516e-05,0
7435,0.03074179403,7.313616516e-05,1
7436,0.0009077993454,7.313616516e-05,0
7437,0.008424121886,7.313616516e-05,1
7438,0.0001575152273,7.313616516e-05,0
7439,0.0004188204184,7.351657405e-05,0
7440,0.0001820785692,7.351657405e-05,0
7441,0.0006969154929,7.351657405e-05,0
7442,0.00114149251,7.351657405e-05,0
7443,0.001728204545,7.351657405e-05,0
7444,0.003344654106,7.351657405e-05,0
7445,0.0004938800703,7.351657405e-05,0
7446,0.001861707424,7.351657405e-05,0
7447,0.0005008677836,7.351657405e-05,0
7448,0.003645136952,7.351657405e-05,0
7449,0.001159956562,7.351657405e-05,0
7450,0.002102724975,7.351657405e-05,0
7451,0.0003015495895,7.351657405e-05,0
7452,0.0003344660799,7.351657405e-05,0
7453,0.0006583321956,7.351657405e-05,0
7454,0.001070154947,7.351657405e-05,0
7455,0.003552037291,7.351657405e-05,0
7456,0.0002417204378,7.351657405e-05,0
7457,0.0003282584366,7.351657405e-05,0
7458,0.0005814583856,7.351657405e-05,0
7459,0.001362425857,7.349636144e-05,0
7460,0.0003258009674,7.349636144e-05,0
7461,0.001771323383,7.349636144e-05,0
7462,0.0003172180441,7.349636144e-05,0
7463,0.0004327514616,7.349636144e-05,0
7464,0.0003239643411,7.349636144e-05,0
7465,0.002191360341,7.349636144e-05,0
7466,0.01066250913,7.349636144e-05,1
7467,0.001003187266,7.349636144e-05,0
7468,0.00142894173,7.349636144e-05,0
7469,0.002409374574,7.349636144e-05,0
7470,0.001931180013,7.349636144e-05,0
7471,0.001677215332,7.349636144e-05,0
7472,0.0004759326985,7.349636144e-05,0
7473,0.0004636718077,7.349636144e-05,0
7474,0.001342624193,7.349636144e-05,0
7475,0.0005922987475,7.349636144e-05,0
7476,0.001168099465,7.349636144e-05,0
7477,0.0005594210816,7.349636144e-05,0
7478,0.001585707068,7.349636144e-05,0
7479,0.0006038178108,7.408411329e-05,0
7480,0.0008692765259,7.408411329e-05,0
7481,0.001048623817,7.408411329e-05,0
7482,0.00252319756,7.408411329e-05,0
7483,0.0001877046598,7.408411329e-05,0
7484,0.0005918198149,7.408411329e-05,0
7485,0.001876029535,7.408411329e-05,0
7486,0.0005220535677,7.408411329e-05,0
7487,0.003094617976,7.408411329e-05,0
7488,0.001092232531,7.408411329e-05,0
7489,0.001064785873,7.408411329e-05,0
7490,0.004419939592,7.408411329e-05,0
7491,0.0003802055144,7.408411329e-05,0
7492,0.001086610369,7.408411329e-05,0
7493,0.0006235390902,7.408411329e-05,0
7494,0.0005455770297,7.408411329e-05,0
7495,0.0004067535338,7.408411329e-05,0
7496,0.000585853064,7.408411329e-05,0
7497,0.0007829889073,7.408411329e-05,0
7498,0.0007946937112,7.408411329e-05,0
7499,0.000851079938,7.408677629e-05,0
7500,0.0008943512221,7.408677629e-05,0
7501,0.001043597935,7.408677629e-05,0
7502,0.01711223833,7.408677629e-05,1
7503,0.001880696393,7.408677629e-05,0
7504,0.0006111435941,7.408677629e-05,0
7505,0.0006632127916,7.408677629e-05,0
7506,0.001913676737,7.408677629e-05,0
7507,0.001869334606,7.408677629e-05,0
7508,0.004591980018,7.408677629e-05,0
7509,0.001716366969,7.408677629e-05,0
7510,0.0003635434841,7.408677629e-05,0
7511,0.001792889903,7.408677629e-05,0
7512,0.0007590953028,7.408677629e-05,0
7513,0.0009915687842,7.408677629e-05,0
7514,0.000219568683,7.408677629e-05,0
7515,0.00190618448,7.408677629e-05,0
7516,0.0008861484821,7.408677629e-05,0
7517,0.0003307614243,7.408677629e-05,0
7518,0.001097027911,7.408677629e-05,0
7519,0.0004500986252,7.451910642e-05,0
7520,0.0005182758905,7.451910642e-05,0
7521,0.0005381799419,7.451910642e-05,0
7522,0.0002785214456,7.451910642e-05,0
7523,0.002429850865,7.451910642e-05,0
7524,0.0008277823799,7.451910642e-05,0
7525,0.0003854612878,7.451910642e-05,0
7526,0.0009564600186,7.451910642e-05,0
7527,0.0001953839819,7.451910642e-05,0
7528,0.0003833367664,7.451910642e-05,0
7529,0.0003885067126,7.451910642e-05,0
7530,0.002065799432,7.451910642e-05,0
7531,0.001044242876,7.451910642e-05,0
7532,0.0002956391254,7.451910642e-05,0
7533,0.00063392421,7.451910642e-05,0
7534,0.0018312108,7.451910642e-05,0
7535,0.006096053869,7.451910642e-05,0
7536,0.002929485869,7.451910642e-05,0
7537,0.0009213771555,7.451910642e-05,0
7538,0.0008948625182,7.451910642e-05,0
7539,0.001783226617,7.46931546e-05,0
7540,0.0002906917944,7.46931546e-05,0
7541,0.0003443693276,7.46931546e-05,0
7542,0.001022878685,7.46931546e-05,0
7543,0.0003932746768,7.46931546e-05,0
7544,0.0003531321418,7.46931546e-05,0
7545,0.01122826245,7.46931546e-05,1
7546,0.0007904404774,7.46931546e-05,0
7547,0.0003030438384,7.46931546e-05,0
7548,0.0007299262797,7.46931546e-05,0
7549,0.0003973291605,7.46931546e-05,0
7550,0.001272406313,7.46931546e-05,0
7551,0.0004349430965,7.46931546e-05,0
7552,0.000480456365,7.46931546e-05,0
7553,0.001118347282,7.46931546e-05,0
7554,0.0004610163742,7.46931546e-05,0
7555,0.002431692556,7.46931546e-05,0
7556,0.0003733207704,7.46931546e-05,0
7557,0.00250800536,7.46931546e-05,0
7558,0.00128620083,7.46931546e-05,0
7559,0.001419347245,7.498402556e-05,0
7560,0.0004352514516,7.498402556e-05,0
7561,0.0009446602198,7.498402556e-05,0
7562,0.0002878050145,7.498402556e-05,0
7563,0.002295498969,7.498402556e-05,0
7564,0.0007621393888,7.498402556e-05,0
7565,0.0007491165306,7.498402556e-05,0
7566,0.001284711296,7.498402556e-05,0
7567,0.0006203863886,7.498402556e-05,0
7568,0.0005086077726,7.498402556e-05,0
7569,0.0001339254959,7.498402556e-05,0
7570,0.01229650714,7.498402556e-05,1
7571,0.0003842150036,7.498402556e-05,0
7572,0.002906522946,7.498402556e-05,0
7573,0.0003101047187,7.498402556e-05,0
7574,0.002970929723,7.498402556e-05,0
7575,0.0007635590737,7.498402556e-05,0
7576,0.0002566967742,7.498402556e-05,0
7577,0.002800523536,7.498402556e-05,0
7578,0.0006717158249,7.498402556e-05,0
7579,0.0008382551605,7.441282651e-05,0
7580,0.001418651547,7.441282651e-05,0
7581,0.002604590496,7.441282651e-05,0
7582,0.0008118568803,7.441282651e-05,0
7583,0.002135853516,7.441282651e-05,0
7584,0.002133464208,7.441282651e-05,0
7585,0.001412580255,7.441282651e-05,0
7586,0.0002413582988,7.441282651e-05,0
7587,0.0001272729132,7.441282651e-05,0
7588,0.001400519512,7.441282651e-05,0
7589,0.0002470332547,7.441282651e-05,0
7590,0.00305470312,7.441282651e-05,0
7591,0.0006408910267,7.441282651e-05,0
7592,0.001209735754,7.441282651e-05,0
7593,0.002480491996,7.441282651e-05,0
7594,0.000552505313,7.441282651e-05,0
7595,0.00613986142,7.441282651e-05,0
7596,0.001615962363,7.441282651e-05,0
7597,0.0002668157686,7.441282651e-05,0
7598,0.0009365216247,7.441282651e-05,0
7599,0.0002714306174,7.455708692e-05,0
7600,0.008811000735,7.455708692e-05,1
7601,0.003192663193,7.455708692e-05,0
7602,0.01092167199,7.455708692e-05,1
7603,0.002684328239,7.455708692e-05,0
7604,0.0005770432763,7.455708692e-05,0
7605,0.0004792674154,7.455708692e-05,0
7606,0.0003243009269,7.455708692e-05,0
7607,0.007059555035,7.455708692e-05,0
7608,0.0007475501625,7.455708692e-05,0
7609,0.001116139349,7.455708692e-05,0
7610,0.0002673415584,7.455708692e-05,0
7611,0.001426780829,7.455708692e-05,0
7612,0.0006572257262,7.455708692e-05,0
7613,0.0004265338939,7.455708692e-05,0
7614,0.0006044260226,7.455708692e-05,0
7615,0.0001677706896,7.455708692e-05,0
7616,0.0005285019288,7.455708692e-05,0
7617,0.00055533048,7.455708692e-05,0
7618,0.0005705610965,7.455708692e-05,0
7619,0.00103109749,7.425942749e-05,0
7620,0.005378770176,7.425942749e-05,0
7621,0.001874859678,7.425942749e-05,0
7622,0.004522415809,7.425942749e-05,0
7623,0.0003554517461,7.425942749e-05,0
7624,0.0005027659354,7.425942749e-05,0
7625,0.0004962637322,7.425942749e-05,0
7626,0.0001309869403,7.425942749e-05,0
7627,0.0003738015657,7.425942749e-05,0
7628,0.001824825536,7.425942749e-05,0
7629,0.001786934095,7.425942749e-05,0
7630,0.003341909964,7.425942749e-05,0
7631,0.0009261217783,7.425942749e-05,0
7632,0.0002868824813,7.425942749e-05,0
7633,0.003983671777,7.425942749e-05,0
7634,0.001123663271,7.425942749e-05,0
7635,0.0009758810629,7.425942749e-05,0
7636,0.0003579470213,7.425942749e-05,0
7637,0.0001460959029,7.425942749e-05,0
7638,0.00142127031,7.425942749e-05,0
7639,0.000411476969,7.449536497e-05,0
7640,0.002495706314,7.449536497e-05,0
7641,0.001723769703,7.449536497e-05,0
7642,0.003522739746,7.449536497e-05,0
7643,0.0005486206501,7.449536497e-05,0
7644,0.0004282987502,7.449536497e-05,0
7645,0.001025768928,7.449536497e-05,0
7646,0.00153415883,7.449536497e-05,0
7647,0.001879799645,7.449536497e-05,0
7648,0.0002767967817,7.449536497e-05,0
7649,0.003606282873,7.449536497e-05,0
7650,0.0002843255934,7.449536497e-05,0
7651,0.0007432596758,7.449536497e-05,0
7652,0.0003997177409,7.449536497e-05,0
7653,0.001355534536,7.449536497e-05,0
7654,0.001132427366,7.449536497e-05,0
7655,0.003735150443,7.449536497e-05,0
7656,0.003412399907,7.449536497e-05,0
7657,0.0009724285337,7.449536497e-05,0
7658,0.0002340623032,7.449536497e-05,0
7659,0.001589848194,7.46082078e-05,0
7660,0.0005424494739,7.46082078e-05,0
7661,0.0006005605101,7.46082078e-05,0
7662,0.0004925914109,7.46082078e-05,0
7663,0.0006253730971,7.46082078e-05,0
7664,0.00039168066,7.46082078e-05,0
7665,0.0008724542568,7.46082078e-05,0
7666,0.0006682547391,7.46082078e-05,0
7667,0.0002404561674,7.46082078e-05,0
7668,0.00069534051,7.46082078e-05,0
7669,0.001463003107,7.46082078e-05,0
7670,0.0007656670641,7.46082078e-05,0
7671,0.0003765238216,7.46082078e-05,0
7672,0.0005486512673,7.46082078e-05,0
7673,0.001144155394,7.46082078e-05,0
7674,0.0004873799917,7.46082078e-05,0
7675,0.000874746358,7.46082078e-05,0
7676,0.0003276831121,7.46082078e-05,0
7677,0.0003568688117,7.46082078e-05,0
7678,0.0001257183467,7.46082078e-05,0
7679,0.0002046660666,7.471890422e-05,0
7680,0.001514338888,7.471890422e-05,0
7681,0.0004107322311,7.471890422e-05,0
7682,0.001564427395,7.471890422e-05,0
7683,0.0003007187624,7.471890422e-05,0
7684,0.001335062669,7.471890422e-05,0
7685,0.0007197205559,7.471890422e-05,0
7686,0.00540341856,7.471890422e-05,0
7687,0.005929721519,7.471890422e-05,0
7688,9.773085912e-05,7.471890422e-05,0
7689,0.001357720234,7.471890422e-05,0
7690,0.001245872001,7.471890422e-05,0
7691,0.001159476466,7.471890422e-05,0
7692,0.001376028871,7.471890422e-05,0
7693,0.001061127405,7.471890422e-05,0
7694,0.001330667292,7.471890422e-05,0
7695,0.0004033279256,7.471890422e-05,0
7696,0.0002806023404,7.471890422e-05,0
7697,0.0005670016981,7.471890422e-05,0
7698,0.0003141445341,7.471890422e-05,0
7699,0.0007126753335,7.460462803e-05,0
7700,0.0007693825173,7.460462803e-05,0
7701,0.001596486429,7.460462803e-05,0
7702,0.0009695150075,7.460462803e-05,0
7703,0.0002251841797,7.460462803e-05,0
7704,0.0006709057488,7.460462803e-05,0
7705,0.0003080104361,7.460462803e-05,0
7706,0.0007495717728,7.460462803e-05,0
7707,0.0007332953974,7.460462803e-05,0
7708,0.001746879658,7.460462803e-05,0
7709,0.002229723847,7.460462803e-05,0
7710,0.0007375184214,7.460462803e-05,0
7711,0.0004563959665,7.460462803e-05,0
7712,0.001500779181,7.460462803e-05,0
7713,0.001781102386,7.460462803e-05,0
7714,0.0005280210171,7.460462803e-05,0
7715,0.0005131707294,7.460462803e-05,0
7716,0.001024008729,7.460462803e-05,0
7717,0.002122248989,7.460462803e-05,0
7718,0.001804026309,7.460462803e-05,0
7719,0.0006560910842,7.450998237e-05,0
7720,0.001311137457,7.450998237e-05,0
7721,0.0003458567371,7.450998237e-05,0
7722,0.0007672827924,7.450998237e-05,0
7723,0.001439368585,7.450998237e-05,0
7724,0.0008522819262,7.450998237e-05,0
7725,0.0002222214825,7.450998237e-05,0
7726,0.003047292354,7.450998237e-05,0
7727,0.002931889147,7.450998237e-05,0
7728,0.002532754093,7.450998237e-05,0
7729,0.001413959661,7.450998237e-05,0
7730,0.0009006738546,7.450998237e-05,0
7731,0.002098817844,7.450998237e-05,0
7732,0.002910030074,7.450998237e-05,0
7733,0.003974381369,7.450998237e-05,0
7734,0.002246130724,7.450998237e-05,0
7735,0.001318789902,7.450998237e-05,0
7736,0.0002725476515,7.450998237e-05,0
7737,0.0005130954087,7.450998237e-05,0
7738,0.001266143518,7.450998237e-05,0
7739,0.001114307088,7.519808423e-05,0
7740,0.00690416107,7.519808423e-05,0
7741,0.0004863380746,7.519808423e-05,0
7742,0.0008234739071,7.519808423e-05,0
7743,0.0008749478147,7.519808423e-05,0
7744,0.0002271905832,7.519808423e-05,0
7745,0.0004123543622,7.519808423e-05,0
7746,0.001355138374,7.519808423e-05,0
7747,0.0007528210408,7.519808423e-05,0
7748,0.002145894105,7.519808423e-05,0
7749,0.0007593309856,7.519808423e-05,0
7750,0.000663288869,7.519808423e-05,0
7751,0.002815137617,7.519808423e-05,0
7752,0.0009437056724,7.519808423e-05,0
7753,0.001298722113,7.519808423e-05,0
7754,0.003175033955,7.519808423e-05,0
7755,0.0009665216785,7.519808423e-05,0
7756,0.0008428768488,7.519808423e-05,0
7757,0.02291979268,7.519808423e-05,1
7758,0.006245317869,7.519808423e-05,0
7759,0.001026814571,7.568170986e-05,0
7760,0.007014213596,7.568170986e-05,0
7761,0.000431310822,7.568170986e-05,0
7762,0.0006985518849,7.568170986e-05,0
7763,0.0007280419231,7.568170986e-05,0
7764,0.0003784544242,7.568170986e-05,0
7765,0.0005550013157,7.568170986e-05,0
7766,0.004060676321,7.568170986e-05,0
7767,0.0005302827922,7.568170986e-05,0
7768,0.0003081150935,7.568170986e-05,0
7769,0.0005697390297,7.568170986e-05,0
7770,0.0004490081628,7.568170986e-05,0
7771,0.0006113006966,7.568170986e-05,0
7772,0.0001569760498,7.568170986e-05,0
7773,0.01407206524,7.568170986e-05,1
7774,0.0005439024535,7.568170986e-05,0
7775,0.0130230682,7.568170986e-05,1
7776,0.0006446766201,7.568170986e-05,0
7777,0.00130771054,7.568170986e-05,0
7778,0.0009316062205,7.568170986e-05,0
7779,0.001875628601,7.719686255e-05,0
7780,0.003145937109,7.719686255e-05,0
7781,0.005324850325,7.719686255e-05,0
7782,0.0018519765,7.719686255e-05,0
7783,0.0003393300867,7.719686255e-05,0
7784,0.0007324413164,7.719686255e-05,0
7785,0.0004064197419,7.719686255e-05,0
7786,0.0005116853863,7.719686255e-05,0
7787,0.001147310715,7.719686255e-05,0
7788,0.002619622508,7.719686255e-05,0
7789,0.001412329613,7.719686255e-05,0
7790,0.0005995382089,7.719686255e-05,0
7791,0.000511432474,7.719686255e-05,0
7792,0.001578491763,7.719686255e-05,0
7793,0.001382932998,7.719686255e-05,0
7794,0.0006815876113,7.719686255e-05,0
7795,0.004752782173,7.719686255e-05,0
7796,0.0003897884162,7.719686255e-05,0
7797,0.0003663667885,7.719686255e-05,0
7798,0.002034857869,7.719686255e-05,0
7799,0.0002612107201,7.714187814e-05,0
7800,0.004054547753,7.714187814e-05,0
7801,0.0013576817,7.714187814e-05,0
7802,0.0004810956016,7.714187814e-05,0
7803,0.001525146072,7.714187814e-05,0
7804,0.001256151241,7.714187814e-05,0
7805,0.004321204033,7.714187814e-05,0
7806,0.01436643768,7.714187814e-05,1
7807,0.0007726147887,7.714187814e-05,0
7808,0.001293798909,7.714187814e-05,0
7809,0.0002830111771,7.714187814e-05,0
7810,0.0007668068283,7.714187814e-05,0
7811,0.001018810901,7.714187814e-05,0
7812,0.000345238077,7.714187814e-05,0
7813,0.001711070887,7.714187814e-05,0
7814,0.003482048167,7.714187814e-05,0
7815,0.002755106194,7.714187814e-05,0
7816,0.0009318076773,7.714187814e-05,0
7817,0.000812615559,7.714187814e-05,0
7818,0.0002587862546,7.714187814e-05,0
7819,0.000455299014,7.619192911e-05,0
7820,0.0004524045507,7.619192911e-05,0
7821,0.00161987904,7.619192911e-05,0
7822,0.001317807822,7.619192911e-05,0
7823,0.002456565853,7.619192911e-05,0
7824,0.0005789199495,7.619192911e-05,0
7825,0.0003299908421,7.619192911e-05,0
7826,0.002021239372,7.619192911e-05,0
7827,0.0002016740618,7.619192911e-05,0
7828,0.0005783024244,7.619192911e-05,0
7829,0.0007023914368,7.619192911e-05,0
7830,0.0009827218018,7.619192911e-05,0
7831,0.0024884257,7.619192911e-05,0
7832,0.002471007872,7.619192911e-05,0
7833,0.0005452207406,7.619192911e-05,0
7834,0.0007392139523,7.619192911e-05,0
7835,0.0006205431418,7.619192911e-05,0
7836,0.002027683891,7.619192911e-05,0
7837,0.0006827741745,7.619192911e-05,0
7838,0.0008064605063,7.619192911e-05,0
7839,0.002257711953,7.652604836e-05,0
7840,0.0006103751948,7.652604836e-05,0
7841,0.002935040044,7.652604836e-05,0
7842,0.0008200598531,7.652604836e-05,0
7843,0.0006568586105,7.652604836e-05,0
7844,0.0005197672872,7.652604836e-05,0
7845,0.0002338586492,7.652604836e-05,0
7846,0.0006019193679,7.652604836e-05,0
7847,0.00594868511,7.652604836e-05,0
7848,0.001239349251,7.652604836e-05,0
7849,0.00078650465,7.652604836e-05,0
7850,0.0003969108511,7.652604836e-05,0
7851,0.0007890110719,7.652604836e-05,0
7852,0.00077649788,7.652604836e-05,0
7853,0.0006630931166,7.652604836e-05,0
7854,0.0008422565297,7.652604836e-05,0
7855,0.0005175453261,7.652604836e-05,0
7856,0.0005406843266,7.652604836e-05,0
7857,0.0002993661037,7.652604836e-05,0
7858,0.001671398524,7.652604836e-05,0
7859,0.0005292304559,7.583839761e-05,0
7860,0.000801604765,7.583839761e-05,0
7861,0.0001252694638,7.583839761e-05,0
7862,0.003399715759,7.583839761e-05,0
7863,0.003442166606,7.583839761e-05,0
7864,0.001215950237,7.583839761e-05,0
7865,0.001236589276,7.583839761e-05,0
7866,0.001109106932,7.583839761e-05,0
7867,0.000518724788,7.583839761e-05,0
7868,0.0003782005515,7.583839761e-05,0
7869,0.00157352665,7.583839761e-05,0
7870,0.0004211868509,7.583839761e-05,0
7871,0.002734757261,7.583839761e-05,0
7872,0.0001582691184,7.583839761e-05,0
7873,0.001043871162,7.583839761e-05,0
7874,0.002079182304,7.583839761e-05,0
7875,0.004966520239,7.583839761e-05,0
7876,0.0002713876893,7.583839761e-05,0
7877,0.001460672705,7.583839761e-05,0
7878,0.0005888624,7.583839761e-05,0
7879,0.0007984717377,7.609314343e-05,0
7880,0.0005739087937,7.609314343e-05,0
7881,0.001436050865,7.609314343e-05,0
7882,0.002787083155,7.609314343e-05,0
7883,0.003275315976,7.609314343e-05,0
7884,0.0002002550609,7.609314343e-05,0
7885,0.0009266697452,7.609314343e-05,0
7886,0.001082728966,7.609314343e-05,0
7887,0.00115035905,7.609314343e-05,0
7888,0.0003259212244,7.609314343e-05,0
7889,0.0006537798909,7.609314343e-05,0
7890,0.0005149468197,7.609314343e-05,0
7891,0.001928287325,7.609314343e-05,0
7892,0.0007707998739,7.609314343e-05,0
7893,0.0006446794141,7.609314343e-05,0
7894,0.002424511826,7.609314343e-05,0
7895,0.002129239496,7.609314343e-05,0
7896,0.0001034454399,7.609314343e-05,0
7897,0.0003322492412,7.609314343e-05,0
7898,0.004770756699,7.609314343e-05,0
7899,0.001909134793,7.620670658e-05,0
7900,0.001902746502,7.620670658e-05,0
7901,0.0009744925774,7.620670658e-05,0
7902,0.0005915522925,7.620670658e-05,0
7903,0.0003284297709,7.620670658e-05,0
7904,0.0005560409045,7.620670658e-05,0
7905,0.0003229432914,7.620670658e-05,0
7906,0.0001763643813,7.620670658e-05,0
7907,0.007464407943,7.620670658e-05,1
7908,0.0009752695914,7.620670658e-05,0
7909,0.0004390483373,7.620670658e-05,0
7910,0.001673980616,7.620670658e-05,0
7911,0.0004804677155,7.620670658e-05,0
7912,0.001227906789,7.620670658e-05,0
7913,0.001076239976,7.620670658e-05,0
7914,0.001487010159,7.620670658e-05,0
7915,0.0002581844747,7.620670658e-05,0
7916,0.001446859562,7.620670658e-05,0
7917,0.001529307337,7.620670658e-05,0
7918,0.0006644426612,7.620670658e-05,0
7919,0.0004362528853,7.484828529e-05,0
7920,0.00132245128,7.484828529e-05,0
7921,0.0005196510465,7.484828529e-05,0
7922,0.0008153515519,7.484828529e-05,0
7923,0.002871591598,7.484828529e-05,0
7924,0.0002208375081,7.484828529e-05,0
7925,0.0003142743954,7.484828529e-05,0
7926,0.003483737586,7.484828529e-05,0
7927,0.001846247353,7.484828529e-05,0
7928,0.0002372795861,7.484828529e-05,0
7929,0.001180753578,7.484828529e-05,0
7930,0.0008926950977,7.484828529e-05,0
7931,0.002173335524,7.484828529e-05,0
7932,0.0006270414451,7.484828529e-05,0
7933,0.004673974123,7.484828529e-05,0
7934,0.008023157716,7.484828529e-05,1
7935,0.001153609366,7.484828529e-05,0
7936,0.0004552926985,7.484828529e-05,0
7937,0.001292077359,7.484828529e-05,0
7938,0.0007600536337,7.484828529e-05,0
7939,0.00206429325,7.491920405e-05,0
7940,0.0006062875036,7.491920405e-05,0
7941,0.001006474718,7.491920405e-05,0
7942,0.001077779219,7.491920405e-05,0
7943,0.0003477656574,7.491920405e-05,0
7944,0.0006894473336,7.491920405e-05,0
7945,0.001036485774,7.491920405e-05,0
7946,0.0006818181719,7.491920405e-05,0
7947,0.00272749993,7.491920405e-05,0
7948,0.0005213713739,7.491920405e-05,0
7949,0.0003757874074,7.491920405e-05,0
7950,0.001326834201,7.491920405e-05,0
7951,0.0008076555096,7.491920405e-05,0
7952,0.0005670753308,7.491920405e-05,0
7953,0.0003773391654,7.491920405e-05,0
7954,0.000882295717,7.491920405e-05,0
7955,0.002402151469,7.491920405e-05,0
7956,0.0009355155635,7.491920405e-05,0
7957,0.001357932808,7.491920405e-05,0
7958,0.0004430381232,7.491920405e-05,0
7959,0.0001576018112,7.481432112e-05,0
7960,0.00147554744,7.481432112e-05,0
7961,0.0007343938341,7.481432112e-05,0
7962,0.0009133974672,7.481432112e-05,0
7963,0.0003392116632,7.481432112e-05,0
7964,0.0006333034835,7.481432112e-05,0
7965,0.001517600613,7.481432112e-05,0
7966,0.001868691877,7.481432112e-05,0
7967,0.001768692164,7.481432112e-05,0
7968,0.001019452233,7.481432112e-05,0
7969,0.0003124649811,7.481432112e-05,0
7970,0.0007485869573,7.481432112e-05,0
7971,0.002102805534,7.481432112e-05,0
7972,0.0002060211409,7.481432112e-05,0
7973,0.003077632282,7.481432112e-05,0
7974,0.003774149809,7.481432112e-05,0
7975,9.554070857e-05,7.481432112e-05,0
7976,0.0009631751454,7.481432112e-05,0
7977,0.001558692777,7.481432112e-05,0
7978,0.00368451234,7.481432112e-05,0
7979,0.0005236598663,7.532593736e-05,0
7980,0.001027345308,7.532593736e-05,0
7981,0.0003191276337,7.532593736e-05,0
7982,0.001181961154,7.532593736e-05,0
7983,0.0001281398872,7.532593736e-05,0
7984,0.0003127255768,7.532593736e-05,0
7985,0.001157741062,7.532593736e-05,0
7986,0.001515315031,7.532593736e-05,0
7987,0.000213495252,7.532593736e-05,0
7988,0.0003722063266,7.532593736e-05,0
7989,0.0003135935694,7.532593736e-05,0
7990,0.0005207283539,7.532593736e-05,0
7991,0.001272393274,7.532593736e-05,0
7992,0.005407972261,7.532593736e-05,0
7993,0.002357586985,7.532593736e-05,0
7994,0.001722977846,7.532593736e-05,0
7995,0.0005560815334,7.532593736e-05,0
7996,0.008118990809,7.532593736e-05,1
7997,0.00110685348,7.532593736e-05,0
7998,0.000189050319,7.532593736e-05,0
7999,0.002255259082,7.639715477e-05,0
8000,0.0005150804645,7.639715477e-05,0
8001,0.0001910881256,7.639715477e-05,0
8002,0.0002334559103,7.639715477e-05,0
8003,0.0006531812833,7.639715477e-05,0
8004,0.003783501452,7.639715477e-05,0
8005,0.001444549183,7.639715477e-05,0
8006,0.0007678472321,7.639715477e-05,0
8007,0.002684643725,7.639715477e-05,0
8008,0.001186601701,7.639715477e-05,0
8009,0.002984238323,7.639715477e-05,0
8010,0.001113505918,7.639715477e-05,0
8011,0.001128973672,7.639715477e-05,0
8012,0.0003370475315,7.639715477e-05,0
8013,0.001296982402,7.639715477e-05,0
8014,0.0003402550647,7.639715477e-05,0
8015,0.0003073668922,7.639715477e-05,0
8016,0.001087572542,7.639715477e-05,0
8017,0.003092078725,7.639715477e-05,0
8018,0.0001747858332,7.639715477e-05,0
8019,0.0002720384218,7.655919762e-05,0
8020,0.0005561730941,7.655919762e-05,0
8021,0.0006014452083,7.655919762e-05,0
8022,0.0009621096542,7.655919762e-05,0
8023,0.0003480556479,7.655919762e-05,0
8024,0.001206290908,7.655919762e-05,0
8025,0.003265738953,7.655919762e-05,0
8026,0.0009608839755,7.655919762e-05,0
8027,0.001625165693,7.655919762e-05,0
8028,0.002794476459,7.655919762e-05,0
8029,0.0008954318473,7.655919762e-05,0
8030,0.000747503771,7.655919762e-05,0
8031,0.000679257093,7.655919762e-05,0
8032,0.001839542645,7.655919762e-05,0
8033,0.000424675236,7.655919762e-05,0
8034,0.0009002760635,7.655919762e-05,0
8035,0.001575344475,7.655919762e-05,0
8036,0.001715128426,7.655919762e-05,0
8037,0.0008881499525,7.655919762e-05,0
8038,0.00136258977,7.655919762e-05,0
8039,0.0005356523907,7.593839837e-05,0
8040,0.00118305767,7.593839837e-05,0
8041,0.001523059327,7.593839837e-05,0
8042,0.000390793517,7.593839837e-05,0
8043,0.00112842361,7.593839837e-05,0
8044,0.0006120863836,7.593839837e-05,0
8045,0.0004674858355,7.593839837e-05,0
8046,0.0002874468337,7.593839837e-05,0
8047,0.0009465822368,7.593839837e-05,0
8048,0.004619869404,7.593839837e-05,0
8049,0.0002799756767,7.593839837e-05,0
8050,0.002538821194,7.593839837e-05,0
8051,0.001217016601,7.593839837e-05,0
8052,0.0009899109136,7.593839837e-05,0
8053,0.0005816792254,7.593839837e-05,0
8054,0.0002124641178,7.593839837e-05,0
8055,0.0005089979386,7.593839837e-05,0
8056,0.001810429152,7.593839837e-05,0
8057,0.0006718038348,7.593839837e-05,0
8058,0.000471230218,7.593839837e-05,0
8059,0.00244699535,7.653651119e-05,0
8060,0.000735245645,7.653651119e-05,0
8061,0.000220034839,7.653651119e-05,0
8062,0.0006999823963,7.653651119e-05,0
8063,0.001655351371,7.653651119e-05,0
8064,0.0005774674355,7.653651119e-05,0
8065,0.00256857858,7.653651119e-05,0
8066,0.0004281962465,7.653651119e-05,0
8067,0.0004542502575,7.653651119e-05,0
8068,0.001025675097,7.653651119e-05,0
8069,0.002936112462,7.653651119e-05,0
8070,0.0006023377646,7.653651119e-05,0
8071,0.002158800606,7.653651119e-05,0
8072,0.0007949418505,7.653651119e-05,0
8073,0.0009425195167,7.653651119e-05,0
8074,0.001622588024,7.653651119e-05,0
8075,0.0005794379395,7.653651119e-05,0
8076,0.0003817259276,7.653651119e-05,0
8077,0.001014115056,7.653651119e-05,0
8078,0.001350053353,7.653651119e-05,0
8079,0.003087814664,7.682311843e-05,0
8080,0.001530816779,7.682311843e-05,0
8081,0.0001410011755,7.682311843e-05,0
8082,0.001912144246,7.682311843e-05,0
8083,0.0007108682184,7.682311843e-05,0
8084,0.0003205113462,7.682311843e-05,0
8085,0.001516256947,7.682311843e-05,0
8086,0.001263879472,7.682311843e-05,0
8087,0.0005762201035,7.682311843e-05,0
8088,0.0009692262975,7.682311843e-05,0
8089,0.002736678347,7.682311843e-05,0
8090,0.001349844621,7.682311843e-05,0
8091,0.0005102154682,7.682311843e-05,0
8092,0.001852411078,7.682311843e-05,0
8093,0.0002261730697,7.682311843e-05,0
8094,0.00115683896,7.682311843e-05,0
8095,0.001573421177,7.682311843e-05,0
8096,0.0002645814675,7.682311843e-05,0
8097,0.0006698025391,7.682311843e-05,0
8098,0.0002784431563,7.682311843e-05,0
8099,0.000594298006,7.654714136e-05,0
8100,0.001983903581,7.654714136e-05,0
8101,0.000570020522,7.654714136e-05,0
8102,0.0002761461074,7.654714136e-05,0
8103,0.002459515119,7.654714136e-05,0
8104,0.001392952166,7.654714136e-05,0
8105,0.0009115458815,7.654714136e-05,0
8106,0.001101401867,7.654714136e-05,0
8107,0.0004792471591,7.654714136e-05,0
8108,0.0005605539191,7.654714136e-05,0
8109,0.0009571528062,7.654714136e-05,0
8110,0.002686425345,7.654714136e-05,0
8111,0.0288376566,7.654714136e-05,1
8112,0.0005738924374,7.654714136e-05,0
8113,0.0004906553659,7.654714136e-05,0
8114,0.0003337425296,7.654714136e-05,0
8115,0.0005618177238,7.654714136e-05,0
8116,0.00215345691,7.654714136e-05,0
8117,0.0002597847779,7.654714136e-05,0
8118,0.001729077776,7.654714136e-05,0
8119,0.001303742407,7.690173516e-05,0
8120,0.001204393455,7.690173516e-05,0
8121,0.001043131808,7.690173516e-05,0
8122,0.0007399591268,7.690173516e-05,0
8123,0.0009790285258,7.690173516e-05,0
8124,0.0002311892895,7.690173516e-05,0
8125,0.002706516767,7.690173516e-05,0
8126,0.000904779532,7.690173516e-05,0
8127,0.001081649796,7.690173516e-05,0
8128,0.000477849273,7.690173516e-05,0
8129,0.0001756046986,7.690173516e-05,0
8130,0.0007410130929,7.690173516e-05,0
8131,0.00048902462,7.690173516e-05,0
8132,0.0005514633376,7.690173516e-05,0
8133,0.001319299219,7.690173516e-05,0
8134,0.000713229063,7.690173516e-05,0
8135,0.001103689312,7.690173516e-05,0
8136,0.0007470530109,7.690173516e-05,0
8137,0.0009178200853,7.690173516e-05,0
8138,0.0003044603218,7.690173516e-05,0
8139,0.0004719018179,7.70080369e-05,0
8140,0.001326102414,7.70080369e-05,0
8141,0.001631941996,7.70080369e-05,0
8142,0.0007143341354,7.70080369e-05,0
8143,0.004330617376,7.70080369e-05,0
8144,0.0003975788131,7.70080369e-05,0
8145,0.0005489062169,7.70080369e-05,0
8146,0.0006088166265,7.70080369e-05,0
8147,0.0007689527702,7.70080369e-05,0
8148,0.0009862042498,7.70080369e-05,0
8149,0.001496604178,7.70080369e-05,0
8150,0.001692249672,7.70080369e-05,0
8151,0.0005211135722,7.70080369e-05,0
8152,0.001114092185,7.70080369e-05,0
8153,0.0005442745751,7.70080369e-05,0
8154,0.002029876225,7.70080369e-05,0
8155,0.001123481314,7.70080369e-05,0
8156,0.0003845056344,7.70080369e-05,0
8157,0.0002298313193,7.70080369e-05,0
8158,0.0006002025912,7.70080369e-05,0
8159,0.0004519844369,7.671144704e-05,0
8160,0.0003332353663,7.671144704e-05,0
8161,0.001937770518,7.671144704e-05,0
8162,0.003997048363,7.671144704e-05,0
8163,0.0003785050358,7.671144704e-05,0
8164,0.0004093336756,7.671144704e-05,0
8165,0.0004189281899,7.671144704e-05,0
8166,0.001473309938,7.671144704e-05,0
8167,0.0004000178014,7.671144704e-05,0
8168,0.0005120426649,7.671144704e-05,0
8169,0.00199981709,7.671144704e-05,0
8170,0.001274914131,7.671144704e-05,0
8171,0.0001504307147,7.671144704e-05,0
8172,0.001148740877,7.671144704e-05,0
8173,0.0005290440749,7.671144704e-05,0
8174,0.0001312523818,7.671144704e-05,0
8175,0.001161583816,7.671144704e-05,0
8176,0.0004231994099,7.671144704e-05,0
8177,0.0003537154989,7.671144704e-05,0
8178,0.001308631268,7.671144704e-05,0
8179,0.0007379027084,7.661871496e-05,0
8180,0.0007436113083,7.661871496e-05,0
8181,0.001252315473,7.661871496e-05,0
8182,0.001050710329,7.661871496e-05,0
8183,0.000625385379,7.661871496e-05,0
8184,0.0005498339306,7.661871496e-05,0
8185,0.002359280363,7.661871496e-05,0
8186,0.000114242408,7.661871496e-05,0
8187,0.0008810290601,7.661871496e-05,0
8188,0.00290257344,7.661871496e-05,0
8189,0.0005776409525,7.661871496e-05,0
8190,0.0006319422973,7.661871496e-05,0
8191,0.001295957947,7.661871496e-05,0
8192,0.0008968976326,7.661871496e-05,0
8193,0.0007987632998,7.661871496e-05,0
8194,0.002497522393,7.661871496e-05,0
8195,0.0004359238083,7.661871496e-05,0
8196,0.0005089016631,7.661871496e-05,0
8197,0.003334482666,7.661871496e-05,0
8198,0.0003572576679,7.661871496e-05,0
8199,0.0005472908379,7.713317609e-05,0
8200,0.001618153066,7.713317609e-05,0
8201,0.001461785752,7.713317609e-05,0
8202,0.001070590923,7.713317609e-05,0
8203,0.0008034458151,7.713317609e-05,0
8204,0.001121083507,7.713317609e-05,0
8205,0.004132122733,7.713317609e-05,0
8206,0.001032294706,7.713317609e-05,0
8207,0.0004291162477,7.713317609e-05,0
8208,0.001754983794,7.713317609e-05,0
8209,0.0005292221322,7.713317609e-05,0
8210,0.001073001418,7.713317609e-05,0
8211,0.000357369805,7.713317609e-05,0
8212,0.0005423905677,7.713317609e-05,0
8213,0.00105500815,7.713317609e-05,0
8214,0.0002321929787,7.713317609e-05,0
8215,0.000444324367,7.713317609e-05,0
8216,0.001083579147,7.713317609e-05,0
8217,0.001116417232,7.713317609e-05,0
8218,0.0002528929326,7.713317609e-05,0
8219,0.001458468148,7.669423212e-05,0
8220,0.001432859572,7.669423212e-05,0
8221,0.0002640216262,7.669423212e-05,0
8222,0.0002805186086,7.669423212e-05,0
8223,0.00299200858,7.669423212e-05,0
8224,0.001007745974,7.669423212e-05,0
8225,0.0006033992395,7.669423212e-05,0
8226,0.0008406498819,7.669423212e-05,0
8227,0.001880291384,7.669423212e-05,0
8228,0.001893486129,7.669423212e-05,0
8229,0.001116123865,7.669423212e-05,0
8230,0.002591817873,7.669423212e-05,0
8231,0.0001851815614,7.669423212e-05,0
8232,0.00188322959,7.669423212e-05,0
8233,0.001094897743,7.669423212e-05,0
8234,0.0007282308652,7.669423212e-05,0
8235,0.0004232013889,7.669423212e-05,0
8236,0.0006334090722,7.669423212e-05,0
8237,0.0008850320592,7.669423212e-05,0
8238,0.0009442488663,7.669423212e-05,0
8239,0.0009826247115,7.794677367e-05,0
8240,0.001777097932,7.794677367e-05,0
8241,0.003948891535,7.794677367e-05,0
8242,0.001183399465,7.794677367e-05,0
8243,0.000772452564,7.794677367e-05,0
8244,0.0003757103696,7.794677367e-05,0
8245,0.000488634163,7.794677367e-05,0
8246,0.0008810816216,7.794677367e-05,0
8247,0.0066364347,7.794677367e-05,0
8248,0.002314389218,7.794677367e-05,0
8249,0.0001808566303,7.794677367e-05,0
8250,0.00158604444,7.794677367e-05,0
8251,0.002300363267,7.794677367e-05,0
8252,0.0001575235219,7.794677367e-05,0
8253,0.0006090198294,7.794677367e-05,0
8254,0.0007374971174,7.794677367e-05,0
8255,0.0003190503339,7.794677367e-05,0
8256,0.0003793037031,7.794677367e-05,0
8257,0.0003206598922,7.794677367e-05,0
8258,0.0009335119976,7.794677367e-05,0
8259,0.002244553762,7.797166472e-05,0
8260,0.001658573747,7.797166472e-05,0
8261,0.0007367459475,7.797166472e-05,0
8262,0.0002661635517,7.797166472e-05,0
8263,0.001084694988,7.797166472e-05,0
8264,0.000854764774,7.797166472e-05,0
8265,0.0007564520347,7.797166472e-05,0
8266,0.002303913236,7.797166472e-05,0
8267,0.0005029948079,7.797166472e-05,0
8268,0.0004334906116,7.797166472e-05,0
8269,0.0003225494002,7.797166472e-05,0
8270,0.0008234356646,7.797166472e-05,0
8271,0.004012215417,7.797166472e-05,0
8272,0.002455638489,7.797166472e-05,0
8273,0.0005026661674,7.797166472e-05,0
8274,0.0004555563792,7.797166472e-05,0
8275,0.0003013110545,7.797166472e-05,0
8276,0.0004393511044,7.797166472e-05,0
8277,0.0004159035452,7.797166472e-05,0
8278,0.001190458541,7.797166472e-05,0
8279,0.0007339005824,7.807666407e-05,0
8280,0.0004512159503,7.807666407e-05,0
8281,0.0004378407903,7.807666407e-05,0
8282,0.0003682571987,7.807666407e-05,0
8283,0.001207982074,7.807666407e-05,0
8284,0.001037472859,7.807666407e-05,0
8285,0.0003234003379,7.807666407e-05,0
8286,0.0010291012,7.807666407e-05,0
8287,0.0003081647446,7.807666407e-05,0
8288,0.001767367707,7.807666407e-05,0
8289,0.00102543924,7.807666407e-05,0
8290,0.0007408663514,7.807666407e-05,0
8291,0.0002759922354,7.807666407e-05,0
8292,0.001908036764,7.807666407e-05,0
8293,0.0002757055627,7.807666407e-05,0
8294,0.0007777417777,7.807666407e-05,0
8295,0.001789900707,7.807666407e-05,0
8296,0.0002825518313,7.807666407e-05,0
8297,0.003436430823,7.807666407e-05,0
8298,0.001546117826,7.807666407e-05,0
8299,0.001484681154,7.851850387e-05,0
8300,0.0001366853248,7.851850387e-05,0
8301,0.0005399704678,7.851850387e-05,0
8302,0.001257377793,7.851850387e-05,0
8303,0.005954034161,7.851850387e-05,0
8304,0.0006891946541,7.851850387e-05,0
8305,0.0007035444141,7.851850387e-05,0
8306,0.0007909028209,7.851850387e-05,0
8307,0.0003438584099,7.851850387e-05,0
8308,0.001542310696,7.851850387e-05,0
8309,0.001390686724,7.851850387e-05,0
8310,0.0004414364812,7.851850387e-05,0
8311,0.0002484754659,7.851850387e-05,0
8312,0.0004014203441,7.851850387e-05,0
8313,0.000706883322,7.851850387e-05,0
8314,0.009581079707,7.851850387e-05,1
8315,0.0002896580845,7.851850387e-05,0
8316,0.0003200850915,7.851850387e-05,0
8317,0.001214059303,7.851850387e-05,0
8318,0.0003057000577,7.851850387e-05,0
8319,0.0003893130634,7.863350038e-05,0
8320,0.0005312120775,7.863350038e-05,0
8321,0.0004985589185,7.863350038e-05,0
8322,0.001176882535,7.863350038e-05,0
8323,0.001254177187,7.863350038e-05,0
8324,0.002169035608,7.863350038e-05,0
8325,0.0004316186823,7.863350038e-05,0
8326,0.0008768037078,7.863350038e-05,0
8327,0.001033539069,7.863350038e-05,0
8328,0.001885487116,7.863350038e-05,0
8329,0.0005585163017,7.863350038e-05,0
8330,0.001089719473,7.863350038e-05,0
8331,0.0005756622995,7.863350038e-05,0
8332,0.001088074059,7.863350038e-05,0
8333,0.0004490675929,7.863350038e-05,0
8334,0.0005203925539,7.863350038e-05,0
8335,0.0005945535959,7.863350038e-05,0
8336,0.0004715158138,7.863350038e-05,0
8337,0.0006243024254,7.863350038e-05,0
8338,0.001232515206,7.863350038e-05,0
8339,0.000256770436,7.857724995e-05,0
8340,0.0002476416412,7.857724995e-05,0
8341,0.000779710419,7.857724995e-05,0
8342,0.0007652005879,7.857724995e-05,0
8343,0.002878839849,7.857724995e-05,0
8344,0.0009276907076,7.857724995e-05,0
8345,0.0004659866681,7.857724995e-05,0
8346,0.0009135876899,7.857724995e-05,0
8347,0.002064696047,7.857724995e-05,0
8348,0.000341546227,7.857724995e-05,0
8349,0.004982061684,7.857724995e-05,0
8350,0.0002785760153,7.857724995e-05,0
8351,0.001503583393,7.857724995e-05,0
8352,0.001706142677,7.857724995e-05,0
8353,0.002636661287,7.857724995e-05,0
8354,0.004038628191,7.857724995e-05,0
8355,0.0006112082629,7.857724995e-05,0
8356,0.0004206267477,7.857724995e-05,0
8357,0.0002752244764,7.857724995e-05,0
8358,0.0001594786445,7.857724995e-05,0
8359,0.001581568853,7.883040234e-05,0
8360,0.0009361183038,7.883040234e-05,0
8361,0.00311742397,7.883040234e-05,0
8362,0.01153098606,7.883040234e-05,1
8363,0.0005208585644,7.883040234e-05,0
8364,0.0003375521919,7.883040234e-05,0
8365,0.001051012427,7.883040234e-05,0
8366,0.001673516701,7.883040234e-05,0
8367,0.001133923768,7.883040234e-05,0
8368,0.0008898630622,7.883040234e-05,0
8369,0.0007769293734,7.883040234e-05,0
8370,0.002421836602,7.883040234e-05,0
8371,0.001795370714,7.883040234e-05,0
8372,0.0005867021391,7.883040234e-05,0
8373,0.0003216160112,7.883040234e-05,0
8374,0.0009953447152,7.883040234e-05,0
8375,0.0007915195893,7.883040234e-05,0
8376,0.0006184719969,7.883040234e-05,0
8377,0.00184925308,7.883040234e-05,0
8378,0.001254649833,7.883040234e-05,0
8379,0.00244537415,7.911975263e-05,0
8380,0.001148252864,7.911975263e-05,0
8381,0.0001418562751,7.911975263e-05,0
8382,0.0005923533463,7.911975263e-05,0
8383,0.001103493385,7.911975263e-05,0
8384,0.0003059391165,7.911975263e-05,0
8385,0.0009762300178,7.911975263e-05,0
8386,0.0004322543391,7.911975263e-05,0
8387,0.0006005269825,7.911975263e-05,0
8388,0.0005012344336,7.911975263e-05,0
8389,0.002761347685,7.911975263e-05,0
8390,0.0002378982172,7.911975263e-05,0
8391,0.0008478928939,7.911975263e-05,0
8392,0.0009381588898,7.911975263e-05,0
8393,0.0008303367067,7.911975263e-05,0
8394,0.003856994445,7.911975263e-05,0
8395,0.004489807412,7.911975263e-05,0
8396,0.001178500126,7.911975263e-05,0
8397,0.005447817501,7.911975263e-05,0
8398,0.000804824871,7.911975263e-05,0
8399,0.0006707561552,7.96934255e-05,0
8400,0.003068572143,7.96934255e-05,0
8401,0.002671475057,7.96934255e-05,0
8402,0.00108645123,7.96934255e-05,0
8403,0.0007308410713,7.96934255e-05,0
8404,0.001887266757,7.96934255e-05,0
8405,0.00364505942,7.96934255e-05,0
8406,0.001735118683,7.96934255e-05,0
8407,0.001671252539,7.96934255e-05,0
8408,0.002400625264,7.96934255e-05,0
8409,0.0003746380389,7.96934255e-05,0
8410,0.001743716653,7.96934255e-05,0
8411,0.0004310457734,7.96934255e-05,0
8412,0.002210016362,7.96934255e-05,0
8413,0.00088150386,7.96934255e-05,0
8414,0.0001985022391,7.96934255e-05,0
8415,0.00217426708,7.96934255e-05,0
8416,0.0007108311402,7.96934255e-05,0
8417,0.001278245472,7.96934255e-05,0
8418,0.0004849435936,7.96934255e-05,0
8419,0.0005039215321,7.991241728e-05,0
8420,0.0004904139205,7.991241728e-05,0
8421,0.0007876500604,7.991241728e-05,0
8422,0.0002147960768,7.991241728e-05,0
8423,0.002213522792,7.991241728e-05,0
8424,0.0006606247043,7.991241728e-05,0
8425,0.001670834259,7.991241728e-05,0
8426,0.0003928584338,7.991241728e-05,0
8427,0.0004226323217,7.991241728e-05,0
8428,0.001346403733,7.991241728e-05,0
8429,0.0005473294877,7.991241728e-05,0
8430,0.00277925632,7.991241728e-05,0
8431,0.000813415274,7.991241728e-05,0
8432,0.0007297556149,7.991241728e-05,0
8433,0.002797413152,7.991241728e-05,0
8434,0.0008955141529,7.991241728e-05,0
8435,0.001658855123,7.991241728e-05,0
8436,0.0007537938072,7.991241728e-05,0
8437,0.0004850830592,7.991241728e-05,0
8438,0.0004498457711,7.991241728e-05,0
8439,0.0007641075645,7.967960846e-05,0
8440,0.0009101856267,7.967960846e-05,0
8441,0.01010180265,7.967960846e-05,1
8442,0.001368135912,7.967960846e-05,0
8443,0.001104446128,7.967960846e-05,0
8444,0.003090948565,7.967960846e-05,0
8445,0.0009812022327,7.967960846e-05,0
8446,0.0004476417089,7.967960846e-05,0
8447,0.0003449226206,7.967960846e-05,0
8448,0.0001698286214,7.967960846e-05,0
8449,0.00224848534,7.967960846e-05,0
8450,0.003096344415,7.967960846e-05,0
8451,0.0001526869746,7.967960846e-05,0
8452,0.001733173616,7.967960846e-05,0
8453,0.00145569758,7.967960846e-05,0
8454,0.0004406959051,7.967960846e-05,0
8455,0.0002953340882,7.967960846e-05,0
8456,0.001107295742,7.967960846e-05,0
8457,0.0001060662908,7.967960846e-05,0
8458,0.000419369142,7.967960846e-05,0
8459,0.0001702371228,8.022409747e-05,0
8460,0.001853193156,8.022409747e-05,0
8461,0.0003287077125,8.022409747e-05,0
8462,0.0004794964043,8.022409747e-05,0
8463,0.0005186744966,8.022409747e-05,0
8464,0.001875332906,8.022409747e-05,0
8465,0.0008345445967,8.022409747e-05,0
8466,0.00107317057,8.022409747e-05,0
8467,0.0005514645018,8.022409747e-05,0
8468,0.002408247674,8.022409747e-05,0
8469,0.0008179935394,8.022409747e-05,0
8470,0.0003769407631,8.022409747e-05,0
8471,0.00259536691,8.022409747e-05,0
8472,0.0005585752078,8.022409747e-05,0
8473,0.001006224891,8.022409747e-05,0
8474,0.00478737196,8.022409747e-05,0
8475,0.0008627078496,8.022409747e-05,0
8476,0.0006221758667,8.022409747e-05,0
8477,0.0008924182039,8.022409747e-05,0
8478,0.0005611544475,8.022409747e-05,0
8479,0.0003314095375,8.100238483e-05,0
8480,0.0003133494465,8.100238483e-05,0
8481,0.001334048575,8.100238483e-05,0
8482,0.00147138699,8.100238483e-05,0
8483,0.001438737032,8.100238483e-05,0
8484,0.001389652956,8.100238483e-05,0
8485,0.0003630842257,8.100238483e-05,0
8486,0.003040999873,8.100238483e-05,0
8487,0.0002941025305,8.100238483e-05,0
8488,0.0008652526885,8.100238483e-05,0
8489,0.0009677314083,8.100238483e-05,0
8490,0.0009493381367,8.100238483e-05,0
8491,0.0002418313961,8.100238483e-05,0
8492,0.0004725464678,8.100238483e-05,0
8493,0.001531310612,8.100238483e-05,0
8494,0.0009016593103,8.100238483e-05,0
8495,0.00119560922,8.100238483e-05,0
8496,0.001719724969,8.100238483e-05,0
8497,0.0006335812504,8.100238483e-05,0
8498,0.0003081006289,8.100238483e-05,0
8499,0.0003354669607,8.107881149e-05,0
8500,0.001029562438,8.107881149e-05,0
8501,0.0006760983961,8.107881149e-05,0
8502,0.003808563109,8.107881149e-05,0
8503,0.002375973621,8.107881149e-05,0
8504,0.0004293235252,8.107881149e-05,0
8505,0.000965811254,8.107881149e-05,0
8506,0.00150404335,8.107881149e-05,0
8507,0.001220387756,8.107881149e-05,0
8508,0.0001816748409,8.107881149e-05,0
8509,0.0004096734629,8.107881149e-05,0
8510,0.001626206562,8.107881149e-05,0
8511,0.001874269219,8.107881149e-05,0
8512,0.0001613994682,8.107881149e-05,0
8513,0.0008656060672,8.107881149e-05,0
8514,0.000605642912,8.107881149e-05,0
8515,0.0001685156458,8.107881149e-05,0
8516,0.002332772827,8.107881149e-05,0
8517,0.0002773047308,8.107881149e-05,0
8518,0.0002515692322,8.107881149e-05,0
8519,0.001263904618,8.058820822e-05,0
8520,0.0004806556972,8.058820822e-05,0
8521,0.0019736127,8.058820822e-05,0
8522,0.002730354667,8.058820822e-05,0
8523,0.001485206536,8.058820822e-05,0
8524,0.0008191275992,8.058820822e-05,0
8525,0.001607488259,8.058820822e-05,0
8526,0.000328891736,8.058820822e-05,0
8527,0.00103521673,8.058820822e-05,0
8528,0.0002002667024,8.058820822e-05,0
8529,0.005291337613,8.058820822e-05,0
8530,0.0003693350882,8.058820822e-05,0
8531,0.001135890954,8.058820822e-05,0
8532,0.001439194893,8.058820822e-05,0
8533,0.0005135767278,8.058820822e-05,0
8534,0.0001542748651,8.058820822e-05,0
8535,0.0005181615124,8.058820822e-05,0
8536,0.0002588691423,8.058820822e-05,0
8537,0.00169823016,8.058820822e-05,0
8538,0.0001972369064,8.058820822e-05,0
8539,0.0001439702173,8.139327838e-05,0
8540,0.0006218539784,8.139327838e-05,0
8541,0.0007477140171,8.139327838e-05,0
8542,0.001705454779,8.139327838e-05,0
8543,0.0003144743678,8.139327838e-05,0
8544,0.0003041549353,8.139327838e-05,0
8545,0.0003355481022,8.139327838e-05,0
8546,0.000878597144,8.139327838e-05,0
8547,0.0006777649396,8.139327838e-05,0
8548,0.000381489197,8.139327838e-05,0
8549,0.0004735953116,8.139327838e-05,0
8550,0.0003515197895,8.139327838e-05,0
8551,0.0007207853487,8.139327838e-05,0
8552,0.001460930798,8.139327838e-05,0
8553,0.006067137234,8.139327838e-05,0
8554,0.007983311079,8.139327838e-05,1
8555,0.006612967234,8.139327838e-05,0
8556,0.001112929662,8.139327838e-05,0
8557,0.0005090895575,8.139327838e-05,0
8558,0.00095735793,8.139327838e-05,0
8559,0.0004096397024,8.198348951e-05,0
8560,0.0009376871749,8.198348951e-05,0
8561,0.001394717605,8.198348951e-05,0
8562,0.001308980747,8.198348951e-05,0
8563,0.001734558842,8.198348951e-05,0
8564,0.0007561958046,8.198348951e-05,0
8565,0.0004468253173,8.198348951e-05,0
8566,0.001373231411,8.198348951e-05,0
8567,0.0001868382678,8.198348951e-05,0
8568,0.001311697182,8.198348951e-05,0
8569,0.000826178526,8.198348951e-05,0
8570,0.0003110723046,8.198348951e-05,0
8571,0.001815298339,8.198348951e-05,0
8572,0.0002644728811,8.198348951e-05,0
8573,0.002208705992,8.198348951e-05,0
8574,0.0003367465979,8.198348951e-05,0
8575,0.0008715261938,8.198348951e-05,0
8576,0.0001397138985,8.198348951e-05,0
8577,0.0007123727119,8.198348951e-05,0
8578,0.0005018846714,8.198348951e-05,0
8579,0.0005236294819,8.147757762e-05,0
8580,0.001387882512,8.147757762e-05,0
8581,0.0004774552945,8.147757762e-05,0
8582,0.0003541422775,8.147757762e-05,0
8583,0.0015051472,8.147757762e-05,0
8584,0.002841052134,8.147757762e-05,0
8585,0.001022310229,8.147757762e-05,0
8586,0.001020051073,8.147757762e-05,0
8587,0.003120848909,8.147757762e-05,0
8588,8.855990745e-05,8.147757762e-05,0
8589,0.0009053726099,8.147757762e-05,0
8590,0.001342266914,8.147757762e-05,0
8591,0.0009940407472,8.147757762e-05,0
8592,0.000444668578,8.147757762e-05,0
8593,0.001096118125,8.147757762e-05,0
8594,0.0004211591731,8.147757762e-05,0
8595,0.0001632676576,8.147757762e-05,0
8596,0.002843759721,8.147757762e-05,0
8597,0.0006455803523,8.147757762e-05,0
8598,0.0001630343468,8.147757762e-05,0
8599,0.0001860682241,8.238726878e-05,0
8600,0.02167640813,8.238726878e-05,1
8601,0.001704241964,8.238726878e-05,0
8602,0.00129467214,8.238726878e-05,0
8603,0.0008768215775,8.238726878e-05,0
8604,0.0003629460989,8.238726878e-05,0
8605,0.0002296930179,8.238726878e-05,0
8606,0.000674847397,8.238726878e-05,0
8607,0.000985295861,8.238726878e-05,0
8608,0.0004777599243,8.238726878e-05,0
8609,0.0005707034143,8.238726878e-05,0
8610,0.00034915586,8.238726878e-05,0
8611,0.001130532823,8.238726878e-05,0
8612,0.004487007391,8.238726878e-05,0
8613,0.01088621467,8.238726878e-05,1
8614,0.004035666119,8.238726878e-05,0
8615,0.0002507656754,8.238726878e-05,0
8616,0.0009418150876,8.238726878e-05,0
8617,0.0003195867175,8.238726878e-05,0
8618,0.0008379110368,8.238726878e-05,0
8619,0.0003179130726,8.307149255e-05,0
8620,0.001295478432,8.307149255e-05,0
8621,0.005629219115,8.307149255e-05,0
8622,0.0007453931612,8.307149255e-05,0
8623,0.0003777922539,8.307149255e-05,0
8624,0.002806931268,8.307149255e-05,0
8625,0.001329923165,8.307149255e-05,0
8626,0.007184300106,8.307149255e-05,0
8627,0.001447370043,8.307149255e-05,0
8628,0.001105753821,8.307149255e-05,0
8629,0.001941327588,8.307149255e-05,0
8630,0.0002953614166,8.307149255e-05,0
8631,0.00087577675,8.307149255e-05,0
8632,0.0001247171604,8.307149255e-05,0
8633,0.0003071592946,8.307149255e-05,0
8634,0.0003853630042,8.307149255e-05,0
8635,0.00030212212,8.307149255e-05,0
8636,0.0009128887323,8.307149255e-05,0
8637,0.006103151012,8.307149255e-05,0
8638,0.002439952921,8.307149255e-05,0
8639,0.0007082541706,8.379950305e-05,0
8640,0.0002881723922,8.379950305e-05,0
8641,0.006019754335,8.379950305e-05,0
8642,0.001758629922,8.379950305e-05,0
8643,0.001118307584,8.379950305e-05,0
8644,0.0005884055863,8.379950305e-05,0
8645,0.002264952287,8.379950305e-05,0
8646,0.001696097082,8.379950305e-05,0
8647,0.005730924197,8.379950305e-05,0
8648,0.00242915866,8.379950305e-05,0
8649,0.0005250350805,8.379950305e-05,0
8650,0.0009000086575,8.379950305e-05,0
8651,0.0003812148352,8.379950305e-05,0
8652,0.000578758656,8.379950305e-05,0
8653,0.0004668920592,8.379950305e-05,0
8654,0.0002065989538,8.379950305e-05,0
8655,0.001595951035,8.379950305e-05,0
8656,0.004144214094,8.379950305e-05,0
8657,0.001410170342,8.379950305e-05,0
8658,0.001431654906,8.379950305e-05,0
8659,0.003861493897,8.3357314e-05,0
8660,0.001110861427,8.3357314e-05,0
8661,0.005074145738,8.3357314e-05,0
8662,0.000695069728,8.3357314e-05,0
8663,0.003974728752,8.3357314e-05,0
8664,0.0007231037598,8.3357314e-05,0
8665,0.004496832378,8.3357314e-05,0
8666,0.01107457746,8.3357314e-05,1
8667,0.0009090873064,8.3357314e-05,0
8668,0.0006905977498,8.3357314e-05,0
8669,0.004471191205,8.3357314e-05,0
8670,0.003531750524,8.3357314e-05,0
8671,0.01063516736,8.3357314e-05,1
8672,0.0002573437232,8.3357314e-05,0
8673,0.0004518920032,8.3357314e-05,0
8674,0.00162891706,8.3357314e-05,0
8675,0.0001015773669,8.3357314e-05,0
8676,0.0002664790081,8.3357314e-05,0
8677,0.001239058212,8.3357314e-05,0
8678,0.001361749251,8.3357314e-05,0
8679,0.000130986431,8.333561709e-05,0
8680,0.0001631619525,8.333561709e-05,0
8681,0.0003999869805,8.333561709e-05,0
8682,0.001942897332,8.333561709e-05,0
8683,0.00103301066,8.333561709e-05,0
8684,0.002068835078,8.333561709e-05,0
8685,0.0003997419262,8.333561709e-05,0
8686,0.0002561828296,8.333561709e-05,0
8687,0.0006215665489,8.333561709e-05,0
8688,0.0001153970952,8.333561709e-05,0
8689,0.001083925599,8.333561709e-05,0
8690,0.0005469726748,8.333561709e-05,0
8691,0.0004670160124,8.333561709e-05,0
8692,0.005145196337,8.333561709e-05,0
8693,0.0009150146507,8.333561709e-05,0
8694,0.002464485355,8.333561709e-05,0
8695,0.0007255201926,8.333561709e-05,0
8696,0.0009161030175,8.333561709e-05,0
8697,0.001623658929,8.333561709e-05,0
8698,0.001660801121,8.333561709e-05,0
8699,0.0001913892047,8.387907292e-05,0
8700,0.0003437842824,8.387907292e-05,0
8701,0.0006670172443,8.387907292e-05,0
8702,0.001600268297,8.387907292e-05,0
8703,0.0006126764347,8.387907292e-05,0
8704,0.000264872011,8.387907292e-05,0
8705,0.002016906161,8.387907292e-05,0
8706,0.0007287689368,8.387907292e-05,0
8707,0.002196531976,8.387907292e-05,0
8708,0.001534108538,8.387907292e-05,0
8709,0.006172704045,8.387907292e-05,0
8710,0.001292044879,8.387907292e-05,0
8711,0.0003971459228,8.387907292e-05,0
8712,0.0008933332865,8.387907292e-05,0
8713,0.001148025156,8.387907292e-05,0
8714,0.0004032353463,8.387907292e-05,0
8715,0.0002340240462,8.387907292e-05,0
8716,0.000669879897,8.387907292e-05,0
8717,0.001057392335,8.387907292e-05,0
8718,0.003539891215,8.387907292e-05,0
8719,0.0001955598855,8.388215065e-05,0
8720,0.0001971242455,8.388215065e-05,0
8721,0.0009903960163,8.388215065e-05,0
8722,0.0009836915415,8.388215065e-05,0
8723,0.001624178607,8.388215065e-05,0
8724,0.004586801399,8.388215065e-05,0
8725,0.0005900972756,8.388215065e-05,0
8726,0.0005719543551,8.388215065e-05,0
8727,0.001608303632,8.388215065e-05,0
8728,0.001681141672,8.388215065e-05,0
8729,0.000337495032,8.388215065e-05,0
8730,0.0001635631197,8.388215065e-05,0
8731,0.0156485457,8.388215065e-05,1
8732,0.0007829105598,8.388215065e-05,0
8733,0.0001896983886,8.388215065e-05,0
8734,0.0002775579051,8.388215065e-05,0
8735,0.00155042368,8.388215065e-05,0
8736,0.0002690404654,8.388215065e-05,0
8737,0.001277606236,8.388215065e-05,0
8738,0.006003096234,8.388215065e-05,0
8739,0.0006686340785,8.437102952e-05,0
8740,0.001494347467,8.437102952e-05,0
8741,0.0005396104534,8.437102952e-05,0
8742,0.0006260427181,8.437102952e-05,0
8743,0.001870974433,8.437102952e-05,0
8744,0.0001461494976,8.437102952e-05,0
8745,0.0005111870123,8.437102952e-05,0
8746,0.0006976305158,8.437102952e-05,0
8747,0.0004069303104,8.437102952e-05,0
8748,0.000665767875,8.437102952e-05,0
8749,0.0007800874882,8.437102952e-05,0
8750,0.0003529705573,8.437102952e-05,0
8751,0.002540618414,8.437102952e-05,0
8752,0.0005649732193,8.437102952e-05,0
8753,0.0003385288583,8.437102952e-05,0
8754,0.001039935392,8.437102952e-05,0
8755,0.001585368766,8.437102952e-05,0
8756,0.00127145648,8.437102952e-05,0
8757,0.0002923813881,8.437102952e-05,0
8758,0.0008007946308,8.437102952e-05,0
8759,0.004105232656,8.499712567e-05,0
8760,0.000377641758,8.499712567e-05,0
8761,0.0003272459435,8.499712567e-05,0
8762,0.0005237782607,8.499712567e-05,0
8763,0.006950846873,8.499712567e-05,0
8764,0.0007853238494,8.499712567e-05,0
8765,0.0005785109825,8.499712567e-05,0
8766,0.002251949161,8.499712567e-05,0
8767,0.001228395384,8.499712567e-05,0
8768,0.000764578348,8.499712567e-05,0
8769,0.0008853259496,8.499712567e-05,0
8770,0.001246649073,8.499712567e-05,0
8771,0.0007370588719,8.499712567e-05,0
8772,0.0001752170938,8.499712567e-05,0
8773,0.0004662052088,8.499712567e-05,0
8774,0.001898968825,8.499712567e-05,0
8775,0.002896901919,8.499712567e-05,0
8776,0.0003881485318,8.499712567e-05,0
8777,0.006900971755,8.499712567e-05,0
8778,0.0005234312266,8.499712567e-05,0
8779,0.0004226586898,8.576024993e-05,0
8780,0.0004672426148,8.576024993e-05,0
8781,0.0003431973746,8.576024993e-05,0
8782,0.0008330139099,8.576024993e-05,0
8783,0.001956572989,8.576024993e-05,0
8784,0.0009030627552,8.576024993e-05,0
8785,0.001026831334,8.576024993e-05,0
8786,0.008261866868,8.576024993e-05,1
8787,0.001129202312,8.576024993e-05,0
8788,0.001317657181,8.576024993e-05,0
8789,0.0002737900359,8.576024993e-05,0
8790,0.003745292546,8.576024993e-05,0
8791,0.0004509879218,8.576024993e-05,0
8792,0.001586199272,8.576024993e-05,0
8793,0.0008363426314,8.576024993e-05,0
8794,0.0008829209255,8.576024993e-05,0
8795,0.004378192127,8.576024993e-05,0
8796,0.001559739932,8.576024993e-05,0
8797,0.0009405683959,8.576024993e-05,0
8798,0.0003409167402,8.576024993e-05,0
8799,0.0002115833922,8.662937762e-05,0
8800,0.0007031571004,8.662937762e-05,0
8801,0.001053303014,8.662937762e-05,0
8802,0.0004932589363,8.662937762e-05,0
8803,0.0009400379495,8.662937762e-05,0
8804,0.0006543797208,8.662937762e-05,0
8805,0.0002232933184,8.662937762e-05,0
8806,0.00543826865,8.662937762e-05,0
8807,0.001683062292,8.662937762e-05,0
8808,0.0004282429873,8.662937762e-05,0
8809,0.0002778192575,8.662937762e-05,0
8810,0.0002044163557,8.662937762e-05,0
8811,0.0009392856737,8.662937762e-05,0
8812,0.0003518002341,8.662937762e-05,0
8813,0.0007028871332,8.662937762e-05,0
8814,0.0005389651633,8.662937762e-05,0
8815,0.002564746188,8.662937762e-05,0
8816,0.0006889951183,8.662937762e-05,0
8817,0.002865264425,8.662937762e-05,0
8818,0.0002166483173,8.662937762e-05,0
8819,0.04090203717,8.676465222e-05,1
8820,0.000751363812,8.676465222e-05,0
8821,0.008460699581,8.676465222e-05,1
8822,0.0003997905878,8.676465222e-05,0
8823,0.000457899092,8.676465222e-05,0
8824,0.00305195502,8.676465222e-05,0
8825,0.001970770769,8.676465222e-05,0
8826,0.002526764758,8.676465222e-05,0
8827,0.0009295652271,8.676465222e-05,0
8828,0.0006548642414,8.676465222e-05,0
8829,0.00101015158,8.676465222e-05,0
8830,0.0005504848668,8.676465222e-05,0
8831,0.002934895921,8.676465222e-05,0
8832,0.0001970928424,8.676465222e-05,0
8833,0.0004465331731,8.676465222e-05,0
8834,0.001569655142,8.676465222e-05,0
8835,0.0002628326474,8.676465222e-05,0
8836,0.002424192382,8.676465222e-05,0
8837,0.0006957102451,8.676465222e-05,0
8838,0.0004785462515,8.676465222e-05,0
8839,0.001044369536,8.785212412e-05,0
8840,0.000760338502,8.785212412e-05,0
8841,0.0004028570547,8.785212412e-05,0
8842,0.0002840526286,8.785212412e-05,0
8843,0.0002717503812,8.785212412e-05,0
8844,0.003064910881,8.785212412e-05,0
8845,0.0001323133765,8.785212412e-05,0
8846,0.0002293582365,8.785212412e-05,0
8847,0.0005298323813,8.785212412e-05,0
8848,0.0007036000025,8.785212412e-05,0
8849,0.001548463828,8.785212412e-05,0
8850,0.0007398517337,8.785212412e-05,0
8851,0.00270844507,8.785212412e-05,0
8852,0.001830530353,8.785212412e-05,0
8853,0.0005377270281,8.785212412e-05,0
8854,0.00199708459,8.785212412e-05,0
8855,0.0002383056126,8.785212412e-05,0
8856,0.002912027761,8.785212412e-05,0
8857,0.003820854006,8.785212412e-05,0
8858,0.0002638841688,8.785212412e-05,0
8859,0.0009696573834,8.823900862e-05,0
8860,0.0002256365842,8.823900862e-05,0
8861,0.002866347786,8.823900862e-05,0
8862,0.0004270137579,8.823900862e-05,0
8863,0.0002878998348,8.823900862e-05,0
8864,0.0008491460467,8.823900862e-05,0
8865,0.00209107413,8.823900862e-05,0
8866,0.001155001577,8.823900862e-05,0
8867,0.0007680415292,8.823900862e-05,0
8868,0.0021483663,8.823900862e-05,0
8869,0.0005996250547,8.823900862e-05,0
8870,0.002334695775,8.823900862e-05,0
8871,0.0005894296337,8.823900862e-05,0
8872,0.0002314209123,8.823900862e-05,0
8873,0.002104550833,8.823900862e-05,0
8874,0.0008472662303,8.823900862e-05,0
8875,0.0008601771551,8.823900862e-05,0
8876,0.0009433627711,8.823900862e-05,0
8877,0.007126324344,8.823900862e-05,0
8878,0.00392459007,8.823900862e-05,0
8879,0.0004120850645,8.857488137e-05,0
8880,0.001383383409,8.857488137e-05,0
8881,0.001950598322,8.857488137e-05,0
8882,0.0003361096606,8.857488137e-05,0
8883,0.0002867878648,8.857488137e-05,0
8884,0.005066957325,8.857488137e-05,0
8885,0.0004081710358,8.857488137e-05,0
8886,0.0005233622505,8.857488137e-05,0
8887,0.0006006136537,8.857488137e-05,0
8888,0.0005033314228,8.857488137e-05,0
8889,0.0002860413224,8.857488137e-05,0
8890,0.0002804169781,8.857488137e-05,0
8891,0.0003539300524,8.857488137e-05,0
8892,0.003588192863,8.857488137e-05,0
8893,0.00127015519,8.857488137e-05,0
8894,0.0003516885627,8.857488137e-05,0
8895,0.0006404035375,8.857488137e-05,0
8896,0.002301926957,8.857488137e-05,0
8897,0.0006973699783,8.857488137e-05,0
8898,0.0008574535022,8.857488137e-05,0
8899,0.02059210651,8.899820386e-05,1
8900,0.0002274429717,8.899820386e-05,0
8901,0.0006680219085,8.899820386e-05,0
8902,0.001758236904,8.899820386e-05,0
8903,0.0003936296853,8.899820386e-05,0
8904,0.00153890939,8.899820386e-05,0
8905,0.003370298306,8.899820386e-05,0
8906,0.001093428931,8.899820386e-05,0
8907,0.000658791163,8.899820386e-05,0
8908,0.01495542936,8.899820386e-05,1
8909,0.0003348194587,8.899820386e-05,0
8910,0.0005106556928,8.899820386e-05,0
8911,0.001067361911,8.899820386e-05,0
8912,0.0003964844509,8.899820386e-05,0
8913,0.001424880815,8.899820386e-05,0
8914,0.002197900554,8.899820386e-05,0
8915,0.0002247689117,8.899820386e-05,0
8916,0.0005328010302,8.899820386e-05,0
8917,0.003404210089,8.899820386e-05,0
8918,0.0009047794738,8.899820386e-05,0
8919,0.001876083668,8.880087989e-05,0
8920,0.0006983129424,8.880087989e-05,0
8921,0.000355029013,8.880087989e-05,0
8922,0.0006725852145,8.880087989e-05,0
8923,0.0005200990709,8.880087989e-05,0
8924,0.001770872041,8.880087989e-05,0
8925,0.00041046759,8.880087989e-05,0
8926,0.0006922755274,8.880087989e-05,0
8927,0.0003996974265,8.880087989e-05,0
8928,0.0005527670146,8.880087989e-05,0
8929,0.005913147703,8.880087989e-05,0
8930,0.0004445472732,8.880087989e-05,0
8931,0.0009954299312,8.880087989e-05,0
8932,0.001270157518,8.880087989e-05,0
8933,0.0009790613549,8.880087989e-05,0
8934,0.0002596440318,8.880087989e-05,0
8935,0.03074239381,8.880087989e-05,1
8936,0.0009078335133,8.880087989e-05,0
8937,0.008424213156,8.880087989e-05,1
8938,0.0001574598718,8.880087989e-05,0
8939,0.0004189036554,8.905481809e-05,0
8940,0.0001819999743,8.905481809e-05,0
8941,0.0006966000656,8.905481809e-05,0
8942,0.001141311834,8.905481809e-05,0
8943,0.001727998839,8.905481809e-05,0
8944,0.003344761441,8.905481809e-05,0
8945,0.000493849162,8.905481809e-05,0
8946,0.00186128926,8.905481809e-05,0
8947,0.0005008735461,8.905481809e-05,0
8948,0.003644502955,8.905481809e-05,0
8949,0.001159765641,8.905481809e-05,0
8950,0.002102660481,8.905481809e-05,0
8951,0.0003016297705,8.905481809e-05,0
8952,0.0003343366843,8.905481809e-05,0
8953,0.0006582997157,8.905481809e-05,0
8954,0.001069731894,8.905481809e-05,0
8955,0.00355159305,8.905481809e-05,0
8956,0.0002416467905,8.905481809e-05,0
8957,0.0003281508107,8.905481809e-05,0
8958,0.0005813624011,8.905481809e-05,0
8959,0.001362352283,9.021418373e-05,0
8960,0.0003256867349,9.021418373e-05,0
8961,0.001770762494,9.021418373e-05,0
8962,0.0003170901909,9.021418373e-05,0
8963,0.0004325799237,9.021418373e-05,0
8964,0.0003238229838,9.021418373e-05,0
8965,0.002191123785,9.021418373e-05,0
8966,0.01066204533,9.021418373e-05,1
8967,0.00100271299,9.021418373e-05,0
8968,0.001428858493,9.021418373e-05,0
8969,0.002409104258,9.021418373e-05,0
8970,0.001930847648,9.021418373e-05,0
8971,0.001676880638,9.021418373e-05,0
8972,0.0004758002178,9.021418373e-05,0
8973,0.0004635335354,9.021418373e-05,0
8974,0.001342623378,9.021418373e-05,0
8975,0.0005922096316,9.021418373e-05,0
8976,0.001168033457,9.021418373e-05,0
8977,0.0005593938986,9.021418373e-05,0
8978,0.001585316495,9.021418373e-05,0
8979,0.0006037030835,9.069348744e-05,0
8980,0.0008689558599,9.069348744e-05,0
8981,0.001048580511,9.069348744e-05,0
8982,0.002522997791,9.069348744e-05,0
8983,0.0001876527822,9.069348744e-05,0
8984,0.0005917337839,9.069348744e-05,0
8985,0.001875954214,9.069348744e-05,0
8986,0.0005219231825,9.069348744e-05,0
8987,0.003094292479,9.069348744e-05,0
8988,0.001092216931,9.069348744e-05,0
8989,0.00106458005,9.069348744e-05,0
8990,0.004419591278,9.069348744e-05,0
8991,0.0003801380517,9.069348744e-05,0
8992,0.001086478354,9.069348744e-05,0
8993,0.000623594271,9.069348744e-05,0
8994,0.0005454091006,9.069348744e-05,0
8995,0.0004066895926,9.069348744e-05,0
8996,0.0005857660435,9.069348744e-05,0
8997,0.0007828755188,9.069348744e-05,0
8998,0.0007944166427,9.069348744e-05,0
8999,0.0008509735926,9.065000631e-05,0
9000,0.0008943600697,9.065000631e-05,0
9001,0.001043656841,9.065000631e-05,0
9002,0.01711198129,9.065000631e-05,1
9003,0.001880673459,9.065000631e-05,0
9004,0.0006111579714,9.065000631e-05,0
9005,0.0006632369477,9.065000631e-05,0
9006,0.001913693617,9.065000631e-05,0
9007,0.001869170112,9.065000631e-05,0
9008,0.00459235115,9.065000631e-05,0
9009,0.001716438797,9.065000631e-05,0
9010,0.0003636642359,9.065000631e-05,0
9011,0.001792935189,9.065000631e-05,0
9012,0.0007590416935,9.065000631e-05,0
9013,0.0009915350238,9.065000631e-05,0
9014,0.0002195723646,9.065000631e-05,0
9015,0.001906243386,9.065000631e-05,0
9016,0.0008860765374,9.065000631e-05,0
9017,0.0003307948646,9.065000631e-05,0
9018,0.001097028842,9.065000631e-05,0
9019,0.0004501077929,9.121504263e-05,0
9020,0.0005182673922,9.121504263e-05,0
9021,0.0005380462389,9.121504263e-05,0
9022,0.0002785340184,9.121504263e-05,0
9023,0.002429842018,9.121504263e-05,0
9024,0.0008277295274,9.121504263e-05,0
9025,0.0003854976094,9.121504263e-05,0
9026,0.0009563935455,9.121504263e-05,0
9027,0.0001953736355,9.121504263e-05,0
9028,0.0003833756491,9.121504263e-05,0
9029,0.0003884748439,9.121504263e-05,0
9030,0.002066208981,9.121504263e-05,0
9031,0.001044206554,9.121504263e-05,0
9032,0.0002957110701,9.121504263e-05,0
9033,0.0006339038373,9.121504263e-05,0
9034,0.001831615344,9.121504263e-05,0
9035,0.006096123718,9.121504263e-05,0
9036,0.002929309383,9.121504263e-05,0
9037,0.0009212883306,9.121504263e-05,0
9038,0.0008946817252,9.121504263e-05,0
9039,0.001783202868,9.144441719e-05,0
9040,0.000290651049,9.144441719e-05,0
9041,0.000344350643,9.144441719e-05,0
9042,0.001022979035,9.144441719e-05,0
9043,0.000393281196,9.144441719e-05,0
9044,0.000353157724,9.144441719e-05,0
9045,0.0112280678,9.144441719e-05,1
9046,0.0007902985089,9.144441719e-05,0
9047,0.0003030666558,9.144441719e-05,0
9048,0.0007299385034,9.144441719e-05,0
9049,0.0003973485436,9.144441719e-05,0
9050,0.001272460679,9.144441719e-05,0
9051,0.0004347703943,9.144441719e-05,0
9052,0.0004805887002,9.144441719e-05,0
9053,0.001118182787,9.144441719e-05,0
9054,0.0004610287142,9.144441719e-05,0
9055,0.002431647852,9.144441719e-05,0
9056,0.0003732729529,9.144441719e-05,0
9057,0.002508124569,9.144441719e-05,0
9058,0.001286249142,9.144441719e-05,0
9059,0.001419506385,9.19939921e-05,0
9060,0.0004351770913,9.19939921e-05,0
9061,0.0009444823954,9.19939921e-05,0
9062,0.000287818606,9.19939921e-05,0
9063,0.002295314102,9.19939921e-05,0
9064,0.0007621657569,9.19939921e-05,0
9065,0.00074924418,9.19939921e-05,0
9066,0.001284623169,9.19939921e-05,0
9067,0.0006205966929,9.19939921e-05,0
9068,0.0005085145822,9.19939921e-05,0
9069,0.0001338966395,9.19939921e-05,0
9070,0.01229630224,9.19939921e-05,1
9071,0.0003841675352,9.19939921e-05,0
9072,0.002906525508,9.19939921e-05,0
9073,0.0003100952308,9.19939921e-05,0
9074,0.002970881527,9.19939921e-05,0
9075,0.000763343065,9.19939921e-05,0
9076,0.0002565425821,9.19939921e-05,0
9077,0.002800508868,9.19939921e-05,0
9078,0.0006717565702,9.19939921e-05,0
9079,0.0008383048698,9.248501738e-05,0
9080,0.001418687985,9.248501738e-05,0
9081,0.002604507376,9.248501738e-05,0
9082,0.0008118872647,9.248501738e-05,0
9083,0.002135583898,9.248501738e-05,0
9084,0.002133192495,9.248501738e-05,0
9085,0.001412471873,9.248501738e-05,0
9086,0.0002413637994,9.248501738e-05,0
9087,0.0001272108639,9.248501738e-05,0
9088,0.001400414039,9.248501738e-05,0
9089,0.0002469961764,9.248501738e-05,0
9090,0.00305504608,9.248501738e-05,0
9091,0.0006408994668,9.248501738e-05,0
9092,0.001209769165,9.248501738e-05,0
9093,0.0024803204,9.248501738e-05,0
9094,0.0005523147411,9.248501738e-05,0
9095,0.006139211357,9.248501738e-05,0
9096,0.001615858753,9.248501738e-05,0
9097,0.0002667744702,9.248501738e-05,0
9098,0.0009365571896,9.248501738e-05,0
9099,0.0002713942085,9.253218741e-05,0
9100,0.008811239153,9.253218741e-05,1
9101,0.003192614997,9.253218741e-05,0
9102,0.01092176791,9.253218741e-05,1
9103,0.0026840684,9.253218741e-05,0
9104,0.0005770482239,9.253218741e-05,0
9105,0.0004790904059,9.253218741e-05,0
9106,0.0003242621606,9.253218741e-05,0
9107,0.007059480995,9.253218741e-05,0
9108,0.0007480703061,9.253218741e-05,0
9109,0.001116087777,9.253218741e-05,0
9110,0.0002674529969,9.253218741e-05,0
9111,0.001426916919,9.253218741e-05,0
9112,0.0006572224665,9.253218741e-05,0
9113,0.0004267818294,9.253218741e-05,0
9114,0.0006043630419,9.253218741e-05,0
9115,0.0001677241235,9.253218741e-05,0
9116,0.0005286140367,9.253218741e-05,0
9117,0.000555392995,9.253218741e-05,0
9118,0.0005704439827,9.253218741e-05,0
9119,0.00103108061,9.305823914e-05,0
9120,0.00537908636,9.305823914e-05,0
9121,0.001874800306,9.305823914e-05,0
9122,0.004522250034,9.305823914e-05,0
9123,0.0003553685965,9.305823914e-05,0
9124,0.0005028443411,9.305823914e-05,0
9125,0.0004963282845,9.305823914e-05,0
9126,0.0001309793442,9.305823914e-05,0
9127,0.0003737391671,9.305823914e-05,0
9128,0.001825487823,9.305823914e-05,0
9129,0.001786991023,9.305823914e-05,0
9130,0.003342187032,9.305823914e-05,0
9131,0.0009263077518,9.305823914e-05,0
9132,0.0002869066375,9.305823914e-05,0
9133,0.003983048256,9.305823914e-05,0
9134,0.001123879803,9.305823914e-05,0
9135,0.0009756480576,9.305823914e-05,0
9136,0.0003581261262,9.305823914e-05,0
9137,0.0001459108462,9.305823914e-05,0
9138,0.001421845751,9.305823914e-05,0
9139,0.0004114100884,9.336014045e-05,0
9140,0.002494753804,9.336014045e-05,0
9141,0.001723415917,9.336014045e-05,0
9142,0.003522942076,9.336014045e-05,0
9143,0.0005486570881,9.336014045e-05,0
9144,0.0004282738664,9.336014045e-05,0
9145,0.001025836915,9.336014045e-05,0
9146,0.001534455223,9.336014045e-05,0
9147,0.001879424206,9.336014045e-05,0
9148,0.0002766447142,9.336014045e-05,0
9149,0.003606689861,9.336014045e-05,0
9150,0.0002843556285,9.336014045e-05,0
9151,0.0007430493133,9.336014045e-05,0
9152,0.0003996980668,9.336014045e-05,0
9153,0.00135542301,9.336014045e-05,0
9154,0.001132384175,9.336014045e-05,0
9155,0.00373514276,9.336014045e-05,0
9156,0.003413023427,9.336014045e-05,0
9157,0.0009731092723,9.336014045e-05,0
9158,0.000233870509,9.336014045e-05,0
9159,0.00158943166,9.38169469e-05,0
9160,0.0005425454001,9.38169469e-05,0
9161,0.0006005720352,9.38169469e-05,0
9162,0.0004926919937,9.38169469e-05,0
9163,0.0006251027808,9.38169469e-05,0
9164,0.0003917539143,9.38169469e-05,0
9165,0.0008725141524,9.38169469e-05,0
9166,0.0006683597458,9.38169469e-05,0
9167,0.0002404071565,9.38169469e-05,0
9168,0.0006953798002,9.38169469e-05,0
9169,0.001463127322,9.38169469e-05,0
9170,0.000765642093,9.38169469e-05,0
9171,0.0003765440197,9.38169469e-05,0
9172,0.0005484019639,9.38169469e-05,0
9173,0.00114379148,9.38169469e-05,0
9174,0.0004871402052,9.38169469e-05,0
9175,0.000874846417,9.38169469e-05,0
9176,0.0003275198105,9.38169469e-05,0
9177,0.0003569369437,9.38169469e-05,0
9178,0.0001256897085,9.38169469e-05,0
9179,0.0002045472793,9.363960999e-05,0
9180,0.001514495118,9.363960999e-05,0
9181,0.0004106496635,9.363960999e-05,0
9182,0.001564642531,9.363960999e-05,0
9183,0.0003006831685,9.363960999e-05,0
9184,0.001334714936,9.363960999e-05,0
9185,0.0007194071077,9.363960999e-05,0
9186,0.005403635092,9.363960999e-05,0
9187,0.00592945423,9.363960999e-05,0
9188,9.774489445e-05,9.363960999e-05,0
9189,0.001357824192,9.363960999e-05,0
9190,0.001246080035,9.363960999e-05,0
9191,0.001159202657,9.363960999e-05,0
9192,0.001376059023,9.363960999e-05,0
9193,0.001061355695,9.363960999e-05,0
9194,0.001330548897,9.363960999e-05,0
9195,0.0004032829602,9.363960999e-05,0
9196,0.0002806930279,9.363960999e-05,0
9197,0.0005669399397,9.363960999e-05,0
9198,0.000314217119,9.363960999e-05,0
9199,0.000712711364,9.425852477e-05,0
9200,0.000769353006,9.425852477e-05,0
9201,0.0015967621,9.425852477e-05,0
9202,0.0009694643086,9.425852477e-05,0
9203,0.000225173615,9.425852477e-05,0
9204,0.0006708260626,9.425852477e-05,0
9205,0.0003081806062,9.425852477e-05,0
9206,0.0007494966267,9.425852477e-05,0
9207,0.0007332734531,9.425852477e-05,0
9208,0.001746926573,9.425852477e-05,0
9209,0.002229559701,9.425852477e-05,0
9210,0.0007375986897,9.425852477e-05,0
9211,0.0004562443355,9.425852477e-05,0
9212,0.001500986284,9.425852477e-05,0
9213,0.001781101106,9.425852477e-05,0
9214,0.0005279042525,9.425852477e-05,0
9215,0.0005130908103,9.425852477e-05,0
9216,0.001023837482,9.425852477e-05,0
9217,0.002122399863,9.425852477e-05,0
9218,0.001804056927,9.425852477e-05,0
9219,0.00065622275,9.40640457e-05,0
9220,0.001310998108,9.40640457e-05,0
9221,0.0003458470746,9.40640457e-05,0
9222,0.0007672262145,9.40640457e-05,0
9223,0.001439302694,9.40640457e-05,0
9224,0.0008522142307,9.40640457e-05,0
9225,0.0002222031035,9.40640457e-05,0
9226,0.003046158003,9.40640457e-05,0
9227,0.00293106772,9.40640457e-05,0
9228,0.002532794606,9.40640457e-05,0
9229,0.001414221246,9.40640457e-05,0
9230,0.0009005498723,9.40640457e-05,0
9231,0.002098735655,9.40640457e-05,0
9232,0.002910155803,9.40640457e-05,0
9233,0.003974395804,9.40640457e-05,0
9234,0.002245982643,9.40640457e-05,0
9235,0.001319022616,9.40640457e-05,0
9236,0.0002724319056,9.40640457e-05,0
9237,0.0005129917408,9.40640457e-05,0
9238,0.001266422914,9.40640457e-05,0
9239,0.001114358078,9.430165665e-05,0
9240,0.006903319154,9.430165665e-05,0
9241,0.0004865531519,9.430165665e-05,0
9242,0.0008238490555,9.430165665e-05,0
9243,0.0008750048582,9.430165665e-05,0
9244,0.000227134602,9.430165665e-05,0
9245,0.0004122649552,9.430165665e-05,0
9246,0.00135498133,9.430165665e-05,0
9247,0.0007529667928,9.430165665e-05,0
9248,0.002145963022,9.430165665e-05,0
9249,0.0007594304625,9.430165665e-05,0
9250,0.0006635732716,9.430165665e-05,0
9251,0.002815191867,9.430165665e-05,0
9252,0.0009434485692,9.430165665e-05,0
9253,0.001298577641,9.430165665e-05,0
9254,0.003175458405,9.430165665e-05,0
9255,0.0009663696401,9.430165665e-05,0
9256,0.0008426772547,9.430165665e-05,0
9257,0.02291490883,9.430165665e-05,1
9258,0.006245523226,9.430165665e-05,0
9259,0.001026605256,9.495653649e-05,0
9260,0.007013813592,9.495653649e-05,0
9261,0.0004313039535,9.495653649e-05,0
9262,0.0006988855894,9.495653649e-05,0
9263,0.0007275909302,9.495653649e-05,0
9264,0.0003782555868,9.495653649e-05,0
9265,0.0005550751812,9.495653649e-05,0
9266,0.004060638137,9.495653649e-05,0
9267,0.0005299543263,9.495653649e-05,0
9268,0.0003078902955,9.495653649e-05,0
9269,0.0005699025933,9.495653649e-05,0
9270,0.0004490941355,9.495653649e-05,0
9271,0.0006117156008,9.495653649e-05,0
9272,0.0001569056476,9.495653649e-05,0
9273,0.01407191623,9.495653649e-05,1
9274,0.0005440118257,9.495653649e-05,0
9275,0.0130239008,9.495653649e-05,1
9276,0.0006445979816,9.495653649e-05,0
9277,0.001307331258,9.495653649e-05,0
9278,0.0009318002267,9.495653649e-05,0
9279,0.001875093207,9.550130198e-05,0
9280,0.003145778086,9.550130198e-05,0
9281,0.005326558836,9.550130198e-05,0
9282,0.001851963112,9.550130198e-05,0
9283,0.0003394646046,9.550130198e-05,0
9284,0.0007325093029,9.550130198e-05,0
9285,0.0004065036192,9.550130198e-05,0
9286,0.0005117495894,9.550130198e-05,0
9287,0.001146812458,9.550130198e-05,0
9288,0.002618807834,9.550130198e-05,0
9289,0.001412512036,9.550130198e-05,0
9290,0.0005995434476,9.550130198e-05,0
9291,0.0005115873646,9.550130198e-05,0
9292,0.001578371157,9.550130198e-05,0
9293,0.001382338349,9.550130198e-05,0
9294,0.0006812418578,9.550130198e-05,0
9295,0.004752601963,9.550130198e-05,0
9296,0.0003899112344,9.550130198e-05,0
9297,0.0003663928655,9.550130198e-05,0
9298,0.002034590114,9.550130198e-05,0
9299,0.0002610516094,9.607764514e-05,0
9300,0.004055193625,9.607764514e-05,0
9301,0.001357560628,9.607764514e-05,0
9302,0.0004814505228,9.607764514e-05,0
9303,0.001525124651,9.607764514e-05,0
9304,0.001256084652,9.607764514e-05,0
9305,0.004321360961,9.607764514e-05,0
9306,0.01436703559,9.607764514e-05,1
9307,0.0007725145551,9.607764514e-05,0
9308,0.001293590409,9.607764514e-05,0
9309,0.000283206813,9.607764514e-05,0
9310,0.0007666465244,9.607764514e-05,0
9311,0.001018348616,9.607764514e-05,0
9312,0.0003451443627,9.607764514e-05,0
9313,0.001711367746,9.607764514e-05,0
9314,0.003482265864,9.607764514e-05,0
9315,0.002755054971,9.607764514e-05,0
9316,0.0009317558724,9.607764514e-05,0
9317,0.0008123064181,9.607764514e-05,0
9318,0.0002583986206,9.607764514e-05,0
9319,0.0004554421466,9.567653615e-05,0
9320,0.0004525924742,9.567653615e-05,0
9321,0.001620231778,9.567653615e-05,0
9322,0.001317943912,9.567653615e-05,0
9323,0.002456647577,9.567653615e-05,0
9324,0.000579011743,9.567653615e-05,0
9325,0.0003301389515,9.567653615e-05,0
9326,0.002020981628,9.567653615e-05,0
9327,0.0002015958453,9.567653615e-05,0
9328,0.0005783695378,9.567653615e-05,0
9329,0.0007021234487,9.567653615e-05,0
9330,0.0009825810557,9.567653615e-05,0
9331,0.002488422208,9.567653615e-05,0
9332,0.002471447457,9.567653615e-05,0
9333,0.0005450222525,9.567653615e-05,0
9334,0.0007393505657,9.567653615e-05,0
9335,0.0006204174133,9.567653615e-05,0
9336,0.002027346985,9.567653615e-05,0
9337,0.0006823688163,9.567653615e-05,0
9338,0.0008064820431,9.567653615e-05,0
9339,0.002257633721,9.635197057e-05,0
9340,0.0006103417836,9.635197057e-05,0
9341,0.002935027704,9.635197057e-05,0
9342,0.0008201672463,9.635197057e-05,0
9343,0.0006569766556,9.635197057e-05,0
9344,0.0005194725818,9.635197057e-05,0
9345,0.0002337696351,9.635197057e-05,0
9346,0.0006017779815,9.635197057e-05,0
9347,0.005948933307,9.635197057e-05,0
9348,0.001239577425,9.635197057e-05,0
9349,0.0007865479565,9.635197057e-05,0
9350,0.000396985648,9.635197057e-05,0
9351,0.0007892396534,9.635197057e-05,0
9352,0.000776177505,9.635197057e-05,0
9353,0.000663073326,9.635197057e-05,0
9354,0.0008422839455,9.635197057e-05,0
9355,0.0005174610997,9.635197057e-05,0
9356,0.0005410133745,9.635197057e-05,0
9357,0.0002993353119,9.635197057e-05,0
9358,0.001671478036,9.635197057e-05,0
9359,0.0005291549023,9.637649055e-05,0
9360,0.0008019210654,9.637649055e-05,0
9361,0.0001251801586,9.637649055e-05,0
9362,0.00339809712,9.637649055e-05,0
9363,0.003442082321,9.637649055e-05,0
9364,0.001215926721,9.637649055e-05,0
9365,0.001236733515,9.637649055e-05,0
9366,0.001108651399,9.637649055e-05,0
9367,0.0005185183254,9.637649055e-05,0
9368,0.0003782810236,9.637649055e-05,0
9369,0.001573456917,9.637649055e-05,0
9370,0.000420735596,9.637649055e-05,0
9371,0.002734279493,9.637649055e-05,0
9372,0.0001582098193,9.637649055e-05,0
9373,0.00104353379,9.637649055e-05,0
9374,0.002078622812,9.637649055e-05,0
9375,0.004965980537,9.637649055e-05,0
9376,0.0002713385911,9.637649055e-05,0
9377,0.001460949192,9.637649055e-05,0
9378,0.0005890968605,9.637649055e-05,0
9379,0.0007985576522,9.639131167e-05,0
9380,0.0005736898747,9.639131167e-05,0
9381,0.00143599743,9.639131167e-05,0
9382,0.002787784208,9.639131167e-05,0
9383,0.003273576964,9.639131167e-05,0
9384,0.000200251874,9.639131167e-05,0
9385,0.0009267147398,9.639131167e-05,0
9386,0.001082921051,9.639131167e-05,0
9387,0.001150210039,9.639131167e-05,0
9388,0.0003256427008,9.639131167e-05,0
9389,0.0006537119043,9.639131167e-05,0
9390,0.0005149844801,9.639131167e-05,0
9391,0.001928299898,9.639131167e-05,0
9392,0.0007709099445,9.639131167e-05,0
9393,0.0006442626473,9.639131167e-05,0
9394,0.002424377715,9.639131167e-05,0
9395,0.002128777094,9.639131167e-05,0
9396,0.0001035404712,9.639131167e-05,0
9397,0.0003323082638,9.639131167e-05,0
9398,0.004770311993,9.639131167e-05,0
9399,0.001908685314,9.682242671e-05,0
9400,0.00190258678,9.682242671e-05,0
9401,0.0009744705749,9.682242671e-05,0
9402,0.0005915414658,9.682242671e-05,0
9403,0.0003283506085,9.682242671e-05,0
9404,0.0005559363053,9.682242671e-05,0
9405,0.0003229351132,9.682242671e-05,0
9406,0.0001762038446,9.682242671e-05,0
9407,0.007465546951,9.682242671e-05,1
9408,0.0009757783846,9.682242671e-05,0
9409,0.0004390185059,9.682242671e-05,0
9410,0.001673968276,9.682242671e-05,0
9411,0.0004803852062,9.682242671e-05,0
9412,0.001227902132,9.682242671e-05,0
9413,0.001076311921,9.682242671e-05,0
9414,0.001487319591,9.682242671e-05,0
9415,0.0002581862791,9.682242671e-05,0
9416,0.001446721028,9.682242671e-05,0
9417,0.001529314788,9.682242671e-05,0
9418,0.0006645035464,9.682242671e-05,0
9419,0.0004362976761,9.761805268e-05,0
9420,0.001321748248,9.761805268e-05,0
9421,0.000519636611,9.761805268e-05,0
9422,0.0008151209913,9.761805268e-05,0
9423,0.00287218485,9.761805268e-05,0
9424,0.0002208850638,9.761805268e-05,0
9425,0.0003140745393,9.761805268e-05,0
9426,0.003482722677,9.761805268e-05,0
9427,0.001845741994,9.761805268e-05,0
9428,0.0002373589232,9.761805268e-05,0
9429,0.001180843683,9.761805268e-05,0
9430,0.0008925674483,9.761805268e-05,0
9431,0.002172996523,9.761805268e-05,0
9432,0.0006272320752,9.761805268e-05,0
9433,0.004674816504,9.761805268e-05,0
9434,0.008023263887,9.761805268e-05,1
9435,0.001153403777,9.761805268e-05,0
9436,0.0004552349274,9.761805268e-05,0
9437,0.001291874098,9.761805268e-05,0
9438,0.0007603035774,9.761805268e-05,0
9439,0.002063283231,9.707375284e-05,0
9440,0.0006062136381,9.707375284e-05,0
9441,0.001006705454,9.707375284e-05,0
9442,0.001077811699,9.707375284e-05,0
9443,0.0003478721774,9.707375284e-05,0
9444,0.0006894260878,9.707375284e-05,0
9445,0.0010364888,9.707375284e-05,0
9446,0.0006820963463,9.707375284e-05,0
9447,0.002726852894,9.707375284e-05,0
9448,0.0005213971017,9.707375284e-05,0
9449,0.0003757916274,9.707375284e-05,0
9450,0.001326589379,9.707375284e-05,0
9451,0.000807649747,9.707375284e-05,0
9452,0.0005669684615,9.707375284e-05,0
9453,0.0003773475473,9.707375284e-05,0
9454,0.0008822168456,9.707375284e-05,0
9455,0.002402443672,9.707375284e-05,0
9456,0.0009353802889,9.707375284e-05,0
9457,0.001357719768,9.707375284e-05,0
9458,0.0004432889691,9.707375284e-05,0
9459,0.000157876726,9.756549116e-05,0
9460,0.001475176308,9.756549116e-05,0
9461,0.0007342030294,9.756549116e-05,0
9462,0.0009132432169,9.756549116e-05,0
9463,0.0003393145744,9.756549116e-05,0
9464,0.0006334499922,9.756549116e-05,0
9465,0.00151774718,9.756549116e-05,0
9466,0.001869127853,9.756549116e-05,0
9467,0.001769187977,9.756549116e-05,0
9468,0.001019585063,9.756549116e-05,0
9469,0.0003124754876,9.756549116e-05,0
9470,0.0007483887603,9.756549116e-05,0
9471,0.002102029743,9.756549116e-05,0
9472,0.0002062109852,9.756549116e-05,0
9473,0.003076790599,9.756549116e-05,0
9474,0.003774189157,9.756549116e-05,0
9475,9.55637588e-05,9.756549116e-05,0
9476,0.0009632914444,9.756549116e-05,0
9477,0.001558417338,9.756549116e-05,0
9478,0.003684451105,9.756549116e-05,0
9479,0.0005236274446,9.757128282e-05,0
9480,0.001027208287,9.757128282e-05,0
9481,0.0003189082199,9.757128282e-05,0
9482,0.001182318665,9.757128282e-05,0
9483,0.0001280484721,9.757128282e-05,0
9484,0.0003128246171,9.757128282e-05,0
9485,0.001157842111,9.757128282e-05,0
9486,0.001514887088,9.757128282e-05,0
9487,0.0002135444956,9.757128282e-05,0
9488,0.0003724115086,9.757128282e-05,0
9489,0.0003135904553,9.757128282e-05,0
9490,0.0005207529757,9.757128282e-05,0
9491,0.001272164285,9.757128282e-05,0
9492,0.005407976918,9.757128282e-05,0
9493,0.002356870798,9.757128282e-05,0
9494,0.001722418703,9.757128282e-05,0
9495,0.0005559386918,9.757128282e-05,0
9496,0.008119594306,9.757128282e-05,1
9497,0.001106565935,9.757128282e-05,0
9498,0.0001889051346,9.757128282e-05,0
9499,0.002254727297,9.89936525e-05,0
9500,0.0005154121318,9.89936525e-05,0
9501,0.0001909635757,9.89936525e-05,0
9502,0.000233498984,9.89936525e-05,0
9503,0.0006531935651,9.89936525e-05,0
9504,0.003783804597,9.89936525e-05,0
9505,0.001444394933,9.89936525e-05,0
9506,0.000767755846,9.89936525e-05,0
9507,0.002684218343,9.89936525e-05,0
9508,0.001187194837,9.89936525e-05,0
9509,0.00298390328,9.89936525e-05,0
9510,0.001113284961,9.89936525e-05,0
9511,0.001128836535,9.89936525e-05,0
9512,0.0003370262857,9.89936525e-05,0
9513,0.001297017909,9.89936525e-05,0
9514,0.0003402720322,9.89936525e-05,0
9515,0.000307264505,9.89936525e-05,0
9516,0.001087242272,9.89936525e-05,0
9517,0.003092123196,9.89936525e-05,0
9518,0.0001746624766,9.89936525e-05,0
9519,0.0002721137425,9.923348989e-05,0
9520,0.0005560801947,9.923348989e-05,0
9521,0.000601246662,9.923348989e-05,0
9522,0.0009623779915,9.923348989e-05,0
9523,0.0003479870211,9.923348989e-05,0
9524,0.001206482528,9.923348989e-05,0
9525,0.003265565028,9.923348989e-05,0
9526,0.0009605151718,9.923348989e-05,0
9527,0.00162483356,9.923348989e-05,0
9528,0.002794403117,9.923348989e-05,0
9529,0.0008957795217,9.923348989e-05,0
9530,0.0007474657614,9.923348989e-05,0
9531,0.0006788877072,9.923348989e-05,0
9532,0.001839402132,9.923348989e-05,0
9533,0.0004246549797,9.923348989e-05,0
9534,0.0009002800798,9.923348989e-05,0
9535,0.001575228642,9.923348989e-05,0
9536,0.001714947517,9.923348989e-05,0
9537,0.0008879508823,9.923348989e-05,0
9538,0.001362341456,9.923348989e-05,0
9539,0.0005358798662,9.972028056e-05,0
9540,0.001182845794,9.972028056e-05,0
9541,0.001523172949,9.972028056e-05,0
9542,0.0003908888029,9.972028056e-05,0
9543,0.00112830475,9.972028056e-05,0
9544,0.0006123397034,9.972028056e-05,0
9545,0.0004673543153,9.972028056e-05,0
9546,0.0002874827187,9.972028056e-05,0
9547,0.0009466917836,9.972028056e-05,0
9548,0.004619965795,9.972028056e-05,0
9549,0.000279954198,9.972028056e-05,0
9550,0.002538663335,9.972028056e-05,0
9551,0.001216864679,9.972028056e-05,0
9552,0.0009896171978,9.972028056e-05,0
9553,0.0005814931355,9.972028056e-05,0
9554,0.0002124978928,9.972028056e-05,0
9555,0.0005088589387,9.972028056e-05,0
9556,0.00181033113,9.972028056e-05,0
9557,0.000671508722,9.972028056e-05,0
9558,0.0004709837958,9.972028056e-05,0
9559,0.002447326668,0.0001003637444,0
9560,0.0007353413384,0.0001003637444,0
9561,0.0002201154275,0.0001003637444,0
9562,0.0006997896708,0.0001003637444,0
9563,0.001655205037,0.0001003637444,0
9564,0.000576858758,0.0001003637444,0
9565,0.00256786542,0.0001003637444,0
9566,0.0004281248257,0.0001003637444,0
9567,0.0004543271789,0.0001003637444,0
9568,0.001025652513,0.0001003637444,0
9569,0.002935671015,0.0001003637444,0
9570,0.0006022479502,0.0001003637444,0
9571,0.002158322139,0.0001003637444,0
9572,0.0007947739796,0.0001003637444,0
9573,0.0009432096849,0.0001003637444,0
9574,0.001622304204,0.0001003637444,0
9575,0.0005796065088,0.0001003637444,0
9576,0.0003815875971,0.0001003637444,0
9577,0.001014414243,0.0001003637444,0
9578,0.001349949045,0.0001003637444,0
9579,0.00308810384,0.0001005535887,0
9580,0.001530863345,0.0001005535887,0
9581,0.000140945398,0.0001005535887,0
9582,0.001912019798,0.0001005535887,0
9583,0.0007109342259,0.0001005535887,0
9584,0.0003204043314,0.0001005535887,0
9585,0.001516025746,0.0001005535887,0
9586,0.001263543614,0.0001005535887,0
9587,0.0005762397195,0.0001005535887,0
9588,0.0009693465545,0.0001005535887,0
9589,0.002736401977,0.0001005535887,0
9590,0.001349489088,0.0001005535887,0
9591,0.0005099921254,0.0001005535887,0
9592,0.001852750429,0.0001005535887,0
9593,0.0002262251655,0.0001005535887,0
9594,0.001156108454,0.0001005535887,0
9595,0.0015731639,0.0001005535887,0
9596,0.0002645651402,0.0001005535887,0
9597,0.0006698715733,0.0001005535887,0
9598,0.0002785301476,0.0001005535887,0
9599,0.0005943026044,0.0001011520653,0
9600,0.001983522438,0.0001011520653,0
9601,0.0005700026522,0.0001011520653,0
9602,0.000276271021,0.0001011520653,0
9603,0.002459162613,0.0001011520653,0
9604,0.001393440296,0.0001011520653,0
9605,0.0009114169516,0.0001011520653,0
9606,0.001101498608,0.0001011520653,0
9607,0.0004790494277,0.0001011520653,0
9608,0.0005604694597,0.0001011520653,0
9609,0.0009573038551,0.0001011520653,0
9610,0.002686689142,0.0001011520653,0
9611,0.0288360808,0.0001011520653,1
9612,0.0005735876039,0.0001011520653,0
9613,0.0004905681126,0.0001011520653,0
9614,0.0003337939561,0.0001011520653,0
9615,0.0005618915893,0.0001011520653,0
9616,0.002153476235,0.0001011520653,0
9617,0.0002598653664,0.0001011520653,0
9618,0.001729606534,0.0001011520653,0
9619,0.00130375661,0.0001018498151,0
9620,0.001204593456,0.0001018498151,0
9621,0.001042598044,0.0001018498151,0
9622,0.0007396898582,0.0001018498151,0
9623,0.0009791741613,0.0001018498151,0
9624,0.0002311579883,0.0001018498151,0
9625,0.002707287436,0.0001018498151,0
9626,0.0009049343062,0.0001018498151,0
9627,0.00108210498,0.0001018498151,0
9628,0.0004778120201,0.0001018498151,0
9629,0.0001755659614,0.0001018498151,0
9630,0.0007410937687,0.0001018498151,0
9631,0.0004890815471,0.0001018498151,0
9632,0.0005516309757,0.0001018498151,0
9633,0.001319029601,0.0001018498151,0
9634,0.0007135117776,0.0001018498151,0
9635,0.001103108283,0.0001018498151,0
9636,0.0007474963786,0.0001018498151,0
9637,0.000917281548,0.0001018498151,0
9638,0.0003044329642,0.0001018498151,0
9639,0.000471735344,0.0001019873889,0
9640,0.001325664925,0.0001019873889,0
9641,0.001632055617,0.0001019873889,0
9642,0.0007143627736,0.0001019873889,0
9643,0.004330480471,0.0001019873889,0
9644,0.0003974758729,0.0001019873889,0
9645,0.0005486251903,0.0001019873889,0
9646,0.00060896785,0.0001019873889,0
9647,0.000769014121,0.0001019873889,0
9648,0.0009860605933,0.0001019873889,0
9649,0.001496240729,0.0001019873889,0
9650,0.001692217076,0.0001019873889,0
9651,0.0005208275979,0.0001019873889,0
9652,0.001114318497,0.0001019873889,0
9653,0.0005441923859,0.0001019873889,0
9654,0.002029797761,0.0001019873889,0
9655,0.001123405294,0.0001019873889,0
9656,0.0003845037718,0.0001019873889,0
9657,0.0002297803585,0.0001019873889,0
9658,0.0006000502035,0.0001019873889,0
9659,0.0004518559144,0.0001022037832,0
9660,0.0003328884486,0.0001022037832,0
9661,0.001938134315,0.0001022037832,0
9662,0.003997734748,0.0001022037832,0
9663,0.0003785905137,0.0001022037832,0
9664,0.0004094344622,0.0001022037832,0
9665,0.0004187268205,0.0001022037832,0
9666,0.001473206677,0.0001022037832,0
9667,0.0003997871245,0.0001022037832,0
9668,0.0005117371329,0.0001022037832,0
9669,0.001999248983,0.0001022037832,0
9670,0.001275332528,0.0001022037832,0
9671,0.0001504390675,0.0001022037832,0
9672,0.001148413518,0.0001022037832,0
9673,0.0005284567014,0.0001022037832,0
9674,0.0001312489767,0.0001022037832,0
9675,0.001161621418,0.0001022037832,0
9676,0.0004232804349,0.0001022037832,0
9677,0.0003534213174,0.0001022037832,0
9678,0.001308367238,0.0001022037832,0
9679,0.0007373656845,0.0001022213837,0
9680,0.0007436164888,0.0001022213837,0
9681,0.001252381247,0.0001022213837,0
9682,0.001050398219,0.0001022213837,0
9683,0.0006253435859,0.0001022213837,0
9684,0.0005498200771,0.0001022213837,0
9685,0.002359536942,0.0001022213837,0
9686,0.0001141597822,0.0001022213837,0
9687,0.0008808785933,0.0001022213837,0
9688,0.002902548295,0.0001022213837,0
9689,0.0005773006123,0.0001022213837,0
9690,0.0006319782115,0.0001022213837,0
9691,0.001295520109,0.0001022213837,0
9692,0.0008972258656,0.0001022213837,0
9693,0.0007985845441,0.0001022213837,0
9694,0.002498132642,0.0001022213837,0
9695,0.0004359006416,0.0001022213837,0
9696,0.0005086704623,0.0001022213837,0
9697,0.003334910609,0.0001022213837,0
9698,0.0003570964327,0.0001022213837,0
9699,0.0005468697054,0.0001031979409,0
9700,0.001617823495,0.0001031979409,0
9701,0.001462210901,0.0001031979409,0
9702,0.001070574392,0.0001031979409,0
9703,0.0008031002362,0.0001031979409,0
9704,0.001121068024,0.0001031979409,0
9705,0.004131597932,0.0001031979409,0
9706,0.001032320084,0.0001031979409,0
9707,0.0004292720114,0.0001031979409,0
9708,0.001754704863,0.0001031979409,0
9709,0.0005288909306,0.0001031979409,0
9710,0.001073251478,0.0001031979409,0
9711,0.0003572283022,0.0001031979409,0
9712,0.0005425309064,0.0001031979409,0
9713,0.00105481327,0.0001031979409,0
9714,0.0002322609798,0.0001031979409,0
9715,0.0004447091196,0.0001031979409,0
9716,0.001084022806,0.0001031979409,0
9717,0.001116373343,0.0001031979409,0
9718,0.0002527207253,0.0001031979409,0
9719,0.001458938583,0.0001035253736,0
9720,0.001432520337,0.0001035253736,0
9721,0.0002638974984,0.0001035253736,0
9722,0.000280478911,0.0001035253736,0
9723,0.002991590183,0.0001035253736,0
9724,0.001007454935,0.0001035253736,0
9725,0.0006034132675,0.0001035253736,0
9726,0.000840482302,0.0001035253736,0
9727,0.001880576368,0.0001035253736,0
9728,0.001892967382,0.0001035253736,0
9729,0.001115828985,0.0001035253736,0
9730,0.002591494471,0.0001035253736,0
9731,0.0001851190027,0.0001035253736,0
9732,0.001883364748,0.0001035253736,0
9733,0.001094384235,0.0001035253736,0
9734,0.0007281509461,0.0001035253736,0
9735,0.0004227402387,0.0001035253736,0
9736,0.0006332818302,0.0001035253736,0
9737,0.0008849209989,0.0001035253736,0
9738,0.0009446997428,0.0001035253736,0
9739,0.0009824273875,0.0001040017814,0
9740,0.001776869758,0.0001040017814,0
9741,0.00394869037,0.0001040017814,0
9742,0.001183589338,0.0001040017814,0
9743,0.0007724981406,0.0001040017814,0
9744,0.0003758468083,0.0001040017814,0
9745,0.000488611171,0.0001040017814,0
9746,0.0008809129358,0.0001040017814,0
9747,0.006637975108,0.0001040017814,0
9748,0.002314081416,0.0001040017814,0
9749,0.0001808278757,0.0001040017814,0
9750,0.001585894614,0.0001040017814,0
9751,0.002300626831,0.0001040017814,0
9752,0.0001573840273,0.0001040017814,0
9753,0.0006090124371,0.0001040017814,0
9754,0.0007371630636,0.0001040017814,0
9755,0.0003190314455,0.0001040017814,0
9756,0.0003792981734,0.0001040017814,0
9757,0.0003206327965,0.0001040017814,0
9758,0.0009333780035,0.0001040017814,0
9759,0.00224411604,0.000104830935,0
9760,0.001658533351,0.000104830935,0
9761,0.0007366355276,0.000104830935,0
9762,0.000266251649,0.000104830935,0
9763,0.001084515243,0.000104830935,0
9764,0.0008547952166,0.000104830935,0
9765,0.0007562728133,0.000104830935,0
9766,0.002303732792,0.000104830935,0
9767,0.0005029137828,0.000104830935,0
9768,0.0004335906706,0.000104830935,0
9769,0.0003224437824,0.000104830935,0
9770,0.0008235188434,0.000104830935,0
9771,0.004012206569,0.000104830935,0
9772,0.002455655253,0.000104830935,0
9773,0.000502474315,0.000104830935,0
9774,0.0004556232889,0.000104830935,0
9775,0.0003011401568,0.000104830935,0
9776,0.0004393530835,0.000104830935,0
9777,0.0004157738585,0.000104830935,0
9778,0.001190500217,0.000104830935,0
9779,0.0007341293967,0.0001050519204,0
9780,0.0004514438915,0.0001050519204,0
9781,0.0004378771991,0.0001050519204,0
9782,0.0003682645038,0.0001050519204,0
9783,0.001208060188,0.0001050519204,0
9784,0.001037115348,0.0001050519204,0
9785,0.0003235447803,0.0001050519204,0
9786,0.001029186533,0.0001050519204,0
9787,0.0003083129122,0.0001050519204,0
9788,0.001767268986,0.0001050519204,0
9789,0.001025231788,0.0001050519204,0
9790,0.0007409198442,0.0001050519204,0
9791,0.0002756863541,0.0001050519204,0
9792,0.00190824538,0.0001050519204,0
9793,0.0002757005277,0.0001050519204,0
9794,0.0007775082486,0.0001050519204,0
9795,0.001789921196,0.0001050519204,0
9796,0.0002825631818,0.0001050519204,0
9797,0.003436804283,0.0001050519204,0
9798,0.001546207001,0.0001050519204,0
9799,0.001484524691,0.0001051502986,0
9800,0.0001365831267,0.0001051502986,0
9801,0.0005399148213,0.0001051502986,0
9802,0.00125717686,0.0001051502986,0
9803,0.005953376181,0.0001051502986,0
9804,0.0006894172984,0.0001051502986,0
9805,0.0007037280011,0.0001051502986,0
9806,0.0007908460684,0.0001051502986,0
9807,0.0003436449333,0.0001051502986,0
9808,0.001541415695,0.0001051502986,0
9809,0.001390474848,0.0001051502986,0
9810,0.0004413652641,0.0001051502986,0
9811,0.0002482860291,0.0001051502986,0
9812,0.0004016730236,0.0001051502986,0
9813,0.0007070251741,0.0001051502986,0
9814,0.009580261074,0.0001051502986,1
9815,0.000289672811,0.0001051502986,0
9816,0.0003200630017,0.0001051502986,0
9817,0.00121357094,0.0001051502986,0
9818,0.0003056055284,0.0001051502986,0
9819,0.0003891028173,0.0001058708585,0
9820,0.0005310298875,0.0001058708585,0
9821,0.0004986370914,0.0001058708585,0
9822,0.001177005004,0.0001058708585,0
9823,0.001253853901,0.0001058708585,0
9824,0.002169558546,0.0001058708585,0
9825,0.0004314678663,0.0001058708585,0
9826,0.0008767657564,0.0001058708585,0
9827,0.001033766195,0.0001058708585,0
9828,0.001884616679,0.0001058708585,0
9829,0.0005585479666,0.0001058708585,0
9830,0.001089655329,0.0001058708585,0
9831,0.0005758168409,0.0001058708585,0
9832,0.001088318066,0.0001058708585,0
9833,0.0004491447762,0.0001058708585,0
9834,0.0005202990724,0.0001058708585,0
9835,0.0005944748991,0.0001058708585,0
9836,0.0004716143012,0.0001058708585,0
9837,0.0006244928809,0.0001058708585,0
9838,0.001232663752,0.0001058708585,0
9839,0.0002568501222,0.0001058441849,0
9840,0.00024747118,0.0001058441849,0
9841,0.0007792307879,0.0001058441849,0
9842,0.0007654842339,0.0001058441849,0
9843,0.002879939973,0.0001058441849,0
9844,0.000927500485,0.0001058441849,0
9845,0.0004658476391,0.0001058441849,0
9846,0.0009134374559,0.0001058441849,0
9847,0.002065205714,0.0001058441849,0
9848,0.0003419143031,0.0001058441849,0
9849,0.004982617684,0.0001058441849,0
9850,0.0002784944372,0.0001058441849,0
9851,0.001504369662,0.0001058441849,0
9852,0.001705690054,0.0001058441849,0
9853,0.00263647642,0.0001058441849,0
9854,0.00403865613,0.0001058441849,0
9855,0.0006111265975,0.0001058441849,0
9856,0.0004205092555,0.0001058441849,0
9857,0.0002753362642,0.0001058441849,0
9858,0.0001595778886,0.0001058441849,0
9859,0.001580975368,0.0001071678926,0
9860,0.0009364532307,0.0001071678926,0
9861,0.003117424436,0.0001071678926,0
9862,0.01153035834,0.0001071678926,1
9863,0.0005207514623,0.0001071678926,0
9864,0.0003376665118,0.0001071678926,0
9865,0.001050548744,0.0001071678926,0
9866,0.001673466992,0.0001071678926,0
9867,0.001133633428,0.0001071678926,0
9868,0.000889406132,0.0001071678926,0
9869,0.0007769637741,0.0001071678926,0
9870,0.002421533456,0.0001071678926,0
9871,0.001795498538,0.0001071678926,0
9872,0.0005867540021,0.0001071678926,0
9873,0.00032159689,0.0001071678926,0
9874,0.0009955215501,0.0001071678926,0
9875,0.0007910605636,0.0001071678926,0
9876,0.0006183140213,0.0001071678926,0
9877,0.001848702086,0.0001071678926,0
9878,0.001254889648,0.0001071678926,0
9879,0.002445101505,0.0001070503931,0
9880,0.001147706993,0.0001070503931,0
9881,0.0001418331231,0.0001070503931,0
9882,0.0005925274454,0.0001070503931,0
9883,0.001104568131,0.0001070503931,0
9884,0.0003059298906,0.0001070503931,0
9885,0.0009756488143,0.0001070503931,0
9886,0.0004323641188,0.0001070503931,0
9887,0.0006004885654,0.0001070503931,0
9888,0.0005009906017,0.0001070503931,0
9889,0.002761390526,0.0001070503931,0
9890,0.0002377578639,0.0001070503931,0
9891,0.000847850868,0.0001070503931,0
9892,0.0009379500989,0.0001070503931,0
9893,0.000829966797,0.0001070503931,0
9894,0.003855936928,0.0001070503931,0
9895,0.004489946645,0.0001070503931,0
9896,0.001177947968,0.0001070503931,0
9897,0.005447363947,0.0001070503931,0
9898,0.0008047363954,0.0001070503931,0
9899,0.0006709195441,0.0001073462481,0
9900,0.003069069004,0.0001073462481,0
9901,0.002672329778,0.0001073462481,0
9902,0.001086315722,0.0001073462481,0
9903,0.0007306242478,0.0001073462481,0
9904,0.001887078863,0.0001073462481,0
9905,0.003644174198,0.0001073462481,0
9906,0.001735122758,0.0001073462481,0
9907,0.001670545316,0.0001073462481,0
9908,0.002400249476,0.0001073462481,0
9909,0.0003745966533,0.0001073462481,0
9910,0.001743726898,0.0001073462481,0
9911,0.000431199529,0.0001073462481,0
9912,0.002210344654,0.0001073462481,0
9913,0.0008813603781,0.0001073462481,0
9914,0.0001984242845,0.0001073462481,0
9915,0.002174289431,0.0001073462481,0
9916,0.0007108250284,0.0001073462481,0
9917,0.001277692849,0.0001073462481,0
9918,0.0004850184778,0.0001073462481,0
9919,0.0005037765368,0.0001088132994,0
9920,0.0004900631029,0.0001088132994,0
9921,0.0007879151381,0.0001088132994,0
9922,0.0002149056818,0.0001088132994,0
9923,0.00221394375,0.0001088132994,0
9924,0.0006605993258,0.0001088132994,0
9925,0.001670854748,0.0001088132994,0
9926,0.0003926661157,0.0001088132994,0
9927,0.0004229833139,0.0001088132994,0
9928,0.001346413046,0.0001088132994,0
9929,0.0005472348421,0.0001088132994,0
9930,0.002779589733,0.0001088132994,0
9931,0.0008131370996,0.0001088132994,0
9932,0.0007297641132,0.0001088132994,0
9933,0.00279741385,0.0001088132994,0
9934,0.000895643956,0.0001088132994,0
9935,0.001658338471,0.0001088132994,0
9936,0.0007537859492,0.0001088132994,0
9937,0.0004848964745,0.0001088132994,0
9938,0.000450063555,0.0001088132994,0
9939,0.0007642104174,0.0001097656932,0
9940,0.0009095501155,0.0001097656932,0
9941,0.01010222267,0.0001097656932,1
9942,0.001368261874,0.0001097656932,0
9943,0.001103920513,0.0001097656932,0
9944,0.003091104329,0.0001097656932,0
9945,0.000980891753,0.0001097656932,0
9946,0.0004472282017,0.0001097656932,0
9947,0.000345069333,0.0001097656932,0
9948,0.0001697991829,0.0001097656932,0
9949,0.002247577999,0.0001097656932,0
9950,0.003096380504,0.0001097656932,0
9951,0.0001525436965,0.0001097656932,0
9952,0.001733696787,0.0001097656932,0
9953,0.001455665333,0.0001097656932,0
9954,0.0004405188083,0.0001097656932,0
9955,0.0002952825162,0.0001097656932,0
9956,0.001106965821,0.0001097656932,0
9957,0.0001060904469,0.0001097656932,0
9958,0.0004194523208,0.0001097656932,0
9959,0.000170190644,0.0001090900914,0
9960,0.001853191177,0.0001090900914,0
9961,0.0003286815772,0.0001090900914,0
9962,0.0004791996616,0.0001090900914,0
9963,0.0005184507463,0.0001090900914,0
9964,0.001875362475,0.0001090900914,0
9965,0.0008342485526,0.0001090900914,0
9966,0.001073042746,0.0001090900914,0
9967,0.0005511039635,0.0001090900914,0
9968,0.00240772753,0.0001090900914,0
9969,0.0008178736316,0.0001090900914,0
9970,0.0003769679461,0.0001090900914,0
9971,0.002595119877,0.0001090900914,0
9972,0.000558489759,0.0001090900914,0
9973,0.001005948987,0.0001090900914,0
9974,0.004787927959,0.0001090900914,0
9975,0.0008623594767,0.0001090900914,0
9976,0.0006218591006,0.0001090900914,0
9977,0.0008923368878,0.0001090900914,0
9978,0.0005611614324,0.0001090900914,0
9979,0.0003315012727,0.0001098805515,0
9980,0.0003134848957,0.0001098805515,0
9981,0.001333901542,0.0001098805515,0
9982,0.001471380121,0.0001098805515,0
9983,0.001439445303,0.0001098805515,0
9984,0.001389812562,0.0001098805515,0
9985,0.0003629271232,0.0001098805515,0
9986,0.00304187485,0.0001098805515,0
9987,0.0002941070707,0.0001098805515,0
9988,0.0008650497766,0.0001098805515,0
9989,0.0009675296023,0.0001098805515,0
9990,0.0009496264975,0.0001098805515,0
9991,0.0002418357617,0.0001098805515,0
9992,0.0004724394821,0.0001098805515,0
9993,0.00153103692,0.0001098805515,0
9994,0.0009010707727,0.0001098805515,0
9995,0.001195200835,0.0001098805515,0
9996,0.001720102504,0.0001098805515,0
9997,0.0006337007508,0.0001098805515,0
9998,0.0003079456801,0.0001098805515,0
9999,0.000335325225,0.0001113514736,0
10000,0.001029537292,0.0001113514736,0
10001,0.0006760683609,0.0001113514736,0
10002,0.003808752866,0.0001113514736,0
10003,0.002376056043,0.0001113514736,0
10004,0.0004293446254,0.0001113514736,0
10005,0.000965770625,0.0001113514736,0
10006,0.001504190615,0.0001113514736,0
10007,0.001220199512,0.0001113514736,0
10008,0.0001817091688,0.0001113514736,0
10009,0.0004096905759,0.0001113514736,0
10010,0.001626197482,0.0001113514736,0
10011,0.00187402009,0.0001113514736,0
10012,0.000161257296,0.0001113514736,0
10013,0.0008656865684,0.0001113514736,0
10014,0.000605699548,0.0001113514736,0
10015,0.0001685295429,0.0001113514736,0
10016,0.002332542557,0.0001113514736,0
10017,0.0002773242886,0.0001113514736,0
10018,0.0002514960652,0.0001113514736,0
10019,0.001263480401,0.0001114742699,0
10020,0.0004808103258,0.0001114742699,0
10021,0.001973215956,0.0001114742699,0
10022,0.00273017399,0.0001114742699,0
10023,0.001484899898,0.0001114742699,0
10024,0.0008189385408,0.0001114742699,0
10025,0.001607145532,0.0001114742699,0
10026,0.0003287664149,0.0001114742699,0
10027,0.001035247813,0.0001114742699,0
10028,0.000200330207,0.0001114742699,0
10029,0.00529193785,0.0001114742699,0
10030,0.0003690714948,0.0001114742699,0
10031,0.001135999803,0.0001114742699,0
10032,0.001439346233,0.0001114742699,0
10033,0.0005136968102,0.0001114742699,0
10034,0.0001542202663,0.0001114742699,0
10035,0.0005180297885,0.0001114742699,0
10036,0.0002588394855,0.0001114742699,0
10037,0.001698446111,0.0001114742699,0
10038,0.0001971079473,0.0001114742699,0
10039,0.0001439195185,0.0001124928458,0
10040,0.0006217196351,0.0001124928458,0
10041,0.000747397833,0.0001124928458,0
10042,0.001705344184,0.0001124928458,0
10043,0.0003145163937,0.0001124928458,0
10044,0.000303995068,0.0001124928458,0
10045,0.0003351672785,0.0001124928458,0
10046,0.0008785249083,0.0001124928458,0
10047,0.000677983684,0.0001124928458,0
10048,0.0003812625073,0.0001124928458,0
10049,0.0004732412926,0.0001124928458,0
10050,0.0003516915021,0.0001124928458,0
10051,0.0007210549666,0.0001124928458,0
10052,0.001460937085,0.0001124928458,0
10053,0.006066630594,0.0001124928458,0
10054,0.007983714342,0.0001124928458,1
10055,0.006612829398,0.0001124928458,0
10056,0.001112799393,0.0001124928458,0
10057,0.0005091516068,0.0001124928458,0
10058,0.0009574101423,0.0001124928458,0
10059,0.0004097739584,0.0001124213886,0
10060,0.0009374734364,0.0001124213886,0
10061,0.001394285238,0.0001124213886,0
10062,0.001308980747,0.0001124213886,0
10063,0.001734143007,0.0001124213886,0
10064,0.0007563665858,0.0001124213886,0
10065,0.00044667357,0.0001124213886,0
10066,0.001372994157,0.0001124213886,0
10067,0.0001867857063,0.0001124213886,0
10068,0.001311681233,0.0001124213886,0
10069,0.0008260996547,0.0001124213886,0
10070,0.0003108250094,0.0001124213886,0
10071,0.001815066556,0.0001124213886,0
10072,0.0002642575419,0.0001124213886,0
10073,0.002208679449,0.0001124213886,0
10074,0.0003367897298,0.0001124213886,0
10075,0.0008712428389,0.0001124213886,0
10076,0.0001397273736,0.0001124213886,0
10077,0.0007118209614,0.0001124213886,0
10078,0.0005015626084,0.0001124213886,0
10079,0.000523614639,0.0001133372134,0
10080,0.001387718832,0.0001133372134,0
10081,0.0004774858826,0.0001133372134,0
10082,0.0003541425103,0.0001133372134,0
10083,0.001504854765,0.0001133372134,0
10084,0.002840917092,0.0001133372134,0
10085,0.001022449229,0.0001133372134,0
10086,0.001019836869,0.0001133372134,0
10087,0.003120653564,0.0001133372134,0
10088,8.862017421e-05,0.0001133372134,0
10089,0.0009051639936,0.0001133372134,0
10090,0.001342467847,0.0001133372134,0
10091,0.0009937214199,0.0001133372134,0
10092,0.0004447419196,0.0001133372134,0
10093,0.001096369349,0.0001133372134,0
10094,0.0004209815816,0.0001133372134,0
10095,0.0001632582134,0.0001133372134,0
10096,0.002843671478,0.0001133372134,0
10097,0.0006456786068,0.0001133372134,0
10098,0.0001629491744,0.0001133372134,0
10099,0.0001860097545,0.0001136272258,0
10100,0.02167584002,0.0001136272258,1
10101,0.001704324502,0.0001136272258,0
10102,0.001295042457,0.0001136272258,0
10103,0.0008767212275,0.0001136272258,0
10104,0.0003631302679,0.0001136272258,0
10105,0.0002296806051,0.0001136272258,0
10106,0.0006747255684,0.0001136272258,0
10107,0.0009851361392,0.0001136272258,0
10108,0.0004778412986,0.0001136272258,0
10109,0.0005705747171,0.0001136272258,0
10110,0.0003489430819,0.0001136272258,0
10111,0.001130516641,0.0001136272258,0
10112,0.00448723603,0.0001136272258,0
10113,0.01088594645,0.0001136272258,1
10114,0.004035866819,0.0001136272258,0
10115,0.0002506798774,0.0001136272258,0
10116,0.0009417298716,0.0001136272258,0
10117,0.0003194100864,0.0001136272258,0
10118,0.0008377300692,0.0001136272258,0
10119,0.000317897473,0.0001138870211,0
10120,0.001296126167,0.0001138870211,0
10121,0.005629109219,0.0001138870211,0
10122,0.0007450066623,0.0001138870211,0
10123,0.0003777888487,0.0001138870211,0
10124,0.002806830686,0.0001138870211,0
10125,0.001329906518,0.0001138870211,0
10126,0.00718373619,0.0001138870211,0
10127,0.001447428367,0.0001138870211,0
10128,0.00110538525,0.0001138870211,0
10129,0.001940593938,0.0001138870211,0
10130,0.0002952842624,0.0001138870211,0
10131,0.0008755281451,0.0001138870211,0
10132,0.0001246650791,0.0001138870211,0
10133,0.000306953676,0.0001138870211,0
10134,0.0003853774979,0.0001138870211,0
10135,0.0003021004086,0.0001138870211,0
10136,0.0009130229009,0.0001138870211,0
10137,0.006102837622,0.0001138870211,0
10138,0.002440000651,0.0001138870211,0
10139,0.0007081722142,0.0001142090405,0
10140,0.0002881149994,0.0001142090405,0
10141,0.006019694731,0.0001142090405,0
10142,0.001758862403,0.0001142090405,0
10143,0.001117590931,0.0001142090405,0
10144,0.0005882461555,0.0001142090405,0
10145,0.00226484146,0.0001142090405,0
10146,0.001695530023,0.0001142090405,0
10147,0.005730623845,0.0001142090405,0
10148,0.002428932348,0.0001142090405,0
10149,0.0005249108654,0.0001142090405,0
10150,0.0009002180886,0.0001142090405,0
10151,0.000381151156,0.0001142090405,0
10152,0.0005789339775,0.0001142090405,0
10153,0.0004670162161,0.0001142090405,0
10154,0.0002064563014,0.0001142090405,0
10155,0.001595926937,0.0001142090405,0
10156,0.00414422201,0.0001142090405,0
10157,0.001409927616,0.0001142090405,0
10158,0.001431550132,0.0001142090405,0
10159,0.003860986559,0.0001149442178,0
10160,0.001110963523,0.0001149442178,0
10161,0.00507411873,0.0001149442178,0
10162,0.0006949325325,0.0001149442178,0
10163,0.003974501509,0.0001149442178,0
10164,0.0007230032352,0.0001149442178,0
10165,0.004496740177,0.0001149442178,0
10166,0.01107536256,0.0001149442178,1
10167,0.000908880902,0.0001149442178,0
10168,0.0006905299379,0.0001149442178,0
10169,0.004470730666,0.0001149442178,0
10170,0.003531909082,0.0001149442178,0
10171,0.01063515805,0.0001149442178,1
10172,0.0002574948885,0.0001149442178,0
10173,0.0004518774222,0.0001149442178,0
10174,0.001628791797,0.0001149442178,0
10175,0.0001015897142,0.0001149442178,0
10176,0.0002662253683,0.0001149442178,0
10177,0.001238609781,0.0001149442178,0
10178,0.001361707808,0.0001149442178,0
10179,0.0001309262734,0.0001159137828,0
10180,0.0001632000785,0.0001159137828,0
10181,0.0003998490283,0.0001159137828,0
10182,0.001943157869,0.0001159137828,0
10183,0.001032807748,0.0001159137828,0
10184,0.002068631817,0.0001159137828,0
10185,0.0003996990854,0.0001159137828,0
10186,0.000256151834,0.0001159137828,0
10187,0.0006215080502,0.0001159137828,0
10188,0.0001153768317,0.0001159137828,0
10189,0.001083878684,0.0001159137828,0
10190,0.000547109812,0.0001159137828,0
10191,0.0004669282644,0.0001159137828,0
10192,0.005145757925,0.0001159137828,0
10193,0.0009148214012,0.0001159137828,0
10194,0.002464886988,0.0001159137828,0
10195,0.0007254678058,0.0001159137828,0
10196,0.0009158815956,0.0001159137828,0
10197,0.001622941578,0.0001159137828,0
10198,0.001661084127,0.0001159137828,0
10199,0.0001913988672,0.0001166143556,0
10200,0.0003437177511,0.0001166143556,0
10201,0.0006671188166,0.0001166143556,0
10202,0.001599786803,0.0001166143556,0
10203,0.0006123862695,0.0001166143556,0
10204,0.0002647725923,0.0001166143556,0
10205,0.002017221646,0.0001166143556,0
10206,0.0007284408202,0.0001166143556,0
10207,0.002196820918,0.0001166143556,0
10208,0.001534187468,0.0001166143556,0
10209,0.006172284018,0.0001166143556,0
10210,0.001291974331,0.0001166143556,0
10211,0.0003970201651,0.0001166143556,0
10212,0.000893323333,0.0001166143556,0
10213,0.001148001174,0.0001166143556,0
10214,0.0004033521109,0.0001166143556,0
10215,0.0002340168285,0.0001166143556,0
10216,0.000669770292,0.0001166143556,0
10217,0.001057585585,0.0001166143556,0
10218,0.003540408565,0.0001166143556,0
10219,0.000195471468,0.0001175637226,0
10220,0.0001970411104,0.0001175637226,0
10221,0.0009903507307,0.0001175637226,0
10222,0.0009839538252,0.0001175637226,0
10223,0.001624474302,0.0001175637226,0
10224,0.004586608615,0.0001175637226,0
10225,0.0005902156699,0.0001175637226,0
10226,0.0005719966139,0.0001175637226,0
10227,0.001608104329,0.0001175637226,0
10228,0.001681119204,0.0001175637226,0
10229,0.0003374663938,0.0001175637226,0
10230,0.0001636949601,0.0001175637226,0
10231,0.01564813778,0.0001175637226,1
10232,0.0007829106762,0.0001175637226,0
10233,0.0001895989699,0.0001175637226,0
10234,0.0002775566536,0.0001175637226,0
10235,0.001549904817,0.0001175637226,0
10236,0.0002688657551,0.0001175637226,0
10237,0.001277577714,0.0001175637226,0
10238,0.006002635229,0.0001175637226,0
10239,0.0006685387925,0.0001180024119,0
10240,0.001494414522,0.0001180024119,0
10241,0.0005393857136,0.0001180024119,0
10242,0.0006261550589,0.0001180024119,0
10243,0.001871084794,0.0001180024119,0
10244,0.0001461488573,0.0001180024119,0
10245,0.0005108893383,0.0001180024119,0
10246,0.0006975063006,0.0001180024119,0
10247,0.0004069736169,0.0001180024119,0
10248,0.0006657742779,0.0001180024119,0
10249,0.000780177128,0.0001180024119,0
10250,0.0003529790847,0.0001180024119,0
10251,0.002540422836,0.0001180024119,0
10252,0.0005649144878,0.0001180024119,0
10253,0.0003383581934,0.0001180024119,0
10254,0.001039738418,0.0001180024119,0
10255,0.001585676102,0.0001180024119,0
10256,0.001271398738,0.0001180024119,0
10257,0.0002920907573,0.0001180024119,0
10258,0.0008007872384,0.0001180024119,0
10259,0.004105624277,0.0001181534899,0
10260,0.0003776247904,0.0001181534899,0
10261,0.000327272428,0.0001181534899,0
10262,0.0005238218,0.0001181534899,0
10263,0.006950654089,0.0001181534899,0
10264,0.0007852317649,0.0001181534899,0
10265,0.0005783073721,0.0001181534899,0
10266,0.002252216684,0.0001181534899,0
10267,0.001228086301,0.0001181534899,0
10268,0.0007643376593,0.0001181534899,0
10269,0.0008857384673,0.0001181534899,0
10270,0.001246630563,0.0001181534899,0
10271,0.0007366763894,0.0001181534899,0
10272,0.0001751703821,0.0001181534899,0
10273,0.000466028665,0.0001181534899,0
10274,0.001899039373,0.0001181534899,0
10275,0.002896623453,0.0001181534899,0
10276,0.0003881401208,0.0001181534899,0
10277,0.006901773624,0.0001181534899,0
10278,0.000523516559,0.0001181534899,0
10279,0.0004225418379,0.000118551623,0
10280,0.0004672329233,0.000118551623,0
10281,0.0003431228397,0.000118551623,0
10282,0.00083283399,0.000118551623,0
10283,0.001956097549,0.000118551623,0
10284,0.000903200591,0.000118551623,0
10285,0.001026553335,0.000118551623,0
10286,0.008261743002,0.000118551623,1
10287,0.001129226293,0.000118551623,0
10288,0.001317854389,0.000118551623,0
10289,0.0002737262985,0.000118551623,0
10290,0.003744996851,0.000118551623,0
10291,0.0004508648126,0.000118551623,0
10292,0.001586086466,0.000118551623,0
10293,0.0008362139342,0.000118551623,0
10294,0.000882929482,0.000118551623,0
10295,0.004377950914,0.000118551623,0
10296,0.001559566008,0.000118551623,0
10297,0.0009406466852,0.000118551623,0
10298,0.000340930128,0.000118551623,0
10299,0.0002115278476,0.0001198643149,0
10300,0.0007029976696,0.0001198643149,0
10301,0.001053147251,0.0001198643149,0
10302,0.000493134954,0.0001198643149,0
10303,0.0009400463896,0.0001198643149,0
10304,0.0006543421187,0.0001198643149,0
10305,0.0002232658881,0.0001198643149,0
10306,0.005438577384,0.0001198643149,0
10307,0.001682997798,0.0001198643149,0
10308,0.0004281589645,0.0001198643149,0
10309,0.0002776632027,0.0001198643149,0
10310,0.000204366399,0.0001198643149,0
10311,0.0009391214699,0.0001198643149,0
10312,0.0003515376593,0.0001198643149,0
10313,0.0007026307867,0.0001198643149,0
10314,0.000538763823,0.0001198643149,0
10315,0.002564782742,0.0001198643149,0
10316,0.0006889786455,0.0001198643149,0
10317,0.002865104238,0.0001198643149,0
10318,0.0002166281338,0.0001198643149,0
10319,0.04090095684,0.0001205416847,1
10320,0.0007512072916,0.0001205416847,0
10321,0.008460061625,0.0001205416847,1
10322,0.0003997617168,0.0001205416847,0
10323,0.0004578253138,0.0001205416847,0
10324,0.003052339656,0.0001205416847,0
10325,0.001970274141,0.0001205416847,0
10326,0.002526684199,0.0001205416847,0
10327,0.000929416623,0.0001205416847,0
10328,0.0006548378151,0.0001205416847,0
10329,0.00100983202,0.0001205416847,0
10330,0.0005504583241,0.0001205416847,0
10331,0.002934807912,0.0001205416847,0
10332,0.0001970768062,0.0001205416847,0
10333,0.0004464931553,0.0001205416847,0
10334,0.001569419634,0.0001205416847,0
10335,0.0002627082285,0.0001205416847,0
10336,0.002424303675,0.0001205416847,0
10337,0.000695584924,0.0001205416847,0
10338,0.0004788794322,0.0001205416847,0
10339,0.001044119825,0.0001210146365,0
10340,0.0007602983969,0.0001210146365,0
10341,0.0004026883398,0.0001210146365,0
10342,0.000283943431,0.0001210146365,0
10343,0.000271580735,0.0001210146365,0
10344,0.003064720193,0.0001210146365,0
10345,0.0001323027682,0.0001210146365,0
10346,0.0002292350255,0.0001210146365,0
10347,0.0005298570613,0.0001210146365,0
10348,0.0007035598974,0.0001210146365,0
10349,0.001548251137,0.0001210146365,0
10350,0.0007399711176,0.0001210146365,0
10351,0.002708408283,0.0001210146365,0
10352,0.001830316614,0.0001210146365,0
10353,0.0005375162,0.0001210146365,0
10354,0.001996992622,0.0001210146365,0
10355,0.0002382814127,0.0001210146365,0
10356,0.002912157448,0.0001210146365,0
10357,0.003821146674,0.0001210146365,0
10358,0.0002639433369,0.0001210146365,0
10359,0.0009696231573,0.0001214713702,0
10360,0.0002255726431,0.0001214713702,0
10361,0.002866579453,0.0001214713702,0
10362,0.0004270243517,0.0001214713702,0
10363,0.0002878980886,0.0001214713702,0
10364,0.0008491659537,0.0001214713702,0
10365,0.002091082744,0.0001214713702,0
10366,0.00115474232,0.0001214713702,0
10367,0.0007680562558,0.0001214713702,0
10368,0.002148571657,0.0001214713702,0
10369,0.0005997080007,0.0001214713702,0
10370,0.002334505552,0.0001214713702,0
10371,0.0005892486079,0.0001214713702,0
10372,0.0002313738951,0.0001214713702,0
10373,0.002104441635,0.0001214713702,0
10374,0.0008473488851,0.0001214713702,0
10375,0.0008598482818,0.0001214713702,0
10376,0.0009434652748,0.0001214713702,0
10377,0.007125637494,0.0001214713702,0
10378,0.003925211728,0.0001214713702,0
10379,0.0004119731311,0.000122407524,0
10380,0.001383288647,0.000122407524,0
10381,0.001950382139,0.000122407524,0
10382,0.0003361324198,0.000122407524,0
10383,0.0002866979921,0.000122407524,0
10384,0.00506674638,0.000122407524,0
10385,0.0004080839281,0.000122407524,0
10386,0.0005231768591,0.000122407524,0
10387,0.0006006746553,0.000122407524,0
10388,0.0005030070897,0.000122407524,0
10389,0.0002859742672,0.000122407524,0
10390,0.0002802342933,0.000122407524,0
10391,0.0003539734462,0.000122407524,0
10392,0.003588428721,0.000122407524,0
10393,0.001270350302,0.000122407524,0
10394,0.0003515644348,0.000122407524,0
10395,0.0006405065069,0.000122407524,0
10396,0.002301939996,0.000122407524,0
10397,0.0006970724207,0.000122407524,0
10398,0.0008572901716,0.000122407524,0
10399,0.02059310302,0.0001221997081,1
10400,0.0002274338622,0.0001221997081,0
10401,0.0006678681239,0.0001221997081,0
10402,0.001758345985,0.0001221997081,0
10403,0.0003938103036,0.0001221997081,0
10404,0.001538668992,0.0001221997081,0
10405,0.003370148828,0.0001221997081,0
10406,0.001093196915,0.0001221997081,0
10407,0.0006588074029,0.0001221997081,0
10408,0.01495485846,0.0001221997081,1
10409,0.0003345987643,0.0001221997081,0
10410,0.0005105364835,0.0001221997081,0
10411,0.001067582984,0.0001221997081,0
10412,0.0003965748765,0.0001221997081,0
10413,0.001424521673,0.0001221997081,0
10414,0.002197895898,0.0001221997081,0
10415,0.0002245479554,0.0001221997081,0
10416,0.0005327265826,0.0001221997081,0
10417,0.003404238028,0.0001221997081,0
10418,0.0009044153267,0.0001221997081,0
10419,0.00187593326,0.0001223131112,0
10420,0.000698144373,0.0001223131112,0
10421,0.0003548265668,0.0001223131112,0
10422,0.0006724992418,0.0001223131112,0
10423,0.0005198018625,0.0001223131112,0
10424,0.001770825358,0.0001223131112,0
10425,0.0004102702951,0.0001223131112,0
10426,0.0006922464818,0.0001223131112,0
10427,0.0003996371815,0.0001223131112,0
10428,0.0005527184112,0.0001223131112,0
10429,0.005913362373,0.0001223131112,0
10430,0.000444511621,0.0001223131112,0
10431,0.000995096867,0.0001223131112,0
10432,0.001270090346,0.0001223131112,0
10433,0.0009789519245,0.0001223131112,0
10434,0.0002595812548,0.0001223131112,0
10435,0.03074297495,0.0001223131112,1
10436,0.0009079014417,0.0001223131112,0
10437,0.00842430722,0.0001223131112,1
10438,0.0001574171911,0.0001223131112,0
10439,0.0004189443425,0.0001229946647,0
10440,0.0001819371828,0.0001229946647,0
10441,0.0006963285268,0.0001229946647,0
10442,0.001141221728,0.0001229946647,0
10443,0.001727894531,0.0001229946647,0
10444,0.003344845492,0.0001229946647,0
10445,0.0004938662169,0.0001229946647,0
10446,0.001860990888,0.0001229946647,0
10447,0.0005008770968,0.0001229946647,0
10448,0.003644132055,0.0001229946647,0
10449,0.001159692067,0.0001229946647,0
10450,0.002102592262,0.0001229946647,0
10451,0.000301675318,0.0001229946647,0
10452,0.0003342099371,0.0001229946647,0
10453,0.0006582536735,0.0001229946647,0
10454,0.001069468446,0.0001229946647,0
10455,0.003551389556,0.0001229946647,0
10456,0.0002416091447,0.0001229946647,0
10457,0.0003280753444,0.0001229946647,0
10458,0.0005812778254,0.0001229946647,0
10459,0.00136230723,0.0001236117532,0
10460,0.0003256196214,0.0001236117532,0
10461,0.001770389616,0.0001236117532,0
10462,0.000317011727,0.0001236117532,0
10463,0.0004324450274,0.0001236117532,0
10464,0.0003237236233,0.0001236117532,0
10465,0.002191003179,0.0001236117532,0
10466,0.01066174358,0.0001236117532,1
10467,0.001002386911,0.0001236117532,0
10468,0.001428844756,0.0001236117532,0
10469,0.002408786444,0.0001236117532,0
10470,0.00193059037,0.0001236117532,0
10471,0.001676631742,0.0001236117532,0
10472,0.0004757313,0.0001236117532,0
10473,0.0004634231736,0.0001236117532,0
10474,0.001342587639,0.0001236117532,0
10475,0.0005921394913,0.0001236117532,0
10476,0.001167984796,0.0001236117532,0
10477,0.0005594306276,0.0001236117532,0
10478,0.001585032325,0.0001236117532,0
10479,0.0006036189734,0.0001237130782,0
10480,0.0008687343798,0.0001237130782,0
10481,0.001048585284,0.0001237130782,0
10482,0.002522830386,0.0001237130782,0
10483,0.0001876287424,0.0001237130782,0
10484,0.0005916631781,0.0001237130782,0
10485,0.001875872607,0.0001237130782,0
10486,0.0005218256265,0.0001237130782,0
10487,0.003094064537,0.0001237130782,0
10488,0.001092215651,0.0001237130782,0
10489,0.001064426033,0.0001237130782,0
10490,0.004419306759,0.0001237130782,0
10491,0.0003800975392,0.0001237130782,0
10492,0.001086372649,0.0001237130782,0
10493,0.0006236664485,0.0001237130782,0
10494,0.0005452874466,0.0001237130782,0
10495,0.0004066584806,0.0001237130782,0
10496,0.0005857105134,0.0001237130782,0
10497,0.0007827881491,0.0001237130782,0
10498,0.0007941984804,0.0001237130782,0
10499,0.0008508823812,0.0001248138869,0
10500,0.0008944033179,0.0001248138869,0
10501,0.001043739612,0.0001248138869,0
10502,0.01711190864,0.0001248138869,1
10503,0.001880630734,0.0001248138869,0
10504,0.0006112065166,0.0001248138869,0
10505,0.0006632477744,0.0001248138869,0
10506,0.00191367371,0.0001248138869,0
10507,0.001868991531,0.0001248138869,0
10508,0.004592716694,0.0001248138869,0
10509,0.001716519706,0.0001248138869,0
10510,0.0003637509944,0.0001248138869,0
10511,0.001793014701,0.0001248138869,0
10512,0.0007589968736,0.0001248138869,0
10513,0.0009915070841,0.0001248138869,0
10514,0.0002195597917,0.0001248138869,0
10515,0.001906321384,0.0001248138869,0
10516,0.0008860152448,0.0001248138869,0
10517,0.000330829731,0.0001248138869,0
10518,0.001097055618,0.0001248138869,0
10519,0.0004500779905,0.0001251723588,0
10520,0.0005182573805,0.0001251723588,0
10521,0.000537976448,0.0001251723588,0
10522,0.000278540334,0.0001251723588,0
10523,0.002429846209,0.0001251723588,0
10524,0.0008276559529,0.0001251723588,0
10525,0.000385518535,0.0001251723588,0
10526,0.0009563394124,0.0001251723588,0
10527,0.0001953673636,0.0001251723588,0
10528,0.0003834084782,0.0001251723588,0
10529,0.0003884726902,0.0001251723588,0
10530,0.002066563582,0.0001251723588,0
10531,0.001044211211,0.0001251723588,0
10532,0.0002957670076,0.0001251723588,0
10533,0.0006338862586,0.0001251723588,0
10534,0.001831915113,0.0001251723588,0
10535,0.006096217316,0.0001251723588,0
10536,0.002929297974,0.0001251723588,0
10537,0.0009212883306,0.0001251723588,0
10538,0.0008945377776,0.0001251723588,0
10539,0.001783139771,0.0001251408685,0
10540,0.0002906061418,0.0001251408685,0
10541,0.000344344764,0.0001251408685,0
10542,0.001023075311,0.0001251408685,0
10543,0.0003932891996,0.0001251408685,0
10544,0.0003531760012,0.0001251408685,0
10545,0.01122786291,0.0001251408685,1
10546,0.0007901787176,0.0001251408685,0
10547,0.000303081586,0.0001251408685,0
10548,0.0007299733697,0.0001251408685,0
10549,0.0003973608837,0.0001251408685,0
10550,0.001272484427,0.0001251408685,0
10551,0.0004346649512,0.0001251408685,0
10552,0.0004807024379,0.0001251408685,0
10553,0.001118012005,0.0001251408685,0
10554,0.0004610402393,0.0001251408685,0
10555,0.002431615489,0.0001251408685,0
10556,0.0003732294717,0.0001251408685,0
10557,0.002508116886,0.0001251408685,0
10558,0.001286244486,0.0001251408685,0
10559,0.001419633161,0.0001251866634,0
10560,0.0004351395182,0.0001251866634,0
10561,0.0009443626041,0.0001251866634,0
10562,0.0002878271916,0.0001251866634,0
10563,0.002295180457,0.0001251866634,0
10564,0.0007621638943,0.0001251866634,0
10565,0.0007493625162,0.0001251866634,0
10566,0.001284524449,0.0001251866634,0
10567,0.0006207551342,0.0001251866634,0
10568,0.0005084548611,0.0001251866634,0
10569,0.0001338708971,0.0001251866634,0
10570,0.01229634322,0.0001251866634,1
10571,0.0003841280704,0.0001251866634,0
10572,0.002906531328,0.0001251866634,0
10573,0.0003101039329,0.0001251866634,0
10574,0.002970801666,0.0001251866634,0
10575,0.0007632271736,0.0001251866634,0
10576,0.0002564405731,0.0001251866634,0
10577,0.002800548449,0.0001251866634,0
10578,0.0006717744982,0.0001251866634,0
10579,0.0008383744862,0.0001258035045,0
10580,0.001418714877,0.0001258035045,0
10581,0.002604455454,0.0001258035045,0
10582,0.0008119500126,0.0001258035045,0
10583,0.002135417424,0.0001258035045,0
10584,0.002132985741,0.0001258035045,0
10585,0.001412419952,0.0001258035045,0
10586,0.0002413813636,0.0001258035045,0
10587,0.0001271696092,0.0001258035045,0
10588,0.00140034291,0.0001258035045,0
10589,0.0002469894825,0.0001258035045,0
10590,0.003055256093,0.0001258035045,0
10591,0.0006409235648,0.0001258035045,0
10592,0.001209787792,0.0001258035045,0
10593,0.002480233088,0.0001258035045,0
10594,0.0005521962885,0.0001258035045,0
10595,0.006138708442,0.0001258035045,0
10596,0.001615758752,0.0001258035045,0
10597,0.0002667537192,0.0001258035045,0
10598,0.0009365688311,0.0001258035045,0
10599,0.0002713894646,0.0001261770813,0
10600,0.008811347187,0.0001261770813,1
10601,0.003192544216,0.0001261770813,0
10602,0.01092176232,0.0001261770813,1
10603,0.002683874685,0.0001261770813,0
10604,0.0005770573625,0.0001261770813,0
10605,0.0004789725353,0.0001261770813,0
10606,0.0003242271196,0.0001261770813,0
10607,0.00705937203,0.0001261770813,0
10608,0.0007484990638,0.0001261770813,0
10609,0.001116023865,0.0001261770813,0
10610,0.0002675179567,0.0001261770813,0
10611,0.001427065581,0.0001261770813,0
10612,0.0006571889971,0.0001261770813,0
10613,0.000426968676,0.0001261770813,0
10614,0.0006043138565,0.0001261770813,0
10615,0.0001676998654,0.0001261770813,0
10616,0.0005286858068,0.0001261770813,0
10617,0.0005554202362,0.0001261770813,0
10618,0.0005703737261,0.0001261770813,0
10619,0.001031098771,0.0001258396514,0
10620,0.005379256792,0.0001258396514,0
10621,0.00187476119,0.0001258396514,0
10622,0.004522277042,0.0001258396514,0
10623,0.0003553308488,0.0001258396514,0
10624,0.0005029342137,0.0001258396514,0
10625,0.0004963612882,0.0001258396514,0
10626,0.000130979417,0.0001258396514,0
10627,0.0003736894578,0.0001258396514,0
10628,0.001826000167,0.0001258396514,0
10629,0.001786982873,0.0001258396514,0
10630,0.003342376323,0.0001258396514,0
10631,0.0009264642722,0.0001258396514,0
10632,0.0002869103337,0.0001258396514,0
10633,0.003982604947,0.0001258396514,0
10634,0.001124082832,0.0001258396514,0
10635,0.000975445495,0.0001258396514,0
10636,0.0003582537756,0.0001258396514,0
10637,0.0001457627659,0.0001258396514,0
10638,0.001422227477,0.0001258396514,0
10639,0.0004113508039,0.0001256567921,0
10640,0.002494010841,0.0001256567921,0
10641,0.001723130932,0.0001256567921,0
10642,0.003523048712,0.0001256567921,0
10643,0.00054870022,0.0001256567921,0
10644,0.0004282545706,0.0001256567921,0
10645,0.001025942387,0.0001256567921,0
10646,0.001534702256,0.0001256567921,0
10647,0.001879202668,0.0001256567921,0
10648,0.0002765601384,0.0001256567921,0
10649,0.003607054474,0.0001256567921,0
10650,0.0002843875263,0.0001256567921,0
10651,0.0007428618846,0.0001256567921,0
10652,0.0003997033928,0.0001256567921,0
10653,0.001355324872,0.0001256567921,0
10654,0.001132335281,0.0001256567921,0
10655,0.003735122271,0.0001256567921,0
10656,0.003413491882,0.0001256567921,0
10657,0.0009736281936,0.0001256567921,0
10658,0.0002337403712,0.0001256567921,0
10659,0.001589111984,0.0001246687461,0
10660,0.0005426229327,0.0001246687461,0
10661,0.000600590196,0.0001246687461,0
10662,0.0004927572445,0.0001246687461,0
10663,0.0006249169819,0.0001246687461,0
10664,0.0003918172442,0.0001246687461,0
10665,0.0008725447697,0.0001246687461,0
10666,0.0006684412947,0.0001246687461,0
10667,0.0002403758554,0.0001246687461,0
10668,0.0006954135024,0.0001246687461,0
10669,0.001463234075,0.0001246687461,0
10670,0.0007656216621,0.0001246687461,0
10671,0.0003765588917,0.0001246687461,0
10672,0.0005482483539,0.0001246687461,0
10673,0.00114351185,0.0001246687461,0
10674,0.0004869615659,0.0001246687461,0
10675,0.0008749172557,0.0001246687461,0
10676,0.0003273996699,0.0001246687461,0
10677,0.000356976816,0.0001246687461,0
10678,0.0001256619144,0.0001246687461,0
10679,0.0002044643043,0.0001241594146,0
10680,0.001514583593,0.0001241594146,0
10681,0.0004106088891,0.0001241594146,0
10682,0.00156476011,0.0001241594146,0
10683,0.0003006655024,0.0001241594146,0
10684,0.001334446366,0.0001241594146,0
10685,0.0007191760815,0.0001241594146,0
10686,0.005403812509,0.0001241594146,0
10687,0.005929213949,0.0001241594146,0
10688,9.774604405e-05,0.0001241594146,0
10689,0.001357894973,0.0001241594146,0
10690,0.001246246626,0.0001241594146,0
10691,0.001158993575,0.0001241594146,0
10692,0.00137610489,0.0001241594146,0
10693,0.001061516465,0.0001241594146,0
10694,0.001330476021,0.0001241594146,0
10695,0.0004032531288,0.0001241594146,0
10696,0.0002807554556,0.0001241594146,0
10697,0.0005669448292,0.0001241594146,0
10698,0.0003142803034,0.0001241594146,0
10699,0.0007127325516,0.0001240314159,0
10700,0.0007693228545,0.0001240314159,0
10701,0.001596948598,0.0001240314159,0
10702,0.0009693931788,0.0001240314159,0
10703,0.0002251580736,0.0001240314159,0
10704,0.0006707774592,0.0001240314159,0
10705,0.0003083074116,0.0001240314159,0
10706,0.0007494321326,0.0001240314159,0
10707,0.0007332552923,0.0001240314159,0
10708,0.001746908762,0.0001240314159,0
10709,0.002229489619,0.0001240314159,0
10710,0.0007376544527,0.0001240314159,0
10711,0.000456105161,0.0001240314159,0
10712,0.001501158345,0.0001240314159,0
10713,0.001781071071,0.0001240314159,0
10714,0.0005277914461,0.0001240314159,0
10715,0.000513058505,0.0001240314159,0
10716,0.001023690449,0.0001240314159,0
10717,0.002122541657,0.0001240314159,0
10718,0.001804092317,0.0001240314159,0
10719,0.0006563318893,0.0001235988893,0
10720,0.001310922555,0.0001235988893,0
10721,0.0003458216088,0.0001235988893,0
10722,0.0007671950734,0.0001235988893,0
10723,0.001439342042,0.0001235988893,0
10724,0.0008521858836,0.0001235988893,0
10725,0.000222176197,0.0001235988893,0
10726,0.003045347054,0.0001235988893,0
10727,0.002930433024,0.0001235988893,0
10728,0.002532817656,0.0001235988893,0
10729,0.001414442784,0.0001235988893,0
10730,0.000900404586,0.0001235988893,0
10731,0.002098711906,0.0001235988893,0
10732,0.002910177456,0.0001235988893,0
10733,0.003974360414,0.0001235988893,0
10734,0.002245866461,0.0001235988893,0
10735,0.001319127041,0.0001235988893,0
10736,0.0002723512007,0.0001235988893,0
10737,0.0005129115307,0.0001235988893,0
10738,0.001266598352,0.0001235988893,0
10739,0.001114387065,0.000123258651,0
10740,0.006902586203,0.000123258651,0
10741,0.0004867007374,0.000123258651,0
10742,0.0008241286268,0.000123258651,0
10743,0.0008750020643,0.000123258651,0
10744,0.0002270723053,0.000123258651,0
10745,0.0004121986858,0.000123258651,0
10746,0.001354886452,0.000123258651,0
10747,0.0007530835574,0.000123258651,0
10748,0.002145981183,0.000123258651,0
10749,0.0007594973431,0.000123258651,0
10750,0.0006637793849,0.000123258651,0
10751,0.00281524891,0.000123258651,0
10752,0.0009433005471,0.000123258651,0
10753,0.001298462972,0.000123258651,0
10754,0.003175700083,0.000123258651,0
10755,0.0009662540979,0.000123258651,0
10756,0.0008425385458,0.000123258651,0
10757,0.02291143499,0.000123258651,1
10758,0.00624556141,0.000123258651,0
10759,0.00102646288,0.0001222822175,0
10760,0.007013369817,0.0001222822175,0
10761,0.0004313404497,0.0001222822175,0
10762,0.0006991190603,0.0001222822175,0
10763,0.0007272785297,0.0001222822175,0
10764,0.0003780976695,0.0001222822175,0
10765,0.0005551026552,0.0001222822175,0
10766,0.004060684238,0.0001222822175,0
10767,0.0005297202733,0.0001222822175,0
10768,0.0003077374131,0.0001222822175,0
10769,0.0005700068432,0.0001222822175,0
10770,0.0004491320578,0.0001222822175,0
10771,0.0006120307371,0.0001222822175,0
10772,0.0001568666485,0.0001222822175,0
10773,0.01407195162,0.0001222822175,1
10774,0.0005440945388,0.0001222822175,0
10775,0.01302459929,0.0001222822175,1
10776,0.0006445201579,0.0001222822175,0
10777,0.001307103783,0.0001222822175,0
10778,0.0009318746161,0.0001222822175,0
10779,0.001874680864,0.0001217709432,0
10780,0.003145628842,0.0001217709432,0
10781,0.005327789579,0.0001217709432,0
10782,0.001852024579,0.0001217709432,0
10783,0.0003395690001,0.0001217709432,0
10784,0.0007325307815,0.0001217709432,0
10785,0.0004065647372,0.0001217709432,0
10786,0.000511776132,0.0001217709432,0
10787,0.001146466471,0.0001217709432,0
10788,0.002618219005,0.0001217709432,0
10789,0.00141263206,0.0001217709432,0
10790,0.0005995340762,0.0001217709432,0
10791,0.0005117193796,0.0001217709432,0
10792,0.001578256255,0.0001217709432,0
10793,0.001381959068,0.0001217709432,0
10794,0.0006810099003,0.0001217709432,0
10795,0.004752495792,0.0001217709432,0
10796,0.0003900006122,0.0001217709432,0
10797,0.0003663830576,0.0001217709432,0
10798,0.002034430858,0.0001217709432,0
10799,0.0002609356015,0.0001214270087,0
10800,0.004055674188,0.0001214270087,0
10801,0.001357531874,0.0001214270087,0
10802,0.0004817094305,0.0001214270087,0
10803,0.001525141299,0.0001214270087,0
10804,0.00125596812,0.0001214270087,0
10805,0.004321537912,0.0001214270087,0
10806,0.0143673839,0.0001214270087,1
10807,0.0007724506431,0.0001214270087,0
10808,0.001293441514,0.0001214270087,0
10809,0.0002833563485,0.0001214270087,0
10810,0.0007664986188,0.0001214270087,0
10811,0.001017968636,0.0001214270087,0
10812,0.0003450530057,0.0001214270087,0
10813,0.001711578807,0.0001214270087,0
10814,0.003482447239,0.0001214270087,0
10815,0.002754920861,0.0001214270087,0
10816,0.0009317573858,0.0001214270087,0
10817,0.0008120890707,0.0001214270087,0
10818,0.0002580982691,0.0001214270087,0
10819,0.0004555667692,0.0001206344241,0
10820,0.0004527379642,0.0001206344241,0
10821,0.001620519324,0.0001206344241,0
10822,0.001318031806,0.0001206344241,0
10823,0.002456735121,0.0001206344241,0
10824,0.0005791008589,0.0001206344241,0
10825,0.0003302495752,0.0001206344241,0
10826,0.002020839369,0.0001206344241,0
10827,0.0002015497157,0.0001206344241,0
10828,0.0005784262321,0.0001206344241,0
10829,0.0007019666373,0.0001206344241,0
10830,0.0009824194713,0.0001206344241,0
10831,0.002488432219,0.0001206344241,0
10832,0.002471795538,0.0001206344241,0
10833,0.0005448822631,0.0001206344241,0
10834,0.0007394397981,0.0001206344241,0
10835,0.0006203335943,0.0001206344241,0
10836,0.002027140697,0.0001206344241,0
10837,0.0006821054267,0.0001206344241,0
10838,0.0008064570138,0.0001206344241,0
10839,0.002257491462,0.0001206965899,0
10840,0.0006103093619,0.0001206965899,0
10841,0.002935025143,0.0001206965899,0
10842,0.0008202287718,0.0001206965899,0
10843,0.0006571187405,0.0001206965899,0
10844,0.0005192601238,0.0001206965899,0
10845,0.0002336927573,0.0001206965899,0
10846,0.0006016596453,0.0001206965899,0
10847,0.005949052982,0.0001206965899,0
10848,0.001239753445,0.0001206965899,0
10849,0.0007866076194,0.0001206965899,0
10850,0.0003970619,0.0001206965899,0
10851,0.0007894399459,0.0001206965899,0
10852,0.0007759223809,0.0001206965899,0
10853,0.0006630140706,0.0001206965899,0
10854,0.0008423310937,0.0001206965899,0
10855,0.0005174186081,0.0001206965899,0
10856,0.0005412495811,0.0001206965899,0
10857,0.0002993220114,0.0001206965899,0
10858,0.001671533566,0.0001206965899,0
10859,0.0005290858098,0.0001202362691,0
10860,0.0008021780523,0.0001202362691,0
10861,0.0001251221984,0.0001202362691,0
10862,0.003396835644,0.0001202362691,0
10863,0.003441948211,0.0001202362691,0
10864,0.001215870609,0.0001202362691,0
10865,0.001236889046,0.0001202362691,0
10866,0.001108345226,0.0001202362691,0
10867,0.000518387882,0.0001202362691,0
10868,0.0003783148131,0.0001202362691,0
10869,0.001573443646,0.0001202362691,0
10870,0.0004204167053,0.0001202362691,0
10871,0.002733950038,0.0001202362691,0
10872,0.0001581706019,0.0001202362691,0
10873,0.001043303753,0.0001202362691,0
10874,0.002078315709,0.0001202362691,0
10875,0.004965637345,0.0001202362691,0
10876,0.0002713239228,0.0001202362691,0
10877,0.001461133594,0.0001202362691,0
10878,0.0005892922054,0.0001202362691,0
10879,0.0007986137643,0.0001197959864,0
10880,0.0005735607701,0.0001197959864,0
10881,0.001435992657,0.0001197959864,0
10882,0.002788275946,0.0001197959864,0
10883,0.003272387432,0.0001197959864,0
10884,0.0002002619876,0.0001197959864,0
10885,0.0009267400601,0.0001197959864,0
10886,0.001083029667,0.0001197959864,0
10887,0.00115010119,0.0001197959864,0
10888,0.0003254386247,0.0001197959864,0
10889,0.0006536889705,0.0001197959864,0
10890,0.000515030697,0.0001197959864,0
10891,0.001928266371,0.0001197959864,0
10892,0.0007709796773,0.0001197959864,0
10893,0.0006439773133,0.0001197959864,0
10894,0.002424357692,0.0001197959864,0
10895,0.002128503518,0.0001197959864,0
10896,0.0001036343165,0.0001197959864,0
10897,0.0003323507262,0.0001197959864,0
10898,0.004770075437,0.0001197959864,0
10899,0.001908353297,0.0001199149192,0
10900,0.001902534394,0.0001199149192,0
10901,0.0009744513081,0.0001199149192,0
10902,0.0005915546208,0.0001199149192,0
10903,0.00032829665,0.0001199149192,0
10904,0.0005558984703,0.0001199149192,0
10905,0.0003229079884,0.0001199149192,0
10906,0.0001760869927,0.0001199149192,0
10907,0.007466579787,0.0001199149192,1
10908,0.0009761451511,0.0001199149192,0
10909,0.000439020514,0.0001199149192,0
10910,0.00167392916,0.0001199149192,0
10911,0.0004802990006,0.0001199149192,0
10912,0.001227944624,0.0001199149192,0
10913,0.001076355809,0.0001199149192,0
10914,0.00148754206,0.0001199149192,0
10915,0.0002581763547,0.0001199149192,0
10916,0.001446579001,0.0001199149192,0
10917,0.001529274625,0.0001199149192,0
10918,0.0006645403337,0.0001199149192,0
10919,0.0004363636544,0.0001188857132,0
10920,0.001321178745,0.0001188857132,0
10921,0.0005196070997,0.0001188857132,0
10922,0.0008149711066,0.0001188857132,0
10923,0.002872566925,0.0001188857132,0
10924,0.0002209382656,0.0001188857132,0
10925,0.0003139072796,0.0001188857132,0
10926,0.003481973661,0.0001188857132,0
10927,0.001845393796,0.0001188857132,0
10928,0.0002374227333,0.0001188857132,0
10929,0.001180888037,0.0001188857132,0
10930,0.0008925618604,0.0001188857132,0
10931,0.00217269524,0.0001188857132,0
10932,0.0006273741019,0.0001188857132,0
10933,0.004675416742,0.0001188857132,0
10934,0.008023331873,0.0001188857132,1
10935,0.001153265708,0.0001188857132,0
10936,0.000455198664,0.0001188857132,0
10937,0.001291737659,0.0001188857132,0
10938,0.0007604660932,0.0001188857132,0
10939,0.002062557265,0.0001178952589,0
10940,0.0006061565364,0.0001178952589,0
10941,0.001006871113,0.0001178952589,0
10942,0.001077869907,0.0001178952589,0
10943,0.000347955036,0.0001178952589,0
10944,0.0006894078688,0.0001178952589,0
10945,0.00103645667,0.0001178952589,0
10946,0.0006823195145,0.0001178952589,0
10947,0.002726395149,0.0001178952589,0
10948,0.0005214033299,0.0001178952589,0
10949,0.000375767122,0.0001178952589,0
10950,0.001326436643,0.0001178952589,0
10951,0.0008076379308,0.0001178952589,0
10952,0.0005669413949,0.0001178952589,0
10953,0.000377326709,0.0001178952589,0
10954,0.0008821693482,0.0001178952589,0
10955,0.00240264833,0.0001178952589,0
10956,0.0009353304631,0.0001178952589,0
10957,0.001357473549,0.0001178952589,0
10958,0.0004434982548,0.0001178952589,0
10959,0.0001580955286,0.0001176057049,0
10960,0.001474979334,0.0001176057049,0
10961,0.000734052388,0.0001176057049,0
10962,0.000913114578,0.0001176057049,0
10963,0.0003394030209,0.0001176057049,0
10964,0.0006336002261,0.0001176057049,0
10965,0.001517796074,0.0001176057049,0
10966,0.001869406784,0.0001176057049,0
10967,0.001769556548,0.0001176057049,0
10968,0.001019663294,0.0001176057049,0
10969,0.0003124760697,0.0001176057049,0
10970,0.0007481955108,0.0001176057049,0
10971,0.002101473045,0.0001176057049,0
10972,0.0002063548018,0.0001176057049,0
10973,0.003076088149,0.0001176057049,0
10974,0.003774274606,0.0001176057049,0
10975,9.556055011e-05,0.0001176057049,0
10976,0.0009633701993,0.0001176057049,0
10977,0.001558183576,0.0001176057049,0
10978,0.003684469964,0.0001176057049,0
10979,0.0005236155121,0.0001169214374,0
10980,0.001027158811,0.0001169214374,0
10981,0.0003187701222,0.0001169214374,0
10982,0.001182563836,0.0001169214374,0
10983,0.0001279760909,0.0001169214374,0
10984,0.0003129011602,0.0001169214374,0
10985,0.001157960854,0.0001169214374,0
10986,0.001514566946,0.0001169214374,0
10987,0.0002135853429,0.0001169214374,0
10988,0.0003725544666,0.0001169214374,0
10989,0.0003136023006,0.0001169214374,0
10990,0.0005207188078,0.0001169214374,0
10991,0.001272032852,0.0001169214374,0
10992,0.005407997873,0.0001169214374,0
10993,0.002356358804,0.0001169214374,0
10994,0.001722112531,0.0001169214374,0
10995,0.0005558180274,0.0001169214374,0
10996,0.008119920269,0.0001169214374,1
10997,0.001106289448,0.0001169214374,0
10998,0.0001888192492,0.0001169214374,0
10999,0.002254378982,0.0001171058393,0
11000,0.0005156718544,0.0001171058393,0
11001,0.0001908552513,0.0001171058393,0
11002,0.0002335209574,0.0001171058393,0
11003,0.0006531800027,0.0001171058393,0
11004,0.003784060478,0.0001171058393,0
11005,0.001444285735,0.0001171058393,0
11006,0.0007676290697,0.0001171058393,0
11007,0.002683866071,0.0001171058393,0
11008,0.001187594957,0.0001171058393,0
11009,0.002983726561,0.0001171058393,0
11010,0.001113147824,0.0001171058393,0
11011,0.00112871849,0.0001171058393,0
11012,0.0003369789629,0.0001171058393,0
11013,0.001296996605,0.0001171058393,0
11014,0.0003403022711,0.0001171058393,0
11015,0.0003071818501,0.0001171058393,0
11016,0.001086966717,0.0001171058393,0
11017,0.003092217492,0.0001171058393,0
11018,0.0001745681366,0.0001171058393,0
11019,0.0002721625206,0.0001171678596,0
11020,0.0005560002755,0.0001171678596,0
11021,0.0006010982906,0.0001171678596,0
11022,0.0009626095998,0.0001171678596,0
11023,0.0003479319566,0.0001171678596,0
11024,0.001206650399,0.0001171678596,0
11025,0.003265472595,0.0001171678596,0
11026,0.0009602849022,0.0001171678596,0
11027,0.001624521916,0.0001171678596,0
11028,0.002794351429,0.0001171678596,0
11029,0.0008960186387,0.0001171678596,0
11030,0.0007474204176,0.0001171678596,0
11031,0.0006785729202,0.0001171678596,0
11032,0.001839372679,0.0001171678596,0
11033,0.000424586382,0.0001171678596,0
11034,0.0009002958541,0.0001171678596,0
11035,0.001575151342,0.0001171678596,0
11036,0.001714843209,0.0001171678596,0
11037,0.0008877867949,0.0001171678596,0
11038,0.001362128998,0.0001171678596,0
11039,0.0005360561772,0.0001163765191,0
11040,0.0011826423,0.0001163765191,0
11041,0.001523244428,0.0001163765191,0
11042,0.0003909491643,0.0001163765191,0
11043,0.001128199045,0.0001163765191,0
11044,0.0006125717191,0.0001163765191,0
11045,0.0004672618234,0.0001163765191,0
11046,0.000287521776,0.0001163765191,0
11047,0.0009468049393,0.0001163765191,0
11048,0.00462004682,0.0001163765191,0
11049,0.0002799558861,0.0001163765191,0
11050,0.002538551809,0.0001163765191,0
11051,0.001216759672,0.0001163765191,0
11052,0.000989457476,0.0001163765191,0
11053,0.0005813314929,0.0001163765191,0
11054,0.0002125148021,0.0001163765191,0
11055,0.0005087704631,0.0001163765191,0
11056,0.001810241374,0.0001163765191,0
11057,0.0006713035982,0.0001163765191,0
11058,0.0004708135966,0.0001163765191,0
11059,0.002447589068,0.0001159421445,0
11060,0.0007354078698,0.0001159421445,0
11061,0.0002201793686,0.0001159421445,0
11062,0.0006996460143,0.0001159421445,0
11063,0.001655083965,0.0001159421445,0
11064,0.0005764076486,0.0001159421445,0
11065,0.002567279618,0.0001159421445,0
11066,0.0004280398425,0.0001159421445,0
11067,0.0004544097465,0.0001159421445,0
11068,0.001025620266,0.0001159421445,0
11069,0.002935385797,0.0001159421445,0
11070,0.0006021795562,0.0001159421445,0
11071,0.00215793727,0.0001159421445,0
11072,0.0007946350961,0.0001159421445,0
11073,0.0009437020053,0.0001159421445,0
11074,0.001622171374,0.0001159421445,0
11075,0.0005797170452,0.0001159421445,0
11076,0.0003814743832,0.0001159421445,0
11077,0.001014657668,0.0001159421445,0
11078,0.001349856728,0.0001159421445,0
11079,0.003088319441,0.0001154094207,0
11080,0.00153088104,0.0001154094207,0
11081,0.0001409022516,0.0001154094207,0
11082,0.001911963103,0.0001154094207,0
11083,0.0007109905127,0.0001154094207,0
11084,0.0003203157394,0.0001154094207,0
11085,0.001515883487,0.0001154094207,0
11086,0.001263265032,0.0001154094207,0
11087,0.0005762531073,0.0001154094207,0
11088,0.0009694250766,0.0001154094207,0
11089,0.002736238297,0.0001154094207,0
11090,0.001349243568,0.0001154094207,0
11091,0.0005098486436,0.0001154094207,0
11092,0.001853005728,0.0001154094207,0
11093,0.0002262510243,0.0001154094207,0
11094,0.001155574224,0.0001154094207,0
11095,0.001572978217,0.0001154094207,0
11096,0.0002645391796,0.0001154094207,0
11097,0.0006699041114,0.0001154094207,0
11098,0.0002786151599,0.0001154094207,0
11099,0.0005943272845,0.0001151606848,0
11100,0.001983293565,0.0001151606848,0
11101,0.0005699804751,0.0001151606848,0
11102,0.0002763926168,0.0001151606848,0
11103,0.002458906732,0.0001151606848,0
11104,0.0013938169,0.0001151606848,0
11105,0.0009112921543,0.0001151606848,0
11106,0.001101552509,0.0001151606848,0
11107,0.0004789127561,0.0001151606848,0
11108,0.0005604074686,0.0001151606848,0
11109,0.0009574290598,0.0001151606848,0
11110,0.002686925931,0.0001151606848,0
11111,0.02883439139,0.0001151606848,1
11112,0.0005733857397,0.0001151606848,0
11113,0.0004904928501,0.0001151606848,0
11114,0.000333829812,0.0001151606848,0
11115,0.0005619645235,0.0001151606848,0
11116,0.002153477166,0.0001151606848,0
11117,0.0002599339059,0.0001151606848,0
11118,0.001729939249,0.0001151606848,0
11119,0.001303772209,0.0001156550425,0
11120,0.001204762026,0.0001156550425,0
11121,0.001042225398,0.0001156550425,0
11122,0.0007394597633,0.0001156550425,0
11123,0.0009792724159,0.0001156550425,0
11124,0.0002311536955,0.0001156550425,0
11125,0.002707851585,0.0001156550425,0
11126,0.0009050753433,0.0001156550425,0
11127,0.001082398929,0.0001156550425,0
11128,0.0004777504946,0.0001156550425,0
11129,0.0001755590929,0.0001156550425,0
11130,0.000741147087,0.0001156550425,0
11131,0.0004891244462,0.0001156550425,0
11132,0.0005517612444,0.0001156550425,0
11133,0.001318854513,0.0001156550425,0
11134,0.0007137221983,0.0001156550425,0
11135,0.001102666254,0.0001156550425,0
11136,0.0007477912004,0.0001156550425,0
11137,0.0009169198456,0.0001156550425,0
11138,0.0003043989127,0.0001156550425,0
11139,0.000471632171,0.0001155415812,0
11140,0.001325343503,0.0001155415812,0
11141,0.001632144558,0.0001155415812,0
11142,0.000714370166,0.0001155415812,0
11143,0.004330358468,0.0001155415812,0
11144,0.0003974019201,0.0001155415812,0
11145,0.0005483911373,0.0001155415812,0
11146,0.000609103241,0.0001155415812,0
11147,0.0007690403145,0.0001155415812,0
11148,0.0009859838756,0.0001155415812,0
11149,0.001495971577,0.0001155415812,0
11150,0.001692253049,0.0001155415812,0
11151,0.0005206204369,0.0001155415812,0
11152,0.001114483923,0.0001155415812,0
11153,0.0005441539688,0.0001155415812,0
11154,0.00202967762,0.0001155415812,0
11155,0.001123354421,0.0001155415812,0
11156,0.000384494313,0.0001155415812,0
11157,0.0002297272731,0.0001155415812,0
11158,0.0005999339046,0.0001155415812,0
11159,0.0004517560883,0.0001155233113,0
11160,0.0003326233127,0.0001155233113,0
11161,0.001938448637,0.0001155233113,0
11162,0.003998299595,0.0001155233113,0
11163,0.0003786439192,0.0001155233113,0
11164,0.0004095069307,0.0001155233113,0
11165,0.0004185912258,0.0001155233113,0
11166,0.001473138225,0.0001155233113,0
11167,0.000399600016,0.0001155233113,0
11168,0.0005114933592,0.0001155233113,0
11169,0.001998811262,0.0001155233113,0
11170,0.001275601448,0.0001155233113,0
11171,0.0001504342654,0.0001155233113,0
11172,0.001148190349,0.0001155233113,0
11173,0.0005279799807,0.0001155233113,0
11174,0.0001312380773,0.0001155233113,0
11175,0.001161653199,0.0001155233113,0
11176,0.0004233436484,0.0001155233113,0
11177,0.0003531920665,0.0001155233113,0
11178,0.001308109611,0.0001155233113,0
11179,0.0007369755185,0.0001151897231,0
11180,0.0007435837178,0.0001151897231,0
11181,0.001252503484,0.0001151897231,0
11182,0.001050155377,0.0001151897231,0
11183,0.000625331304,0.0001151897231,0
11184,0.0005498061073,0.0001151897231,0
11185,0.002359703649,0.0001151897231,0
11186,0.0001141078537,0.0001151897231,0
11187,0.0008807513514,0.0001151897231,0
11188,0.002902540145,0.0001151897231,0
11189,0.000577078783,0.0001151897231,0
11190,0.0006319925305,0.0001151897231,0
11191,0.00129515864,0.0001151897231,0
11192,0.0008974721422,0.0001151897231,0
11193,0.000798452762,0.0001151897231,0
11194,0.002498565009,0.0001151897231,0
11195,0.0004358874576,0.0001151897231,0
11196,0.0005085123703,0.0001151897231,0
11197,0.003335208399,0.0001151897231,0
11198,0.0003569677938,0.0001151897231,0
11199,0.0005465726135,0.0001161032051,0
11200,0.00161757716,0.0001161032051,0
11201,0.001462506945,0.0001161032051,0
11202,0.001070600119,0.0001161032051,0
11203,0.0008028316661,0.0001161032051,0
11204,0.001121112029,0.0001161032051,0
11205,0.004131291527,0.0001161032051,0
11206,0.001032403321,0.0001161032051,0
11207,0.0004294034443,0.0001161032051,0
11208,0.001754414057,0.0001161032051,0
11209,0.0005286644446,0.0001161032051,0
11210,0.001073473715,0.0001161032051,0
11211,0.0003571285924,0.0001161032051,0
11212,0.0005426228745,0.0001161032051,0
11213,0.001054648077,0.0001161032051,0
11214,0.0002323152148,0.0001161032051,0
11215,0.0004449972184,0.0001161032051,0
11216,0.001084336312,0.0001161032051,0
11217,0.001116324565,0.0001161032051,0
11218,0.0002525816963,0.0001161032051,0
11219,0.001459265593,0.0001158164378,0
11220,0.001432278543,0.0001158164378,0
11221,0.0002638102451,0.0001158164378,0
11222,0.0002804389223,0.0001158164378,0
11223,0.002991361311,0.0001158164378,0
11224,0.001007205574,0.0001158164378,0
11225,0.0006034140824,0.0001158164378,0
11226,0.0008403505781,0.0001158164378,0
11227,0.00188075914,0.0001158164378,0
11228,0.00189264724,0.0001158164378,0
11229,0.001115617342,0.0001158164378,0
11230,0.00259127398,0.0001158164378,0
11231,0.0001850657864,0.0001158164378,0
11232,0.001883504679,0.0001158164378,0
11233,0.001094050356,0.0001158164378,0
11234,0.0007281149738,0.0001158164378,0
11235,0.0004224095319,0.0001158164378,0
11236,0.0006332235062,0.0001158164378,0
11237,0.0008848832804,0.0001158164378,0
11238,0.000945028034,0.0001158164378,0
11239,0.0009822659194,0.000116168274,0
11240,0.001776777441,0.000116168274,0
11241,0.00394858839,0.000116168274,0
11242,0.001183717977,0.000116168274,0
11243,0.0007725116448,0.000116168274,0
11244,0.0003759651736,0.000116168274,0
11245,0.0004885756643,0.000116168274,0
11246,0.0008808270213,0.000116168274,0
11247,0.006639063358,0.000116168274,0
11248,0.002313869307,0.000116168274,0
11249,0.0001807911613,0.000116168274,0
11250,0.001585771563,0.000116168274,0
11251,0.002300896915,0.000116168274,0
11252,0.0001572858746,0.000116168274,0
11253,0.0006089992239,0.000116168274,0
11254,0.0007368963561,0.000116168274,0
11255,0.0003190115094,0.000116168274,0
11256,0.0003792897041,0.000116168274,0
11257,0.0003206085821,0.000116168274,0
11258,0.0009332438349,0.000116168274,0
11259,0.002243802417,0.0001170493124,0
11260,0.00165846874,0.0001170493124,0
11261,0.0007365351194,0.0001170493124,0
11262,0.0002663209743,0.0001170493124,0
11263,0.001084393822,0.0001170493124,0
11264,0.0008548481856,0.0001170493124,0
11265,0.0007561725215,0.0001170493124,0
11266,0.002303603105,0.0001170493124,0
11267,0.0005028534215,0.0001170493124,0
11268,0.0004336579586,0.0001170493124,0
11269,0.0003223973035,0.0001170493124,0
11270,0.0008235743153,0.0001170493124,0
11271,0.004012182355,0.0001170493124,0
11272,0.002455696231,0.0001170493124,0
11273,0.0005023064441,0.0001170493124,0
11274,0.0004556759959,0.0001170493124,0
11275,0.000301020802,0.0001170493124,0
11276,0.0004393602721,0.0001170493124,0
11277,0.0004156818322,0.0001170493124,0
11278,0.001190544572,0.0001170493124,0
11279,0.0007343312027,0.0001164980567,0
11280,0.000451618951,0.0001164980567,0
11281,0.0004379089805,0.0001164980567,0
11282,0.000368297071,0.0001164980567,0
11283,0.001208165311,0.0001164980567,0
11284,0.001036817208,0.0001164980567,0
11285,0.0003236276389,0.0001164980567,0
11286,0.001029257081,0.0001164980567,0
11287,0.0003084041819,0.0001164980567,0
11288,0.001767161069,0.0001164980567,0
11289,0.001025089761,0.0001164980567,0
11290,0.0007409711252,0.0001164980567,0
11291,0.000275438244,0.0001164980567,0
11292,0.001908377162,0.0001164980567,0
11293,0.0002756888862,0.0001164980567,0
11294,0.0007773358957,0.0001164980567,0
11295,0.001789925271,0.0001164980567,0
11296,0.0002825914125,0.0001164980567,0
11297,0.003437050385,0.0001164980567,0
11298,0.001546247047,0.0001164980567,0
11299,0.001484398497,0.0001166745351,0
11300,0.0001365048083,0.0001166745351,0
11301,0.0005398655776,0.0001166745351,0
11302,0.001256987453,0.0001166745351,0
11303,0.005952886771,0.0001166745351,0
11304,0.0006895841216,0.0001166745351,0
11305,0.0007038565236,0.0001166745351,0
11306,0.0007908141124,0.0001166745351,0
11307,0.0003435144026,0.0001166745351,0
11308,0.001540737227,0.0001166745351,0
11309,0.001390391146,0.0001166745351,0
11310,0.0004413429997,0.0001166745351,0
11311,0.0002481529955,0.0001166745351,0
11312,0.0004018545733,0.0001166745351,0
11313,0.0007071274449,0.0001166745351,0
11314,0.009579689242,0.0001166745351,1
11315,0.0002896914666,0.0001166745351,0
11316,0.0003200624487,0.0001166745351,0
11317,0.001213137293,0.0001166745351,0
11318,0.0003055486304,0.0001166745351,0
11319,0.0003889623913,0.0001171218319,0
11320,0.0005308888503,0.0001171218319,0
11321,0.0004987289431,0.0001171218319,0
11322,0.001177080325,0.0001171218319,0
11323,0.001253571128,0.0001171218319,0
11324,0.002169903135,0.0001171218319,0
11325,0.0004313762474,0.0001171218319,0
11326,0.0008767507388,0.0001171218319,0
11327,0.001033954788,0.0001171218319,0
11328,0.001883963705,0.0001171218319,0
11329,0.000558561238,0.0001171218319,0
11330,0.001089644851,0.0001171218319,0
11331,0.0005759061896,0.0001171218319,0
11332,0.001088513643,0.0001171218319,0
11333,0.0004491974832,0.0001171218319,0
11334,0.0005202236935,0.0001171218319,0
11335,0.0005944285658,0.0001171218319,0
11336,0.0004716762051,0.0001171218319,0
11337,0.0006246202393,0.0001171218319,0
11338,0.00123273558,0.0001171218319,0
11339,0.0002569103672,0.0001160704051,0
11340,0.0002473426866,0.0001160704051,0
11341,0.0007788621006,0.0001160704051,0
11342,0.0007657114184,0.0001160704051,0
11343,0.002880801214,0.0001160704051,0
11344,0.0009274021722,0.0001160704051,0
11345,0.0004657496174,0.0001160704051,0
11346,0.0009133288986,0.0001160704051,0
11347,0.002065630862,0.0001160704051,0
11348,0.0003421827569,0.0001160704051,0
11349,0.004982943647,0.0001160704051,0
11350,0.0002784403914,0.0001160704051,0
11351,0.001504920656,0.0001160704051,0
11352,0.001705379109,0.0001160704051,0
11353,0.002636307152,0.0001160704051,0
11354,0.004038688261,0.0001160704051,0
11355,0.0006110363756,0.0001160704051,0
11356,0.0004204427241,0.0001160704051,0
11357,0.0002753976732,0.0001160704051,0
11358,0.0001596535003,0.0001160704051,0
11359,0.001580606797,0.0001165024369,0
11360,0.0009367188322,0.0001165024369,0
11361,0.003117447253,0.0001165024369,0
11362,0.01152997464,0.0001165024369,1
11363,0.0005206902861,0.0001165024369,0
11364,0.0003377613029,0.0001165024369,0
11365,0.001050178427,0.0001165024369,0
11366,0.001673451043,0.0001165024369,0
11367,0.001133497455,0.0001165024369,0
11368,0.0008890748722,0.0001165024369,0
11369,0.0007770126686,0.0001165024369,0
11370,0.002421279438,0.0001165024369,0
11371,0.001795562916,0.0001165024369,0
11372,0.0005867746659,0.0001165024369,0
11373,0.0003215997422,0.0001165024369,0
11374,0.0009956583381,0.0001165024369,0
11375,0.0007907057297,0.0001165024369,0
11376,0.0006182302022,0.0001165024369,0
11377,0.001848241664,0.0001165024369,0
11378,0.001255073817,0.0001165024369,0
11379,0.002444930375,0.0001160236061,0
11380,0.001147308969,0.0001160236061,0
11381,0.0001418150641,0.0001160236061,0
11382,0.0005926354788,0.0001160236061,0
11383,0.00110531738,0.0001160236061,0
11384,0.0003059200244,0.0001160236061,0
11385,0.0009752073674,0.0001160236061,0
11386,0.0004324529727,0.0001160236061,0
11387,0.0006004628376,0.0001160236061,0
11388,0.0005008129519,0.0001160236061,0
11389,0.002761474112,0.0001160236061,0
11390,0.0002376638004,0.0001160236061,0
11391,0.0008478396339,0.0001160236061,0
11392,0.0009378116811,0.0001160236061,0
11393,0.0008297070162,0.0001160236061,0
11394,0.003855058225,0.0001160236061,0
11395,0.004490093328,0.0001160236061,0
11396,0.001177532249,0.0001160236061,0
11397,0.005447034724,0.0001160236061,0
11398,0.0008046619478,0.0001160236061,0
11399,0.000671054353,0.000115796829,0
11400,0.0030694569,0.000115796829,0
11401,0.002672982635,0.000115796829,0
11402,0.001086240401,0.000115796829,0
11403,0.0007304259925,0.000115796829,0
11404,0.001886960352,0.000115796829,0
11405,0.003643600503,0.000115796829,0
11406,0.001735131489,0.000115796829,0
11407,0.001670006197,0.000115796829,0
11408,0.002400021069,0.000115796829,0
11409,0.0003745776485,0.000115796829,0
11410,0.001743717934,0.000115796829,0
11411,0.0004313111131,0.000115796829,0
11412,0.002210570499,0.000115796829,0
11413,0.0008812961169,0.000115796829,0
11414,0.000198372145,0.000115796829,0
11415,0.002174219582,0.000115796829,0
11416,0.0007108394057,0.000115796829,0
11417,0.001277220785,0.000115796829,0
11418,0.0004850681289,0.000115796829,0
11419,0.0005036626244,0.0001154962374,0
11420,0.0004898037296,0.0001154962374,0
11421,0.0007881160709,0.0001154962374,0
11422,0.0002149930951,0.0001154962374,0
11423,0.00221424643,0.0001154962374,0
11424,0.0006605635863,0.0001154962374,0
11425,0.001670840429,0.0001154962374,0
11426,0.0003925485944,0.0001154962374,0
11427,0.0004232422216,0.0001154962374,0
11428,0.001346385921,0.0001154962374,0
11429,0.0005471518962,0.0001154962374,0
11430,0.002779821865,0.0001154962374,0
11431,0.0008129114867,0.0001154962374,0
11432,0.0007297582924,0.0001154962374,0
11433,0.002797407564,0.0001154962374,0
11434,0.0008957444807,0.0001154962374,0
11435,0.00165794068,0.0001154962374,0
11436,0.0007537751226,0.0001154962374,0
11437,0.0004847652162,0.0001154962374,0
11438,0.0004502338415,0.0001154962374,0
11439,0.0007643093122,0.0001153278499,0
11440,0.000909051043,0.0001153278499,0
11441,0.01010248438,0.0001153278499,1
11442,0.001368366298,0.0001153278499,0
11443,0.001103538205,0.0001153278499,0
11444,0.003091280581,0.0001153278499,0
11445,0.0009806799935,0.0001153278499,0
11446,0.0004468986008,0.0001153278499,0
11447,0.0003451883968,0.0001153278499,0
11448,0.0001697761763,0.0001153278499,0
11449,0.002246968448,0.0001153278499,0
11450,0.003096462693,0.0001153278499,0
11451,0.0001524398976,0.0001153278499,0
11452,0.001734042424,0.0001153278499,0
11453,0.001455617137,0.0001153278499,0
11454,0.0004404067004,0.0001153278499,0
11455,0.000295232574,0.0001153278499,0
11456,0.001106696203,0.0001153278499,0
11457,0.0001061187286,0.0001153278499,0
11458,0.0004195277579,0.0001153278499,0
11459,0.000170137122,0.000114425653,0
11460,0.001853215043,0.000114425653,0
11461,0.0003286924039,0.000114425653,0
11462,0.0004789972445,0.000114425653,0
11463,0.0005182883469,0.000114425653,0
11464,0.001875324757,0.000114425653,0
11465,0.0008340057102,0.000114425653,0
11466,0.001072926214,0.000114425653,0
11467,0.0005508395843,0.000114425653,0
11468,0.002407390624,0.000114425653,0
11469,0.000817789929,0.000114425653,0
11470,0.0003769829636,0.000114425653,0
11471,0.002594911261,0.000114425653,0
11472,0.000558439584,0.000114425653,0
11473,0.001005748869,0.000114425653,0
11474,0.004788227379,0.000114425653,0
11475,0.0008620853769,0.000114425653,0
11476,0.0006216328475,0.000114425653,0
11477,0.0008922256529,0.000114425653,0
11478,0.0005611429224,0.000114425653,0
11479,0.0003315566864,0.0001140015593,0
11480,0.0003135786392,0.0001140015593,0
11481,0.001333823777,0.0001140015593,0
11482,0.001471320866,0.0001140015593,0
11483,0.001439942862,0.0001140015593,0
11484,0.001389929559,0.0001140015593,0
11485,0.0003628360864,0.0001140015593,0
11486,0.003042496275,0.0001140015593,0
11487,0.0002941294224,0.0001140015593,0
11488,0.000864940288,0.0001140015593,0
11489,0.000967348984,0.0001140015593,0
11490,0.000949805195,0.0001140015593,0
11491,0.0002418461954,0.0001140015593,0
11492,0.0004723610473,0.0001140015593,0
11493,0.001530846697,0.0001140015593,0
11494,0.0009006617474,0.0001140015593,0
11495,0.001194924815,0.0001140015593,0
11496,0.001720418455,0.0001140015593,0
11497,0.0006337851519,0.0001140015593,0
11498,0.0003078115697,0.0001140015593,0
11499,0.0003352102358,0.000114494127,0
11500,0.00102955359,0.000114494127,0
11501,0.0006760510732,0.000114494127,0
11502,0.003808876034,0.000114494127,0
11503,0.002376142191,0.000114494127,0
11504,0.0004293564707,0.000114494127,0
11505,0.0009657548508,0.000114494127,0
11506,0.001504339394,0.000114494127,0
11507,0.001220051548,0.000114494127,0
11508,0.0001817133452,0.000114494127,0
11509,0.0004097103956,0.000114494127,0
11510,0.001626167097,0.000114494127,0
11511,0.001873808913,0.000114494127,0
11512,0.0001611704211,0.000114494127,0
11513,0.0008657771978,0.000114494127,0
11514,0.0006057585706,0.000114494127,0
11515,0.0001685542084,0.000114494127,0
11516,0.002332283184,0.000114494127,0
11517,0.0002773150627,0.000114494127,0
11518,0.0002514454827,0.000114494127,0
11519,0.001263210899,0.0001139365631,0
11520,0.0004809598031,0.0001139365631,0
11521,0.001972917235,0.0001139365631,0
11522,0.002729990287,0.0001139365631,0
11523,0.001484625158,0.0001139365631,0
11524,0.0008188151405,0.0001139365631,0
11525,0.001606909442,0.0001139365631,0
11526,0.0003286664432,0.0001139365631,0
11527,0.001035273541,0.0001139365631,0
11528,0.00020037184,0.0001139365631,0
11529,0.005292369518,0.0001139365631,0
11530,0.0003688812139,0.0001139365631,0
11531,0.00113605673,0.0001139365631,0
11532,0.00143945904,0.0001139365631,0
11533,0.0005137653206,0.0001139365631,0
11534,0.0001541853562,0.0001139365631,0
11535,0.0005179255968,0.0001139365631,0
11536,0.0002588058414,0.0001139365631,0
11537,0.001698601409,0.0001139365631,0
11538,0.0001970196463,0.0001139365631,0
11539,0.0001438775798,0.0001141871617,0
11540,0.0006216332549,0.0001141871617,0
11541,0.000747191254,0.0001141871617,0
11542,0.001705312636,0.0001141871617,0
11543,0.0003145568771,0.0001141871617,0
11544,0.000303896697,0.0001141871617,0
11545,0.0003348856699,0.0001141871617,0
11546,0.0008784302045,0.0001141871617,0
11547,0.0006781537086,0.0001141871617,0
11548,0.0003810874769,0.0001141871617,0
11549,0.0004729998764,0.0001141871617,0
11550,0.0003518213634,0.0001141871617,0
11551,0.0007212461205,0.0001141871617,0
11552,0.001460880856,0.0001141871617,0
11553,0.006066131871,0.0001141871617,0
11554,0.007984075695,0.0001141871617,1
11555,0.006612584926,0.0001141871617,0
11556,0.001112716855,0.0001141871617,0
11557,0.0005091988132,0.0001141871617,0
11558,0.0009574402939,0.0001141871617,0
11559,0.0004099096695,0.0001144416092,0
11560,0.0009373383364,0.0001144416092,0
11561,0.001393990242,0.0001144416092,0
11562,0.001308979583,0.0001144416092,0
11563,0.001733862096,0.0001144416092,0
11564,0.0007564753178,0.0001144416092,0
11565,0.0004465608217,0.0001144416092,0
11566,0.001372839673,0.0001144416092,0
11567,0.0001867309475,0.0001144416092,0
11568,0.001311626751,0.0001144416092,0
11569,0.0008259933675,0.0001144416092,0
11570,0.0003106736403,0.0001144416092,0
11571,0.00181491673,0.0001144416092,0
11572,0.0002641328028,0.0001144416092,0
11573,0.002208653139,0.0001144416092,0
11574,0.0003367965401,0.0001144416092,0
11575,0.000871008262,0.0001144416092,0
11576,0.0001397511078,0.0001144416092,0
11577,0.0007114009932,0.0001144416092,0
11578,0.0005013296613,0.0001144416092,0
11579,0.0005235720309,0.0001145186034,0
11580,0.001387581462,0.0001145186034,0
11581,0.0004774693225,0.0001145186034,0
11582,0.0003541230108,0.0001145186034,0
11583,0.001504630549,0.0001145186034,0
11584,0.002840835135,0.0001145186034,0
11585,0.001022551325,0.0001145186034,0
11586,0.001019701362,0.0001145186034,0
11587,0.003120572073,0.0001145186034,0
11588,8.865359268e-05,0.0001145186034,0
11589,0.0009049825021,0.0001145186034,0
11590,0.001342584495,0.0001145186034,0
11591,0.0009934994159,0.0001145186034,0
11592,0.0004447539977,0.0001145186034,0
11593,0.001096591819,0.0001145186034,0
11594,0.0004208644677,0.0001145186034,0
11595,0.0001632537897,0.0001145186034,0
11596,0.0028436461,0.0001145186034,0
11597,0.000645743974,0.0001145186034,0
11598,0.0001628812315,0.0001145186034,0
11599,0.0001859866315,0.0001142891415,0
11600,0.0216753576,0.0001142891415,1
11601,0.001704318915,0.0001142891415,0
11602,0.001295272843,0.0001142891415,0
11603,0.0008766026003,0.0001142891415,0
11604,0.0003632692096,0.0001142891415,0
11605,0.000229676516,0.0001142891415,0
11606,0.0006746458821,0.0001142891415,0
11607,0.0009850200731,0.0001142891415,0
11608,0.0004778713628,0.0001142891415,0
11609,0.0005704893265,0.0001142891415,0
11610,0.0003487478243,0.0001142891415,0
11611,0.001130519551,0.0001142891415,0
11612,0.004487328231,0.0001142891415,0
11613,0.01088566519,0.0001142891415,1
11614,0.00403592363,0.0001142891415,0
11615,0.0002506111341,0.0001142891415,0
11616,0.0009417061228,0.0001142891415,0
11617,0.0003192876466,0.0001142891415,0
11618,0.000837549509,0.0001142891415,0
11619,0.0003178849001,0.0001145623319,0
11620,0.001296590199,0.0001145623319,0
11621,0.00562908873,0.0001145623319,0
11622,0.000744709745,0.0001145623319,0
11623,0.0003777818638,0.0001145623319,0
11624,0.002806750126,0.0001145623319,0
11625,0.001329905121,0.0001145623319,0
11626,0.007183444686,0.0001145623319,0
11627,0.001447471208,0.0001145623319,0
11628,0.001105084317,0.0001145623319,0
11629,0.001940090442,0.0001145623319,0
11630,0.0002952517243,0.0001145623319,0
11631,0.0008753865259,0.0001145623319,0
11632,0.0001246182801,0.0001145623319,0
11633,0.0003067877842,0.0001145623319,0
11634,0.0003853689705,0.0001145623319,0
11635,0.0003020851582,0.0001145623319,0
11636,0.0009130725521,0.0001145623319,0
11637,0.006102543324,0.0001145623319,0
11638,0.002440003213,0.0001145623319,0
11639,0.0007081393269,0.0001150405951,0
11640,0.0002880601387,0.0001150405951,0
11641,0.006019687746,0.0001150405951,0
11642,0.001758996281,0.0001150405951,0
11643,0.001117088832,0.0001150405951,0
11644,0.000588135852,0.0001150405951,0
11645,0.00226474693,0.0001150405951,0
11646,0.001695195795,0.0001150405951,0
11647,0.005730528384,0.0001150405951,0
11648,0.002428728621,0.0001150405951,0
11649,0.000524859759,0.0001150405951,0
11650,0.0009003963205,0.0001150405951,0
11651,0.0003810951603,0.0001150405951,0
11652,0.0005790681462,0.0001150405951,0
11653,0.0004671114439,0.0001150405951,0
11654,0.0002063610737,0.0001150405951,0
11655,0.001596001443,0.0001150405951,0
11656,0.004144262988,0.0001150405951,0
11657,0.001409733668,0.0001150405951,0
11658,0.001431479235,0.0001150405951,0
11659,0.003860568628,0.000114364535,0
11660,0.001111001242,0.000114364535,0
11661,0.005074232817,0.000114364535,0
11662,0.0006948391674,0.000114364535,0
11663,0.003974406514,0.000114364535,0
11664,0.0007229246548,0.000114364535,0
11665,0.004496545065,0.000114364535,0
11666,0.01107582636,0.000114364535,1
11667,0.0009087037179,0.000114364535,0
11668,0.0006904705078,0.000114364535,0
11669,0.004470341839,0.000114364535,0
11670,0.003532093484,0.000114364535,0
11671,0.01063517481,0.000114364535,1
11672,0.0002575821127,0.000114364535,0
11673,0.0004518837668,0.000114364535,0
11674,0.001628656406,0.000114364535,0
11675,0.0001016095557,0.000114364535,0
11676,0.0002660326136,0.000114364535,0
11677,0.001238273107,0.000114364535,0
11678,0.001361656236,0.000114364535,0
11679,0.0001308792707,0.0001141540415,0
11680,0.0001632354833,0.0001141540415,0
11681,0.0003997403837,0.0001141540415,0
11682,0.001943310723,0.0001141540415,0
11683,0.001032659435,0.0001141540415,0
11684,0.002068432281,0.0001141540415,0
11685,0.0003996595915,0.0001141540415,0
11686,0.0002561327419,0.0001141540415,0
11687,0.0006214707391,0.0001141540415,0
11688,0.0001153651174,0.0001141540415,0
11689,0.001083855168,0.0001141540415,0
11690,0.0005471725599,0.0001141540415,0
11691,0.0004668698821,0.0001141540415,0
11692,0.005146058742,0.0001141540415,0
11693,0.0009146644152,0.0001141540415,0
11694,0.002465179423,0.0001141540415,0
11695,0.0007254431839,0.0001141540415,0
11696,0.0009157459717,0.0001141540415,0
11697,0.001622418989,0.0001141540415,0
11698,0.001661382499,0.0001141540415,0
11699,0.0001914020831,0.0001145589777,0
11700,0.0003436722618,0.0001145589777,0
11701,0.000667159271,0.0001145589777,0
11702,0.001599492971,0.0001145589777,0
11703,0.0006121331244,0.0001145589777,0
11704,0.0002646913345,0.0001145589777,0
11705,0.002017493825,0.0001145589777,0
11706,0.0007282129372,0.0001145589777,0
11707,0.002196999267,0.0001145589777,0
11708,0.001534257433,0.0001145589777,0
11709,0.006171980407,0.0001145589777,0
11710,0.001291921595,0.0001145589777,0
11711,0.0003969087556,0.0001145589777,0
11712,0.000893311284,0.0001145589777,0
11713,0.001148006879,0.0001145589777,0
11714,0.0004034374724,0.0001145589777,0
11715,0.0002339985513,0.0001145589777,0
11716,0.0006697048666,0.0001145589777,0
11717,0.001057695481,0.0001145589777,0
11718,0.003540786682,0.0001145589777,0
11719,0.0001954150357,0.0001142522888,0
11720,0.0001969830046,0.0001142522888,0
11721,0.0009903621394,0.0001142522888,0
11722,0.0009841489373,0.0001142522888,0
11723,0.001624647295,0.0001142522888,0
11724,0.004586505238,0.0001142522888,0
11725,0.0005903037963,0.0001142522888,0
11726,0.0005720070913,0.0001142522888,0
11727,0.001607922604,0.0001142522888,0
11728,0.001681154361,0.0001142522888,0
11729,0.0003374500084,0.0001142522888,0
11730,0.0001638051908,0.0001142522888,0
11731,0.01564793848,0.0001142522888,1
11732,0.0007829180104,0.0001142522888,0
11733,0.0001895261667,0.0001142522888,0
11734,0.0002775526082,0.0001142522888,0
11735,0.001549527049,0.0001142522888,0
11736,0.0002687618835,0.0001142522888,0
11737,0.001277527073,0.0001142522888,0
11738,0.006002282724,0.0001142522888,0
11739,0.0006684865803,0.0001144937996,0
11740,0.001494456781,0.0001144937996,0
11741,0.0005392270396,0.0001144937996,0
11742,0.0006262453389,0.0001144937996,0
11743,0.001871121814,0.0001144937996,0
11744,0.0001461458596,0.0001144937996,0
11745,0.0005106639001,0.0001144937996,0
11746,0.0006974026328,0.0001144937996,0
11747,0.0004070090945,0.0001144937996,0
11748,0.0006657783524,0.0001144937996,0
11749,0.0007802688051,0.0001144937996,0
11750,0.0003529828682,0.0001144937996,0
11751,0.002540324815,0.0001144937996,0
11752,0.0005648603546,0.0001144937996,0
11753,0.0003382379073,0.0001144937996,0
11754,0.00103958766,0.0001144937996,0
11755,0.001585848047,0.0001144937996,0
11756,0.001271353685,0.0001144937996,0
11757,0.0002918777463,0.0001144937996,0
11758,0.0008007626748,0.0001144937996,0
11759,0.004105902743,0.0001144184425,0
11760,0.0003776289523,0.0001144184425,0
11761,0.000327253656,0.0001144184425,0
11762,0.0005238477024,0.0001144184425,0
11763,0.006950589828,0.0001144184425,0
11764,0.0007850982947,0.0001144184425,0
11765,0.0005781446234,0.0001144184425,0
11766,0.00225237431,0.0001144184425,0
11767,0.001227859058,0.0001144184425,0
11768,0.0007641802076,0.0001144184425,0
11769,0.0008860711823,0.0001144184425,0
11770,0.001246611937,0.0001144184425,0
11771,0.0007363615441,0.0001144184425,0
11772,0.0001751369564,0.0001144184425,0
11773,0.0004658803518,0.0001144184425,0
11774,0.001899000723,0.0001144184425,0
11775,0.002896482125,0.0001144184425,0
11776,0.0003881395096,0.0001144184425,0
11777,0.006902389228,0.0001144184425,0
11778,0.0005235830904,0.0001144184425,0
11779,0.0004224789445,0.0001136927167,0
11780,0.00046723368,0.0001136927167,0
11781,0.0003430876532,0.0001136927167,0
11782,0.0008326794486,0.0001136927167,0
11783,0.001955764601,0.0001136927167,0
11784,0.0009033315,0.0001136927167,0
11785,0.001026302227,0.0001136927167,0
11786,0.008261589333,0.0001136927167,1
11787,0.001129258308,0.0001136927167,0
11788,0.00131798978,0.0001136927167,0
11789,0.000273670943,0.0001136927167,0
11790,0.003744835034,0.0001136927167,0
11791,0.0004507434205,0.0001136927167,0
11792,0.001585899037,0.0001136927167,0
11793,0.0008361128857,0.0001136927167,0
11794,0.0008829346043,0.0001136927167,0
11795,0.004377849866,0.0001136927167,0
11796,0.001559423399,0.0001136927167,0
11797,0.0009407104808,0.0001136927167,0
11798,0.0003409327473,0.0001136927167,0
11799,0.0002114860981,0.0001141777466,0
11800,0.0007028769469,0.0001141777466,0
11801,0.001053077052,0.0001141777466,0
11802,0.0004930517171,0.0001141777466,0
11803,0.0009401004063,0.0001141777466,0
11804,0.0006543082418,0.0001141777466,0
11805,0.0002232594707,0.0001141777466,0
11806,0.005438921507,0.0001141777466,0
11807,0.0016829659,0.0001141777466,0
11808,0.0004280759313,0.0001141777466,0
11809,0.0002775369212,0.0001141777466,0
11810,0.000204316515,0.0001141777466,0
11811,0.0009389776969,0.0001141777466,0
11812,0.0003513464471,0.0001141777466,0
11813,0.0007024580846,0.0001141777466,0
11814,0.0005386354751,0.0001141777466,0
11815,0.002564893104,0.0001141777466,0
11816,0.0006889220094,0.0001141777466,0
11817,0.002864985727,0.0001141777466,0
11818,0.0002166213526,0.0001141777466,0
11819,0.0409001708,0.0001143287664,1
11820,0.0007510659052,0.0001143287664,0
11821,0.00845936127,0.0001143287664,1
11822,0.0003997499007,0.0001143287664,0
11823,0.0004577566579,0.0001143287664,0
11824,0.003052657936,0.0001143287664,0
11825,0.001969861099,0.0001143287664,0
11826,0.002526676049,0.0001143287664,0
11827,0.0009293005569,0.0001143287664,0
11828,0.0006548512029,0.0001143287664,0
11829,0.001009587548,0.0001143287664,0
11830,0.0005504330038,0.0001143287664,0
11831,0.002934757387,0.0001143287664,0
11832,0.0001970797748,0.0001143287664,0
11833,0.000446463353,0.0001143287664,0
11834,0.001569180749,0.0001143287664,0
11835,0.0002626082278,0.0001143287664,0
11836,0.002424367936,0.0001143287664,0
11837,0.0006954961573,0.0001143287664,0
11838,0.0004791678512,0.0001143287664,0
11839,0.001043915516,0.0001155366917,0
11840,0.0007603018894,0.0001155366917,0
11841,0.0004025857197,0.0001155366917,0
11842,0.0002838535002,0.0001155366917,0
11843,0.0002714760194,0.0001155366917,0
11844,0.00306463684,0.0001155366917,0
11845,0.0001323004544,0.0001155366917,0
11846,0.0002291460551,0.0001155366917,0
11847,0.0005298878532,0.0001155366917,0
11848,0.0007035471499,0.0001155366917,0
11849,0.001548126922,0.0001155366917,0
11850,0.0007400520262,0.0001155366917,0
11851,0.002708555898,0.0001155366917,0
11852,0.001830159803,0.0001155366917,0
11853,0.0005373454187,0.0001155366917,0
11854,0.001996973529,0.0001155366917,0
11855,0.00023828134,0.0001155366917,0
11856,0.002912117634,0.0001155366917,0
11857,0.003821282415,0.0001155366917,0
11858,0.0002639699378,0.0001155366917,0
11859,0.0009695606423,0.0001151768447,0
11860,0.0002255256404,0.0001151768447,0
11861,0.002866846276,0.0001151768447,0
11862,0.0004270181817,0.0001151768447,0
11863,0.000287908013,0.0001151768447,0
11864,0.0008492213092,0.0001151768447,0
11865,0.002091115341,0.0001151768447,0
11866,0.001154534286,0.0001151768447,0
11867,0.0007681236602,0.0001151768447,0
11868,0.002148687374,0.0001151768447,0
11869,0.0005997797707,0.0001151768447,0
11870,0.002334375633,0.0001151768447,0
11871,0.0005890741595,0.0001151768447,0
11872,0.0002313106088,0.0001151768447,0
11873,0.00210437621,0.0001151768447,0
11874,0.0008474034257,0.0001151768447,0
11875,0.0008596275584,0.0001151768447,0
11876,0.0009435449028,0.0001151768447,0
11877,0.007125019096,0.0001151768447,0
11878,0.003925624304,0.0001151768447,0
11879,0.0004118912329,0.0001155275822,0
11880,0.00138313428,0.0001155275822,0
11881,0.001950306469,0.0001155275822,0
11882,0.0003361233103,0.0001155275822,0
11883,0.0002866285504,0.0001155275822,0
11884,0.00506658759,0.0001155275822,0
11885,0.0004080499348,0.0001155275822,0
11886,0.0005230839597,0.0001155275822,0
11887,0.0006007214542,0.0001155275822,0
11888,0.0005027324078,0.0001155275822,0
11889,0.0002859316592,0.0001155275822,0
11890,0.0002800928487,0.0001155275822,0
11891,0.0003540100297,0.0001155275822,0
11892,0.003588580759,0.0001155275822,0
11893,0.001270515611,0.0001155275822,0
11894,0.0003514726704,0.0001155275822,0
11895,0.0006405479508,0.0001155275822,0
11896,0.002302083187,0.0001155275822,0
11897,0.0006968202651,0.0001155275822,0
11898,0.0008572072838,0.0001155275822,0
11899,0.02059358172,0.0001156031649,1
11900,0.0002274085855,0.0001156031649,0
11901,0.000667767541,0.0001156031649,0
11902,0.001758429804,0.0001156031649,0
11903,0.0003939542803,0.0001156031649,0
11904,0.001538510551,0.0001156031649,0
11905,0.003370010993,0.0001156031649,0
11906,0.00109300809,0.0001156031649,0
11907,0.0006587869138,0.0001156031649,0
11908,0.01495442167,0.0001156031649,1
11909,0.0003344151773,0.0001156031649,0
11910,0.0005104395095,0.0001156031649,0
11911,0.001067749807,0.0001156031649,0
11912,0.0003966350632,0.0001156031649,0
11913,0.001424215618,0.0001156031649,0
11914,0.002197927097,0.0001156031649,0
11915,0.0002243824274,0.0001156031649,0
11916,0.0005326393875,0.0001156031649,0
11917,0.003404207993,0.0001156031649,0
11918,0.0009041428566,0.0001156031649,0
11919,0.00187579263,0.000115392053,0
11920,0.000698039541,0.000115392053,0
11921,0.0003546941443,0.000115392053,0
11922,0.000672432594,0.000115392053,0
11923,0.0005195862614,0.000115392053,0
11924,0.001770831295,0.000115392053,0
11925,0.0004101462837,0.000115392053,0
11926,0.000692225527,0.000115392053,0
11927,0.0003995682637,0.000115392053,0
11928,0.0005526058376,0.000115392053,0
11929,0.005913538393,0.000115392053,0
11930,0.0004444719525,0.000115392053,0
11931,0.0009948078077,0.000115392053,0
11932,0.001270010602,0.000115392053,0
11933,0.0009788715979,0.000115392053,0
11934,0.0002595413825,0.000115392053,0
11935,0.03074334003,0.000115392053,1
11936,0.000907953945,0.000115392053,0
11937,0.008424263448,0.000115392053,1
11938,0.0001574020716,0.000115392053,0
11939,0.0004189724568,0.0001157063525,0
11940,0.0001818859164,0.0001157063525,0
11941,0.0006961413892,0.0001157063525,0
11942,0.001141037676,0.0001157063525,0
11943,0.001727779047,0.0001157063525,0
11944,0.003344874829,0.0001157063525,0
11945,0.0004938296042,0.0001157063525,0
11946,0.001860766322,0.0001157063525,0
11947,0.0005008971202,0.0001157063525,0
11948,0.003643837525,0.0001157063525,0
11949,0.001159617095,0.0001157063525,0
11950,0.002102481434,0.0001157063525,0
11951,0.0003017323033,0.0001157063525,0
11952,0.000334118522,0.0001157063525,0
11953,0.0006582551869,0.0001157063525,0
11954,0.001069230144,0.0001157063525,0
11955,0.003551242175,0.0001157063525,0
11956,0.0002415783238,0.0001157063525,0
11957,0.0003280155943,0.0001157063525,0
11958,0.0005812423187,0.0001157063525,0
11959,0.001362257404,0.0001155005739,0
11960,0.0003255717747,0.0001155005739,0
11961,0.001770019764,0.0001155005739,0
11962,0.0003169555275,0.0001155005739,0
11963,0.0004323836474,0.0001155005739,0
11964,0.0003236181219,0.0001155005739,0
11965,0.002190867672,0.0001155005739,0
11966,0.01066134125,0.0001155005739,1
11967,0.001002101693,0.0001155005739,0
11968,0.001428844756,0.0001155005739,0
11969,0.002408604836,0.0001155005739,0
11970,0.001930501545,0.0001155005739,0
11971,0.00167639798,0.0001155005739,0
11972,0.0004756624694,0.0001155005739,0
11973,0.0004633287026,0.0001155005739,0
11974,0.00134256517,0.0001155005739,0
11975,0.000592053635,0.0001155005739,0
11976,0.001167974784,0.0001155005739,0
11977,0.0005594535032,0.0001155005739,0
11978,0.001584902289,0.0001155005739,0
11979,0.0006036139675,0.0001153595877,0
11980,0.0008685666835,0.0001153595877,0
11981,0.001048563863,0.0001153595877,0
11982,0.002522825031,0.0001153595877,0
11983,0.0001875937596,0.0001153595877,0
11984,0.0005916230148,0.0001153595877,0
11985,0.001875735121,0.0001153595877,0
11986,0.0005217442522,0.0001153595877,0
11987,0.00309388293,0.0001153595877,0
11988,0.001092179562,0.0001153595877,0
11989,0.00106432708,0.0001153595877,0
11990,0.004419048782,0.0001153595877,0
11991,0.0003800513223,0.0001153595877,0
11992,0.001086271252,0.0001153595877,0
11993,0.000623721513,0.0001153595877,0
11994,0.0005452164332,0.0001153595877,0
11995,0.000406631385,0.0001153595877,0
11996,0.0005856453208,0.0001153595877,0
11997,0.0007826934452,0.0001153595877,0
11998,0.0007940726355,0.0001153595877,0
11999,0.0008508340688,0.0001155198333,0
12000,0.0008944282308,0.0001155198333,0
12001,0.001043843338,0.0001155198333,0
12002,0.0171116367,0.0001155198333,1
12003,0.001880647498,0.0001155198333,0
12004,0.0006111848634,0.0001155198333,0
12005,0.0006632065051,0.0001155198333,0
12006,0.001913649263,0.0001155198333,0
12007,0.001868910389,0.0001155198333,0
12008,0.004593024962,0.0001155198333,0
12009,0.001716555096,0.0001155198333,0
12010,0.0003638310591,0.0001155198333,0
12011,0.001792961964,0.0001155198333,0
12012,0.0007589841262,0.0001155198333,0
12013,0.000991477631,0.0001155198333,0
12014,0.0002195412235,0.0001155198333,0
12015,0.00190643,0.0001155198333,0
12016,0.0008860009257,0.0001155198333,0
12017,0.0003308192245,0.0001155198333,0
12018,0.001097065047,0.0001155198333,0
12019,0.000450057938,0.0001151916076,0
12020,0.0005182517925,0.0001151916076,0
12021,0.0005379513605,0.0001151916076,0
12022,0.0002785187971,0.0001151916076,0
12023,0.002429778688,0.0001151916076,0
12024,0.0008276087465,0.0001151916076,0
12025,0.0003854873066,0.0001151916076,0
12026,0.000956326141,0.0001151916076,0
12027,0.0001953534083,0.0001151916076,0
12028,0.0003834272793,0.0001151916076,0
12029,0.0003884801699,0.0001151916076,0
12030,0.002066595014,0.0001151916076,0
12031,0.001044196193,0.0001151916076,0
12032,0.0002957797842,0.0001151916076,0
12033,0.0006339141401,0.0001151916076,0
12034,0.001832125825,0.0001151916076,0
12035,0.006096340716,0.0001151916076,0
12036,0.002929338021,0.0001151916076,0
12037,0.0009212726727,0.0001151916076,0
12038,0.0008944174624,0.0001151916076,0
12039,0.001783120679,0.0001149186064,0
12040,0.0002905934816,0.0001149186064,0
12041,0.0003443417663,0.0001149186064,0
12042,0.001023130608,0.0001149186064,0
12043,0.0003933027619,0.0001149186064,0
12044,0.0003531712573,0.0001149186064,0
12045,0.01122776698,0.0001149186064,1
12046,0.0007901504869,0.0001149186064,0
12047,0.0003031120286,0.0001149186064,0
12048,0.0007299456047,0.0001149186064,0
12049,0.0003973597777,0.0001149186064,0
12050,0.001272426103,0.0001149186064,0
12051,0.0004345919588,0.0001149186064,0
12052,0.0004807673395,0.0001149186064,0
12053,0.001117896754,0.0001149186064,0
12054,0.000461006799,0.0001149186064,0
12055,0.002431723289,0.0001149186064,0
12056,0.0003732122714,0.0001149186064,0
12057,0.002508161822,0.0001149186064,0
12058,0.001286277198,0.0001149186064,0
12059,0.001419727341,0.0001150440803,0
12060,0.0004351256648,0.0001150440803,0
12061,0.0009442840237,0.0001150440803,0
12062,0.0002878470696,0.0001150440803,0
12063,0.002294960897,0.0001150440803,0
12064,0.0007621956174,0.0001150440803,0
12065,0.0007494298625,0.0001150440803,0
12066,0.001284578117,0.0001150440803,0
12067,0.0006209183484,0.0001150440803,0
12068,0.0005083944416,0.0001150440803,0
12069,0.0001338647999,0.0001150440803,0
12070,0.0122964317,0.0001150440803,1
12071,0.0003841212019,0.0001150440803,0
12072,0.002906566486,0.0001150440803,0
12073,0.0003101201146,0.0001150440803,0
12074,0.002970872214,0.0001150440803,0
12075,0.0007630806649,0.0001150440803,0
12076,0.0002563638263,0.0001150440803,0
12077,0.002800547285,0.0001150440803,0
12078,0.000671780901,0.0001150440803,0
12079,0.0008384282119,0.0001141230314,0
12080,0.00141873525,0.0001141230314,0
12081,0.002604318084,0.0001141230314,0
12082,0.0008119823178,0.0001141230314,0
12083,0.002135182964,0.0001141230314,0
12084,0.002132889116,0.0001141230314,0
12085,0.001412296202,0.0001141230314,0
12086,0.0002413802576,0.0001141230314,0
12087,0.0001271329384,0.0001141230314,0
12088,0.001400309964,0.0001141230314,0
12089,0.0002469838364,0.0001141230314,0
12090,0.00305545982,0.0001141230314,0
12091,0.0006408939371,0.0001141230314,0
12092,0.00120987033,0.0001141230314,0
12093,0.002480066614,0.0001141230314,0
12094,0.0005520841805,0.0001141230314,0
12095,0.006138352212,0.0001141230314,0
12096,0.001615701476,0.0001141230314,0
12097,0.0002667372464,0.0001141230314,0
12098,0.0009365940932,0.0001141230314,0
12099,0.0002713557624,0.0001140133681,0
12100,0.008811526,0.0001140133681,1
12101,0.003192503005,0.0001140133681,0
12102,0.01092166267,0.0001140133681,1
12103,0.002683733124,0.0001140133681,0
12104,0.000577027793,0.0001140133681,0
12105,0.0004788837396,0.0001140133681,0
12106,0.0003242117236,0.0001140133681,0
12107,0.007059312891,0.0001140133681,0
12108,0.0007488097181,0.0001140133681,0
12109,0.001116038184,0.0001140133681,0
12110,0.0002675361175,0.0001140133681,0
12111,0.001427198062,0.0001140133681,0
12112,0.000657211116,0.0001140133681,0
12113,0.0004271475773,0.0001140133681,0
12114,0.0006042531459,0.0001140133681,0
12115,0.0001676855754,0.0001140133681,0
12116,0.0005287128733,0.0001140133681,0
12117,0.000555470353,0.0001140133681,0
12118,0.0005703282659,0.0001140133681,0
12119,0.001031096093,0.0001139517044,0
12120,0.005379305687,0.0001139517044,0
12121,0.001874807989,0.0001139517044,0
12122,0.004522257484,0.0001139517044,0
12123,0.0003553106217,0.0001139517044,0
12124,0.0005029781023,0.0001139517044,0
12125,0.0004964022664,0.0001139517044,0
12126,0.0001309686195,0.0001139517044,0
12127,0.0003736571816,0.0001139517044,0
12128,0.001826418797,0.0001139517044,0
12129,0.001786966808,0.0001139517044,0
12130,0.003342391225,0.0001139517044,0
12131,0.000926542969,0.0001139517044,0
12132,0.0002869211021,0.0001139517044,0
12133,0.003982366994,0.0001139517044,0
12134,0.001124221017,0.0001139517044,0
12135,0.0009753473569,0.0001139517044,0
12136,0.0003583669895,0.0001139517044,0
12137,0.0001456648315,0.0001139517044,0
12138,0.001422599191,0.0001139517044,0
12139,0.0004113031027,0.0001146468203,0
12140,0.002493568929,0.0001146468203,0
12141,0.001722960034,0.0001146468203,0
12142,0.003523162333,0.0001146468203,0
12143,0.0005487373564,0.0001146468203,0
12144,0.000428248517,0.0001146468203,0
12145,0.001025978825,0.0001146468203,0
12146,0.001534834155,0.0001146468203,0
12147,0.001879031188,0.0001146468203,0
12148,0.0002764973615,0.0001146468203,0
12149,0.003607340856,0.0001146468203,0
12150,0.0002844442788,0.0001146468203,0
12151,0.0007427208475,0.0001146468203,0
12152,0.0003997111344,0.0001146468203,0
12153,0.001355177141,0.0001146468203,0
12154,0.001132310834,0.0001146468203,0
12155,0.003735123901,0.0001146468203,0
12156,0.00341381086,0.0001146468203,0
12157,0.0009739797679,0.0001146468203,0
12158,0.0002336447942,0.0001146468203,0
12159,0.001588921645,0.0001147605435,0
12160,0.0005426739226,0.0001147605435,0
12161,0.0006006163312,0.0001147605435,0
12162,0.0004927719128,0.0001147605435,0
12163,0.000624729204,0.0001147605435,0
12164,0.0003918610455,0.0001147605435,0
12165,0.0008725576918,0.0001147605435,0
12166,0.0006685119006,0.0001147605435,0
12167,0.0002403625112,0.0001147605435,0
12168,0.0006954421406,0.0001147605435,0
12169,0.001463219989,0.0001147605435,0
12170,0.0007656472153,0.0001147605435,0
12171,0.0003765524598,0.0001147605435,0
12172,0.0005481595872,0.0001147605435,0
12173,0.001143322443,0.0001147605435,0
12174,0.0004868283577,0.0001147605435,0
12175,0.0008750130073,0.0001147605435,0
12176,0.0003273287148,0.0001147605435,0
12177,0.0003569768742,0.0001147605435,0
12178,0.0001256313262,0.0001147605435,0
12179,0.0002044023568,0.0001152837358,0
12180,0.001514638076,0.0001152837358,0
12181,0.0004105651169,0.0001152837358,0
12182,0.001564875711,0.0001152837358,0
12183,0.0003006483021,0.0001152837358,0
12184,0.001334236003,0.0001152837358,0
12185,0.0007189620519,0.0001152837358,0
12186,0.005403921939,0.0001152837358,0
12187,0.005929089617,0.0001152837358,0
12188,9.774287173e-05,0.0001152837358,0
12189,0.001357945963,0.0001152837358,0
12190,0.001246410073,0.0001152837358,0
12191,0.001158821397,0.0001152837358,0
12192,0.001376147382,0.0001152837358,0
12193,0.001061628573,0.0001152837358,0
12194,0.001330366009,0.0001152837358,0
12195,0.0004032388679,0.0001152837358,0
12196,0.0002807968121,0.0001152837358,0
12197,0.0005669308011,0.0001152837358,0
12198,0.0003143088543,0.0001152837358,0
12199,0.0007127654389,0.0001152804107,0
12200,0.0007692760555,0.0001152804107,0
12201,0.001597104827,0.0001152804107,0
12202,0.0009692896274,0.0001152804107,0
12203,0.000225157637,0.0001152804107,0
12204,0.0006707354332,0.0001152804107,0
12205,0.0003083962074,0.0001152804107,0
12206,0.0007494197343,0.0001152804107,0
12207,0.0007332308451,0.0001152804107,0
12208,0.001746904454,0.0001152804107,0
12209,0.002229446312,0.0001152804107,0
12210,0.0007376921712,0.0001152804107,0
12211,0.0004559929657,0.0001152804107,0
12212,0.001501227962,0.0001152804107,0
12213,0.001780989114,0.0001152804107,0
12214,0.0005277101882,0.0001152804107,0
12215,0.0005130339996,0.0001152804107,0
12216,0.001023557852,0.0001152804107,0
12217,0.002122572856,0.0001152804107,0
12218,0.00180416042,0.0001152804107,0
12219,0.0006564348587,0.0001151136021,0
12220,0.001310865162,0.0001151136021,0
12221,0.000345803157,0.0001151136021,0
12222,0.0007671781932,0.0001151136021,0
12223,0.001439359621,0.0001151136021,0
12224,0.0008521740092,0.0001151136021,0
12225,0.0002221535979,0.0001151136021,0
12226,0.003044732148,0.0001151136021,0
12227,0.002930000192,0.0001151136021,0
12228,0.002532928484,0.0001151136021,0
12229,0.001414589817,0.0001151136021,0
12230,0.000900362269,0.0001151136021,0
12231,0.002098697471,0.0001151136021,0
12232,0.002910209354,0.0001151136021,0
12233,0.003974297084,0.0001151136021,0
12234,0.00224588369,0.0001151136021,0
12235,0.001319203991,0.0001151136021,0
12236,0.0002722909558,0.0001151136021,0
12237,0.0005128349294,0.0001151136021,0
12238,0.001266707201,0.0001151136021,0
12239,0.001114462619,0.000115522118,0
12240,0.006902131718,0.000115522118,0
12241,0.0004868141259,0.000115522118,0
12242,0.0008243612829,0.000115522118,0
12243,0.0008750433335,0.000115522118,0
12244,0.0002270400728,0.000115522118,0
12245,0.0004121464153,0.000115522118,0
12246,0.001354816952,0.000115522118,0
12247,0.0007531536976,0.000115522118,0
12248,0.002146162093,0.000115522118,0
12249,0.0007595336065,0.000115522118,0
12250,0.0006639231578,0.000115522118,0
12251,0.002815359272,0.000115522118,0
12252,0.0009432149236,0.000115522118,0
12253,0.001298380783,0.000115522118,0
12254,0.003175970633,0.000115522118,0
12255,0.000966130232,0.000115522118,0
12256,0.0008424159023,0.000115522118,0
12257,0.02290874533,0.000115522118,1
12258,0.006245810539,0.000115522118,0
12259,0.001026296988,0.0001156736325,0
12260,0.007013001014,0.0001156736325,0
12261,0.0004313578247,0.0001156736325,0
12262,0.0006993063726,0.0001156736325,0
12263,0.0007270332426,0.0001156736325,0
12264,0.0003779963881,0.0001156736325,0
12265,0.0005551573704,0.0001156736325,0
12266,0.004060762469,0.0001156736325,0
12267,0.0005295177107,0.0001156736325,0
12268,0.0003076054854,0.0001156736325,0
12269,0.0005700883921,0.0001156736325,0
12270,0.000449197978,0.0001156736325,0
12271,0.0006122386549,0.0001156736325,0
12272,0.0001568373409,0.0001156736325,0
12273,0.01407186221,0.0001156736325,1
12274,0.0005442104302,0.0001156736325,0
12275,0.01302524377,0.0001156736325,1
12276,0.0006444074679,0.0001156736325,0
12277,0.001306937309,0.0001156736325,0
12278,0.0009319110541,0.0001156736325,0
12279,0.001874384354,0.0001156178187,0
12280,0.003145539667,0.0001156178187,0
12281,0.005328713451,0.0001156178187,0
12282,0.001851989422,0.0001156178187,0
12283,0.0003396550601,0.0001156178187,0
12284,0.0007325480692,0.0001156178187,0
12285,0.0004066022811,0.0001156178187,0
12286,0.0005118240369,0.0001156178187,0
12287,0.001146283816,0.0001156178187,0
12288,0.002617770573,0.0001156178187,0
12289,0.00141273893,0.0001156178187,0
12290,0.0005995601532,0.0001156178187,0
12291,0.0005118469126,0.0001156178187,0
12292,0.001578197815,0.0001156178187,0
12293,0.001381638926,0.0001156178187,0
12294,0.0006808731123,0.0001156178187,0
12295,0.004752432462,0.0001156178187,0
12296,0.0003900931624,0.0001156178187,0
12297,0.0003663513926,0.0001156178187,0
12298,0.002034301637,0.0001156178187,0
12299,0.0002608436334,0.0001161100954,0
12300,0.004055962432,0.0001161100954,0
12301,0.001357518137,0.0001161100954,0
12302,0.0004818738962,0.0001161100954,0
12303,0.001525186817,0.0001161100954,0
12304,0.001255939365,0.0001161100954,0
12305,0.00432175165,0.0001161100954,0
12306,0.01436760835,0.0001161100954,1
12307,0.0007723927847,0.0001161100954,0
12308,0.001293328707,0.0001161100954,0
12309,0.0002834695042,0.0001161100954,0
12310,0.000766365265,0.0001161100954,0
12311,0.001017724397,0.0001161100954,0
12312,0.0003450246004,0.0001161100954,0
12313,0.001711709076,0.0001161100954,0
12314,0.003482566914,0.0001161100954,0
12315,0.002754843561,0.0001161100954,0
12316,0.0009317419026,0.0001161100954,0
12317,0.0008119293489,0.0001161100954,0
12318,0.0002578725689,0.0001161100954,0
12319,0.0004556618514,0.0001161667606,0
12320,0.0004528501013,0.0001161667606,0
12321,0.00162073411,0.0001161667606,0
12322,0.001318079769,0.0001161667606,0
12323,0.002456845483,0.0001161667606,0
12324,0.0005791634321,0.0001161667606,0
12325,0.0003303401754,0.0001161667606,0
12326,0.002020727377,0.0001161667606,0
12327,0.0002015200444,0.0001161667606,0
12328,0.0005784526584,0.0001161667606,0
12329,0.0007018107572,0.0001161667606,0
12330,0.0009823869914,0.0001161667606,0
12331,0.002488449216,0.0001161667606,0
12332,0.002472048393,0.0001161667606,0
12333,0.0005447812728,0.0001161667606,0
12334,0.0007394746644,0.0001161667606,0
12335,0.0006202714285,0.0001161667606,0
12336,0.002026911126,0.0001161667606,0
12337,0.0006818944239,0.0001161667606,0
12338,0.0008064319263,0.0001161667606,0
12339,0.002257426735,0.0001166886796,0
12340,0.0006103221094,0.0001166886796,0
12341,0.002934978809,0.0001166886796,0
12342,0.0008202618337,0.0001166886796,0
12343,0.0006572295679,0.0001166886796,0
12344,0.0005191269447,0.0001166886796,0
12345,0.000233636747,0.0001166886796,0
12346,0.0006015452673,0.0001166886796,0
12347,0.005949169397,0.0001166886796,0
12348,0.001239905716,0.0001166886796,0
12349,0.0007866622182,0.0001166886796,0
12350,0.0003971085534,0.0001166886796,0
12351,0.0007895603776,0.0001166886796,0
12352,0.0007757265121,0.0001166886796,0
12353,0.0006629356649,0.0001166886796,0
12354,0.0008424181142,0.0001166886796,0
12355,0.0005174155231,0.0001166886796,0
12356,0.0005414210027,0.0001166886796,0
12357,0.0002993101662,0.0001166886796,0
12358,0.001671552658,0.0001166886796,0
12359,0.0005290530389,0.0001170284959,0
12360,0.000802387076,0.0001170284959,0
12361,0.0001250900823,0.0001170284959,0
12362,0.003395915264,0.0001170284959,0
12363,0.003441870678,0.0001170284959,0
12364,0.001215866534,0.0001170284959,0
12365,0.00123700453,0.0001170284959,0
12366,0.001108076889,0.0001170284959,0
12367,0.0005182624445,0.0001170284959,0
12368,0.0003783256689,0.0001170284959,0
12369,0.001573479967,0.0001170284959,0
12370,0.0004202027339,0.0001170284959,0
12371,0.002733593574,0.0001170284959,0
12372,0.0001581307151,0.0001170284959,0
12373,0.001043095603,0.0001170284959,0
12374,0.002078079153,0.0001170284959,0
12375,0.004965339787,0.0001170284959,0
12376,0.0002713008143,0.0001170284959,0
12377,0.001461299835,0.0001170284959,0
12378,0.0005894548958,0.0001170284959,0
12379,0.0007986617857,0.0001173127312,0
12380,0.0005734669976,0.0001173127312,0
12381,0.001435937244,0.0001173127312,0
12382,0.002788634971,0.0001173127312,0
12383,0.003271524562,0.0001173127312,0
12384,0.0002002603433,0.0001173127312,0
12385,0.0009267066489,0.0001173127312,0
12386,0.001083114068,0.0001173127312,0
12387,0.001150071737,0.0001173127312,0
12388,0.0003253102186,0.0001173127312,0
12389,0.0006536416477,0.0001173127312,0
12390,0.0005150634097,0.0001173127312,0
12391,0.001928185578,0.0001173127312,0
12392,0.0007710002828,0.0001173127312,0
12393,0.0006437078118,0.0001173127312,0
12394,0.002424321836,0.0001173127312,0
12395,0.002128278604,0.0001173127312,0
12396,0.0001036976028,0.0001173127312,0
12397,0.0003323923447,0.0001173127312,0
12398,0.004769791849,0.0001173127312,0
12399,0.001908136532,0.000118055199,0
12400,0.001902486198,0.000118055199,0
12401,0.0009744794806,0.000118055199,0
12402,0.0005915116635,0.000118055199,0
12403,0.0003282410034,0.000118055199,0
12404,0.0005559084238,0.000118055199,0
12405,0.0003228605492,0.000118055199,0
12406,0.0001759947481,0.000118055199,0
12407,0.007467382587,0.000118055199,1
12408,0.0009764743154,0.000118055199,0
12409,0.0004390502872,0.000118055199,0
12410,0.001673850231,0.000118055199,0
12411,0.0004802519688,0.000118055199,0
12412,0.001228032634,0.000118055199,0
12413,0.001076419605,0.000118055199,0
12414,0.00148767489,0.000118055199,0
12415,0.0002581541776,0.000118055199,0
12416,0.001446489943,0.000118055199,0
12417,0.00152931374,0.000118055199,0
12418,0.0006645260728,0.000118055199,0
12419,0.0004363991611,0.0001177517697,0
12420,0.001320776879,0.0001177517697,0
12421,0.0005195759004,0.0001177517697,0
12422,0.0008148713387,0.0001177517697,0
12423,0.002872917335,0.0001177517697,0
12424,0.0002209541854,0.0001177517697,0
12425,0.0003137993917,0.0001177517697,0
12426,0.003481411142,0.0001177517697,0
12427,0.001845156541,0.0001177517697,0
12428,0.0002374521719,0.0001177517697,0
12429,0.001180913066,0.0001177517697,0
12430,0.0008925400325,0.0001177517697,0
12431,0.002172500128,0.0001177517697,0
12432,0.0006275177002,0.0001177517697,0
12433,0.004675870761,0.0001177517697,0
12434,0.008023368195,0.0001177517697,1
12435,0.001153143006,0.0001177517697,0
12436,0.0004551705206,0.0001177517697,0
12437,0.001291625318,0.0001177517697,0
12438,0.0007606307045,0.0001177517697,0
12439,0.002062035492,0.0001180617837,0
12440,0.0006061183522,0.0001180617837,0
12441,0.001006940845,0.0001180617837,0
12442,0.001077917288,0.0001180617837,0
12443,0.0003479964216,0.0001180617837,0
12444,0.0006893691025,0.0001180617837,0
12445,0.001036473201,0.0001180617837,0
12446,0.0006825035089,0.0001180617837,0
12447,0.002725914121,0.0001180617837,0
12448,0.0005214322591,0.0001180617837,0
12449,0.0003757364757,0.0001180617837,0
12450,0.001326293452,0.0001180617837,0
12451,0.0008076311206,0.0001180617837,0
12452,0.0005669356324,0.0001180617837,0
12453,0.0003773484204,0.0001180617837,0
12454,0.0008821248193,0.0001180617837,0
12455,0.002402783139,0.0001180617837,0
12456,0.000935311371,0.0001180617837,0
12457,0.001357336412,0.0001180617837,0
12458,0.0004436504096,0.0001180617837,0
12459,0.0001582374389,0.0001179735918,0
12460,0.001474807272,0.0001179735918,0
12461,0.0007339419099,0.0001179735918,0
12462,0.0009130507824,0.0001179735918,0
12463,0.0003394540399,0.0001179735918,0
12464,0.0006337119266,0.0001179735918,0
12465,0.001517824363,0.0001179735918,0
12466,0.001869573956,0.0001179735918,0
12467,0.001769879018,0.0001179735918,0
12468,0.001019702642,0.0001179735918,0
12469,0.0003124704526,0.0001179735918,0
12470,0.0007480702479,0.0001179735918,0
12471,0.002101046499,0.0001179735918,0
12472,0.0002064752625,0.0001179735918,0
12473,0.003075593384,0.0001179735918,0
12474,0.003774232231,0.0001179735918,0
12475,9.555145516e-05,0.0001179735918,0
12476,0.0009634349262,0.0001179735918,0
12477,0.001558014657,0.0001179735918,0
12478,0.003684433177,0.0001179735918,0
12479,0.0005235775025,0.0001181670523,0
12480,0.001027141465,0.0001181670523,0
12481,0.000318638864,0.0001181670523,0
12482,0.001182698063,0.0001181670523,0
12483,0.0001279105054,0.0001181670523,0
12484,0.0003129553224,0.0001181670523,0
12485,0.00115804479,0.0001181670523,0
12486,0.001514305244,0.0001181670523,0
12487,0.0002136136754,0.0001181670523,0
12488,0.0003726711439,0.0001181670523,0
12489,0.0003135887964,0.0001181670523,0
12490,0.0005207080976,0.0001181670523,0
12491,0.001271937625,0.0001181670523,0
12492,0.005407951307,0.0001181670523,0
12493,0.002356066136,0.0001181670523,0
12494,0.001721884473,0.0001181670523,0
12495,0.0005557136028,0.0001181670523,0
12496,0.008120133542,0.0001181670523,1
12497,0.00110612798,0.0001181670523,0
12498,0.0001887625403,0.0001181670523,0
12499,0.002254095627,0.0001189456016,0
12500,0.000515845546,0.0001189456016,0
12501,0.0001908081613,0.0001189456016,0
12502,0.0002335226891,0.0001189456016,0
12503,0.0006531788968,0.0001189456016,0
12504,0.003784241155,0.0001189456016,0
12505,0.001444183988,0.0001189456016,0
12506,0.0007675436209,0.0001189456016,0
12507,0.00268361182,0.0001189456016,0
12508,0.001187881106,0.0001189456016,0
12509,0.002983545419,0.0001189456016,0
12510,0.00111300475,0.0001189456016,0
12511,0.001128652249,0.0001189456016,0
12512,0.0003369443584,0.0001189456016,0
12513,0.001296990784,0.0001189456016,0
12514,0.0003403106239,0.0001189456016,0
12515,0.0003071405808,0.0001189456016,0
12516,0.00108676916,0.0001189456016,0
12517,0.003092255909,0.0001189456016,0
12518,0.0001745045738,0.0001189456016,0
12519,0.0002722207282,0.0001192872733,0
12520,0.0005559571437,0.0001192872733,0
12521,0.0006010371726,0.0001192872733,0
12522,0.0009627953987,0.0001192872733,0
12523,0.0003479094012,0.0001192872733,0
12524,0.001206817571,0.0001192872733,0
12525,0.003265434178,0.0001192872733,0
12526,0.0009601328056,0.0001192872733,0
12527,0.001624345197,0.0001192872733,0
12528,0.002794380998,0.0001192872733,0
12529,0.000896272948,0.0001192872733,0
12530,0.0007474045269,0.0001192872733,0
12531,0.000678341079,0.0001192872733,0
12532,0.00183933496,0.0001192872733,0
12533,0.0004245144373,0.0001192872733,0
12534,0.0009003063897,0.0001192872733,0
12535,0.00157508126,0.0001192872733,0
12536,0.001714808866,0.0001192872733,0
12537,0.000887669099,0.0001192872733,0
12538,0.001361939008,0.0001192872733,0
12539,0.0005361702642,0.000119688797,0
12540,0.001182479202,0.000119688797,0
12541,0.001523354207,0.000119688797,0
12542,0.0003909821098,0.000119688797,0
12543,0.001128177508,0.000119688797,0
12544,0.0006127537927,0.000119688797,0
12545,0.0004671873758,0.000119688797,0
12546,0.000287553994,0.000119688797,0
12547,0.0009469462675,0.000119688797,0
12548,0.004620089661,0.000119688797,0
12549,0.0002799739887,0.000119688797,0
12550,0.002538530156,0.000119688797,0
12551,0.001216728822,0.000119688797,0
12552,0.0009892793605,0.000119688797,0
12553,0.0005812286981,0.000119688797,0
12554,0.0002125420579,0.000119688797,0
12555,0.0005087118479,0.000119688797,0
12556,0.001810127986,0.000119688797,0
12557,0.0006711154711,0.000119688797,0
12558,0.0004706664768,0.000119688797,0
12559,0.002447803738,0.0001192127893,0
12560,0.0007354742847,0.0001192127893,0
12561,0.0002202417963,0.0001192127893,0
12562,0.0006995504955,0.0001192127893,0
12563,0.00165499968,0.0001192127893,0
12564,0.0005760999047,0.0001192127893,0
12565,0.002566816751,0.0001192127893,0
12566,0.0004279745626,0.0001192127893,0
12567,0.000454472407,0.0001192127893,0
12568,0.001025613397,0.0001192127893,0
12569,0.002935124794,0.0001192127893,0
12570,0.0006021515001,0.0001192127893,0
12571,0.002157619921,0.0001192127893,0
12572,0.0007945367834,0.0001192127893,0
12573,0.0009440741851,0.0001192127893,0
12574,0.001622058568,0.0001192127893,0
12575,0.0005797820049,0.0001192127893,0
12576,0.000381365564,0.0001192127893,0
12577,0.001014830545,0.0001192127893,0
12578,0.001349707833,0.0001192127893,0
12579,0.00308856112,0.0001200320621,0
12580,0.001530895242,0.0001200320621,0
12581,0.0001408762619,0.0001200320621,0
12582,0.00191187649,0.0001200320621,0
12583,0.0007110315491,0.0001200320621,0
12584,0.0003202683874,0.0001200320621,0
12585,0.001515706419,0.0001200320621,0
12586,0.001263151877,0.0001200320621,0
12587,0.000576261431,0.0001200320621,0
12588,0.0009694724577,0.0001200320621,0
12589,0.002736044582,0.0001200320621,0
12590,0.001349020749,0.0001200320621,0
12591,0.0005097227404,0.0001200320621,0
12592,0.001853107475,0.0001200320621,0
12593,0.000226257398,0.0001200320621,0
12594,0.001155147678,0.0001200320621,0
12595,0.001572819659,0.0001200320621,0
12596,0.000264498347,0.0001200320621,0
12597,0.0006699256483,0.0001200320621,0
12598,0.0002786671976,0.0001200320621,0
12599,0.0005943482392,0.0001196658268,0
12600,0.001983128721,0.0001196658268,0
12601,0.0005699728499,0.0001196658268,0
12602,0.0002764898236,0.0001196658268,0
12603,0.002458730945,0.0001196658268,0
12604,0.001394075109,0.0001196658268,0
12605,0.0009112207335,0.0001196658268,0
12606,0.001101547037,0.0001196658268,0
12607,0.0004787943326,0.0001196658268,0
12608,0.0005603383761,0.0001196658268,0
12609,0.0009575372678,0.0001196658268,0
12610,0.002687122207,0.0001196658268,0
12611,0.02883318067,0.0001196658268,1
12612,0.0005732415011,0.0001196658268,0
12613,0.0004904607777,0.0001196658268,0
12614,0.000333839911,0.0001196658268,0
12615,0.0005620385637,0.0001196658268,0
12616,0.002153486712,0.0001196658268,0
12617,0.0002599917934,0.0001196658268,0
12618,0.001730227377,0.0001196658268,0
12619,0.001303773024,0.0001204096261,0
12620,0.00120488496,0.0001204096261,0
12621,0.001041956129,0.0001204096261,0
12622,0.0007392550469,0.0001204096261,0
12623,0.0009793214267,0.0001204096261,0
12624,0.0002311287826,0.0001204096261,0
12625,0.002708326094,0.0001204096261,0
12626,0.0009051995003,0.0001204096261,0
12627,0.001082666335,0.0001204096261,0
12628,0.000477701833,0.0001204096261,0
12629,0.0001755709527,0.0001204096261,0
12630,0.000741204829,0.0001204096261,0
12631,0.0004891122808,0.0001204096261,0
12632,0.0005519173574,0.0001204096261,0
12633,0.001318733441,0.0001204096261,0
12634,0.0007138996734,0.0001204096261,0
12635,0.001102327136,0.0001204096261,0
12636,0.0007479698397,0.0001204096261,0
12637,0.0009165856754,0.0001204096261,0
12638,0.0003043871257,0.0001204096261,0
12639,0.0004715592368,0.0001206707457,0
12640,0.001325151767,0.0001206707457,0
12641,0.001632285304,0.0001206707457,0
12642,0.0007143547991,0.0001206707457,0
12643,0.004330361728,0.0001206707457,0
12644,0.0003973654821,0.0001206707457,0
12645,0.0005482059205,0.0001206707457,0
12646,0.0006092208787,0.0001206707457,0
12647,0.0007690551574,0.0001206707457,0
12648,0.0009858515114,0.0001206707457,0
12649,0.001495791716,0.0001206707457,0
12650,0.001692280988,0.0001206707457,0
12651,0.0005204392364,0.0001206707457,0
12652,0.001114657032,0.0001206707457,0
12653,0.0005441347021,0.0001206707457,0
12654,0.002029590774,0.0001206707457,0
12655,0.001123323222,0.0001206707457,0
12656,0.0003844965831,0.0001206707457,0
12657,0.0002296884486,0.0001206707457,0
12658,0.0005998041015,0.0001206707457,0
12659,0.0004516647023,0.0001205162407,0
12660,0.000332437834,0.0001205162407,0
12661,0.001938701142,0.0001205162407,0
12662,0.003998783417,0.0001205162407,0
12663,0.0003786738962,0.0001205162407,0
12664,0.0004095608892,0.0001205162407,0
12665,0.0004184790014,0.0001205162407,0
12666,0.001473076525,0.0001205162407,0
12667,0.0003994902945,0.0001205162407,0
12668,0.000511327351,0.0001205162407,0
12669,0.001998506021,0.0001205162407,0
12670,0.001275806804,0.0001205162407,0
12671,0.0001504332758,0.0001205162407,0
12672,0.00114798313,0.0001205162407,0
12673,0.0005276199663,0.0001205162407,0
12674,0.000131232373,0.0001205162407,0
12675,0.001161698368,0.0001205162407,0
12676,0.0004233579384,0.0001205162407,0
12677,0.0003530412214,0.0001205162407,0
12678,0.001307930565,0.0001205162407,0
12679,0.0007366815698,0.0001206736852,0
12680,0.0007435514708,0.0001206736852,0
12681,0.001252656453,0.0001206736852,0
12682,0.001049944549,0.0001206736852,0
12683,0.0006253757747,0.0001206736852,0
12684,0.0005498046521,0.0001206736852,0
12685,0.002359832404,0.0001206736852,0
12686,0.00011406462,0.0001206736852,0
12687,0.0008806787082,0.0001206736852,0
12688,0.00290256599,0.0001206736852,0
12689,0.0005768961273,0.0001206736852,0
12690,0.0006319525419,0.0001206736852,0
12691,0.001294902759,0.0001206736852,0
12692,0.000897674181,0.0001206736852,0
12693,0.000798379886,0.0001206736852,0
12694,0.002498988062,0.0001206736852,0
12695,0.0004358717124,0.0001206736852,0
12696,0.0005084078875,0.0001206736852,0
12697,0.003335379763,0.0001206736852,0
12698,0.0003569022228,0.0001206736852,0
12699,0.0005463545094,0.0001220778067,0
12700,0.00161735795,0.0001220778067,0
12701,0.001462795073,0.0001220778067,0
12702,0.001070650993,0.0001220778067,0
12703,0.0008026238647,0.0001220778067,0
12704,0.001121174428,0.0001220778067,0
12705,0.00413108943,0.0001220778067,0
12706,0.00103244395,0.0001220778067,0
12707,0.0004295039689,0.0001220778067,0
12708,0.001754229539,0.0001220778067,0
12709,0.0005284522776,0.0001220778067,0
12710,0.001073658699,0.0001220778067,0
12711,0.0003570402332,0.0001220778067,0
12712,0.0005427217111,0.0001220778067,0
12713,0.001054505934,0.0001220778067,0
12714,0.0002323693188,0.0001220778067,0
12715,0.0004452159046,0.0001220778067,0
12716,0.001084569027,0.0001220778067,0
12717,0.001116265426,0.0001220778067,0
12718,0.0002524761367,0.0001220778067,0
12719,0.001459562336,0.0001221589046,0
12720,0.001432089368,0.0001221589046,0
12721,0.0002637437137,0.0001221589046,0
12722,0.0002804169198,0.0001221589046,0
12723,0.002991116606,0.0001221589046,0
12724,0.001006987877,0.0001221589046,0
12725,0.0006034109392,0.0001221589046,0
12726,0.0008402568055,0.0001221589046,0
12727,0.001880934113,0.0001221589046,0
12728,0.001892333617,0.0001221589046,0
12729,0.00111540861,0.0001221589046,0
12730,0.002591106109,0.0001221589046,0
12731,0.0001850393164,0.0001221589046,0
12732,0.001883676392,0.0001221589046,0
12733,0.001093796222,0.0001221589046,0
12734,0.0007280516438,0.0001221589046,0
12735,0.0004221504496,0.0001221589046,0
12736,0.0006331955083,0.0001221589046,0
12737,0.0008848436992,0.0001221589046,0
12738,0.0009452746017,0.0001221589046,0
12739,0.0009821500862,0.0001233681105,0
12740,0.001776708406,0.0001233681105,0
12741,0.003948484082,0.0001233681105,0
12742,0.001183838351,0.0001233681105,0
12743,0.0007725233445,0.0001233681105,0
12744,0.0003760519612,0.0001233681105,0
12745,0.0004885530798,0.0001233681105,0
12746,0.0008807796403,0.0001233681105,0
12747,0.00663982518,0.0001233681105,0
12748,0.002313659992,0.0001233681105,0
12749,0.000180765579,0.0001233681105,0
12750,0.00158567715,0.0001233681105,0
12751,0.002301060362,0.0001233681105,0
12752,0.0001571985485,0.0001233681105,0
12753,0.0006090453244,0.0001233681105,0
12754,0.0007366927457,0.0001233681105,0
12755,0.0003189934068,0.0001233681105,0
12756,0.0003792675561,0.0001233681105,0
12757,0.0003205655084,0.0001233681105,0
12758,0.0009331401088,0.0001233681105,0
12759,0.002243528608,0.0001240333513,0
12760,0.001658437774,0.0001240333513,0
12761,0.000736443093,0.0001240333513,0
12762,0.0002663770574,0.0001240333513,0
12763,0.001084340969,0.0001240333513,0
12764,0.0008548903861,0.0001240333513,0
12765,0.00075605046,0.0001240333513,0
12766,0.002303480171,0.0001240333513,0
12767,0.0005027917796,0.0001240333513,0
12768,0.0004337067949,0.0001240333513,0
12769,0.000322335778,0.0001240333513,0
12770,0.0008236328722,0.0001240333513,0
12771,0.004012171645,0.0001240333513,0
12772,0.002455784241,0.0001240333513,0
12773,0.0005022187252,0.0001240333513,0
12774,0.0004557012289,0.0001240333513,0
12775,0.000300917658,0.0001240333513,0
12776,0.0004394046555,0.0001240333513,0
12777,0.0004156192299,0.0001240333513,0
12778,0.001190584968,0.0001240333513,0
12779,0.0007344631013,0.0001242102007,0
12780,0.0004517711059,0.0001242102007,0
12781,0.0004379356978,0.0001242102007,0
12782,0.0003682984971,0.0001242102007,0
12783,0.001208291505,0.0001242102007,0
12784,0.001036605216,0.0001242102007,0
12785,0.0003236916091,0.0001242102007,0
12786,0.001029338688,0.0001242102007,0
12787,0.000308476825,0.0001242102007,0
12788,0.001767013688,0.0001242102007,0
12789,0.001024964615,0.0001242102007,0
12790,0.0007409825339,0.0001242102007,0
12791,0.0002752236032,0.0001242102007,0
12792,0.001908508828,0.0001242102007,0
12793,0.0002756867034,0.0001242102007,0
12794,0.000777228619,0.0001242102007,0
12795,0.001789995003,0.0001242102007,0
12796,0.0002826025011,0.0001242102007,0
12797,0.003437251085,0.0001242102007,0
12798,0.001546253217,0.0001242102007,0
12799,0.001484256005,0.0001241462014,0
12800,0.0001364523632,0.0001241462014,0
12801,0.0005398158683,0.0001241462014,0
12802,0.001256855205,0.0001241462014,0
12803,0.005952532869,0.0001241462014,0
12804,0.0006897813873,0.0001241462014,0
12805,0.0007039729971,0.0001241462014,0
12806,0.000790774182,0.0001241462014,0
12807,0.0003434243845,0.0001241462014,0
12808,0.001540243626,0.0001241462014,0
12809,0.001390323509,0.0001241462014,0
12810,0.0004413289134,0.0001241462014,0
12811,0.0002480572439,0.0001241462014,0
12812,0.0004019820481,0.0001241462014,0
12813,0.0007072207518,0.0001241462014,0
12814,0.009579236619,0.0001241462014,1
12815,0.0002897222294,0.0001241462014,0
12816,0.000320046558,0.0001241462014,0
12817,0.001212788629,0.0001241462014,0
12818,0.0003054864937,0.0001241462014,0
12819,0.0003888513602,0.0001242423896,0
12820,0.000530776626,0.0001242423896,0
12821,0.0004988285364,0.0001242423896,0
12822,0.0011771149,0.0001242423896,0
12823,0.001253341557,0.0001242423896,0
12824,0.002170140855,0.0001242423896,0
12825,0.000431283639,0.0001242423896,0
12826,0.0008767606341,0.0001242423896,0
12827,0.001034080866,0.0001242423896,0
12828,0.00188345206,0.0001242423896,0
12829,0.0005585759063,0.0001242423896,0
12830,0.001089613768,0.0001242423896,0
12831,0.0005759808118,0.0001242423896,0
12832,0.001088631921,0.0001242423896,0
12833,0.000449227955,0.0001242423896,0
12834,0.0005201898748,0.0001242423896,0
12835,0.0005944418372,0.0001242423896,0
12836,0.0004717203265,0.0001242423896,0
12837,0.0006247158162,0.0001242423896,0
12838,0.001232785871,0.0001242423896,0
12839,0.0002569633943,0.0001242611906,0
12840,0.0002472398628,0.0001242611906,0
12841,0.0007785850321,0.0001242611906,0
12842,0.0007658975082,0.0001242611906,0
12843,0.002881445223,0.0001242611906,0
12844,0.0009273171891,0.0001242611906,0
12845,0.0004656603269,0.0001242611906,0
12846,0.0009132262203,0.0001242611906,0
12847,0.002065959852,0.0001242611906,0
12848,0.0003423715825,0.0001242611906,0
12849,0.00498320302,0.0001242611906,0
12850,0.0002784221724,0.0001242611906,0
12851,0.001505382126,0.0001242611906,0
12852,0.001705162227,0.0001242611906,0
12853,0.002636130899,0.0001242611906,0
12854,0.004038778134,0.0001242611906,0
12855,0.0006109621609,0.0001242611906,0
12856,0.0004203709541,0.0001242611906,0
12857,0.0002754287561,0.0001242611906,0
12858,0.0001596942602,0.0001242611906,0
12859,0.001580290613,0.0001245908788,0
12860,0.0009368846077,0.0001245908788,0
12861,0.003117441898,0.0001245908788,0
12862,0.01152971108,0.0001245908788,1
12863,0.000520659145,0.0001245908788,0
12864,0.0003378245165,0.0001245908788,0
12865,0.001049961895,0.0001245908788,0
12866,0.001673511812,0.0001245908788,0
12867,0.00113339466,0.0001245908788,0
12868,0.0008887595613,0.0001245908788,0
12869,0.0007770298398,0.0001245908788,0
12870,0.002421066631,0.0001245908788,0
12871,0.001795646735,0.0001245908788,0
12872,0.0005867901491,0.0001245908788,0
12873,0.0003216046898,0.0001245908788,0
12874,0.0009957560105,0.0001245908788,0
12875,0.0007904290105,0.0001245908788,0
12876,0.0006181818899,0.0001245908788,0
12877,0.001847868087,0.0001245908788,0
12878,0.001255168463,0.0001245908788,0
12879,0.00244477042,0.0001243525621,0
12880,0.001146969269,0.0001243525621,0
12881,0.0001417927706,0.0001243525621,0
12882,0.0005927602178,0.0001243525621,0
12883,0.001105941366,0.0001243525621,0
12884,0.000305889087,0.0001243525621,0
12885,0.0009748765733,0.0001243525621,0
12886,0.0004325454647,0.0001243525621,0
12887,0.0006004362949,0.0001243525621,0
12888,0.0005006794236,0.0001243525621,0
12889,0.002761528362,0.0001243525621,0
12890,0.0002376019838,0.0001243525621,0
12891,0.0008478194941,0.0001243525621,0
12892,0.0009376691305,0.0001243525621,0
12893,0.000829468132,0.0001243525621,0
12894,0.003854447976,0.0001243525621,0
12895,0.004490180872,0.0001243525621,0
12896,0.001177222002,0.0001243525621,0
12897,0.005446842406,0.0001243525621,0
12898,0.000804568117,0.0001243525621,0
12899,0.0006711729802,0.0001245174353,0
12900,0.00306973327,0.0001245174353,0
12901,0.002673474373,0.0001245174353,0
12902,0.001086180215,0.0001245174353,0
12903,0.0007303138846,0.0001245174353,0
12904,0.001886919141,0.0001245174353,0
12905,0.003643075703,0.0001245174353,0
12906,0.001735079801,0.0001245174353,0
12907,0.001669544494,0.0001245174353,0
12908,0.002399868099,0.0001245174353,0
12909,0.0003745238646,0.0001245174353,0
12910,0.001743721776,0.0001245174353,0
12911,0.0004313706013,0.0001245174353,0
12912,0.002210765146,0.0001245174353,0
12913,0.0008812750457,0.0001245174353,0
12914,0.0001983326365,0.0001245174353,0
12915,0.002174163936,0.0001245174353,0
12916,0.000710852968,0.0001245174353,0
12917,0.001276814379,0.0001245174353,0
12918,0.0004850996484,0.0001245174353,0
12919,0.0005035586655,0.0001248561166,0
12920,0.0004895986058,0.0001248561166,0
12921,0.0007882745704,0.0001248561166,0
12922,0.0002150745422,0.0001248561166,0
12923,0.002214485547,0.0001248561166,0
12924,0.0006605240633,0.0001248561166,0
12925,0.001670829603,0.0001248561166,0
12926,0.0003924644261,0.0001248561166,0
12927,0.0004234481603,0.0001248561166,0
12928,0.001346403616,0.0001248561166,0
12929,0.000547051779,0.0001248561166,0
12930,0.002780033508,0.0001248561166,0
12931,0.0008127242909,0.0001248561166,0
12932,0.0007297443808,0.0001248561166,0
12933,0.002797390101,0.0001248561166,0
12934,0.0008958273102,0.0001248561166,0
12935,0.001657640096,0.0001248561166,0
12936,0.0007537693018,0.0001248561166,0
12937,0.0004846641968,0.0001248561166,0
12938,0.0004503904202,0.0001248561166,0
12939,0.0007644030848,0.0001250275091,0
12940,0.0009086529026,0.0001250275091,0
12941,0.0101025505,0.0001250275091,1
12942,0.001368430327,0.0001250275091,0
12943,0.001103227609,0.0001250275091,0
12944,0.003091435879,0.0001250275091,0
12945,0.0009804896545,0.0001250275091,0
12946,0.0004466557875,0.0001250275091,0
12947,0.0003452729143,0.0001250275091,0
12948,0.0001697500265,0.0001250275091,0
12949,0.002246518852,0.0001250275091,0
12950,0.003096476663,0.0001250275091,0
12951,0.0001523588144,0.0001250275091,0
12952,0.001734322519,0.0001250275091,0
12953,0.001455570338,0.0001250275091,0
12954,0.0004402766353,0.0001250275091,0
12955,0.0002952062932,0.0001250275091,0
12956,0.001106487936,0.0001250275091,0
12957,0.0001061379953,0.0001250275091,0
12958,0.0004196080845,0.0001250275091,0
12959,0.0001701122528,0.0001240113925,0
12960,0.001853236347,0.0001240113925,0
12961,0.000328670314,0.0001240113925,0
12962,0.0004788422666,0.0001240113925,0
12963,0.0005181484739,0.0001240113925,0
12964,0.00187522918,0.0001240113925,0
12965,0.0008338327752,0.0001240113925,0
12966,0.001072929241,0.0001240113925,0
12967,0.0005506349844,0.0001240113925,0
12968,0.002407180378,0.0001240113925,0
12969,0.0008177240379,0.0001240113925,0
12970,0.0003770302865,0.0001240113925,0
12971,0.002594838617,0.0001240113925,0
12972,0.0005584370228,0.0001240113925,0
12973,0.001005638624,0.0001240113925,0
12974,0.004788373131,0.0001240113925,0
12975,0.0008618484135,0.0001240113925,0
12976,0.0006214280147,0.0001240113925,0
12977,0.0008921493427,0.0001240113925,0
12978,0.0005611132947,0.0001240113925,0
12979,0.0003315986542,0.0001229321788,0
12980,0.0003136677551,0.0001229321788,0
12981,0.001333755208,0.0001229321788,0
12982,0.001471239375,0.0001229321788,0
12983,0.001440354506,0.0001229321788,0
12984,0.001390027232,0.0001229321788,0
12985,0.0003627745318,0.0001229321788,0
12986,0.003043051343,0.0001229321788,0
12987,0.0002941495623,0.0001229321788,0
12988,0.0008648277726,0.0001229321788,0
12989,0.0009671996231,0.0001229321788,0
12990,0.0009499550215,0.0001229321788,0
12991,0.0002418528602,0.0001229321788,0
12992,0.0004722475715,0.0001229321788,0
12993,0.001530742855,0.0001229321788,0
12994,0.0009003697196,0.0001229321788,0
12995,0.001194681623,0.0001229321788,0
12996,0.001720592263,0.0001229321788,0
12997,0.0006338935345,0.0001229321788,0
12998,0.0003077165165,0.0001229321788,0
12999,0.0003351261548,0.0001231298083,0
13000,0.001029527979,0.0001231298083,0
13001,0.0006760429824,0.0001231298083,0
13002,0.003809009446,0.0001231298083,0
13003,0.002376215067,0.0001231298083,0
13004,0.0004293692473,0.0001231298083,0
13005,0.0009657350602,0.0001231298083,0
13006,0.00150447432,0.0001231298083,0
13007,0.001219951082,0.0001231298083,0
13008,0.0001817215234,0.0001231298083,0
13009,0.0004096952907,0.0001231298083,0
13010,0.001626102836,0.0001231298083,0
13011,0.001873657107,0.0001231298083,0
13012,0.0001610945037,0.0001231298083,0
13013,0.0008658512379,0.0001231298083,0
13014,0.0006058048457,0.0001231298083,0
13015,0.0001685697207,0.0001231298083,0
13016,0.002332021017,0.0001231298083,0
13017,0.0002773171873,0.0001231298083,0
13018,0.0002513956861,0.0001231298083,0
13019,0.001262986916,0.0001217446916,0
13020,0.0004810513055,0.0001217446916,0
13021,0.001972687664,0.0001217446916,0
13022,0.002729827771,0.0001217446916,0
13023,0.001484372304,0.0001217446916,0
13024,0.0008187418571,0.0001217446916,0
13025,0.001606707578,0.0001217446916,0
13026,0.0003285669954,0.0001217446916,0
13027,0.001035283669,0.0001217446916,0
13028,0.0002004045382,0.0001217446916,0
13029,0.005292688962,0.0001217446916,0
13030,0.0003687202407,0.0001217446916,0
13031,0.001136125764,0.0001217446916,0
13032,0.001439557411,0.0001217446916,0
13033,0.0005138002452,0.0001217446916,0
13034,0.0001541506354,0.0001217446916,0
13035,0.0005178585416,0.0001217446916,0
13036,0.0002587876807,0.0001217446916,0
13037,0.001698696404,0.0001217446916,0
13038,0.0001969553268,0.0001217446916,0
13039,0.0001438511536,0.000121690362,0
13040,0.0006215663161,0.000121690362,0
13041,0.000747016049,0.000121690362,0
13042,0.001705246978,0.000121690362,0
13043,0.0003145913361,0.000121690362,0
13044,0.0003038069117,0.000121690362,0
13045,0.0003346941376,0.000121690362,0
13046,0.0008783079102,0.000121690362,0
13047,0.0006782835117,0.000121690362,0
13048,0.0003809371265,0.000121690362,0
13049,0.0004727962951,0.000121690362,0
13050,0.0003519036691,0.000121690362,0
13051,0.0007213811623,0.000121690362,0
13052,0.001460863859,0.000121690362,0
13053,0.006065783557,0.000121690362,0
13054,0.007984408177,0.000121690362,1
13055,0.006612364668,0.000121690362,0
13056,0.001112563885,0.000121690362,0
13057,0.0005092480569,0.000121690362,0
13058,0.0009574402939,0.000121690362,0
13059,0.0004099893849,0.0001217721292,0
13060,0.000937259174,0.0001217721292,0
13061,0.001393746934,0.0001217721292,0
13062,0.00130900857,0.0001217721292,0
13063,0.001733652083,0.0001217721292,0
13064,0.0007565376582,0.0001217721292,0
13065,0.0004464859376,0.0001217721292,0
13066,0.001372727449,0.0001217721292,0
13067,0.0001867015235,0.0001217721292,0
13068,0.001311595435,0.0001217721292,0
13069,0.0008259448223,0.0001217721292,0
13070,0.000310548523,0.0001217721292,0
13071,0.001814784249,0.0001217721292,0
13072,0.0002640437451,0.0001217721292,0
13073,0.002208621474,0.0001217721292,0
13074,0.0003368172329,0.0001217721292,0
13075,0.000870851276,0.0001217721292,0
13076,0.0001397673477,0.0001217721292,0
13077,0.0007110552979,0.0001217721292,0
13078,0.0005011435132,0.0001217721292,0
13079,0.0005235522403,0.0001221427956,0
13080,0.001387503813,0.0001221427956,0
13081,0.0004774705158,0.0001221427956,0
13082,0.0003541324695,0.0001221427956,0
13083,0.001504457556,0.0001221427956,0
13084,0.002840737812,0.0001221427956,0
13085,0.00102262327,0.0001221427956,0
13086,0.001019597752,0.0001221427956,0
13087,0.003120557638,0.0001221427956,0
13088,8.869064186e-05,0.0001221427956,0
13089,0.0009048712091,0.0001221427956,0
13090,0.001342731528,0.0001221427956,0
13091,0.0009933105903,0.0001221427956,0
13092,0.0004447721876,0.0001221427956,0
13093,0.001096748514,0.0001221427956,0
13094,0.0004207931343,0.0001221427956,0
13095,0.0001632555504,0.0001221427956,0
13096,0.002843623515,0.0001221427956,0
13097,0.0006458067801,0.0001221427956,0
13098,0.0001628257596,0.0001221427956,0
13099,0.0001859611803,0.0001221314014,0
13100,0.02167494595,0.0001221314014,1
13101,0.001704302151,0.0001221314014,0
13102,0.001295424532,0.0001221314014,0
13103,0.0008765478851,0.0001221314014,0
13104,0.00036337442,0.0001221314014,0
13105,0.0002296780731,0.0001221314014,0
13106,0.0006745741703,0.0001221314014,0
13107,0.000984898652,0.0001221314014,0
13108,0.0004778998846,0.0001221314014,0
13109,0.0005703976494,0.0001221314014,0
13110,0.0003485941561,0.0001221314014,0
13111,0.00113052607,0.0001221314014,0
13112,0.00448740134,0.0001221314014,0
13113,0.01088554598,0.0001221314014,1
13114,0.004036006052,0.0001221314014,0
13115,0.0002505731536,0.0001221314014,0
13116,0.0009416987305,0.0001221314014,0
13117,0.0003192062431,0.0001221314014,0
13118,0.0008374403697,0.0001221314014,0
13119,0.0003178661573,0.0001220446211,0
13120,0.001296968316,0.0001220446211,0
13121,0.005629030056,0.0001220446211,0
13122,0.0007444988005,0.0001220446211,0
13123,0.0003777910606,0.0001220446211,0
13124,0.002806649543,0.0001220446211,0
13125,0.001329872059,0.0001220446211,0
13126,0.007183142006,0.0001220446211,0
13127,0.001447488787,0.0001220446211,0
13128,0.001104870811,0.0001220446211,0
13129,0.001939731999,0.0001220446211,0
13130,0.0002952226496,0.0001220446211,0
13131,0.0008752421127,0.0001220446211,0
13132,0.00012457704,0.0001220446211,0
13133,0.0003066933423,0.0001220446211,0
13134,0.0003853496746,0.0001220446211,0
13135,0.0003020816366,0.0001220446211,0
13136,0.0009131426341,0.0001220446211,0
13137,0.006102344953,0.0001220446211,0
13138,0.002440048149,0.0001220446211,0
13139,0.0007081470685,0.0001225676824,0
13140,0.0002880216343,0.0001225676824,0
13141,0.006019522436,0.0001225676824,0
13142,0.001759139588,0.0001225676824,0
13143,0.001116674277,0.0001225676824,0
13144,0.0005880466779,0.0001225676824,0
13145,0.002264685463,0.0001225676824,0
13146,0.00169493712,0.0001225676824,0
13147,0.00573043013,0.0001225676824,0
13148,0.002428606618,0.0001225676824,0
13149,0.0005248425878,0.0001225676824,0
13150,0.0009005625616,0.0001225676824,0
13151,0.0003810759226,0.0001225676824,0
13152,0.0005791726289,0.0001225676824,0
13153,0.000467185193,0.0001225676824,0
13154,0.0002062720887,0.0001225676824,0
13155,0.001596000977,0.0001225676824,0
13156,0.004144291859,0.0001225676824,0
13157,0.001409601653,0.0001225676824,0
13158,0.001431402634,0.0001225676824,0
13159,0.003860302735,0.0001215042357,0
13160,0.001111043151,0.0001215042357,0
13161,0.005074294284,0.0001215042357,0
13162,0.0006948038936,0.0001215042357,0
13163,0.003974340856,0.0001215042357,0
13164,0.0007228857139,0.0001215042357,0
13165,0.004496327136,0.0001215042357,0
13166,0.01107631624,0.0001215042357,1
13167,0.0009085454512,0.0001215042357,0
13168,0.0006904611946,0.0001215042357,0
13169,0.004470010754,0.0001215042357,0
13170,0.003532226197,0.0001215042357,0
13171,0.0106351478,0.0001215042357,1
13172,0.000257661246,0.0001215042357,0
13173,0.0004518753267,0.0001215042357,0
13174,0.001628543367,0.0001215042357,0
13175,0.0001016343522,0.0001215042357,0
13176,0.0002658896847,0.0001215042357,0
13177,0.001238037599,0.0001215042357,0
13178,0.001361614559,0.0001215042357,0
13179,0.0001308491483,0.0001214533695,0
13180,0.0001632696658,0.0001214533695,0
13181,0.0003996889282,0.0001214533695,0
13182,0.001943408162,0.0001214533695,0
13183,0.001032542321,0.0001214533695,0
13184,0.002068298403,0.0001214533695,0
13185,0.0003996418382,0.0001214533695,0
13186,0.0002561081492,0.0001214533695,0
13187,0.000621418003,0.0001214533695,0
13188,0.0001153500853,0.0001214533695,0
13189,0.001083852956,0.0001214533695,0
13190,0.000547185482,0.0001214533695,0
13191,0.0004668383335,0.0001214533695,0
13192,0.005146329757,0.0001214533695,0
13193,0.0009145613876,0.0001214533695,0
13194,0.002465358935,0.0001214533695,0
13195,0.0007253888762,0.0001214533695,0
13196,0.0009156397427,0.0001214533695,0
13197,0.001622000476,0.0001214533695,0
13198,0.001661591465,0.0001214533695,0
13199,0.0001914004533,0.000121228215,0
13200,0.0003436466504,0.000121228215,0
13201,0.0006672061863,0.000121228215,0
13202,0.001599250943,0.000121228215,0
13203,0.0006119619356,0.000121228215,0
13204,0.0002646291105,0.000121228215,0
13205,0.002017671475,0.000121228215,0
13206,0.0007280149148,0.000121228215,0
13207,0.002197118709,0.000121228215,0
13208,0.001534332405,0.000121228215,0
13209,0.006171748042,0.000121228215,0
13210,0.001291895518,0.000121228215,0
13211,0.0003968122182,0.000121228215,0
13212,0.0008932956844,0.000121228215,0
13213,0.00114800944,0.000121228215,0
13214,0.000403468468,0.000121228215,0
13215,0.0002340051724,0.000121228215,0
13216,0.0006696765777,0.000121228215,0
13217,0.001057793153,0.000121228215,0
13218,0.003541161073,0.000121228215,0
13219,0.0001953714964,0.0001210455666,0
13220,0.0001969496807,0.0001210455666,0
13221,0.0009903939208,0.0001210455666,0
13222,0.0009842979489,0.0001210455666,0
13223,0.001624807715,0.0001210455666,0
13224,0.004586449359,0.0001210455666,0
13225,0.0005903778947,0.0001210455666,0
13226,0.0005719990004,0.0001210455666,0
13227,0.001607737271,0.0001210455666,0
13228,0.001681133057,0.0001210455666,0
13229,0.0003374344669,0.0001210455666,0
13230,0.000163891993,0.0001210455666,0
13231,0.01564756408,0.0001210455666,1
13232,0.0007829450769,0.0001210455666,0
13233,0.0001894738962,0.0001210455666,0
13234,0.0002775610774,0.0001210455666,0
13235,0.001549240784,0.0001210455666,0
13236,0.0002687051601,0.0001210455666,0
13237,0.001277527888,0.0001210455666,0
13238,0.006001994014,0.0001210455666,0
13239,0.0006684513646,0.0001209442999,0
13240,0.001494496712,0.0001209442999,0
13241,0.000539116154,0.0001209442999,0
13242,0.0006263241521,0.0001209442999,0
13243,0.001871101675,0.0001209442999,0
13244,0.0001461437496,0.0001209442999,0
13245,0.0005104815355,0.0001209442999,0
13246,0.000697362877,0.0001209442999,0
13247,0.0004070508294,0.0001209442999,0
13248,0.000665761414,0.0001209442999,0
13249,0.000780378934,0.0001209442999,0
13250,0.0003529796668,0.0001209442999,0
13251,0.002540259622,0.0001209442999,0
13252,0.000564823451,0.0001209442999,0
13253,0.0003381396527,0.0001209442999,0
13254,0.001039448194,0.0001209442999,0
13255,0.001585982973,0.0001209442999,0
13256,0.001271317829,0.0001209442999,0
13257,0.0002917211677,0.0001209442999,0
13258,0.0008007487049,0.0001209442999,0
13259,0.004106136039,0.0001206144298,0
13260,0.0003776522353,0.0001206144298,0
13261,0.0003272291797,0.0001206144298,0
13262,0.0005238802405,0.0001206144298,0
13263,0.006950559095,0.0001206144298,0
13264,0.0007849902613,0.0001206144298,0
13265,0.0005780371139,0.0001206144298,0
13266,0.002252503298,0.0001206144298,0
13267,0.001227654284,0.0001206144298,0
13268,0.0007640973199,0.0001206144298,0
13269,0.0008863491821,0.0001206144298,0
13270,0.001246546628,0.0001206144298,0
13271,0.0007361580501,0.0001206144298,0
13272,0.0001751075615,0.0001206144298,0
13273,0.0004657601821,0.0001206144298,0
13274,0.001899036695,0.0001206144298,0
13275,0.002896346385,0.0001206144298,0
13276,0.0003881436714,0.0001206144298,0
13277,0.006902859546,0.0001206144298,0
13278,0.0005236266879,0.0001206144298,0
13279,0.0004224349395,0.0001203190332,0
13280,0.0004672165087,0.0001203190332,0
13281,0.0003430538636,0.0001203190332,0
13282,0.000832546677,0.0001203190332,0
13283,0.001955452841,0.0001203190332,0
13284,0.0009034483228,0.0001203190332,0
13285,0.001026098384,0.0001203190332,0
13286,0.008261527866,0.0001203190332,1
13287,0.001129297423,0.0001203190332,0
13288,0.001318141585,0.0001203190332,0
13289,0.000273649377,0.0001203190332,0
13290,0.003744660178,0.0001203190332,0
13291,0.0004506276746,0.0001203190332,0
13292,0.001585795311,0.0001203190332,0
13293,0.0008360160282,0.0001203190332,0
13294,0.0008829602157,0.0001203190332,0
13295,0.004377769306,0.0001203190332,0
13296,0.00155929313,0.0001203190332,0
13297,0.0009407762554,0.0001203190332,0
13298,0.0003409596684,0.0001203190332,0
13299,0.0002114467643,0.0001202284184,0
13300,0.0007027680404,0.0001202284184,0
13301,0.001053018728,0.0001202284184,0
13302,0.000493006024,0.0001202284184,0
13303,0.0009401323623,0.0001202284184,0
13304,0.0006542913616,0.0001202284184,0
13305,0.0002232449187,0.0001202284184,0
13306,0.005439223722,0.0001202284184,0
13307,0.001682911534,0.0001202284184,0
13308,0.0004279921122,0.0001202284184,0
13309,0.0002774389577,0.0001202284184,0
13310,0.0002042677952,0.0001202284184,0
13311,0.0009388836334,0.0001202284184,0
13312,0.0003511963587,0.0001202284184,0
13313,0.0007023091894,0.0001202284184,0
13314,0.0005385283148,0.0001202284184,0
13315,0.002564992057,0.0001202284184,0
13316,0.0006888979115,0.0001202284184,0
13317,0.002864873735,0.0001202284184,0
13318,0.0002166168706,0.0001202284184,0
13319,0.04089988396,0.0001201976556,1
13320,0.0007509532152,0.0001201976556,0
13321,0.008459010161,0.0001201976556,1
13322,0.0003997287422,0.0001201976556,0
13323,0.000457680173,0.0001201976556,0
13324,0.003052854212,0.0001201976556,0
13325,0.001969465753,0.0001201976556,0
13326,0.002526682569,0.0001201976556,0
13327,0.0009291908354,0.0001201976556,0
13328,0.0006548577221,0.0001201976556,0
13329,0.001009401632,0.0001201976556,0
13330,0.0005504104192,0.0001201976556,0
13331,0.002934705,0.0001201976556,0
13332,0.0001970801968,0.0001201976556,0
13333,0.0004464300873,0.0001201976556,0
13334,0.001569006476,0.0001201976556,0
13335,0.0002625345369,0.0001201976556,0
13336,0.002424422884,0.0001201976556,0
13337,0.0006954516866,0.0001201976556,0
13338,0.0004793537664,0.0001201976556,0
13339,0.001043752651,0.0001205006265,0
13340,0.0007602682454,0.0001205006265,0
13341,0.0004024975351,0.0001205006265,0
13342,0.000283765432,0.0001205006265,0
13343,0.0002713891445,0.0001205006265,0
13344,0.00306458422,0.0001205006265,0
13345,0.0001322895259,0.0001205006265,0
13346,0.0002290867269,0.0001205006265,0
13347,0.000529910496,0.0001205006265,0
13348,0.0007035128656,0.0001205006265,0
13349,0.001548030996,0.0001205006265,0
13350,0.000740131014,0.0001205006265,0
13351,0.002708554501,0.0001205006265,0
13352,0.00183007645,0.0001205006265,0
13353,0.0005371986772,0.0001205006265,0
13354,0.001996945357,0.0001205006265,0
13355,0.0002382737002,0.0001205006265,0
13356,0.002912099008,0.0001205006265,0
13357,0.003821380669,0.0001205006265,0
13358,0.0002639729646,0.0001205006265,0
13359,0.0009695502231,0.0001200825936,0
13360,0.0002254995925,0.0001200825936,0
13361,0.002867021365,0.0001200825936,0
13362,0.0004269965284,0.0001200825936,0
13363,0.0002879244566,0.0001200825936,0
13364,0.0008492339985,0.0001200825936,0
13365,0.002091101371,0.0001200825936,0
13366,0.001154371072,0.0001200825936,0
13367,0.0007681513089,0.0001200825936,0
13368,0.002148774918,0.0001200825936,0
13369,0.0005998336128,0.0001200825936,0
13370,0.002334249439,0.0001200825936,0
13371,0.0005889384192,0.0001200825936,0
13372,0.0002312670986,0.0001200825936,0
13373,0.00210426026,0.0001200825936,0
13374,0.0008474151837,0.0001200825936,0
13375,0.0008594613755,0.0001200825936,0
13376,0.0009436087566,0.0001200825936,0
13377,0.007124479394,0.0001200825936,0
13378,0.003925959114,0.0001200825936,0
13379,0.0004118275829,0.0001191348128,0
13380,0.00138304662,0.0001191348128,0
13381,0.001950216829,0.0001191348128,0
13382,0.0003361367271,0.0001191348128,0
13383,0.0002865787828,0.0001191348128,0
13384,0.005066460464,0.0001191348128,0
13385,0.0004079978389,0.0001191348128,0
13386,0.0005230152165,0.0001191348128,0
13387,0.0006007631309,0.0001191348128,0
13388,0.0005025114515,0.0001191348128,0
13389,0.0002858962398,0.0001191348128,0
13390,0.000279993983,0.0001191348128,0
13391,0.0003540358157,0.0001191348128,0
13392,0.003588726977,0.0001191348128,0
13393,0.001270648208,0.0001191348128,0
13394,0.0003514253185,0.0001191348128,0
13395,0.0006405874738,0.0001191348128,0
13396,0.002302161185,0.0001191348128,0
13397,0.0006966329529,0.0001191348128,0
13398,0.0008571632206,0.0001191348128,0
13399,0.02059416287,0.0001185486908,1
13400,0.0002273986756,0.0001185486908,0
13401,0.0006676616613,0.0001185486908,0
13402,0.001758497558,0.0001185486908,0
13403,0.0003940658353,0.0001185486908,0
13404,0.001538388198,0.0001185486908,0
13405,0.003369876649,0.0001185486908,0
13406,0.001092831371,0.0001185486908,0
13407,0.0006587860407,0.0001185486908,0
13408,0.01495409105,0.0001185486908,1
13409,0.0003342746932,0.0001185486908,0
13410,0.0005103509175,0.0001185486908,0
13411,0.001067890786,0.0001185486908,0
13412,0.0003966813092,0.0001185486908,0
13413,0.001424002461,0.0001185486908,0
13414,0.002197857248,0.0001185486908,0
13415,0.0002242609917,0.0001185486908,0
13416,0.0005326003884,0.0001185486908,0
13417,0.003404187504,0.0001185486908,0
13418,0.000903934415,0.0001185486908,0
13419,0.001875735004,0.0001180053368,0
13420,0.0006979494356,0.0001180053368,0
13421,0.0003545997606,0.0001180053368,0
13422,0.0006723854458,0.0001180053368,0
13423,0.0005194153637,0.0001180053368,0
13424,0.001770871109,0.0001180053368,0
13425,0.0004100321385,0.0001180053368,0
13426,0.0006922413595,0.0001180053368,0
13427,0.0003995141597,0.0001180053368,0
13428,0.0005525315646,0.0001180053368,0
13429,0.005913658533,0.0001180053368,0
13430,0.0004444316437,0.0001180053368,0
13431,0.0009945952334,0.0001180053368,0
13432,0.001269988716,0.0001180053368,0
13433,0.0009788515745,0.0001180053368,0
13434,0.0002595173428,0.0001180053368,0
13435,0.03074369393,0.0001180053368,1
13436,0.0009080253076,0.0001180053368,0
13437,0.008424219675,0.0001180053368,1
13438,0.0001573725312,0.0001180053368,0
13439,0.0004189858155,0.0001181819971,0
13440,0.0001818464661,0.0001181819971,0
13441,0.0006959931343,0.0001181819971,0
13442,0.001140905544,0.0001181819971,0
13443,0.001727675321,0.0001181819971,0
13444,0.003344991943,0.0001181819971,0
13445,0.0004937921185,0.0001181819971,0
13446,0.001860604389,0.0001181819971,0
13447,0.0005008797161,0.0001181819971,0
13448,0.00364369154,0.0001181819971,0
13449,0.001159567386,0.0001181819971,0
13450,0.00210239552,0.0001181819971,0
13451,0.0003017518902,0.0001181819971,0
13452,0.0003340702388,0.0001181819971,0
13453,0.0006582505303,0.0001181819971,0
13454,0.001069079968,0.0001181819971,0
13455,0.003551187227,0.0001181819971,0
13456,0.0002415561175,0.0001181819971,0
13457,0.0003279894299,0.0001181819971,0
13458,0.0005811884184,0.0001181819971,0
13459,0.00136220071,0.0001184833964,0
13460,0.0003255420597,0.0001184833964,0
13461,0.001769743045,0.0001184833964,0
13462,0.0003169338743,0.0001184833964,0
13463,0.0004323030007,0.0001184833964,0
13464,0.0003235327895,0.0001184833964,0
13465,0.002190743573,0.0001184833964,0
13466,0.01066088863,0.0001184833964,1
13467,0.001001908677,0.0001184833964,0
13468,0.00142881216,0.0001184833964,0
13469,0.002408415079,0.0001184833964,0
13470,0.001930405502,0.0001184833964,0
13471,0.001676146057,0.0001184833964,0
13472,0.0004756296112,0.0001184833964,0
13473,0.0004632517521,0.0001184833964,0
13474,0.001342533389,0.0001184833964,0
13475,0.0005919878022,0.0001184833964,0
13476,0.001167962095,0.0001184833964,0
13477,0.0005594530376,0.0001184833964,0
13478,0.001584802987,0.0001184833964,0
13479,0.0006036343984,0.0001178355524,0
13480,0.0008684114437,0.0001178355524,0
13481,0.001048535574,0.0001178355524,0
13482,0.002522824565,0.0001178355524,0
13483,0.0001875567687,0.0001178355524,0
13484,0.0005916230148,0.0001178355524,0
13485,0.00187560427,0.0001178355524,0
13486,0.0005216465215,0.0001178355524,0
13487,0.003093813546,0.0001178355524,0
13488,0.001092135091,0.0001178355524,0
13489,0.001064239419,0.0001178355524,0
13490,0.004418729804,0.0001178355524,0
13491,0.000380027137,0.0001178355524,0
13492,0.001086163451,0.0001178355524,0
13493,0.0006237721536,0.0001178355524,0
13494,0.0005451767938,0.0001178355524,0
13495,0.0004066343536,0.0001178355524,0
13496,0.0005855940981,0.0001178355524,0
13497,0.0007826077053,0.0001178355524,0
13498,0.0007939769421,0.0001178355524,0
13499,0.0008508159663,0.0001179571336,0
13500,0.0008944405126,0.0001179571336,0
13501,0.001043890952,0.0001179571336,0
13502,0.01711150631,0.0001179571336,1
13503,0.001880686148,0.0001179571336,0
13504,0.000611183641,0.0001179571336,0
13505,0.0006631671567,0.0001179571336,0
13506,0.001913556596,0.0001179571336,0
13507,0.001868797466,0.0001179571336,0
13508,0.004593238235,0.0001179571336,0
13509,0.00171654555,0.0001179571336,0
13510,0.0003638797789,0.0001179571336,0
13511,0.001792931114,0.0001179571336,0
13512,0.0007589464658,0.0001179571336,0
13513,0.000991440611,0.0001179571336,0
13514,0.0002195199777,0.0001179571336,0
13515,0.001906496473,0.0001179571336,0
13516,0.0008859775262,0.0001179571336,0
13517,0.0003308182058,0.0001179571336,0
13518,0.00109711173,0.0001179571336,0
13519,0.0004500394571,0.0001172029224,0
13520,0.0005182599998,0.0001172029224,0
13521,0.0005379237118,0.0001172029224,0
13522,0.0002785079414,0.0001172029224,0
13523,0.002429731656,0.0001172029224,0
13524,0.000827566837,0.0001172029224,0
13525,0.0003854652459,0.0001172029224,0
13526,0.0009562756168,0.0001172029224,0
13527,0.0001953425672,0.0001172029224,0
13528,0.0003834323434,0.0001172029224,0
13529,0.0003884710313,0.0001172029224,0
13530,0.00206672377,0.0001172029224,0
13531,0.001044197474,0.0001172029224,0
13532,0.0002957779798,0.0001172029224,0
13533,0.0006339277024,0.0001172029224,0
13534,0.001832233858,0.0001172029224,0
13535,0.006096276455,0.0001172029224,0
13536,0.002929343376,0.0001172029224,0
13537,0.0009212504956,0.0001172029224,0
13538,0.000894336612,0.0001172029224,0
13539,0.001783089014,0.0001169504831,0
13540,0.0002905786678,0.0001169504831,0
13541,0.0003443383321,0.0001169504831,0
13542,0.001023181831,0.0001169504831,0
13543,0.0003932995023,0.0001169504831,0
13544,0.0003531800758,0.0001169504831,0
13545,0.01122775301,0.0001169504831,1
13546,0.0007901373319,0.0001169504831,0
13547,0.0003031337692,0.0001169504831,0
13548,0.0007299205754,0.0001169504831,0
13549,0.0003973585262,0.0001169504831,0
13550,0.001272439375,0.0001169504831,0
13551,0.0004345567722,0.0001169504831,0
13552,0.0004808474041,0.0001169504831,0
13553,0.001117790584,0.0001169504831,0
13554,0.0004609758907,0.0001169504831,0
13555,0.002431726549,0.0001169504831,0
13556,0.0003732036275,0.0001169504831,0
13557,0.002508146688,0.0001169504831,0
13558,0.001286339946,0.0001169504831,0
13559,0.001419784734,0.0001170082032,0
13560,0.0004351053794,0.0001170082032,0
13561,0.0009442298906,0.0001170082032,0
13562,0.0002878603409,0.0001170082032,0
13563,0.002294842619,0.0001170082032,0
13564,0.0007622403209,0.0001170082032,0
13565,0.0007495105965,0.0001170082032,0
13566,0.001284587081,0.0001170082032,0
13567,0.0006210186402,0.0001170082032,0
13568,0.0005083330907,0.0001170082032,0
13569,0.0001338609,0.0001170082032,0
13570,0.01229648571,0.0001170082032,1
13571,0.000384114217,0.0001170082032,0
13572,0.002906610258,0.0001170082032,0
13573,0.000310144329,0.0001170082032,0
13574,0.002970861038,0.0001170082032,0
13575,0.0007629518514,0.0001170082032,0
13576,0.0002563156595,0.0001170082032,0
13577,0.002800598973,0.0001170082032,0
13578,0.0006717763026,0.0001170082032,0
13579,0.0008384604589,0.0001157978186,0
13580,0.001418723143,0.0001157978186,0
13581,0.002604228444,0.0001157978186,0
13582,0.0008120022248,0.0001157978186,0
13583,0.002134997165,0.0001157978186,0
13584,0.002132802038,0.0001157978186,0
13585,0.001412247773,0.0001157978186,0
13586,0.0002413836337,0.0001157978186,0
13587,0.000127110965,0.0001157978186,0
13588,0.001400281908,0.0001157978186,0
13589,0.0002469765313,0.0001157978186,0
13590,0.003055556212,0.0001157978186,0
13591,0.0006408718764,0.0001157978186,0
13592,0.001209930866,0.0001157978186,0
13593,0.002479984425,0.0001157978186,0
13594,0.0005519758561,0.0001157978186,0
13595,0.006138060242,0.0001157978186,0
13596,0.00161564874,0.0001157978186,0
13597,0.0002667140798,0.0001157978186,0
13598,0.0009366254089,0.0001157978186,0
13599,0.0002713248541,0.0001148442461,0
13600,0.008811515756,0.0001148442461,1
13601,0.003192521166,0.0001148442461,0
13602,0.01092156488,0.0001148442461,1
13603,0.002683630912,0.0001148442461,0
13604,0.0005770375137,0.0001148442461,0
13605,0.0004788397055,0.0001148442461,0
13606,0.0003242075909,0.0001148442461,0
13607,0.00705919601,0.0001148442461,0
13608,0.0007490575081,0.0001148442461,0
13609,0.001116048545,0.0001148442461,0
13610,0.00026755,0.0001148442461,0
13611,0.001427241019,0.0001148442461,0
13612,0.0006571926642,0.0001148442461,0
13613,0.0004272494116,0.0001148442461,0
13614,0.0006042049499,0.0001148442461,0
13615,0.0001676907705,0.0001148442461,0
13616,0.0005287530948,0.0001148442461,0
13617,0.0005555087118,0.0001148442461,0
13618,0.0005702803028,0.0001148442461,0
13619,0.001031084452,0.0001147581206,0
13620,0.005379409529,0.0001147581206,0
13621,0.001874847105,0.0001147581206,0
13622,0.004522223491,0.0001147581206,0
13623,0.0003552877461,0.0001147581206,0
13624,0.0005030333996,0.0001147581206,0
13625,0.0004964176915,0.0001147581206,0
13626,0.0001309565996,0.0001147581206,0
13627,0.0003736179497,0.0001147581206,0
13628,0.001826653956,0.0001147581206,0
13629,0.001787005807,0.0001147581206,0
13630,0.003342438489,0.0001147581206,0
13631,0.0009266212001,0.0001147581206,0
13632,0.0002869271557,0.0001147581206,0
13633,0.003982185386,0.0001147581206,0
13634,0.001124360017,0.0001147581206,0
13635,0.0009752598708,0.0001147581206,0
13636,0.0003584277001,0.0001147581206,0
13637,0.0001455991587,0.0001147581206,0
13638,0.001422812231,0.0001147581206,0
13639,0.0004112550523,0.0001143045811,0
13640,0.002493269974,0.0001143045811,0
13641,0.001722777961,0.0001143045811,0
13642,0.003523354651,0.0001143045811,0
13643,0.0005487399758,0.0001143045811,0
13644,0.0004282697919,0.0001143045811,0
13645,0.001026026788,0.0001143045811,0
13646,0.001534924959,0.0001143045811,0
13647,0.001878910349,0.0001143045811,0
13648,0.0002764288511,0.0001143045811,0
13649,0.003607415827,0.0001143045811,0
13650,0.0002844623814,0.0001143045811,0
13651,0.0007426062948,0.0001143045811,0
13652,0.0003997158492,0.0001143045811,0
13653,0.00135506771,0.0001143045811,0
13654,0.001132264617,0.0001143045811,0
13655,0.003735163249,0.0001143045811,0
13656,0.003414012957,0.0001143045811,0
13657,0.0009742368711,0.0001143045811,0
13658,0.0002335895697,0.0001143045811,0
13659,0.00158880197,0.0001141510147,0
13660,0.0005427055876,0.0001141510147,0
13661,0.0006006332696,0.0001141510147,0
13662,0.0004928020062,0.0001141510147,0
13663,0.0006246208795,0.0001141510147,0
13664,0.0003918727161,0.0001141510147,0
13665,0.0008725387743,0.0001141510147,0
13666,0.0006685656845,0.0001141510147,0
13667,0.0002403524559,0.0001141510147,0
13668,0.0006954247365,0.0001141510147,0
13669,0.001463198685,0.0001141510147,0
13670,0.0007656585658,0.0001141510147,0
13671,0.0003765406436,0.0001141510147,0
13672,0.0005481151748,0.0001141510147,0
13673,0.001143133268,0.0001141510147,0
13674,0.0004867333046,0.0001141510147,0
13675,0.0008750530542,0.0001141510147,0
13676,0.0003272530157,0.0001141510147,0
13677,0.0003569708788,0.0001141510147,0
13678,0.0001256119867,0.0001141510147,0
13679,0.0002043468994,0.0001136967549,0
13680,0.001514660777,0.0001136967549,0
13681,0.0004105343833,0.0001136967549,0
13682,0.001564981649,0.0001136967549,0
13683,0.0003006322077,0.0001136967549,0
13684,0.001334060566,0.0001136967549,0
13685,0.0007188610034,0.0001136967549,0
13686,0.005404021125,0.0001136967549,0
13687,0.005928955507,0.0001136967549,0
13688,9.775019134e-05,0.0001136967549,0
13689,0.001357983681,0.0001136967549,0
13690,0.001246512518,0.0001136967549,0
13691,0.001158664469,0.0001136967549,0
13692,0.001376169384,0.0001136967549,0
13693,0.001061726711,0.0001136967549,0
13694,0.001330274506,0.0001136967549,0
13695,0.0004032259458,0.0001136967549,0
13696,0.0002808362478,0.0001136967549,0
13697,0.0005669549573,0.0001136967549,0
13698,0.0003143487265,0.0001136967549,0
13699,0.0007128439611,0.0001129383163,0
13700,0.0007692367071,0.0001129383163,0
13701,0.001597317168,0.0001129383163,0
13702,0.000969161978,0.0001129383163,0
13703,0.0002251596452,0.0001129383163,0
13704,0.0006707378197,0.0001129383163,0
13705,0.0003084462078,0.0001129383163,0
13706,0.0007494264864,0.0001129383163,0
13707,0.0007332569221,0.0001129383163,0
13708,0.001746854046,0.0001129383163,0
13709,0.002229409991,0.0001129383163,0
13710,0.0007376871072,0.0001129383163,0
13711,0.0004559277149,0.0001129383163,0
13712,0.001501265331,0.0001129383163,0
13713,0.001780898194,0.0001129383163,0
13714,0.0005276945885,0.0001129383163,0
13715,0.0005130225909,0.0001129383163,0
13716,0.001023425488,0.0001129383163,0
13717,0.002122662961,0.0001129383163,0
13718,0.001804264146,0.0001129383163,0
13719,0.0006565125659,0.0001121050445,0
13720,0.001310817199,0.0001121050445,0
13721,0.0003457755083,0.0001121050445,0
13722,0.0007671726053,0.0001121050445,0
13723,0.001439296058,0.0001121050445,0
13724,0.0008521883283,0.0001121050445,0
13725,0.0002221485629,0.0001121050445,0
13726,0.003044244833,0.0001121050445,0
13727,0.0029296875,0.0001121050445,0
13728,0.002533013932,0.0001121050445,0
13729,0.001414710889,0.0001121050445,0
13730,0.0009003066225,0.0001121050445,0
13731,0.00209869002,0.0001121050445,0
13732,0.002910228912,0.0001121050445,0
13733,0.003974179272,0.0001121050445,0
13734,0.002245869488,0.0001121050445,0
13735,0.001319246483,0.0001121050445,0
13736,0.0002722383942,0.0001121050445,0
13737,0.0005128046032,0.0001121050445,0
13738,0.001266754814,0.0001121050445,0
13739,0.001114534447,0.0001121577588,0
13740,0.006901721936,0.0001121577588,0
13741,0.0004868613905,0.0001121577588,0
13742,0.00082450849,0.0001121577588,0
13743,0.0008750879206,0.0001121577588,0
13744,0.0002269873803,0.0001121577588,0
13745,0.0004121172533,0.0001121577588,0
13746,0.00135475141,0.0001121577588,0
13747,0.0007531908923,0.0001121577588,0
13748,0.002146231011,0.0001121577588,0
13749,0.000759542163,0.0001121577588,0
13750,0.0006640840438,0.0001121577588,0
13751,0.002815418178,0.0001121577588,0
13752,0.0009430953651,0.0001121577588,0
13753,0.001298393938,0.0001121577588,0
13754,0.003176110331,0.0001121577588,0
13755,0.0009660518845,0.0001121577588,0
13756,0.0008423592662,0.0001121577588,0
13757,0.02290670574,0.0001121577588,1
13758,0.006245939061,0.0001121577588,0
13759,0.001026197802,0.000111157482,0
13760,0.007012709044,0.000111157482,0
13761,0.0004313250829,0.000111157482,0
13762,0.0006994595751,0.000111157482,0
13763,0.0007268415065,0.000111157482,0
13764,0.0003779264516,0.000111157482,0
13765,0.0005551629583,0.000111157482,0
13766,0.004060815088,0.000111157482,0
13767,0.0005293940776,0.000111157482,0
13768,0.0003075276618,0.000111157482,0
13769,0.0005701254704,0.000111157482,0
13770,0.0004492588632,0.000111157482,0
13771,0.0006123778876,0.000111157482,0
13772,0.0001568180451,0.000111157482,0
13773,0.01407185942,0.000111157482,1
13774,0.0005442948896,0.000111157482,0
13775,0.01302551478,0.000111157482,1
13776,0.0006443375605,0.000111157482,0
13777,0.001306799357,0.000111157482,0
13778,0.0009319424862,0.000111157482,0
13779,0.001874143258,0.0001108805227,0
13780,0.003145443974,0.0001108805227,0
13781,0.005329343956,0.0001108805227,0
13782,0.001851998852,0.0001108805227,0
13783,0.0003397210094,0.0001108805227,0
13784,0.0007325658225,0.0001108805227,0
13785,0.0004066397669,0.0001108805227,0
13786,0.0005118537229,0.0001108805227,0
13787,0.001146074268,0.0001108805227,0
13788,0.00261746929,0.0001108805227,0
13789,0.001412843703,0.0001108805227,0
13790,0.0005995656247,0.0001108805227,0
13791,0.0005119591951,0.0001108805227,0
13792,0.001578219701,0.0001108805227,0
13793,0.001381470589,0.0001108805227,0
13794,0.000680779689,0.0001108805227,0
13795,0.004752306733,0.0001108805227,0
13796,0.0003901087912,0.0001108805227,0
13797,0.0003663612588,0.0001108805227,0
13798,0.00203422294,0.0001108805227,0
13799,0.0002607640636,0.0001107342614,0
13800,0.004056266975,0.0001107342614,0
13801,0.001357501256,0.0001107342614,0
13802,0.000482012314,0.0001107342614,0
13803,0.001525181811,0.0001107342614,0
13804,0.001255948213,0.0001107342614,0
13805,0.00432191696,0.0001107342614,0
13806,0.01436771825,0.0001107342614,1
13807,0.0007723512244,0.0001107342614,0
13808,0.001293264097,0.0001107342614,0
13809,0.0002835171181,0.0001107342614,0
13810,0.0007662920398,0.0001107342614,0
13811,0.001017514383,0.0001107342614,0
13812,0.0003449929354,0.0001107342614,0
13813,0.001711889869,0.0001107342614,0
13814,0.003482788801,0.0001107342614,0
13815,0.002754774876,0.0001107342614,0
13816,0.0009317671647,0.0001107342614,0
13817,0.0008118065889,0.0001107342614,0
13818,0.0002576916304,0.0001107342614,0
13819,0.0004557080683,0.0001102072056,0
13820,0.0004529655271,0.0001102072056,0
13821,0.001620767405,0.0001102072056,0
13822,0.001318137394,0.0001102072056,0
13823,0.002456974704,0.0001102072056,0
13824,0.0005791983567,0.0001102072056,0
13825,0.0003304046695,0.0001102072056,0
13826,0.002020674292,0.0001102072056,0
13827,0.0002014674537,0.0001102072056,0
13828,0.0005784768728,0.0001102072056,0
13829,0.0007017253083,0.0001102072056,0
13830,0.0009822937427,0.0001102072056,0
13831,0.002488455502,0.0001102072056,0
13832,0.002472160384,0.0001102072056,0
13833,0.0005447195726,0.0001102072056,0
13834,0.0007394948625,0.0001102072056,0
13835,0.0006202195655,0.0001102072056,0
13836,0.002026771894,0.0001102072056,0
13837,0.0006817429676,0.0001102072056,0
13838,0.0008064442081,0.0001102072056,0
13839,0.00225739833,0.0001102788665,0
13840,0.000610340503,0.0001102788665,0
13841,0.002934915479,0.0001102788665,0
13842,0.000820286572,0.0001102788665,0
13843,0.0006572440034,0.0001102788665,0
13844,0.0005190001102,0.0001102788665,0
13845,0.00023361278,0.0001102788665,0
13846,0.0006014892715,0.0001102788665,0
13847,0.005949161947,0.0001102788665,0
13848,0.00123997021,0.0001102788665,0
13849,0.0007866955129,0.0001102788665,0
13850,0.0003971543629,0.0001102788665,0
13851,0.0007896746392,0.0001102788665,0
13852,0.0007755626575,0.0001102788665,0
13853,0.0006628800184,0.0001102788665,0
13854,0.0008424599655,0.0001102788665,0
13855,0.0005174332764,0.0001102788665,0
13856,0.0005415531341,0.0001102788665,0
13857,0.0002992978552,0.0001102788665,0
13858,0.001671507373,0.0001102788665,0
13859,0.0005290217814,0.0001100658556,0
13860,0.0008025445277,0.0001100658556,0
13861,0.0001250665082,0.0001100658556,0
13862,0.003395176958,0.0001100658556,0
13863,0.003441782203,0.0001100658556,0
13864,0.001215876779,0.0001100658556,0
13865,0.001237111981,0.0001100658556,0
13866,0.001107916702,0.0001100658556,0
13867,0.0005181877059,0.0001100658556,0
13868,0.0003783197317,0.0001100658556,0
13869,0.001573565998,0.0001100658556,0
13870,0.0004200605326,0.0001100658556,0
13871,0.002733354457,0.0001100658556,0
13872,0.0001581047254,0.0001100658556,0
13873,0.001042999094,0.0001100658556,0
13874,0.002077920595,0.0001100658556,0
13875,0.004965171684,0.0001100658556,0
13876,0.0002712848363,0.0001100658556,0
13877,0.001461414387,0.0001100658556,0
13878,0.0005895313225,0.0001100658556,0
13879,0.0007986945566,0.000110344241,0
13880,0.0005733459839,0.000110344241,0
13881,0.001435953425,0.000110344241,0
13882,0.002788990736,0.000110344241,0
13883,0.003270851681,0.000110344241,0
13884,0.0002002693509,0.000110344241,0
13885,0.0009266763809,0.000110344241,0
13886,0.001083130483,0.000110344241,0
13887,0.001150063938,0.000110344241,0
13888,0.0003252208699,0.000110344241,0
13889,0.0006536221481,0.000110344241,0
13890,0.0005150774377,0.000110344241,0
13891,0.001928189769,0.000110344241,0
13892,0.000770990504,0.000110344241,0
13893,0.0006435079267,0.000110344241,0
13894,0.002424239181,0.000110344241,0
13895,0.002128134714,0.000110344241,0
13896,0.0001037560723,0.000110344241,0
13897,0.00033244511,0.000110344241,0
13898,0.004769638181,0.000110344241,0
13899,0.001907937112,0.0001105247866,0
13900,0.001902424148,0.0001105247866,0
13901,0.0009744981071,0.0001105247866,0
13902,0.0005914957146,0.0001105247866,0
13903,0.0003281838144,0.0001105247866,0
13904,0.0005558552803,0.0001105247866,0
13905,0.0003228236164,0.0001105247866,0
13906,0.0001759195584,0.0001105247866,0
13907,0.007467873394,0.0001105247866,1
13908,0.0009767190786,0.0001105247866,0
13909,0.0004390952527,0.0001105247866,0
13910,0.00167372229,0.0001105247866,0
13911,0.0004801971372,0.0001105247866,0
13912,0.001228051377,0.0001105247866,0
13913,0.0010764451,0.0001105247866,0
13914,0.001487774425,0.0001105247866,0
13915,0.0002581368608,0.0001105247866,0
13916,0.001446421375,0.0001105247866,0
13917,0.001529321191,0.0001105247866,0
13918,0.0006645150133,0.0001105247866,0
13919,0.0004364528577,0.0001103596005,0
13920,0.001320458716,0.0001103596005,0
13921,0.0005195725244,0.0001103596005,0
13922,0.0008147811168,0.0001103596005,0
13923,0.002873191144,0.0001103596005,0
13924,0.000220984497,0.0001103596005,0
13925,0.0003137083841,0.0001103596005,0
13926,0.00348092732,0.0001103596005,0
13927,0.001844979008,0.0001103596005,0
13928,0.0002374696924,0.0001103596005,0
13929,0.001180941588,0.0001103596005,0
13930,0.0008925632574,0.0001103596005,0
13931,0.002172350185,0.0001103596005,0
13932,0.0006276217755,0.0001103596005,0
13933,0.004676351789,0.0001103596005,0
13934,0.008023338392,0.0001103596005,1
13935,0.001153027522,0.0001103596005,0
13936,0.0004551466845,0.0001103596005,0
13937,0.001291555353,0.0001103596005,0
13938,0.0007607287844,0.0001103596005,0
13939,0.002061537001,0.0001098726789,0
13940,0.0006060632295,0.0001098726789,0
13941,0.001007065875,0.0001098726789,0
13942,0.001078000991,0.0001098726789,0
13943,0.0003480121377,0.0001098726789,0
13944,0.0006893340033,0.0001098726789,0
13945,0.001036450383,0.0001098726789,0
13946,0.0006826327299,0.0001098726789,0
13947,0.002725551138,0.0001098726789,0
13948,0.0005214714911,0.0001098726789,0
13949,0.0003757032682,0.0001098726789,0
13950,0.001326217549,0.0001098726789,0
13951,0.0008076583617,0.0001098726789,0
13952,0.0005670009414,0.0001098726789,0
13953,0.0003773593635,0.0001098726789,0
13954,0.0008821288939,0.0001098726789,0
13955,0.002402863232,0.0001098726789,0
13956,0.0009352847701,0.0001098726789,0
13957,0.001357249799,0.0001098726789,0
13958,0.000443783938,0.0001098726789,0
13959,0.0001583746343,0.0001092865132,0
13960,0.001474677818,0.0001092865132,0
13961,0.0007338467403,0.0001092865132,0
13962,0.0009129982209,0.0001092865132,0
13963,0.000339502818,0.0001092865132,0
13964,0.0006338018575,0.0001092865132,0
13965,0.001517842524,0.0001092865132,0
13966,0.001869718079,0.0001092865132,0
13967,0.001770108822,0.0001092865132,0
13968,0.001019729767,0.0001092865132,0
13969,0.0003124525829,0.0001092865132,0
13970,0.0007479460328,0.0001092865132,0
13971,0.002100818558,0.0001092865132,0
13972,0.0002065579902,0.0001092865132,0
13973,0.003075243905,0.0001092865132,0
13974,0.003774121171,0.0001092865132,0
13975,9.553653945e-05,0.0001092865132,0
13976,0.0009633991867,0.0001092865132,0
13977,0.001557834912,0.0001092865132,0
13978,0.003684441093,0.0001092865132,0
13979,0.0005235926365,0.0001095238767,0
13980,0.001027149498,0.0001095238767,0
13981,0.0003185284731,0.0001095238767,0
13982,0.001182806911,0.0001095238767,0
13983,0.0001278654672,0.0001095238767,0
13984,0.0003130161203,0.0001095238767,0
13985,0.001158126979,0.0001095238767,0
13986,0.001514077536,0.0001095238767,0
13987,0.0002136190742,0.0001095238767,0
13988,0.0003727691073,0.0001095238767,0
13989,0.0003135633015,0.0001095238767,0
13990,0.0005206801579,0.0001095238767,0
13991,0.001271885703,0.0001095238767,0
13992,0.005407840014,0.0001095238767,0
13993,0.002355796751,0.0001095238767,0
13994,0.001721680746,0.0001095238767,0
13995,0.0005556268152,0.0001095238767,0
13996,0.008120468818,0.0001095238767,1
13997,0.001106079901,0.0001095238767,0
13998,0.0001887457474,0.0001095238767,0
13999,0.002253820887,0.0001100019144,0
14000,0.0005159631837,0.0001100019144,0
14001,0.0001907521655,0.0001100019144,0
14002,0.0002335325262,0.0001100019144,0
14003,0.0006531582912,0.0001100019144,0
14004,0.003784372006,0.0001100019144,0
14005,0.001444103429,0.0001100019144,0
14006,0.0007675299421,0.0001100019144,0
14007,0.002683366183,0.0001100019144,0
14008,0.001188069582,0.0001100019144,0
14009,0.002983329352,0.0001100019144,0
14010,0.001112964237,0.0001100019144,0
14011,0.001128574484,0.0001100019144,0
14012,0.0003369314654,0.0001100019144,0
14013,0.001296983915,0.0001100019144,0
14014,0.000340330007,0.0001100019144,0
14015,0.0003071221872,0.0001100019144,0
14016,0.001086623874,0.0001100019144,0
14017,0.003092240542,0.0001100019144,0
14018,0.0001744522451,0.0001100019144,0
14019,0.0002722578356,0.0001095160333,0
14020,0.0005559764686,0.0001095160333,0
14021,0.0006009959034,0.0001095160333,0
14022,0.0009629430715,0.0001095160333,0
14023,0.0003478857107,0.0001095160333,0
14024,0.001206935965,0.0001095160333,0
14025,0.003265494946,0.0001095160333,0
14026,0.0009599572513,0.0001095160333,0
14027,0.001624198398,0.0001095160333,0
14028,0.00279439427,0.0001095160333,0
14029,0.0008964727167,0.0001095160333,0
14030,0.0007474098238,0.0001095160333,0
14031,0.0006781351985,0.0001095160333,0
14032,0.001839311677,0.0001095160333,0
14033,0.0004245068412,0.0001095160333,0
14034,0.0009003109881,0.0001095160333,0
14035,0.001575044589,0.0001095160333,0
14036,0.001714777551,0.0001095160333,0
14037,0.0008875872009,0.0001095160333,0
14038,0.001361850998,0.0001095160333,0
14039,0.0005362300435,0.0001094080144,0
14040,0.001182378153,0.0001094080144,0
14041,0.001523389597,0.0001094080144,0
14042,0.0003910608648,0.0001094080144,0
14043,0.001128128148,0.0001094080144,0
14044,0.0006128774839,0.0001094080144,0
14045,0.0004671048664,0.0001094080144,0
14046,0.0002875683422,0.0001094080144,0
14047,0.0009470362565,0.0001094080144,0
14048,0.004620004445,0.0001094080144,0
14049,0.0002799365029,0.0001094080144,0
14050,0.002538562287,0.0001094080144,0
14051,0.001216602512,0.0001094080144,0
14052,0.0009891190566,0.0001094080144,0
14053,0.000581177359,0.0001094080144,0
14054,0.0002125416504,0.0001094080144,0
14055,0.0005086459569,0.0001094080144,0
14056,0.001810066169,0.0001094080144,0
14057,0.0006709806039,0.0001094080144,0
14058,0.0004705397587,0.0001094080144,0
14059,0.002448013984,0.0001083872994,0
14060,0.0007355627604,0.0001083872994,0
14061,0.0002202560136,0.0001083872994,0
14062,0.0006994478754,0.0001083872994,0
14063,0.001654921332,0.0001083872994,0
14064,0.0005758455372,0.0001083872994,0
14065,0.002566438867,0.0001083872994,0
14066,0.0004279405111,0.0001083872994,0
14067,0.0004545111442,0.0001083872994,0
14068,0.00102557207,0.0001083872994,0
14069,0.002934898017,0.0001083872994,0
14070,0.0006021395675,0.0001083872994,0
14071,0.002157410607,0.0001083872994,0
14072,0.0007944919635,0.0001083872994,0
14073,0.0009443428717,0.0001083872994,0
14074,0.001621984411,0.0001083872994,0
14075,0.0005798217608,0.0001083872994,0
14076,0.0003813288349,0.0001083872994,0
14077,0.001014908659,0.0001083872994,0
14078,0.001349597238,0.0001083872994,0
14079,0.003088651923,0.0001083086172,0
14080,0.001530847629,0.0001083086172,0
14081,0.0001408464013,0.0001083086172,0
14082,0.001911769155,0.0001083086172,0
14083,0.0007110079168,0.0001083086172,0
14084,0.0003202331136,0.0001083086172,0
14085,0.001515613752,0.0001083086172,0
14086,0.001262947684,0.0001083086172,0
14087,0.0005763088702,0.0001083086172,0
14088,0.0009694806067,0.0001083086172,0
14089,0.002735885093,0.0001083086172,0
14090,0.001348842401,0.0001083086172,0
14091,0.0005096640671,0.0001083086172,0
14092,0.001853121445,0.0001083086172,0
14093,0.0002262671187,0.0001083086172,0
14094,0.001154914964,0.0001083086172,0
14095,0.00157269882,0.0001083086172,0
14096,0.0002644703491,0.0001083086172,0
14097,0.0006699488731,0.0001083086172,0
14098,0.0002787021222,0.0001083086172,0
14099,0.0005943006254,0.0001081956798,0
14100,0.001982944086,0.0001081956798,0
14101,0.0005699557951,0.0001081956798,0
14102,0.0002765739628,0.0001081956798,0
14103,0.002458648523,0.0001081956798,0
14104,0.001394214691,0.0001081956798,0
14105,0.0009111136897,0.0001081956798,0
14106,0.001101562288,0.0001081956798,0
14107,0.000478679809,0.0001081956798,0
14108,0.0005602621823,0.0001081956798,0
14109,0.0009576465236,0.0001081956798,0
14110,0.002687298693,0.0001081956798,0
14111,0.02883269638,0.0001081956798,1
14112,0.0005731310812,0.0001081956798,0
14113,0.00049042108,0.0001081956798,0
14114,0.0003338695387,0.0001081956798,0
14115,0.0005621015443,0.0001081956798,0
14116,0.002153474139,0.0001081956798,0
14117,0.0002600392618,0.0001081956798,0
14118,0.001730414224,0.0001081956798,0
14119,0.001303749043,0.0001090437145,0
14120,0.001204953878,0.0001090437145,0
14121,0.00104174728,0.0001090437145,0
14122,0.0007390965475,0.0001090437145,0
14123,0.0009793641511,0.0001090437145,0
14124,0.0002311316639,0.0001090437145,0
14125,0.002708724001,0.0001090437145,0
14126,0.0009052023524,0.0001090437145,0
14127,0.001082853763,0.0001090437145,0
14128,0.0004776315764,0.0001090437145,0
14129,0.0001755790436,0.0001090437145,0
14130,0.0007412360283,0.0001090437145,0
14131,0.0004890798009,0.0001090437145,0
14132,0.000552005833,0.0001090437145,0
14133,0.00131859805,0.0001090437145,0
14134,0.0007140036323,0.0001090437145,0
14135,0.001102074864,0.0001090437145,0
14136,0.0007481650682,0.0001090437145,0
14137,0.0009163152426,0.0001090437145,0
14138,0.0003043522302,0.0001090437145,0
14139,0.0004714604584,0.0001085587792,0
14140,0.001324996585,0.0001085587792,0
14141,0.001632290543,0.0001085587792,0
14142,0.0007143468247,0.0001085587792,0
14143,0.004330274183,0.0001085587792,0
14144,0.0003973226121,0.0001085587792,0
14145,0.0005480668624,0.0001085587792,0
14146,0.0006093172706,0.0001085587792,0
14147,0.0007690915954,0.0001085587792,0
14148,0.0009857657133,0.0001085587792,0
14149,0.001495683682,0.0001085587792,0
14150,0.001692227437,0.0001085587792,0
14151,0.0005203136243,0.0001085587792,0
14152,0.001114682178,0.0001085587792,0
14153,0.0005440986133,0.0001085587792,0
14154,0.002029547701,0.0001085587792,0
14155,0.001123283524,0.0001085587792,0
14156,0.0003845289466,0.0001085587792,0
14157,0.0002296402527,0.0001085587792,0
14158,0.0005997958942,0.0001085587792,0
14159,0.0004516193585,0.0001088067875,0
14160,0.0003323201672,0.0001088067875,0
14161,0.001938915695,0.0001088067875,0
14162,0.003999039065,0.0001088067875,0
14163,0.0003787295427,0.0001088067875,0
14164,0.0004096278572,0.0001088067875,0
14165,0.0004184091813,0.0001088067875,0
14166,0.001472982811,0.0001088067875,0
14167,0.0003993883438,0.0001088067875,0
14168,0.0005112006911,0.0001088067875,0
14169,0.001998160267,0.0001088067875,0
14170,0.001275979565,0.0001088067875,0
14171,0.0001504710817,0.0001088067875,0
14172,0.001147792675,0.0001088067875,0
14173,0.00052732107,0.0001088067875,0
14174,0.0001312084933,0.0001088067875,0
14175,0.00116167136,0.0001088067875,0
14176,0.0004234358785,0.0001088067875,0
14177,0.0003529064998,0.0001088067875,0
14178,0.001307826838,0.0001088067875,0
14179,0.0007364555495,0.0001088913632,0
14180,0.0007436022279,0.0001088913632,0
14181,0.001252720715,0.0001088913632,0
14182,0.001049850369,0.0001088913632,0
14183,0.0006254449254,0.0001088913632,0
14184,0.0005497968523,0.0001088913632,0
14185,0.002360005863,0.0001088913632,0
14186,0.0001140287422,0.0001088913632,0
14187,0.0008805945399,0.0001088913632,0
14188,0.002902534325,0.0001088913632,0
14189,0.0005767220282,0.0001088913632,0
14190,0.0006319693057,0.0001088913632,0
14191,0.001294633257,0.0001088913632,0
14192,0.0008978536935,0.0001088913632,0
14193,0.000798336463,0.0001088913632,0
14194,0.002499375725,0.0001088913632,0
14195,0.0004358259321,0.0001088913632,0
14196,0.0005082904245,0.0001088913632,0
14197,0.003335475456,0.0001088913632,0
14198,0.0003568629909,0.0001088913632,0
14199,0.0005461838446,0.0001090058795,0
14200,0.00161722675,0.0001090058795,0
14201,0.001462905086,0.0001090058795,0
14202,0.001070702099,0.0001090058795,0
14203,0.0008024619892,0.0001090058795,0
14204,0.001121150795,0.0001090058795,0
14205,0.004130797461,0.0001090058795,0
14206,0.001032462693,0.0001090058795,0
14207,0.0004295503604,0.0001090058795,0
14208,0.001753992517,0.0001090058795,0
14209,0.0005283405189,0.0001090058795,0
14210,0.001073756139,0.0001090058795,0
14211,0.0003569841792,0.0001090058795,0
14212,0.0005427953438,0.0001090058795,0
14213,0.001054403489,0.0001090058795,0
14214,0.000232430335,0.0001090058795,0
14215,0.0004453901493,0.0001090058795,0
14216,0.001084774034,0.0001090058795,0
14217,0.001116247033,0.0001090058795,0
14218,0.000252396334,0.0001090058795,0
14219,0.001459738589,0.0001086747434,0
14220,0.001431953395,0.0001086747434,0
14221,0.0002636774443,0.0001086747434,0
14222,0.0002804087417,0.0001086747434,0
14223,0.002990982495,0.0001086747434,0
14224,0.001006927574,0.0001086747434,0
14225,0.0006034019752,0.0001086747434,0
14226,0.0008402605308,0.0001086747434,0
14227,0.001880929689,0.0001086747434,0
14228,0.001892093336,0.0001086747434,0
14229,0.001115289866,0.0001086747434,0
14230,0.002590943594,0.0001086747434,0
14231,0.0001850133558,0.0001086747434,0
14232,0.001883823541,0.0001086747434,0
14233,0.001093600527,0.0001086747434,0
14234,0.0007280053105,0.0001086747434,0
14235,0.0004219849361,0.0001086747434,0
14236,0.0006331896875,0.0001086747434,0
14237,0.0008848554571,0.0001086747434,0
14238,0.0009454429382,0.0001086747434,0
14239,0.0009820720879,0.00010873883,0
14240,0.001776567893,0.00010873883,0
14241,0.003948337864,0.00010873883,0
14242,0.001183946151,0.00010873883,0
14243,0.0007725129253,0.00010873883,0
14244,0.000376168784,0.00010873883,0
14245,0.0004885317758,0.00010873883,0
14246,0.0008807387785,0.00010873883,0
14247,0.006640447769,0.00010873883,0
14248,0.002313641831,0.00010873883,0
14249,0.000180720046,0.00010873883,0
14250,0.001585660852,0.00010873883,0
14251,0.00230113999,0.00010873883,0
14252,0.0001571216708,0.00010873883,0
14253,0.0006089974777,0.00010873883,0
14254,0.0007365170168,0.00010873883,0
14255,0.0003189739073,0.00010873883,0
14256,0.0003792661882,0.00010873883,0
14257,0.0003205810208,0.00010873883,0
14258,0.0009330677567,0.00010873883,0
14259,0.002243390307,0.0001091948143,0
14260,0.001658392604,0.0001091948143,0
14261,0.0007364051417,0.0001091948143,0
14262,0.0002664218482,0.0001091948143,0
14263,0.001084275893,0.0001091948143,0
14264,0.0008549542981,0.0001091948143,0
14265,0.0007559439982,0.0001091948143,0
14266,0.002303387271,0.0001091948143,0
14267,0.0005027469015,0.0001091948143,0
14268,0.0004337315331,0.0001091948143,0
14269,0.0003222822561,0.0001091948143,0
14270,0.0008237129077,0.0001091948143,0
14271,0.004012267571,0.0001091948143,0
14272,0.002455886919,0.0001091948143,0
14273,0.000502105162,0.0001091948143,0
14274,0.0004557373468,0.0001091948143,0
14275,0.0003008169588,0.0001091948143,0
14276,0.0004394067219,0.0001091948143,0
14277,0.0004156203649,0.0001091948143,0
14278,0.001190644689,0.0001091948143,0
14279,0.0007345174672,0.000108758104,0
14280,0.0004518981732,0.000108758104,0
14281,0.0004379633174,0.000108758104,0
14282,0.0003682961687,0.000108758104,0
14283,0.001208401052,0.000108758104,0
14284,0.001036419533,0.000108758104,0
14285,0.0003237286292,0.000108758104,0
14286,0.001029335544,0.000108758104,0
14287,0.000308565679,0.000108758104,0
14288,0.00176692917,0.000108758104,0
14289,0.001024875441,0.000108758104,0
14290,0.0007409606478,0.000108758104,0
14291,0.0002751000866,0.000108758104,0
14292,0.001908621984,0.000108758104,0
14293,0.0002756833856,0.000108758104,0
14294,0.0007771464298,0.000108758104,0
14295,0.001790049602,0.000108758104,0
14296,0.0002825882402,0.000108758104,0
14297,0.003437358653,0.000108758104,0
14298,0.001546243555,0.000108758104,0
14299,0.001484189881,0.0001079423018,0
14300,0.0001364078053,0.0001079423018,0
14301,0.0005397648201,0.0001079423018,0
14302,0.001256785938,0.0001079423018,0
14303,0.005952307489,0.0001079423018,0
14304,0.0006898196298,0.0001079423018,0
14305,0.000704090111,0.0001079423018,0
14306,0.0007907673717,0.0001079423018,0
14307,0.0003433505481,0.0001079423018,0
14308,0.001539836288,0.0001079423018,0
14309,0.00139032607,0.0001079423018,0
14310,0.0004413263232,0.0001079423018,0
14311,0.0002479709219,0.0001079423018,0
14312,0.0004021119094,0.0001079423018,0
14313,0.0007073140587,0.0001079423018,0
14314,0.009578910656,0.0001079423018,1
14315,0.0002897542145,0.0001079423018,0
14316,0.0003200282808,0.0001079423018,0
14317,0.001212533331,0.0001079423018,0
14318,0.0003054536355,0.0001079423018,0
14319,0.0003887584026,0.0001084412288,0
14320,0.0005307077081,0.0001084412288,0
14321,0.000498877198,0.0001084412288,0
14322,0.001177099068,0.0001084412288,0
14323,0.001253091614,0.0001084412288,0
14324,0.002170351334,0.0001084412288,0
14325,0.0004312355595,0.0001084412288,0
14326,0.0008767483523,0.0001084412288,0
14327,0.001034171903,0.0001084412288,0
14328,0.001883078599,0.0001084412288,0
14329,0.0005586121115,0.0001084412288,0
14330,0.001089606201,0.0001084412288,0
14331,0.0005760082859,0.0001084412288,0
14332,0.001088652527,0.0001084412288,0
14333,0.0004492304579,0.0001084412288,0
14334,0.000520124333,0.0001084412288,0
14335,0.0005944629665,0.0001084412288,0
14336,0.0004717520205,0.0001084412288,0
14337,0.0006247613928,0.0001084412288,0
14338,0.001232772367,0.0001084412288,0
14339,0.000257006468,0.0001083674069,0
14340,0.0002471397456,0.0001083674069,0
14341,0.000778408139,0.0001083674069,0
14342,0.000765934994,0.0001083674069,0
14343,0.002882008906,0.0001083674069,0
14344,0.0009272355237,0.0001083674069,0
14345,0.0004655991797,0.0001083674069,0
14346,0.0009131973493,0.0001083674069,0
14347,0.00206624018,0.0001083674069,0
14348,0.0003424972529,0.0001083674069,0
14349,0.004983428866,0.0001083674069,0
14350,0.0002783994132,0.0001083674069,0
14351,0.001505776891,0.0001083674069,0
14352,0.001705022762,0.0001083674069,0
14353,0.002636063378,0.0001083674069,0
14354,0.004038681276,0.0001083674069,0
14355,0.0006108761299,0.0001083674069,0
14356,0.000420367578,0.0001083674069,0
14357,0.0002754616726,0.0001083674069,0
14358,0.0001597104565,0.0001083674069,0
14359,0.001580091892,0.0001087098062,0
14360,0.0009370255866,0.0001087098062,0
14361,0.003117498709,0.0001087098062,0
14362,0.01152955648,0.0001087098062,1
14363,0.0005206637434,0.0001087098062,0
14364,0.0003378818801,0.0001087098062,0
14365,0.0010497279,0.0001087098062,0
14366,0.001673573279,0.0001087098062,0
14367,0.001133284066,0.0001087098062,0
14368,0.0008885665447,0.0001087098062,0
14369,0.0007770679658,0.0001087098062,0
14370,0.002420961857,0.0001087098062,0
14371,0.001795664313,0.0001087098062,0
14372,0.0005868591834,0.0001087098062,0
14373,0.0003216458717,0.0001087098062,0
14374,0.0009958165465,0.0001087098062,0
14375,0.0007901906502,0.0001087098062,0
14376,0.0006181562203,0.0001087098062,0
14377,0.00184753025,0.0001087098062,0
14378,0.001255332609,0.0001087098062,0
14379,0.002444640966,0.0001080353977,0
14380,0.001146707102,0.0001080353977,0
14381,0.0001417701569,0.0001080353977,0
14382,0.0005928277387,0.0001080353977,0
14383,0.00110636733,0.0001080353977,0
14384,0.0003058567818,0.0001080353977,0
14385,0.0009746119031,0.0001080353977,0
14386,0.0004326368216,0.0001080353977,0
14387,0.0006004513707,0.0001080353977,0
14388,0.0005005977582,0.0001080353977,0
14389,0.002761587035,0.0001080353977,0
14390,0.0002375574986,0.0001080353977,0
14391,0.0008477769443,0.0001080353977,0
14392,0.0009375233785,0.0001080353977,0
14393,0.0008293676074,0.0001080353977,0
14394,0.003853911068,0.0001080353977,0
14395,0.004490267951,0.0001080353977,0
14396,0.001177023281,0.0001080353977,0
14397,0.005446698982,0.0001080353977,0
14398,0.0008044581627,0.0001080353977,0
14399,0.0006711907336,0.0001074026659,0
14400,0.003070069477,0.0001074026659,0
14401,0.00267393142,0.0001074026659,0
14402,0.001086147618,0.0001074026659,0
14403,0.0007301787846,0.0001074026659,0
14404,0.001886851969,0.0001074026659,0
14405,0.003642868716,0.0001074026659,0
14406,0.001735044178,0.0001074026659,0
14407,0.001669185003,0.0001074026659,0
14408,0.002399771009,0.0001074026659,0
14409,0.0003745378635,0.0001074026659,0
14410,0.00174367195,0.0001074026659,0
14411,0.0004314696125,0.0001074026659,0
14412,0.002210915321,0.0001074026659,0
14413,0.0008812665474,0.0001074026659,0
14414,0.0001982845133,0.0001074026659,0
14415,0.002174145076,0.0001074026659,0
14416,0.0007108765421,0.0001074026659,0
14417,0.001276450581,0.0001074026659,0
14418,0.0004851133563,0.0001074026659,0
14419,0.0005035065114,0.0001075360851,0
14420,0.0004894842277,0.0001075360851,0
14421,0.0007883256185,0.0001075360851,0
14422,0.0002151181834,0.0001075360851,0
14423,0.002214663662,0.0001075360851,0
14424,0.0006604563096,0.0001075360851,0
14425,0.001670812257,0.0001075360851,0
14426,0.0003924280463,0.0001075360851,0
14427,0.0004235978995,0.0001075360851,0
14428,0.001346428064,0.0001075360851,0
14429,0.0005470767501,0.0001075360851,0
14430,0.00278024259,0.0001075360851,0
14431,0.0008126268513,0.0001075360851,0
14432,0.0007297473494,0.0001075360851,0
14433,0.002797410125,0.0001075360851,0
14434,0.0008959412808,0.0001075360851,0
14435,0.001657411689,0.0001075360851,0
14436,0.0007537034689,0.0001075360851,0
14437,0.000484580436,0.0001075360851,0
14438,0.0004504676326,0.0001075360851,0
14439,0.0007644541911,0.0001075831606,0
14440,0.0009083672194,0.0001075831606,0
14441,0.01010267437,0.0001075831606,1
14442,0.001368516474,0.0001075831606,0
14443,0.0011029382,0.0001075831606,0
14444,0.00309153134,0.0001075831606,0
14445,0.0009803815046,0.0001075831606,0
14446,0.000446425518,0.0001075831606,0
14447,0.0003453797544,0.0001075831606,0
14448,0.0001697424887,0.0001075831606,0
14449,0.00224612793,0.0001075831606,0
14450,0.003096554196,0.0001075831606,0
14451,0.000152275039,0.0001075831606,0
14452,0.001734467456,0.0001075831606,0
14453,0.00145547709,0.0001075831606,0
14454,0.0004402473569,0.0001075831606,0
14455,0.0002952214272,0.0001075831606,0
14456,0.001106322277,0.0001075831606,0
14457,0.000106152911,0.0001075831606,0
14458,0.0004196575319,0.0001075831606,0
14459,0.0001700754074,0.0001067981793,0
14460,0.00185328105,0.0001067981793,0
14461,0.0003286242427,0.0001067981793,0
14462,0.0004786958452,0.0001067981793,0
14463,0.0005180469016,0.0001067981793,0
14464,0.001875241054,0.0001067981793,0
14465,0.0008337097825,0.0001067981793,0
14466,0.001072817249,0.0001067981793,0
14467,0.0005504649598,0.0001067981793,0
14468,0.002407055581,0.0001067981793,0
14469,0.0008176584379,0.0001067981793,0
14470,0.0003770507465,0.0001067981793,0
14471,0.002594717313,0.0001067981793,0
14472,0.0005584156606,0.0001067981793,0
14473,0.001005411148,0.0001067981793,0
14474,0.004788470455,0.0001067981793,0
14475,0.0008617787389,0.0001067981793,0
14476,0.0006213416345,0.0001067981793,0
14477,0.0008921094122,0.0001067981793,0
14478,0.0005610606167,0.0001067981793,0
14479,0.0003316035436,0.0001069162099,0
14480,0.0003137531166,0.0001069162099,0
14481,0.001333687571,0.0001069162099,0
14482,0.001471162308,0.0001069162099,0
14483,0.001440629363,0.0001069162099,0
14484,0.001390139107,0.0001069162099,0
14485,0.0003627529659,0.0001069162099,0
14486,0.003043466946,0.0001069162099,0
14487,0.0002942191786,0.0001069162099,0
14488,0.0008647745126,0.0001069162099,0
14489,0.0009669748833,0.0001069162099,0
14490,0.0009500402375,0.0001069162099,0
14491,0.0002418232471,0.0001069162099,0
14492,0.0004722357553,0.0001069162099,0
14493,0.001530729351,0.0001069162099,0
14494,0.000900133804,0.0001069162099,0
14495,0.001194498735,0.0001069162099,0
14496,0.001720803557,0.0001069162099,0
14497,0.0006339409738,0.0001069162099,0
14498,0.0003076396533,0.0001069162099,0
14499,0.0003350496117,0.0001069339487,0
14500,0.001029487117,0.0001069339487,0
14501,0.0006760567776,0.0001069339487,0
14502,0.00380917429,0.0001069339487,0
14503,0.002376222285,0.0001069339487,0
14504,0.0004293720121,0.0001069339487,0
14505,0.0009657251067,0.0001069339487,0
14506,0.001504586311,0.0001069339487,0
14507,0.001219857368,0.0001069339487,0
14508,0.0001817369048,0.0001069339487,0
14509,0.0004096814082,0.0001069339487,0
14510,0.001626036479,0.0001069339487,0
14511,0.001873526489,0.0001069339487,0
14512,0.0001610394102,0.0001069339487,0
14513,0.0008658519364,0.0001069339487,0
14514,0.0006058476283,0.0001069339487,0
14515,0.0001686263131,0.0001069339487,0
14516,0.002331830328,0.0001069339487,0
14517,0.0002772938169,0.0001069339487,0
14518,0.0002513625368,0.0001069339487,0
14519,0.001262913574,0.0001075665932,0
14520,0.0004811972321,0.0001075665932,0
14521,0.00197255658,0.0001075665932,0
14522,0.002729647327,0.0001075665932,0
14523,0.001484227832,0.0001075665932,0
14524,0.0008186714258,0.0001075665932,0
14525,0.001606654958,0.0001075665932,0
14526,0.0003284742415,0.0001075665932,0
14527,0.001035299618,0.0001075665932,0
14528,0.0002004429407,0.0001075665932,0
14529,0.005292820744,0.0001075665932,0
14530,0.0003685603442,0.0001075665932,0
14531,0.001136195147,0.0001075665932,0
14532,0.001439513639,0.0001075665932,0
14533,0.0005138201523,0.0001075665932,0
14534,0.0001541122765,0.0001075665932,0
14535,0.0005177563871,0.0001075665932,0
14536,0.0002587584895,0.0001075665932,0
14537,0.00169887126,0.0001075665932,0
14538,0.0001968811703,0.0001075665932,0
14539,0.0001438193431,0.0001080876755,0
14540,0.0006214659079,0.0001080876755,0
14541,0.0007469049306,0.0001080876755,0
14542,0.001705298549,0.0001080876755,0
14543,0.000314633653,0.0001080876755,0
14544,0.0003037257411,0.0001080876755,0
14545,0.0003345259756,0.0001080876755,0
14546,0.000878201914,0.0001080876755,0
14547,0.0006784001016,0.0001080876755,0
14548,0.0003808316251,0.0001080876755,0
14549,0.0004726754269,0.0001080876755,0
14550,0.0003519294842,0.0001080876755,0
14551,0.0007215028745,0.0001080876755,0
14552,0.001460815896,0.0001080876755,0
14553,0.006065539084,0.0001080876755,0
14554,0.007984633557,0.0001080876755,1
14555,0.006612051278,0.0001080876755,0
14556,0.001112528495,0.0001080876755,0
14557,0.0005092263455,0.0001080876755,0
14558,0.0009574524011,0.0001080876755,0
14559,0.0004100532969,0.0001082271265,0
14560,0.0009372131899,0.0001082271265,0
14561,0.001393556478,0.0001082271265,0
14562,0.001308989828,0.0001082271265,0
14563,0.001733545796,0.0001082271265,0
14564,0.0007565792766,0.0001082271265,0
14565,0.0004464192898,0.0001082271265,0
14566,0.001372652012,0.0001082271265,0
14567,0.0001866504172,0.0001082271265,0
14568,0.001311547356,0.0001082271265,0
14569,0.0008258930175,0.0001082271265,0
14570,0.0003104601928,0.0001082271265,0
14571,0.001814655843,0.0001082271265,0
14572,0.000263985421,0.0001082271265,0
14573,0.002208712744,0.0001082271265,0
14574,0.0003368174948,0.0001082271265,0
14575,0.0008706568042,0.0001082271265,0
14576,0.0001397971791,0.0001082271265,0
14577,0.000710808672,0.0001082271265,0
14578,0.0005010025925,0.0001082271265,0
14579,0.0005234774435,0.0001085436888,0
14580,0.001387450728,0.0001085436888,0
14581,0.0004774188274,0.0001085436888,0
14582,0.0003541430633,0.0001085436888,0
14583,0.001504304702,0.0001085436888,0
14584,0.002840742702,0.0001085436888,0
14585,0.001022721641,0.0001085436888,0
14586,0.001019528601,0.0001085436888,0
14587,0.003120619804,0.0001085436888,0
14588,8.869368321e-05,0.0001085436888,0
14589,0.00090472179,0.0001085436888,0
14590,0.001342747943,0.0001085436888,0
14591,0.0009931395762,0.0001085436888,0
14592,0.0004447810643,0.0001085436888,0
14593,0.001096817199,0.0001085436888,0
14594,0.000420721015,0.0001085436888,0
14595,0.0001632660133,0.0001085436888,0
14596,0.002843552735,0.0001085436888,0
14597,0.0006458702846,0.0001085436888,0
14598,0.0001627521997,0.0001085436888,0
14599,0.0001859486947,0.0001092930106,0
14600,0.02167455666,0.0001092930106,1
14601,0.001704307389,0.0001092930106,0
14602,0.001295671915,0.0001092930106,0
14603,0.0008764953236,0.0001092930106,0
14604,0.0003634341119,0.0001092930106,0
14605,0.0002296954772,0.0001092930106,0
14606,0.0006745390128,0.0001092930106,0
14607,0.000984768034,0.0001092930106,0
14608,0.0004778737493,0.0001092930106,0
14609,0.0005703432253,0.0001092930106,0
14610,0.0003484581539,0.0001092930106,0
14611,0.001130541088,0.0001092930106,0
14612,0.004487490281,0.0001092930106,0
14613,0.0108855078,0.0001092930106,1
14614,0.004036069382,0.0001092930106,0
14615,0.0002505476587,0.0001092930106,0
14616,0.0009416603716,0.0001092930106,0
14617,0.0003191848518,0.0001092930106,0
14618,0.0008373084711,0.0001092930106,0
14619,0.0003178402549,0.0001092846869,0
14620,0.001297161216,0.0001092846869,0
14621,0.005629107822,0.0001092846869,0
14622,0.0007442588685,0.0001092846869,0
14623,0.0003778286045,0.0001092846869,0
14624,0.002806535456,0.0001092846869,0
14625,0.001329815248,0.0001092846869,0
14626,0.007183000445,0.0001092846869,0
14627,0.001447544317,0.0001092846869,0
14628,0.001104733441,0.0001092846869,0
14629,0.001939404989,0.0001092846869,0
14630,0.0002952082432,0.0001092846869,0
14631,0.0008751608548,0.0001092846869,0
14632,0.0001245379244,0.0001092846869,0
14633,0.0003065828932,0.0001092846869,0
14634,0.0003853235976,0.0001092846869,0
14635,0.0003020175209,0.0001092846869,0
14636,0.0009132109117,0.0001092846869,0
14637,0.006102266721,0.0001092846869,0
14638,0.002440027194,0.0001092846869,0
14639,0.0007081223885,0.0001106453783,0
14640,0.0002879853419,0.0001106453783,0
14641,0.006019514985,0.0001106453783,0
14642,0.001759159029,0.0001106453783,0
14643,0.001116312342,0.0001106453783,0
14644,0.0005880022654,0.0001106453783,0
14645,0.002264671726,0.0001106453783,0
14646,0.00169479032,0.0001106453783,0
14647,0.005730447359,0.0001106453783,0
14648,0.002428362845,0.0001106453783,0
14649,0.0005248301895,0.0001106453783,0
14650,0.0009007416083,0.0001106453783,0
14651,0.0003810625349,0.0001106453783,0
14652,0.000579276355,0.0001106453783,0
14653,0.0004672271316,0.0001106453783,0
14654,0.0002062109852,0.0001106453783,0
14655,0.001595968497,0.0001106453783,0
14656,0.004144163802,0.0001106453783,0
14657,0.001409488148,0.0001106453783,0
14658,0.001431401819,0.0001106453783,0
14659,0.003860270139,0.0001097295753,0
14660,0.001111125574,0.0001097295753,0
14661,0.005074243527,0.0001097295753,0
14662,0.0006947943475,0.0001097295753,0
14663,0.003974047024,0.0001097295753,0
14664,0.0007228502072,0.0001097295753,0
14665,0.004496247042,0.0001097295753,0
14666,0.01107656769,0.0001097295753,1
14667,0.0009083691402,0.0001097295753,0
14668,0.000690419809,0.0001097295753,0
14669,0.004469701555,0.0001097295753,0
14670,0.003532327479,0.0001097295753,0
14671,0.0106350258,0.0001097295753,1
14672,0.0002577183768,0.0001097295753,0
14673,0.0004519305658,0.0001097295753,0
14674,0.001628382015,0.0001097295753,0
14675,0.0001016319075,0.0001097295753,0
14676,0.0002657626173,0.0001097295753,0
14677,0.001237929217,0.0001097295753,0
14678,0.001361537841,0.0001097295753,0
14679,0.0001308304345,0.0001100649461,0
14680,0.0001633029751,0.0001100649461,0
14681,0.0003995839215,0.0001100649461,0
14682,0.001943499898,0.0001100649461,0
14683,0.001032464672,0.0001100649461,0
14684,0.002068073954,0.0001100649461,0
14685,0.0003996291198,0.0001100649461,0
14686,0.0002560915018,0.0001100649461,0
14687,0.0006213988527,0.0001100649461,0
14688,0.0001153408812,0.0001100649461,0
14689,0.001083878451,0.0001100649461,0
14690,0.0005472354242,0.0001100649461,0
14691,0.0004667764297,0.0001100649461,0
14692,0.005146527663,0.0001100649461,0
14693,0.000914407894,0.0001100649461,0
14694,0.00246551563,0.0001100649461,0
14695,0.0007253543008,0.0001100649461,0
14696,0.000915541721,0.0001100649461,0
14697,0.001621724688,0.0001100649461,0
14698,0.001661754446,0.0001100649461,0
14699,0.0001914043532,0.0001099335204,0
14700,0.0003436532861,0.0001099335204,0
14701,0.000667147513,0.0001099335204,0
14702,0.001599167823,0.0001099335204,0
14703,0.0006118153105,0.0001099335204,0
14704,0.0002646212233,0.0001099335204,0
14705,0.002017867984,0.0001099335204,0
14706,0.0007278512348,0.0001099335204,0
14707,0.002197251422,0.0001099335204,0
14708,0.001534367213,0.0001099335204,0
14709,0.006171277259,0.0001099335204,0
14710,0.00129189936,0.0001099335204,0
14711,0.000396743766,0.0001099335204,0
14712,0.0008933352074,0.0001099335204,0
14713,0.001148051582,0.0001099335204,0
14714,0.0004034968733,0.0001099335204,0
14715,0.0002339592029,0.0001099335204,0
14716,0.0006697131321,0.0001099335204,0
14717,0.001057852292,0.0001099335204,0
14718,0.003541524056,0.0001099335204,0
14719,0.0001953501342,0.0001098290159,0
14720,0.0001969008154,0.0001098290159,0
14721,0.0009903678438,0.0001098290159,0
14722,0.0009844073793,0.0001098290159,0
14723,0.00162486895,0.0001098290159,0
14724,0.00458638696,0.0001098290159,0
14725,0.0005904139252,0.0001098290159,0
14726,0.0005719480105,0.0001098290159,0
14727,0.001607656479,0.0001098290159,0
14728,0.001681131776,0.0001098290159,0
14729,0.0003374309745,0.0001098290159,0
14730,0.0001639420516,0.0001098290159,0
14731,0.01564744301,0.0001098290159,1
14732,0.0007829918177,0.0001098290159,0
14733,0.0001894681482,0.0001098290159,0
14734,0.0002775639005,0.0001098290159,0
14735,0.001549056731,0.0001098290159,0
14736,0.000268662523,0.0001098290159,0
14737,0.001277462114,0.0001098290159,0
14738,0.006001815666,0.0001098290159,0
14739,0.0006683914107,0.0001105676129,0
14740,0.001494498807,0.0001105676129,0
14741,0.0005390322185,0.0001105676129,0
14742,0.0006263972609,0.0001105676129,0
14743,0.001871280721,0.0001105676129,0
14744,0.0001461206266,0.0001105676129,0
14745,0.0005103077274,0.0001105676129,0
14746,0.0006973218406,0.0001105676129,0
14747,0.0004070754512,0.0001105676129,0
14748,0.0006657227641,0.0001105676129,0
14749,0.0007804934285,0.0001105676129,0
14750,0.0003529841779,0.0001105676129,0
14751,0.002540355083,0.0001105676129,0
14752,0.0005648311344,0.0001105676129,0
14753,0.0003380133421,0.0001105676129,0
14754,0.001039335039,0.0001105676129,0
14755,0.001586051076,0.0001105676129,0
14756,0.001271237503,0.0001105676129,0
14757,0.0002916819358,0.0001105676129,0
14758,0.0008007941069,0.0001105676129,0
14759,0.004106304143,0.000110937428,0
14760,0.0003776590456,0.000110937428,0
14761,0.0003272284812,0.000110937428,0
14762,0.0005238966551,0.000110937428,0
14763,0.00695035886,0.000110937428,0
14764,0.0007848432288,0.000110937428,0
14765,0.0005779553321,0.000110937428,0
14766,0.002252582693,0.000110937428,0
14767,0.001227484085,0.000110937428,0
14768,0.0007640682743,0.000110937428,0
14769,0.0008865589625,0.000110937428,0
14770,0.001246524509,0.000110937428,0
14771,0.0007360291202,0.000110937428,0
14772,0.0001750915981,0.000110937428,0
14773,0.0004657008685,0.000110937428,0
14774,0.001898952876,0.000110937428,0
14775,0.002896281891,0.000110937428,0
14776,0.000388084125,0.000110937428,0
14777,0.00690317573,0.000110937428,0
14778,0.0005236949655,0.000110937428,0
14779,0.0004224569711,0.0001105660849,0
14780,0.0004672002397,0.0001105660849,0
14781,0.0003430763027,0.0001105660849,0
14782,0.0008324464434,0.0001105660849,0
14783,0.001955141546,0.0001105660849,0
14784,0.0009035853436,0.0001105660849,0
14785,0.001025984529,0.0001105660849,0
14786,0.008261554874,0.0001105660849,1
14787,0.00112923386,0.0001105660849,0
14788,0.00131820736,0.0001105660849,0
14789,0.0002736395982,0.0001105660849,0
14790,0.003744492773,0.0001105660849,0
14791,0.0004505381221,0.0001105660849,0
14792,0.001585767255,0.0001105660849,0
14793,0.0008359086933,0.0001105660849,0
14794,0.0008829893195,0.0001105660849,0
14795,0.004377638455,0.0001105660849,0
14796,0.00155918533,0.0001105660849,0
14797,0.0009408235783,0.0001105660849,0
14798,0.0003409597266,0.0001105660849,0
14799,0.0002114423551,0.0001115999621,0
14800,0.0007027043612,0.0001115999621,0
14801,0.001053026645,0.0001115999621,0
14802,0.0004929808201,0.0001115999621,0
14803,0.0009402097203,0.0001115999621,0
14804,0.0006542033516,0.0001115999621,0
14805,0.000223203504,0.0001115999621,0
14806,0.005439306609,0.0001115999621,0
14807,0.001682801056,0.0001115999621,0
14808,0.000427941588,0.0001115999621,0
14809,0.0002773442829,0.0001115999621,0
14810,0.0002042405977,0.0001115999621,0
14811,0.0009387420723,0.0001115999621,0
14812,0.0003511164687,0.0001115999621,0
14813,0.0007022043574,0.0001115999621,0
14814,0.0005384681863,0.0001115999621,0
14815,0.002564921742,0.0001115999621,0
14816,0.000688905071,0.0001115999621,0
14817,0.0028648281,0.0001115999621,0
14818,0.0002166341146,0.0001115999621,0
14819,0.04089982808,0.0001121954047,1
14820,0.0007508391864,0.0001121954047,0
14821,0.0084591005,0.0001121954047,1
14822,0.0003997196036,0.0001121954047,0
14823,0.0004575629719,0.0001121954047,0
14824,0.003053044202,0.0001121954047,0
14825,0.00196920149,0.0001121954047,0
14826,0.002526678611,0.0001121954047,0
14827,0.0009291119641,0.0001121954047,0
14828,0.0006548576639,0.0001121954047,0
14829,0.001009323751,0.0001121954047,0
14830,0.0005504111177,0.0001121954047,0
14831,0.002934726421,0.0001121954047,0
14832,0.0001970824815,0.0001121954047,0
14833,0.0004464223457,0.0001121954047,0
14834,0.00156888552,0.0001121954047,0
14835,0.0002624987974,0.0001121954047,0
14836,0.002424406353,0.0001121954047,0
14837,0.0006953837001,0.0001121954047,0
14838,0.0004794745182,0.0001121954047,0
14839,0.001043537282,0.0001124511036,0
14840,0.0007602274418,0.0001124511036,0
14841,0.0004024832451,0.0001124511036,0
14842,0.0002837009379,0.0001124511036,0
14843,0.0002713356225,0.0001124511036,0
14844,0.003064486431,0.0001124511036,0
14845,0.0001322752505,0.0001124511036,0
14846,0.0002290621778,0.0001124511036,0
14847,0.0005298982724,0.0001124511036,0
14848,0.0007034969167,0.0001124511036,0
14849,0.001547982451,0.0001124511036,0
14850,0.000740184274,0.0001124511036,0
14851,0.002708608285,0.0001124511036,0
14852,0.001830005087,0.0001124511036,0
14853,0.0005371395382,0.0001124511036,0
14854,0.001996929757,0.0001124511036,0
14855,0.0002382825769,0.0001124511036,0
14856,0.00291197584,0.0001124511036,0
14857,0.003821503604,0.0001124511036,0
14858,0.0002639857703,0.0001124511036,0
14859,0.0009695607587,0.0001116139538,0
14860,0.0002254708379,0.0001116139538,0
14861,0.00286723231,0.0001116139538,0
14862,0.0004270038044,0.0001116139538,0
14863,0.0002879154345,0.0001116139538,0
14864,0.0008492796915,0.0001116139538,0
14865,0.002091062488,0.0001116139538,0
14866,0.001154292142,0.0001116139538,0
14867,0.0007681694115,0.0001116139538,0
14868,0.002148713917,0.0001116139538,0
14869,0.0005998598062,0.0001116139538,0
14870,0.002334195189,0.0001116139538,0
14871,0.0005887979642,0.0001116139538,0
14872,0.0002312114375,0.0001116139538,0
14873,0.002104151994,0.0001116139538,0
14874,0.0008473683847,0.0001116139538,0
14875,0.0008593706298,0.0001116139538,0
14876,0.0009435572429,0.0001116139538,0
14877,0.007124065422,0.0001116139538,0
14878,0.003926254809,0.0001116139538,0
14879,0.0004117937933,0.0001109433288,0
14880,0.001382997259,0.0001109433288,0
14881,0.001950172242,0.0001109433288,0
14882,0.0003361446143,0.0001109433288,0
14883,0.0002865251154,0.0001109433288,0
14884,0.005066441838,0.0001109433288,0
14885,0.0004079705395,0.0001109433288,0
14886,0.0005229734234,0.0001109433288,0
14887,0.0006008087075,0.0001109433288,0
14888,0.0005023589474,0.0001109433288,0
14889,0.0002858637017,0.0001109433288,0
14890,0.0002799199137,0.0001109433288,0
14891,0.0003540161706,0.0001109433288,0
14892,0.00358867133,0.0001109433288,0
14893,0.001270728651,0.0001109433288,0
14894,0.0003514279088,0.0001109433288,0
14895,0.0006405800814,0.0001109433288,0
14896,0.0023021542,0.0001109433288,0
14897,0.0006964741042,0.0001109433288,0
14898,0.0008571458748,0.0001109433288,0
14899,0.02059447207,0.0001104984331,1
14900,0.0002274001745,0.0001104984331,0
14901,0.0006675477489,0.0001104984331,0
14902,0.001758534345,0.0001104984331,0
14903,0.000394176197,0.0001104984331,0
14904,0.00153829786,0.0001104984331,0
14905,0.003369751154,0.0001104984331,0
14906,0.001092655584,0.0001104984331,0
14907,0.0006588230608,0.0001104984331,0
14908,0.01495406497,0.0001104984331,1
14909,0.0003341956181,0.0001104984331,0
14910,0.0005103088333,0.0001104984331,0
14911,0.001068022917,0.0001104984331,0
14912,0.0003967104421,0.0001104984331,0
14913,0.001423779293,0.0001104984331,0
14914,0.002197787398,0.0001104984331,0
14915,0.0002241656766,0.0001104984331,0
14916,0.0005325564416,0.0001104984331,0
14917,0.003404124407,0.0001104984331,0
14918,0.0009038174758,0.0001104984331,0
14919,0.001875693444,0.0001098952271,0
14920,0.0006978485035,0.0001098952271,0
14921,0.0003545274085,0.0001098952271,0
14922,0.00067237037,0.0001098952271,0
14923,0.0005192852695,0.0001098952271,0
14924,0.001770872972,0.0001098952271,0
14925,0.0004099509679,0.0001098952271,0
14926,0.0006922391476,0.0001098952271,0
14927,0.0003994590661,0.0001098952271,0
14928,0.0005524329026,0.0001098952271,0
14929,0.005913762841,0.0001098952271,0
14930,0.0004443759972,0.0001098952271,0
14931,0.0009944259655,0.0001098952271,0
14932,0.001269927481,0.0001098952271,0
14933,0.0009788436582,0.0001098952271,0
14934,0.0002595158585,0.0001098952271,0
14935,0.03074431978,0.0001098952271,1
14936,0.0009080478339,0.0001098952271,0
14937,0.008424290456,0.0001098952271,1
14938,0.0001573483169,0.0001098952271,0
14939,0.0004190067993,0.0001102719471,0
14940,0.0001818367746,0.0001102719471,0
14941,0.0006959014572,0.0001102719471,0
14942,0.001140828361,0.0001102719471,0
14943,0.001727484167,0.0001102719471,0
14944,0.003345109057,0.0001102719471,0
14945,0.0004937637714,0.0001102719471,0
14946,0.001860598335,0.0001102719471,0
14947,0.0005008749431,0.0001102719471,0
14948,0.003643509233,0.0001102719471,0
14949,0.001159538981,0.0001102719471,0
14950,0.002102241153,0.0001102719471,0
14951,0.0003017470299,0.0001102719471,0
14952,0.0003340592084,0.0001102719471,0
14953,0.0006582706119,0.0001102719471,0
14954,0.001068940735,0.0001102719471,0
14955,0.003551152069,0.0001102719471,0
14956,0.0002415545459,0.0001102719471,0
14957,0.0003279641969,0.0001102719471,0
14958,0.0005811229348,0.0001102719471,0
14959,0.001362205483,0.000110312154,0
14960,0.0003255051852,0.000110312154,0
14961,0.001769502298,0.000110312154,0
14962,0.000316943595,0.000110312154,0
14963,0.0004322660971,0.000110312154,0
14964,0.0003234790347,0.000110312154,0
14965,0.00219069398,0.000110312154,0
14966,0.01066058408,0.000110312154,1
14967,0.001001850003,0.000110312154,0
14968,0.001428700867,0.000110312154,0
14969,0.002408228116,0.000110312154,0
14970,0.001930342638,0.000110312154,0
14971,0.001675891224,0.000110312154,0
14972,0.0004756366543,0.000110312154,0
14973,0.0004632436321,0.000110312154,0
14974,0.001342481351,0.000110312154,0
14975,0.000591951306,0.000110312154,0
14976,0.001168025774,0.000110312154,0
14977,0.000559433247,0.000110312154,0
14978,0.001584751881,0.000110312154,0
14979,0.0006036660052,0.0001104945113,0
14980,0.0008682776242,0.0001104945113,0
14981,0.001048473525,0.0001104945113,0
14982,0.002522774506,0.0001104945113,0
14983,0.0001874959999,0.0001104945113,0
14984,0.000591644668,0.0001104945113,0
14985,0.001875497284,0.0001104945113,0
14986,0.0005215521669,0.0001104945113,0
14987,0.003093870357,0.0001104945113,0
14988,0.001092107152,0.0001104945113,0
14989,0.001064169104,0.0001104945113,0
14990,0.00441851886,0.0001104945113,0
14991,0.0003800289123,0.0001104945113,0
14992,0.001086083124,0.0001104945113,0
14993,0.0006238065544,0.0001104945113,0
14994,0.0005451625912,0.0001104945113,0
14995,0.0004066326655,0.0001104945113,0
14996,0.0005855779164,0.0001104945113,0
14997,0.0007825175999,0.0001104945113,0
14998,0.0007939008647,0.0001104945113,0
14999,0.0008507524035,0.0001110605299,0
15000,0.0008944045985,0.0001110605299,0
15001,0.00104387186,0.0001110605299,0
15002,0.01711151376,0.0001110605299,1
15003,0.001880669384,0.0001110605299,0
15004,0.0006111763068,0.0001110605299,0
15005,0.0006631186116,0.0001110605299,0
15006,0.001913487678,0.0001110605299,0
15007,0.001868775929,0.0001110605299,0
15008,0.004593056161,0.0001110605299,0
15009,0.001716450206,0.0001110605299,0
15010,0.0003638922935,0.0001110605299,0
15011,0.001792948693,0.0001110605299,0
15012,0.0007589304005,0.0001110605299,0
15013,0.000991404755,0.0001110605299,0
15014,0.0002195261186,0.0001110605299,0
15015,0.001906601596,0.0001110605299,0
15016,0.0008859874797,0.0001110605299,0
15017,0.0003308156447,0.0001110605299,0
15018,0.00109715946,0.0001110605299,0
15019,0.0004500460054,0.0001103247778,0
15020,0.0005182610475,0.0001103247778,0
15021,0.0005379460636,0.0001103247778,0
15022,0.0002784960379,0.0001103247778,0
15023,0.002429776592,0.0001103247778,0
15024,0.0008275011205,0.0001103247778,0
15025,0.0003854485694,0.0001103247778,0
15026,0.0009562110645,0.0001103247778,0
15027,0.0001953385217,0.0001103247778,0
15028,0.0003834180243,0.0001103247778,0
15029,0.0003884725738,0.0001103247778,0
15030,0.002066823887,0.0001103247778,0
15031,0.001044187113,0.0001103247778,0
15032,0.0002957829565,0.0001103247778,0
15033,0.000633888063,0.0001103247778,0
15034,0.001832325477,0.0001103247778,0
15035,0.006096331868,0.0001103247778,0
15036,0.002929332666,0.0001103247778,0
15037,0.0009212176083,0.0001103247778,0
15038,0.0008942860295,0.0001103247778,0
15039,0.001783013111,0.0001106017371,0
15040,0.0002905727597,0.0001106017371,0
15041,0.0003443183959,0.0001106017371,0
15042,0.001023167744,0.0001106017371,0
15043,0.0003933346306,0.0001106017371,0
15044,0.0003531803377,0.0001106017371,0
15045,0.01122773252,0.0001106017371,1
15046,0.0007901252247,0.0001106017371,0
15047,0.0003031376691,0.0001106017371,0
15048,0.0007299352437,0.0001106017371,0
15049,0.0003973796556,0.0001106017371,0
15050,0.001272423891,0.0001106017371,0
15051,0.0004345144844,0.0001106017371,0
15052,0.0004809510719,0.0001106017371,0
15053,0.00111776439,0.0001106017371,0
15054,0.0004609480384,0.0001106017371,0
15055,0.00243161316,0.0001106017371,0
15056,0.0003731663164,0.0001106017371,0
15057,0.002508089878,0.0001106017371,0
15058,0.001286351006,0.0001106017371,0
15059,0.00141986704,0.0001105554184,0
15060,0.000435092632,0.0001105554184,0
15061,0.0009442684241,0.0001105554184,0
15062,0.0002878670057,0.0001105554184,0
15063,0.002294756006,0.0001105554184,0
15064,0.0007622668054,0.0001105554184,0
15065,0.0007496152539,0.0001105554184,0
15066,0.001284633763,0.0001105554184,0
15067,0.0006210971042,0.0001105554184,0
15068,0.0005083325668,0.0001105554184,0
15069,0.0001338466536,0.0001105554184,0
15070,0.01229660865,0.0001105554184,1
15071,0.0003841265861,0.0001105554184,0
15072,0.002906555543,0.0001105554184,0
15073,0.0003101592592,0.0001105554184,0
15074,0.002970870817,0.0001105554184,0
15075,0.0007628384628,0.0001105554184,0
15076,0.0002562422305,0.0001105554184,0
15077,0.002800696995,0.0001105554184,0
15078,0.0006717446377,0.0001105554184,0
15079,0.0008384471876,0.0001101112211,0
15080,0.001418645494,0.0001101112211,0
15081,0.002604092471,0.0001101112211,0
15082,0.0008119496051,0.0001101112211,0
15083,0.002134843031,0.0001101112211,0
15084,0.002132731024,0.0001101112211,0
15085,0.001412215643,0.0001101112211,0
15086,0.0002414069168,0.0001101112211,0
15087,0.0001270859211,0.0001101112211,0
15088,0.001400301582,0.0001101112211,0
15089,0.0002469798201,0.0001101112211,0
15090,0.003055612091,0.0001101112211,0
15091,0.0006408423069,0.0001101112211,0
15092,0.001209969516,0.0001101112211,0
15093,0.002479958814,0.0001101112211,0
15094,0.0005518925609,0.0001101112211,0
15095,0.006137901451,0.0001101112211,0
15096,0.001615552232,0.0001101112211,0
15097,0.0002666470245,0.0001101112211,0
15098,0.0009366756422,0.0001101112211,0
15099,0.0002713268041,0.0001101505768,0
15100,0.008811568841,0.0001101505768,1
15101,0.00319253956,0.0001101505768,0
15102,0.0109214345,0.0001101505768,1
15103,0.002683579689,0.0001101505768,0
15104,0.0005770279095,0.0001101505768,0
15105,0.0004788009974,0.0001101505768,0
15106,0.0003242081439,0.0001101505768,0
15107,0.007059130818,0.0001101505768,0
15108,0.0007492086734,0.0001101505768,0
15109,0.001116118627,0.0001101505768,0
15110,0.000267542433,0.0001101505768,0
15111,0.001427261508,0.0001101505768,0
15112,0.0006572026177,0.0001101505768,0
15113,0.000427338382,0.0001101505768,0
15114,0.0006040943554,0.0001101505768,0
15115,0.0001676919492,0.0001101505768,0
15116,0.0005287618842,0.0001101505768,0
15117,0.0005555453827,0.0001101505768,0
15118,0.0005702687195,0.0001101505768,0
15119,0.001031064196,0.0001096969645,0
15120,0.005379437003,0.0001096969645,0
15121,0.001874878071,0.0001096969645,0
15122,0.004522242583,0.0001096969645,0
15123,0.0003552727576,0.0001096969645,0
15124,0.0005030659377,0.0001096969645,0
15125,0.0004963951651,0.0001096969645,0
15126,0.0001309569343,0.0001096969645,0
15127,0.000373597868,0.0001096969645,0
15128,0.001826623338,0.0001096969645,0
15129,0.001786936773,0.0001096969645,0
15130,0.00334252324,0.0001096969645,0
15131,0.0009267407586,0.0001096969645,0
15132,0.0002869226446,0.0001096969645,0
15133,0.003982140217,0.0001096969645,0
15134,0.001124479342,0.0001096969645,0
15135,0.0009751949692,0.0001096969645,0
15136,0.0003584942606,0.0001096969645,0
15137,0.0001455591846,0.0001096969645,0
15138,0.001422950299,0.0001096969645,0
15139,0.0004112161987,0.0001100157388,0
15140,0.002493093722,0.0001100157388,0
15141,0.001722652582,0.0001100157388,0
15142,0.00352358399,0.0001100157388,0
15143,0.0005487102317,0.0001100157388,0
15144,0.0004283072194,0.0001100157388,0
15145,0.001026020735,0.0001100157388,0
15146,0.001534951851,0.0001100157388,0
15147,0.00187882816,0.0001100157388,0
15148,0.0002763489319,0.0001100157388,0
15149,0.003607445862,0.0001100157388,0
15150,0.0002844476548,0.0001100157388,0
15151,0.0007424896467,0.0001100157388,0
15152,0.0003997570311,0.0001100157388,0
15153,0.00135496282,0.0001100157388,0
15154,0.001132276375,0.0001100157388,0
15155,0.003735218663,0.0001100157388,0
15156,0.003414210165,0.0001100157388,0
15157,0.0009744103882,0.0001100157388,0
15158,0.0002335938043,0.0001100157388,0
15159,0.001588696381,0.0001104956827,0
15160,0.0005427082069,0.0001104956827,0
15161,0.0006007050979,0.0001104956827,0
15162,0.0004928364069,0.0001104956827,0
15163,0.0006245194818,0.0001104956827,0
15164,0.0003919019655,0.0001104956827,0
15165,0.0008725586231,0.0001104956827,0
15166,0.0006686489214,0.0001104956827,0
15167,0.0002403478575,0.0001104956827,0
15168,0.0006953843986,0.0001104956827,0
15169,0.001463173539,0.0001104956827,0
15170,0.0007656525704,0.0001104956827,0
15171,0.000376524782,0.0001104956827,0
15172,0.0005480895634,0.0001104956827,0
15173,0.001142995898,0.0001104956827,0
15174,0.0004866585077,0.0001104956827,0
15175,0.0008750623674,0.0001104956827,0
15176,0.0003271898313,0.0001104956827,0
15177,0.0003569581604,0.0001104956827,0
15178,0.0001255945244,0.0001104956827,0
15179,0.0002042998967,0.0001102897659,0
15180,0.001514569391,0.0001102897659,0
15181,0.0004104919208,0.0001102897659,0
15182,0.001565027051,0.0001102897659,0
15183,0.0003005953622,0.0001102897659,0
15184,0.001333950786,0.0001102897659,0
15185,0.0007188442978,0.0001102897659,0
15186,0.005404085852,0.0001102897659,0
15187,0.005928781815,0.0001102897659,0
15188,9.77586169e-05,0.0001102897659,0
15189,0.001357950387,0.0001102897659,0
15190,0.001246562693,0.0001102897659,0
15191,0.001158563304,0.0001102897659,0
15192,0.001376219094,0.0001102897659,0
15193,0.001061773975,0.0001102897659,0
15194,0.00133024191,0.0001102897659,0
15195,0.0004032545839,0.0001102897659,0
15196,0.000280864886,0.0001102897659,0
15197,0.000566979521,0.0001102897659,0
15198,0.000314376055,0.0001102897659,0
15199,0.000712863286,0.0001105377669,0
15200,0.0007692009676,0.0001105377669,0
15201,0.001597424271,0.0001105377669,0
15202,0.0009690603474,0.0001105377669,0
15203,0.0002251470578,0.0001105377669,0
15204,0.0006707365392,0.0001105377669,0
15205,0.0003084679774,0.0001105377669,0
15206,0.0007494245074,0.0001105377669,0
15207,0.0007332757232,0.0001105377669,0
15208,0.00174679514,0.0001105377669,0
15209,0.002229357604,0.0001105377669,0
15210,0.0007376587018,0.0001105377669,0
15211,0.0004558827204,0.0001105377669,0
15212,0.00150130305,0.0001105377669,0
15213,0.001780792139,0.0001105377669,0
15214,0.0005276883603,0.0001105377669,0
15215,0.0005130270147,0.0001105377669,0
15216,0.00102331629,0.0001105377669,0
15217,0.002122682985,0.0001105377669,0
15218,0.001804318163,0.0001105377669,0
15219,0.0006565685617,0.0001105219562,0
15220,0.001310781226,0.0001105219562,0
15221,0.000345767563,0.0001105219562,0
15222,0.0007671675994,0.0001105219562,0
15223,0.00143918104,0.0001105219562,0
15224,0.00085220451,0.0001105219562,0
15225,0.0002221663744,0.0001105219562,0
15226,0.003043870209,0.0001105219562,0
15227,0.002929501235,0.0001105219562,0
15228,0.002533088671,0.0001105219562,0
15229,0.001414799714,0.0001105219562,0
15230,0.0009002836887,0.0001105219562,0
15231,0.00209866371,0.0001105219562,0
15232,0.002910283627,0.0001105219562,0
15233,0.003974013496,0.0001105219562,0
15234,0.00224589603,0.0001105219562,0
15235,0.00131922646,0.0001105219562,0
15236,0.0002722181671,0.0001105219562,0
15237,0.0005128002376,0.0001105219562,0
15238,0.001266769483,0.0001105219562,0
15239,0.001114582177,0.0001117519423,0
15240,0.006901479326,0.0001117519423,0
15241,0.0004868885153,0.0001117519423,0
15242,0.0008246354409,0.0001117519423,0
15243,0.0008751256391,0.0001117519423,0
15244,0.0002269340039,0.0001117519423,0
15245,0.0004120797093,0.0001117519423,0
15246,0.001354702981,0.0001117519423,0
15247,0.0007532484015,0.0001117519423,0
15248,0.002146341139,0.0001117519423,0
15249,0.0007595538627,0.0001117519423,0
15250,0.0006642125663,0.0001117519423,0
15251,0.002815582091,0.0001117519423,0
15252,0.0009430467617,0.0001117519423,0
15253,0.001298402785,0.0001117519423,0
15254,0.003176156431,0.0001117519423,0
15255,0.0009659597999,0.0001117519423,0
15256,0.0008423296385,0.0001117519423,0
15257,0.02290497534,0.0001117519423,1
15258,0.006245989352,0.0001117519423,0
15259,0.001026089303,0.0001115547275,0
15260,0.007012526039,0.0001115547275,0
15261,0.0004312817182,0.0001115547275,0
15262,0.0006995505537,0.0001115547275,0
15263,0.0007266961038,0.0001115547275,0
15264,0.0003778673126,0.0001115547275,0
15265,0.0005551381619,0.0001115547275,0
15266,0.004060808104,0.0001115547275,0
15267,0.0005293155555,0.0001115547275,0
15268,0.0003074845881,0.0001115547275,0
15269,0.0005701716291,0.0001115547275,0
15270,0.0004493022861,0.0001115547275,0
15271,0.0006124509964,0.0001115547275,0
15272,0.0001568294392,0.0001115547275,0
15273,0.01407178026,0.0001115547275,1
15274,0.0005443976843,0.0001115547275,0
15275,0.01302562747,0.0001115547275,1
15276,0.0006442881422,0.0001115547275,0
15277,0.001306661288,0.0001115547275,0
15278,0.0009319559322,0.0001115547275,0
15279,0.001873917063,0.0001120457673,0
15280,0.003145378316,0.0001120457673,0
15281,0.005329868756,0.0001120457673,0
15282,0.001852048328,0.0001120457673,0
15283,0.0003397486289,0.0001120457673,0
15284,0.0007325964398,0.0001120457673,0
15285,0.0004066595284,0.0001120457673,0
15286,0.0005118710687,0.0001120457673,0
15287,0.001145869144,0.0001120457673,0
15288,0.00261728256,0.0001120457673,0
15289,0.001412934158,0.0001120457673,0
15290,0.0005995891988,0.0001120457673,0
15291,0.0005120677524,0.0001120457673,0
15292,0.001578296768,0.0001120457673,0
15293,0.001381364651,0.0001120457673,0
15294,0.0006807103637,0.0001120457673,0
15295,0.004752203822,0.0001120457673,0
15296,0.000390118279,0.0001120457673,0
15297,0.0003663890529,0.0001120457673,0
15298,0.002034191275,0.0001120457673,0
15299,0.0002606813505,0.0001123358961,0
15300,0.004056402948,0.0001123358961,0
15301,0.001357457251,0.0001123358961,0
15302,0.0004821203183,0.0001123358961,0
15303,0.00152519648,0.0001123358961,0
15304,0.00125597592,0.0001123358961,0
15305,0.004322080873,0.0001123358961,0
15306,0.01436779462,0.0001123358961,1
15307,0.0007722984883,0.0001123358961,0
15308,0.001293264912,0.0001123358961,0
15309,0.0002835152263,0.0001123358961,0
15310,0.0007662416319,0.0001123358961,0
15311,0.001017349306,0.0001123358961,0
15312,0.0003449527721,0.0001123358961,0
15313,0.001712066121,0.0001123358961,0
15314,0.00348294666,0.0001123358961,0
15315,0.002754791174,0.0001123358961,0
15316,0.0009318187367,0.0001123358961,0
15317,0.0008117267862,0.0001123358961,0
15318,0.0002575413673,0.0001123358961,0
15319,0.0004557396751,0.0001115802952,0
15320,0.0004530348524,0.0001115802952,0
15321,0.001620764378,0.0001115802952,0
15322,0.001318215858,0.0001115802952,0
15323,0.002457073657,0.0001115802952,0
15324,0.0005792070879,0.0001115802952,0
15325,0.0003304594429,0.0001115802952,0
15326,0.002020648681,0.0001115802952,0
15327,0.0002014429047,0.0001115802952,0
15328,0.000578516454,0.0001115802952,0
15329,0.0007016023737,0.0001115802952,0
15330,0.0009822061984,0.0001115802952,0
15331,0.002488454338,0.0001115802952,0
15332,0.002472201828,0.0001115802952,0
15333,0.0005446821451,0.0001115802952,0
15334,0.0007395058055,0.0001115802952,0
15335,0.0006201931392,0.0001115802952,0
15336,0.002026674338,0.0001115802952,0
15337,0.0006816192181,0.0001115802952,0
15338,0.0008064642898,0.0001115802952,0
15339,0.002257368295,0.0001118999135,0
15340,0.0006103788037,0.0001118999135,0
15341,0.002934771124,0.0001118999135,0
15342,0.0008202908793,0.0001118999135,0
15343,0.0006571733975,0.0001118999135,0
15344,0.0005189147196,0.0001118999135,0
15345,0.0002335792087,0.0001118999135,0
15346,0.0006014399114,0.0001118999135,0
15347,0.005949163344,0.0001118999135,0
15348,0.001239939709,0.0001118999135,0
15349,0.0007867256645,0.0001118999135,0
15350,0.0003972046543,0.0001118999135,0
15351,0.0007897712057,0.0001118999135,0
15352,0.0007754660328,0.0001118999135,0
15353,0.0006628052797,0.0001118999135,0
15354,0.0008424846455,0.0001118999135,0
15355,0.0005174679682,0.0001118999135,0
15356,0.0005416646018,0.0001118999135,0
15357,0.0002992950904,0.0001118999135,0
15358,0.001671517035,0.0001118999135,0
15359,0.0005290067638,0.0001127651194,0
15360,0.0008026924334,0.0001127651194,0
15361,0.0001250433124,0.0001127651194,0
15362,0.003394548316,0.0001127651194,0
15363,0.003441668348,0.0001127651194,0
15364,0.001215909608,0.0001127651194,0
15365,0.001237233169,0.0001127651194,0
15366,0.001107793069,0.0001127651194,0
15367,0.0005181285669,0.0001127651194,0
15368,0.0003783079737,0.0001127651194,0
15369,0.001573656918,0.0001127651194,0
15370,0.0004199282848,0.0001127651194,0
15371,0.002733208705,0.0001127651194,0
15372,0.0001580650423,0.0001127651194,0
15373,0.001042927848,0.0001127651194,0
15374,0.00207781652,0.0001127651194,0
15375,0.004965004511,0.0001127651194,0
15376,0.0002712690621,0.0001127651194,0
15377,0.001461445703,0.0001127651194,0
15378,0.0005896232324,0.0001127651194,0
15379,0.0007987312274,0.0001122271278,0
15380,0.0005732323625,0.0001122271278,0
15381,0.001435974613,0.0001122271278,0
15382,0.002789282706,0.0001122271278,0
15383,0.003270300804,0.0001122271278,0
15384,0.0002002837282,0.0001122271278,0
15385,0.0009266310954,0.0001122271278,0
15386,0.001083120238,0.0001122271278,0
15387,0.00115008303,0.0001122271278,0
15388,0.000325157278,0.0001122271278,0
15389,0.0006535783177,0.0001122271278,0
15390,0.0005150988582,0.0001122271278,0
15391,0.001928222249,0.0001122271278,0
15392,0.000770977349,0.0001122271278,0
15393,0.0006433840608,0.0001122271278,0
15394,0.002424052684,0.0001122271278,0
15395,0.002128040651,0.0001122271278,0
15396,0.0001038030678,0.0001122271278,0
15397,0.0003324932477,0.0001122271278,0
15398,0.004769520834,0.0001122271278,0
15399,0.001907756785,0.0001123661423,0
15400,0.001902337302,0.0001123661423,0
15401,0.0009745070711,0.0001123661423,0
15402,0.0005914965877,0.0001123661423,0
15403,0.0003281387326,0.0001123661423,0
15404,0.0005557801342,0.0001123661423,0
15405,0.0003227973066,0.0001123661423,0
15406,0.0001758739381,0.0001123661423,0
15407,0.00746812392,0.0001123661423,1
15408,0.0009769307217,0.0001123661423,0
15409,0.0004391104449,0.0001123661423,0
15410,0.001673626364,0.0001123661423,0
15411,0.0004801522009,0.0001123661423,0
15412,0.001228060923,0.0001123661423,0
15413,0.001076429035,0.0001123661423,0
15414,0.001487827976,0.0001123661423,0
15415,0.0002581198933,0.0001123661423,0
15416,0.001446331968,0.0001123661423,0
15417,0.001529328641,0.0001123661423,0
15418,0.0006645210669,0.0001123661423,0
15419,0.0004364859778,0.00011267839,0
15420,0.001320254873,0.00011267839,0
15421,0.0005195807898,0.00011267839,0
15422,0.0008146867622,0.00011267839,0
15423,0.002873453312,0.00011267839,0
15424,0.0002210234525,0.00011267839,0
15425,0.000313625962,0.00011267839,0
15426,0.003480503801,0.00011267839,0
15427,0.001844801824,0.00011267839,0
15428,0.0002374594333,0.00011267839,0
15429,0.001180983032,0.00011267839,0
15430,0.0008925772272,0.00011267839,0
15431,0.002172271023,0.00011267839,0
15432,0.0006276883068,0.00011267839,0
15433,0.004676736891,0.00011267839,0
15434,0.008023289964,0.00011267839,1
15435,0.001152913552,0.00011267839,0
15436,0.0004551282036,0.00011267839,0
15437,0.001291539404,0.00011267839,0
15438,0.0007608255255,0.00011267839,0
15439,0.002061178209,0.0001125822964,0
15440,0.0006060180021,0.0001125822964,0
15441,0.00100719044,0.0001125822964,0
15442,0.001078063273,0.0001125822964,0
15443,0.0003480207815,0.0001125822964,0
15444,0.0006892710808,0.0001125822964,0
15445,0.001036427217,0.0001125822964,0
15446,0.0006827561883,0.0001125822964,0
15447,0.002725237748,0.0001125822964,0
15448,0.0005215037963,0.0001125822964,0
15449,0.0003756627848,0.0001125822964,0
15450,0.001326163881,0.0001125822964,0
15451,0.0008076701197,0.0001125822964,0
15452,0.0005670596147,0.0001125822964,0
15453,0.0003773795033,0.0001125822964,0
15454,0.0008821653901,0.0001125822964,0
15455,0.002402885351,0.0001125822964,0
15456,0.0009352795314,0.0001125822964,0
15457,0.001357233035,0.0001125822964,0
15458,0.0004438854521,0.0001125822964,0
15459,0.0001584870188,0.0001125784911,0
15460,0.001474574674,0.0001125784911,0
15461,0.0007337858551,0.0001125784911,0
15462,0.0009129301179,0.0001125784911,0
15463,0.0003395716776,0.0001125784911,0
15464,0.0006338926032,0.0001125784911,0
15465,0.001517863246,0.0001125784911,0
15466,0.0018698473,0.0001125784911,0
15467,0.001770275878,0.0001125784911,0
15468,0.001019705785,0.0001125784911,0
15469,0.0003124345094,0.0001125784911,0
15470,0.0007478396292,0.0001125784911,0
15471,0.002100636717,0.0001125784911,0
15472,0.0002066121815,0.0001125784911,0
15473,0.003075075103,0.0001125784911,0
15474,0.003774055513,0.0001125784911,0
15475,9.552847041e-05,0.0001125784911,0
15476,0.0009633140289,0.0001125784911,0
15477,0.00155767682,0.0001125784911,0
15478,0.003684446216,0.0001125784911,0
15479,0.0005235879798,0.0001132699399,0
15480,0.001027173828,0.0001132699399,0
15481,0.0003184369707,0.0001132699399,0
15482,0.001182929613,0.0001132699399,0
15483,0.0001278333075,0.0001132699399,0
15484,0.0003130703408,0.0001132699399,0
15485,0.001158200088,0.0001132699399,0
15486,0.001513944007,0.0001132699399,0
15487,0.0002136210096,0.0001132699399,0
15488,0.0003728427109,0.0001132699399,0
15489,0.0003135310544,0.0001132699399,0
15490,0.0005206859205,0.0001132699399,0
15491,0.00127180526,0.0001132699399,0
15492,0.005407791119,0.0001132699399,0
15493,0.002355555305,0.0001132699399,0
15494,0.001721442444,0.0001132699399,0
15495,0.0005555550451,0.0001132699399,0
15496,0.008120826446,0.0001132699399,1
15497,0.001106060576,0.0001132699399,0
15498,0.0001887094695,0.0001132699399,0
15499,0.002253567101,0.0001138861262,0
15500,0.0005160304136,0.0001138861262,0
15501,0.0001907138067,0.0001138861262,0
15502,0.0002335648023,0.0001138861262,0
15503,0.0006531163817,0.0001138861262,0
15504,0.003784454893,0.0001138861262,0
15505,0.00144402124,0.0001138861262,0
15506,0.0007675514207,0.0001138861262,0
15507,0.002683173865,0.0001138861262,0
15508,0.001188200433,0.0001138861262,0
15509,0.002983141225,0.0001138861262,0
15510,0.001112922444,0.0001138861262,0
15511,0.001128507545,0.0001138861262,0
15512,0.0003369349288,0.0001138861262,0
15513,0.001296978095,0.0001138861262,0
15514,0.0003403143492,0.0001138861262,0
15515,0.0003071084211,0.0001138861262,0
15516,0.001086543896,0.0001138861262,0
15517,0.003092169529,0.0001138861262,0
15518,0.0001744095789,0.0001138861262,0
15519,0.0002722982899,0.0001139227825,0
15520,0.000555991428,0.0001139227825,0
15521,0.0006009738427,0.0001139227825,0
15522,0.0009630610584,0.0001139227825,0
15523,0.0003478583822,0.0001139227825,0
15524,0.001207024907,0.0001139227825,0
15525,0.003265541978,0.0001139227825,0
15526,0.0009597931057,0.0001139227825,0
15527,0.00162411388,0.0001139227825,0
15528,0.002794343745,0.0001139227825,0
15529,0.0008966138121,0.0001139227825,0
15530,0.0007474132581,0.0001139227825,0
15531,0.0006779773394,0.0001139227825,0
15532,0.001839271979,0.0001139227825,0
15533,0.0004245100426,0.0001139227825,0
15534,0.0009003576706,0.0001139227825,0
15535,0.001575003727,0.0001139227825,0
15536,0.001714715268,0.0001139227825,0
15537,0.0008875168278,0.0001139227825,0
15538,0.001361807226,0.0001139227825,0
15539,0.0005362923257,0.0001146427821,0
15540,0.001182282111,0.0001146427821,0
15541,0.001523413695,0.0001146427821,0
15542,0.0003911440144,0.0001146427821,0
15543,0.001128087053,0.0001146427821,0
15544,0.0006129420362,0.0001146427821,0
15545,0.0004670305061,0.0001146427821,0
15546,0.0002875659848,0.0001146427821,0
15547,0.0009471665253,0.0001146427821,0
15548,0.004619964864,0.0001146427821,0
15549,0.0002798902569,0.0001146427821,0
15550,0.002538563916,0.0001146427821,0
15551,0.001216455828,0.0001146427821,0
15552,0.0009890117217,0.0001146427821,0
15553,0.000581179047,0.0001146427821,0
15554,0.0002125505271,0.0001146427821,0
15555,0.0005085876328,0.0001146427821,0
15556,0.001810047776,0.0001146427821,0
15557,0.000670897949,0.0001146427821,0
15558,0.0004704214516,0.0001146427821,0
15559,0.002448122948,0.0001150944809,0
15560,0.0007356200367,0.0001150944809,0
15561,0.0002202668547,0.0001150944809,0
15562,0.0006993595744,0.0001150944809,0
15563,0.001654881402,0.0001150944809,0
15564,0.000575656537,0.0001150944809,0
15565,0.002566174837,0.0001150944809,0
15566,0.0004279113782,0.0001150944809,0
15567,0.0004545164702,0.0001150944809,0
15568,0.001025533187,0.0001150944809,0
15569,0.002934748773,0.0001150944809,0
15570,0.0006021012086,0.0001150944809,0
15571,0.002157263691,0.0001150944809,0
15572,0.0007944959798,0.0001150944809,0
15573,0.0009445911273,0.0001150944809,0
15574,0.001621907461,0.0001150944809,0
15575,0.0005798576167,0.0001150944809,0
15576,0.0003813057265,0.0001150944809,0
15577,0.001015036367,0.0001150944809,0
15578,0.001349460101,0.0001150944809,0
15579,0.003088723868,0.0001151380493,0
15580,0.001530847629,0.0001151380493,0
15581,0.0001408221578,0.0001151380493,0
15582,0.001911659259,0.0001151380493,0
15583,0.0007109796861,0.0001151380493,0
15584,0.0003202045045,0.0001151380493,0
15585,0.001515550306,0.0001151380493,0
15586,0.001262794132,0.0001151380493,0
15587,0.0005763532245,0.0001151380493,0
15588,0.0009694969049,0.0001151380493,0
15589,0.002735747024,0.0001151380493,0
15590,0.001348679885,0.0001151380493,0
15591,0.0005096086534,0.0001151380493,0
15592,0.001853182679,0.0001151380493,0
15593,0.0002262543712,0.0001151380493,0
15594,0.001154715894,0.0001151380493,0
15595,0.001572624664,0.0001151380493,0
15596,0.0002644224733,0.0001151380493,0
15597,0.0006699769874,0.0001151380493,0
15598,0.0002787128324,0.0001151380493,0
15599,0.0005942487041,0.0001145730857,0
15600,0.001982757589,0.0001145730857,0
15601,0.0005699465983,0.0001145730857,0
15602,0.000276636536,0.0001145730857,0
15603,0.002458577277,0.0001145730857,0
15604,0.001394333318,0.0001145730857,0
15605,0.0009110442479,0.0001145730857,0
15606,0.001101620262,0.0001145730857,0
15607,0.0004786037025,0.0001145730857,0
15608,0.0005601985031,0.0001145730857,0
15609,0.0009577469318,0.0001145730857,0
15610,0.002687436529,0.0001145730857,0
15611,0.02883233875,0.0001145730857,1
15612,0.0005730507546,0.0001145730857,0
15613,0.0004903909867,0.0001145730857,0
15614,0.000333888107,0.0001145730857,0
15615,0.0005621864111,0.0001145730857,0
15616,0.002153500216,0.0001145730857,0
15617,0.000260068744,0.0001145730857,0
15618,0.001730585005,0.0001145730857,0
15619,0.001303725643,0.0001154853235,0
15620,0.00120500545,0.0001154853235,0
15621,0.001041545649,0.0001154853235,0
15622,0.000738955976,0.0001154853235,0
15623,0.0009794263169,0.0001154853235,0
15624,0.000231148646,0.0001154853235,0
15625,0.002709041117,0.0001154853235,0
15626,0.0009051976958,0.0001154853235,0
15627,0.001083032461,0.0001154853235,0
15628,0.0004775837006,0.0001154853235,0
15629,0.0001755844714,0.0001154853235,0
15630,0.0007413210114,0.0001154853235,0
15631,0.0004890857381,0.0001154853235,0
15632,0.0005520537379,0.0001154853235,0
15633,0.001318520168,0.0001154853235,0
15634,0.0007140752859,0.0001154853235,0
15635,0.00110185903,0.0001154853235,0
15636,0.0007483119261,0.0001154853235,0
15637,0.0009161252528,0.0001154853235,0
15638,0.000304340414,0.0001154853235,0
15639,0.0004713753297,0.0001157095248,0
15640,0.001324884593,0.0001157095248,0
15641,0.001632298925,0.0001157095248,0
15642,0.0007143471157,0.0001157095248,0
15643,0.004330235533,0.0001157095248,0
15644,0.0003972848644,0.0001157095248,0
15645,0.000547986303,0.0001157095248,0
15646,0.0006093827542,0.0001157095248,0
15647,0.0007691190112,0.0001157095248,0
15648,0.0009857004043,0.0001157095248,0
15649,0.00149561232,0.0001157095248,0
15650,0.001692170859,0.0001157095248,0
15651,0.0005202033208,0.0001157095248,0
15652,0.001114682993,0.0001157095248,0
15653,0.0005440969835,0.0001157095248,0
15654,0.002029521158,0.0001157095248,0
15655,0.001123224152,0.0001157095248,0
15656,0.0003845672181,0.0001157095248,0
15657,0.0002296002785,0.0001157095248,0
15658,0.0005997864064,0.0001157095248,0
15659,0.00045157352,0.0001156271683,0
15660,0.0003322198172,0.0001156271683,0
15661,0.001939057838,0.0001156271683,0
15662,0.003999276552,0.0001156271683,0
15663,0.000378760742,0.0001156271683,0
15664,0.0004096799239,0.0001156271683,0
15665,0.0004183505662,0.0001156271683,0
15666,0.001472991542,0.0001156271683,0
15667,0.0003993023711,0.0001156271683,0
15668,0.000511092192,0.0001156271683,0
15669,0.001997879473,0.0001156271683,0
15670,0.0012761408,0.0001156271683,0
15671,0.0001504931279,0.0001156271683,0
15672,0.001147607109,0.0001156271683,0
15673,0.0005270824186,0.0001156271683,0
15674,0.00013119301,0.0001156271683,0
15675,0.001161658322,0.0001156271683,0
15676,0.0004235155066,0.0001156271683,0
15677,0.0003528093803,0.0001156271683,0
15678,0.001307724509,0.0001156271683,0
15679,0.0007362604956,0.0001154912898,0
15680,0.0007436148589,0.0001154912898,0
15681,0.001252720598,0.0001154912898,0
15682,0.001049766201,0.0001154912898,0
15683,0.0006254717009,0.0001154912898,0
15684,0.000549793127,0.0001154912898,0
15685,0.002360112965,0.0001154912898,0
15686,0.0001140034146,0.0001154912898,0
15687,0.0008805235848,0.0001154912898,0
15688,0.002902490087,0.0001154912898,0
15689,0.0005765897804,0.0001154912898,0
15690,0.0006319638342,0.0001154912898,0
15691,0.001294447342,0.0001154912898,0
15692,0.0008980131242,0.0001154912898,0
15693,0.0007983299438,0.0001154912898,0
15694,0.002499703085,0.0001154912898,0
15695,0.0004358213919,0.0001154912898,0
15696,0.0005082088755,0.0001154912898,0
15697,0.00333554158,0.0001154912898,0
15698,0.0003568303655,0.0001154912898,0
15699,0.0005460662069,0.0001159223903,0
15700,0.001617134316,0.0001159223903,0
15701,0.00146297703,0.0001159223903,0
15702,0.001070733066,0.0001159223903,0
15703,0.0008023644914,0.0001159223903,0
15704,0.00112116395,0.0001159223903,0
15705,0.004130542278,0.0001159223903,0
15706,0.001032472705,0.0001159223903,0
15707,0.000429580512,0.0001159223903,0
15708,0.001753795194,0.0001159223903,0
15709,0.000528237666,0.0001159223903,0
15710,0.001073844498,0.0001159223903,0
15711,0.0003569393884,0.0001159223903,0
15712,0.0005428630975,0.0001159223903,0
15713,0.001054315944,0.0001159223903,0
15714,0.0002324775123,0.0001159223903,0
15715,0.0004455413437,0.0001159223903,0
15716,0.001084956457,0.0001159223903,0
15717,0.001116235158,0.0001159223903,0
15718,0.0002523302974,0.0001159223903,0
15719,0.001459844992,0.0001153299527,0
15720,0.001431846758,0.0001153299527,0
15721,0.0002636253193,0.0001153299527,0
15722,0.000280386681,0.0001153299527,0
15723,0.002990842797,0.0001153299527,0
15724,0.001006883802,0.0001153299527,0
15725,0.0006033838145,0.0001153299527,0
15726,0.0008402501117,0.0001153299527,0
15727,0.00188091048,0.0001153299527,0
15728,0.001891852589,0.0001153299527,0
15729,0.00111520628,0.0001153299527,0
15730,0.002590854885,0.0001153299527,0
15731,0.0001850091503,0.0001153299527,0
15732,0.001883972436,0.0001153299527,0
15733,0.001093480387,0.0001153299527,0
15734,0.0007279717829,0.0001153299527,0
15735,0.0004218374961,0.0001153299527,0
15736,0.0006331800832,0.0001153299527,0
15737,0.0008848317084,0.0001153299527,0
15738,0.0009455950349,0.0001153299527,0
15739,0.000982001191,0.0001155952996,0
15740,0.001776467077,0.0001155952996,0
15741,0.003948196769,0.0001155952996,0
15742,0.001184025081,0.0001155952996,0
15743,0.0007724931929,0.0001155952996,0
15744,0.0003762722481,0.0001155952996,0
15745,0.0004885279923,0.0001155952996,0
15746,0.0008807384293,0.0001155952996,0
15747,0.006640918087,0.0001155952996,0
15748,0.002313645324,0.0001155952996,0
15749,0.0001806896034,0.0001155952996,0
15750,0.001585620921,0.0001155952996,0
15751,0.002301205648,0.0001155952996,0
15752,0.000157063565,0.0001155952996,0
15753,0.0006089503877,0.0001155952996,0
15754,0.0007364148041,0.0001155952996,0
15755,0.0003189745476,0.0001155952996,0
15756,0.0003792544303,0.0001155952996,0
15757,0.0003205873945,0.0001155952996,0
15758,0.0009330072789,0.0001155952996,0
15759,0.002243308583,0.0001159259918,0
15760,0.001658378751,0.0001159259918,0
15761,0.0007364048506,0.0001159259918,0
15762,0.0002664580534,0.0001159259918,0
15763,0.001084234682,0.0001159259918,0
15764,0.0008550025523,0.0001159259918,0
15765,0.0007558724028,0.0001159259918,0
15766,0.002303303685,0.0001159259918,0
15767,0.0005027385196,0.0001159259918,0
15768,0.0004337487626,0.0001159259918,0
15769,0.0003222151718,0.0001159259918,0
15770,0.0008237992297,0.0001159259918,0
15771,0.004012315534,0.0001159259918,0
15772,0.00245595607,0.0001159259918,0
15773,0.0005020407843,0.0001159259918,0
15774,0.0004557677894,0.0001159259918,0
15775,0.0003007589839,0.0001159259918,0
15776,0.0004394152784,0.0001159259918,0
15777,0.0004155948991,0.0001159259918,0
15778,0.001190682291,0.0001159259918,0
15779,0.0007345390623,0.0001162976841,0
15780,0.0004519781214,0.0001162976841,0
15781,0.000437997136,0.0001162976841,0
15782,0.0003682974493,0.0001162976841,0
15783,0.001208431437,0.0001162976841,0
15784,0.001036269125,0.0001162976841,0
15785,0.0003237714118,0.0001162976841,0
15786,0.001029307488,0.0001162976841,0
15787,0.0003086348297,0.0001162976841,0
15788,0.001766932197,0.0001162976841,0
15789,0.001024811994,0.0001162976841,0
15790,0.0007409064565,0.0001162976841,0
15791,0.0002750010462,0.0001162976841,0
15792,0.001908641891,0.0001162976841,0
15793,0.0002756960166,0.0001162976841,0
15794,0.0007771064993,0.0001162976841,0
15795,0.001790085109,0.0001162976841,0
15796,0.0002825827687,0.0001162976841,0
15797,0.003437532578,0.0001162976841,0
15798,0.001546289888,0.0001162976841,0
15799,0.001484117471,0.0001160912216,0
15800,0.000136366798,0.0001160912216,0
15801,0.0005397445057,0.0001160912216,0
15802,0.001256766729,0.0001160912216,0
15803,0.005952009,0.0001160912216,0
15804,0.0006898515858,0.0001160912216,0
15805,0.0007041674107,0.0001160912216,0
15806,0.0007907430991,0.0001160912216,0
15807,0.0003432920494,0.0001160912216,0
15808,0.001539526973,0.0001160912216,0
15809,0.001390321297,0.0001160912216,0
15810,0.0004413315619,0.0001160912216,0
15811,0.0002479221148,0.0001160912216,0
15812,0.0004022114736,0.0001160912216,0
15813,0.0007073822198,0.0001160912216,0
15814,0.009578700177,0.0001160912216,1
15815,0.0002897658851,0.0001160912216,0
15816,0.0003200022911,0.0001160912216,0
15817,0.00121237,0.0001160912216,0
15818,0.0003054346307,0.0001160912216,0
15819,0.000388694345,0.0001168089293,0
15820,0.0005306345411,0.0001168089293,0
15821,0.0004989007139,0.0001168089293,0
15822,0.001177186379,0.0001168089293,0
15823,0.001252865652,0.0001168089293,0
15824,0.002170519205,0.0001168089293,0
15825,0.0004312067467,0.0001168089293,0
15826,0.0008767309482,0.0001168089293,0
15827,0.00103427039,0.0001168089293,0
15828,0.001882777549,0.0001168089293,0
15829,0.0005586216575,0.0001168089293,0
15830,0.001089584897,0.0001168089293,0
15831,0.0005760701024,0.0001168089293,0
15832,0.001088668709,0.0001168089293,0
15833,0.0004492179432,0.0001168089293,0
15834,0.0005200750311,0.0001168089293,0
15835,0.0005944839795,0.0001168089293,0
15836,0.0004717787961,0.0001168089293,0
15837,0.0006248025456,0.0001168089293,0
15838,0.001232777955,0.0001168089293,0
15839,0.0002570413053,0.0001173419369,0
15840,0.0002470609907,0.0001173419369,0
15841,0.0007782911416,0.0001173419369,0
15842,0.0007659730036,0.0001173419369,0
15843,0.002882480621,0.0001173419369,0
15844,0.0009271028102,0.0001173419369,0
15845,0.0004655065713,0.0001173419369,0
15846,0.0009131525876,0.0001173419369,0
15847,0.002066480229,0.0001173419369,0
15848,0.0003426168987,0.0001173419369,0
15849,0.004983517807,0.0001173419369,0
15850,0.0002783786913,0.0001173419369,0
15851,0.001506121713,0.0001173419369,0
15852,0.001704955124,0.0001173419369,0
15853,0.002635991434,0.0001173419369,0
15854,0.00403871201,0.0001173419369,0
15855,0.0006108357338,0.0001173419369,0
15856,0.0004203313729,0.0001173419369,0
15857,0.0002754830639,0.0001173419369,0
15858,0.0001597383962,0.0001173419369,0
15859,0.001579881995,0.0001180646432,0
15860,0.0009371171473,0.0001180646432,0
15861,0.003117552493,0.0001180646432,0
15862,0.01152936649,0.0001180646432,1
15863,0.0005206548958,0.0001180646432,0
15864,0.0003379210248,0.0001180646432,0
15865,0.001049548737,0.0001180646432,0
15866,0.00167363754,0.0001180646432,0
15867,0.001133221434,0.0001180646432,0
15868,0.0008884156705,0.0001180646432,0
15869,0.0007771131932,0.0001180646432,0
15870,0.002420867793,0.0001180646432,0
15871,0.001795706805,0.0001180646432,0
15872,0.0005868630833,0.0001180646432,0
15873,0.0003216666228,0.0001180646432,0
15874,0.0009959057206,0.0001180646432,0
15875,0.0007900054334,0.0001180646432,0
15876,0.0006181225763,0.0001180646432,0
15877,0.00184734154,0.0001180646432,0
15878,0.001255417475,0.0001180646432,0
15879,0.002444563434,0.0001183751156,0
15880,0.00114646228,0.0001183751156,0
15881,0.0001417545573,0.0001183751156,0
15882,0.0005928843166,0.0001183751156,0
15883,0.001106710639,0.0001183751156,0
15884,0.0003058392613,0.0001183751156,0
15885,0.0009744416457,0.0001183751156,0
15886,0.0004326768685,0.0001183751156,0
15887,0.0006004837342,0.0001183751156,0
15888,0.0005005360581,0.0001183751156,0
15889,0.002761598444,0.0001183751156,0
15890,0.0002375327313,0.0001183751156,0
15891,0.0008477241499,0.0001183751156,0
15892,0.000937409699,0.0001183751156,0
15893,0.0008292769198,0.0001183751156,0
15894,0.003853516886,0.0001183751156,0
15895,0.004490297753,0.0001183751156,0
15896,0.001176837017,0.0001183751156,0
15897,0.005446600728,0.0001183751156,0
15898,0.0008043975686,0.0001183751156,0
15899,0.0006712238537,0.0001185020592,0
15900,0.003070343053,0.0001185020592,0
15901,0.002674311865,0.0001185020592,0
15902,0.001086165314,0.0001185020592,0
15903,0.0007301257574,0.0001185020592,0
15904,0.001886783866,0.0001185020592,0
15905,0.003642715514,0.0001185020592,0
15906,0.001735055936,0.0001185020592,0
15907,0.001668819226,0.0001185020592,0
15908,0.002399666002,0.0001185020592,0
15909,0.0003745728172,0.0001185020592,0
15910,0.001743660541,0.0001185020592,0
15911,0.0004315363767,0.0001185020592,0
15912,0.002211009618,0.0001185020592,0
15913,0.0008812405868,0.0001185020592,0
15914,0.0001982364047,0.0001185020592,0
15915,0.002174131805,0.0001185020592,0
15916,0.0007109233411,0.0001185020592,0
15917,0.001276126364,0.0001185020592,0
15918,0.0004851654521,0.0001185020592,0
15919,0.0005034281639,0.0001197666279,0
15920,0.0004893918522,0.0001197666279,0
15921,0.0007883914514,0.0001197666279,0
15922,0.0002151663502,0.0001197666279,0
15923,0.00221485598,0.0001197666279,0
15924,0.0006604339578,0.0001197666279,0
15925,0.001670818776,0.0001197666279,0
15926,0.000392395712,0.0001197666279,0
15927,0.0004237332614,0.0001197666279,0
15928,0.001346420147,0.0001197666279,0
15929,0.0005471265758,0.0001197666279,0
15930,0.002780386247,0.0001197666279,0
15931,0.000812542683,0.0001197666279,0
15932,0.0007297469419,0.0001197666279,0
15933,0.002797439462,0.0001197666279,0
15934,0.0008960168343,0.0001197666279,0
15935,0.001657187124,0.0001197666279,0
15936,0.0007536835619,0.0001197666279,0
15937,0.0004845165822,0.0001197666279,0
15938,0.0004505381512,0.0001197666279,0
15939,0.0007644984289,0.0001200194965,0
15940,0.0009081487078,0.0001200194965,0
15941,0.01010273118,0.0001200194965,1
15942,0.001368544647,0.0001200194965,0
15943,0.001102688024,0.0001200194965,0
15944,0.003091674298,0.0001200194965,0
15945,0.000980293029,0.0001200194965,0
15946,0.0004462479264,0.0001200194965,0
15947,0.000345436536,0.0001200194965,0
15948,0.0001697209809,0.0001200194965,0
15949,0.002245799638,0.0001200194965,0
15950,0.00309664919,0.0001200194965,0
15951,0.0001522005332,0.0001200194965,0
15952,0.001734594232,0.0001200194965,0
15953,0.001455431106,0.0001200194965,0
15954,0.0004402205523,0.0001200194965,0
15955,0.0002952406066,0.0001200194965,0
15956,0.0011061962,0.0001200194965,0
15957,0.00010615879,0.0001200194965,0
15958,0.0004196939699,0.0001200194965,0
15959,0.0001700530265,0.0001199706676,0
15960,0.001853284775,0.0001199706676,0
15961,0.0003285860003,0.0001199706676,0
15962,0.0004785712808,0.0001199706676,0
15963,0.0005179583095,0.0001199706676,0
15964,0.001875291346,0.0001199706676,0
15965,0.000833645463,0.0001199706676,0
15966,0.001072754501,0.0001199706676,0
15967,0.0005503146676,0.0001199706676,0
15968,0.002407007152,0.0001199706676,0
15969,0.0008176118135,0.0001199706676,0
15970,0.0003770807816,0.0001199706676,0
15971,0.002594672143,0.0001199706676,0
15972,0.0005584322498,0.0001199706676,0
15973,0.001005266909,0.0001199706676,0
15974,0.004788625054,0.0001199706676,0
15975,0.0008616732666,0.0001199706676,0
15976,0.000621287385,0.0001199706676,0
15977,0.0008920503897,0.0001199706676,0
15978,0.0005610291846,0.0001199706676,0
15979,0.0003316109651,0.0001195120203,0
15980,0.0003138262837,0.0001195120203,0
15981,0.001333647058,0.0001195120203,0
15982,0.001471159863,0.0001195120203,0
15983,0.001440853346,0.0001195120203,0
15984,0.001390203601,0.0001195120203,0
15985,0.0003627409751,0.0001195120203,0
15986,0.003043881152,0.0001195120203,0
15987,0.0002942758729,0.0001195120203,0
15988,0.0008646870847,0.0001195120203,0
15989,0.0009668333805,0.0001195120203,0
15990,0.000950107642,0.0001195120203,0
15991,0.0002418037329,0.0001195120203,0
15992,0.0004721947189,0.0001195120203,0
15993,0.001530667651,0.0001195120203,0
15994,0.0008999545244,0.0001195120203,0
15995,0.001194348792,0.0001195120203,0
15996,0.001720959903,0.0001195120203,0
15997,0.0006339815445,0.0001195120203,0
15998,0.0003075569402,0.0001195120203,0
15999,0.0003349842736,0.0001201297855,0
16000,0.001029489213,0.0001201297855,0
16001,0.0006760281394,0.0001201297855,0
16002,0.003809248796,0.0001201297855,0
16003,0.00237627048,0.0001201297855,0
16004,0.0004293782404,0.0001201297855,0
16005,0.0009657560731,0.0001201297855,0
16006,0.001504627173,0.0001201297855,0
16007,0.001219758764,0.0001201297855,0
16008,0.0001817470184,0.0001201297855,0
16009,0.0004096577759,0.0001201297855,0
16010,0.00162604521,0.0001201297855,0
16011,0.001873397152,0.0001201297855,0
16012,0.0001610122999,0.0001201297855,0
16013,0.0008658395964,0.0001201297855,0
16014,0.0006058459403,0.0001201297855,0
16015,0.0001686428004,0.0001201297855,0
16016,0.002331702737,0.0001201297855,0
16017,0.0002772962616,0.0001201297855,0
16018,0.0002513202489,0.0001201297855,0
16019,0.00126281858,0.0001202583953,0
16020,0.0004813050909,0.0001202583953,0
16021,0.001972426893,0.0001202583953,0
16022,0.002729540458,0.0001202583953,0
16023,0.001484090579,0.0001202583953,0
16024,0.0008186346386,0.0001202583953,0
16025,0.001606616657,0.0001202583953,0
16026,0.0003284197301,0.0001202583953,0
16027,0.001035272609,0.0001202583953,0
16028,0.0002004833514,0.0001202583953,0
16029,0.005293005612,0.0001202583953,0
16030,0.0003684300464,0.0001202583953,0
16031,0.001136232051,0.0001202583953,0
16032,0.001439502579,0.0001202583953,0
16033,0.0005138341803,0.0001202583953,0
16034,0.0001540745579,0.0001202583953,0
16035,0.0005177067942,0.0001202583953,0
16036,0.0002587319177,0.0001202583953,0
16037,0.001698951353,0.0001202583953,0
16038,0.0001968042052,0.0001202583953,0
16039,0.000143788624,0.0001205584631,0
16040,0.0006213930319,0.0001205584631,0
16041,0.0007468320546,0.0001205584631,0
16042,0.001705351868,0.0001205584631,0
16043,0.0003146566451,0.0001205584631,0
16044,0.0003036863345,0.0001205584631,0
16045,0.0003344244033,0.0001205584631,0
16046,0.0008781487122,0.0001205584631,0
16047,0.0006784637226,0.0001205584631,0
16048,0.0003807400353,0.0001205584631,0
16049,0.0004725582257,0.0001205584631,0
16050,0.0003520013415,0.0001205584631,0
16051,0.0007216249942,0.0001205584631,0
16052,0.001460777828,0.0001205584631,0
16053,0.006065341178,0.0001205584631,0
16054,0.007984863594,0.0001205584631,1
16055,0.006611896213,0.0001205584631,0
16056,0.001112469356,0.0001205584631,0
16057,0.0005092321662,0.0001205584631,0
16058,0.0009574556025,0.0001205584631,0
16059,0.0004101041122,0.0001206067682,0
16060,0.0009371783817,0.0001206067682,0
16061,0.001393421669,0.0001206067682,0
16062,0.001308975043,0.0001206067682,0
16063,0.001733393176,0.0001206067682,0
16064,0.0007566083223,0.0001206067682,0
16065,0.0004463658552,0.0001206067682,0
16066,0.001372597879,0.0001206067682,0
16067,0.0001866302482,0.0001206067682,0
16068,0.001311546541,0.0001206067682,0
16069,0.0008258674643,0.0001206067682,0
16070,0.0003103684867,0.0001206067682,0
16071,0.001814553747,0.0001206067682,0
16072,0.0002639405429,0.0001206067682,0
16073,0.002208767924,0.0001206067682,0
16074,0.0003368249454,0.0001206067682,0
16075,0.0008704877109,0.0001206067682,0
16076,0.0001397974847,0.0001206067682,0
16077,0.0007106242701,0.0001206067682,0
16078,0.000500876049,0.0001206067682,0
16079,0.0005234239507,0.0001215295852,0
16080,0.001387442811,0.0001215295852,0
16081,0.0004774015979,0.0001215295852,0
16082,0.0003541344195,0.0001215295852,0
16083,0.001504131127,0.0001215295852,0
16084,0.002840733854,0.0001215295852,0
16085,0.00102280383,0.0001215295852,0
16086,0.001019508811,0.0001215295852,0
16087,0.00312057836,0.0001215295852,0
16088,8.869118028e-05,0.0001215295852,0
16089,0.0009046260966,0.0001215295852,0
16090,0.001342808479,0.0001215295852,0
16091,0.0009930297965,0.0001215295852,0
16092,0.0004447952088,0.0001215295852,0
16093,0.001096872147,0.0001215295852,0
16094,0.0004206857993,0.0001215295852,0
16095,0.0001632895728,0.0001215295852,0
16096,0.002843518509,0.0001215295852,0
16097,0.0006459169672,0.0001215295852,0
16098,0.0001626908779,0.0001215295852,0
16099,0.0001859464246,0.0001218667749,0
16100,0.02167429216,0.0001218667749,1
16101,0.001704312279,0.0001218667749,0
16102,0.001295849681,0.0001218667749,0
16103,0.0008764232043,0.0001218667749,0
16104,0.0003634795139,0.0001218667749,0
16105,0.000229689249,0.0001218667749,0
16106,0.0006745278952,0.0001218667749,0
16107,0.0009846426547,0.0001218667749,0
16108,0.0004779006413,0.0001218667749,0
16109,0.0005702837952,0.0001218667749,0
16110,0.0003483758192,0.0001218667749,0
16111,0.001130544813,0.0001218667749,0
16112,0.004487487953,0.0001218667749,0
16113,0.01088541467,0.0001218667749,1
16114,0.004036167637,0.0001218667749,0
16115,0.00025050767,0.0001218667749,0
16116,0.0009416814428,0.0001218667749,0
16117,0.0003191433498,0.0001218667749,0
16118,0.0008372251177,0.0001218667749,0
16119,0.0003178474435,0.000122966725,0
16120,0.00129733386,0.000122966725,0
16121,0.005629095715,0.000122966725,0
16122,0.0007440742338,0.000122966725,0
16123,0.0003778473765,0.000122966725,0
16124,0.002806427889,0.000122966725,0
16125,0.001329781837,0.000122966725,0
16126,0.007182798814,0.000122966725,0
16127,0.001447546994,0.000122966725,0
16128,0.001104590483,0.000122966725,0
16129,0.001939139911,0.000122966725,0
16130,0.0002951888018,0.000122966725,0
16131,0.0008750762208,0.000122966725,0
16132,0.0001245176682,0.000122966725,0
16133,0.0003064933699,0.000122966725,0
16134,0.000385310821,0.000122966725,0
16135,0.0003019653086,0.000122966725,0
16136,0.0009132722626,0.000122966725,0
16137,0.006102166604,0.000122966725,0
16138,0.002440006705,0.000122966725,0
16139,0.0007080999785,0.0001235498348,0
16140,0.0002879528911,0.0001235498348,0
16141,0.006019566674,0.0001235498348,0
16142,0.001759180101,0.0001235498348,0
16143,0.001116007683,0.0001235498348,0
16144,0.0005879559321,0.0001235498348,0
16145,0.002264651703,0.0001235498348,0
16146,0.001694633276,0.0001235498348,0
16147,0.005730441771,0.0001235498348,0
16148,0.002428175882,0.0001235498348,0
16149,0.0005248176749,0.0001235498348,0
16150,0.0009008884081,0.0001235498348,0
16151,0.0003810062772,0.0001235498348,0
16152,0.000579347543,0.0001235498348,0
16153,0.0004672675859,0.0001235498348,0
16154,0.0002061549749,0.0001235498348,0
16155,0.001595944283,0.0001235498348,0
16156,0.004144144244,0.0001235498348,0
16157,0.001409393852,0.0001235498348,0
16158,0.001431384007,0.0001235498348,0
16159,0.003860135097,0.0001235082891,0
16160,0.001111209509,0.0001235082891,0
16161,0.005074180663,0.0001235082891,0
16162,0.000694779912,0.0001235082891,0
16163,0.003973890562,0.0001235082891,0
16164,0.0007228123723,0.0001235082891,0
16165,0.004496174864,0.0001235082891,0
16166,0.01107684523,0.0001235082891,1
16167,0.000908230315,0.0001235082891,0
16168,0.0006904058973,0.0001235082891,0
16169,0.004469497595,0.0001235082891,0
16170,0.003532418981,0.0001235082891,0
16171,0.01063496899,0.0001235082891,1
16172,0.0002577588602,0.0001235082891,0
16173,0.0004519476206,0.0001235082891,0
16174,0.00162826071,0.0001235082891,0
16175,0.0001016279784,0.0001235082891,0
16176,0.0002656573779,0.0001235082891,0
16177,0.001237810589,0.0001235082891,0
16178,0.001361478353,0.0001235082891,0
16179,0.0001308119972,0.0001236820826,0
16180,0.0001633381908,0.0001236820826,0
16181,0.0003995063598,0.0001236820826,0
16182,0.001943600597,0.0001236820826,0
16183,0.001032373402,0.0001236820826,0
16184,0.002067961963,0.0001236820826,0
16185,0.0003996373271,0.0001236820826,0
16186,0.0002560796856,0.0001236820826,0
16187,0.0006213790621,0.0001236820826,0
16188,0.0001153336343,0.0001236820826,0
16189,0.001083864714,0.0001236820826,0
16190,0.0005472441553,0.0001236820826,0
16191,0.0004667426983,0.0001236820826,0
16192,0.00514677586,0.0001236820826,0
16193,0.0009143127245,0.0001236820826,0
16194,0.002465618309,0.0001236820826,0
16195,0.0007252992364,0.0001236820826,0
16196,0.0009154467843,0.0001236820826,0
16197,0.001621473697,0.0001236820826,0
16198,0.0016618761,0.0001236820826,0
16199,0.0001914063032,0.0001233813964,0
16200,0.0003436390543,0.0001233813964,0
16201,0.0006671146839,0.0001233813964,0
16202,0.001599044539,0.0001233813964,0
16203,0.0006117434823,0.0001233813964,0
16204,0.0002645816421,0.0001233813964,0
16205,0.002017989522,0.0001233813964,0
16206,0.0007277193363,0.0001233813964,0
16207,0.002197292401,0.0001233813964,0
16208,0.001534402138,0.0001233813964,0
16209,0.006170874927,0.0001233813964,0
16210,0.001291867113,0.0001233813964,0
16211,0.0003966797958,0.0001233813964,0
16212,0.0008933280478,0.0001233813964,0
16213,0.00114805554,0.0001233813964,0
16214,0.0004035004531,0.0001233813964,0
16215,0.0002339467901,0.0001233813964,0
16216,0.0006697196513,0.0001233813964,0
16217,0.001057897462,0.0001233813964,0
16218,0.003541874001,0.0001233813964,0
16219,0.0001953183964,0.000124198501,0
16220,0.0001968887664,0.000124198501,0
16221,0.0009904253529,0.000124198501,0
16222,0.000984458602,0.000124198501,0
16223,0.001624915516,0.000124198501,0
16224,0.004586328287,0.000124198501,0
16225,0.0005904518184,0.000124198501,0
16226,0.0005719494657,0.000124198501,0
16227,0.00160758046,0.000124198501,0
16228,0.001681116992,0.000124198501,0
16229,0.0003374172084,0.000124198501,0
16230,0.000163994293,0.000124198501,0
16231,0.01564732194,0.000124198501,1
16232,0.0007830244722,0.000124198501,0
16233,0.000189453247,0.000124198501,0
16234,0.0002775774337,0.000124198501,0
16235,0.001548868138,0.000124198501,0
16236,0.0002686346124,0.000124198501,0
16237,0.001277442323,0.000124198501,0
16238,0.006001684815,0.000124198501,0
16239,0.0006683330284,0.0001248965127,0
16240,0.00149452209,0.0001248965127,0
16241,0.0005389605067,0.0001248965127,0
16242,0.0006264403928,0.0001248965127,0
16243,0.001871370478,0.0001248965127,0
16244,0.0001461392676,0.0001248965127,0
16245,0.000510182057,0.0001248965127,0
16246,0.0006972931442,0.0001248965127,0
16247,0.000407091924,0.0001248965127,0
16248,0.0006657105987,0.0001248965127,0
16249,0.0007805633941,0.0001248965127,0
16250,0.0003529698588,0.0001248965127,0
16251,0.002540327841,0.0001248965127,0
16252,0.0005647916696,0.0001248965127,0
16253,0.0003379210539,0.0001248965127,0
16254,0.001039221184,0.0001248965127,0
16255,0.001586139086,0.0001248965127,0
16256,0.00127121585,0.0001248965127,0
16257,0.0002916229132,0.0001248965127,0
16258,0.0008008068544,0.0001248965127,0
16259,0.00410651369,0.0001261723664,0
16260,0.0003776622179,0.0001261723664,0
16261,0.0003272412287,0.0001261723664,0
16262,0.0005239461316,0.0001261723664,0
16263,0.006950171664,0.0001261723664,0
16264,0.0007847588276,0.0001261723664,0
16265,0.0005778637133,0.0001261723664,0
16266,0.00225262274,0.0001261723664,0
16267,0.001227327622,0.0001261723664,0
16268,0.0007640123367,0.0001261723664,0
16269,0.0008867454599,0.0001261723664,0
16270,0.001246494008,0.0001261723664,0
16271,0.0007358721341,0.0001261723664,0
16272,0.0001750766678,0.0001261723664,0
16273,0.0004656383826,0.0001261723664,0
16274,0.001898953342,0.0001261723664,0
16275,0.00289623905,0.0001261723664,0
16276,0.0003880381119,0.0001261723664,0
16277,0.006903468166,0.0001261723664,0
16278,0.0005237215082,0.0001261723664,0
16279,0.0004224331933,0.0001267965999,0
16280,0.0004671984352,0.0001267965999,0
16281,0.0003430688521,0.0001267965999,0
16282,0.000832343183,0.0001267965999,0
16283,0.001954883104,0.0001267965999,0
16284,0.000903697568,0.0001267965999,0
16285,0.001025853562,0.0001267965999,0
16286,0.008261552081,0.0001267965999,1
16287,0.001129217446,0.0001267965999,0
16288,0.001318276511,0.0001267965999,0
16289,0.0002736446331,0.0001267965999,0
16290,0.003744370537,0.0001267965999,0
16291,0.0004504776443,0.0001267965999,0
16292,0.001585741295,0.0001267965999,0
16293,0.0008358527557,0.0001267965999,0
16294,0.0008829887956,0.0001267965999,0
16295,0.004377460107,0.0001267965999,0
16296,0.001559061231,0.0001267965999,0
16297,0.0009409021004,0.0001267965999,0
16298,0.0003409638011,0.0001267965999,0
16299,0.0002114261879,0.000127846215,0
16300,0.0007026404492,0.000127846215,0
16301,0.001053003594,0.000127846215,0
16302,0.0004929619026,0.000127846215,0
16303,0.000940241036,0.000127846215,0
16304,0.0006541616749,0.000127846215,0
16305,0.0002231792168,0.000127846215,0
16306,0.005439388566,0.000127846215,0
16307,0.001682709553,0.000127846215,0
16308,0.0004278843408,0.000127846215,0
16309,0.0002772533335,0.000127846215,0
16310,0.0002042069973,0.000127846215,0
16311,0.0009386587772,0.000127846215,0
16312,0.0003510234819,0.000127846215,0
16313,0.0007021102356,0.000127846215,0
16314,0.0005384151591,0.000127846215,0
16315,0.002564900555,0.000127846215,0
16316,0.000688886852,0.000127846215,0
16317,0.00286475243,0.000127846215,0
16318,0.0002166230697,0.000127846215,0
16319,0.04089945182,0.000128647458,1
16320,0.0007507441915,0.000128647458,0
16321,0.008459070697,0.000128647458,1
16322,0.0003997018794,0.000128647458,0
16323,0.00045749743,0.000128647458,0
16324,0.003053234657,0.000128647458,0
16325,0.001968996599,0.000128647458,0
16326,0.002526699798,0.000128647458,0
16327,0.0009290517191,0.000128647458,0
16328,0.0006548532983,0.000128647458,0
16329,0.00100923737,0.000128647458,0
16330,0.0005504076253,0.000128647458,0
16331,0.002934667049,0.000128647458,0
16332,0.0001970703015,0.000128647458,0
16333,0.0004463955993,0.000128647458,0
16334,0.001568798558,0.000128647458,0
16335,0.0002624659683,0.000128647458,0
16336,0.0024244003,0.000128647458,0
16337,0.0006953725824,0.000128647458,0
16338,0.0004795984423,0.000128647458,0
16339,0.001043421798,0.0001305305777,0
16340,0.0007601613179,0.0001305305777,0
16341,0.0004024353111,0.0001305305777,0
16342,0.0002836457279,0.0001305305777,0
16343,0.0002712856804,0.0001305305777,0
16344,0.003064410994,0.0001305305777,0
16345,0.0001322673634,0.0001305305777,0
16346,0.0002290364791,0.0001305305777,0
16347,0.0005298900069,0.0001305305777,0
16348,0.0007034621085,0.0001305305777,0
16349,0.001547931926,0.0001305305777,0
16350,0.0007402170449,0.0001305305777,0
16351,0.002708620159,0.0001305305777,0
16352,0.001829966553,0.0001305305777,0
16353,0.000537049491,0.0001305305777,0
16354,0.001996856648,0.0001305305777,0
16355,0.0002382814855,0.0001305305777,0
16356,0.002911989111,0.0001305305777,0
16357,0.003821654711,0.0001305305777,0
16358,0.0002639863815,0.0001305305777,0
16359,0.0009695366025,0.0001305393525,0
16360,0.000225460928,0.0001305393525,0
16361,0.002867420902,0.0001305393525,0
16362,0.000427002029,0.0001305393525,0
16363,0.0002879243402,0.0001305393525,0
16364,0.0008492664201,0.0001305393525,0
16365,0.002091082511,0.0001305393525,0
16366,0.001154209371,0.0001305393525,0
16367,0.0007681932766,0.0001305393525,0
16368,0.002148718107,0.0001305393525,0
16369,0.0005998969427,0.0001305393525,0
16370,0.002334099729,0.0001305393525,0
16371,0.0005887031439,0.0001305393525,0
16372,0.000231169688,0.0001305393525,0
16373,0.002104097046,0.0001305393525,0
16374,0.0008473474882,0.0001305393525,0
16375,0.0008592452505,0.0001305393525,0
16376,0.0009435563115,0.0001305393525,0
16377,0.007123746909,0.0001305393525,0
16378,0.003926539794,0.0001305393525,0
16379,0.0004117887293,0.0001304338221,0
16380,0.001382956048,0.0001304338221,0
16381,0.001950084348,0.0001304338221,0
16382,0.0003361568379,0.0001304338221,0
16383,0.0002864823909,0.0001304338221,0
16384,0.005066373851,0.0001304338221,0
16385,0.0004079186183,0.0001304338221,0
16386,0.0005229474045,0.0001304338221,0
16387,0.000600841362,0.0001304338221,0
16388,0.0005022420082,0.0001304338221,0
16389,0.0002858430671,0.0001304338221,0
16390,0.0002798473579,0.0001304338221,0
16391,0.0003540150938,0.0001304338221,0
16392,0.003588753752,0.0001304338221,0
16393,0.001270832494,0.0001304338221,0
16394,0.0003513997653,0.0001304338221,0
16395,0.0006406292086,0.0001304338221,0
16396,0.002302190987,0.0001304338221,0
16397,0.0006963810883,0.0001304338221,0
16398,0.0008571770159,0.0001304338221,0
16399,0.02059482038,0.0001310070656,1
16400,0.0002274087165,0.0001310070656,0
16401,0.0006674309843,0.0001310070656,0
16402,0.001758561586,0.0001310070656,0
16403,0.0003942578332,0.0001310070656,0
16404,0.001538215671,0.0001310070656,0
16405,0.003369638463,0.0001310070656,0
16406,0.00109253847,0.0001310070656,0
16407,0.0006588086253,0.0001310070656,0
16408,0.01495390292,0.0001310070656,1
16409,0.0003341380216,0.0001310070656,0
16410,0.0005102488794,0.0001310070656,0
16411,0.00106809882,0.0001310070656,0
16412,0.000396729738,0.0001310070656,0
16413,0.001423626323,0.0001310070656,0
16414,0.002197746886,0.0001310070656,0
16415,0.0002240817703,0.0001310070656,0
16416,0.0005325239035,0.0001310070656,0
16417,0.003404042916,0.0001310070656,0
16418,0.0009036883712,0.0001310070656,0
16419,0.001875654794,0.0001315266418,0
16420,0.0006977950106,0.0001315266418,0
16421,0.000354485237,0.0001315266418,0
16422,0.0006723736296,0.0001315266418,0
16423,0.0005191634991,0.0001315266418,0
16424,0.001770856674,0.0001315266418,0
16425,0.0004098479985,0.0001315266418,0
16426,0.0006922259927,0.0001315266418,0
16427,0.0003994157596,0.0001315266418,0
16428,0.0005523958826,0.0001315266418,0
16429,0.005913821515,0.0001315266418,0
16430,0.0004443327198,0.0001315266418,0
16431,0.000994319329,0.0001315266418,0
16432,0.001269926317,0.0001315266418,0
16433,0.0009788511088,0.0001315266418,0
16434,0.000259499182,0.0001315266418,0
16435,0.03074471466,0.0001315266418,1
16436,0.0009080724558,0.0001315266418,0
16437,0.008424227126,0.0001315266418,1
16438,0.0001573319023,0.0001315266418,0
16439,0.0004190090403,0.000132093206,0
16440,0.0001818258461,0.000132093206,0
16441,0.000695810013,0.000132093206,0
16442,0.001140802284,0.000132093206,0
16443,0.001727361116,0.000132093206,0
16444,0.003345192876,0.000132093206,0
16445,0.0004937358899,0.000132093206,0
16446,0.001860559569,0.000132093206,0
16447,0.0005008692387,0.000132093206,0
16448,0.003643372795,0.000132093206,0
16449,0.001159552252,0.000132093206,0
16450,0.002102145925,0.000132093206,0
16451,0.0003017351555,0.000132093206,0
16452,0.0003340448893,0.000132093206,0
16453,0.0006583027425,0.000132093206,0
16454,0.001068843761,0.000132093206,0
16455,0.00355102797,0.000132093206,0
16456,0.0002415481285,0.000132093206,0
16457,0.000327947404,0.000132093206,0
16458,0.0005810813745,0.000132093206,0
16459,0.001362211071,0.0001325798075,0
16460,0.0003254781477,0.0001325798075,0
16461,0.00176931289,0.0001325798075,0
16462,0.0003169473202,0.0001325798075,0
16463,0.0004322114983,0.0001325798075,0
16464,0.0003234450996,0.0001325798075,0
16465,0.002190639032,0.0001325798075,0
16466,0.01066033076,0.0001325798075,1
16467,0.00100176665,0.0001325798075,0
16468,0.001428632764,0.0001325798075,0
16469,0.002408069558,0.0001325798075,0
16470,0.001930252998,0.0001325798075,0
16471,0.001675718697,0.0001325798075,0
16472,0.0004756438721,0.0001325798075,0
16473,0.000463229866,0.0001325798075,0
16474,0.001342411269,0.0001325798075,0
16475,0.0005919026444,0.0001325798075,0
16476,0.001168038812,0.0001325798075,0
16477,0.0005594309769,0.0001325798075,0
16478,0.001584655023,0.0001325798075,0
16479,0.0006036888808,0.0001333480323,0
16480,0.0008681461914,0.0001333480323,0
16481,0.001048456761,0.0001333480323,0
16482,0.002522676485,0.0001333480323,0
16483,0.0001874763693,0.0001333480323,0
16484,0.0005916431546,0.0001333480323,0
16485,0.001875412301,0.0001333480323,0
16486,0.0005214981502,0.0001333480323,0
16487,0.003093865467,0.0001333480323,0
16488,0.001092058956,0.0001333480323,0
16489,0.001064112992,0.0001333480323,0
16490,0.004418404773,0.0001333480323,0
16491,0.0003800301929,0.0001333480323,0
16492,0.001086027827,0.0001333480323,0
16493,0.0006238570204,0.0001333480323,0
16494,0.0005451561301,0.0001333480323,0
16495,0.0004066292313,0.0001333480323,0
16496,0.0005855594063,0.0001333480323,0
16497,0.0007824263885,0.0001333480323,0
16498,0.0007938293274,0.0001333480323,0
16499,0.000850740762,0.0001341900206,0
16500,0.0008943872526,0.0001341900206,0
16501,0.001043909928,0.0001341900206,0
16502,0.01711159013,0.0001341900206,1
16503,0.0018806929,0.0001341900206,0
16504,0.0006111888215,0.0001341900206,0
16505,0.0006630670396,0.0001341900206,0
16506,0.001913443208,0.0001341900206,0
16507,0.00186873402,0.0001341900206,0
16508,0.004593031481,0.0001341900206,0
16509,0.001716424711,0.0001341900206,0
16510,0.0003639054194,0.0001341900206,0
16511,0.001792956609,0.0001341900206,0
16512,0.0007589075249,0.0001341900206,0
16513,0.0009913818212,0.0001341900206,0
16514,0.0002195182024,0.0001341900206,0
16515,0.001906667254,0.0001341900206,0
16516,0.0008859842783,0.0001341900206,0
16517,0.0003308483283,0.0001341900206,0
16518,0.001097230706,0.0001341900206,0
16519,0.0004500437644,0.0001339561859,0
16520,0.0005182540044,0.0001339561859,0
16521,0.0005379544455,0.0001339561859,0
16522,0.0002784839307,0.0001339561859,0
16523,0.002429774962,0.0001339561859,0
16524,0.0008274691645,0.0001339561859,0
16525,0.0003854370152,0.0001339561859,0
16526,0.0009561890038,0.0001339561859,0
16527,0.0001953384344,0.0001339561859,0
16528,0.0003834265808,0.0001339561859,0
16529,0.0003884918406,0.0001339561859,0
16530,0.002066942165,0.0001339561859,0
16531,0.001044219011,0.0001339561859,0
16532,0.0002957841498,0.0001339561859,0
16533,0.0006338962703,0.0001339561859,0
16534,0.001832421403,0.0001339561859,0
16535,0.006096371915,0.0001339561859,0
16536,0.002929381561,0.0001339561859,0
16537,0.0009212049772,0.0001339561859,0
16538,0.0008942224667,0.0001339561859,0
16539,0.001782972016,0.0001343242766,0
16540,0.0002905467118,0.0001343242766,0
16541,0.0003443291062,0.0001343242766,0
16542,0.001023170305,0.0001343242766,0
16543,0.0003933503176,0.0001343242766,0
16544,0.000353182375,0.0001343242766,0
16545,0.01122765336,0.0001343242766,1
16546,0.0007901194622,0.0001343242766,0
16547,0.0003031526576,0.0001343242766,0
16548,0.0007299581775,0.0001343242766,0
16549,0.0003973767161,0.0001343242766,0
16550,0.001272397349,0.0001343242766,0
16551,0.0004344969639,0.0001343242766,0
16552,0.0004810269456,0.0001343242766,0
16553,0.001117767417,0.0001343242766,0
16554,0.0004609298194,0.0001343242766,0
16555,0.002431529574,0.0001343242766,0
16556,0.0003731298784,0.0001343242766,0
16557,0.002508088714,0.0001343242766,0
16558,0.00128630735,0.0001343242766,0
16559,0.001419910579,0.0001349178056,0
16560,0.0004350754316,0.0001349178056,0
16561,0.0009442730225,0.0001349178056,0
16562,0.0002878840605,0.0001349178056,0
16563,0.00229468313,0.0001349178056,0
16564,0.0007622923004,0.0001349178056,0
16565,0.0007497023325,0.0001349178056,0
16566,0.001284655649,0.0001349178056,0
16567,0.0006212003645,0.0001349178056,0
16568,0.0005083315773,0.0001349178056,0
16569,0.0001338327274,0.0001349178056,0
16570,0.01229661983,0.0001349178056,1
16571,0.0003841087164,0.0001349178056,0
16572,0.002906509675,0.0001349178056,0
16573,0.0003101901093,0.0001349178056,0
16574,0.002970841248,0.0001349178056,0
16575,0.0007627532468,0.0001349178056,0
16576,0.0002561996807,0.0001349178056,0
16577,0.002800741699,0.0001349178056,0
16578,0.0006717541837,0.0001349178056,0
16579,0.0008384482935,0.0001350858511,0
16580,0.0014186115,0.0001350858511,0
16581,0.002603969071,0.0001350858511,0
16582,0.0008119313279,0.0001350858511,0
16583,0.002134696813,0.0001350858511,0
16584,0.002132716356,0.0001350858511,0
16585,0.001412168611,0.0001350858511,0
16586,0.0002414266055,0.0001350858511,0
16587,0.0001270643843,0.0001350858511,0
16588,0.001400351757,0.0001350858511,0
16589,0.0002469831379,0.0001350858511,0
16590,0.003055656562,0.0001350858511,0
16591,0.0006408376503,0.0001350858511,0
16592,0.001209997921,0.0001350858511,0
16593,0.002479956485,0.0001350858511,0
16594,0.0005518409889,0.0001350858511,0
16595,0.006137683522,0.0001350858511,0
16596,0.001615492045,0.0001350858511,0
16597,0.0002666109649,0.0001350858511,0
16598,0.0009367123712,0.0001350858511,0
16599,0.0002713268332,0.0001353029656,0
16600,0.008811661042,0.0001353029656,1
16601,0.0031925363,0.0001353029656,0
16602,0.01092131529,0.0001353029656,1
16603,0.002683460247,0.0001353029656,0
16604,0.0005770319258,0.0001353029656,0
16605,0.0004788070219,0.0001353029656,0
16606,0.0003242103849,0.0001353029656,0
16607,0.007059051655,0.0001353029656,0
16608,0.0007493898156,0.0001353029656,0
16609,0.001116170548,0.0001353029656,0
16610,0.0002675521537,0.0001353029656,0
16611,0.001427337993,0.0001353029656,0
16612,0.0006572114653,0.0001353029656,0
16613,0.0004274228704,0.0001353029656,0
16614,0.0006040593726,0.0001353029656,0
16615,0.000167705075,0.0001353029656,0
16616,0.0005287715467,0.0001353029656,0
16617,0.0005555626703,0.0001353029656,0
16618,0.0005702680792,0.0001353029656,0
16619,0.001031007967,0.0001358242735,0
16620,0.005379316397,0.0001358242735,0
16621,0.001874957466,0.0001358242735,0
16622,0.004522300791,0.0001358242735,0
16623,0.0003552786948,0.0001358242735,0
16624,0.0005031289766,0.0001358242735,0
16625,0.0004963856773,0.0001358242735,0
16626,0.0001309521176,0.0001358242735,0
16627,0.0003735617502,0.0001358242735,0
16628,0.001826711115,0.0001358242735,0
16629,0.001786925946,0.0001358242735,0
16630,0.0033425726,0.0001358242735,0
16631,0.0009268578142,0.0001358242735,0
16632,0.0002869081509,0.0001358242735,0
16633,0.00398198422,0.0001358242735,0
16634,0.001124612871,0.0001358242735,0
16635,0.0009751043981,0.0001358242735,0
16636,0.0003585480154,0.0001358242735,0
16637,0.0001455095044,0.0001358242735,0
16638,0.00142306427,0.0001358242735,0
16639,0.0004111741146,0.0001358227018,0
16640,0.002492860891,0.0001358227018,0
16641,0.00172253605,0.0001358227018,0
16642,0.003523754887,0.0001358227018,0
16643,0.0005486962036,0.0001358227018,0
16644,0.0004283330927,0.0001358227018,0
16645,0.001026084065,0.0001358227018,0
16646,0.001535017858,0.0001358227018,0
16647,0.001878711279,0.0001358227018,0
16648,0.0002763065277,0.0001358227018,0
16649,0.003607466584,0.0001358227018,0
16650,0.0002844489936,0.0001358227018,0
16651,0.0007423882489,0.0001358227018,0
16652,0.0003997941676,0.0001358227018,0
16653,0.001354894252,0.0001358227018,0
16654,0.00113229733,0.0001358227018,0
16655,0.003735278267,0.0001358227018,0
16656,0.003414341249,0.0001358227018,0
16657,0.0009745929856,0.0001358227018,0
16658,0.0002335684549,0.0001358227018,0
16659,0.001588647952,0.0001371566614,0
16660,0.0005427151918,0.0001371566614,0
16661,0.0006007493357,0.0001371566614,0
16662,0.0004928573035,0.0001371566614,0
16663,0.0006244661054,0.0001371566614,0
16664,0.000391925103,0.0001371566614,0
16665,0.0008725398802,0.0001371566614,0
16666,0.000668725057,0.0001371566614,0
16667,0.0002403564577,0.0001371566614,0
16668,0.0006953566335,0.0001371566614,0
16669,0.001463143039,0.0001371566614,0
16670,0.0007656385424,0.0001371566614,0
16671,0.0003765064757,0.0001371566614,0
16672,0.0005480708787,0.0001371566614,0
16673,0.001142878435,0.0001371566614,0
16674,0.0004865672963,0.0001371566614,0
16675,0.0008751080022,0.0001371566614,0
16676,0.0003271334572,0.0001371566614,0
16677,0.0003569326655,0.0001371566614,0
16678,0.0001255801762,0.0001371566614,0
16679,0.000204245458,0.0001372457191,0
16680,0.001514607691,0.0001372457191,0
16681,0.0004104648833,0.0001372457191,0
16682,0.001565115177,0.0001372457191,0
16683,0.0003005864564,0.0001372457191,0
16684,0.001333819004,0.0001372457191,0
16685,0.0007187720039,0.0001372457191,0
16686,0.005404259078,0.0001372457191,0
16687,0.005928655155,0.0001372457191,0
16688,9.776053776e-05,0.0001372457191,0
16689,0.001357943867,0.0001372457191,0
16690,0.001246603089,0.0001372457191,0
16691,0.001158472383,0.0001372457191,0
16692,0.001376303728,0.0001372457191,0
16693,0.001061809715,0.0001372457191,0
16694,0.001330163796,0.0001372457191,0
16695,0.0004032839788,0.0001372457191,0
16696,0.0002808792051,0.0001372457191,0
16697,0.0005670271348,0.0001372457191,0
16698,0.000314410514,0.0001372457191,0
16699,0.0007129213191,0.0001363923948,0
16700,0.0007691779756,0.0001363923948,0
16701,0.001597564085,0.0001363923948,0
16702,0.0009689389844,0.0001363923948,0
16703,0.0002251605911,0.0001363923948,0
16704,0.0006707550492,0.0001363923948,0
16705,0.000308500079,0.0001363923948,0
16706,0.0007494498277,0.0001363923948,0
16707,0.0007333435351,0.0001363923948,0
16708,0.001746793278,0.0001363923948,0
16709,0.002229372272,0.0001363923948,0
16710,0.0007376575959,0.0001363923948,0
16711,0.0004558244545,0.0001363923948,0
16712,0.001501382678,0.0001363923948,0
16713,0.001780717634,0.0001363923948,0
16714,0.0005276755546,0.0001363923948,0
16715,0.0005130608915,0.0001363923948,0
16716,0.001023217337,0.0001363923948,0
16717,0.002122686943,0.0001363923948,0
16718,0.001804431318,0.0001363923948,0
16719,0.0006566285738,0.0001366209763,0
16720,0.001310841995,0.0001366209763,0
16721,0.000345731678,0.0001366209763,0
16722,0.0007671788335,0.0001366209763,0
16723,0.001439192565,0.0001366209763,0
16724,0.0008522298886,0.0001366209763,0
16725,0.0002221604227,0.0001366209763,0
16726,0.003043592209,0.0001366209763,0
16727,0.002929246752,0.0001366209763,0
16728,0.002533085179,0.0001366209763,0
16729,0.001414863742,0.0001366209763,0
16730,0.0009001991129,0.0001366209763,0
16731,0.002098733094,0.0001366209763,0
16732,0.002910341369,0.0001366209763,0
16733,0.00397393154,0.0001366209763,0
16734,0.002245898126,0.0001366209763,0
16735,0.001319176401,0.0001366209763,0
16736,0.0002721809433,0.0001366209763,0
16737,0.0005127769546,0.0001366209763,0
16738,0.001266826293,0.0001366209763,0
16739,0.001114606392,0.0001371591788,0
16740,0.006901139859,0.0001371591788,0
16741,0.0004869248951,0.0001371591788,0
16742,0.0008247545338,0.0001371591788,0
16743,0.0008751684218,0.0001371591788,0
16744,0.0002268928802,0.0001371591788,0
16745,0.0004120696103,0.0001371591788,0
16746,0.001354657346,0.0001371591788,0
16747,0.0007532946183,0.0001371591788,0
16748,0.002146363258,0.0001371591788,0
16749,0.0007595852367,0.0001371591788,0
16750,0.0006643379456,0.0001371591788,0
16751,0.002815706423,0.0001371591788,0
16752,0.0009429835482,0.0001371591788,0
16753,0.001298455754,0.0001371591788,0
16754,0.003176183673,0.0001371591788,0
16755,0.0009658802301,0.0001371591788,0
16756,0.0008423010004,0.0001371591788,0
16757,0.02290344983,0.0001371591788,1
16758,0.006245920435,0.0001371591788,0
16759,0.001025965088,0.0001367782534,0
16760,0.007012222428,0.0001367782534,0
16761,0.0004312849196,0.0001367782534,0
16762,0.0006996850134,0.0001367782534,0
16763,0.000726589933,0.0001367782534,0
16764,0.0003778351238,0.0001367782534,0
16765,0.0005551481736,0.0001367782534,0
16766,0.004060896114,0.0001367782534,0
16767,0.0005292865098,0.0001367782534,0
16768,0.0003074150591,0.0001367782534,0
16769,0.0005701985792,0.0001367782534,0
16770,0.0004493385204,0.0001367782534,0
16771,0.0006125362706,0.0001367782534,0
16772,0.0001568069565,0.0001367782534,0
16773,0.01407174859,0.0001367782534,1
16774,0.0005444822018,0.0001367782534,0
16775,0.01302575599,0.0001367782534,1
16776,0.0006442585727,0.0001367782534,0
16777,0.001306596678,0.0001367782534,0
16778,0.0009319436504,0.0001367782534,0
16779,0.001873787842,0.0001373523701,0
16780,0.003145225113,0.0001373523701,0
16781,0.005330370739,0.0001373523701,0
16782,0.001852067886,0.0001373523701,0
16783,0.0003398122499,0.0001373523701,0
16784,0.0007326453342,0.0001373523701,0
16785,0.0004067099362,0.0001373523701,0
16786,0.0005118770059,0.0001373523701,0
16787,0.001145672635,0.0001373523701,0
16788,0.002617069986,0.0001373523701,0
16789,0.001413048245,0.0001373523701,0
16790,0.0005996351247,0.0001373523701,0
16791,0.0005121719441,0.0001373523701,0
16792,0.001578305499,0.0001373523701,0
16793,0.001381231821,0.0001373523701,0
16794,0.0006806770107,0.0001373523701,0
16795,0.004752102308,0.0001373523701,0
16796,0.0003901432501,0.0001373523701,0
16797,0.0003664059914,0.0001373523701,0
16798,0.002034196397,0.0001373523701,0
16799,0.0002606128401,0.0001379182941,0
16800,0.004056592006,0.0001379182941,0
16801,0.001357453875,0.0001379182941,0
16802,0.0004822115006,0.0001379182941,0
16803,0.001525303582,0.0001379182941,0
16804,0.00125596812,0.0001379182941,0
16805,0.004322122782,0.0001379182941,0
16806,0.01436781324,0.0001379182941,1
16807,0.00077225524,0.0001379182941,0
16808,0.001293222886,0.0001379182941,0
16809,0.0002835538762,0.0001379182941,0
16810,0.0007662401185,0.0001379182941,0
16811,0.001017162693,0.0001379182941,0
16812,0.0003448979114,0.0001379182941,0
16813,0.001712200465,0.0001379182941,0
16814,0.003483118024,0.0001379182941,0
16815,0.002754646121,0.0001379182941,0
16816,0.0009318202501,0.0001379182941,0
16817,0.0008116596728,0.0001379182941,0
16818,0.0002574101964,0.0001379182941,0
16819,0.0004557935754,0.0001379039604,0
16820,0.0004531511222,0.0001379039604,0
16821,0.001620768919,0.0001379039604,0
16822,0.001318272087,0.0001379039604,0
16823,0.002457125112,0.0001379039604,0
16824,0.0005792724551,0.0001379039604,0
16825,0.0003305085702,0.0001379039604,0
16826,0.002020546701,0.0001379039604,0
16827,0.0002014125639,0.0001379039604,0
16828,0.0005785587127,0.0001379039604,0
16829,0.000701548357,0.0001379039604,0
16830,0.0009821237763,0.0001379039604,0
16831,0.002488539089,0.0001379039604,0
16832,0.002472386928,0.0001379039604,0
16833,0.0005446420982,0.0001379039604,0
16834,0.0007395299617,0.0001379039604,0
16835,0.0006201463984,0.0001379039604,0
16836,0.002026589122,0.0001379039604,0
16837,0.0006815387751,0.0001379039604,0
16838,0.0008065135917,0.0001379039604,0
16839,0.00225736713,0.0001391141705,0
16840,0.0006103649503,0.0001391141705,0
16841,0.002934606979,0.0001391141705,0
16842,0.0008203040343,0.0001391141705,0
16843,0.0006571679842,0.0001391141705,0
16844,0.000518838875,0.0001391141705,0
16845,0.0002335587342,0.0001391141705,0
16846,0.0006013858365,0.0001391141705,0
16847,0.005949226208,0.0001391141705,0
16848,0.001239947393,0.0001391141705,0
16849,0.0007867068634,0.0001391141705,0
16850,0.0003972491832,0.0001391141705,0
16851,0.0007898460026,0.0001391141705,0
16852,0.0007753511309,0.0001391141705,0
16853,0.000662725477,0.0001391141705,0
16854,0.0008425763226,0.0001391141705,0
16855,0.0005174931139,0.0001391141705,0
16856,0.0005417668726,0.0001391141705,0
16857,0.0002992681402,0.0001391141705,0
16858,0.001671490958,0.0001391141705,0
16859,0.0005289938417,0.00013963932,0
16860,0.0008028444718,0.00013963932,0
16861,0.0001250303612,0.00013963932,0
16862,0.003394020488,0.00013963932,0
16863,0.00344162574,0.00013963932,0
16864,0.00121591473,0.00013963932,0
16865,0.001237347256,0.00013963932,0
16866,0.001107695629,0.00013963932,0
16867,0.0005181024317,0.00013963932,0
16868,0.0003783116699,0.00013963932,0
16869,0.001573730609,0.00013963932,0
16870,0.0004198238021,0.00013963932,0
16871,0.00273305364,0.00013963932,0
16872,0.0001580577518,0.00013963932,0
16873,0.001042815042,0.00013963932,0
16874,0.002077720594,0.00013963932,0
16875,0.004964936059,0.00013963932,0
16876,0.0002712550922,0.00013963932,0
16877,0.001461511129,0.00013963932,0
16878,0.0005897150841,0.00013963932,0
16879,0.0007987580611,0.0001395615836,0
16880,0.0005731455167,0.0001395615836,0
16881,0.001436007908,0.0001395615836,0
16882,0.002789522987,0.0001395615836,0
16883,0.003269909415,0.0001395615836,0
16884,0.0002002682304,0.0001395615836,0
16885,0.0009266086272,0.0001395615836,0
16886,0.001083134208,0.0001395615836,0
16887,0.001150107244,0.0001395615836,0
16888,0.0003250966547,0.0001395615836,0
16889,0.0006535477005,0.0001395615836,0
16890,0.000515137217,0.0001395615836,0
16891,0.001928188954,0.0001395615836,0
16892,0.000770998653,0.0001395615836,0
16893,0.0006432587979,0.0001395615836,0
16894,0.002423980972,0.0001395615836,0
16895,0.002127891174,0.0001395615836,0
16896,0.0001038504997,0.0001395615836,0
16897,0.0003324995341,0.0001395615836,0
16898,0.004769351799,0.0001395615836,0
16899,0.00190761697,0.0001396768348,0
16900,0.001902355929,0.0001396768348,0
16901,0.000974513765,0.0001396768348,0
16902,0.0005914588692,0.0001396768348,0
16903,0.0003281132085,0.0001396768348,0
16904,0.0005557222757,0.0001396768348,0
16905,0.000322775013,0.0001396768348,0
16906,0.0001758286817,0.0001396768348,0
16907,0.007468532305,0.0001396768348,1
16908,0.0009771161713,0.0001396768348,0
16909,0.0004391428956,0.0001396768348,0
16910,0.001673512743,0.0001396768348,0
16911,0.0004801474861,0.0001396768348,0
16912,0.001228084206,0.0001396768348,0
16913,0.001076414715,0.0001396768348,0
16914,0.001487932284,0.0001396768348,0
16915,0.0002581188164,0.0001396768348,0
16916,0.001446296694,0.0001396768348,0
16917,0.001529331319,0.0001396768348,0
16918,0.000664533698,0.0001396768348,0
16919,0.0004365287605,0.0001391738915,0
16920,0.001320041949,0.0001391738915,0
16921,0.0005195542471,0.0001391738915,0
16922,0.0008145649335,0.0001391738915,0
16923,0.002873636782,0.0001391738915,0
16924,0.0002210197854,0.0001391738915,0
16925,0.0003135552106,0.0001391738915,0
16926,0.003480165266,0.0001391738915,0
16927,0.001844677841,0.0001391738915,0
16928,0.0002374713076,0.0001391738915,0
16929,0.001181058004,0.0001391738915,0
16930,0.0008925782167,0.0001391738915,0
16931,0.002172154142,0.0001391738915,0
16932,0.0006277248613,0.0001391738915,0
16933,0.00467707077,0.0001391738915,0
16934,0.008023148403,0.0001391738915,1
16935,0.001152810408,0.0001391738915,0
16936,0.0004551232851,0.0001391738915,0
16937,0.001291556284,0.0001391738915,0
16938,0.0007608720334,0.0001391738915,0
16939,0.002060848754,0.0001393727434,0
16940,0.0006059747539,0.0001393727434,0
16941,0.001007264131,0.0001393727434,0
16942,0.0010781046,0.0001393727434,0
16943,0.0003480194428,0.0001393727434,0
16944,0.0006892440724,0.0001393727434,0
16945,0.001036379603,0.0001393727434,0
16946,0.0006828709738,0.0001393727434,0
16947,0.002724981867,0.0001393727434,0
16948,0.0005215185811,0.0001393727434,0
16949,0.0003756562073,0.0001393727434,0
16950,0.001326082624,0.0001393727434,0
16951,0.0008076386293,0.0001393727434,0
16952,0.000567101757,0.0001393727434,0
16953,0.000377387245,0.0001393727434,0
16954,0.0008821545634,0.0001393727434,0
16955,0.002402930288,0.0001393727434,0
16956,0.0009353363421,0.0001393727434,0
16957,0.001357192756,0.0001393727434,0
16958,0.0004439927579,0.0001393727434,0
16959,0.0001585945138,0.0001394967985,0
16960,0.001474407269,0.0001394967985,0
16961,0.0007337131537,0.0001394967985,0
16962,0.0009129020036,0.0001394967985,0
16963,0.0003396264801,0.0001394967985,0
16964,0.0006339931861,0.0001394967985,0
16965,0.001517883269,0.0001394967985,0
16966,0.001869958476,0.0001394967985,0
16967,0.001770459465,0.0001394967985,0
16968,0.001019674703,0.0001394967985,0
16969,0.0003124437062,0.0001394967985,0
16970,0.0007477524923,0.0001394967985,0
16971,0.00210042065,0.0001394967985,0
16972,0.0002066803572,0.0001394967985,0
16973,0.003074827604,0.0001394967985,0
16974,0.003773963777,0.0001394967985,0
16975,9.551809489e-05,0.0001394967985,0
16976,0.0009632702568,0.0001394967985,0
16977,0.001557524083,0.0001394967985,0
16978,0.003684485098,0.0001394967985,0
16979,0.0005235674325,0.0001400928886,0
16980,0.00102715916,0.0001400928886,0
16981,0.0003183868248,0.0001400928886,0
16982,0.001183019252,0.0001400928886,0
16983,0.0001277985139,0.0001400928886,0
16984,0.0003131294507,0.0001400928886,0
16985,0.00115829939,0.0001400928886,0
16986,0.001513842493,0.0001400928886,0
16987,0.0002135995892,0.0001400928886,0
16988,0.0003729195159,0.0001400928886,0
16989,0.0003135138249,0.0001400928886,0
16990,0.0005206548376,0.0001400928886,0
16991,0.001271767658,0.0001400928886,0
16992,0.005407698918,0.0001400928886,0
16993,0.002355411649,0.0001400928886,0
16994,0.001721270732,0.0001400928886,0
16995,0.0005555058597,0.0001400928886,0
16996,0.008121113293,0.0001400928886,1
16997,0.001106002601,0.0001400928886,0
16998,0.0001887003746,0.0001400928886,0
16999,0.002253377344,0.0001410606637,0
17000,0.0005161102745,0.0001410606637,0
17001,0.0001907069091,0.0001410606637,0
17002,0.0002336048346,0.0001410606637,0
17003,0.0006531487452,0.0001410606637,0
17004,0.003784445114,0.0001410606637,0
17005,0.001443977701,0.0001410606637,0
17006,0.000767520396,0.0001410606637,0
17007,0.00268297689,0.0001410606637,0
17008,0.001188388909,0.0001410606637,0
17009,0.002983014332,0.0001410606637,0
17010,0.001112877391,0.0001410606637,0
17011,0.001128463191,0.0001410606637,0
17012,0.0003369587357,0.0001410606637,0
17013,0.001297020004,0.0001410606637,0
17014,0.000340303377,0.0001410606637,0
17015,0.0003070860985,0.0001410606637,0
17016,0.001086423174,0.0001410606637,0
17017,0.003092038445,0.0001410606637,0
17018,0.000174356348,0.0001410606637,0
17019,0.0002723254729,0.0001409059332,0
17020,0.0005560136051,0.0001409059332,0
17021,0.0006009468343,0.0001409059332,0
17022,0.0009632051224,0.0001409059332,0
17023,0.000347832829,0.0001409059332,0
17024,0.001207145164,0.0001409059332,0
17025,0.003265582025,0.0001409059332,0
17026,0.0009596714517,0.0001409059332,0
17027,0.001624121447,0.0001409059332,0
17028,0.002794269472,0.0001409059332,0
17029,0.0008967650938,0.0001409059332,0
17030,0.0007474509766,0.0001409059332,0
17031,0.0006777869421,0.0001409059332,0
17032,0.001839252887,0.0001409059332,0
17033,0.000424503145,0.0001409059332,0
17034,0.0009004002204,0.0001409059332,0
17035,0.001574976486,0.0001409059332,0
17036,0.001714636805,0.0001409059332,0
17037,0.0008874842315,0.0001409059332,0
17038,0.001361816539,0.0001409059332,0
17039,0.0005363640958,0.0001415364677,0
17040,0.00118224381,0.0001415364677,0
17041,0.001523449435,0.0001415364677,0
17042,0.0003912271641,0.0001415364677,0
17043,0.001127990428,0.0001415364677,0
17044,0.000613020442,0.0001415364677,0
17045,0.0004669554182,0.0001415364677,0
17046,0.0002875696809,0.0001415364677,0
17047,0.0009472859674,0.0001415364677,0
17048,0.004619994201,0.0001415364677,0
17049,0.0002798513451,0.0001415364677,0
17050,0.00253859954,0.0001415364677,0
17051,0.001216371311,0.0001415364677,0
17052,0.0009888513014,0.0001415364677,0
17053,0.000581127184,0.0001415364677,0
17054,0.0002125670726,0.0001415364677,0
17055,0.0005085286102,0.0001415364677,0
17056,0.001810024725,0.0001415364677,0
17057,0.0006708189612,0.0001415364677,0
17058,0.0004703356535,0.0001415364677,0
17059,0.002448209096,0.0001420637418,0
17060,0.0007356929709,0.0001420637418,0
17061,0.0002203002223,0.0001420637418,0
17062,0.0006992984563,0.0001420637418,0
17063,0.001654809108,0.0001420637418,0
17064,0.0005754977465,0.0001420637418,0
17065,0.002565927105,0.0001420637418,0
17066,0.0004279020359,0.0001420637418,0
17067,0.0004545534321,0.0001420637418,0
17068,0.001025495934,0.0001420637418,0
17069,0.002934534336,0.0001420637418,0
17070,0.0006021090085,0.0001420637418,0
17071,0.002157118404,0.0001420637418,0
17072,0.0007944356767,0.0001420637418,0
17073,0.0009448166238,0.0001420637418,0
17074,0.00162185973,0.0001420637418,0
17075,0.0005798601778,0.0001420637418,0
17076,0.0003812718787,0.0001420637418,0
17077,0.001015122165,0.0001420637418,0
17078,0.001349367551,0.0001420637418,0
17079,0.003088783706,0.0001426692907,0
17080,0.001530856011,0.0001426692907,0
17081,0.0001407851669,0.0001426692907,0
17082,0.001911541331,0.0001426692907,0
17083,0.0007110295701,0.0001426692907,0
17084,0.000320162042,0.0001426692907,0
17085,0.001515501062,0.0001426692907,0
17086,0.001262684818,0.0001426692907,0
17087,0.0005763657391,0.0001426692907,0
17088,0.0009694682667,0.0001426692907,0
17089,0.00273562083,0.0001426692907,0
17090,0.001348457532,0.0001426692907,0
17091,0.0005095436936,0.0001426692907,0
17092,0.001853200491,0.0001426692907,0
17093,0.0002262708877,0.0001426692907,0
17094,0.001154564321,0.0001426692907,0
17095,0.001572526176,0.0001426692907,0
17096,0.0002644137712,0.0001426692907,0
17097,0.0006700246013,0.0001426692907,0
17098,0.0002787430712,0.0001426692907,0
17099,0.0005942521966,0.000142619625,0
17100,0.001982638147,0.000142619625,0
17101,0.0005699279136,0.000142619625,0
17102,0.0002766927064,0.000142619625,0
17103,0.002458408242,0.000142619625,0
17104,0.001394472783,0.000142619625,0
17105,0.0009109759703,0.000142619625,0
17106,0.001101672417,0.000142619625,0
17107,0.0004785126948,0.000142619625,0
17108,0.0005601602024,0.000142619625,0
17109,0.0009578578756,0.000142619625,0
17110,0.002687542234,0.000142619625,0
17111,0.02883198857,0.000142619625,1
17112,0.0005729738041,0.000142619625,0
17113,0.0004903615336,0.000142619625,0
17114,0.0003339002724,0.000142619625,0
17115,0.0005622614408,0.000142619625,0
17116,0.0021534767,0.000142619625,0
17117,0.0002601285523,0.000142619625,0
17118,0.001730757416,0.000142619625,0
17119,0.001303744852,0.0001431566343,0
17120,0.001205024077,0.0001431566343,0
17121,0.001041401178,0.0001431566343,0
17122,0.0007388300728,0.0001431566343,0
17123,0.0009794502985,0.0001431566343,0
17124,0.0002311383723,0.0001431566343,0
17125,0.002709271852,0.0001431566343,0
17126,0.0009052552632,0.0001431566343,0
17127,0.001083182055,0.0001431566343,0
17128,0.0004775272391,0.0001431566343,0
17129,0.0001755990088,0.0001431566343,0
17130,0.0007414133288,0.0001431566343,0
17131,0.0004890693235,0.0001431566343,0
17132,0.0005521003623,0.0001431566343,0
17133,0.00131843437,0.0001431566343,0
17134,0.0007141432725,0.0001431566343,0
17135,0.00110164308,0.0001431566343,0
17136,0.0007484641392,0.0001431566343,0
17137,0.000915933284,0.0001431566343,0
17138,0.0003043417819,0.0001431566343,0
17139,0.000471285457,0.0001433015132,0
17140,0.001324720914,0.0001433015132,0
17141,0.001632252475,0.0001433015132,0
17142,0.000714318594,0.0001433015132,0
17143,0.00433026487,0.0001433015132,0
17144,0.0003972572158,0.0001433015132,0
17145,0.0005479059182,0.0001433015132,0
17146,0.0006094640121,0.0001433015132,0
17147,0.0007691075443,0.0001433015132,0
17148,0.0009856430115,0.0001433015132,0
17149,0.001495574368,0.0001433015132,0
17150,0.001692098915,0.0001433015132,0
17151,0.0005201267195,0.0001433015132,0
17152,0.001114739338,0.0001433015132,0
17153,0.0005440774839,0.0001433015132,0
17154,0.0020294243,0.0001433015132,0
17155,0.001123200404,0.0001433015132,0
17156,0.000384594663,0.0001433015132,0
17157,0.0002295897284,0.0001433015132,0
17158,0.0005997676053,0.0001433015132,0
17159,0.0004515508772,0.0001438787003,0
17160,0.0003320928954,0.0001438787003,0
17161,0.001939163078,0.0001438787003,0
17162,0.003999488894,0.0001438787003,0
17163,0.0003788120812,0.0001438787003,0
17164,0.0004096989287,0.0001438787003,0
17165,0.0004183186102,0.0001438787003,0
17166,0.001472883741,0.0001438787003,0
17167,0.0003992437851,0.0001438787003,0
17168,0.0005109888734,0.0001438787003,0
17169,0.001997607993,0.0001438787003,0
17170,0.001276278635,0.0001438787003,0
17171,0.0001505393011,0.0001438787003,0
17172,0.001147518866,0.0001438787003,0
17173,0.0005268441746,0.0001438787003,0
17174,0.0001311691303,0.0001438787003,0
17175,0.001161689055,0.0001438787003,0
17176,0.0004235358501,0.0001438787003,0
17177,0.0003527183435,0.0001438787003,0
17178,0.001307627303,0.0001438787003,0
17179,0.0007361500757,0.0001441923232,0
17180,0.0007436777232,0.0001441923232,0
17181,0.001252801041,0.0001441923232,0
17182,0.001049697399,0.0001441923232,0
17183,0.0006255079061,0.0001441923232,0
17184,0.0005497777602,0.0001441923232,0
17185,0.002360249637,0.0001441923232,0
17186,0.0001139786473,0.0001441923232,0
17187,0.0008804926183,0.0001441923232,0
17188,0.002902433276,0.0001441923232,0
17189,0.0005764748785,0.0001441923232,0
17190,0.0006320182001,0.0001441923232,0
17191,0.001294224523,0.0001441923232,0
17192,0.0008981272695,0.0001441923232,0
17193,0.0007983351243,0.0001441923232,0
17194,0.002499942435,0.0001441923232,0
17195,0.0004358067235,0.0001441923232,0
17196,0.0005080893752,0.0001441923232,0
17197,0.003335529473,0.0001441923232,0
17198,0.0003568159882,0.0001441923232,0
17199,0.0005459853564,0.0001444179652,0
17200,0.001617019763,0.0001444179652,0
17201,0.001463056891,0.0001444179652,0
17202,0.001070781727,0.0001444179652,0
17203,0.0008022253169,0.0001444179652,0
17204,0.001121153473,0.0001444179652,0
17205,0.004130431917,0.0001444179652,0
17206,0.001032511471,0.0001444179652,0
17207,0.0004296267871,0.0001444179652,0
17208,0.0017537073,0.0001444179652,0
17209,0.0005281590275,0.0001444179652,0
17210,0.001073886175,0.0001444179652,0
17211,0.0003569024557,0.0001444179652,0
17212,0.0005429020384,0.0001444179652,0
17213,0.00105426996,0.0001444179652,0
17214,0.0002325279929,0.0001444179652,0
17215,0.0004457084287,0.0001444179652,0
17216,0.001085151569,0.0001444179652,0
17217,0.001116170315,0.0001444179652,0
17218,0.0002522480499,0.0001444179652,0
17219,0.001460003899,0.0001442234934,0
17220,0.001431728131,0.0001442234934,0
17221,0.0002635588753,0.0001442234934,0
17222,0.0002804041142,0.0001442234934,0
17223,0.002990685636,0.0001442234934,0
17224,0.001006882987,0.0001442234934,0
17225,0.0006034164689,0.0001442234934,0
17226,0.0008402242092,0.0001442234934,0
17227,0.001880970667,0.0001442234934,0
17228,0.001891645952,0.0001442234934,0
17229,0.00111512444,0.0001442234934,0
17230,0.002590775955,0.0001442234934,0
17231,0.0001850005792,0.0001442234934,0
17232,0.001884058001,0.0001442234934,0
17233,0.001093359897,0.0001442234934,0
17234,0.0007279366255,0.0001442234934,0
17235,0.0004217389505,0.0001442234934,0
17236,0.0006332047051,0.0001442234934,0
17237,0.0008848350262,0.0001442234934,0
17238,0.0009457245469,0.0001442234934,0
17239,0.0009819632396,0.0001448608091,0
17240,0.001776452176,0.0001448608091,0
17241,0.00394818373,0.0001448608091,0
17242,0.001184152323,0.0001448608091,0
17243,0.000772494066,0.0001448608091,0
17244,0.0003763250133,0.0001448608091,0
17245,0.0004885281669,0.0001448608091,0
17246,0.000880734704,0.0001448608091,0
17247,0.006641463842,0.0001448608091,0
17248,0.002313537523,0.0001448608091,0
17249,0.0001806564833,0.0001448608091,0
17250,0.00158560928,0.0001448608091,0
17251,0.002301241504,0.0001448608091,0
17252,0.0001570018503,0.0001448608091,0
17253,0.0006090032985,0.0001448608091,0
17254,0.0007362914039,0.0001448608091,0
17255,0.000318965147,0.0001448608091,0
17256,0.0003792590869,0.0001448608091,0
17257,0.0003205740359,0.0001448608091,0
17258,0.0009329853347,0.0001448608091,0
17259,0.002243241994,0.0001452413126,0
17260,0.001658369554,0.0001452413126,0
17261,0.0007363595651,0.0001452413126,0
17262,0.0002664942876,0.0001452413126,0
17263,0.001084193937,0.0001452413126,0
17264,0.0008550580824,0.0001452413126,0
17265,0.00075578416,0.0001452413126,0
17266,0.002303242218,0.0001452413126,0
17267,0.0005027095904,0.0001452413126,0
17268,0.0004337995779,0.0001452413126,0
17269,0.0003221447696,0.0001452413126,0
17270,0.00082386547,0.0001452413126,0
17271,0.00401238678,0.0001452413126,0
17272,0.002456074348,0.0001452413126,0
17273,0.0005019716336,0.0001452413126,0
17274,0.0004558158398,0.0001452413126,0
17275,0.0003006958577,0.0001452413126,0
17276,0.0004394345742,0.0001452413126,0
17277,0.0004156073264,0.0001452413126,0
17278,0.001190690906,0.0001452413126,0
17279,0.0007345628692,0.0001457956241,0
17280,0.0004521200026,0.0001457956241,0
17281,0.0004380343016,0.0001457956241,0
17282,0.0003683106333,0.0001457956241,0
17283,0.001208471134,0.0001457956241,0
17284,0.00103612768,0.0001457956241,0
17285,0.0003238039208,0.0001457956241,0
17286,0.001029333216,0.0001457956241,0
17287,0.0003086754296,0.0001457956241,0
17288,0.00176688272,0.0001457956241,0
17289,0.001024716767,0.0001457956241,0
17290,0.0007409162354,0.0001457956241,0
17291,0.0002749066625,0.0001457956241,0
17292,0.001908673672,0.0001457956241,0
17293,0.0002757073671,0.0001457956241,0
17294,0.0007770794327,0.0001457956241,0
17295,0.001790134236,0.0001457956241,0
17296,0.0002825833508,0.0001457956241,0
17297,0.003437652253,0.0001457956241,0
17298,0.001546257292,0.0001457956241,0
17299,0.001484027947,0.0001458641345,0
17300,0.0001363379415,0.0001458641345,0
17301,0.0005396948545,0.0001458641345,0
17302,0.001256735064,0.0001458641345,0
17303,0.00595169561,0.0001458641345,0
17304,0.0006899297587,0.0001458641345,0
17305,0.0007042511716,0.0001458641345,0
17306,0.0007907361141,0.0001458641345,0
17307,0.0003432415251,0.0001458641345,0
17308,0.001539259683,0.0001458641345,0
17309,0.001390263438,0.0001458641345,0
17310,0.0004413145653,0.0001458641345,0
17311,0.0002478563401,0.0001458641345,0
17312,0.0004022986104,0.0001458641345,0
17313,0.0007074512541,0.0001458641345,0
17314,0.009578430094,0.0001458641345,1
17315,0.0002897955128,0.0001458641345,0
17316,0.0003200082283,0.0001458641345,0
17317,0.001212201896,0.0001458641345,0
17318,0.0003053907421,0.0001458641345,0
17319,0.0003886107297,0.0001469755225,0
17320,0.0005305905361,0.0001469755225,0
17321,0.0004989341833,0.0001469755225,0
17322,0.001177204074,0.0001469755225,0
17323,0.001252633636,0.0001469755225,0
17324,0.002170669381,0.0001469755225,0
17325,0.0004311640223,0.0001469755225,0
17326,0.0008767321706,0.0001469755225,0
17327,0.001034314395,0.0001469755225,0
17328,0.001882488374,0.0001469755225,0
17329,0.0005586312036,0.0001469755225,0
17330,0.001089570345,0.0001469755225,0
17331,0.0005760849454,0.0001469755225,0
17332,0.001088679652,0.0001469755225,0
17333,0.0004492189619,0.0001469755225,0
17334,0.0005200063461,0.0001469755225,0
17335,0.0005945265293,0.0001469755225,0
17336,0.0004718144482,0.0001469755225,0
17337,0.0006248381687,0.0001469755225,0
17338,0.001232787385,0.0001469755225,0
17339,0.0002570785873,0.0001474733726,0
17340,0.0002470023464,0.0001474733726,0
17341,0.0007782014436,0.0001474733726,0
17342,0.0007660228875,0.0001474733726,0
17343,0.002882875968,0.0001474733726,0
17344,0.0009270228329,0.0001474733726,0
17345,0.0004654465301,0.0001474733726,0
17346,0.0009131072438,0.0001474733726,0
17347,0.002066656016,0.0001474733726,0
17348,0.0003426995827,0.0001474733726,0
17349,0.004983687308,0.0001474733726,0
17350,0.0002783462114,0.0001474733726,0
17351,0.001506378758,0.0001474733726,0
17352,0.001704841154,0.0001474733726,0
17353,0.002635934623,0.0001474733726,0
17354,0.004038771149,0.0001474733726,0
17355,0.0006107717054,0.0001474733726,0
17356,0.0004203160061,0.0001474733726,0
17357,0.0002754998277,0.0001474733726,0
17358,0.0001597576629,0.0001474733726,0
17359,0.001579676871,0.0001477728511,0
17360,0.0009372287313,0.0001477728511,0
17361,0.00311761233,0.0001477728511,0
17362,0.01152920257,0.0001477728511,1
17363,0.0005206795759,0.0001477728511,0
17364,0.0003379358677,0.0001477728511,0
17365,0.001049425337,0.0001477728511,0
17366,0.001673683058,0.0001477728511,0
17367,0.001133091282,0.0001477728511,0
17368,0.0008882589755,0.0001477728511,0
17369,0.0007771690143,0.0001477728511,0
17370,0.002420729259,0.0001477728511,0
17371,0.001795719378,0.0001477728511,0
17372,0.0005868936423,0.0001477728511,0
17373,0.0003216834157,0.0001477728511,0
17374,0.0009959806921,0.0001477728511,0
17375,0.0007898173644,0.0001477728511,0
17376,0.0006181130884,0.0001477728511,0
17377,0.001847175765,0.0001477728511,0
17378,0.001255487907,0.0001477728511,0
17379,0.002444450278,0.0001477058395,0
17380,0.001146242605,0.0001477058395,0
17381,0.000141748038,0.0001477058395,0
17382,0.000592963188,0.0001477058395,0
17383,0.001107066404,0.0001477058395,0
17384,0.0003058186267,0.0001477058395,0
17385,0.0009742809925,0.0001477058395,0
17386,0.0004327633069,0.0001477058395,0
17387,0.0006005281466,0.0001477058395,0
17388,0.0005004514242,0.0001477058395,0
17389,0.002761638956,0.0001477058395,0
17390,0.0002374936012,0.0001477058395,0
17391,0.0008476943476,0.0001477058395,0
17392,0.0009372679051,0.0001477058395,0
17393,0.0008291992708,0.0001477058395,0
17394,0.003853133647,0.0001477058395,0
17395,0.004490369931,0.0001477058395,0
17396,0.00117664854,0.0001477058395,0
17397,0.005446502008,0.0001477058395,0
17398,0.0008042706759,0.0001477058395,0
17399,0.0006712349132,0.0001478709164,0
17400,0.003070630366,0.0001478709164,0
17401,0.002674676711,0.0001478709164,0
17402,0.00108614855,0.0001478709164,0
17403,0.0007300845464,0.0001478709164,0
17404,0.001886736951,0.0001478709164,0
17405,0.003642491531,0.0001478709164,0
17406,0.001735073398,0.0001478709164,0
17407,0.001668521087,0.0001478709164,0
17408,0.00239960826,0.0001478709164,0
17409,0.0003745654831,0.0001478709164,0
17410,0.001743646804,0.0001478709164,0
17411,0.0004315948463,0.0001478709164,0
17412,0.002211148618,0.0001478709164,0
17413,0.000881225802,0.0001478709164,0
17414,0.0001981966925,0.0001478709164,0
17415,0.002174082678,0.0001478709164,0
17416,0.0007109488943,0.0001478709164,0
17417,0.001275824965,0.0001478709164,0
17418,0.0004851588164,0.0001478709164,0
17419,0.0005033652415,0.0001487990376,0
17420,0.0004892848665,0.0001487990376,0
17421,0.0007884241058,0.0001487990376,0
17422,0.0002152334055,0.0001487990376,0
17423,0.002215034328,0.0001487990376,0
17424,0.0006603838992,0.0001487990376,0
17425,0.00167084788,0.0001487990376,0
17426,0.0003923436161,0.0001487990376,0
17427,0.0004238467081,0.0001487990376,0
17428,0.00134640967,0.0001487990376,0
17429,0.0005471529439,0.0001487990376,0
17430,0.002780453535,0.0001487990376,0
17431,0.0008124733577,0.0001487990376,0
17432,0.0007297241245,0.0001487990376,0
17433,0.002797460649,0.0001487990376,0
17434,0.0008961401763,0.0001487990376,0
17435,0.001657046378,0.0001487990376,0
17436,0.0007536707562,0.0001487990376,0
17437,0.0004844242649,0.0001487990376,0
17438,0.0004506031401,0.0001487990376,0
17439,0.0007645596634,0.0001492349693,0
17440,0.0009079531301,0.0001492349693,0
17441,0.01010277495,0.0001492349693,1
17442,0.001368588419,0.0001492349693,0
17443,0.001102459384,0.0001492349693,0
17444,0.003091775812,0.0001492349693,0
17445,0.0009801846463,0.0001492349693,0
17446,0.0004461472272,0.0001492349693,0
17447,0.0003455086262,0.0001492349693,0
17448,0.0001697284024,0.0001492349693,0
17449,0.002245506039,0.0001492349693,0
17450,0.003096733708,0.0001492349693,0
17451,0.000152143446,0.0001492349693,0
17452,0.00173473882,0.0001492349693,0
17453,0.001455334597,0.0001492349693,0
17454,0.0004401822516,0.0001492349693,0
17455,0.0002952670329,0.0001492349693,0
17456,0.001106067095,0.0001492349693,0
17457,0.0001061786243,0.0001492349693,0
17458,0.0004197615199,0.0001492349693,0
17459,0.0001700275752,0.00014938612,0
17460,0.001853305264,0.00014938612,0
17461,0.0003285320709,0.00014938612,0
17462,0.0004784419143,0.00014938612,0
17463,0.0005178732099,0.00014938612,0
17464,0.001875313115,0.00014938612,0
17465,0.0008335146122,0.00014938612,0
17466,0.001072699553,0.00014938612,0
17467,0.0005501796841,0.00014938612,0
17468,0.002406924032,0.00014938612,0
17469,0.0008175096009,0.00014938612,0
17470,0.000377117045,0.00014938612,0
17471,0.002594555495,0.00014938612,0
17472,0.0005584268947,0.00014938612,0
17473,0.001005131053,0.00014938612,0
17474,0.004788765218,0.00014938612,0
17475,0.000861594337,0.00014938612,0
17476,0.0006212230073,0.00014938612,0
17477,0.0008920759428,0.00014938612,0
17478,0.0005610401859,0.00014938612,0
17479,0.0003316234506,0.0001490681316,0
17480,0.0003139037872,0.0001490681316,0
17481,0.001333591295,0.0001490681316,0
17482,0.001471091295,0.0001490681316,0
17483,0.001441049273,0.0001490681316,0
17484,0.001390317455,0.0001490681316,0
17485,0.0003626993275,0.0001490681316,0
17486,0.00304424041,0.0001490681316,0
17487,0.0002943061991,0.0001490681316,0
17488,0.0008646183996,0.0001490681316,0
17489,0.0009667150443,0.0001490681316,0
17490,0.0009502109024,0.0001490681316,0
17491,0.0002417613869,0.0001490681316,0
17492,0.0004721920996,0.0001490681316,0
17493,0.001530686393,0.0001490681316,0
17494,0.0008997898549,0.0001490681316,0
17495,0.00119421049,0.0001490681316,0
17496,0.001721142675,0.0001490681316,0
17497,0.0006340040127,0.0001490681316,0
17498,0.0003074858687,0.0001490681316,0
17499,0.0003349429753,0.0001494116004,0
17500,0.001029439387,0.0001494116004,0
17501,0.0006760080578,0.0001494116004,0
17502,0.003809397109,0.0001494116004,0
17503,0.002376326825,0.0001494116004,0
17504,0.000429398322,0.0001494116004,0
17505,0.0009658054332,0.0001494116004,0
17506,0.001504729968,0.0001494116004,0
17507,0.001219708356,0.0001494116004,0
17508,0.0001817603625,0.0001494116004,0
17509,0.0004096132179,0.0001494116004,0
17510,0.001626000041,0.0001494116004,0
17511,0.001873323694,0.0001494116004,0
17512,0.0001609624887,0.0001494116004,0
17513,0.0008658236475,0.0001494116004,0
17514,0.0006058807485,0.0001494116004,0
17515,0.000168678409,0.0001494116004,0
17516,0.002331492491,0.0001494116004,0
17517,0.0002772757725,0.0001494116004,0
17518,0.0002512834326,0.0001494116004,0
17519,0.00126269937,0.0001500485523,0
17520,0.0004814318963,0.0001500485523,0
17521,0.001972301165,0.0001500485523,0
17522,0.002729344182,0.0001500485523,0
17523,0.0014840269,0.0001500485523,0
17524,0.0008185548941,0.0001500485523,0
17525,0.001606566599,0.0001500485523,0
17526,0.0003283398983,0.0001500485523,0
17527,0.001035292866,0.0001500485523,0
17528,0.0002005030256,0.0001500485523,0
17529,0.005293066148,0.0001500485523,0
17530,0.0003683419782,0.0001500485523,0
17531,0.001136299106,0.0001500485523,0
17532,0.001439462183,0.0001500485523,0
17533,0.0005138564738,0.0001500485523,0
17534,0.0001540418889,0.0001500485523,0
17535,0.0005176358973,0.0001500485523,0
17536,0.0002587293857,0.0001500485523,0
17537,0.00169910118,0.0001500485523,0
17538,0.0001967515709,0.0001500485523,0
17539,0.0001437796018,0.0001515664044,0
17540,0.000621352985,0.0001515664044,0
17541,0.0007467544056,0.0001515664044,0
17542,0.001705390983,0.0001515664044,0
17543,0.0003147087118,0.0001515664044,0
17544,0.0003036056005,0.0001515664044,0
17545,0.0003343101125,0.0001515664044,0
17546,0.0008780700155,0.0001515664044,0
17547,0.0006785761798,0.0001515664044,0
17548,0.0003806656168,0.0001515664044,0
17549,0.0004724184982,0.0001515664044,0
17550,0.000351972034,0.0001515664044,0
17551,0.0007217069506,0.0001515664044,0
17552,0.00146072288,0.0001515664044,0
17553,0.006065177731,0.0001515664044,0
17554,0.007984880358,0.0001515664044,1
17555,0.006611620542,0.0001515664044,0
17556,0.00111245655,0.0001515664044,0
17557,0.0005092159263,0.0001515664044,0
17558,0.0009574702126,0.0001515664044,0
17559,0.0004101404629,0.0001516666089,0
17560,0.000937166973,0.0001516666089,0
17561,0.001393312588,0.0001516666089,0
17562,0.001308985054,0.0001516666089,0
17563,0.00173338817,0.0001516666089,0
17564,0.0007566954591,0.0001516666089,0
17565,0.0004463683581,0.0001516666089,0
17566,0.001372545841,0.0001516666089,0
17567,0.0001866024686,0.0001516666089,0
17568,0.001311474829,0.0001516666089,0
17569,0.0008258793969,0.0001516666089,0
17570,0.0003103323106,0.0001516666089,0
17571,0.001814410789,0.0001516666089,0
17572,0.000263883936,0.0001516666089,0
17573,0.002208763035,0.0001516666089,0
17574,0.0003368690377,0.0001516666089,0
17575,0.0008703915519,0.0001516666089,0
17576,0.0001398350141,0.0001516666089,0
17577,0.0007104750839,0.0001516666089,0
17578,0.0005007687723,0.0001516666089,0
17579,0.0005233983393,0.0001521426748,0
17580,0.001387430006,0.0001521426748,0
17581,0.0004774006957,0.0001521426748,0
17582,0.000354129239,0.0001521426748,0
17583,0.001504042419,0.0001521426748,0
17584,0.002840591827,0.0001521426748,0
17585,0.001022865414,0.0001521426748,0
17586,0.001019456075,0.0001521426748,0
17587,0.003120651003,0.0001521426748,0
17588,8.869237354e-05,0.0001521426748,0
17589,0.0009045517072,0.0001521426748,0
17590,0.001342811272,0.0001521426748,0
17591,0.0009929200169,0.0001521426748,0
17592,0.0004447876418,0.0001521426748,0
17593,0.001096946071,0.0001521426748,0
17594,0.0004206614685,0.0001521426748,0
17595,0.0001633267239,0.0001521426748,0
17596,0.002843486378,0.0001521426748,0
17597,0.0006459341384,0.0001521426748,0
17598,0.0001626463782,0.0001521426748,0
17599,0.0001859235344,0.0001525542466,0
17600,0.02167391218,0.0001525542466,1
17601,0.001704313443,0.0001525542466,0
17602,0.001295992523,0.0001525542466,0
17603,0.000876428734,0.0001525542466,0
17604,0.0003634927853,0.0001525542466,0
17605,0.0002297130559,0.0001525542466,0
17606,0.0006744983257,0.0001525542466,0
17607,0.0009845548775,0.0001525542466,0
17608,0.0004778699658,0.0001525542466,0
17609,0.0005702449707,0.0001525542466,0
17610,0.0003482724132,0.0001525542466,0
17611,0.001130527002,0.0001525542466,0
17612,0.004487610422,0.0001525542466,0
17613,0.01088550687,0.0001525542466,1
17614,0.004036167637,0.0001525542466,0
17615,0.0002504845324,0.0001525542466,0
17616,0.0009416774265,0.0001525542466,0
17617,0.000319139479,0.0001525542466,0
17618,0.0008371337899,0.0001525542466,0
17619,0.0003178483457,0.0001534093462,0
17620,0.001297530602,0.0001534093462,0
17621,0.005629139021,0.0001534093462,0
17622,0.0007439277251,0.0001534093462,0
17623,0.0003778860264,0.0001534093462,0
17624,0.002806325443,0.0001534093462,0
17625,0.00132975867,0.0001534093462,0
17626,0.007182601374,0.0001534093462,0
17627,0.001447564922,0.0001534093462,0
17628,0.001104486408,0.0001534093462,0
17629,0.001938998117,0.0001534093462,0
17630,0.0002951752103,0.0001534093462,0
17631,0.0008749723202,0.0001534093462,0
17632,0.0001244720188,0.0001534093462,0
17633,0.0003064100165,0.0001534093462,0
17634,0.0003852281952,0.0001534093462,0
17635,0.0003019459255,0.0001534093462,0
17636,0.0009133061976,0.0001534093462,0
17637,0.006102064624,0.0001534093462,0
17638,0.002440051176,0.0001534093462,0
17639,0.0007081181975,0.0001546399872,0
17640,0.0002878852538,0.0001546399872,0
17641,0.006019609049,0.0001546399872,0
17642,0.00175918336,0.0001546399872,0
17643,0.00111572817,0.0001546399872,0
17644,0.0005879457458,0.0001546399872,0
17645,0.002264670795,0.0001546399872,0
17646,0.001694557257,0.0001546399872,0
17647,0.005730449688,0.0001546399872,0
17648,0.002428048756,0.0001546399872,0
17649,0.0005248418893,0.0001546399872,0
17650,0.0009010540671,0.0001546399872,0
17651,0.0003809657646,0.0001546399872,0
17652,0.0005793978344,0.0001546399872,0
17653,0.0004672966606,0.0001546399872,0
17654,0.0002061236737,0.0001546399872,0
17655,0.00159594405,0.0001546399872,0
17656,0.004144117236,0.0001546399872,0
17657,0.001409321558,0.0001546399872,0
17658,0.00143143395,0.0001546399872,0
17659,0.003859935328,0.0001543840481,0
17660,0.001111237565,0.0001543840481,0
17661,0.005074150395,0.0001543840481,0
17662,0.0006947956863,0.0001543840481,0
17663,0.003973776475,0.0001543840481,0
17664,0.0007228556788,0.0001543840481,0
17665,0.004496092908,0.0001543840481,0
17666,0.01107694581,0.0001543840481,1
17667,0.0009080698946,0.0001543840481,0
17668,0.0006903545582,0.0001543840481,0
17669,0.004469319712,0.0001543840481,0
17670,0.003532538423,0.0001543840481,0
17671,0.01063489541,0.0001543840481,1
17672,0.0002577943378,0.0001543840481,0
17673,0.0004519836803,0.0001543840481,0
17674,0.001628202153,0.0001543840481,0
17675,0.0001016293172,0.0001543840481,0
17676,0.0002655616845,0.0001543840481,0
17677,0.001237682416,0.0001543840481,0
17678,0.001361464849,0.0001543840481,0
17679,0.0001308058854,0.000154373789,0
17680,0.0001633712382,0.000154373789,0
17681,0.0003994190192,0.000154373789,0
17682,0.001943607582,0.000154373789,0
17683,0.001032278989,0.000154373789,0
17684,0.002067800378,0.000154373789,0
17685,0.0003996314772,0.000154373789,0
17686,0.0002560632711,0.000154373789,0
17687,0.0006213240558,0.000154373789,0
17688,0.0001152987461,0.000154373789,0
17689,0.001083799871,0.000154373789,0
17690,0.0005472399062,0.000154373789,0
17691,0.0004667338217,0.000154373789,0
17692,0.005147008225,0.000154373789,0
17693,0.0009142906056,0.000154373789,0
17694,0.002465711907,0.000154373789,0
17695,0.0007252107607,0.000154373789,0
17696,0.0009153512074,0.000154373789,0
17697,0.001621245523,0.000154373789,0
17698,0.001662014052,0.000154373789,0
17699,0.000191401763,0.0001550294255,0
17700,0.0003436336119,0.0001550294255,0
17701,0.0006670843577,0.0001550294255,0
17702,0.00159902114,0.0001550294255,0
17703,0.0006116720033,0.0001550294255,0
17704,0.0002645604254,0.0001550294255,0
17705,0.002018078696,0.0001550294255,0
17706,0.0007276061806,0.0001550294255,0
17707,0.002197334077,0.0001550294255,0
17708,0.001534435316,0.0001550294255,0
17709,0.006170479115,0.0001550294255,0
17710,0.001291907975,0.0001550294255,0
17711,0.0003966320946,0.0001550294255,0
17712,0.0008933553472,0.0001550294255,0
17713,0.001148030511,0.0001550294255,0
17714,0.0004035065067,0.0001550294255,0
17715,0.0002339088096,0.0001550294255,0
17716,0.0006697509671,0.0001550294255,0
17717,0.001057950547,0.0001550294255,0
17718,0.003542093793,0.0001550294255,0
17719,0.0001952908351,0.0001559315133,0
17720,0.000196862602,0.0001559315133,0
17721,0.0009904433973,0.0001559315133,0
17722,0.000984511571,0.0001559315133,0
17723,0.00162488746,0.0001559315133,0
17724,0.00458633434,0.0001559315133,0
17725,0.0005905086873,0.0001559315133,0
17726,0.000571915647,0.0001559315133,0
17727,0.001607488375,0.0001559315133,0
17728,0.001681162976,0.0001559315133,0
17729,0.0003374347871,0.0001559315133,0
17730,0.0001640439732,0.0001559315133,0
17731,0.01564737782,0.0001559315133,1
17732,0.0007830547402,0.0001559315133,0
17733,0.0001894466113,0.0001559315133,0
17734,0.0002776168112,0.0001559315133,0
17735,0.001548734726,0.0001559315133,0
17736,0.0002686496882,0.0001559315133,0
17737,0.001277429867,0.0001559315133,0
17738,0.00600156514,0.0001559315133,0
17739,0.0006683071842,0.0001575315691,0
17740,0.001494510681,0.0001575315691,0
17741,0.0005388839636,0.0001575315691,0
17742,0.0006265041302,0.0001575315691,0
17743,0.001871472341,0.0001575315691,0
17744,0.0001461454231,0.0001575315691,0
17745,0.0005101053393,0.0001575315691,0
17746,0.0006973042618,0.0001575315691,0
17747,0.0004070831637,0.0001575315691,0
17748,0.0006656931364,0.0001575315691,0
17749,0.0007806410431,0.0001575315691,0
17750,0.0003529775422,0.0001575315691,0
17751,0.00254026358,0.0001575315691,0
17752,0.0005647632643,0.0001575315691,0
17753,0.0003378379333,0.0001575315691,0
17754,0.001039072173,0.0001575315691,0
17755,0.001586247934,0.0001575315691,0
17756,0.001271225628,0.0001575315691,0
17757,0.0002915624355,0.0001575315691,0
17758,0.0008007985307,0.0001575315691,0
17759,0.004106632899,0.0001584303245,0
17760,0.0003776710364,0.0001584303245,0
17761,0.000327264308,0.0001584303245,0
17762,0.0005240001483,0.0001584303245,0
17763,0.00694995001,0.0001584303245,0
17764,0.0007846514345,0.0001584303245,0
17765,0.0005777971237,0.0001584303245,0
17766,0.00225269259,0.0001584303245,0
17767,0.001227223896,0.0001584303245,0
17768,0.0007640443509,0.0001584303245,0
17769,0.0008868853911,0.0001584303245,0
17770,0.001246466534,0.0001584303245,0
17771,0.0007357606082,0.0001584303245,0
17772,0.0001750725933,0.0001584303245,0
17773,0.0004656011297,0.0001584303245,0
17774,0.001898976625,0.0001584303245,0
17775,0.002896228572,0.0001584303245,0
17776,0.0003879953583,0.0001584303245,0
17777,0.006903684698,0.0001584303245,0
17778,0.0005237398436,0.0001584303245,0
17779,0.0004224644217,0.0001594116038,0
17780,0.0004671672941,0.0001594116038,0
17781,0.000343071355,0.0001594116038,0
17782,0.0008322226349,0.0001594116038,0
17783,0.001954771811,0.0001594116038,0
17784,0.0009038270218,0.0001594116038,0
17785,0.001025757985,0.0001594116038,0
17786,0.008261553012,0.0001594116038,1
17787,0.001129184384,0.0001594116038,0
17788,0.001318376744,0.0001594116038,0
17789,0.000273647107,0.0001594116038,0
17790,0.003744225251,0.0001594116038,0
17791,0.0004504154786,0.0001594116038,0
17792,0.001585673192,0.0001594116038,0
17793,0.000835793966,0.0001594116038,0
17794,0.0008829784347,0.0001594116038,0
17795,0.004377464764,0.0001594116038,0
17796,0.001558939926,0.0001594116038,0
17797,0.0009409421473,0.0001594116038,0
17798,0.0003409359779,0.0001594116038,0
17799,0.0002114044619,0.0001605054131,0
17800,0.0007025584928,0.0001605054131,0
17801,0.001052937238,0.0001605054131,0
17802,0.0004929226125,0.0001605054131,0
17803,0.0009402474971,0.0001605054131,0
17804,0.0006541252369,0.0001605054131,0
17805,0.000223148556,0.0001605054131,0
17806,0.005439522676,0.0001605054131,0
17807,0.001682667178,0.0001605054131,0
17808,0.0004278291599,0.0001605054131,0
17809,0.0002771645959,0.0001605054131,0
17810,0.000204174532,0.0001605054131,0
17811,0.0009385875892,0.0001605054131,0
17812,0.0003509362286,0.0001605054131,0
17813,0.0007020512712,0.0001605054131,0
17814,0.0005383705138,0.0001605054131,0
17815,0.00256492733,0.0001605054131,0
17816,0.0006888771895,0.0001605054131,0
17817,0.002864649054,0.0001605054131,0
17818,0.0002166410559,0.0001605054131,0
17819,0.04089908302,0.0001612259803,1
17820,0.0007506622351,0.0001612259803,0
17821,0.008459035307,0.0001612259803,1
17822,0.0003996829619,0.0001612259803,0
17823,0.0004574314808,0.0001612259803,0
17824,0.003053447697,0.0001612259803,0
17825,0.001968773315,0.0001612259803,0
17826,0.002526773605,0.0001612259803,0
17827,0.0009289568989,0.0001612259803,0
17828,0.0006548934616,0.0001612259803,0
17829,0.001009135391,0.0001612259803,0
17830,0.0005503973807,0.0001612259803,0
17831,0.00293461699,0.0001612259803,0
17832,0.0001970819721,0.0001612259803,0
17833,0.0004463550868,0.0001612259803,0
17834,0.001568708685,0.0001612259803,0
17835,0.0002624177432,0.0001612259803,0
17836,0.002424328821,0.0001612259803,0
17837,0.0006953801494,0.0001612259803,0
17838,0.0004797245201,0.0001612259803,0
17839,0.001043322613,0.0001621944393,0
17840,0.0007600761601,0.0001621944393,0
17841,0.0004023894435,0.0001621944393,0
17842,0.0002836220665,0.0001621944393,0
17843,0.0002712364076,0.0001621944393,0
17844,0.003064369317,0.0001621944393,0
17845,0.0001322774187,0.0001621944393,0
17846,0.0002290294506,0.0001621944393,0
17847,0.0005298776086,0.0001621944393,0
17848,0.0007035052986,0.0001621944393,0
17849,0.001547911786,0.0001621944393,0
17850,0.0007402095362,0.0001621944393,0
17851,0.002708646469,0.0001621944393,0
17852,0.001829939196,0.0001621944393,0
17853,0.0005369696883,0.0001621944393,0
17854,0.00199676468,0.0001621944393,0
17855,0.0002383074316,0.0001621944393,0
17856,0.002912039636,0.0001621944393,0
17857,0.003821739228,0.0001621944393,0
17858,0.0002639724407,0.0001621944393,0
17859,0.0009695078479,0.0001617349626,0
17860,0.0002254675783,0.0001617349626,0
17861,0.002867632546,0.0001617349626,0
17862,0.000426995306,0.0001617349626,0
17863,0.0002879192762,0.0001617349626,0
17864,0.000849310949,0.0001617349626,0
17865,0.002091050381,0.0001617349626,0
17866,0.00115412171,0.0001617349626,0
17867,0.0007682540454,0.0001617349626,0
17868,0.002148685046,0.0001617349626,0
17869,0.000599949155,0.0001617349626,0
17870,0.002333972836,0.0001617349626,0
17871,0.0005885962746,0.0001617349626,0
17872,0.0002310955606,0.0001617349626,0
17873,0.002103981795,0.0001617349626,0
17874,0.0008473751368,0.0001617349626,0
17875,0.0008591393125,0.0001617349626,0
17876,0.0009435341344,0.0001617349626,0
17877,0.007123400923,0.0001617349626,0
17878,0.003926768433,0.0001617349626,0
17879,0.0004117696371,0.0001613797358,0
17880,0.001382880146,0.0001613797358,0
17881,0.001950020785,0.0001613797358,0
17882,0.0003361824201,0.0001613797358,0
17883,0.0002864797134,0.0001613797358,0
17884,0.005066376179,0.0001613797358,0
17885,0.0004078600614,0.0001613797358,0
17886,0.0005229304661,0.0001613797358,0
17887,0.0006008402561,0.0001613797358,0
17888,0.0005020953249,0.0001613797358,0
17889,0.0002858410298,0.0001613797358,0
17890,0.0002797889756,0.0001613797358,0
17891,0.0003540443431,0.0001613797358,0
17892,0.003588720458,0.0001613797358,0
17893,0.00127093622,0.0001613797358,0
17894,0.0003514068085,0.0001613797358,0
17895,0.0006406569737,0.0001613797358,0
17896,0.002302140696,0.0001613797358,0
17897,0.0006962845218,0.0001613797358,0
17898,0.000857255247,0.0001613797358,0
17899,0.02059477568,0.0001614939392,1
17900,0.0002274216531,0.0001614939392,0
17901,0.000667347922,0.0001614939392,0
17902,0.001758604078,0.0001614939392,0
17903,0.0003943374031,0.0001614939392,0
17904,0.001538183307,0.0001614939392,0
17905,0.003369571874,0.0001614939392,0
17906,0.001092445222,0.0001614939392,0
17907,0.0006588171236,0.0001614939392,0
17908,0.01495373994,0.0001614939392,1
17909,0.0003340977419,0.0001614939392,0
17910,0.0005102215218,0.0001614939392,0
17911,0.001068168785,0.0001614939392,0
17912,0.0003967559605,0.0001614939392,0
17913,0.00142348418,0.0001614939392,0
17914,0.002197684953,0.0001614939392,0
17915,0.0002240026952,0.0001614939392,0
17916,0.0005324945087,0.0001614939392,0
17917,0.003404111601,0.0001614939392,0
17918,0.0009035554249,0.0001614939392,0
17919,0.001875626156,0.0001620232506,0
17920,0.000697747455,0.0001620232506,0
17921,0.0003544295032,0.0001620232506,0
17922,0.0006723489496,0.0001620232506,0
17923,0.0005191009259,0.0001620232506,0
17924,0.001770835253,0.0001620232506,0
17925,0.000409785076,0.0001620232506,0
17926,0.0006922518951,0.0001620232506,0
17927,0.0003993375576,0.0001620232506,0
17928,0.000552341633,0.0001620232506,0
17929,0.005913929548,0.0001620232506,0
17930,0.0004442988138,0.0001620232506,0
17931,0.00099422317,0.0001620232506,0
17932,0.001269928063,0.0001620232506,0
17933,0.0009788885945,0.0001620232506,0
17934,0.0002595038968,0.0001620232506,0
17935,0.03074518964,0.0001620232506,1
17936,0.0009081354947,0.0001620232506,0
17937,0.008424235508,0.0001620232506,1
17938,0.0001573166664,0.0001620232506,0
17939,0.0004190139298,0.0001628217287,0
17940,0.0001818130695,0.0001628217287,0
17941,0.0006957041332,0.0001628217287,0
17942,0.001140763867,0.0001628217287,0
17943,0.001727244584,0.0001628217287,0
17944,0.003345309291,0.0001628217287,0
17945,0.0004936949699,0.0001628217287,0
17946,0.001860543387,0.0001628217287,0
17947,0.0005008759326,0.0001628217287,0
17948,0.0036432622,0.0001628217287,0
17949,0.001159569249,0.0001628217287,0
17950,0.002101960126,0.0001628217287,0
17951,0.0003017376293,0.0001628217287,0
17952,0.0003340223629,0.0001628217287,0
17953,0.0006582960486,0.0001628217287,0
17954,0.001068718615,0.0001628217287,0
17955,0.003551018192,0.0001628217287,0
17956,0.0002415519411,0.0001628217287,0
17957,0.0003279166704,0.0001628217287,0
17958,0.000581023749,0.0001628217287,0
17959,0.001362234005,0.0001625730656,0
17960,0.0003254872863,0.0001625730656,0
17961,0.001769111608,0.0001625730656,0
17962,0.0003169620468,0.0001625730656,0
17963,0.0004321775341,0.0001625730656,0
17964,0.0003234089527,0.0001625730656,0
17965,0.002190599684,0.0001625730656,0
17966,0.0106600849,0.0001625730656,1
17967,0.001001706347,0.0001625730656,0
17968,0.001428633463,0.0001625730656,0
17969,0.002407938708,0.0001625730656,0
17970,0.00193023833,0.0001625730656,0
17971,0.001675471314,0.0001625730656,0
17972,0.0004756504786,0.0001625730656,0
17973,0.0004632345808,0.0001625730656,0
17974,0.001342412783,0.0001625730656,0
17975,0.000591871154,0.0001625730656,0
17976,0.001168079209,0.0001625730656,0
17977,0.0005594769609,0.0001625730656,0
17978,0.001584596699,0.0001625730656,0
17979,0.00060375873,0.000162518365,0
17980,0.0008680402534,0.000162518365,0
17981,0.001048453734,0.000162518365,0
17982,0.002522581723,0.000162518365,0
17983,0.0001874376903,0.000162518365,0
17984,0.0005916598602,0.000162518365,0
17985,0.001875259564,0.000162518365,0
17986,0.0005214491393,0.000162518365,0
17987,0.003093922976,0.000162518365,0
17988,0.00109198736,0.000162518365,0
17989,0.001064083888,0.000162518365,0
17990,0.004418221302,0.000162518365,0
17991,0.0003800161649,0.000162518365,0
17992,0.001085949596,0.000162518365,0
17993,0.0006239080103,0.000162518365,0
17994,0.0005451691686,0.000162518365,0
17995,0.0004066236143,0.000162518365,0
17996,0.0005854837946,0.000162518365,0
17997,0.0007823579945,0.000162518365,0
17998,0.0007938063936,0.000162518365,0
17999,0.0008507780731,0.000163648554,0
18000,0.0008944146684,0.000163648554,0
18001,0.001043929835,0.000163648554,0
18002,0.01711161248,0.000163648554,1
18003,0.00188076857,0.000163648554,0
18004,0.0006111860857,0.000163648554,0
18005,0.0006629949203,0.000163648554,0
18006,0.00191335089,0.000163648554,0
18007,0.001868666033,0.000163648554,0
18008,0.00459293602,0.000163648554,0
18009,0.001716322848,0.000163648554,0
18010,0.0003639037895,0.000163648554,0
18011,0.001793013071,0.000163648554,0
18012,0.0007588980952,0.000163648554,0
18013,0.0009913647082,0.000163648554,0
18014,0.0002195216075,0.000163648554,0
18015,0.001906718477,0.000163648554,0
18016,0.0008859586669,0.000163648554,0
18017,0.0003308516461,0.000163648554,0
18018,0.001097301021,0.000163648554,0
18019,0.0004500330833,0.0001641395065,0
18020,0.0005182668683,0.0001641395065,0
18021,0.0005379760405,0.0001641395065,0
18022,0.0002784645476,0.0001641395065,0
18023,0.002429798711,0.0001641395065,0
18024,0.0008274051943,0.0001641395065,0
18025,0.0003853921371,0.0001641395065,0
18026,0.0009561848128,0.0001641395065,0
18027,0.0001953419414,0.0001641395065,0
18028,0.0003834598465,0.0001641395065,0
18029,0.000388485787,0.0001641395065,0
18030,0.002067088149,0.0001641395065,0
18031,0.001044259989,0.0001641395065,0
18032,0.0002957838296,0.0001641395065,0
18033,0.0006338596577,0.0001641395065,0
18034,0.001832478214,0.0001641395065,0
18035,0.006096370518,0.0001641395065,0
18036,0.002929485869,0.0001641395065,0
18037,0.000921203522,0.0001641395065,0
18038,0.0008941784617,0.0001641395065,0
18039,0.001782863983,0.0001651794737,0
18040,0.0002905126021,0.0001651794737,0
18041,0.0003443495661,0.0001651794737,0
18042,0.001023181831,0.0001651794737,0
18043,0.0003933874541,0.0001651794737,0
18044,0.0003531580733,0.0001651794737,0
18045,0.0112276189,0.0001651794737,1
18046,0.0007901296485,0.0001651794737,0
18047,0.0003031614469,0.0001651794737,0
18048,0.0007299921708,0.0001651794737,0
18049,0.0003973792773,0.0001651794737,0
18050,0.001272365684,0.0001651794737,0
18051,0.0004345347406,0.0001651794737,0
18052,0.0004810715036,0.0001651794737,0
18053,0.001117706764,0.0001651794737,0
18054,0.0004609004827,0.0001651794737,0
18055,0.002431466244,0.0001651794737,0
18056,0.0003730890458,0.0001651794737,0
18057,0.002508052392,0.0001651794737,0
18058,0.00128625147,0.0001651794737,0
18059,0.001419925364,0.0001659819536,0
18060,0.0004350597155,0.0001659819536,0
18061,0.0009442698793,0.0001659819536,0
18062,0.0002878968371,0.0001659819536,0
18063,0.00229458604,0.0001659819536,0
18064,0.0007623184356,0.0001659819536,0
18065,0.0007497634506,0.0001659819536,0
18066,0.001284695114,0.0001659819536,0
18067,0.0006212521112,0.0001659819536,0
18068,0.0005083294236,0.0001659819536,0
18069,0.0001338366274,0.0001659819536,0
18070,0.01229668222,0.0001659819536,1
18071,0.0003840925347,0.0001659819536,0
18072,0.002906525973,0.0001659819536,0
18073,0.0003102181945,0.0001659819536,0
18074,0.002970771631,0.0001659819536,0
18075,0.0007626777515,0.0001659819536,0
18076,0.0002561730798,0.0001659819536,0
18077,0.002800939837,0.0001659819536,0
18078,0.0006717412616,0.0001659819536,0
18079,0.0008385074907,0.0001658584079,0
18080,0.001418575528,0.0001658584079,0
18081,0.002603831235,0.0001658584079,0
18082,0.0008119030972,0.0001658584079,0
18083,0.002134575509,0.0001658584079,0
18084,0.002132667927,0.0001658584079,0
18085,0.001412100275,0.0001658584079,0
18086,0.0002414483315,0.0001658584079,0
18087,0.0001270617504,0.0001658584079,0
18088,0.001400375506,0.0001658584079,0
18089,0.0002470221079,0.0001658584079,0
18090,0.003055730136,0.0001658584079,0
18091,0.000640843471,0.0001658584079,0
18092,0.001210058108,0.0001658584079,0
18093,0.002479925752,0.0001658584079,0
18094,0.0005517919781,0.0001658584079,0
18095,0.006137547083,0.0001658584079,0
18096,0.001615477377,0.0001658584079,0
18097,0.0002666079672,0.0001658584079,0
18098,0.0009367664461,0.0001658584079,0
18099,0.0002713283757,0.0001661852002,0
18100,0.008811681531,0.0001661852002,1
18101,0.0031925363,0.0001661852002,0
18102,0.01092129759,0.0001661852002,1
18103,0.002683416242,0.0001661852002,0
18104,0.0005770596326,0.0001661852002,0
18105,0.0004787877842,0.0001661852002,0
18106,0.0003242015955,0.0001661852002,0
18107,0.007058996707,0.0001661852002,0
18108,0.0007495136815,0.0001661852002,0
18109,0.001116204192,0.0001661852002,0
18110,0.0002675599244,0.0001661852002,0
18111,0.001427395619,0.0001661852002,0
18112,0.0006572660059,0.0001661852002,0
18113,0.0004274678358,0.0001661852002,0
18114,0.000604036788,0.0001661852002,0
18115,0.0001677243708,0.0001661852002,0
18116,0.0005287906388,0.0001661852002,0
18117,0.0005555899115,0.0001661852002,0
18118,0.0005702353083,0.0001661852002,0
18119,0.001030987361,0.0001671296777,0
18120,0.005379218608,0.0001671296777,0
18121,0.00187505316,0.0001671296777,0
18122,0.004522343166,0.0001671296777,0
18123,0.0003552911803,0.0001671296777,0
18124,0.0005031535984,0.0001671296777,0
18125,0.0004963692627,0.0001671296777,0
18126,0.0001309404179,0.0001671296777,0
18127,0.0003735242353,0.0001671296777,0
18128,0.001826733118,0.0001671296777,0
18129,0.001786916167,0.0001671296777,0
18130,0.003342650365,0.0001671296777,0
18131,0.0009268964641,0.0001671296777,0
18132,0.0002869057644,0.0001671296777,0
18133,0.003981939517,0.0001671296777,0
18134,0.001124727656,0.0001671296777,0
18135,0.0009750581812,0.0001671296777,0
18136,0.0003585848899,0.0001671296777,0
18137,0.0001454853482,0.0001671296777,0
18138,0.001423125039,0.0001671296777,0
18139,0.0004111776361,0.0001674346568,0
18140,0.002492701169,0.0001674346568,0
18141,0.001722456538,0.0001674346568,0
18142,0.003523943247,0.0001674346568,0
18143,0.0005486971932,0.0001674346568,0
18144,0.0004283503222,0.0001674346568,0
18145,0.001026099431,0.0001674346568,0
18146,0.001535131596,0.0001674346568,0
18147,0.001878661336,0.0001674346568,0
18148,0.0002762824297,0.0001674346568,0
18149,0.003607524093,0.0001674346568,0
18150,0.0002844405244,0.0001674346568,0
18151,0.0007423078641,0.0001674346568,0
18152,0.0003998594766,0.0001674346568,0
18153,0.001354739652,0.0001674346568,0
18154,0.001132342848,0.0001674346568,0
18155,0.00373528502,0.0001674346568,0
18156,0.003414442996,0.0001674346568,0
18157,0.0009747470031,0.0001674346568,0
18158,0.000233559651,0.0001674346568,0
18159,0.001588607556,0.0001687183976,0
18160,0.0005427189171,0.0001687183976,0
18161,0.0006007865886,0.0001687183976,0
18162,0.0004928567214,0.0001687183976,0
18163,0.0006244058604,0.0001687183976,0
18164,0.0003919628507,0.0001687183976,0
18165,0.0008725104271,0.0001687183976,0
18166,0.0006688064896,0.0001687183976,0
18167,0.0002403750113,0.0001687183976,0
18168,0.0006953507545,0.0001687183976,0
18169,0.001463135821,0.0001687183976,0
18170,0.0007656119997,0.0001687183976,0
18171,0.0003764925641,0.0001687183976,0
18172,0.0005480663967,0.0001687183976,0
18173,0.001142778085,0.0001687183976,0
18174,0.0004865064984,0.0001687183976,0
18175,0.0008751357091,0.0001687183976,0
18176,0.0003270866873,0.0001687183976,0
18177,0.0003569118853,0.0001687183976,0
18178,0.0001255786483,0.0001687183976,0
18179,0.000204195836,0.0001686927426,0
18180,0.001514548901,0.0001686927426,0
18181,0.0004104544059,0.0001686927426,0
18182,0.001565171871,0.0001686927426,0
18183,0.0003005974286,0.0001686927426,0
18184,0.001333688735,0.0001686927426,0
18185,0.0007187069859,0.0001686927426,0
18186,0.005404360592,0.0001686927426,0
18187,0.005928605329,0.0001686927426,0
18188,9.777544619e-05,0.0001686927426,0
18189,0.001357967965,0.0001686927426,0
18190,0.001246628119,0.0001686927426,0
18191,0.00115838286,0.0001686927426,0
18192,0.001376402564,0.0001686927426,0
18193,0.001061848016,0.0001686927426,0
18194,0.001330077765,0.0001686927426,0
18195,0.0004032832803,0.0001686927426,0
18196,0.0002809053694,0.0001686927426,0
18197,0.00056708802,0.0001686927426,0
18198,0.0003144232905,0.0001686927426,0
18199,0.0007129567093,0.0001686465112,0
18200,0.0007691464853,0.0001686465112,0
18201,0.001597650931,0.0001686465112,0
18202,0.0009687984129,0.0001686465112,0
18203,0.0002251664409,0.0001686465112,0
18204,0.0006707600551,0.0001686465112,0
18205,0.0003085396602,0.0001686465112,0
18206,0.0007494968595,0.0001686465112,0
18207,0.0007333930116,0.0001686465112,0
18208,0.001746809226,0.0001686465112,0
18209,0.002229452366,0.0001686465112,0
18210,0.0007376621943,0.0001686465112,0
18211,0.0004557874345,0.0001686465112,0
18212,0.001501392806,0.0001686465112,0
18213,0.001780624385,0.0001686465112,0
18214,0.0005276516895,0.0001686465112,0
18215,0.0005130989011,0.0001686465112,0
18216,0.001023106161,0.0001686465112,0
18217,0.002122780075,0.0001686465112,0
18218,0.001804513624,0.0001686465112,0
18219,0.0006566687371,0.0001699101995,0
18220,0.001310805907,0.0001699101995,0
18221,0.0003457105486,0.0001699101995,0
18222,0.0007672001375,0.0001699101995,0
18223,0.001439191168,0.0001699101995,0
18224,0.0008522791322,0.0001699101995,0
18225,0.0002221596515,0.0001699101995,0
18226,0.003043367295,0.0001699101995,0
18227,0.002929160371,0.0001699101995,0
18228,0.002533166436,0.0001699101995,0
18229,0.001414899598,0.0001699101995,0
18230,0.0009001172148,0.0001699101995,0
18231,0.002098751254,0.0001699101995,0
18232,0.002910341369,0.0001699101995,0
18233,0.003973803949,0.0001699101995,0
18234,0.002245947951,0.0001699101995,0
18235,0.001319165574,0.0001699101995,0
18236,0.0002721772471,0.0001699101995,0
18237,0.0005127732293,0.0001699101995,0
18238,0.00126679719,0.0001699101995,0
18239,0.001114598592,0.0001702854497,0
18240,0.00690081669,0.0001702854497,0
18241,0.0004869578115,0.0001702854497,0
18242,0.0008248680388,0.0001702854497,0
18243,0.0008751700516,0.0001702854497,0
18244,0.000226868724,0.0001702854497,0
18245,0.0004120359663,0.0001702854497,0
18246,0.001354653854,0.0001702854497,0
18247,0.0007533272146,0.0001702854497,0
18248,0.002146385144,0.0001702854497,0
18249,0.0007595884381,0.0001702854497,0
18250,0.0006644463283,0.0001702854497,0
18251,0.002815770218,0.0001702854497,0
18252,0.0009429770289,0.0001702854497,0
18253,0.00129849778,0.0001702854497,0
18254,0.00317630684,0.0001702854497,0
18255,0.000965826679,0.0001702854497,0
18256,0.0008422765532,0.0001702854497,0
18257,0.02290211432,0.0001702854497,1
18258,0.006245880853,0.0001702854497,0
18259,0.001025920152,0.0001714831742,0
18260,0.007011966314,0.0001714831742,0
18261,0.0004312917299,0.0001714831742,0
18262,0.0006998001481,0.0001714831742,0
18263,0.0007264816086,0.0001714831742,0
18264,0.0003778210084,0.0001714831742,0
18265,0.0005551400827,0.0001714831742,0
18266,0.004061053973,0.0001714831742,0
18267,0.0005292398273,0.0001714831742,0
18268,0.0003073766711,0.0001714831742,0
18269,0.0005702190101,0.0001714831742,0
18270,0.0004493762972,0.0001714831742,0
18271,0.0006126156077,0.0001714831742,0
18272,0.0001568066509,0.0001714831742,0
18273,0.01407187525,0.0001714831742,1
18274,0.0005445661373,0.0001714831742,0
18275,0.01302579138,0.0001714831742,1
18276,0.0006442485028,0.0001714831742,0
18277,0.0013065167,0.0001714831742,0
18278,0.0009318862576,0.0001714831742,0
18279,0.001873661648,0.0001720195287,0
18280,0.003145126626,0.0001720195287,0
18281,0.00533078704,0.0001720195287,0
18282,0.001852114918,0.0001720195287,0
18283,0.0003398504632,0.0001720195287,0
18284,0.0007326563355,0.0001720195287,0
18285,0.0004067391565,0.0001720195287,0
18286,0.0005118817207,0.0001720195287,0
18287,0.00114554388,0.0001720195287,0
18288,0.002616889076,0.0001720195287,0
18289,0.001413116697,0.0001720195287,0
18290,0.0005996523541,0.0001720195287,0
18291,0.0005122764851,0.0001720195287,0
18292,0.001578324591,0.0001720195287,0
18293,0.001381162554,0.0001720195287,0
18294,0.0006806474412,0.0001720195287,0
18295,0.004752004053,0.0001720195287,0
18296,0.0003901669988,0.0001720195287,0
18297,0.0003664353571,0.0001720195287,0
18298,0.002034167992,0.0001720195287,0
18299,0.000260564615,0.0001728628558,0
18300,0.004056769423,0.0001728628558,0
18301,0.00135749625,0.0001728628558,0
18302,0.0004823006166,0.0001728628558,0
18303,0.001525400323,0.0001728628558,0
18304,0.001255957992,0.0001728628558,0
18305,0.004322265275,0.0001728628558,0
18306,0.01436781511,0.0001728628558,1
18307,0.0007722270093,0.0001728628558,0
18308,0.001293183886,0.0001728628558,0
18309,0.000283601461,0.0001728628558,0
18310,0.0007662252174,0.0001728628558,0
18311,0.0010170436,0.0001728628558,0
18312,0.0003448814387,0.0001728628558,0
18313,0.001712344703,0.0001728628558,0
18314,0.00348326005,0.0001728628558,0
18315,0.002754576737,0.0001728628558,0
18316,0.0009318422526,0.0001728628558,0
18317,0.0008115926757,0.0001728628558,0
18318,0.0002573078382,0.0001728628558,0
18319,0.0004558349319,0.0001728481875,0
18320,0.0004532525491,0.0001728481875,0
18321,0.0016208163,0.0001728481875,0
18322,0.001318287104,0.0001728481875,0
18323,0.002457179129,0.0001728481875,0
18324,0.0005793067394,0.0001728481875,0
18325,0.0003305545833,0.0001728481875,0
18326,0.002020529937,0.0001728481875,0
18327,0.0002013853227,0.0001728481875,0
18328,0.0005785541143,0.0001728481875,0
18329,0.0007014744915,0.0001728481875,0
18330,0.0009820965352,0.0001728481875,0
18331,0.002488597529,0.0001728481875,0
18332,0.002472495893,0.0001728481875,0
18333,0.0005446271389,0.0001728481875,0
18334,0.0007395464345,0.0001728481875,0
18335,0.0006201089709,0.0001728481875,0
18336,0.002026507631,0.0001728481875,0
18337,0.0006814554799,0.0001728481875,0
18338,0.000806580123,0.0001728481875,0
18339,0.002257306129,0.0001731036464,0
18340,0.0006103608757,0.0001731036464,0
18341,0.002934511518,0.0001731036464,0
18342,0.0008203127654,0.0001731036464,0
18343,0.0006571881822,0.0001731036464,0
18344,0.0005187807838,0.0001731036464,0
18345,0.0002335385507,0.0001731036464,0
18346,0.0006013440434,0.0001731036464,0
18347,0.005949280225,0.0001731036464,0
18348,0.001240000594,0.0001731036464,0
18349,0.0007867264794,0.0001731036464,0
18350,0.0003972852719,0.0001731036464,0
18351,0.000789900776,0.0001731036464,0
18352,0.0007752521778,0.0001731036464,0
18353,0.0006626389804,0.0001731036464,0
18354,0.0008426366257,0.0001731036464,0
18355,0.0005175305414,0.0001731036464,0
18356,0.000541853602,0.0001731036464,0
18357,0.0002992546943,0.0001731036464,0
18358,0.001671387581,0.0001731036464,0
18359,0.0005289922701,0.000173752007,0
18360,0.0008029807359,0.000173752007,0
18361,0.0001250319474,0.000173752007,0
18362,0.003393514315,0.000173752007,0
18363,0.003441599663,0.000173752007,0
18364,0.001215942786,0.000173752007,0
18365,0.001237444347,0.000173752007,0
18366,0.001107606571,0.000173752007,0
18367,0.0005180877633,0.000173752007,0
18368,0.0003782998538,0.000173752007,0
18369,0.001573824091,0.000173752007,0
18370,0.0004197314265,0.000173752007,0
18371,0.002732913708,0.000173752007,0
18372,0.0001580491517,0.000173752007,0
18373,0.001042743097,0.000173752007,0
18374,0.002077661455,0.000173752007,0
18375,0.004964833613,0.000173752007,0
18376,0.0002712534624,0.000173752007,0
18377,0.001461560023,0.000173752007,0
18378,0.0005897959345,0.000173752007,0
18379,0.000798777095,0.0001738355204,0
18380,0.0005730975536,0.0001738355204,0
18381,0.001436017919,0.0001738355204,0
18382,0.002789763035,0.0001738355204,0
18383,0.003269539215,0.0001738355204,0
18384,0.0002002521651,0.0001738355204,0
18385,0.0009265666013,0.0001738355204,0
18386,0.0010831455,0.0001738355204,0
18387,0.001150139025,0.0001738355204,0
18388,0.0003250509908,0.0001738355204,0
18389,0.000653547293,0.0001738355204,0
18390,0.0005151549703,0.0001738355204,0
18391,0.00192815694,0.0001738355204,0
18392,0.0007710100617,0.0001738355204,0
18393,0.0006431646179,0.0001738355204,0
18394,0.002423846396,0.0001738355204,0
18395,0.002127789194,0.0001738355204,0
18396,0.0001039029594,0.0001738355204,0
18397,0.0003325394646,0.0001738355204,0
18398,0.004769280553,0.0001738355204,0
18399,0.001907486236,0.0001744678884,0
18400,0.001902344637,0.0001744678884,0
18401,0.0009745332063,0.0001744678884,0
18402,0.0005914344219,0.0001744678884,0
18403,0.0003280817182,0.0001744678884,0
18404,0.0005556730903,0.0001744678884,0
18405,0.0003227444831,0.0001744678884,0
18406,0.0001757989521,0.0001744678884,0
18407,0.007468793076,0.0001744678884,1
18408,0.0009772763588,0.0001744678884,0
18409,0.000439180847,0.0001744678884,0
18410,0.001673503197,0.0001744678884,0
18411,0.0004801542091,0.0001744678884,0
18412,0.001228069537,0.0001744678884,0
18413,0.001076426473,0.0001744678884,0
18414,0.001488062553,0.0001744678884,0
18415,0.0002580852888,0.0001744678884,0
18416,0.001446258277,0.0001744678884,0
18417,0.001529315836,0.0001744678884,0
18418,0.0006645151298,0.0001744678884,0
18419,0.0004365649074,0.0001745463815,0
18420,0.001319876872,0.0001745463815,0
18421,0.0005195363774,0.0001745463815,0
18422,0.0008145049214,0.0001745463815,0
18423,0.002873808844,0.0001745463815,0
18424,0.0002210238454,0.0001745463815,0
18425,0.0003134914441,0.0001745463815,0
18426,0.003479890991,0.0001745463815,0
18427,0.001844514627,0.0001745463815,0
18428,0.0002374668256,0.0001745463815,0
18429,0.001181143802,0.0001745463815,0
18430,0.0008925761795,0.0001745463815,0
18431,0.002172011649,0.0001745463815,0
18432,0.0006277873181,0.0001745463815,0
18433,0.004677369725,0.0001745463815,0
18434,0.008023192175,0.0001745463815,1
18435,0.001152722281,0.0001745463815,0
18436,0.0004551198508,0.0001745463815,0
18437,0.001291521708,0.0001745463815,0
18438,0.0007609142922,0.0001745463815,0
18439,0.002060511615,0.000175742578,0
18440,0.0006059575826,0.000175742578,0
18441,0.001007342245,0.000175742578,0
18442,0.001078173867,0.000175742578,0
18443,0.000348008296,0.000175742578,0
18444,0.0006892276579,0.000175742578,0
18445,0.001036318601,0.000175742578,0
18446,0.0006829883787,0.000175742578,0
18447,0.002724742517,0.000175742578,0
18448,0.0005215408164,0.000175742578,0
18449,0.0003756289079,0.000175742578,0
18450,0.001325971098,0.000175742578,0
18451,0.0008076213999,0.000175742578,0
18452,0.0005671700346,0.000175742578,0
18453,0.0003774065117,0.000175742578,0
18454,0.00088214071,0.000175742578,0
18455,0.00240301271,0.000175742578,0
18456,0.0009353851783,0.000175742578,0
18457,0.001357184723,0.000175742578,0
18458,0.0004440527409,0.000175742578,0
18459,0.0001586890867,0.0001762912143,0
18460,0.001474307035,0.0001762912143,0
18461,0.0007336810813,0.0001762912143,0
18462,0.0009128992097,0.0001762912143,0
18463,0.0003396420507,0.0001762912143,0
18464,0.0006340494729,0.0001762912143,0
18465,0.001517926459,0.0001762912143,0
18466,0.001870102831,0.0001762912143,0
18467,0.001770601026,0.0001762912143,0
18468,0.001019622548,0.0001762912143,0
18469,0.0003124457435,0.0001762912143,0
18470,0.0007476636674,0.0001762912143,0
18471,0.002100220416,0.0001762912143,0
18472,0.000206759345,0.0001762912143,0
18473,0.003074683715,0.0001762912143,0
18474,0.003773886012,0.0001762912143,0
18475,9.551451512e-05,0.0001762912143,0
18476,0.0009632892907,0.0001762912143,0
18477,0.001557393232,0.0001762912143,0
18478,0.003684516298,0.0001762912143,0
18479,0.0005235634162,0.0001767592476,0
18480,0.001027180348,0.0001767592476,0
18481,0.0003183102235,0.0001767592476,0
18482,0.001183057437,0.0001767592476,0
18483,0.0001277761476,0.0001767592476,0
18484,0.0003131594858,0.0001767592476,0
18485,0.001158352126,0.0001767592476,0
18486,0.001513733529,0.0001767592476,0
18487,0.0002135810937,0.0001767592476,0
18488,0.000372983719,0.0001767592476,0
18489,0.0003134846629,0.0001767592476,0
18490,0.0005206355709,0.0001767592476,0
18491,0.001271741465,0.0001767592476,0
18492,0.005407612305,0.0001767592476,0
18493,0.002355243079,0.0001767592476,0
18494,0.001721145352,0.0001767592476,0
18495,0.0005554659874,0.0001767592476,0
18496,0.00812127348,0.0001767592476,1
18497,0.001105965348,0.0001767592476,0
18498,0.0001886881801,0.0001767592476,0
18499,0.002253249288,0.0001778361329,0
18500,0.0005161534064,0.0001778361329,0
18501,0.0001907177793,0.0001778361329,0
18502,0.0002336160833,0.0001778361329,0
18503,0.0006531651597,0.0001778361329,0
18504,0.003784463974,0.0001778361329,0
18505,0.001443915535,0.0001778361329,0
18506,0.000767527963,0.0001778361329,0
18507,0.002682829741,0.0001778361329,0
18508,0.001188516617,0.0001778361329,0
18509,0.002982913051,0.0001778361329,0
18510,0.001112844213,0.0001778361329,0
18511,0.001128408825,0.0001778361329,0
18512,0.0003369721817,0.0001778361329,0
18513,0.001297092764,0.0001778361329,0
18514,0.0003402534348,0.0001778361329,0
18515,0.0003070780949,0.0001778361329,0
18516,0.001086341566,0.0001778361329,0
18517,0.003091922961,0.0001778361329,0
18518,0.000174318775,0.0001778361329,0
18519,0.0002723597572,0.00017774757,0
18520,0.0005560372956,0.00017774757,0
18521,0.0006009518984,0.00017774757,0
18522,0.0009633083246,0.00017774757,0
18523,0.0003478269791,0.00017774757,0
18524,0.001207228284,0.00017774757,0
18525,0.003265705192,0.00017774757,0
18526,0.0009595202864,0.00017774757,0
18527,0.001624105149,0.00017774757,0
18528,0.002794268308,0.00017774757,0
18529,0.0008969345363,0.00017774757,0
18530,0.0007474567974,0.00017774757,0
18531,0.0006776321097,0.00017774757,0
18532,0.001839244156,0.00017774757,0
18533,0.0004244901356,0.00017774757,0
18534,0.0009004245512,0.00017774757,0
18535,0.001574974391,0.00017774757,0
18536,0.001714607002,0.00017774757,0
18537,0.000887431961,0.00017774757,0
18538,0.001361795701,0.00017774757,0
18539,0.0005363952368,0.0001787488727,0
18540,0.001182258246,0.0001787488727,0
18541,0.001523519401,0.0001787488727,0
18542,0.0003912860993,0.0001787488727,0
18543,0.001127936062,0.0001787488727,0
18544,0.000613099779,0.0001787488727,0
18545,0.0004668912734,0.0001787488727,0
18546,0.0002875851933,0.0001787488727,0
18547,0.0009474433027,0.0001787488727,0
18548,0.004619955551,0.0001787488727,0
18549,0.0002798433416,0.0001787488727,0
18550,0.002538604662,0.0001787488727,0
18551,0.001216332428,0.0001787488727,0
18552,0.0009887767956,0.0001787488727,0
18553,0.000581115135,0.0001787488727,0
18554,0.0002125928295,0.0001787488727,0
18555,0.0005084769218,0.0001787488727,0
18556,0.001810056856,0.0001787488727,0
18557,0.0006707245484,0.0001787488727,0
18558,0.0004702663282,0.0001787488727,0
18559,0.002448291052,0.0001787826623,0
18560,0.0007357561844,0.0001787826623,0
18561,0.0002203069889,0.0001787826623,0
18562,0.0006991994451,0.0001787826623,0
18563,0.001654798631,0.0001787826623,0
18564,0.0005753864534,0.0001787826623,0
18565,0.002565697301,0.0001787826623,0
18566,0.0004279075947,0.0001787826623,0
18567,0.0004545917036,0.0001787826623,0
18568,0.001025443897,0.0001787826623,0
18569,0.002934367396,0.0001787826623,0
18570,0.0006021194858,0.0001787826623,0
18571,0.002157027135,0.0001787826623,0
18572,0.0007944005774,0.0001787826623,0
18573,0.0009449626668,0.0001787826623,0
18574,0.001621830044,0.0001787826623,0
18575,0.0005798546481,0.0001787826623,0
18576,0.0003812482755,0.0001787826623,0
18577,0.001015194808,0.0001787826623,0
18578,0.001349291997,0.0001787826623,0
18579,0.003088847734,0.000179556635,0
18580,0.001530875335,0.000179556635,0
18581,0.000140763339,0.000179556635,0
18582,0.001911442727,0.000179556635,0
18583,0.0007110454026,0.000179556635,0
18584,0.0003201623331,0.000179556635,0
18585,0.001515499433,0.000179556635,0
18586,0.00126261171,0.000179556635,0
18587,0.000576371327,0.000179556635,0
18588,0.0009694542969,0.000179556635,0
18589,0.00273546786,0.000179556635,0
18590,0.001348271384,0.000179556635,0
18591,0.0005094947992,0.000179556635,0
18592,0.001853173831,0.000179556635,0
18593,0.0002262707276,0.000179556635,0
18594,0.001154444297,0.000179556635,0
18595,0.00157244294,0.000179556635,0
18596,0.0002643748303,0.000179556635,0
18597,0.000670039095,0.000179556635,0
18598,0.0002787451667,0.000179556635,0
18599,0.0005942649441,0.0001799331949,0
18600,0.001982474001,0.0001799331949,0
18601,0.0005699292524,0.0001799331949,0
18602,0.0002767479746,0.0001799331949,0
18603,0.002458324889,0.0001799331949,0
18604,0.001394555555,0.0001799331949,0
18605,0.0009109539678,0.0001799331949,0
18606,0.001101682428,0.0001799331949,0
18607,0.0004784317862,0.0001799331949,0
18608,0.0005601017619,0.0001799331949,0
18609,0.0009579373291,0.0001799331949,0
18610,0.002687627682,0.0001799331949,0
18611,0.0288317427,0.0001799331949,1
18612,0.0005729254917,0.0001799331949,0
18613,0.0004903193912,0.0001799331949,0
18614,0.0003339202376,0.0001799331949,0
18615,0.0005623245961,0.0001799331949,0
18616,0.002153549111,0.0001799331949,0
18617,0.0002601675224,0.0001799331949,0
18618,0.00173090212,0.0001799331949,0
18619,0.001303714351,0.0001802483457,0
18620,0.001205051667,0.0001802483457,0
18621,0.001041320153,0.0001802483457,0
18622,0.000738722214,0.0001802483457,0
18623,0.0009794827783,0.0001802483457,0
18624,0.0002311420976,0.0001802483457,0
18625,0.002709450899,0.0001802483457,0
18626,0.000905290537,0.0001802483457,0
18627,0.001083266106,0.0001802483457,0
18628,0.0004774665867,0.0001802483457,0
18629,0.000175614623,0.0001802483457,0
18630,0.0007414381253,0.0001802483457,0
18631,0.000489004713,0.0001802483457,0
18632,0.0005521553685,0.0001802483457,0
18633,0.00131836033,0.0001802483457,0
18634,0.0007141923998,0.0001802483457,0
18635,0.00110146217,0.0001802483457,0
18636,0.0007485704846,0.0001802483457,0
18637,0.0009157769964,0.0001802483457,0
18638,0.0003043599718,0.0001802483457,0
18639,0.0004712221853,0.0001804291824,0
18640,0.001324642799,0.0001804291824,0
18641,0.001632210915,0.0001804291824,0
18642,0.0007143187104,0.0001804291824,0
18643,0.004330171272,0.0001804291824,0
18644,0.0003972595441,0.0001804291824,0
18645,0.000547832693,0.0001804291824,0
18646,0.0006095389253,0.0001804291824,0
18647,0.0007690992206,0.0001804291824,0
18648,0.0009856303222,0.0001804291824,0
18649,0.001495568431,0.0001804291824,0
18650,0.001692095888,0.0001804291824,0
18651,0.0005200397572,0.0001804291824,0
18652,0.001114759012,0.0001804291824,0
18653,0.0005440763198,0.0001804291824,0
18654,0.002029360505,0.0001804291824,0
18655,0.001123163151,0.0001804291824,0
18656,0.0003846293839,0.0001804291824,0
18657,0.0002295584127,0.0001804291824,0
18658,0.0005997414701,0.0001804291824,0
18659,0.0004515323089,0.000180501971,0
18660,0.0003320105316,0.000180501971,0
18661,0.001939282287,0.000180501971,0
18662,0.003999698441,0.000180501971,0
18663,0.0003788371396,0.000180501971,0
18664,0.0004097256169,0.000180501971,0
18665,0.000418283511,0.000180501971,0
18666,0.001472815988,0.000180501971,0
18667,0.0003991883132,0.000180501971,0
18668,0.0005108918995,0.000180501971,0
18669,0.001997345826,0.000180501971,0
18670,0.001276382594,0.000180501971,0
18671,0.0001505736582,0.000180501971,0
18672,0.001147384522,0.000180501971,0
18673,0.0005266742082,0.000180501971,0
18674,0.0001311321394,0.000180501971,0
18675,0.00116171292,0.000180501971,0
18676,0.0004235515662,0.000180501971,0
18677,0.0003526511719,0.000180501971,0
18678,0.001307595754,0.000180501971,0
18679,0.0007360658492,0.0001807419903,0
18680,0.0007437056629,0.0001807419903,0
18681,0.001252897666,0.0001807419903,0
18682,0.001049629762,0.0001807419903,0
18683,0.000625586079,0.0001807419903,0
18684,0.0005497565726,0.0001807419903,0
18685,0.002360336017,0.0001807419903,0
18686,0.0001139494925,0.0001807419903,0
18687,0.0008804380777,0.0001807419903,0
18688,0.002902379492,0.0001807419903,0
18689,0.0005763576482,0.0001807419903,0
18690,0.000632021809,0.0001807419903,0
18691,0.001294059679,0.0001807419903,0
18692,0.0008982189465,0.0001807419903,0
18693,0.0007983542746,0.0001807419903,0
18694,0.002500207862,0.0001807419903,0
18695,0.0004357808793,0.0001807419903,0
18696,0.0005080053234,0.0001807419903,0
18697,0.003335471032,0.0001807419903,0
18698,0.0003568171815,0.0001807419903,0
18699,0.0005459387903,0.0001803944906,0
18700,0.001616935362,0.0001803944906,0
18701,0.001463081571,0.0001803944906,0
18702,0.001070784638,0.0001803944906,0
18703,0.0008021311369,0.0001803944906,0
18704,0.001121174544,0.0001803944906,0
18705,0.004130354151,0.0001803944906,0
18706,0.001032568864,0.0001803944906,0
18707,0.0004296496918,0.0001803944906,0
18708,0.001753626275,0.0001803944906,0
18709,0.0005281371996,0.0001803944906,0
18710,0.001073946478,0.0001803944906,0
18711,0.0003568622633,0.0001803944906,0
18712,0.000542943133,0.0001803944906,0
18713,0.00105419301,0.0001803944906,0
18714,0.0002325700916,0.0001803944906,0
18715,0.0004458334006,0.0001803944906,0
18716,0.001085291267,0.0001803944906,0
18717,0.001116126426,0.0001803944906,0
18718,0.0002521761926,0.0001803944906,0
18719,0.001460135216,0.0001801468898,0
18720,0.00143162231,0.0001801468898,0
18721,0.0002635048295,0.0001801468898,0
18722,0.000280413311,0.0001801468898,0
18723,0.002990693087,0.0001801468898,0
18724,0.001006847131,0.0001801468898,0
18725,0.0006034327089,0.0001801468898,0
18726,0.0008402197273,0.0001801468898,0
18727,0.001881017,0.0001801468898,0
18728,0.00189152814,0.0001801468898,0
18729,0.001115063671,0.0001801468898,0
18730,0.002590805758,0.0001801468898,0
18731,0.0001850110275,0.0001801468898,0
18732,0.001884115161,0.0001801468898,0
18733,0.001093310188,0.0001801468898,0
18734,0.000727939012,0.0001801468898,0
18735,0.0004216453817,0.0001801468898,0
18736,0.0006332508638,0.0001801468898,0
18737,0.0008848372963,0.0001801468898,0
18738,0.0009458537679,0.0001801468898,0
18739,0.0009819101542,0.0001807142107,0
18740,0.001776409219,0.0001807142107,0
18741,0.003948118072,0.0001807142107,0
18742,0.001184250461,0.0001807142107,0
18743,0.0007724633906,0.0001807142107,0
18744,0.0003763955319,0.0001807142107,0
18745,0.0004885235103,0.0001807142107,0
18746,0.0008807111881,0.0001807142107,0
18747,0.006641915068,0.0001807142107,0
18748,0.002313456265,0.0001807142107,0
18749,0.0001806392102,0.0001807142107,0
18750,0.001585579943,0.0001807142107,0
18751,0.002301336266,0.0001807142107,0
18752,0.0001569578308,0.0001807142107,0
18753,0.000609035138,0.0001807142107,0
18754,0.000736234826,0.0001807142107,0
18755,0.0003189688141,0.0001807142107,0
18756,0.0003792411298,0.0001807142107,0
18757,0.0003205623361,0.0001807142107,0
18758,0.0009329083841,0.0001807142107,0
18759,0.002243172145,0.000181245181,0
18760,0.001658362919,0.000181245181,0
18761,0.0007363341865,0.000181245181,0
18762,0.0002665241773,0.000181245181,0
18763,0.001084130839,0.000181245181,0
18764,0.0008551072096,0.000181245181,0
18765,0.000755714369,0.000181245181,0
18766,0.002303179586,0.000181245181,0
18767,0.000502685667,0.000181245181,0
18768,0.0004338288854,0.000181245181,0
18769,0.000322103966,0.000181245181,0
18770,0.0008239069721,0.000181245181,0
18771,0.004012494814,0.000181245181,0
18772,0.002456073649,0.000181245181,0
18773,0.0005019278033,0.000181245181,0
18774,0.0004558413639,0.000181245181,0
18775,0.0003006531042,0.000181245181,0
18776,0.0004394514253,0.000181245181,0
18777,0.0004156474315,0.000181245181,0
18778,0.00119072129,0.000181245181,0
18779,0.0007345771883,0.0001808939705,0
18780,0.0004522180243,0.0001808939705,0
18781,0.0004380573519,0.0001808939705,0
18782,0.0003683107207,0.0001808939705,0
18783,0.001208552741,0.0001808939705,0
18784,0.001036027097,0.0001808939705,0
18785,0.0003238243225,0.0001808939705,0
18786,0.001029378851,0.0001808939705,0
18787,0.0003087319783,0.0001808939705,0
18788,0.00176687527,0.0001808939705,0
18789,0.001024686615,0.0001808939705,0
18790,0.0007408946985,0.0001808939705,0
18791,0.0002748273255,0.0001808939705,0
18792,0.00190877507,0.0001808939705,0
18793,0.0002757018083,0.0001808939705,0
18794,0.0007770675002,0.0001808939705,0
18795,0.001790106879,0.0001808939705,0
18796,0.0002825825359,0.0001808939705,0
18797,0.003437741194,0.0001808939705,0
18798,0.00154624891,0.0001808939705,0
18799,0.001483957167,0.0001809952228,0
18800,0.0001363164338,0.0001809952228,0
18801,0.0005396673223,0.0001809952228,0
18802,0.001256708754,0.0001809952228,0
18803,0.005951537751,0.0001809952228,0
18804,0.0006899912842,0.0001809952228,0
18805,0.0007043148507,0.0001809952228,0
18806,0.0007907173713,0.0001809952228,0
18807,0.0003432171943,0.0001809952228,0
18808,0.001538999379,0.0001809952228,0
18809,0.001390236081,0.0001809952228,0
18810,0.0004413324932,0.0001809952228,0
18811,0.000247806689,0.0001809952228,0
18812,0.0004023825168,0.0001809952228,0
18813,0.0007074853056,0.0001809952228,0
18814,0.009578386322,0.0001809952228,1
18815,0.0002898265375,0.0001809952228,0
18816,0.0003199869534,0.0001809952228,0
18817,0.001212023781,0.0001809952228,0
18818,0.0003053763066,0.0001809952228,0
18819,0.0003885563638,0.0001815789001,0
18820,0.0005305483355,0.0001815789001,0
18821,0.0004989602603,0.0001815789001,0
18822,0.001177242375,0.0001815789001,0
18823,0.00125244353,0.0001815789001,0
18824,0.002170838648,0.0001815789001,0
18825,0.0004311477533,0.0001815789001,0
18826,0.0008766987594,0.0001815789001,0
18827,0.001034357818,0.0001815789001,0
18828,0.0018823141,0.0001815789001,0
18829,0.0005586569896,0.0001815789001,0
18830,0.001089538913,0.0001815789001,0
18831,0.0005760848289,0.0001815789001,0
18832,0.001088665216,0.0001815789001,0
18833,0.0004492164007,0.0001815789001,0
18834,0.0005199698498,0.0001815789001,0
18835,0.0005945633748,0.0001815789001,0
18836,0.0004718605487,0.0001815789001,0
18837,0.0006249030121,0.0001815789001,0
18838,0.001232739771,0.0001815789001,0
18839,0.0002571021032,0.0001820504694,0
18840,0.00024694085,0.0001820504694,0
18841,0.000778091955,0.0001820504694,0
18842,0.0007660327246,0.0001820504694,0
18843,0.002883272013,0.0001820504694,0
18844,0.0009269443108,0.0001820504694,0
18845,0.0004653695214,0.0001820504694,0
18846,0.0009130702238,0.0001820504694,0
18847,0.002066776389,0.0001820504694,0
18848,0.0003427564225,0.0001820504694,0
18849,0.004983878229,0.0001820504694,0
18850,0.0002783554082,0.0001820504694,0
18851,0.00150659401,0.0001820504694,0
18852,0.001704751165,0.0001820504694,0
18853,0.002635873621,0.0001820504694,0
18854,0.004038760439,0.0001820504694,0
18855,0.0006107023219,0.0001820504694,0
18856,0.0004203211865,0.0001820504694,0
18857,0.0002755052992,0.0001820504694,0
18858,0.0001597619557,0.0001820504694,0
18859,0.001579487463,0.0001823414641,0
18860,0.0009372946806,0.0001823414641,0
18861,0.003117606277,0.0001823414641,0
18862,0.01152904052,0.0001823414641,1
18863,0.0005206675851,0.0001823414641,0
18864,0.0003379587433,0.0001823414641,0
18865,0.001049369574,0.0001823414641,0
18866,0.001673784805,0.0001823414641,0
18867,0.00113306439,0.0001823414641,0
18868,0.0008881100221,0.0001823414641,0
18869,0.0007772012032,0.0001823414641,0
18870,0.002420688514,0.0001823414641,0
18871,0.001795756863,0.0001823414641,0
18872,0.0005869162851,0.0001823414641,0
18873,0.0003217130725,0.0001823414641,0
18874,0.0009960216703,0.0001823414641,0
18875,0.0007897097385,0.0001823414641,0
18876,0.0006180912023,0.0001823414641,0
18877,0.001847075182,0.0001823414641,0
18878,0.001255530515,0.0001823414641,0
18879,0.002444363199,0.0001823437051,0
18880,0.001146054477,0.0001823437051,0
18881,0.0001417374151,0.0001823437051,0
18882,0.0005930099869,0.0001823437051,0
18883,0.001107324264,0.0001823437051,0
18884,0.0003058003786,0.0001823437051,0
18885,0.0009741502581,0.0001823437051,0
18886,0.0004328261712,0.0001823437051,0
18887,0.0006005555624,0.0001823437051,0
18888,0.0005004005507,0.0001823437051,0
18889,0.002761634067,0.0001823437051,0
18890,0.0002374791366,0.0001823437051,0
18891,0.000847639807,0.0001823437051,0
18892,0.0009371712804,0.0001823437051,0
18893,0.0008290754049,0.0001823437051,0
18894,0.003852943424,0.0001823437051,0
18895,0.00449046446,0.0001823437051,0
18896,0.001176565653,0.0001823437051,0
18897,0.005446416326,0.0001823437051,0
18898,0.0008041638066,0.0001823437051,0
18899,0.0006712584291,0.0001818263117,0
18900,0.003070722334,0.0001818263117,0
18901,0.0026749596,0.0001818263117,0
18902,0.001086140634,0.0001818263117,0
18903,0.0007300607977,0.0001818263117,0
18904,0.001886732527,0.0001818263117,0
18905,0.003642423544,0.0001818263117,0
18906,0.001735093305,0.0001818263117,0
18907,0.001668285928,0.0001818263117,0
18908,0.002399485558,0.0001818263117,0
18909,0.0003745794529,0.0001818263117,0
18910,0.001743622124,0.0001818263117,0
18911,0.000431637658,0.0001818263117,0
18912,0.002211163519,0.0001818263117,0
18913,0.0008812050219,0.0001818263117,0
18914,0.0001981762471,0.0001818263117,0
18915,0.002174091758,0.0001818263117,0
18916,0.0007109736325,0.0001818263117,0
18917,0.00127556792,0.0001818263117,0
18918,0.0004851388803,0.0001818263117,0
18919,0.0005033412017,0.0001825693325,0
18920,0.0004892155412,0.0001825693325,0
18921,0.0007884977967,0.0001825693325,0
18922,0.0002152697562,0.0001825693325,0
18923,0.002215154236,0.0001825693325,0
18924,0.0006602990325,0.0001825693325,0
18925,0.001670807251,0.0001825693325,0
18926,0.0003923022887,0.0001825693325,0
18927,0.0004239418195,0.0001825693325,0
18928,0.001346369856,0.0001825693325,0
18929,0.0005471482873,0.0001825693325,0
18930,0.002780475654,0.0001825693325,0
18931,0.0008123549051,0.0001825693325,0
18932,0.0007296917611,0.0001825693325,0
18933,0.002797551453,0.0001825693325,0
18934,0.0008962192223,0.0001825693325,0
18935,0.001656880253,0.0001825693325,0
18936,0.0007536679623,0.0001825693325,0
18937,0.0004843520874,0.0001825693325,0
18938,0.0004506916157,0.0001825693325,0
18939,0.0007646101876,0.0001832668495,0
18940,0.0009078495787,0.0001832668495,0
18941,0.0101027647,0.0001832668495,1
18942,0.001368611585,0.0001832668495,0
18943,0.001102277776,0.0001832668495,0
18944,0.00309189409,0.0001832668495,0
18945,0.0009800674161,0.0001832668495,0
18946,0.0004460463824,0.0001832668495,0
18947,0.0003455437254,0.0001832668495,0
18948,0.0001697123953,0.0001832668495,0
18949,0.002245324431,0.0001832668495,0
18950,0.003096746979,0.0001832668495,0
18951,0.0001520872174,0.0001832668495,0
18952,0.001734843943,0.0001832668495,0
18953,0.001455268008,0.0001832668495,0
18954,0.0004401436017,0.0001832668495,0
18955,0.0002952936047,0.0001832668495,0
18956,0.001105944859,0.0001832668495,0
18957,0.0001061870498,0.0001832668495,0
18958,0.0004198079114,0.0001832668495,0
18959,0.0001700190915,0.0001831354602,0
18960,0.001853330294,0.0001831354602,0
18961,0.0003284879785,0.0001831354602,0
18962,0.000478335598,0.0001831354602,0
18963,0.0005178142455,0.0001831354602,0
18964,0.001875393558,0.0001831354602,0
18965,0.0008334660088,0.0001831354602,0
18966,0.001072678831,0.0001831354602,0
18967,0.0005500872503,0.0001831354602,0
18968,0.002406945918,0.0001831354602,0
18969,0.0008174941177,0.0001831354602,0
18970,0.0003771448974,0.0001831354602,0
18971,0.002594568999,0.0001831354602,0
18972,0.0005584366736,0.0001831354602,0
18973,0.001005084254,0.0001831354602,0
18974,0.004788882565,0.0001831354602,0
18975,0.0008615173865,0.0001831354602,0
18976,0.0006211895379,0.0001831354602,0
18977,0.000892070937,0.0001831354602,0
18978,0.000561045832,0.0001831354602,0
18979,0.0003316398361,0.0001835065486,0
18980,0.0003139714827,0.0001835065486,0
18981,0.001333599328,0.0001835065486,0
18982,0.001471041352,0.0001835065486,0
18983,0.001441195142,0.0001835065486,0
18984,0.001390385558,0.0001835065486,0
18985,0.0003626937105,0.0001835065486,0
18986,0.003044515382,0.0001835065486,0
18987,0.0002943320433,0.0001835065486,0
18988,0.0008645759663,0.0001835065486,0
18989,0.0009666170808,0.0001835065486,0
18990,0.0009502773755,0.0001835065486,0
18991,0.0002417618962,0.0001835065486,0
18992,0.000472176529,0.0001835065486,0
18993,0.001530709909,0.0001835065486,0
18994,0.0008997062687,0.0001835065486,0
18995,0.001194129698,0.0001835065486,0
18996,0.001721211243,0.0001835065486,0
18997,0.0006340756663,0.0001835065486,0
18998,0.0003074248962,0.0001835065486,0
18999,0.0003349211474,0.0001837135351,0
19000,0.001029403647,0.0001837135351,0
19001,0.0006759766839,0.0001837135351,0
19002,0.003809473244,0.0001837135351,0
19003,0.00237634941,0.0001837135351,0
19004,0.0004294065293,0.0001837135351,0
19005,0.0009658372728,0.0001837135351,0
19006,0.001504735788,0.0001837135351,0
19007,0.001219673199,0.0001837135351,0
19008,0.0001817711309,0.0001837135351,0
19009,0.0004095877812,0.0001837135351,0
19010,0.001625988982,0.0001837135351,0
19011,0.001873226021,0.0001837135351,0
19012,0.0001609207247,0.0001837135351,0
19013,0.0008658193401,0.0001837135351,0
19014,0.0006059073494,0.0001837135351,0
19015,0.0001687050826,0.0001837135351,0
19016,0.002331287134,0.0001837135351,0
19017,0.0002773017331,0.0001837135351,0
19018,0.0002512687643,0.0001837135351,0
19019,0.001262643258,0.0001844211802,0
19020,0.0004815210123,0.0001844211802,0
19021,0.001972213853,0.0001844211802,0
19022,0.002729200758,0.0001844211802,0
19023,0.001483886619,0.0001844211802,0
19024,0.0008185392362,0.0001844211802,0
19025,0.001606537262,0.0001844211802,0
19026,0.0003282815451,0.0001844211802,0
19027,0.001035280642,0.0001844211802,0
19028,0.0002005338029,0.0001844211802,0
19029,0.005293091759,0.0001844211802,0
19030,0.0003682666575,0.0001844211802,0
19031,0.001136324485,0.0001844211802,0
19032,0.0014394389,0.0001844211802,0
19033,0.000513874169,0.0001844211802,0
19034,0.0001540166559,0.0001844211802,0
19035,0.0005175813567,0.0001844211802,0
19036,0.0002587139024,0.0001844211802,0
19037,0.001699210843,0.0001844211802,0
19038,0.0001966966229,0.0001844211802,0
19039,0.0001437601313,0.0001848597458,0
19040,0.0006213286542,0.0001848597458,0
19041,0.0007467075484,0.0001848597458,0
19042,0.00170545571,0.0001848597458,0
19043,0.0003147417738,0.0001848597458,0
19044,0.0003035792906,0.0001848597458,0
19045,0.0003342274285,0.0001848597458,0
19046,0.0008780318894,0.0001848597458,0
19047,0.0006786368322,0.0001848597458,0
19048,0.0003805973392,0.0001848597458,0
19049,0.000472325366,0.0001848597458,0
19050,0.0003519671154,0.0001848597458,0
19051,0.0007217916427,0.0001848597458,0
19052,0.001460667467,0.0001848597458,0
19053,0.006065031048,0.0001848597458,0
19054,0.007984937169,0.0001848597458,1
19055,0.006611543242,0.0001848597458,0
19056,0.001112414757,0.0001848597458,0
19057,0.0005092323991,0.0001848597458,0
19058,0.0009574650903,0.0001848597458,0
19059,0.0004101670638,0.0001844908402,0
19060,0.000937183504,0.0001844908402,0
19061,0.001393238432,0.0001844908402,0
19062,0.001308996463,0.0001844908402,0
19063,0.001733318903,0.0001844908402,0
19064,0.0007566940621,0.0001844908402,0
19065,0.0004463550285,0.0001844908402,0
19066,0.001372468192,0.0001844908402,0
19067,0.0001865748345,0.0001844908402,0
19068,0.001311486005,0.0001844908402,0
19069,0.0008258442977,0.0001844908402,0
19070,0.0003102964838,0.0001844908402,0
19071,0.001814249437,0.0001844908402,0
19072,0.0002638568694,0.0001844908402,0
19073,0.002208737191,0.0001844908402,0
19074,0.0003369012557,0.0001844908402,0
19075,0.0008702846826,0.0001844908402,0
19076,0.0001398596942,0.0001844908402,0
19077,0.0007103967946,0.0001844908402,0
19078,0.0005006677238,0.0001844908402,0
19079,0.0005234123091,0.0001849433756,0
19080,0.001387470635,0.0001849433756,0
19081,0.0004773842229,0.0001849433756,0
19082,0.0003541395126,0.0001849433756,0
19083,0.00150394626,0.0001849433756,0
19084,0.002840558067,0.0001849433756,0
19085,0.001022951445,0.0001849433756,0
19086,0.001019466901,0.0001849433756,0
19087,0.003120689653,0.0001849433756,0
19088,8.869270096e-05,0.0001849433756,0
19089,0.0009045274346,0.0001849433756,0
19090,0.001342878677,0.0001849433756,0
19091,0.000992808491,0.0001849433756,0
19092,0.0004447943356,0.0001849433756,0
19093,0.001096971217,0.0001849433756,0
19094,0.000420627126,0.0001849433756,0
19095,0.0001633542124,0.0001849433756,0
19096,0.002843432361,0.0001849433756,0
19097,0.0006459767465,0.0001849433756,0
19098,0.0001626050798,0.0001849433756,0
19099,0.0001859280019,0.0001856763847,0
19100,0.02167365514,0.0001856763847,1
19101,0.001704312628,0.0001856763847,0
19102,0.001296092873,0.0001856763847,0
19103,0.0008764213999,0.0001856763847,0
19104,0.0003635411267,0.0001856763847,0
19105,0.0002297154715,0.0001856763847,0
19106,0.0006744862185,0.0001856763847,0
19107,0.000984429149,0.0001856763847,0
19108,0.0004778750881,0.0001856763847,0
19109,0.0005702177878,0.0001856763847,0
19110,0.000348196947,0.0001856763847,0
19111,0.001130566699,0.0001856763847,0
19112,0.004487571772,0.0001856763847,0
19113,0.01088546775,0.0001856763847,1
19114,0.004036193714,0.0001856763847,0
19115,0.000250469835,0.0001856763847,0
19116,0.0009416522807,0.0001856763847,0
19117,0.0003191256546,0.0001856763847,0
19118,0.000837083091,0.0001856763847,0
19119,0.0003178275947,0.0001869652478,0
19120,0.001297651441,0.0001869652478,0
19121,0.005629146472,0.0001869652478,0
19122,0.0007438050816,0.0001869652478,0
19123,0.000377900782,0.0001869652478,0
19124,0.002806239296,0.0001869652478,0
19125,0.001329715247,0.0001869652478,0
19126,0.007182519417,0.0001869652478,0
19127,0.001447544084,0.0001869652478,0
19128,0.001104379771,0.0001869652478,0
19129,0.001938920119,0.0001869652478,0
19130,0.0002951650822,0.0001869652478,0
19131,0.0008749086992,0.0001869652478,0
19132,0.000124454411,0.0001869652478,0
19133,0.0003063697077,0.0001869652478,0
19134,0.0003852050577,0.0001869652478,0
19135,0.0003019248543,0.0001869652478,0
19136,0.0009133432759,0.0001869652478,0
19137,0.006102120504,0.0001869652478,0
19138,0.00244005397,0.0001869652478,0
19139,0.0007081197691,0.000187918442,0
19140,0.0002878644154,0.000187918442,0
19141,0.006019555032,0.000187918442,0
19142,0.001759220962,0.000187918442,0
19143,0.001115522929,0.000187918442,0
19144,0.0005879270611,0.000187918442,0
19145,0.002264706651,0.000187918442,0
19146,0.001694491599,0.000187918442,0
19147,0.005730412435,0.000187918442,0
19148,0.002428047825,0.000187918442,0
19149,0.0005248467205,0.000187918442,0
19150,0.000901219435,0.000187918442,0
19151,0.0003809669288,0.000187918442,0
19152,0.0005794648896,0.000187918442,0
19153,0.0004673404328,0.000187918442,0
19154,0.0002060843544,0.000187918442,0
19155,0.001595892943,0.000187918442,0
19156,0.004144082312,0.000187918442,0
19157,0.001409261604,0.000187918442,0
19158,0.001431480283,0.000187918442,0
19159,0.003859901801,0.0001878149778,0
19160,0.001111283316,0.0001878149778,0
19161,0.005074120592,0.0001878149778,0
19162,0.0006947939983,0.0001878149778,0
19163,0.003973700572,0.0001878149778,0
19164,0.0007228660979,0.0001878149778,0
19165,0.004496094771,0.0001878149778,0
19166,0.01107706875,0.0001878149778,1
19167,0.0009079708252,0.0001878149778,0
19168,0.0006903308094,0.0001878149778,0
19169,0.004469206091,0.0001878149778,0
19170,0.003532617353,0.0001878149778,0
19171,0.0106349811,0.0001878149778,1
19172,0.0002578247513,0.0001878149778,0
19173,0.0004520048387,0.0001878149778,0
19174,0.00162817724,0.0001878149778,0
19175,0.0001016286333,0.0001878149778,0
19176,0.0002655063581,0.0001878149778,0
19177,0.001237576129,0.0001878149778,0
19178,0.001361444825,0.0001878149778,0
19179,0.000130800312,0.0001881275384,0
19180,0.0001634106738,0.0001881275384,0
19181,0.0003993994615,0.0001881275384,0
19182,0.001943622949,0.0001881275384,0
19183,0.001032172819,0.0001881275384,0
19184,0.002067667199,0.0001881275384,0
19185,0.0003996177984,0.0001881275384,0
19186,0.0002560447319,0.0001881275384,0
19187,0.0006212942535,0.0001881275384,0
19188,0.0001152844343,0.0001881275384,0
19189,0.001083816169,0.0001881275384,0
19190,0.0005472375778,0.0001881275384,0
19191,0.0004667043104,0.0001881275384,0
19192,0.005147241522,0.0001881275384,0
19193,0.0009142023046,0.0001881275384,0
19194,0.00246575498,0.0001881275384,0
19195,0.0007251581992,0.0001881275384,0
19196,0.0009153027204,0.0001881275384,0
19197,0.001621108269,0.0001881275384,0
19198,0.0016620846,0.0001881275384,0
19199,0.0001914146851,0.00018881906,0
19200,0.0003436249099,0.00018881906,0
19201,0.0006670818548,0.00018881906,0
19202,0.001598974806,0.00018881906,0
19203,0.0006115962751,0.00018881906,0
19204,0.0002645425848,0.00018881906,0
19205,0.002018219093,0.00018881906,0
19206,0.0007275324897,0.00018881906,0
19207,0.002197388094,0.00018881906,0
19208,0.001534486655,0.00018881906,0
19209,0.006170267239,0.00018881906,0
19210,0.001291886671,0.00018881906,0
19211,0.0003965838696,0.00018881906,0
19212,0.0008933806093,0.00018881906,0
19213,0.001148070325,0.00018881906,0
19214,0.0004035249876,0.00018881906,0
19215,0.000233899249,0.00018881906,0
19216,0.0006697801291,0.00018881906,0
19217,0.001057975227,0.00018881906,0
19218,0.003542275401,0.00018881906,0
19219,0.0001952850726,0.0001889235136,0
19220,0.0001968408033,0.0001889235136,0
19221,0.0009904421167,0.0001889235136,0
19222,0.0009845643071,0.0001889235136,0
19223,0.001624931348,0.0001889235136,0
19224,0.004586192779,0.0001889235136,0
19225,0.000590549258,0.0001889235136,0
19226,0.0005718835746,0.0001889235136,0
19227,0.001607448678,0.0001889235136,0
19228,0.001681130612,0.0001889235136,0
19229,0.0003374189255,0.0001889235136,0
19230,0.000164092562,0.0001889235136,0
19231,0.01564726233,0.0001889235136,1
19232,0.0007830750546,0.0001889235136,0
19233,0.0001894413726,0.0001889235136,0
19234,0.0002776309848,0.0001889235136,0
19235,0.001548582572,0.0001889235136,0
19236,0.0002686460211,0.0001889235136,0
19237,0.00127741124,0.0001889235136,0
19238,0.006001488771,0.0001889235136,0
19239,0.000668273482,0.000189770697,0
19240,0.00149455294,0.000189770697,0
19241,0.0005388358259,0.000189770697,0
19242,0.0006265603006,0.000189770697,0
19243,0.00187150226,0.000189770697,0
19244,0.0001461558277,0.000189770697,0
19245,0.0005099996924,0.000189770697,0
19246,0.0006973106647,0.000189770697,0
19247,0.0004070949799,0.000189770697,0
19248,0.0006656556507,0.000189770697,0
19249,0.0007807423826,0.000189770697,0
19250,0.0003529689857,0.000189770697,0
19251,0.002540284768,0.000189770697,0
19252,0.0005647328799,0.000189770697,0
19253,0.0003378045512,0.000189770697,0
19254,0.001038991264,0.000189770697,0
19255,0.001586317783,0.000189770697,0
19256,0.001271181973,0.000189770697,0
19257,0.0002915184305,0.000189770697,0
19258,0.0008008094737,0.000189770697,0
19259,0.004106775858,0.0001909167477,0
19260,0.000377678778,0.0001909167477,0
19261,0.0003272788599,0.0001909167477,0
19262,0.0005240626633,0.0001909167477,0
19263,0.006949875969,0.0001909167477,0
19264,0.0007845691871,0.0001909167477,0
19265,0.0005777761689,0.0001909167477,0
19266,0.002252715873,0.0001909167477,0
19267,0.001227097819,0.0001909167477,0
19268,0.0007640612312,0.0001909167477,0
19269,0.0008870202582,0.0001909167477,0
19270,0.001246423111,0.0001909167477,0
19271,0.0007356773713,0.0001909167477,0
19272,0.0001750686497,0.0001909167477,0
19273,0.000465592806,0.0001909167477,0
19274,0.001898993389,0.0001909167477,0
19275,0.00289617409,0.0001909167477,0
19276,0.000387970329,0.0001909167477,0
19277,0.006903786212,0.0001909167477,0
19278,0.0005237916484,0.0001909167477,0
19279,0.0004224650329,0.00019165095,0
19280,0.00046718659,0.00019165095,0
19281,0.0003430513025,0.00019165095,0
19282,0.0008321241476,0.00019165095,0
19283,0.001954624662,0.00019165095,0
19284,0.0009039672441,0.00019165095,0
19285,0.001025643316,0.00019165095,0
19286,0.00826150924,0.00019165095,1
19287,0.001129170996,0.00019165095,0
19288,0.001318400027,0.00019165095,0
19289,0.000273616286,0.00019165095,0
19290,0.003744137241,0.00019165095,0
19291,0.000450356456,0.00019165095,0
19292,0.001585706254,0.00019165095,0
19293,0.0008357267943,0.00019165095,0
19294,0.0008829768631,0.00019165095,0
19295,0.004377402365,0.00019165095,0
19296,0.001558817225,0.00019165095,0
19297,0.0009410204948,0.00019165095,0
19298,0.0003409520432,0.00019165095,0
19299,0.0002113787632,0.000192802836,0
19300,0.0007025256054,0.000192802836,0
19301,0.001052935258,0.000192802836,0
19302,0.0004929548595,0.000192802836,0
19303,0.0009402246797,0.000192802836,0
19304,0.00065409136,0.000192802836,0
19305,0.0002231269755,0.000192802836,0
19306,0.005439688917,0.000192802836,0
19307,0.001682626549,0.000192802836,0
19308,0.0004277713306,0.000192802836,0
19309,0.0002771054569,0.000192802836,0
19310,0.0002041565313,0.000192802836,0
19311,0.0009385405574,0.000192802836,0
19312,0.0003508949885,0.000192802836,0
19313,0.0007020242047,0.000192802836,0
19314,0.0005383344251,0.000192802836,0
19315,0.002564895898,0.000192802836,0
19316,0.0006889072829,0.000192802836,0
19317,0.002864612266,0.000192802836,0
19318,0.0002166567429,0.000192802836,0
19319,0.04089894146,0.0001937932393,1
19320,0.0007505476242,0.0001937932393,0
19321,0.008458998054,0.0001937932393,1
19322,0.000399663084,0.0001937932393,0
19323,0.0004574121267,0.0001937932393,0
19324,0.003053488676,0.0001937932393,0
19325,0.001968604513,0.0001937932393,0
19326,0.002526897239,0.0001937932393,0
19327,0.0009289060836,0.0001937932393,0
19328,0.0006549069076,0.0001937932393,0
19329,0.001009113272,0.0001937932393,0
19330,0.0005503947614,0.0001937932393,0
19331,0.002934667282,0.0001937932393,0
19332,0.0001970760204,0.0001937932393,0
19333,0.0004463432415,0.0001937932393,0
19334,0.001568643143,0.0001937932393,0
19335,0.0002624113986,0.0001937932393,0
19336,0.002424258273,0.0001937932393,0
19337,0.0006953593693,0.0001937932393,0
19338,0.0004798051086,0.0001937932393,0
19339,0.001043201657,0.0001947527635,0
19340,0.0007600227254,0.0001947527635,0
19341,0.0004023795482,0.0001947527635,0
19342,0.0002835875493,0.0001947527635,0
19343,0.0002712337009,0.0001947527635,0
19344,0.003064281307,0.0001947527635,0
19345,0.0001322764147,0.0001947527635,0
19346,0.0002290077828,0.0001947527635,0
19347,0.000529892277,0.0001947527635,0
19348,0.0007034730515,0.0001947527635,0
19349,0.001547878259,0.0001947527635,0
19350,0.0007402487099,0.0001947527635,0
19351,0.002708621789,0.0001947527635,0
19352,0.001829951652,0.0001947527635,0
19353,0.0005368972779,0.0001947527635,0
19354,0.00199672766,0.0001947527635,0
19355,0.0002383154933,0.0001947527635,0
19356,0.002912021708,0.0001947527635,0
19357,0.003821840743,0.0001947527635,0
19358,0.0002639677259,0.0001947527635,0
19359,0.0009695149492,0.0001950670558,0
19360,0.0002254726714,0.0001950670558,0
19361,0.00286781881,0.0001950670558,0
19362,0.0004270178033,0.0001950670558,0
19363,0.0002879024541,0.0001950670558,0
19364,0.0008492902271,0.0001950670558,0
19365,0.002090948867,0.0001950670558,0
19366,0.001154095051,0.0001950670558,0
19367,0.0007682563737,0.0001950670558,0
19368,0.002148651984,0.0001950670558,0
19369,0.0005999705172,0.0001950670558,0
19370,0.002333914395,0.0001950670558,0
19371,0.0005885079736,0.0001950670558,0
19372,0.0002310542332,0.0001950670558,0
19373,0.002103959443,0.0001950670558,0
19374,0.0008473486523,0.0001950670558,0
19375,0.0008590510115,0.0001950670558,0
19376,0.000943542982,0.0001950670558,0
19377,0.00712316297,0.0001950670558,0
19378,0.003926925361,0.0001950670558,0
19379,0.0004117689095,0.0001950478618,0
19380,0.001382828574,0.0001950478618,0
19381,0.001950045116,0.0001950478618,0
19382,0.0003361894924,0.0001950478618,0
19383,0.0002864478447,0.0001950478618,0
19384,0.00506634824,0.0001950478618,0
19385,0.0004078449856,0.0001950478618,0
19386,0.0005229462986,0.0001950478618,0
19387,0.0006008402561,0.0001950478618,0
19388,0.0005019954406,0.0001950478618,0
19389,0.0002858408843,0.0001950478618,0
19390,0.0002797339403,0.0001950478618,0
19391,0.0003540348262,0.0001950478618,0
19392,0.003588716034,0.0001950478618,0
19393,0.001270954031,0.0001950478618,0
19394,0.0003514332348,0.0001950478618,0
19395,0.0006406643079,0.0001950478618,0
19396,0.002302124863,0.0001950478618,0
19397,0.0006961532636,0.0001950478618,0
19398,0.0008572798688,0.0001950478618,0
19399,0.02059495077,0.0001948526042,1
19400,0.0002274202852,0.0001948526042,0
19401,0.0006672978634,0.0001948526042,0
19402,0.001758627943,0.0001948526042,0
19403,0.0003943971824,0.0001948526042,0
19404,0.001538128243,0.0001948526042,0
19405,0.003369400743,0.0001948526042,0
19406,0.001092335791,0.0001948526042,0
19407,0.0006588285905,0.0001948526042,0
19408,0.0149537297,0.0001948526042,1
19409,0.0003340540861,0.0001948526042,0
19410,0.0005101771676,0.0001948526042,0
19411,0.001068271231,0.0001948526042,0
19412,0.0003967445518,0.0001948526042,0
19413,0.001423347974,0.0001948526042,0
19414,0.002197591821,0.0001948526042,0
19415,0.0002239313471,0.0001948526042,0
19416,0.0005324973608,0.0001948526042,0
19417,0.003404125106,0.0001948526042,0
19418,0.0009034950635,0.0001948526042,0
19419,0.001875539543,0.0001945488038,0
19420,0.0006977124722,0.0001945488038,0
19421,0.0003544268839,0.0001945488038,0
19422,0.0006723454571,0.0001945488038,0
19423,0.0005190426018,0.0001945488038,0
19424,0.001770811854,0.0001945488038,0
19425,0.0004097370547,0.0001945488038,0
19426,0.0006922701141,0.0001945488038,0
19427,0.0003993012942,0.0001945488038,0
19428,0.0005522894789,0.0001945488038,0
19429,0.00591392396,0.0001945488038,0
19430,0.0004442570789,0.0001945488038,0
19431,0.0009941408643,0.0001945488038,0
19432,0.001269921544,0.0001945488038,0
19433,0.0009789267788,0.0001945488038,0
19434,0.0002595119004,0.0001945488038,0
19435,0.03074549884,0.0001945488038,1
19436,0.0009082007455,0.0001945488038,0
19437,0.00842431467,0.0001945488038,1
19438,0.0001573047484,0.0001945488038,0
19439,0.0004190253676,0.0001955007756,0
19440,0.0001817954762,0.0001955007756,0
19441,0.000695592782,0.0001955007756,0
19442,0.001140729059,0.0001955007756,0
19443,0.001727182302,0.0001955007756,0
19444,0.003345309058,0.0001955007756,0
19445,0.0004937132471,0.0001955007756,0
19446,0.001860416029,0.0001955007756,0
19447,0.0005008708104,0.0001955007756,0
19448,0.003643131349,0.0001955007756,0
19449,0.001159574371,0.0001955007756,0
19450,0.002101873513,0.0001955007756,0
19451,0.0003017334093,0.0001955007756,0
19452,0.0003339977702,0.0001955007756,0
19453,0.0006583255599,0.0001955007756,0
19454,0.00106865319,0.0001955007756,0
19455,0.003551069414,0.0001955007756,0
19456,0.0002415648487,0.0001955007756,0
19457,0.0003279253724,0.0001955007756,0
19458,0.0005809932481,0.0001955007756,0
19459,0.001362276613,0.0001961549715,0
19460,0.0003255005868,0.0001961549715,0
19461,0.001768940478,0.0001961549715,0
19462,0.0003169922857,0.0001961549715,0
19463,0.0004321594315,0.0001961549715,0
19464,0.0003234032483,0.0001961549715,0
19465,0.002190558473,0.0001961549715,0
19466,0.01065986603,0.0001961549715,1
19467,0.001001661643,0.0001961549715,0
19468,0.0014286238,0.0001961549715,0
19469,0.002407719614,0.0001961549715,0
19470,0.001930181868,0.0001961549715,0
19471,0.001675296808,0.0001961549715,0
19472,0.0004756858689,0.0001961549715,0
19473,0.0004632017808,0.0001961549715,0
19474,0.001342418953,0.0001961549715,0
19475,0.0005918183597,0.0001961549715,0
19476,0.001168097253,0.0001961549715,0
19477,0.0005595027469,0.0001961549715,0
19478,0.001584531041,0.0001961549715,0
19479,0.0006038309075,0.000195852379,0
19480,0.0008679569582,0.000195852379,0
19481,0.001048486331,0.000195852379,0
19482,0.00252251327,0.000195852379,0
19483,0.0001874177833,0.000195852379,0
19484,0.0005916479859,0.000195852379,0
19485,0.001875168993,0.000195852379,0
19486,0.0005214186385,0.000195852379,0
19487,0.003093899461,0.000195852379,0
19488,0.001091948012,0.000195852379,0
19489,0.001064015552,0.000195852379,0
19490,0.00441816356,0.000195852379,0
19491,0.0003800395352,0.000195852379,0
19492,0.001085914206,0.000195852379,0
19493,0.0006239922368,0.000195852379,0
19494,0.0005451766192,0.000195852379,0
19495,0.0004066469555,0.000195852379,0
19496,0.0005854759947,0.000195852379,0
19497,0.0007822753396,0.000195852379,0
19498,0.0007937879418,0.000195852379,0
19499,0.0008507397724,0.0001977264037,0
19500,0.0008944182191,0.0001977264037,0
19501,0.001043999684,0.0001977264037,0
19502,0.01711149886,0.0001977264037,1
19503,0.001880777651,0.0001977264037,0
19504,0.0006112258416,0.0001977264037,0
19505,0.0006629360723,0.0001977264037,0
19506,0.001913270331,0.0001977264037,0
19507,0.001868637861,0.0001977264037,0
19508,0.004592968151,0.0001977264037,0
19509,0.001716232859,0.0001977264037,0
19510,0.0003639395291,0.0001977264037,0
19511,0.001792995376,0.0001977264037,0
19512,0.0007588436711,0.0001977264037,0
19513,0.000991307199,0.0001977264037,0
19514,0.0002195292182,0.0001977264037,0
19515,0.001906827209,0.0001977264037,0
19516,0.0008860022062,0.0001977264037,0
19517,0.0003308536252,0.0001977264037,0
19518,0.001097296132,0.0001977264037,0
19519,0.0004500144278,0.000197605259,0
19520,0.0005182774621,0.000197605259,0
19521,0.0005379905924,0.000197605259,0
19522,0.000278459047,0.000197605259,0
19523,0.002429786138,0.000197605259,0
19524,0.0008273691637,0.000197605259,0
19525,0.0003853414091,0.000197605259,0
19526,0.000956196629,0.000197605259,0
19527,0.0001953403844,0.000197605259,0
19528,0.0003834472445,0.000197605259,0
19529,0.0003884812468,0.000197605259,0
19530,0.002067193855,0.000197605259,0
19531,0.001044249977,0.000197605259,0
19532,0.0002957913384,0.000197605259,0
19533,0.0006338430685,0.000197605259,0
19534,0.001832512207,0.000197605259,0
19535,0.006096315105,0.000197605259,0
19536,0.002929584589,0.000197605259,0
19537,0.0009212300647,0.000197605259,0
19538,0.0008941376,0.000197605259,0
19539,0.001782805775,0.0001980651723,0
19540,0.0002905251458,0.0001980651723,0
19541,0.0003443591413,0.0001980651723,0
19542,0.00102316332,0.0001980651723,0
19543,0.0003934224369,0.0001980651723,0
19544,0.0003531704133,0.0001980651723,0
19545,0.01122756489,0.0001980651723,1
19546,0.0007901491481,0.0001980651723,0
19547,0.00030317239,0.0001980651723,0
19548,0.0007300064317,0.0001980651723,0
19549,0.0003973692073,0.0001980651723,0
19550,0.00127234438,0.0001980651723,0
19551,0.0004345381458,0.0001980651723,0
19552,0.0004811777326,0.0001980651723,0
19553,0.001117665903,0.0001980651723,0
19554,0.0004608577292,0.0001980651723,0
19555,0.002431459958,0.0001980651723,0
19556,0.0003730632889,0.0001980651723,0
19557,0.002508064965,0.0001980651723,0
19558,0.001286216197,0.0001980651723,0
19559,0.001419946318,0.000198933194,0
19560,0.0004350518575,0.000198933194,0
19561,0.0009442698793,0.000198933194,0
19562,0.0002879192471,0.000198933194,0
19563,0.002294464037,0.000198933194,0
19564,0.0007623787969,0.000198933194,0
19565,0.000749872881,0.000198933194,0
19566,0.001284697209,0.000198933194,0
19567,0.0006213320303,0.000198933194,0
19568,0.000508314115,0.000198933194,0
19569,0.0001338350557,0.000198933194,0
19570,0.01229676232,0.000198933194,1
19571,0.0003840884019,0.000198933194,0
19572,0.002906559035,0.000198933194,0
19573,0.0003102479095,0.000198933194,0
19574,0.002970701782,0.000198933194,0
19575,0.0007626079605,0.000198933194,0
19576,0.0002561413858,0.000198933194,0
19577,0.002800999675,0.000198933194,0
19578,0.0006717412616,0.000198933194,0
19579,0.0008384896792,0.0001985640411,0
19580,0.001418554806,0.0001985640411,0
19581,0.002603689209,0.0001985640411,0
19582,0.0008118673577,0.0001985640411,0
19583,0.002134476323,0.0001985640411,0
19584,0.002132648602,0.0001985640411,0
19585,0.001412045793,0.0001985640411,0
19586,0.0002414713963,0.0001985640411,0
19587,0.0001270518842,0.0001985640411,0
19588,0.001400423353,0.0001985640411,0
19589,0.000247019052,0.0001985640411,0
19590,0.0030558703,0.0001985640411,0
19591,0.0006408094196,0.0001985640411,0
19592,0.001210119808,0.0001985640411,0
19593,0.002479908755,0.0001985640411,0
19594,0.0005517519894,0.0001985640411,0
19595,0.006137434859,0.0001985640411,0
19596,0.001615366549,0.0001985640411,0
19597,0.0002665832581,0.0001985640411,0
19598,0.0009367844905,0.0001985640411,0
19599,0.0002713061695,0.0001989700249,0
19600,0.008811650798,0.0001989700249,1
19601,0.003192508826,0.0001989700249,0
19602,0.0109211579,0.0001989700249,1
19603,0.002683423692,0.0001989700249,0
19604,0.0005770391435,0.0001989700249,0
19605,0.0004788102524,0.0001989700249,0
19606,0.0003242089879,0.0001989700249,0
19607,0.007058936637,0.0001989700249,0
19608,0.0007496507606,0.0001989700249,0
19609,0.001116309548,0.0001989700249,0
19610,0.0002675488649,0.0001989700249,0
19611,0.001427460695,0.0001989700249,0
19612,0.0006572930142,0.0001989700249,0
19613,0.0004275061656,0.0001989700249,0
19614,0.0006039747386,0.0001989700249,0
19615,0.0001677326945,0.0001989700249,0
19616,0.0005287869135,0.0001989700249,0
19617,0.0005556237302,0.0001989700249,0
19618,0.0005702364724,0.0001989700249,0
19619,0.00103095721,0.0001987612632,0
19620,0.00537904771,0.0001987612632,0
19621,0.001875089481,0.0001987612632,0
19622,0.004522325937,0.0001987612632,0
19623,0.0003552926064,0.0001987612632,0
19624,0.000503179268,0.0001987612632,0
19625,0.000496368506,0.0001987612632,0
19626,0.0001309390937,0.0001987612632,0
19627,0.000373493589,0.0001987612632,0
19628,0.001826781314,0.0001987612632,0
19629,0.001786899287,0.0001987612632,0
19630,0.003342743032,0.0001987612632,0
19631,0.0009269330767,0.0001987612632,0
19632,0.0002869081218,0.0001987612632,0
19633,0.003981901333,0.0001987612632,0
19634,0.001124839066,0.0001987612632,0
19635,0.000974989729,0.0001987612632,0
19636,0.0003586060775,0.0001987612632,0
19637,0.0001454539452,0.0001987612632,0
19638,0.001423204201,0.0001987612632,0
19639,0.0004111539747,0.0001990307937,0
19640,0.002492601518,0.0001990307937,0
19641,0.001722401939,0.0001990307937,0
19642,0.003524096217,0.0001990307937,0
19643,0.0005487118615,0.0001990307937,0
19644,0.0004283660965,0.0001990307937,0
19645,0.001026072772,0.0001990307937,0
19646,0.001535158721,0.0001990307937,0
19647,0.001878541312,0.0001990307937,0
19648,0.0002762587974,0.0001990307937,0
19649,0.003607566468,0.0001990307937,0
19650,0.0002844637493,0.0001990307937,0
19651,0.0007421899936,0.0001990307937,0
19652,0.0003998870088,0.0001990307937,0
19653,0.001354663749,0.0001990307937,0
19654,0.001132355537,0.0001990307937,0
19655,0.003735389095,0.0001990307937,0
19656,0.003414544743,0.0001990307937,0
19657,0.0009748868761,0.0001990307937,0
19658,0.0002335499448,0.0001990307937,0
19659,0.001588637708,0.0001996247593,0
19660,0.000542737369,0.0001996247593,0
19661,0.0006007991033,0.0001996247593,0
19662,0.0004928655108,0.0001996247593,0
19663,0.0006243834505,0.0001996247593,0
19664,0.0003919802839,0.0001996247593,0
19665,0.0008724943618,0.0001996247593,0
19666,0.0006688603899,0.0001996247593,0
19667,0.0002403848484,0.0001996247593,0
19668,0.0006953327102,0.0001996247593,0
19669,0.001463114051,0.0001996247593,0
19670,0.0007656121743,0.0001996247593,0
19671,0.0003764793219,0.0001996247593,0
19672,0.0005480685504,0.0001996247593,0
19673,0.00114265352,0.0001996247593,0
19674,0.0004864465736,0.0001996247593,0
19675,0.0008752036374,0.0001996247593,0
19676,0.000327042042,0.0001996247593,0
19677,0.0003568902321,0.0001996247593,0
19678,0.0001255567913,0.0001996247593,0
19679,0.000204139069,0.0001997420331,0
19680,0.001514510368,0.0001997420331,0
19681,0.0004104278341,0.0001997420331,0
19682,0.001565233222,0.0001997420331,0
19683,0.0003005892213,0.0001997420331,0
19684,0.001333590015,0.0001997420331,0
19685,0.0007186524454,0.0001997420331,0
19686,0.005404400639,0.0001997420331,0
19687,0.005928486586,0.0001997420331,0
19688,9.779590619e-05,0.0001997420331,0
19689,0.001357946778,0.0001997420331,0
19690,0.001246670843,0.0001997420331,0
19691,0.001158335595,0.0001997420331,0
19692,0.001376505708,0.0001997420331,0
19693,0.001061907737,0.0001997420331,0
19694,0.001330054132,0.0001997420331,0
19695,0.0004033104051,0.0001997420331,0
19696,0.0002809124708,0.0001997420331,0
19697,0.0005671303952,0.0001997420331,0
19698,0.0003144220391,0.0001997420331,0
19699,0.0007130254526,0.0002001559769,0
19700,0.0007691491628,0.0002001559769,0
19701,0.001597761875,0.0002001559769,0
19702,0.0009687147685,0.0002001559769,0
19703,0.0002251558617,0.0002001559769,0
19704,0.000670769834,0.0002001559769,0
19705,0.0003085447825,0.0002001559769,0
19706,0.0007495148457,0.0002001559769,0
19707,0.0007334119291,0.0002001559769,0
19708,0.001746827736,0.0002001559769,0
19709,0.00222948147,0.0002001559769,0
19710,0.0007376547437,0.0002001559769,0
19711,0.0004557662178,0.0002001559769,0
19712,0.001501422492,0.0002001559769,0
19713,0.001780546154,0.0002001559769,0
19714,0.000527613447,0.0002001559769,0
19715,0.0005131245707,0.0002001559769,0
19716,0.00102302758,0.0002001559769,0
19717,0.002122822683,0.0002001559769,0
19718,0.001804584055,0.0002001559769,0
19719,0.0006567146047,0.0002013548801,0
19720,0.001310791937,0.0002013548801,0
19721,0.0003457130515,0.0002013548801,0
19722,0.0007671974017,0.0002013548801,0
19723,0.001439206651,0.0002013548801,0
19724,0.0008523081779,0.0002013548801,0
19725,0.0002221517643,0.0002013548801,0
19726,0.003043191275,0.0002013548801,0
19727,0.002928997157,0.0002013548801,0
19728,0.002533188323,0.0002013548801,0
19729,0.001414953382,0.0002013548801,0
19730,0.0009000406717,0.0002013548801,0
19731,0.002098805038,0.0002013548801,0
19732,0.002910273382,0.0002013548801,0
19733,0.003973738756,0.0002013548801,0
19734,0.002245949348,0.0002013548801,0
19735,0.001319130417,0.0002013548801,0
19736,0.000272148638,0.0002013548801,0
19737,0.0005127412151,0.0002013548801,0
19738,0.001266771345,0.0002013548801,0
19739,0.001114601269,0.0002019594685,0
19740,0.006900604349,0.0002019594685,0
19741,0.0004869723052,0.0002019594685,0
19742,0.0008249713574,0.0002019594685,0
19743,0.0008751800633,0.0002019594685,0
19744,0.0002268348471,0.0002019594685,0
19745,0.0004119985679,0.0002019594685,0
19746,0.0013545783,0.0002019594685,0
19747,0.0007533324533,0.0002019594685,0
19748,0.002146397484,0.0002019594685,0
19749,0.0007595839561,0.0002019594685,0
19750,0.0006645287503,0.0002019594685,0
19751,0.002815872664,0.0002019594685,0
19752,0.0009429592756,0.0002019594685,0
19753,0.001298560761,0.0002019594685,0
19754,0.003176406492,0.0002019594685,0
19755,0.0009657422779,0.0002019594685,0
19756,0.0008422484389,0.0002019594685,0
19757,0.02290097065,0.0002019594685,1
19758,0.00624586083,0.0002019594685,0
19759,0.001025861013,0.0002021971304,0
19760,0.007011721842,0.0002021971304,0
19761,0.0004312896344,0.0002021971304,0
19762,0.0006998779136,0.0002021971304,0
19763,0.0007264106534,0.0002021971304,0
19764,0.0003777759266,0.0002021971304,0
19765,0.0005551381037,0.0002021971304,0
19766,0.004061161075,0.0002021971304,0
19767,0.0005291900598,0.0002021971304,0
19768,0.000307347771,0.0002021971304,0
19769,0.000570238044,0.0002021971304,0
19770,0.0004493761517,0.0002021971304,0
19771,0.0006126693916,0.0002021971304,0
19772,0.0001568045409,0.0002021971304,0
19773,0.01407201774,0.0002021971304,1
19774,0.0005446859868,0.0002021971304,0
19775,0.01302611176,0.0002021971304,1
19776,0.0006442285376,0.0002021971304,0
19777,0.001306479564,0.0002021971304,0
19778,0.0009318520897,0.0002021971304,0
19779,0.001873516594,0.0002028410963,0
19780,0.003145107534,0.0002028410963,0
19781,0.005331079476,0.0002028410963,0
19782,0.001852140645,0.0002028410963,0
19783,0.0003398714471,0.0002028410963,0
19784,0.0007326844498,0.0002028410963,0
19785,0.0004067281843,0.0002028410963,0
19786,0.0005118903937,0.0002028410963,0
19787,0.001145465299,0.0002028410963,0
19788,0.002616735175,0.0002028410963,0
19789,0.001413200283,0.0002028410963,0
19790,0.000599673891,0.0002028410963,0
19791,0.0005123807932,0.0002028410963,0
19792,0.001578333322,0.0002028410963,0
19793,0.001381102717,0.0002028410963,0
19794,0.0006806220626,0.0002028410963,0
19795,0.004751969129,0.0002028410963,0
19796,0.0003902059107,0.0002028410963,0
19797,0.0003664249089,0.0002028410963,0
19798,0.002034179866,0.0002028410963,0
19799,0.0002605238114,0.0002029249881,0
19800,0.004056938924,0.0002029249881,0
19801,0.001357552828,0.0002029249881,0
19802,0.0004823632189,0.0002029249881,0
19803,0.001525424886,0.0002029249881,0
19804,0.001255939715,0.0002029249881,0
19805,0.004322380293,0.0002029249881,0
19806,0.0143677555,0.0002029249881,1
19807,0.0007721892907,0.0002029249881,0
19808,0.001293141977,0.0002029249881,0
19809,0.0002836338244,0.0002029249881,0
19810,0.000766184472,0.0002029249881,0
19811,0.001016938011,0.0002029249881,0
19812,0.0003448681964,0.0002029249881,0
19813,0.001712417696,0.0002029249881,0
19814,0.003483321285,0.0002029249881,0
19815,0.002754506189,0.0002029249881,0
19816,0.000931901217,0.0002029249881,0
19817,0.0008115911623,0.0002029249881,0
19818,0.0002572222438,0.0002029249881,0
19819,0.0004559081572,0.000202983807,0
19820,0.0004533252504,0.000202983807,0
19821,0.001620866824,0.000202983807,0
19822,0.001318350318,0.000202983807,0
19823,0.002457228489,0.000202983807,0
19824,0.0005793426535,0.000202983807,0
19825,0.0003305962891,0.000202983807,0
19826,0.002020539017,0.000202983807,0
19827,0.0002013734484,0.000202983807,0
19828,0.0005785499234,0.000202983807,0
19829,0.0007014098228,0.000202983807,0
19830,0.0009820976993,0.000202983807,0
19831,0.002488596365,0.000202983807,0
19832,0.002472572029,0.000202983807,0
19833,0.0005445892457,0.000202983807,0
19834,0.0007395879366,0.000202983807,0
19835,0.0006200766657,0.000202983807,0
19836,0.002026459668,0.000202983807,0
19837,0.0006813981454,0.000202983807,0
19838,0.0008065673173,0.000202983807,0
19839,0.002257300774,0.0002031502227,0
19840,0.0006103850319,0.0002031502227,0
19841,0.002934360877,0.0002031502227,0
19842,0.000820349087,0.0002031502227,0
19843,0.0006571993581,0.0002031502227,0
19844,0.000518746092,0.0002031502227,0
19845,0.0002335233294,0.0002031502227,0
19846,0.0006012836238,0.0002031502227,0
19847,0.005949252285,0.0002031502227,0
19848,0.001240061014,0.0002031502227,0
19849,0.0007867481909,0.0002031502227,0
19850,0.0003973109997,0.0002031502227,0
19851,0.0007899520569,0.0002031502227,0
19852,0.0007751637604,0.0002031502227,0
19853,0.0006625339738,0.0002031502227,0
19854,0.0008426670101,0.0002031502227,0
19855,0.0005175693077,0.0002031502227,0
19856,0.0005419414374,0.0002031502227,0
19857,0.0002992389782,0.0002031502227,0
19858,0.001671327394,0.0002031502227,0
19859,0.0005289926194,0.0002043901477,0
19860,0.0008031292818,0.0002043901477,0
19861,0.0001250313799,0.0002043901477,0
19862,0.003393066814,0.0002043901477,0
19863,0.003441500477,0.0002043901477,0
19864,0.001215978176,0.0002043901477,0
19865,0.001237554941,0.0002043901477,0
19866,0.001107544638,0.0002043901477,0
19867,0.0005180631997,0.0002043901477,0
19868,0.0003782887943,0.0002043901477,0
19869,0.001573928748,0.0002043901477,0
19870,0.0004196543014,0.0002043901477,0
19871,0.002732758643,0.0002043901477,0
19872,0.0001580207463,0.0002043901477,0
19873,0.001042676275,0.0002043901477,0
19874,0.002077626297,0.0002043901477,0
19875,0.004964751657,0.0002043901477,0
19876,0.0002712326823,0.0002043901477,0
19877,0.00146162184,0.0002043901477,0
19878,0.0005898707896,0.0002043901477,0
19879,0.0007987890276,0.0002052172204,0
19880,0.000573052268,0.0002052172204,0
19881,0.001436078339,0.0002052172204,0
19882,0.002789889462,0.0002052172204,0
19883,0.003269278444,0.0002052172204,0
19884,0.0002002550609,0.0002052172204,0
19885,0.0009264806286,0.0002052172204,0
19886,0.001083111856,0.0002052172204,0
19887,0.001150142518,0.0002052172204,0
19888,0.0003250203445,0.0002052172204,0
19889,0.0006535296561,0.0002052172204,0
19890,0.0005151783116,0.0002052172204,0
19891,0.00192810013,0.0002052172204,0
19892,0.0007710104692,0.0002052172204,0
19893,0.0006431008806,0.0002052172204,0
19894,0.002423766069,0.0002052172204,0
19895,0.002127730986,0.0002052172204,0
19896,0.0001039475319,0.0002052172204,0
19897,0.0003325536964,0.0002052172204,0
19898,0.004769154824,0.0002052172204,0
19899,0.001907390659,0.0002058001992,0
19900,0.001902316348,0.0002058001992,0
19901,0.0009745954303,0.0002058001992,0
19902,0.0005914161447,0.0002058001992,0
19903,0.0003280419332,0.0002058001992,0
19904,0.0005556454416,0.0002058001992,0
19905,0.0003227195702,0.0002058001992,0
19906,0.0001757730352,0.0002058001992,0
19907,0.007469101809,0.0002058001992,1
19908,0.0009774405044,0.0002058001992,0
19909,0.0004392219707,0.0002058001992,0
19910,0.001673472929,0.0002058001992,0
19911,0.0004801380855,0.0002058001992,0
19912,0.001228098059,0.0002058001992,0
19913,0.001076427521,0.0002058001992,0
19914,0.001488160226,0.0002058001992,0
19915,0.0002580568835,0.0002058001992,0
19916,0.001446199371,0.0002058001992,0
19917,0.001529250876,0.0002058001992,0
19918,0.0006644885871,0.0002058001992,0
19919,0.0004365897912,0.0002064606815,0
19920,0.001319758361,0.0002064606815,0
19921,0.0005195151316,0.0002064606815,0
19922,0.0008144446183,0.0002064606815,0
19923,0.002873902908,0.0002064606815,0
19924,0.0002210243401,0.0002064606815,0
19925,0.0003134410363,0.0002064606815,0
19926,0.003479652572,0.0002064606815,0
19927,0.001844451996,0.0002064606815,0
19928,0.0002374447795,0.0002064606815,0
19929,0.001181254163,0.0002064606815,0
19930,0.0008925720467,0.0002064606815,0
19931,0.002171935746,0.0002064606815,0
19932,0.0006278365618,0.0002064606815,0
19933,0.004677607212,0.0002064606815,0
19934,0.008023243397,0.0002064606815,1
19935,0.00115262263,0.0002064606815,0
19936,0.0004551026213,0.0002064606815,0
19937,0.001291505992,0.0002064606815,0
19938,0.000760952069,0.0002064606815,0
19939,0.002060310915,0.0002072374336,0
19940,0.0006059494335,0.0002072374336,0
19941,0.001007374027,0.0002072374336,0
19942,0.001078193309,0.0002072374336,0
19943,0.0003480050946,0.0002072374336,0
19944,0.0006891939556,0.0002072374336,0
19945,0.00103626505,0.0002072374336,0
19946,0.0006830674829,0.0002072374336,0
19947,0.002724458929,0.0002072374336,0
19948,0.0005215475685,0.0002072374336,0
19949,0.0003756231745,0.0002072374336,0
19950,0.00132591906,0.0002072374336,0
19951,0.0008075973601,0.0002072374336,0
19952,0.0005672477419,0.0002072374336,0
19953,0.0003774336656,0.0002072374336,0
19954,0.0008821503143,0.0002072374336,0
19955,0.002403081628,0.0002072374336,0
19956,0.0009354203357,0.0002072374336,0
19957,0.001357117202,0.0002072374336,0
19958,0.0004441274796,0.0002072374336,0
19959,0.000158757859,0.0002068312751,0
19960,0.001474223449,0.0002068312751,0
19961,0.0007336547715,0.0002068312751,0
19962,0.0009128926904,0.0002068312751,0
19963,0.0003396662942,0.0002068312751,0
19964,0.0006341002299,0.0002068312751,0
19965,0.001517889905,0.0002068312751,0
19966,0.001870162901,0.0002068312751,0
19967,0.001770741539,0.0002068312751,0
19968,0.001019575866,0.0002068312751,0
19969,0.0003124598006,0.0002068312751,0
19970,0.0007476016181,0.0002068312751,0
19971,0.002100011334,0.0002068312751,0
19972,0.0002068059694,0.0002068312751,0
19973,0.00307461014,0.0002068312751,0
19974,0.003773881588,0.0002068312751,0
19975,9.551226685e-05,0.0002068312751,0
19976,0.0009632731089,0.0002068312751,0
19977,0.001557362499,0.0002068312751,0
19978,0.00368453702,0.0002068312751,0
19979,0.000523538969,0.0002077261306,0
19980,0.001027214108,0.0002077261306,0
19981,0.0003182672372,0.0002077261306,0
19982,0.001183126704,0.0002077261306,0
19983,0.0001277383271,0.0002077261306,0
19984,0.0003131896956,0.0002077261306,0
19985,0.001158435713,0.0002077261306,0
19986,0.001513663796,0.0002077261306,0
19987,0.0002135796822,0.0002077261306,0
19988,0.0003730099997,0.0002077261306,0
19989,0.0003134641447,0.0002077261306,0
19990,0.0005206179339,0.0002077261306,0
19991,0.001271773246,0.0002077261306,0
19992,0.005407490302,0.0002077261306,0
19993,0.002355108969,0.0002077261306,0
19994,0.00172101683,0.0002077261306,0
19995,0.0005554379313,0.0002077261306,0
19996,0.008121432737,0.0002077261306,1
19997,0.001105955103,0.0002077261306,0
19998,0.0001886692189,0.0002077261306,0
19999,0.002253145911,0.0002088727197,0
20000,0.0005161657464,0.0002088727197,0
20001,0.0001907206024,0.0002088727197,0
20002,0.0002336138859,0.0002088727197,0
20003,0.000653163821,0.0002088727197,0
20004,0.003784528002,0.0002088727197,0
20005,0.00144385919,0.0002088727197,0
20006,0.0007675113739,0.0002088727197,0
20007,0.002682723105,0.0002088727197,0
20008,0.001188638038,0.0002088727197,0
20009,0.00298281759,0.0002088727197,0
20010,0.001112827682,0.0002088727197,0
20011,0.001128411619,0.0002088727197,0
20012,0.0003369695041,0.0002088727197,0
20013,0.001297099516,0.0002088727197,0
20014,0.0003402171424,0.0002088727197,0
20015,0.0003070700914,0.0002088727197,0
20016,0.001086256234,0.0002088727197,0
20017,0.003091782099,0.0002088727197,0
20018,0.0001742982422,0.0002088727197,0
20019,0.0002724036167,0.0002088605834,0
20020,0.0005560465506,0.0002088605834,0
20021,0.0006009881618,0.0002088605834,0
20022,0.0009633806185,0.0002088605834,0
20023,0.0003478142899,0.0002088605834,0
20024,0.00120730605,0.0002088605834,0
20025,0.003265751293,0.0002088605834,0
20026,0.0009594449075,0.0002088605834,0
20027,0.001624112483,0.0002088605834,0
20028,0.002794262022,0.0002088605834,0
20029,0.0008970776689,0.0002088605834,0
20030,0.0007474678569,0.0002088605834,0
20031,0.0006774646463,0.0002088605834,0
20032,0.001839227509,0.0002088605834,0
20033,0.0004244484007,0.0002088605834,0
20034,0.0009004814201,0.0002088605834,0
20035,0.001574909431,0.0002088605834,0
20036,0.001714577316,0.0002088605834,0
20037,0.0008874046034,0.0002088605834,0
20038,0.001361737843,0.0002088605834,0
20039,0.0005364441895,0.0002100324491,0
20040,0.001182234148,0.0002100324491,0
20041,0.001523574581,0.0002100324491,0
20042,0.0003913292021,0.0002100324491,0
20043,0.001127932454,0.0002100324491,0
20044,0.0006131371483,0.0002100324491,0
20045,0.0004668511101,0.0002100324491,0
20046,0.0002875859791,0.0002100324491,0
20047,0.0009475722327,0.0002100324491,0
20048,0.004619944841,0.0002100324491,0
20049,0.0002798458736,0.0002100324491,0
20050,0.002538560424,0.0002100324491,0
20051,0.001216284814,0.0002100324491,0
20052,0.0009886621265,0.0002100324491,0
20053,0.000581087952,0.0002100324491,0
20054,0.0002126219915,0.0002100324491,0
20055,0.0005084315198,0.0002100324491,0
20056,0.001810081769,0.0002100324491,0
20057,0.0006706587737,0.0002100324491,0
20058,0.0004702145816,0.0002100324491,0
20059,0.002448336454,0.0002103678416,0
20060,0.0007358263829,0.0002103678416,0
20061,0.0002203156619,0.0002103678416,0
20062,0.0006991248229,0.0002103678416,0
20063,0.001654837979,0.0002103678416,0
20064,0.0005752868019,0.0002103678416,0
20065,0.002565476811,0.0002103678416,0
20066,0.0004278955748,0.0002103678416,0
20067,0.0004546093696,0.0002103678416,0
20068,0.001025420497,0.0002103678416,0
20069,0.002934291726,0.0002103678416,0
20070,0.0006021342706,0.0002103678416,0
20071,0.002156933537,0.0002103678416,0
20072,0.0007943889359,0.0002103678416,0
20073,0.0009451145306,0.0002103678416,0
20074,0.001621778356,0.0002103678416,0
20075,0.0005798586644,0.0002103678416,0
20076,0.0003812081995,0.0002103678416,0
20077,0.001015283051,0.0002103678416,0
20078,0.001349220518,0.0002103678416,0
20079,0.003088972764,0.0002108664921,0
20080,0.001530828886,0.0002108664921,0
20081,0.0001407561358,0.0002108664921,0
20082,0.001911340281,0.0002108664921,0
20083,0.0007110473816,0.0002108664921,0
20084,0.0003201524378,0.0002108664921,0
20085,0.001515488839,0.0002108664921,0
20086,0.001262530684,0.0002108664921,0
20087,0.0005763899535,0.0002108664921,0
20088,0.0009694421315,0.0002108664921,0
20089,0.002735382179,0.0002108664921,0
20090,0.001348144608,0.0002108664921,0
20091,0.000509488862,0.0002108664921,0
20092,0.001853157766,0.0002108664921,0
20093,0.0002262585622,0.0002108664921,0
20094,0.001154266647,0.0002108664921,0
20095,0.0015723994,0.0002108664921,0
20096,0.0002643358894,0.0002108664921,0
20097,0.0006700348458,0.0002108664921,0
20098,0.0002787523554,0.0002108664921,0
20099,0.0005942686694,0.0002110672212,0
20100,0.001982366201,0.0002110672212,0
20101,0.0005699179601,0.0002110672212,0
20102,0.0002767872356,0.0002110672212,0
20103,0.002458258066,0.0002110672212,0
20104,0.001394628081,0.0002110672212,0
20105,0.0009109671228,0.0002110672212,0
20106,0.001101729344,0.0002110672212,0
20107,0.0004783542245,0.0002110672212,0
20108,0.0005600547884,0.0002110672212,0
20109,0.000957981043,0.0002110672212,0
20110,0.002687769709,0.0002110672212,0
20111,0.02883128636,0.0002110672212,1
20112,0.0005728888209,0.0002110672212,0
20113,0.000490323233,0.0002110672212,0
20114,0.0003339237301,0.0002110672212,0
20115,0.0005623865873,0.0002110672212,0
20116,0.002153605688,0.0002110672212,0
20117,0.0002601922897,0.0002110672212,0
20118,0.001731031109,0.0002110672212,0
20119,0.001303717261,0.0002107230248,0
20120,0.001205052133,0.0002107230248,0
20121,0.001041184645,0.0002107230248,0
20122,0.0007386299549,0.0002107230248,0
20123,0.0009794904618,0.0002107230248,0
20124,0.0002311378485,0.0002107230248,0
20125,0.002709654626,0.0002107230248,0
20126,0.0009053060203,0.0002107230248,0
20127,0.001083349925,0.0002107230248,0
20128,0.0004774488625,0.0002107230248,0
20129,0.0001756318234,0.0002107230248,0
20130,0.0007415041327,0.0002107230248,0
20131,0.0004889743868,0.0002107230248,0
20132,0.0005521890707,0.0002107230248,0
20133,0.001318324474,0.0002107230248,0
20134,0.0007142586401,0.0002107230248,0
20135,0.001101339003,0.0002107230248,0
20136,0.0007486175746,0.0002107230248,0
20137,0.0009156488231,0.0002107230248,0
20138,0.0003043588076,0.0002107230248,0
20139,0.0004712090886,0.0002118538541,0
20140,0.001324595883,0.0002118538541,0
20141,0.001632240601,0.0002118538541,0
20142,0.0007143166149,0.0002118538541,0
20143,0.004330225289,0.0002118538541,0
20144,0.000397273805,0.0002118538541,0
20145,0.0005477601662,0.0002118538541,0
20146,0.0006096150028,0.0002118538541,0
20147,0.0007691105129,0.0002118538541,0
20148,0.0009856310207,0.0002118538541,0
20149,0.001495518605,0.0002118538541,0
20150,0.001692139427,0.0002118538541,0
20151,0.000519998197,0.0002118538541,0
20152,0.001114766812,0.0002118538541,0
20153,0.0005440613022,0.0002118538541,0
20154,0.002029355615,0.0002118538541,0
20155,0.001123153488,0.0002118538541,0
20156,0.0003846489999,0.0002118538541,0
20157,0.0002295374579,0.0002118538541,0
20158,0.0005996967666,0.0002118538541,0
20159,0.0004515001783,0.0002118575649,0
20160,0.0003319418465,0.0002118575649,0
20161,0.001939382055,0.0002118575649,0
20162,0.003999850247,0.0002118575649,0
20163,0.0003788204049,0.0002118575649,0
20164,0.0004097549536,0.0002118575649,0
20165,0.0004182544071,0.0002118575649,0
20166,0.00147280097,0.0002118575649,0
20167,0.0003991454432,0.0002118575649,0
20168,0.0005108338664,0.0002118575649,0
20169,0.001997173065,0.0002118575649,0
20170,0.001276482479,0.0002118575649,0
20171,0.0001505841356,0.0002118575649,0
20172,0.001147292671,0.0002118575649,0
20173,0.0005264697829,0.0002118575649,0
20174,0.0001311256201,0.0002118575649,0
20175,0.001161773806,0.0002118575649,0
20176,0.0004235686501,0.0002118575649,0
20177,0.0003526072251,0.0002118575649,0
20178,0.001307554776,0.0002118575649,0
20179,0.0007360008312,0.0002118420234,0
20180,0.0007437113672,0.0002118420234,0
20181,0.001252964605,0.0002118420234,0
20182,0.001049560728,0.0002118420234,0
20183,0.0006256377674,0.0002118420234,0
20184,0.0005497451057,0.0002118420234,0
20185,0.00236036093,0.0002118420234,0
20186,0.000113941991,0.0002118420234,0
20187,0.0008804033278,0.0002118420234,0
20188,0.002902308479,0.0002118420234,0
20189,0.0005762886722,0.0002118420234,0
20190,0.0006319953827,0.0002118420234,0
20191,0.001293972367,0.0002118420234,0
20192,0.0008982996223,0.0002118420234,0
20193,0.0007983798278,0.0002118420234,0
20194,0.002500456525,0.0002118420234,0
20195,0.0004357920843,0.0002118420234,0
20196,0.0005079510738,0.0002118420234,0
20197,0.003335437039,0.0002118420234,0
20198,0.000356838922,0.0002118420234,0
20199,0.0005459015374,0.0002119525598,0
20200,0.001616847585,0.0002119525598,0
20201,0.001463163528,0.0002119525598,0
20202,0.001070813742,0.0002119525598,0
20203,0.0008020809619,0.0002119525598,0
20204,0.001121219597,0.0002119525598,0
20205,0.004130269866,0.0002119525598,0
20206,0.001032572938,0.0002119525598,0
20207,0.0004296729167,0.0002119525598,0
20208,0.001753547462,0.0002119525598,0
20209,0.0005280985497,0.0002119525598,0
20210,0.00107401493,0.0002119525598,0
20211,0.0003568466636,0.0002119525598,0
20212,0.0005429931334,0.0002119525598,0
20213,0.001054138062,0.0002119525598,0
20214,0.0002326160029,0.0002119525598,0
20215,0.0004459336633,0.0002119525598,0
20216,0.001085448312,0.0002119525598,0
20217,0.001116094179,0.0002119525598,0
20218,0.0002521284914,0.0002119525598,0
20219,0.001460234984,0.0002118890261,0
20220,0.001431548037,0.0002118890261,0
20221,0.0002634600096,0.0002118890261,0
20222,0.0002804089163,0.0002118890261,0
20223,0.002990611363,0.0002118890261,0
20224,0.001006794162,0.0002118890261,0
20225,0.0006034360267,0.0002118890261,0
20226,0.000840208726,0.0002118890261,0
20227,0.001881046919,0.0002118890261,0
20228,0.001891377266,0.0002118890261,0
20229,0.001115011401,0.0002118890261,0
20230,0.002590724733,0.0002118890261,0
20231,0.0001850240078,0.0002118890261,0
20232,0.001884184778,0.0002118890261,0
20233,0.001093264204,0.0002118890261,0
20234,0.0007279407582,0.0002118890261,0
20235,0.0004215695953,0.0002118890261,0
20236,0.0006332900375,0.0002118890261,0
20237,0.0008848884609,0.0002118890261,0
20238,0.000945989741,0.0002118890261,0
20239,0.0009818586987,0.0002126062609,0
20240,0.001776455087,0.0002126062609,0
20241,0.00394801842,0.0002126062609,0
20242,0.001184295048,0.0002126062609,0
20243,0.0007724451716,0.0002126062609,0
20244,0.0003764653229,0.0002126062609,0
20245,0.0004885423696,0.0002126062609,0
20246,0.0008807352278,0.0002126062609,0
20247,0.006642212626,0.0002126062609,0
20248,0.002313407836,0.0002126062609,0
20249,0.000180614079,0.0002126062609,0
20250,0.001585480757,0.0002126062609,0
20251,0.002301407978,0.0002126062609,0
20252,0.0001569208835,0.0002126062609,0
20253,0.0006090535899,0.0002126062609,0
20254,0.0007361835451,0.0002126062609,0
20255,0.0003189732961,0.0002126062609,0
20256,0.0003792158677,0.0002126062609,0
20257,0.0003205646062,0.0002126062609,0
20258,0.0009328590822,0.0002126062609,0
20259,0.002243121155,0.0002126006439,0
20260,0.001658354304,0.0002126006439,0
20261,0.0007363199256,0.0002126006439,0
20262,0.0002665491484,0.0002126006439,0
20263,0.001084127696,0.0002126006439,0
20264,0.0008551931824,0.0002126006439,0
20265,0.0007556536584,0.0002126006439,0
20266,0.002303100191,0.0002126006439,0
20267,0.0005026754225,0.0002126006439,0
20268,0.0004338681465,0.0002126006439,0
20269,0.0003220938379,0.0002126006439,0
20270,0.0008239844465,0.0002126006439,0
20271,0.004012559075,0.0002126006439,0
20272,0.002456089947,0.0002126006439,0
20273,0.0005018525408,0.0002126006439,0
20274,0.0004558310029,0.0002126006439,0
20275,0.0003006222541,0.0002126006439,0
20276,0.000439493102,0.0002126006439,0
20277,0.0004156716168,0.0002126006439,0
20278,0.001190761221,0.0002126006439,0
20279,0.0007346123457,0.0002123201266,0
20280,0.0004523104581,0.0002123201266,0
20281,0.0004381156759,0.0002123201266,0
20282,0.0003683093528,0.0002123201266,0
20283,0.001208606409,0.0002123201266,0
20284,0.001035943627,0.0002123201266,0
20285,0.0003238364297,0.0002123201266,0
20286,0.00102939771,0.0002123201266,0
20287,0.0003087696095,0.0002123201266,0
20288,0.001766889705,0.0002123201266,0
20289,0.001024626428,0.0002123201266,0
20290,0.0007408934762,0.0002123201266,0
20291,0.0002747365215,0.0002123201266,0
20292,0.0019088072,0.0002123201266,0
20293,0.0002757168841,0.0002123201266,0
20294,0.0007770670927,0.0002123201266,0
20295,0.001790117938,0.0002123201266,0
20296,0.0002825636184,0.0002123201266,0
20297,0.003437804524,0.0002123201266,0
20298,0.001546262996,0.0002123201266,0
20299,0.001483885222,0.0002125232131,0
20300,0.0001362946787,0.0002125232131,0
20301,0.000539643399,0.0002125232131,0
20302,0.001256666263,0.0002125232131,0
20303,0.005951348692,0.0002125232131,0
20304,0.0006900401204,0.0002125232131,0
20305,0.0007043993683,0.0002125232131,0
20306,0.0007906955434,0.0002125232131,0
20307,0.0003432019148,0.0002125232131,0
20308,0.001538768294,0.0002125232131,0
20309,0.00139022537,0.0002125232131,0
20310,0.0004413283023,0.0002125232131,0
20311,0.0002477787493,0.0002125232131,0
20312,0.0004024364171,0.0002125232131,0
20313,0.0007075399626,0.0002125232131,0
20314,0.009578307159,0.0002125232131,1
20315,0.0002898632665,0.0002125232131,0
20316,0.000319989631,0.0002125232131,0
20317,0.001211912837,0.0002125232131,0
20318,0.0003053653054,0.0002125232131,0
20319,0.0003884808393,0.0002134914539,0
20320,0.0005305130035,0.0002134914539,0
20321,0.0004989808658,0.0002134914539,0
20322,0.001177275321,0.0002134914539,0
20323,0.001252261223,0.0002134914539,0
20324,0.00217101071,0.0002134914539,0
20325,0.0004311369266,0.0002134914539,0
20326,0.0008766934625,0.0002134914539,0
20327,0.001034441753,0.0002134914539,0
20328,0.0018821907,0.0002134914539,0
20329,0.0005586788757,0.0002134914539,0
20330,0.001089514233,0.0002134914539,0
20331,0.0005760981585,0.0002134914539,0
20332,0.001088676276,0.0002134914539,0
20333,0.0004492087755,0.0002134914539,0
20334,0.0005199278239,0.0002134914539,0
20335,0.0005946037127,0.0002134914539,0
20336,0.000471901265,0.0002134914539,0
20337,0.0006249421276,0.0002134914539,0
20338,0.001232770621,0.0002134914539,0
20339,0.0002571224177,0.0002141874866,0
20340,0.0002469152678,0.0002141874866,0
20341,0.0007779898006,0.0002141874866,0
20342,0.0007661026902,0.0002141874866,0
20343,0.002883616369,0.0002141874866,0
20344,0.0009268571157,0.0002141874866,0
20345,0.0004652767675,0.0002141874866,0
20346,0.0009130512481,0.0002141874866,0
20347,0.002066866029,0.0002141874866,0
20348,0.000342799467,0.0002141874866,0
20349,0.004984071013,0.0002141874866,0
20350,0.0002783719683,0.0002141874866,0
20351,0.001506786677,0.0002141874866,0
20352,0.001704656868,0.0002141874866,0
20353,0.002635776531,0.0002141874866,0
20354,0.004038814455,0.0002141874866,0
20355,0.0006106338697,0.0002141874866,0
20356,0.0004203202261,0.0002141874866,0
20357,0.0002755202877,0.0002141874866,0
20358,0.0001597670926,0.0002141874866,0
20359,0.001579305273,0.0002150587388,0
20360,0.0009373486391,0.0002150587388,0
20361,0.003117654473,0.0002150587388,0
20362,0.01152894646,0.0002150587388,1
20363,0.0005206752103,0.0002150587388,0
20364,0.000337992562,0.0002150587388,0
20365,0.001049321378,0.0002150587388,0
20366,0.00167391391,0.0002150587388,0
20367,0.001133039361,0.0002150587388,0
20368,0.0008879639208,0.0002150587388,0
20369,0.0007772628451,0.0002150587388,0
20370,0.002420607721,0.0002150587388,0
20371,0.00179580634,0.0002150587388,0
20372,0.0005869235029,0.0002150587388,0
20373,0.0003217449703,0.0002150587388,0
20374,0.0009960910538,0.0002150587388,0
20375,0.0007895847666,0.0002150587388,0
20376,0.0006181042991,0.0002150587388,0
20377,0.001846955507,0.0002150587388,0
20378,0.001255571959,0.0002150587388,0
20379,0.002444249345,0.0002153600362,0
20380,0.0011458589,0.0002153600362,0
20381,0.0001417333551,0.0002153600362,0
20382,0.0005930679617,0.0002153600362,0
20383,0.001107570366,0.0002153600362,0
20384,0.0003057783761,0.0002153600362,0
20385,0.0009740638779,0.0002153600362,0
20386,0.0004328811483,0.0002153600362,0
20387,0.0006005879259,0.0002153600362,0
20388,0.0005003536353,0.0002153600362,0
20389,0.002761645708,0.0002153600362,0
20390,0.0002374812029,0.0002153600362,0
20391,0.0008476043004,0.0002153600362,0
20392,0.0009370768676,0.0002153600362,0
20393,0.0008290032274,0.0002153600362,0
20394,0.003852692666,0.0002153600362,0
20395,0.004490547813,0.0002153600362,0
20396,0.00117648649,0.0002153600362,0
20397,0.005446372554,0.0002153600362,0
20398,0.0008040681132,0.0002153600362,0
20399,0.0006712962058,0.0002151627414,0
20400,0.003070932813,0.0002151627414,0
20401,0.002675241558,0.0002151627414,0
20402,0.001086136559,0.0002151627414,0
20403,0.0007299917634,0.0002151627414,0
20404,0.001886693412,0.0002151627414,0
20405,0.003642315976,0.0002151627414,0
20406,0.001735118218,0.0002151627414,0
20407,0.001668051467,0.0002151627414,0
20408,0.002399414545,0.0002151627414,0
20409,0.0003745806753,0.0002151627414,0
20410,0.001743616187,0.0002151627414,0
20411,0.0004316719715,0.0002151627414,0
20412,0.002211151179,0.0002151627414,0
20413,0.0008812173037,0.0002151627414,0
20414,0.0001981578389,0.0002151627414,0
20415,0.002174018184,0.0002151627414,0
20416,0.0007110319566,0.0002151627414,0
20417,0.001275304821,0.0002151627414,0
20418,0.0004851228732,0.0002151627414,0
20419,0.0005033007474,0.0002156419359,0
20420,0.0004891309654,0.0002156419359,0
20421,0.0007885657833,0.0002156419359,0
20422,0.0002152990637,0.0002156419359,0
20423,0.002215251327,0.0002156419359,0
20424,0.0006602297653,0.0002156419359,0
20425,0.00167078455,0.0002156419359,0
20426,0.0003922928881,0.0002156419359,0
20427,0.000424017664,0.0002156419359,0
20428,0.001346328529,0.0002156419359,0
20429,0.0005471477634,0.0002156419359,0
20430,0.002780616051,0.0002156419359,0
20431,0.0008122767322,0.0002156419359,0
20432,0.0007296724361,0.0002156419359,0
20433,0.00279757008,0.0002156419359,0
20434,0.0008962807478,0.0002156419359,0
20435,0.001656708773,0.0002156419359,0
20436,0.0007536659832,0.0002156419359,0
20437,0.0004843180359,0.0002156419359,0
20438,0.0004507534322,0.0002156419359,0
20439,0.000764667755,0.0002159387222,0
20440,0.0009077636059,0.0002159387222,0
20441,0.01010280848,0.0002159387222,1
20442,0.001368659781,0.0002159387222,0
20443,0.001102115377,0.0002159387222,0
20444,0.003092001192,0.0002159387222,0
20445,0.0009800022235,0.0002159387222,0
20446,0.0004459401825,0.0002159387222,0
20447,0.0003456083068,0.0002159387222,0
20448,0.0001697083644,0.0002159387222,0
20449,0.00224514259,0.0002159387222,0
20450,0.00309680542,0.0002159387222,0
20451,0.0001520385413,0.0002159387222,0
20452,0.001734967576,0.0002159387222,0
20453,0.001455254271,0.0002159387222,0
20454,0.0004401051265,0.0002159387222,0
20455,0.000295294536,0.0002159387222,0
20456,0.001105871866,0.0002159387222,0
20457,0.00010619768,0.0002159387222,0
20458,0.0004198627139,0.0002159387222,0
20459,0.0001700157736,0.0002166875202,0
20460,0.001853361377,0.0002166875202,0
20461,0.0003284472914,0.0002166875202,0
20462,0.0004782812612,0.0002166875202,0
20463,0.0005177643616,0.0002166875202,0
20464,0.001875414746,0.0002166875202,0
20465,0.0008334131562,0.0002166875202,0
20466,0.001072645769,0.0002166875202,0
20467,0.000549998018,0.0002166875202,0
20468,0.002406920074,0.0002166875202,0
20469,0.000817499531,0.0002166875202,0
20470,0.0003771573538,0.0002166875202,0
20471,0.002594635123,0.0002166875202,0
20472,0.0005584405735,0.0002166875202,0
20473,0.001004999271,0.0002166875202,0
20474,0.004788939375,0.0002166875202,0
20475,0.0008614353137,0.0002166875202,0
20476,0.0006211586297,0.0002166875202,0
20477,0.0008920514374,0.0002166875202,0
20478,0.0005610433291,0.0002166875202,0
20479,0.00033165075,0.0002168396022,0
20480,0.0003140277695,0.0002168396022,0
20481,0.001333583263,0.0002168396022,0
20482,0.001471067313,0.0002168396022,0
20483,0.001441391301,0.0002168396022,0
20484,0.0013904277,0.0002168396022,0
20485,0.0003626979014,0.0002168396022,0
20486,0.00304476521,0.0002168396022,0
20487,0.0002943649306,0.0002168396022,0
20488,0.0008645219496,0.0002168396022,0
20489,0.0009665134712,0.0002168396022,0
20490,0.0009503226029,0.0002168396022,0
20491,0.0002417537034,0.0002168396022,0
20492,0.0004721387522,0.0002168396022,0
20493,0.001530725625,0.0002168396022,0
20494,0.0008996492252,0.0002168396022,0
20495,0.001194049721,0.0002168396022,0
20496,0.001721281093,0.0002168396022,0
20497,0.000634122116,0.0002168396022,0
20498,0.0003073787666,0.0002168396022,0
20499,0.0003348844475,0.000217038003,0
20500,0.001029360574,0.000217038003,0
20501,0.0006759787211,0.000217038003,0
20502,0.003809585236,0.000217038003,0
20503,0.002376395976,0.000217038003,0
20504,0.000429436157,0.000217038003,0
20505,0.0009658315685,0.000217038003,0
20506,0.00150483707,0.000217038003,0
20507,0.001219627215,0.000217038003,0
20508,0.0001817673328,0.000217038003,0
20509,0.0004095583572,0.000217038003,0
20510,0.001626002486,0.000217038003,0
20511,0.001873131027,0.000217038003,0
20512,0.0001608921739,0.000217038003,0
20513,0.0008658422157,0.000217038003,0
20514,0.0006059447769,0.000217038003,0
20515,0.0001687264594,0.000217038003,0
20516,0.002331071068,0.000217038003,0
20517,0.0002773036831,0.000217038003,0
20518,0.0002512604988,0.000217038003,0
20519,0.001262581558,0.0002171936067,0
20520,0.0004815848952,0.0002171936067,0
20521,0.001972161466,0.0002171936067,0
20522,0.002729004016,0.0002171936067,0
20523,0.001483801985,0.0002171936067,0
20524,0.0008185509942,0.0002171936067,0
20525,0.001606449136,0.0002171936067,0
20526,0.0003282268008,0.0002171936067,0
20527,0.001035258174,0.0002171936067,0
20528,0.0002005694405,0.0002171936067,0
20529,0.005293144379,0.0002171936067,0
20530,0.0003682018432,0.0002171936067,0
20531,0.001136306091,0.0002171936067,0
20532,0.001439439482,0.0002171936067,0
20533,0.0005138752749,0.0002171936067,0
20534,0.0001539881341,0.0002171936067,0
20535,0.000517551438,0.0002171936067,0
20536,0.0002587096824,0.0002171936067,0
20537,0.001699248562,0.0002171936067,0
20538,0.0001966611599,0.0002171936067,0
20539,0.0001437492756,0.0002177987481,0
20540,0.0006213161396,0.0002177987481,0
20541,0.0007466545212,0.0002177987481,0
20542,0.001705420786,0.0002177987481,0
20543,0.0003147857205,0.0002177987481,0
20544,0.0003035469272,0.0002177987481,0
20545,0.000334155513,0.0002177987481,0
20546,0.0008779549971,0.0002177987481,0
20547,0.000678690034,0.0002177987481,0
20548,0.0003805294982,0.0002177987481,0
20549,0.0004722311278,0.0002177987481,0
20550,0.0003519884485,0.0002177987481,0
20551,0.00072185311,0.0002177987481,0
20552,0.001460575382,0.0002177987481,0
20553,0.006064845249,0.0002177987481,0
20554,0.007984984666,0.0002177987481,1
20555,0.006611496676,0.0002177987481,0
20556,0.001112340833,0.0002177987481,0
20557,0.0005092432839,0.0002177987481,0
20558,0.0009575209697,0.0002177987481,0
20559,0.0004101996019,0.0002184177283,0
20560,0.0009372386266,0.0002184177283,0
20561,0.00139318197,0.0002184177283,0
20562,0.001308987499,0.0002184177283,0
20563,0.001733267913,0.0002184177283,0
20564,0.0007567004068,0.0002184177283,0
20565,0.0004463648074,0.0002184177283,0
20566,0.001372431172,0.0002184177283,0
20567,0.0001865742088,0.0002184177283,0
20568,0.00131149427,0.0002184177283,0
20569,0.0008258189191,0.0002184177283,0
20570,0.0003102579503,0.0002184177283,0
20571,0.001814142684,0.0002184177283,0
20572,0.0002638301521,0.0002184177283,0
20573,0.00220875931,0.0002184177283,0
20574,0.0003369197075,0.0002184177283,0
20575,0.0008701847983,0.0002184177283,0
20576,0.000139870157,0.0002184177283,0
20577,0.0007103082025,0.0002184177283,0
20578,0.0005006007268,0.0002184177283,0
20579,0.00052340806,0.0002195020934,0
20580,0.001387450611,0.0002195020934,0
20581,0.0004773796827,0.0002195020934,0
20582,0.0003541302576,0.0002195020934,0
20583,0.001503842184,0.0002195020934,0
20584,0.002840489848,0.0002195020934,0
20585,0.001023054239,0.0002195020934,0
20586,0.0010194676,0.0002195020934,0
20587,0.003120659385,0.0002195020934,0
20588,8.87116621e-05,0.0002195020934,0
20589,0.0009044899489,0.0002195020934,0
20590,0.001342917327,0.0002195020934,0
20591,0.0009927413194,0.0002195020934,0
20592,0.0004447881074,0.0002195020934,0
20593,0.001097033033,0.0002195020934,0
20594,0.000420640572,0.0002195020934,0
20595,0.0001633905486,0.0002195020934,0
20596,0.002843404887,0.0002195020934,0
20597,0.0006459801225,0.0002195020934,0
20598,0.0001625802688,0.0002195020934,0
20599,0.0001859332551,0.0002203129989,0
20600,0.02167320438,0.0002203129989,1
20601,0.001704309252,0.0002203129989,0
20602,0.00129620207,0.0002203129989,0
20603,0.0008764241356,0.0002203129989,0
20604,0.0003635711619,0.0002203129989,0
20605,0.0002297173633,0.0002203129989,0
20606,0.0006744668935,0.0002203129989,0
20607,0.0009843278676,0.0002203129989,0
20608,0.0004778789589,0.0002203129989,0
20609,0.0005701873451,0.0002203129989,0
20610,0.0003481079184,0.0002203129989,0
20611,0.001130586956,0.0002203129989,0
20612,0.004487554543,0.0002203129989,0
20613,0.01088537928,0.0002203129989,1
20614,0.00403619837,0.0002203129989,0
20615,0.0002504485601,0.0002203129989,0
20616,0.0009416334215,0.0002203129989,0
20617,0.0003191146825,0.0002203129989,0
20618,0.0008370238938,0.0002203129989,0
20619,0.0003178270708,0.0002216084249,0
20620,0.001297826762,0.0002216084249,0
20621,0.005629051942,0.0002216084249,0
20622,0.0007436837186,0.0002216084249,0
20623,0.0003779345134,0.0002216084249,0
20624,0.002806082135,0.0002216084249,0
20625,0.001329713035,0.0002216084249,0
20626,0.007182451431,0.0002216084249,0
20627,0.001447544317,0.0002216084249,0
20628,0.001104295603,0.0002216084249,0
20629,0.001938793692,0.0002216084249,0
20630,0.0002951796341,0.0002216084249,0
20631,0.0008748373366,0.0002216084249,0
20632,0.000124437327,0.0002216084249,0
20633,0.0003063285258,0.0002216084249,0
20634,0.0003851884103,0.0002216084249,0
20635,0.0003019142605,0.0002216084249,0
20636,0.0009133920539,0.0002216084249,0
20637,0.006102124229,0.0002216084249,0
20638,0.002440050943,0.0002216084249,0
20639,0.00070810545,0.0002232793486,0
20640,0.0002878339146,0.0002232793486,0
20641,0.006019591819,0.0002232793486,0
20642,0.001759278122,0.0002232793486,0
20643,0.00111537287,0.0002232793486,0
20644,0.0005879081436,0.0002232793486,0
20645,0.002264726209,0.0002232793486,0
20646,0.00169446948,0.0002232793486,0
20647,0.005730481353,0.0002232793486,0
20648,0.002428041538,0.0002232793486,0
20649,0.0005248439265,0.0002232793486,0
20650,0.0009013829404,0.0002232793486,0
20651,0.0003809342161,0.0002232793486,0
20652,0.0005795101752,0.0002232793486,0
20653,0.000467389269,0.0002232793486,0
20654,0.0002060455008,0.0002232793486,0
20655,0.001595898066,0.0002232793486,0
20656,0.004144072998,0.0002232793486,0
20657,0.001409174409,0.0002232793486,0
20658,0.001431490993,0.0002232793486,0
20659,0.003859862685,0.0002234805579,0
20660,0.001111303107,0.0002234805579,0
20661,0.005074009299,0.0002234805579,0
20662,0.0006948213559,0.0002234805579,0
20663,0.003973701503,0.0002234805579,0
20664,0.0007228713366,0.0002234805579,0
20665,0.004495984875,0.0002234805579,0
20666,0.01107714605,0.0002234805579,1
20667,0.0009078763542,0.0002234805579,0
20668,0.0006903175963,0.0002234805579,0
20669,0.004469117615,0.0002234805579,0
20670,0.003532735165,0.0002234805579,0
20671,0.01063498855,0.0002234805579,1
20672,0.0002578680869,0.0002234805579,0
20673,0.0004520216316,0.0002234805579,0
20674,0.001628097263,0.0002234805579,0
20675,0.0001016309325,0.0002234805579,0
20676,0.0002654520504,0.0002234805579,0
20677,0.001237460645,0.0002234805579,0
20678,0.001361424569,0.0002234805579,0
20679,0.0001307952189,0.0002234218118,0
20680,0.0001634479413,0.0002234218118,0
20681,0.000399381126,0.0002234218118,0
20682,0.001943698735,0.0002234218118,0
20683,0.001032101805,0.0002234218118,0
20684,0.002067554044,0.0002234218118,0
20685,0.0003996304877,0.0002234218118,0
20686,0.0002560257853,0.0002234218118,0
20687,0.000621257117,0.0002234218118,0
20688,0.0001152810728,0.0002234218118,0
20689,0.001083801151,0.0002234218118,0
20690,0.0005472443881,0.0002234218118,0
20691,0.0004667056201,0.0002234218118,0
20692,0.005147412885,0.0002234218118,0
20693,0.000914142991,0.0002234218118,0
20694,0.002465787809,0.0002234218118,0
20695,0.0007251459174,0.0002234218118,0
20696,0.0009152528946,0.0002234218118,0
20697,0.001620934578,0.0002234218118,0
20698,0.001662233029,0.0002234218118,0
20699,0.0001914198947,0.0002245523647,0
20700,0.0003436253464,0.0002245523647,0
20701,0.0006670834846,0.0002245523647,0
20702,0.001598958974,0.0002245523647,0
20703,0.0006115371943,0.0002245523647,0
20704,0.0002645177301,0.0002245523647,0
20705,0.002018284751,0.0002245523647,0
20706,0.000727449602,0.0002245523647,0
20707,0.002197395312,0.0002245523647,0
20708,0.001534536597,0.0002245523647,0
20709,0.006170118228,0.0002245523647,0
20710,0.001291886554,0.0002245523647,0
20711,0.0003965300857,0.0002245523647,0
20712,0.0008934183861,0.0002245523647,0
20713,0.001148103271,0.0002245523647,0
20714,0.0004035397433,0.0002245523647,0
20715,0.0002338935592,0.0002245523647,0
20716,0.0006698491634,0.0002245523647,0
20717,0.001057986985,0.0002245523647,0
20718,0.003542426508,0.0002245523647,0
20719,0.0001952680759,0.0002249382087,0
20720,0.0001968273718,0.0002249382087,0
20721,0.0009905328043,0.0002249382087,0
20722,0.0009845992317,0.0002249382087,0
20723,0.001624954864,0.0002249382087,0
20724,0.004586138297,0.0002249382087,0
20725,0.0005905978032,0.0002249382087,0
20726,0.0005718564498,0.0002249382087,0
20727,0.001607353799,0.0002249382087,0
20728,0.001681103604,0.0002249382087,0
20729,0.0003374245425,0.0002249382087,0
20730,0.0001641363924,0.0002249382087,0
20731,0.01564711705,0.0002249382087,1
20732,0.0007830951945,0.0002249382087,0
20733,0.0001894104644,0.0002249382087,0
20734,0.0002776349138,0.0002249382087,0
20735,0.001548502478,0.0002249382087,0
20736,0.0002686569642,0.0002249382087,0
20737,0.001277424628,0.0002249382087,0
20738,0.006001448259,0.0002249382087,0
20739,0.0006682483363,0.0002261967311,0
20740,0.001494536758,0.0002261967311,0
20741,0.0005387964775,0.0002261967311,0
20742,0.0006266101263,0.0002261967311,0
20743,0.001871544169,0.0002261967311,0
20744,0.0001461599022,0.0002261967311,0
20745,0.0005099456175,0.0002261967311,0
20746,0.000697318872,0.0002261967311,0
20747,0.0004071304284,0.0002261967311,0
20748,0.0006656215992,0.0002261967311,0
20749,0.0007808580413,0.0002261967311,0
20750,0.0003529474488,0.0002261967311,0
20751,0.00254026195,0.0002261967311,0
20752,0.0005647054641,0.0002261967311,0
20753,0.0003377437533,0.0002261967311,0
20754,0.001038929564,0.0002261967311,0
20755,0.001586380298,0.0002261967311,0
20756,0.001271139248,0.0002261967311,0
20757,0.0002914648503,0.0002261967311,0
20758,0.0008007884608,0.0002261967311,0
20759,0.004106976558,0.0002266901138,0
20760,0.000377707358,0.0002266901138,0
20761,0.0003272870672,0.0002266901138,0
20762,0.0005241081235,0.0002266901138,0
20763,0.006949766539,0.0002266901138,0
20764,0.0007844745414,0.0002266901138,0
20765,0.0005777316983,0.0002266901138,0
20766,0.002252774779,0.0002266901138,0
20767,0.001226999797,0.0002266901138,0
20768,0.0007640789845,0.0002266901138,0
20769,0.0008871257887,0.0002266901138,0
20770,0.001246389234,0.0002266901138,0
20771,0.0007355895941,0.0002266901138,0
20772,0.0001750609081,0.0002266901138,0
20773,0.000465555524,0.0002266901138,0
20774,0.001899049734,0.0002266901138,0
20775,0.002896160586,0.0002266901138,0
20776,0.0003879551368,0.0002266901138,0
20777,0.006903974805,0.0002266901138,0
20778,0.0005238124868,0.0002266901138,0
20779,0.0004224839504,0.000227038443,0
20780,0.0004671557108,0.000227038443,0
20781,0.0003430073848,0.000227038443,0
20782,0.0008320937632,0.000227038443,0
20783,0.001954520587,0.000227038443,0
20784,0.0009040277801,0.000227038443,0
20785,0.001025512232,0.000227038443,0
20786,0.00826159399,0.000227038443,1
20787,0.001129187178,0.000227038443,0
20788,0.001318468363,0.000227038443,0
20789,0.000273603684,0.000227038443,0
20790,0.003744001035,0.000227038443,0
20791,0.0004502973752,0.000227038443,0
20792,0.001585690072,0.000227038443,0
20793,0.0008356705075,0.000227038443,0
20794,0.0008829687722,0.000227038443,0
20795,0.004377294332,0.000227038443,0
20796,0.001558732707,0.000227038443,0
20797,0.0009411122301,0.000227038443,0
20798,0.0003409606579,0.000227038443,0
20799,0.0002113521477,0.0002271711564,0
20800,0.0007024880615,0.0002271711564,0
20801,0.001052948763,0.0002271711564,0
20802,0.0004929592251,0.0002271711564,0
20803,0.0009402428987,0.0002271711564,0
20804,0.0006540885079,0.0002271711564,0
20805,0.0002230991668,0.0002271711564,0
20806,0.005439753644,0.0002271711564,0
20807,0.00168261095,0.0002271711564,0
20808,0.0004277147527,0.0002271711564,0
20809,0.0002770587453,0.0002271711564,0
20810,0.0002041188854,0.0002271711564,0
20811,0.0009384972509,0.0002271711564,0
20812,0.0003508321533,0.0002271711564,0
20813,0.0007019760669,0.0002271711564,0
20814,0.0005383061944,0.0002271711564,0
20815,0.002564929659,0.0002271711564,0
20816,0.0006888768403,0.0002271711564,0
20817,0.002864549402,0.0002271711564,0
20818,0.0002166730992,0.0002271711564,0
20819,0.0408988744,0.0002278458414,1
20820,0.0007505225367,0.0002278458414,0
20821,0.00845888257,0.0002278458414,1
20822,0.0003996466403,0.0002278458414,0
20823,0.0004573361948,0.0002278458414,0
20824,0.003053595778,0.0002278458414,0
20825,0.001968445489,0.0002278458414,0
20826,0.002526927274,0.0002278458414,0
20827,0.0009288523579,0.0002278458414,0
20828,0.0006549272803,0.0002278458414,0
20829,0.00100904901,0.0002278458414,0
20830,0.0005504013388,0.0002278458414,0
20831,0.002934622113,0.0002278458414,0
20832,0.0001970826124,0.0002278458414,0
20833,0.000446340302,0.0002278458414,0
20834,0.00156853802,0.0002278458414,0
20835,0.0002623735345,0.0002278458414,0
20836,0.002424249426,0.0002278458414,0
20837,0.0006953721168,0.0002278458414,0
20838,0.0004798795562,0.0002278458414,0
20839,0.001043133554,0.00022913875,0
20840,0.0007599382079,0.00022913875,0
20841,0.0004023936635,0.00022913875,0
20842,0.0002835556224,0.00022913875,0
20843,0.0002712131245,0.00022913875,0
20844,0.003064186312,0.00022913875,0
20845,0.0001322742173,0.00022913875,0
20846,0.0002290004777,0.00022913875,0
20847,0.0005299073528,0.00022913875,0
20848,0.0007034656592,0.00022913875,0
20849,0.001547871507,0.00022913875,0
20850,0.0007403058116,0.00022913875,0
20851,0.002708593151,0.00022913875,0
20852,0.001829858054,0.00022913875,0
20853,0.0005368217244,0.00022913875,0
20854,0.001996646868,0.00022913875,0
20855,0.0002383237152,0.00022913875,0
20856,0.002912067575,0.00022913875,0
20857,0.003821837017,0.00022913875,0
20858,0.0002639379527,0.00022913875,0
20859,0.0009695169283,0.0002291535784,0
20860,0.0002254776045,0.0002291535784,0
20861,0.002867998322,0.0002291535784,0
20862,0.0004270019126,0.0002291535784,0
20863,0.0002879111271,0.0002291535784,0
20864,0.0008493024507,0.0002291535784,0
20865,0.002090923721,0.0002291535784,0
20866,0.001154055703,0.0002291535784,0
20867,0.0007682815194,0.0002291535784,0
20868,0.00214859168,0.0002291535784,0
20869,0.0006000011344,0.0002291535784,0
20870,0.002333870856,0.0002291535784,0
20871,0.0005884328275,0.0002291535784,0
20872,0.0002310267882,0.0002291535784,0
20873,0.002103901003,0.0002291535784,0
20874,0.000847349118,0.0002291535784,0
20875,0.0008589936187,0.0002291535784,0
20876,0.0009435607353,0.0002291535784,0
20877,0.007123055402,0.0002291535784,0
20878,0.003927030135,0.0002291535784,0
20879,0.0004117528151,0.0002294034057,0
20880,0.001382740331,0.0002294034057,0
20881,0.00195004337,0.0002294034057,0
20882,0.000336196943,0.0002294034057,0
20883,0.0002864038397,0.0002294034057,0
20884,0.005066396203,0.0002294034057,0
20885,0.0004078113416,0.0002294034057,0
20886,0.0005229659146,0.0002294034057,0
20887,0.0006008710479,0.0002294034057,0
20888,0.0005018794909,0.0002294034057,0
20889,0.0002858321823,0.0002294034057,0
20890,0.0002796991903,0.0002294034057,0
20891,0.0003540290345,0.0002294034057,0
20892,0.00358867622,0.0002294034057,0
20893,0.001271023182,0.0002294034057,0
20894,0.0003514432756,0.0002294034057,0
20895,0.0006407071487,0.0002294034057,0
20896,0.002302147215,0.0002294034057,0
20897,0.0006960504688,0.0002294034057,0
20898,0.0008573084488,0.0002294034057,0
20899,0.02059511282,0.0002302352514,1
20900,0.0002274159197,0.0002302352514,0
20901,0.0006672412856,0.0002302352514,0
20902,0.001758669619,0.0002302352514,0
20903,0.0003944676719,0.0002302352514,0
20904,0.00153810496,0.0002302352514,0
20905,0.003369342536,0.0002302352514,0
20906,0.001092212857,0.0002302352514,0
20907,0.0006588053657,0.0002302352514,0
20908,0.0149537269,0.0002302352514,1
20909,0.0003340123221,0.0002302352514,0
20910,0.0005101218121,0.0002302352514,0
20911,0.001068377867,0.0002302352514,0
20912,0.0003967611701,0.0002302352514,0
20913,0.001423230628,0.0002302352514,0
20914,0.002197568305,0.0002302352514,0
20915,0.0002238893358,0.0002302352514,0
20916,0.0005324698868,0.0002302352514,0
20917,0.003404173302,0.0002302352514,0
20918,0.0009034462855,0.0002302352514,0
20919,0.001875504153,0.0002306467795,0
20920,0.0006976668374,0.0002306467795,0
20921,0.0003544079373,0.0002306467795,0
20922,0.0006723389961,0.0002306467795,0
20923,0.000519015477,0.0002306467795,0
20924,0.001770835253,0.0002306467795,0
20925,0.0004096856283,0.0002306467795,0
20926,0.0006922642933,0.0002306467795,0
20927,0.0003992774582,0.0002306467795,0
20928,0.0005522356369,0.0002306467795,0
20929,0.005913921632,0.0002306467795,0
20930,0.0004442167119,0.0002306467795,0
20931,0.0009940618183,0.0002306467795,0
20932,0.00126994052,0.0002306467795,0
20933,0.0009789427277,0.0002306467795,0
20934,0.0002595153346,0.0002306467795,0
20935,0.03074592911,0.0002306467795,1
20936,0.0009082279867,0.0002306467795,0
20937,0.008424315602,0.0002306467795,1
20938,0.0001572907931,0.0002306467795,0
20939,0.0004190119507,0.000231871687,0
20940,0.0001817984012,0.000231871687,0
20941,0.0006955103017,0.000231871687,0
20942,0.00114072382,0.000231871687,0
20943,0.001727159135,0.000231871687,0
20944,0.003345344914,0.000231871687,0
20945,0.000493689673,0.000231871687,0
20946,0.001860361081,0.000231871687,0
20947,0.0005008786102,0.000231871687,0
20948,0.003643124131,0.000231871687,0
20949,0.001159636653,0.000231871687,0
20950,0.002101764083,0.000231871687,0
20951,0.0003017576237,0.000231871687,0
20952,0.000333980599,0.000231871687,0
20953,0.0006583353388,0.000231871687,0
20954,0.001068573329,0.000231871687,0
20955,0.003551096423,0.000231871687,0
20956,0.0002415645431,0.000231871687,0
20957,0.0003279358498,0.000231871687,0
20958,0.0005809574504,0.000231871687,0
20959,0.001362316078,0.0002320986096,0
20960,0.0003254960757,0.0002320986096,0
20961,0.001768835238,0.0002320986096,0
20962,0.0003170133568,0.0002320986096,0
20963,0.0004321146989,0.0002320986096,0
20964,0.0003233804891,0.0002320986096,0
20965,0.002190425294,0.0002320986096,0
20966,0.01065972354,0.0002320986096,1
20967,0.001001591096,0.0002320986096,0
20968,0.001428604824,0.0002320986096,0
20969,0.002407579916,0.0002320986096,0
20970,0.001930109109,0.0002320986096,0
20971,0.001675170148,0.0002320986096,0
20972,0.0004756784474,0.0002320986096,0
20973,0.0004631944175,0.0002320986096,0
20974,0.001342385774,0.0002320986096,0
20975,0.0005917691742,0.0002320986096,0
20976,0.001168159419,0.0002320986096,0
20977,0.0005595068797,0.0002320986096,0
20978,0.001584493555,0.0002320986096,0
20979,0.0006039241562,0.0002322446235,0
20980,0.0008678853046,0.0002322446235,0
20981,0.001048520906,0.0002322446235,0
20982,0.002522474388,0.0002322446235,0
20983,0.0001873914589,0.0002322446235,0
20984,0.0005916417576,0.0002322446235,0
20985,0.001875016256,0.0002322446235,0
20986,0.0005213871482,0.0002322446235,0
20987,0.003093863372,0.0002322446235,0
20988,0.001091895509,0.0002322446235,0
20989,0.001063979813,0.0002322446235,0
20990,0.004418006632,0.0002322446235,0
20991,0.0003800740815,0.0002322446235,0
20992,0.001085843774,0.0002322446235,0
20993,0.0006240771618,0.0002322446235,0
20994,0.0005451913457,0.0002322446235,0
20995,0.0004066597903,0.0002322446235,0
20996,0.000585435424,0.0002322446235,0
20997,0.000782210147,0.0002322446235,0
20998,0.0007937639602,0.0002322446235,0
20999,0.0008507295861,0.0002339538187,0
21000,0.000894405006,0.0002339538187,0
21001,0.001044038218,0.0002339538187,0
21002,0.01711152494,0.0002339538187,1
21003,0.001880840631,0.0002339538187,0
21004,0.0006112210103,0.0002339538187,0
21005,0.0006628797273,0.0002339538187,0
21006,0.001913178246,0.0002339538187,0
21007,0.001868601656,0.0002339538187,0
21008,0.004592986312,0.0002339538187,0
21009,0.00171620131,0.0002339538187,0
21010,0.0003639548959,0.0002339538187,0
21011,0.001793067553,0.0002339538187,0
21012,0.0007588333683,0.0002339538187,0
21013,0.0009912851965,0.0002339538187,0
21014,0.0002195170237,0.0002339538187,0
21015,0.00190689147,0.0002339538187,0
21016,0.0008859787486,0.0002339538187,0
21017,0.0003308914602,0.0002339538187,0
21018,0.001097356435,0.0002339538187,0
21019,0.0004500075302,0.0002337854239,0
21020,0.0005183033645,0.0002337854239,0
21021,0.0005379929207,0.0002337854239,0
21022,0.0002784652752,0.0002337854239,0
21023,0.002429781249,0.0002337854239,0
21024,0.000827332784,0.0002337854239,0
21025,0.0003853001981,0.0002337854239,0
21026,0.0009562056512,0.0002337854239,0
21027,0.0001953299507,0.0002337854239,0
21028,0.0003834408999,0.0002337854239,0
21029,0.0003884736507,0.0002337854239,0
21030,0.002067320282,0.0002337854239,0
21031,0.001044278149,0.0002337854239,0
21032,0.0002957961406,0.0002337854239,0
21033,0.000633863383,0.0002337854239,0
21034,0.001832564711,0.0002337854239,0
21035,0.006096367259,0.0002337854239,0
21036,0.002929690294,0.0002337854239,0
21037,0.0009212697623,0.0002337854239,0
21038,0.0008940793341,0.0002337854239,0
21039,0.001782736857,0.0002349474962,0
21040,0.0002904995636,0.0002349474962,0
21041,0.0003443639434,0.0002349474962,0
21042,0.001023220131,0.0002349474962,0
21043,0.0003934250271,0.0002349474962,0
21044,0.0003531624679,0.0002349474962,0
21045,0.01122769061,0.0002349474962,1
21046,0.0007901737699,0.0002349474962,0
21047,0.0003031971864,0.0002349474962,0
21048,0.0007299999124,0.0002349474962,0
21049,0.0003973330604,0.0002349474962,0
21050,0.001272361726,0.0002349474962,0
21051,0.0004345615453,0.0002349474962,0
21052,0.0004812447005,0.0002349474962,0
21053,0.001117621083,0.0002349474962,0
21054,0.0004608219897,0.0002349474962,0
21055,0.00243145274,0.0002349474962,0
21056,0.0003730471362,0.0002349474962,0
21057,0.002508060308,0.0002349474962,0
21058,0.001286189305,0.0002349474962,0
21059,0.001419983222,0.0002355537727,0
21060,0.0004350615491,0.0002355537727,0
21061,0.000944266154,0.0002355537727,0
21062,0.0002879448875,0.0002355537727,0
21063,0.002294407226,0.0002355537727,0
21064,0.0007624269929,0.0002355537727,0
21065,0.0007499452331,0.0002355537727,0
21066,0.001284699771,0.0002355537727,0
21067,0.0006214000168,0.0002355537727,0
21068,0.0005083186552,0.0002355537727,0
21069,0.0001338452421,0.0002355537727,0
21070,0.01229676604,0.0002355537727,1
21071,0.0003840934078,0.0002355537727,0
21072,0.002906616544,0.0002355537727,0
21073,0.0003102709306,0.0002355537727,0
21074,0.002970657544,0.0002355537727,0
21075,0.0007625478902,0.0002355537727,0
21076,0.0002561206056,0.0002355537727,0
21077,0.002801160794,0.0002355537727,0
21078,0.0006717612268,0.0002355537727,0
21079,0.0008385021356,0.0002348460257,0
21080,0.001418545842,0.0002348460257,0
21081,0.002603585832,0.0002348460257,0
21082,0.0008118693368,0.0002348460257,0
21083,0.002134384587,0.0002348460257,0
21084,0.002132666763,0.0002348460257,0
21085,0.001411994803,0.0002348460257,0
21086,0.0002415047638,0.0002348460257,0
21087,0.0001270411012,0.0002348460257,0
21088,0.001400472363,0.0002348460257,0
21089,0.000247031654,0.0002348460257,0
21090,0.003055981128,0.0002348460257,0
21091,0.0006407846813,0.0002348460257,0
21092,0.001210193732,0.0002348460257,0
21093,0.002479879186,0.0002348460257,0
21094,0.0005517149111,0.0002348460257,0
21095,0.00613727048,0.0002348460257,0
21096,0.001615362708,0.0002348460257,0
21097,0.0002665804932,0.0002348460257,0
21098,0.0009368380997,0.0002348460257,0
21099,0.0002713079448,0.0002352387819,0
21100,0.008811664768,0.0002352387819,1
21101,0.003192537464,0.0002352387819,0
21102,0.0109211849,0.0002352387819,1
21103,0.002683351282,0.0002352387819,0
21104,0.000577015453,0.0002352387819,0
21105,0.000478808739,0.0002352387819,0
21106,0.000324240129,0.0002352387819,0
21107,0.007059036754,0.0002352387819,0
21108,0.0007497475599,0.0002352387819,0
21109,0.00111633935,0.0002352387819,0
21110,0.0002675350697,0.0002352387819,0
21111,0.001427531242,0.0002352387819,0
21112,0.0006573220599,0.0002352387819,0
21113,0.0004275466781,0.0002352387819,0
21114,0.0006039548898,0.0002352387819,0
21115,0.000167751321,0.0002352387819,0
21116,0.0005287903477,0.0002352387819,0
21117,0.0005556446849,0.0002352387819,0
21118,0.0005702227936,0.0002352387819,0
21119,0.001030936255,0.0002360916988,0
21120,0.005378971342,0.0002360916988,0
21121,0.001875167247,0.0002360916988,0
21122,0.004522346426,0.0002360916988,0
21123,0.0003553177812,0.0002360916988,0
21124,0.0005031807232,0.0002360916988,0
21125,0.0004963797401,0.0002360916988,0
21126,0.0001309399813,0.0002360916988,0
21127,0.0003734614002,0.0002360916988,0
21128,0.001826842199,0.0002360916988,0
21129,0.001786879031,0.0002360916988,0
21130,0.003342826385,0.0002360916988,0
21131,0.0009269753937,0.0002360916988,0
21132,0.0002869195014,0.0002360916988,0
21133,0.003981797956,0.0002360916988,0
21134,0.001124873175,0.0002360916988,0
21135,0.0009749114397,0.0002360916988,0
21136,0.0003586365201,0.0002360916988,0
21137,0.0001454262092,0.0002360916988,0
21138,0.00142327405,0.0002360916988,0
21139,0.0004111471353,0.000236703796,0
21140,0.002492488129,0.000236703796,0
21141,0.001722363173,0.000236703796,0
21142,0.003524139524,0.000236703796,0
21143,0.0005486871814,0.000236703796,0
21144,0.0004283986927,0.000236703796,0
21145,0.001026100363,0.000236703796,0
21146,0.001535209361,0.000236703796,0
21147,0.001878505107,0.000236703796,0
21148,0.0002762341173,0.000236703796,0
21149,0.003607577411,0.000236703796,0
21150,0.0002845025447,0.000236703796,0
21151,0.0007421417395,0.000236703796,0
21152,0.0003999264154,0.000236703796,0
21153,0.001354535576,0.000236703796,0
21154,0.001132353791,0.000236703796,0
21155,0.003735440085,0.000236703796,0
21156,0.0034145955,0.000236703796,0
21157,0.0009750158642,0.000236703796,0
21158,0.00023353078,0.000236703796,0
21159,0.001588591957,0.0002378083154,0
21160,0.0005427600699,0.0002378083154,0
21161,0.0006008546916,0.0002378083154,0
21162,0.0004928364069,0.0002378083154,0
21163,0.0006243142998,0.0002378083154,0
21164,0.0003919982701,0.0002378083154,0
21165,0.0008724834188,0.0002378083154,0
21166,0.0006689060829,0.0002378083154,0
21167,0.000240395384,0.0002378083154,0
21168,0.0006953419652,0.0002378083154,0
21169,0.001463070512,0.0002378083154,0
21170,0.00076563115,0.0002378083154,0
21171,0.000376464508,0.0002378083154,0
21172,0.0005480882246,0.0002378083154,0
21173,0.001142580179,0.0002378083154,0
21174,0.0004863879294,0.0002378083154,0
21175,0.0008752279682,0.0002378083154,0
21176,0.000326989888,0.0002378083154,0
21177,0.0003568616812,0.0002378083154,0
21178,0.0001255455718,0.0002378083154,0
21179,0.0002041149419,0.0002375402546,0
21180,0.001514467527,0.0002375402546,0
21181,0.0004104204127,0.0002375402546,0
21182,0.001565279206,0.0002375402546,0
21183,0.0003006025509,0.0002375402546,0
21184,0.001333518769,0.0002375402546,0
21185,0.0007185476134,0.0002375402546,0
21186,0.005404592957,0.0002375402546,0
21187,0.005928486586,0.0002375402546,0
21188,9.78011667e-05,0.0002375402546,0
21189,0.001357986243,0.0002375402546,0
21190,0.001246695057,0.0002375402546,0
21191,0.001158259925,0.0002375402546,0
21192,0.001376568456,0.0002375402546,0
21193,0.001061965246,0.0002375402546,0
21194,0.001329978229,0.0002375402546,0
21195,0.0004033281293,0.0002375402546,0
21196,0.0002809363359,0.0002375402546,0
21197,0.0005671628169,0.0002375402546,0
21198,0.0003144139773,0.0002375402546,0
21199,0.0007130585727,0.0002378508507,0
21200,0.0007691170322,0.0002378508507,0
21201,0.001597851748,0.0002378508507,0
21202,0.0009685889236,0.0002378508507,0
21203,0.0002251554542,0.0002378508507,0
21204,0.000670811045,0.0002378508507,0
21205,0.0003085574426,0.0002378508507,0
21206,0.0007495699683,0.0002378508507,0
21207,0.0007334697875,0.0002378508507,0
21208,0.001746847644,0.0002378508507,0
21209,0.00222954154,0.0002378508507,0
21210,0.0007376625435,0.0002378508507,0
21211,0.000455730973,0.0002378508507,0
21212,0.001501469407,0.0002378508507,0
21213,0.001780420309,0.0002378508507,0
21214,0.0005275927833,0.0002378508507,0
21215,0.0005131421494,0.0002378508507,0
21216,0.001022932935,0.0002378508507,0
21217,0.002122877864,0.0002378508507,0
21218,0.001804601867,0.0002378508507,0
21219,0.0006567537785,0.0002393358591,0
21220,0.001310722204,0.0002393358591,0
21221,0.0003457278945,0.0002393358591,0
21222,0.0007672329666,0.0002393358591,0
21223,0.001439203392,0.0002393358591,0
21224,0.0008523117867,0.0002393358591,0
21225,0.0002221361501,0.0002393358591,0
21226,0.003043055069,0.0002393358591,0
21227,0.002928948728,0.0002393358591,0
21228,0.0025332761,0.0002393358591,0
21229,0.00141495245,0.0002393358591,0
21230,0.0008999937563,0.0002393358591,0
21231,0.002098902129,0.0002393358591,0
21232,0.002910295036,0.0002393358591,0
21233,0.003973666113,0.0002393358591,0
21234,0.002246001735,0.0002393358591,0
21235,0.001319112838,0.0002393358591,0
21236,0.0002721234632,0.0002393358591,0
21237,0.0005127381883,0.0002393358591,0
21238,0.00126676762,0.0002393358591,0
21239,0.001114609884,0.0002405169071,0
21240,0.006900341716,0.0002405169071,0
21241,0.0004869772238,0.0002405169071,0
21242,0.0008251029067,0.0002405169071,0
21243,0.0008751398418,0.0002405169071,0
21244,0.0002268163662,0.0002405169071,0
21245,0.0004119680088,0.0002405169071,0
21246,0.001354566659,0.0002405169071,0
21247,0.0007533688913,0.0002405169071,0
21248,0.002146409592,0.0002405169071,0
21249,0.000759567949,0.0002405169071,0
21250,0.0006646063994,0.0002405169071,0
21251,0.002815875225,0.0002405169071,0
21252,0.0009429734782,0.0002405169071,0
21253,0.001298609655,0.0002405169071,0
21254,0.003176476108,0.0002405169071,0
21255,0.000965684012,0.0002405169071,0
21256,0.0008421919774,0.0002405169071,0
21257,0.02290008403,0.0002405169071,1
21258,0.006245911121,0.0002405169071,0
21259,0.001025824109,0.0002414751507,0
21260,0.007011648268,0.0002414751507,0
21261,0.0004312661767,0.0002414751507,0
21262,0.0006999630132,0.0002414751507,0
21263,0.0007263535517,0.0002414751507,0
21264,0.0003777066886,0.0002414751507,0
21265,0.0005551401409,0.0002414751507,0
21266,0.004061172716,0.0002414751507,0
21267,0.0005291270209,0.0002414751507,0
21268,0.00030733319,0.0002414751507,0
21269,0.0005702199996,0.0002414751507,0
21270,0.0004494175664,0.0002414751507,0
21271,0.0006127300439,0.0002414751507,0
21272,0.0001568083826,0.0002414751507,0
21273,0.01407197025,0.0002414751507,1
21274,0.0005448019365,0.0002414751507,0
21275,0.01302637346,0.0002414751507,1
21276,0.0006442265585,0.0002414751507,0
21277,0.001306460705,0.0002414751507,0
21278,0.0009318310767,0.0002414751507,0
21279,0.001873419504,0.0002419501252,0
21280,0.003145118942,0.0002419501252,0
21281,0.005331400316,0.0002419501252,0
21282,0.00185221096,0.0002419501252,0
21283,0.0003399141133,0.0002419501252,0
21284,0.0007326719351,0.0002419501252,0
21285,0.0004067548725,0.0002419501252,0
21286,0.0005119020352,0.0002419501252,0
21287,0.001145416289,0.0002419501252,0
21288,0.002616578247,0.0002419501252,0
21289,0.00141325139,0.0002419501252,0
21290,0.0005997333792,0.0002419501252,0
21291,0.0005124699674,0.0002419501252,0
21292,0.001578310854,0.0002419501252,0
21293,0.001381069771,0.0002419501252,0
21294,0.0006806279998,0.0002419501252,0
21295,0.004751827102,0.0002419501252,0
21296,0.0003902199969,0.0002419501252,0
21297,0.000366408698,0.0002419501252,0
21298,0.002034117933,0.0002419501252,0
21299,0.0002605075424,0.0002423691767,0
21300,0.004057097714,0.0002423691767,0
21301,0.001357523492,0.0002423691767,0
21302,0.0004824167117,0.0002423691767,0
21303,0.001525477273,0.0002423691767,0
21304,0.001255917829,0.0002423691767,0
21305,0.004322480876,0.0002423691767,0
21306,0.01436775271,0.0002423691767,1
21307,0.0007721691509,0.0002423691767,0
21308,0.001293075853,0.0002423691767,0
21309,0.0002836552449,0.0002423691767,0
21310,0.000766164856,0.0002423691767,0
21311,0.001016862458,0.0002423691767,0
21312,0.0003448394418,0.0002423691767,0
21313,0.001712479279,0.0002423691767,0
21314,0.003483373206,0.0002423691767,0
21315,0.002754418412,0.0002423691767,0
21316,0.0009319504024,0.0002423691767,0
21317,0.0008115521632,0.0002423691767,0
21318,0.0002571628429,0.0002423691767,0
21319,0.000455980422,0.0002427250583,0
21320,0.0004534045584,0.0002427250583,0
21321,0.001620880212,0.0002427250583,0
21322,0.001318412717,0.0002427250583,0
21323,0.002457270166,0.0002427250583,0
21324,0.0005793671589,0.0002427250583,0
21325,0.0003306505969,0.0002427250583,0
21326,0.002020546002,0.0002427250583,0
21327,0.0002013567282,0.0002427250583,0
21328,0.0005785518442,0.0002427250583,0
21329,0.0007013374707,0.0002427250583,0
21330,0.0009821004933,0.0002427250583,0
21331,0.002488599392,0.0002427250583,0
21332,0.002472603926,0.0002427250583,0
21333,0.0005445705028,0.0002427250583,0
21334,0.0007395675057,0.0002427250583,0
21335,0.0006200528587,0.0002427250583,0
21336,0.002026385395,0.0002427250583,0
21337,0.0006813759683,0.0002427250583,0
21338,0.0008065484581,0.0002427250583,0
21339,0.002257263055,0.0002435975475,0
21340,0.0006104226923,0.0002435975475,0
21341,0.002934233285,0.0002435975475,0
21342,0.0008203663747,0.0002435975475,0
21343,0.0006572384154,0.0002435975475,0
21344,0.0005187249626,0.0002435975475,0
21345,0.000233500803,0.0002435975475,0
21346,0.0006012558006,0.0002435975475,0
21347,0.005949220154,0.0002435975475,0
21348,0.001240092912,0.0002435975475,0
21349,0.0007867516251,0.0002435975475,0
21350,0.0003973187995,0.0002435975475,0
21351,0.0007899769116,0.0002435975475,0
21352,0.0007750937948,0.0002435975475,0
21353,0.0006624649977,0.0002435975475,0
21354,0.0008427206194,0.0002435975475,0
21355,0.0005176093546,0.0002435975475,0
21356,0.0005420246744,0.0002435975475,0
21357,0.0002992207592,0.0002435975475,0
21358,0.001671247999,0.0002435975475,0
21359,0.0005289478577,0.0002445215068,0
21360,0.0008032356855,0.0002445215068,0
21361,0.0001250233763,0.0002445215068,0
21362,0.00339271687,0.0002445215068,0
21363,0.003441418288,0.0002445215068,0
21364,0.001216012519,0.0002445215068,0
21365,0.001237648539,0.0002445215068,0
21366,0.001107518678,0.0002445215068,0
21367,0.0005180518492,0.0002445215068,0
21368,0.0003782701096,0.0002445215068,0
21369,0.001574016176,0.0002445215068,0
21370,0.0004196174268,0.0002445215068,0
21371,0.002732629655,0.0002445215068,0
21372,0.0001580042881,0.0002445215068,0
21373,0.00104265078,0.0002445215068,0
21374,0.002077653771,0.0002445215068,0
21375,0.00496466225,0.0002445215068,0
21376,0.0002712231362,0.0002445215068,0
21377,0.001461719046,0.0002445215068,0
21378,0.0005899238749,0.0002445215068,0
21379,0.0007988291909,0.0002450749162,0
21380,0.0005730529665,0.0002450749162,0
21381,0.001436104416,0.0002450749162,0
21382,0.002790005179,0.0002450749162,0
21383,0.003269058419,0.0002450749162,0
21384,0.0002002596302,0.0002450749162,0
21385,0.0009264412802,0.0002450749162,0
21386,0.001083087991,0.0002450749162,0
21387,0.001150205266,0.0002450749162,0
21388,0.0003249935689,0.0002450749162,0
21389,0.0006535197608,0.0002450749162,0
21390,0.0005151772639,0.0002450749162,0
21391,0.001928089303,0.0002450749162,0
21392,0.0007709859638,0.0002450749162,0
21393,0.0006430388894,0.0002450749162,0
21394,0.00242371182,0.0002450749162,0
21395,0.002127678366,0.0002450749162,0
21396,0.0001039965209,0.0002450749162,0
21397,0.0003325559665,0.0002450749162,0
21398,0.004769171588,0.0002450749162,0
21399,0.001907304744,0.000245258474,0
21400,0.001902334858,0.000245258474,0
21401,0.0009745960706,0.000245258474,0
21402,0.0005913739442,0.000245258474,0
21403,0.0003280071251,0.000245258474,0
21404,0.0005556642427,0.000245258474,0
21405,0.0003227022535,0.000245258474,0
21406,0.0001757583086,0.000245258474,0
21407,0.007469367702,0.000245258474,1
21408,0.0009775846265,0.000245258474,0
21409,0.0004392766277,0.000245258474,0
21410,0.001673495397,0.000245258474,0
21411,0.0004800968745,0.000245258474,0
21412,0.001228109701,0.000245258474,0
21413,0.001076422399,0.000245258474,0
21414,0.001488244277,0.000245258474,0
21415,0.0002580583096,0.000245258474,0
21416,0.001446122536,0.000245258474,0
21417,0.001529259374,0.000245258474,0
21418,0.0006644628011,0.000245258474,0
21419,0.0004366069625,0.0002457289374,0
21420,0.001319629839,0.0002457289374,0
21421,0.0005195133272,0.0002457289374,0
21422,0.0008143826853,0.0002457289374,0
21423,0.002874033293,0.0002457289374,0
21424,0.0002210204548,0.0002457289374,0
21425,0.0003133967984,0.0002457289374,0
21426,0.003479500068,0.0002457289374,0
21427,0.001844378537,0.0002457289374,0
21428,0.0002374354226,0.0002457289374,0
21429,0.001181352767,0.0002457289374,0
21430,0.0008925440488,0.0002457289374,0
21431,0.002171837026,0.0002457289374,0
21432,0.0006278790534,0.0002457289374,0
21433,0.004677761346,0.0002457289374,0
21434,0.008023281582,0.0002457289374,1
21435,0.001152591314,0.0002457289374,0
21436,0.0004550933954,0.0002457289374,0
21437,0.001291453256,0.0002457289374,0
21438,0.0007609972381,0.0002457289374,0
21439,0.002060120227,0.0002474020293,0
21440,0.0006059294101,0.0002474020293,0
21441,0.001007424784,0.0002474020293,0
21442,0.001078160596,0.0002474020293,0
21443,0.0003479970328,0.0002474020293,0
21444,0.0006891670055,0.0002474020293,0
21445,0.00103617413,0.0002474020293,0
21446,0.0006831532228,0.0002474020293,0
21447,0.002724301768,0.0002474020293,0
21448,0.0005215545534,0.0002474020293,0
21449,0.0003756032092,0.0002474020293,0
21450,0.001325888676,0.0002474020293,0
21451,0.0008075688384,0.0002474020293,0
21452,0.0005673226551,0.0002474020293,0
21453,0.0003774699871,0.0002474020293,0
21454,0.0008821656229,0.0002474020293,0
21455,0.00240311143,0.0002474020293,0
21456,0.0009354553767,0.0002474020293,0
21457,0.001357135712,0.0002474020293,0
21458,0.0004441514902,0.0002474020293,0
21459,0.0001588078594,0.0002474906796,0
21460,0.001474145916,0.0002474906796,0
21461,0.0007336121635,0.0002474906796,0
21462,0.0009128645761,0.0002474906796,0
21463,0.0003396902175,0.0002474906796,0
21464,0.0006341604749,0.0002474906796,0
21465,0.001517884433,0.0002474906796,0
21466,0.001870227512,0.0002474906796,0
21467,0.001770900795,0.0002474906796,0
21468,0.001019493095,0.0002474906796,0
21469,0.0003124467621,0.0002474906796,0
21470,0.0007475185557,0.0002474906796,0
21471,0.002099866513,0.0002474906796,0
21472,0.0002068644681,0.0002474906796,0
21473,0.003074572189,0.0002474906796,0
21474,0.003773863195,0.0002474906796,0
21475,9.550656978e-05,0.0002474906796,0
21476,0.0009632466827,0.0002474906796,0
21477,0.001557348296,0.0002474906796,0
21478,0.003684490686,0.0002474906796,0
21479,0.0005235474673,0.0002481800911,0
21480,0.001027290709,0.0002481800911,0
21481,0.0003182219807,0.0002481800911,0
21482,0.001183165004,0.0002481800911,0
21483,0.0001277113624,0.0002481800911,0
21484,0.0003132011334,0.0002481800911,0
21485,0.001158494735,0.0002481800911,0
21486,0.001513647265,0.0002481800911,0
21487,0.0002135856339,0.0002481800911,0
21488,0.0003730681783,0.0002481800911,0
21489,0.0003134393774,0.0002481800911,0
21490,0.0005205819034,0.0002481800911,0
21491,0.001271734247,0.0002481800911,0
21492,0.005407337099,0.0002481800911,0
21493,0.002354987198,0.0002481800911,0
21494,0.001720907865,0.0002481800911,0
21495,0.0005554083618,0.0002481800911,0
21496,0.008121622726,0.0002481800911,1
21497,0.001105920528,0.0002481800911,0
21498,0.0001886653044,0.0002481800911,0
21499,0.002253119368,0.0002497599635,0
21500,0.0005162149901,0.0002497599635,0
21501,0.0001907310798,0.0002497599635,0
21502,0.0002336125035,0.0002497599635,0
21503,0.0006531681283,0.0002497599635,0
21504,0.003784623696,0.0002497599635,0
21505,0.001443804358,0.0002497599635,0
21506,0.0007675092784,0.0002497599635,0
21507,0.002682611113,0.0002497599635,0
21508,0.001188682625,0.0002497599635,0
21509,0.002982730279,0.0002497599635,0
21510,0.001112783444,0.0002497599635,0
21511,0.001128372387,0.0002497599635,0
21512,0.0003369776823,0.0002497599635,0
21513,0.001297114883,0.0002497599635,0
21514,0.0003401614667,0.0002497599635,0
21515,0.0003070755338,0.0002497599635,0
21516,0.001086197211,0.0002497599635,0
21517,0.003091660328,0.0002497599635,0
21518,0.0001742862951,0.0002497599635,0
21519,0.0002724413353,0.0002502568823,0
21520,0.0005560611025,0.0002502568823,0
21521,0.0006010189536,0.0002502568823,0
21522,0.0009634518065,0.0002502568823,0
21523,0.0003477802384,0.0002502568823,0
21524,0.001207350986,0.0002502568823,0
21525,0.003265869804,0.0002502568823,0
21526,0.0009593823925,0.0002502568823,0
21527,0.001624204451,0.0002502568823,0
21528,0.00279423967,0.0002502568823,0
21529,0.0008972103824,0.0002502568823,0
21530,0.0007474701852,0.0002502568823,0
21531,0.0006773617351,0.0002502568823,0
21532,0.001839235425,0.0002502568823,0
21533,0.0004244256997,0.0002502568823,0
21534,0.0009005287429,0.0002502568823,0
21535,0.00157485716,0.0002502568823,0
21536,0.001714542508,0.0002502568823,0
21537,0.0008873569313,0.0002502568823,0
21538,0.001361662638,0.0002502568823,0
21539,0.0005364930257,0.000251304562,0
21540,0.001182237524,0.000251304562,0
21541,0.001523648854,0.000251304562,0
21542,0.0003913497494,0.000251304562,0
21543,0.001127933618,0.000251304562,0
21544,0.0006131901173,0.000251304562,0
21545,0.0004668072215,0.000251304562,0
21546,0.0002875915379,0.000251304562,0
21547,0.000947702094,0.000251304562,0
21548,0.004619924352,0.000251304562,0
21549,0.0002798307105,0.000251304562,0
21550,0.002538525499,0.000251304562,0
21551,0.001216226607,0.000251304562,0
21552,0.0009885969339,0.000251304562,0
21553,0.0005810818984,0.000251304562,0
21554,0.0002126511099,0.000251304562,0
21555,0.0005084008444,0.000251304562,0
21556,0.001810165471,0.000251304562,0
21557,0.0006706048152,0.000251304562,0
21558,0.0004701607686,0.000251304562,0
21559,0.002448383486,0.0002516358218,0
21560,0.0007358817966,0.0002516358218,0
21561,0.0002203469194,0.0002516358218,0
21562,0.0006990596303,0.0002516358218,0
21563,0.001654866152,0.0002516358218,0
21564,0.0005751983845,0.0002516358218,0
21565,0.002565323841,0.0002516358218,0
21566,0.0004279139976,0.0002516358218,0
21567,0.0004546428972,0.0002516358218,0
21568,0.001025366597,0.0002516358218,0
21569,0.002934155054,0.0002516358218,0
21570,0.0006021501613,0.0002516358218,0
21571,0.002156804549,0.0002516358218,0
21572,0.0007944056415,0.0002516358218,0
21573,0.0009452403756,0.0002516358218,0
21574,0.001621736796,0.0002516358218,0
21575,0.000579863321,0.0002516358218,0
21576,0.0003811677743,0.0002516358218,0
21577,0.001015351969,0.0002516358218,0
21578,0.001349173719,0.0002516358218,0
21579,0.00308899791,0.0002517730754,0
21580,0.001530881273,0.0002517730754,0
21581,0.0001407443779,0.0002517730754,0
21582,0.001911188359,0.0002517730754,0
21583,0.0007110264851,0.0002517730754,0
21584,0.0003201551735,0.0002517730754,0
21585,0.001515496988,0.0002517730754,0
21586,0.001262478065,0.0002517730754,0
21587,0.000576430175,0.0002517730754,0
21588,0.0009694465552,0.0002517730754,0
21589,0.002735276008,0.0002517730754,0
21590,0.001347999088,0.0002517730754,0
21591,0.0005094740773,0.0002517730754,0
21592,0.001853152644,0.0002517730754,0
21593,0.0002262500639,0.0002517730754,0
21594,0.001154106576,0.0002517730754,0
21595,0.001572359353,0.0002517730754,0
21596,0.0002643106563,0.0002517730754,0
21597,0.0006700935191,0.0002517730754,0
21598,0.0002787730191,0.0002517730754,0
21599,0.0005942437565,0.0002523269213,0
21600,0.001982322428,0.0002523269213,0
21601,0.000569915981,0.0002523269213,0
21602,0.0002768326958,0.0002523269213,0
21603,0.002458167495,0.0002523269213,0
21604,0.001394716674,0.0002523269213,0
21605,0.000911009789,0.0002523269213,0
21606,0.001101744128,0.0002523269213,0
21607,0.0004783003824,0.0002523269213,0
21608,0.0005599938449,0.0002523269213,0
21609,0.0009580405313,0.0002523269213,0
21610,0.002687869128,0.0002523269213,0
21611,0.02883087471,0.0002523269213,1
21612,0.0005728675169,0.0002523269213,0
21613,0.0004903127556,0.0002523269213,0
21614,0.0003339180257,0.0002523269213,0
21615,0.0005624462501,0.0002523269213,0
21616,0.00215370697,0.0002523269213,0
21617,0.0002602455497,0.0002523269213,0
21618,0.001731156721,0.0002523269213,0
21619,0.001303719706,0.0002524963638,0
21620,0.001205070643,0.0002524963638,0
21621,0.001041120035,0.0002524963638,0
21622,0.0007385812933,0.0002524963638,0
21623,0.0009794858051,0.0002524963638,0
21624,0.0002311198041,0.0002524963638,0
21625,0.002709854161,0.0002524963638,0
21626,0.0009053177782,0.0002524963638,0
21627,0.00108344038,0.0002524963638,0
21628,0.0004774326226,0.0002524963638,0
21629,0.0001756522397,0.0002524963638,0
21630,0.0007415327709,0.0002524963638,0
21631,0.0004889179254,0.0002524963638,0
21632,0.0005521947751,0.0002524963638,0
21633,0.001318258001,0.0002524963638,0
21634,0.0007143092807,0.0002524963638,0
21635,0.00110122771,0.0002524963638,0
21636,0.0007486697286,0.0002524963638,0
21637,0.0009155364241,0.0002524963638,0
21638,0.0003044061596,0.0002524963638,0
21639,0.0004711776273,0.0002528586774,0
21640,0.00132454501,0.0002528586774,0
21641,0.001632245607,0.0002528586774,0
21642,0.0007143554394,0.0002528586774,0
21643,0.004330134951,0.0002528586774,0
21644,0.0003972862614,0.0002528586774,0
21645,0.000547696487,0.0002528586774,0
21646,0.0006097065052,0.0002528586774,0
21647,0.0007691370556,0.0002528586774,0
21648,0.0009856089018,0.0002528586774,0
21649,0.001495548175,0.0002528586774,0
21650,0.001692154445,0.0002528586774,0
21651,0.0005199283478,0.0002528586774,0
21652,0.001114841667,0.0002528586774,0
21653,0.0005440360983,0.0002528586774,0
21654,0.002029333496,0.0002528586774,0
21655,0.001123130089,0.0002528586774,0
21656,0.0003846516192,0.0002528586774,0
21657,0.0002295005106,0.0002528586774,0
21658,0.0005996762193,0.0002528586774,0
21659,0.0004514761386,0.0002535530948,0
21660,0.0003318721137,0.0002535530948,0
21661,0.001939457492,0.0002535530948,0
21662,0.004000020213,0.0002535530948,0
21663,0.0003788546892,0.0002535530948,0
21664,0.000409771601,0.0002535530948,0
21665,0.0004182485281,0.0002535530948,0
21666,0.001472783741,0.0002535530948,0
21667,0.0003991144767,0.0002535530948,0
21668,0.0005107514444,0.0002535530948,0
21669,0.001997038256,0.0002535530948,0
21670,0.001276622992,0.0002535530948,0
21671,0.0001506252884,0.0002535530948,0
21672,0.00114720955,0.0002535530948,0
21673,0.0005263198982,0.0002535530948,0
21674,0.0001311073574,0.0002535530948,0
21675,0.001161877066,0.0002535530948,0
21676,0.0004235399829,0.0002535530948,0
21677,0.0003525600187,0.0002535530948,0
21678,0.001307526371,0.0002535530948,0
21679,0.0007359386072,0.0002529715712,0
21680,0.0007437215536,0.0002529715712,0
21681,0.001253036782,0.0002529715712,0
21682,0.001049493323,0.0002529715712,0
21683,0.0006257208297,0.0002529715712,0
21684,0.0005497497623,0.0002529715712,0
21685,0.002360426821,0.0002529715712,0
21686,0.0001139221931,0.0002529715712,0
21687,0.0008803982055,0.0002529715712,0
21688,0.002902234206,0.0002529715712,0
21689,0.0005762017099,0.0002529715712,0
21690,0.0006319896202,0.0002529715712,0
21691,0.001293850481,0.0002529715712,0
21692,0.0008983769803,0.0002529715712,0
21693,0.0007984263357,0.0002529715712,0
21694,0.002500620671,0.0002529715712,0
21695,0.0004357841099,0.0002529715712,0
21696,0.0005078942631,0.0002529715712,0
21697,0.003335434943,0.0002529715712,0
21698,0.0003568601969,0.0002529715712,0
21699,0.0005458676605,0.0002533767838,0
21700,0.001616816618,0.0002533767838,0
21701,0.001463266322,0.0002533767838,0
21702,0.001070854138,0.0002533767838,0
21703,0.0008020033129,0.0002533767838,0
21704,0.001121221809,0.0002533767838,0
21705,0.00413019862,0.0002533767838,0
21706,0.001032565255,0.0002533767838,0
21707,0.0004296855477,0.0002533767838,0
21708,0.001753479708,0.0002533767838,0
21709,0.0005281017511,0.0002533767838,0
21710,0.001074066036,0.0002533767838,0
21711,0.0003568158718,0.0002533767838,0
21712,0.0005430359161,0.0002533767838,0
21713,0.001054062624,0.0002533767838,0
21714,0.0002326626709,0.0002533767838,0
21715,0.0004460361961,0.0002533767838,0
21716,0.001085584168,0.0002533767838,0
21717,0.001116005005,0.0002533767838,0
21718,0.0002520708367,0.0002533767838,0
21719,0.001460370491,0.0002540130226,0
21720,0.001431485522,0.0002540130226,0
21721,0.0002633926924,0.0002540130226,0
21722,0.0002804070245,0.0002540130226,0
21723,0.002990478883,0.0002540130226,0
21724,0.001006759703,0.0002540130226,0
21725,0.0006034596008,0.0002540130226,0
21726,0.0008402395761,0.0002540130226,0
21727,0.001881068572,0.0002540130226,0
21728,0.001891251188,0.0002540130226,0
21729,0.001114944112,0.0002540130226,0
21730,0.002590637887,0.0002540130226,0
21731,0.0001850549888,0.0002540130226,0
21732,0.001884222613,0.0002540130226,0
21733,0.001093182247,0.0002540130226,0
21734,0.0007279289421,0.0002540130226,0
21735,0.0004214889195,0.0002540130226,0
21736,0.0006333240308,0.0002540130226,0
21737,0.000884918205,0.0002540130226,0
21738,0.0009461260051,0.0002540130226,0
21739,0.0009818071267,0.0002542820293,0
21740,0.001776445541,0.0002542820293,0
21741,0.003947903402,0.0002542820293,0
21742,0.001184379798,0.0002542820293,0
21743,0.0007724473835,0.0002542820293,0
21744,0.000376515236,0.0002542820293,0
21745,0.0004885749659,0.0002542820293,0
21746,0.0008806956466,0.0002542820293,0
21747,0.006642507389,0.0002542820293,0
21748,0.002313351724,0.0002542820293,0
21749,0.0001806122309,0.0002542820293,0
21750,0.001585404039,0.0002542820293,0
21751,0.002301492495,0.0002542820293,0
21752,0.0001568730659,0.0002542820293,0
21753,0.0006091070827,0.0002542820293,0
21754,0.0007361823227,0.0002542820293,0
21755,0.0003189623239,0.0002542820293,0
21756,0.000379218196,0.0002542820293,0
21757,0.0003205402172,0.0002542820293,0
21758,0.0009328491869,0.0002542820293,0
21759,0.002243039198,0.0002545778116,0
21760,0.001658405177,0.0002545778116,0
21761,0.0007363112527,0.0002545778116,0
21762,0.0002665740612,0.0002545778116,0
21763,0.001084107207,0.0002545778116,0
21764,0.0008552681538,0.0002545778116,0
21765,0.0007555859629,0.0002545778116,0
21766,0.002303033834,0.0002545778116,0
21767,0.0005026604631,0.0002545778116,0
21768,0.0004339081643,0.0002545778116,0
21769,0.0003220606595,0.0002545778116,0
21770,0.0008240732714,0.0002545778116,0
21771,0.004012602381,0.0002545778116,0
21772,0.002456118818,0.0002545778116,0
21773,0.0005018076627,0.0002545778116,0
21774,0.0004558285873,0.0002545778116,0
21775,0.0003005846229,0.0002545778116,0
21776,0.0004395068972,0.0002545778116,0
21777,0.0004157175426,0.0002545778116,0
21778,0.001190791372,0.0002545778116,0
21779,0.0007346351631,0.0002550270874,0
21780,0.0004523971293,0.0002550270874,0
21781,0.0004381572653,0.0002550270874,0
21782,0.0003683057439,0.0002550270874,0
21783,0.001208631438,0.0002550270874,0
21784,0.00103589159,0.0002550270874,0
21785,0.0003238639329,0.0002550270874,0
21786,0.001029411796,0.0002550270874,0
21787,0.0003088251397,0.0002550270874,0
21788,0.001766888076,0.0002550270874,0
21789,0.001024571364,0.0002550270874,0
21790,0.0007409007521,0.0002550270874,0
21791,0.0002746714163,0.0002550270874,0
21792,0.001908848411,0.0002550270874,0
21793,0.0002757095499,0.0002550270874,0
21794,0.0007770655211,0.0002550270874,0
21795,0.001790102106,0.0002550270874,0
21796,0.0002825456322,0.0002550270874,0
21797,0.003437951906,0.0002550270874,0
21798,0.001546262414,0.0002550270874,0
21799,0.001483817585,0.0002556011896,0
21800,0.0001362894545,0.0002556011896,0
21801,0.0005396208144,0.0002556011896,0
21802,0.001256610849,0.0002556011896,0
21803,0.005951246247,0.0002556011896,0
21804,0.0006900995504,0.0002556011896,0
21805,0.0007044297527,0.0002556011896,0
21806,0.0007906901301,0.0002556011896,0
21807,0.0003431937657,0.0002556011896,0
21808,0.001538568409,0.0002556011896,0
21809,0.001390194171,0.0002556011896,0
21810,0.0004413335118,0.0002556011896,0
21811,0.0002477496164,0.0002556011896,0
21812,0.0004024894442,0.0002556011896,0
21813,0.000707586878,0.0002556011896,0
21814,0.009578338824,0.0002556011896,1
21815,0.0002898922539,0.0002556011896,0
21816,0.0003199837811,0.0002556011896,0
21817,0.001211831928,0.0002556011896,0
21818,0.0003053439432,0.0002556011896,0
21819,0.0003884022299,0.0002560027933,0
21820,0.0005304986844,0.0002560027933,0
21821,0.0004989950685,0.0002560027933,0
21822,0.001177268336,0.0002560027933,0
21823,0.001252111746,0.0002560027933,0
21824,0.002171159722,0.0002560027933,0
21825,0.0004311145167,0.0002560027933,0
21826,0.0008766555693,0.0002560027933,0
21827,0.00103444932,0.0002560027933,0
21828,0.001882081036,0.0002560027933,0
21829,0.0005587057094,0.0002560027933,0
21830,0.001089481753,0.0002560027933,0
21831,0.0005761140492,0.0002560027933,0
21832,0.001088627847,0.0002560027933,0
21833,0.0004492071457,0.0002560027933,0
21834,0.0005199064035,0.0002560027933,0
21835,0.0005946599995,0.0002560027933,0
21836,0.0004719453573,0.0002560027933,0
21837,0.0006249975995,0.0002560027933,0
21838,0.001232743496,0.0002560027933,0
21839,0.000257148844,0.00025587657,0
21840,0.000246899639,0.00025587657,0
21841,0.000777950976,0.00025587657,0
21842,0.0007661647396,0.00025587657,0
21843,0.002883902052,0.00025587657,0
21844,0.0009267475689,0.00025587657,0
21845,0.0004652037169,0.00025587657,0
21846,0.0009130315157,0.00025587657,0
21847,0.002066916553,0.00025587657,0
21848,0.0003428341879,0.00025587657,0
21849,0.00498424191,0.00025587657,0
21850,0.0002783878881,0.00025587657,0
21851,0.001506945584,0.00025587657,0
21852,0.001704576775,0.00025587657,0
21853,0.002635683166,0.00025587657,0
21854,0.004038886167,0.00025587657,0
21855,0.0006105562788,0.00025587657,0
21856,0.0004203392018,0.00025587657,0
21857,0.000275515893,0.00025587657,0
21858,0.000159754054,0.00025587657,0
21859,0.001579101663,0.0002571030345,0
21860,0.0009373783832,0.0002571030345,0
21861,0.003117694287,0.0002571030345,0
21862,0.01152892876,0.0002571030345,1
21863,0.0005207309732,0.0002571030345,0
21864,0.0003380340058,0.0002571030345,0
21865,0.001049301121,0.0002571030345,0
21866,0.001674078754,0.0002571030345,0
21867,0.001133000944,0.0002571030345,0
21868,0.0008878345834,0.0002571030345,0
21869,0.0007773012621,0.0002571030345,0
21870,0.00242056977,0.0002571030345,0
21871,0.001795835793,0.0002571030345,0
21872,0.0005869536544,0.0002571030345,0
21873,0.0003217630147,0.0002571030345,0
21874,0.0009961256292,0.0002571030345,0
21875,0.0007895195158,0.0002571030345,0
21876,0.0006181216449,0.0002571030345,0
21877,0.001846916392,0.0002571030345,0
21878,0.00125558523,0.0002571030345,0
21879,0.002444138052,0.0002575731196,0
21880,0.001145708375,0.0002575731196,0
21881,0.0001417278836,0.0002575731196,0
21882,0.000593131932,0.0002575731196,0
21883,0.001107791555,0.0002575731196,0
21884,0.0003057551803,0.0002575731196,0
21885,0.0009739853558,0.0002575731196,0
21886,0.0004329356889,0.0002575731196,0
21887,0.0006006309995,0.0002575731196,0
21888,0.0005003149272,0.0002575731196,0
21889,0.002761725336,0.0002575731196,0
21890,0.0002374672331,0.0002575731196,0
21891,0.0008475623908,0.0002575731196,0
21892,0.0009370049811,0.0002575731196,0
21893,0.0008289152756,0.0002575731196,0
21894,0.003852517111,0.0002575731196,0
21895,0.004490638617,0.0002575731196,0
21896,0.001176433871,0.0002575731196,0
21897,0.005446224008,0.0002575731196,0
21898,0.0008039860404,0.0002575731196,0
21899,0.000671335205,0.0002582256275,0
21900,0.003071042709,0.0002582256275,0
21901,0.002675481373,0.0002582256275,0
21902,0.001086146687,0.0002582256275,0
21903,0.0007299232529,0.0002582256275,0
21904,0.001886671525,0.0002582256275,0
21905,0.003642189316,0.0002582256275,0
21906,0.001735099242,0.0002582256275,0
21907,0.001667828416,0.0002582256275,0
21908,0.002399377758,0.0002582256275,0
21909,0.0003745802387,0.0002582256275,0
21910,0.001743552973,0.0002582256275,0
21911,0.0004316821287,0.0002582256275,0
21912,0.002211201238,0.0002582256275,0
21913,0.0008812453016,0.0002582256275,0
21914,0.0001981436071,0.0002582256275,0
21915,0.002173979999,0.0002582256275,0
21916,0.0007111023297,0.0002582256275,0
21917,0.001275077579,0.0002582256275,0
21918,0.0004850777623,0.0002582256275,0
21919,0.0005032612826,0.0002588574716,0
21920,0.0004890509299,0.0002588574716,0
21921,0.0007886306848,0.0002588574716,0
21922,0.0002153135865,0.0002588574716,0
21923,0.002215308137,0.0002588574716,0
21924,0.000660167716,0.0002588574716,0
21925,0.001670808182,0.0002588574716,0
21926,0.0003923048498,0.0002588574716,0
21927,0.0004240823037,0.0002588574716,0
21928,0.001346309669,0.0002588574716,0
21929,0.0005471422337,0.0002588574716,0
21930,0.002780685667,0.0002588574716,0
21931,0.0008122445433,0.0002588574716,0
21932,0.0007296420517,0.0002588574716,0
21933,0.002797579626,0.0002588574716,0
21934,0.0008963558939,0.0002588574716,0
21935,0.001656529959,0.0002588574716,0
21936,0.0007536678459,0.0002588574716,0
21937,0.0004842931521,0.0002588574716,0
21938,0.0004508022394,0.0002588574716,0
21939,0.0007647242746,0.0002597464481,0
21940,0.0009076772258,0.0002597464481,0
21941,0.01010280941,0.0002597464481,1
21942,0.001368694589,0.0002597464481,0
21943,0.001102009672,0.0002597464481,0
21944,0.003092118073,0.0002597464481,0
21945,0.0009799312102,0.0002597464481,0
21946,0.0004458642798,0.0002597464481,0
21947,0.0003456752747,0.0002597464481,0
21948,0.0001697195694,0.0002597464481,0
21949,0.002244923264,0.0002597464481,0
21950,0.003096826375,0.0002597464481,0
21951,0.0001519947109,0.0002597464481,0
21952,0.001735084923,0.0002597464481,0
21953,0.001455201418,0.0002597464481,0
21954,0.0004400920297,0.0002597464481,0
21955,0.000295293692,0.0002597464481,0
21956,0.001105819014,0.0002597464481,0
21957,0.0001062147057,0.0002597464481,0
21958,0.0004199022369,0.0002597464481,0
21959,0.0001700154826,0.0002595710394,0
21960,0.001853353344,0.0002595710394,0
21961,0.0003283834667,0.0002595710394,0
21962,0.0004782374017,0.0002595710394,0
21963,0.0005177018465,0.0002595710394,0
21964,0.001875441638,0.0002595710394,0
21965,0.0008333607111,0.0002595710394,0
21966,0.001072625979,0.0002595710394,0
21967,0.0005499111139,0.0002595710394,0
21968,0.002406945452,0.0002595710394,0
21969,0.0008174541872,0.0002595710394,0
21970,0.0003771998163,0.0002595710394,0
21971,0.002594684483,0.0002595710394,0
21972,0.0005584676401,0.0002595710394,0
21973,0.00100488856,0.0002595710394,0
21974,0.004789045546,0.0002595710394,0
21975,0.0008613815298,0.0002595710394,0
21976,0.000621106301,0.0002595710394,0
21977,0.0008920701221,0.0002595710394,0
21978,0.000561058172,0.0002595710394,0
21979,0.0003316597722,0.0002602996537,0
21980,0.0003140977642,0.0002602996537,0
21981,0.001333536929,0.0002602996537,0
21982,0.001471100608,0.0002602996537,0
21983,0.001441607252,0.0002602996537,0
21984,0.001390499412,0.0002602996537,0
21985,0.0003627199039,0.0002602996537,0
21986,0.003045051126,0.0002602996537,0
21987,0.0002943635336,0.0002602996537,0
21988,0.0008644896443,0.0002602996537,0
21989,0.0009664502577,0.0002602996537,0
21990,0.0009503942565,0.0002602996537,0
21991,0.0002417152282,0.0002602996537,0
21992,0.0004721155856,0.0002602996537,0
21993,0.001530784881,0.0002602996537,0
21994,0.000899617793,0.0002602996537,0
21995,0.001193988021,0.0002602996537,0
21996,0.001721348614,0.0002602996537,0
21997,0.0006341908593,0.0002602996537,0
21998,0.0003073376429,0.0002602996537,0
21999,0.0003348684986,0.0002601555316,0
22000,0.001029262901,0.0002601555316,0
22001,0.0006759771495,0.0002601555316,0
22002,0.003809632733,0.0002601555316,0
22003,0.002376436023,0.0002601555316,0
22004,0.0004294366809,0.0002601555316,0
22005,0.0009657975752,0.0002601555316,0
22006,0.001504905173,0.0002601555316,0
22007,0.001219619648,0.0002601555316,0
22008,0.000181793177,0.0002601555316,0
22009,0.0004094865872,0.0002601555316,0
22010,0.001625970472,0.0002601555316,0
22011,0.001873100176,0.0002601555316,0
22012,0.0001608601015,0.0002601555316,0
22013,0.0008658472798,0.0002601555316,0
22014,0.0006059859879,0.0002601555316,0
22015,0.0001687699696,0.0002601555316,0
22016,0.002330972347,0.0002601555316,0
22017,0.0002773069718,0.0002601555316,0
22018,0.0002512343344,0.0002601555316,0
22019,0.001262518927,0.0002593564568,0
22020,0.0004816654837,0.0002593564568,0
22021,0.001972127706,0.0002593564568,0
22022,0.002728800522,0.0002593564568,0
22023,0.001483745058,0.0002593564568,0
22024,0.0008185260813,0.0002593564568,0
22025,0.001606383361,0.0002593564568,0
22026,0.0003281560203,0.0002593564568,0
22027,0.001035220339,0.0002593564568,0
22028,0.0002005969,0.0002593564568,0
22029,0.005293142516,0.0002593564568,0
22030,0.0003681501839,0.0002593564568,0
22031,0.001136369887,0.0002593564568,0
22032,0.001439386862,0.0002593564568,0
22033,0.0005138757988,0.0002593564568,0
22034,0.0001539748337,0.0002593564568,0
22035,0.0005175161059,0.0002593564568,0
22036,0.0002586782794,0.0002593564568,0
22037,0.001699349494,0.0002593564568,0
22038,0.0001966275304,0.0002593564568,0
22039,0.0001437383326,0.000259828812,0
22040,0.0006213334273,0.000259828812,0
22041,0.0007466142415,0.000259828812,0
22042,0.001705415547,0.000259828812,0
22043,0.000314834062,0.000259828812,0
22044,0.0003034974798,0.000259828812,0
22045,0.0003341052798,0.000259828812,0
22046,0.0008779516211,0.000259828812,0
22047,0.00067876908,0.000259828812,0
22048,0.0003804645967,0.000259828812,0
22049,0.0004722058075,0.000259828812,0
22050,0.0003519546008,0.000259828812,0
22051,0.0007219220861,0.000259828812,0
22052,0.001460507279,0.000259828812,0
22053,0.006064752117,0.000259828812,0
22054,0.007984992117,0.000259828812,1
22055,0.006611519959,0.000259828812,0
22056,0.001112293918,0.000259828812,0
22057,0.000509244448,0.000259828812,0
22058,0.0009575281874,0.000259828812,0
22059,0.0004102163657,0.0002600355074,0
22060,0.0009372765198,0.0002600355074,0
22061,0.001393159851,0.0002600355074,0
22062,0.001308954204,0.0002600355074,0
22063,0.001733257202,0.0002600355074,0
22064,0.0007566670538,0.0002600355074,0
22065,0.0004464066587,0.0002600355074,0
22066,0.001372387866,0.0002600355074,0
22067,0.0001865699887,0.0002600355074,0
22068,0.0013115037,0.0002600355074,0
22069,0.000825831492,0.0002600355074,0
22070,0.0003102266055,0.0002600355074,0
22071,0.001814022893,0.0002600355074,0
22072,0.0002638219157,0.0002600355074,0
22073,0.002208723919,0.0002600355074,0
22074,0.0003369620536,0.0002600355074,0
22075,0.0008701379411,0.0002600355074,0
22076,0.0001398899185,0.0002600355074,0
22077,0.0007102476084,0.0002600355074,0
22078,0.0005005401326,0.0002600355074,0
22079,0.0005234399578,0.0002599735162,0
22080,0.001387454569,0.0002599735162,0
22081,0.0004773970577,0.0002599735162,0
22082,0.0003541323531,0.0002599735162,0
22083,0.001503796782,0.0002599735162,0
22084,0.002840452362,0.0002599735162,0
22085,0.001023118268,0.0002599735162,0
22086,0.001019497286,0.0002599735162,0
22087,0.003120743437,0.0002599735162,0
22088,8.871875616e-05,0.0002599735162,0
22089,0.0009044840117,0.0002599735162,0
22090,0.001342937816,0.0002599735162,0
22091,0.0009926737985,0.0002599735162,0
22092,0.0004447896208,0.0002599735162,0
22093,0.00109707925,0.0002599735162,0
22094,0.000420635246,0.0002599735162,0
22095,0.0001634321961,0.0002599735162,0
22096,0.0028433681,0.0002599735162,0
22097,0.0006460000877,0.0002599735162,0
22098,0.0001625615114,0.0002599735162,0
22099,0.0001859264157,0.0002607416827,0
22100,0.02167293243,0.0002607416827,1
22101,0.001704323571,0.0002607416827,0
22102,0.001296294155,0.0002607416827,0
22103,0.0008764562663,0.0002607416827,0
22104,0.0003635812027,0.0002607416827,0
22105,0.0002297279279,0.0002607416827,0
22106,0.0006744452985,0.0002607416827,0
22107,0.0009842424188,0.0002607416827,0
22108,0.0004778545117,0.0002607416827,0
22109,0.0005701470654,0.0002607416827,0
22110,0.0003480144369,0.0002607416827,0
22111,0.001130638761,0.0002607416827,0
22112,0.004487529863,0.0002607416827,0
22113,0.01088534575,0.0002607416827,1
22114,0.004036188591,0.0002607416827,0
22115,0.0002504349395,0.0002607416827,0
22116,0.0009416262619,0.0002607416827,0
22117,0.0003191315627,0.0002607416827,0
22118,0.0008370337309,0.0002607416827,0
22119,0.000317816477,0.0002610658412,0
22120,0.001297969953,0.0002610658412,0
22121,0.005628936924,0.0002610658412,0
22122,0.0007436065935,0.0002610658412,0
22123,0.0003779719409,0.0002610658412,0
22124,0.002805996686,0.0002610658412,0
22125,0.001329662162,0.0002610658412,0
22126,0.007182372734,0.0002610658412,0
22127,0.001447573653,0.0002610658412,0
22128,0.001104197581,0.0002610658412,0
22129,0.001938764937,0.0002610658412,0
22130,0.0002951654606,0.0002610658412,0
22131,0.000874771853,0.0002610658412,0
22132,0.0001244107116,0.0002610658412,0
22133,0.0003062956675,0.0002610658412,0
22134,0.0003851497022,0.0002610658412,0
22135,0.0003018885036,0.0002610658412,0
22136,0.0009134099819,0.0002610658412,0
22137,0.006102031562,0.0002610658412,0
22138,0.00244006305,0.0002610658412,0
22139,0.0007080864161,0.000261773559,0
22140,0.0002878016676,0.000261773559,0
22141,0.006019572727,0.000261773559,0
22142,0.00175931328,0.000261773559,0
22143,0.00111520302,0.000261773559,0
22144,0.0005879162345,0.000261773559,0
22145,0.002264780924,0.000261773559,0
22146,0.001694470644,0.000261773559,0
22147,0.00573053211,0.000261773559,0
22148,0.002428085543,0.000261773559,0
22149,0.000524855277,0.000261773559,0
22150,0.0009015154792,0.000261773559,0
22151,0.0003809266782,0.000261773559,0
22152,0.0005795384641,0.000261773559,0
22153,0.0004674151132,0.000261773559,0
22154,0.0002060383267,0.000261773559,0
22155,0.001595848124,0.000261773559,0
22156,0.004144055769,0.000261773559,0
22157,0.001409110264,0.000261773559,0
22158,0.001431524404,0.000261773559,0
22159,0.00385982031,0.0002619912266,0
22160,0.00111128611,0.0002619912266,0
22161,0.005073931534,0.0002619912266,0
22162,0.000694830087,0.0002619912266,0
22163,0.003973652609,0.0002619912266,0
22164,0.0007229354815,0.0002619912266,0
22165,0.004496013746,0.0002619912266,0
22166,0.01107719541,0.0002619912266,1
22167,0.0009077867144,0.0002619912266,0
22168,0.0006903142785,0.0002619912266,0
22169,0.004469000269,0.0002619912266,0
22170,0.003532851348,0.0002619912266,0
22171,0.01063506026,0.0002619912266,1
22172,0.0002579271095,0.0002619912266,0
22173,0.0004520191869,0.0002619912266,0
22174,0.001628088416,0.0002619912266,0
22175,0.0001016374226,0.0002619912266,0
22176,0.0002654088894,0.0002619912266,0
22177,0.001237418852,0.0002619912266,0
22178,0.00136147521,0.0002619912266,0
22179,0.0001307935454,0.0002619029547,0
22180,0.0001634858054,0.0002619029547,0
22181,0.0003993876744,0.0002619029547,0
22182,0.001943738898,0.0002619029547,0
22183,0.001032033819,0.0002619029547,0
22184,0.002067459282,0.0002619029547,0
22185,0.0003996372689,0.0002619029547,0
22186,0.0002560082939,0.0002619029547,0
22187,0.000621254032,0.0002619029547,0
22188,0.0001152549812,0.0002619029547,0
22189,0.001083827461,0.0002619029547,0
22190,0.000547260046,0.0002619029547,0
22191,0.0004667076864,0.0002619029547,0
22192,0.005147582386,0.0002619029547,0
22193,0.0009140407783,0.0002619029547,0
22194,0.002465766156,0.0002619029547,0
22195,0.0007250957424,0.0002619029547,0
22196,0.0009152151761,0.0002619029547,0
22197,0.001620745868,0.0002619029547,0
22198,0.001662268303,0.0002619029547,0
22199,0.0001914254535,0.0002620985906,0
22200,0.0003436167899,0.0002620985906,0
22201,0.0006671102019,0.0002620985906,0
22202,0.00159896072,0.0002620985906,0
22203,0.0006114943535,0.0002620985906,0
22204,0.0002644810884,0.0002620985906,0
22205,0.002018310362,0.0002620985906,0
22206,0.0007273565861,0.0002620985906,0
22207,0.002197382273,0.0002620985906,0
22208,0.001534564071,0.0002620985906,0
22209,0.006170022767,0.0002620985906,0
22210,0.001291907509,0.0002620985906,0
22211,0.00039648643,0.0002620985906,0
22212,0.0008934268844,0.0002620985906,0
22213,0.001148157753,0.0002620985906,0
22214,0.0004035419552,0.0002620985906,0
22215,0.0002338719642,0.0002620985906,0
22216,0.0006699108053,0.0002620985906,0
22217,0.001058035879,0.0002620985906,0
22218,0.003542564111,0.0002620985906,0
22219,0.0001952606399,0.0002619518491,0
22220,0.0001968274591,0.0002619518491,0
22221,0.000990527682,0.0002619518491,0
22222,0.0009846311295,0.0002619518491,0
22223,0.00162493845,0.0002619518491,0
22224,0.004586042371,0.0002619518491,0
22225,0.000590630807,0.0002619518491,0
22226,0.0005718239699,0.0002619518491,0
22227,0.001607303275,0.0002619518491,0
22228,0.001681123627,0.0002619518491,0
22229,0.0003374460794,0.0002619518491,0
22230,0.0001641581912,0.0002619518491,0
22231,0.01564701274,0.0002619518491,1
22232,0.0007830965915,0.0002619518491,0
22233,0.0001894029556,0.0002619518491,0
22234,0.000277659361,0.0002619518491,0
22235,0.001548384433,0.0002619518491,0
22236,0.0002686790249,0.0002619518491,0
22237,0.001277435338,0.0002619518491,0
22238,0.006001390051,0.0002619518491,0
22239,0.0006682162057,0.0002617299324,0
22240,0.001494462718,0.0002617299324,0
22241,0.0005387564888,0.0002617299324,0
22242,0.0006266428391,0.0002617299324,0
22243,0.00187157467,0.0002617299324,0
22244,0.0001461803768,0.0002617299324,0
22245,0.000509915466,0.0002617299324,0
22246,0.0006973199779,0.0002617299324,0
22247,0.0004071363073,0.0002617299324,0
22248,0.0006655628094,0.0002617299324,0
22249,0.0007809933159,0.0002617299324,0
22250,0.0003529246605,0.0002617299324,0
22251,0.002540192334,0.0002617299324,0
22252,0.0005647033104,0.0002617299324,0
22253,0.0003377139219,0.0002617299324,0
22254,0.001038855291,0.0002617299324,0
22255,0.001586451195,0.0002617299324,0
22256,0.001271082903,0.0002617299324,0
22257,0.0002913976496,0.0002617299324,0
22258,0.0008007833385,0.0002617299324,0
22259,0.004107040819,0.0002617762075,0
22260,0.0003777349775,0.0002617762075,0
22261,0.0003273088078,0.0002617762075,0
22262,0.0005241656327,0.0002617762075,0
22263,0.006949825212,0.0002617762075,0
22264,0.0007843856001,0.0002617762075,0
22265,0.0005777166807,0.0002617762075,0
22266,0.002252808772,0.0002617762075,0
22267,0.001226963708,0.0002617762075,0
22268,0.0007641196717,0.0002617762075,0
22269,0.0008872338221,0.0002617762075,0
22270,0.001246341038,0.0002617762075,0
22271,0.0007355914568,0.0002617762075,0
22272,0.0001750756492,0.0002617762075,0
22273,0.0004655436496,0.0002617762075,0
22274,0.001899084542,0.0002617762075,0
22275,0.002896087244,0.0002617762075,0
22276,0.000387970591,0.0002617762075,0
22277,0.006904176436,0.0002617762075,0
22278,0.0005238301237,0.0002617762075,0
22279,0.000422536832,0.0002619793231,0
22280,0.0004671551578,0.0002619793231,0
22281,0.000342961197,0.0002619793231,0
22282,0.0008320498746,0.0002619793231,0
22283,0.001954510342,0.0002619793231,0
22284,0.000904126442,0.0002619793231,0
22285,0.001025379053,0.0002619793231,0
22286,0.008261518553,0.0002619793231,1
22287,0.001129171927,0.0002619793231,0
22288,0.001318594324,0.0002619793231,0
22289,0.0002735743183,0.0002619793231,0
22290,0.003743872978,0.0002619793231,0
22291,0.000450249674,0.0002619793231,0
22292,0.001585696707,0.0002619793231,0
22293,0.000835605897,0.0002619793231,0
22294,0.000882990018,0.0002619793231,0
22295,0.004377245903,0.0002619793231,0
22296,0.001558607328,0.0002619793231,0
22297,0.0009411593201,0.0002619793231,0
22298,0.0003409819328,0.0002619793231,0
22299,0.0002113446826,0.0002618365106,0
22300,0.0007024324732,0.0002618365106,0
22301,0.001052913722,0.0002618365106,0
22302,0.0004929914139,0.0002618365106,0
22303,0.0009401761927,0.0002618365106,0
22304,0.000654075935,0.0002618365106,0
22305,0.000223070354,0.0002618365106,0
22306,0.005439884029,0.0002618365106,0
22307,0.001682628877,0.0002618365106,0
22308,0.0004276721738,0.0002618365106,0
22309,0.0002770054853,0.0002618365106,0
22310,0.000204092983,0.0002618365106,0
22311,0.000938445155,0.0002618365106,0
22312,0.0003507548536,0.0002618365106,0
22313,0.0007019284531,0.0002618365106,0
22314,0.0005382975214,0.0002618365106,0
22315,0.002564885654,0.0002618365106,0
22316,0.000688931148,0.0002618365106,0
22317,0.002864484908,0.0002618365106,0
22318,0.0002167155908,0.0002618365106,0
22319,0.04089895636,0.0002618853759,1
22320,0.000750461244,0.0002618853759,0
22321,0.008458691649,0.0002618853759,1
22322,0.0003996230953,0.0002618853759,0
22323,0.0004573263577,0.0002618853759,0
22324,0.003053678898,0.0002618853759,0
22325,0.001968311146,0.0002618853759,0
22326,0.00252705696,0.0002618853759,0
22327,0.0009287611465,0.0002618853759,0
22328,0.0006549082464,0.0002618853759,0
22329,0.001008987078,0.0002618853759,0
22330,0.0005503706634,0.0002618853759,0
22331,0.002934612334,0.0002618853759,0
22332,0.0001971038728,0.0002618853759,0
22333,0.0004463210062,0.0002618853759,0
22334,0.001568502863,0.0002618853759,0
22335,0.0002623550827,0.0002618853759,0
22336,0.002424179111,0.0002618853759,0
22337,0.000695380324,0.0002618853759,0
22338,0.0004799427115,0.0002618853759,0
22339,0.001043067547,0.0002632007236,0
22340,0.0007598193479,0.0002632007236,0
22341,0.0004023773654,0.0002632007236,0
22342,0.0002835249761,0.0002632007236,0
22343,0.000271195313,0.0002632007236,0
22344,0.003064039163,0.0002632007236,0
22345,0.0001322674507,0.0002632007236,0
22346,0.0002290141128,0.0002632007236,0
22347,0.0005298733595,0.0002632007236,0
22348,0.0007034500013,0.0002632007236,0
22349,0.001547842403,0.0002632007236,0
22350,0.0007403694326,0.0002632007236,0
22351,0.00270856102,0.0002632007236,0
22352,0.00182985072,0.0002632007236,0
22353,0.0005367689882,0.0002632007236,0
22354,0.001996611943,0.0002632007236,0
22355,0.0002383339015,0.0002632007236,0
22356,0.002912096912,0.0002632007236,0
22357,0.003821869846,0.0002632007236,0
22358,0.0002639007871,0.0002632007236,0
22359,0.0009694984765,0.0002630061936,0
22360,0.0002254764986,0.0002630061936,0
22361,0.002868101932,0.0002630061936,0
22362,0.0004270311038,0.0002630061936,0
22363,0.0002878912201,0.0002630061936,0
22364,0.0008492968627,0.0002630061936,0
22365,0.002090824302,0.0002630061936,0
22366,0.001154056867,0.0002630061936,0
22367,0.0007683096919,0.0002630061936,0
22368,0.002148564206,0.0002630061936,0
22369,0.0006000364083,0.0002630061936,0
22370,0.002333833836,0.0002630061936,0
22371,0.0005883976119,0.0002630061936,0
22372,0.0002309774136,0.0002630061936,0
22373,0.002103861654,0.0002630061936,0
22374,0.0008473329362,0.0002630061936,0
22375,0.0008589309291,0.0002630061936,0
22376,0.0009435782558,0.0002630061936,0
22377,0.007122939453,0.0002630061936,0
22378,0.003927143756,0.0002630061936,0
22379,0.0004117302014,0.0002626820933,0
22380,0.001382739982,0.0002626820933,0
22381,0.001950037782,0.0002626820933,0
22382,0.0003362438874,0.0002626820933,0
22383,0.0002863846021,0.0002626820933,0
22384,0.005066470709,0.0002626820933,0
22385,0.0004077621852,0.0002626820933,0
22386,0.0005229789531,0.0002626820933,0
22387,0.0006008339697,0.0002626820933,0
22388,0.0005018091761,0.0002626820933,0
22389,0.0002858168737,0.0002626820933,0
22390,0.0002796784102,0.0002626820933,0
22391,0.0003540655889,0.0002626820933,0
22392,0.003588554682,0.0002626820933,0
22393,0.00127100863,0.0002626820933,0
22394,0.0003515088756,0.0002626820933,0
22395,0.0006407327019,0.0002626820933,0
22396,0.002302184934,0.0002626820933,0
22397,0.0006959837046,0.0002626820933,0
22398,0.0008572819061,0.0002626820933,0
22399,0.0205951836,0.000262672489,1
22400,0.0002274347644,0.000262672489,0
22401,0.0006672290037,0.000262672489,0
22402,0.001758712111,0.000262672489,0
22403,0.0003945248027,0.000262672489,0
22404,0.001538078533,0.000262672489,0
22405,0.003369260347,0.000262672489,0
22406,0.001092123217,0.000262672489,0
22407,0.0006587816169,0.000262672489,0
22408,0.0149536496,0.000262672489,1
22409,0.0003339867981,0.000262672489,0
22410,0.0005101255956,0.000262672489,0
22411,0.001068415469,0.000262672489,0
22412,0.000396784395,0.000262672489,0
22413,0.001423130976,0.000262672489,0
22414,0.002197540598,0.000262672489,0
22415,0.0002238548332,0.000262672489,0
22416,0.0005325147649,0.000262672489,0
22417,0.003404274117,0.000262672489,0
22418,0.0009034328978,0.000262672489,0
22419,0.001875510323,0.0002632274118,0
22420,0.0006976676523,0.0002632274118,0
22421,0.0003544116626,0.0002632274118,0
22422,0.0006723358529,0.0002632274118,0
22423,0.000518981833,0.0002632274118,0
22424,0.001770813717,0.0002632274118,0
22425,0.0004096921184,0.0002632274118,0
22426,0.0006923722685,0.0002632274118,0
22427,0.0003992628772,0.0002632274118,0
22428,0.0005521861021,0.0002632274118,0
22429,0.005913818721,0.0002632274118,0
22430,0.0004441900819,0.0002632274118,0
22431,0.0009940164164,0.0002632274118,0
22432,0.001269950299,0.0002632274118,0
22433,0.0009789372561,0.0002632274118,0
22434,0.0002595261612,0.0002632274118,0
22435,0.03074624948,0.0002632274118,1
22436,0.0009082888137,0.0002632274118,0
22437,0.008424577303,0.0002632274118,1
22438,0.0001572553883,0.0002632274118,0
22439,0.0004190558102,0.0002638639708,0
22440,0.0001817834418,0.0002638639708,0
22441,0.0006954196724,0.0002638639708,0
22442,0.001140752225,0.0002638639708,0
22443,0.001727194176,0.0002638639708,0
22444,0.003345350502,0.0002638639708,0
22445,0.0004937371123,0.0002638639708,0
22446,0.001860194956,0.0002638639708,0
22447,0.000500866212,0.0002638639708,0
22448,0.003643163713,0.0002638639708,0
22449,0.001159742358,0.0002638639708,0
22450,0.002101614838,0.0002638639708,0
22451,0.0003017589916,0.0002638639708,0
22452,0.0003339173563,0.0002638639708,0
22453,0.0006583228824,0.0002638639708,0
22454,0.001068482059,0.0002638639708,0
22455,0.003551230999,0.0002638639708,0
22456,0.0002415992494,0.0002638639708,0
22457,0.0003279570665,0.0002638639708,0
22458,0.000580902386,0.0002638639708,0
22459,0.001362347975,0.0002636644058,0
22460,0.0003255614429,0.0002636644058,0
22461,0.001768743736,0.0002636644058,0
22462,0.0003170434502,0.0002636644058,0
22463,0.0004320826265,0.0002636644058,0
22464,0.0003233749303,0.0002636644058,0
22465,0.002190383384,0.0002636644058,0
22466,0.01065959875,0.0002636644058,1
22467,0.001001486555,0.0002636644058,0
22468,0.001428718329,0.0002636644058,0
22469,0.002407434396,0.0002636644058,0
22470,0.0019300126,0.0002636644058,0
22471,0.001675116597,0.0002636644058,0
22472,0.0004757118877,0.0002636644058,0
22473,0.0004631656047,0.0002636644058,0
22474,0.001342407195,0.0002636644058,0
22475,0.0005917232484,0.0002636644058,0
22476,0.001168226241,0.0002636644058,0
22477,0.0005595060647,0.0002636644058,0
22478,0.001584459678,0.0002636644058,0
22479,0.0006040108856,0.0002632350079,0
22480,0.0008678284357,0.0002632350079,0
22481,0.001048545586,0.0002632350079,0
22482,0.002522395924,0.0002632350079,0
22483,0.0001873852598,0.0002632350079,0
22484,0.0005916226073,0.0002632350079,0
22485,0.00187493721,0.0002632350079,0
22486,0.0005213720724,0.0002632350079,0
22487,0.003093824955,0.0002632350079,0
22488,0.001091877697,0.0002632350079,0
22489,0.001063939417,0.0002632350079,0
22490,0.004417947493,0.0002632350079,0
22491,0.0003801073181,0.0002632350079,0
22492,0.001085777418,0.0002632350079,0
22493,0.0006241542869,0.0002632350079,0
22494,0.0005452177138,0.0002632350079,0
22495,0.0004066480033,0.0002632350079,0
22496,0.0005854223855,0.0002632350079,0
22497,0.0007821138133,0.0002632350079,0
22498,0.0007937565679,0.0002632350079,0
22499,0.000850671262,0.0002633051481,0
