k,t,angle,bias,p00,p01,p10,p11,sym_resid,det,lambda_min,k0,k1,true_angle,true_bias
0,0.000000,0.3252166733,-0.0007865205407,9.999424219e-05,-2.533197403e-07,-2.533197403e-07,0.2499938384,0,2.49979e-05,9.99942e-05,0.9999000132,-0.002499684691,0.3321631364,0.02966706565
1,0.010000,0.3412678391,-0.1212910935,5.557388067e-05,-0.001110769808,-0.001110769808,0.2222229466,0,1.1116e-05,5.00205e-05,0.5557247326,-11.10754361,0.3419201442,0.02933050891
2,0.020000,0.3515089825,-0.1249084994,5.002319813e-05,-0.001665696502,-0.001665696502,0.1667926237,0,5.56896e-06,3.33852e-05,0.5002420247,-16,0.3508253296,0.02915111728
3,0.030000,0.3593217805,-0.08795719594,5.002319813e-05,-0.001665942371,-0.001665942371,0.1113444194,0,2.79444e-06,2.50916e-05,0.5002606288,-16,0.3588144492,0.02924680783
4,0.040000,0.3619821966,0.05948750675,4.860013723e-05,-0.001428544521,-0.001428544521,0.07164048404,0,1.441e-06,2.01063e-05,0.4860228226,-14.2851727,0.3658309542,0.02873635328
5,0.050000,0.361415498,0.2227425203,4.577636719e-05,-0.001163072884,-0.001163072884,0.04669374973,0,7.84732e-07,1.67955e-05,0.4577626958,-11.63050944,0.3718267185,0.02867816537
6,0.060000,0.3767155483,-0.05553943664,4.246085882e-05,-0.0009378790855,-0.0009378790855,0.03140654415,0,4.53932e-07,1.44405e-05,0.424615249,-9.378659919,0.376762676,0.0289598765
7,0.070000,0.3821076453,-0.06688446552,3.919005394e-05,-0.000761307776,-0.000761307776,0.02187564969,0,2.77718e-07,1.268e-05,0.3918992355,-7.612948529,0.380609358,0.02917989197
8,0.080000,0.3831633851,-0.03084632754,3.618001938e-05,-0.0006254762411,-0.0006254762411,0.01574575901,0,1.78461e-07,1.13161e-05,0.3617992476,-6.254671678,0.3833473249,0.02876948329
9,0.090000,0.3865976483,-0.06432840228,3.349035978e-05,-0.0005207434297,-0.0005207434297,0.01166883856,0,1.1962e-07,1.02308e-05,0.3348860294,-5.207333997,0.3849674875,0.02899060667
10,0.100000,0.3863923997,-0.04299247265,3.111362457e-05,-0.0004391148686,-0.0004391148686,0.008869938552,0,8.31541e-08,9.35188e-06,0.3111270815,-4.391038798,0.385471313,0.0290045583
11,0.110000,0.3881655112,-0.07875390351,2.901256084e-05,-0.0003746896982,-0.0003746896982,0.006892390549,0,5.95735e-08,8.61788e-06,0.2901041955,-3.746866241,0.3848709138,0.02931577587
12,0.120000,0.3834541887,-0.03612791002,2.715736628e-05,-0.0003231391311,-0.0003231391311,0.00545900315,0,4.38333e-08,8.00146e-06,0.2715727761,-3.231357865,0.3831890168,0.02927022695
13,0.130000,0.3821249083,-0.04812887311,2.551823854e-05,-0.0002813488245,-0.0002813488245,0.004396386445,0,3.30309e-08,7.48249e-06,0.2551609352,-2.81342952,0.3804588148,0.02948110981
14,0.140000,0.3813768923,-0.07263347507,2.405792475e-05,-0.000247053802,-0.000247053802,0.003592796624,0,2.53996e-08,7.03627e-06,0.2405793816,-2.470465086,0.3767237,0.02932200267
15,0.150000,0.3749338537,-0.05033943057,2.275407314e-05,-0.0002186000347,-0.0002186000347,0.002974301577,0,1.98915e-08,6.65178e-06,0.227510795,-2.185956836,0.3720368825,0.02939313549
16,0.160000,0.3753888085,-0.09673808515,2.157688141e-05,-0.0001947656274,-0.0001947656274,0.002490706742,0,1.5808e-08,6.30814e-06,0.2157298103,-1.947645202,0.3664608987,0.02971306703
17,0.170000,0.3697652817,-0.09559050947,2.051144838e-05,-0.0001746118069,-0.0001746118069,0.002107232809,0,1.27331e-08,6.00125e-06,0.2051403522,-1.746061824,0.3600670134,0.02977534348
18,0.180000,0.3629206419,-0.09464585781,1.955032349e-05,-0.0001574233174,-0.0001574233174,0.001799277961,0,1.03944e-08,5.73294e-06,0.1955166608,-1.574202828,0.3529345242,0.02999140013
19,0.190000,0.3542882502,-0.08190259337,1.867115498e-05,-0.0001426562667,-0.0001426562667,0.001549124718,0,8.57314e-09,5.48748e-06,0.1867426112,-1.426563255,0.3451499732,0.0300111348
20,0.200000,0.3435774073,-0.05669408292,1.787394285e-05,-0.000129878521,-0.000129878521,0.001343816519,0,7.15087e-09,5.27188e-06,0.1787309572,-1.298782356,0.3368062767,0.03001418672
21,0.210000,0.3335833102,-0.03985860944,1.714378595e-05,-0.0001187473536,-0.0001187473536,0.001173719764,0,6.02107e-09,5.0777e-06,0.1714303344,-1.18748071,0.3280017819,0.030542506
22,0.220000,0.3234121501,-0.03243362159,1.64732337e-05,-0.000108987093,-0.000108987093,0.001031599939,0,5.1156e-09,4.9039e-06,0.1647271141,-1.089862466,0.3188392603,0.03073780746
23,0.230000,0.3117247,-0.01354662329,1.585483551e-05,-0.000100389123,-0.000100389123,0.0009119212627,0,4.38039e-09,4.74566e-06,0.1585480571,-1.003886901,0.3094248505,0.03095593739
24,0.240000,0.3001653925,0.00145047158,1.528859138e-05,-9.276717901e-05,-9.276717901e-05,0.0008104145527,0,3.78435e-09,4.60891e-06,0.1528654397,-0.9276697785,0.2998669599,0.03132054147
25,0.250000,0.2903452367,0.00433973968,1.475960016e-05,-8.598715067e-05,-8.598715067e-05,0.0007237717509,0,3.28879e-09,4.48033e-06,0.1475930363,-0.8598374203,0.2902751402,0.0308684604
26,0.260000,0.2814842537,0.004879422486,1.426041126e-05,-7.992237806e-05,-7.992237806e-05,0.0006493553519,0,2.87249e-09,4.35715e-06,0.142638132,-0.7992334738,0.2807589468,0.03105817102
27,0.270000,0.2734451368,-7.811188698e-05,1.379847527e-05,-7.449090481e-05,-7.449090481e-05,0.0005850791931,0,2.52431e-09,4.24515e-06,0.1380129755,-0.7449104115,0.2714267963,0.03153106165
28,0.280000,0.2650719956,0.001410625875,1.337379217e-05,-6.959587336e-05,-6.959587336e-05,0.0005292668939,0,2.23472e-09,4.14997e-06,0.1337291822,-0.6959468201,0.2623848341,0.03155858174
29,0.290000,0.2580977827,-0.0008995458484,1.297146082e-05,-6.517022848e-05,-6.517022848e-05,0.0004805549979,0,1.98634e-09,4.05816e-06,0.1297412962,-0.6516890377,0.2537358252,0.03120582176
30,0.300000,0.2515076175,-0.003927506506,1.259148121e-05,-6.116181612e-05,-6.116181612e-05,0.0004378557205,0,1.77248e-09,3.96993e-06,0.1259442568,-0.6116176099,0.2455780804,0.03114331556
31,0.310000,0.2437339053,0.0006690770388,1.224130392e-05,-5.751848221e-05,-5.751848221e-05,0.0004002377391,0,1.59106e-09,3.89406e-06,0.1224009395,-0.5751928836,0.2380044294,0.03134826957
32,0.320000,0.2369481474,0.003659442067,1.191347837e-05,-5.418807268e-05,-5.418807268e-05,0.0003669783473,0,1.43564e-09,3.82772e-06,0.119117938,-0.5419045761,0.231101253,0.03105417792
33,0.330000,0.2280431762,0.0185167864,1.160800457e-05,-5.11482358e-05,-5.11482358e-05,0.0003374740481,0,1.30126e-09,3.76834e-06,0.1160432026,-0.5114594325,0.2249475854,0.0315835482
34,0.340000,0.2229100764,0.02207572758,1.130998135e-05,-4.835426807e-05,-4.835426807e-05,0.0003111883998,0,1.1814e-09,3.70586e-06,0.1131227687,-0.4835469797,0.2196142948,0.03147865988
35,0.350000,0.2191207856,0.02143836021,1.102685928e-05,-4.579126835e-05,-4.579126835e-05,0.0002877116203,0,1.07572e-09,3.64534e-06,0.1103009433,-0.4579079971,0.2151633538,0.03096849217
36,0.360000,0.2163886428,0.02068131417,1.075863838e-05,-4.34294343e-05,-4.34294343e-05,0.0002666637301,0,9.82823e-10,3.58913e-06,0.1075797901,-0.434308514,0.2116472066,0.03066032634
37,0.370000,0.2134793326,0.02405338734,1.050531864e-05,-4.125386477e-05,-4.125386477e-05,0.0002477392554,0,9.00698e-10,3.53619e-06,0.1050806791,-0.4125216678,0.2091082391,0.03049017655
38,0.380000,0.21156317,0.02611062676,1.026690006e-05,-3.9242208e-05,-3.9242208e-05,0.0002306625247,0,8.28238e-10,3.48818e-06,0.1026875228,-0.3924321458,0.2075783601,0.03042356994
39,0.390000,0.2122940868,0.02193564922,1.004338264e-05,-3.737956285e-05,-3.737956285e-05,0.0002152100205,0,7.64205e-10,3.44534e-06,0.1004624367,-0.3737685159,0.2070786955,0.03022350979
40,0.400000,0.2117206156,0.02762342989,9.827315807e-06,-3.564357758e-05,-3.564357758e-05,0.0002012103796,0,7.06893e-10,3.40453e-06,0.09828686714,-0.3564662412,0.2076194013,0.03007280427
41,0.410000,0.2130473703,0.03005838394,9.626150131e-06,-3.402680159e-05,-3.402680159e-05,0.0001884847879,0,6.5656e-10,3.37148e-06,0.09628333151,-0.3402908668,0.2091995959,0.030295565
42,0.420000,0.2154160887,0.03139565885,9.432435036e-06,-3.252178431e-05,-3.252178431e-05,0.0001768916845,0,6.10853e-10,3.33825e-06,0.0943319872,-0.325236164,0.2118074121,0.02981613177
43,0.430000,0.2185286507,0.03566680849,9.246170521e-06,-3.111362457e-05,-3.111362457e-05,0.0001663118601,0,5.6969e-10,3.30733e-06,0.09249492735,-0.3111561835,0.2154201701,0.02959923005
44,0.440000,0.2238390446,0.03493584692,9.074807167e-06,-2.980232239e-05,-2.980232239e-05,0.0001566335559,0,5.33241e-10,3.28299e-06,0.09071201086,-0.2980150431,0.220004667,0.02986841553
45,0.450000,0.2297711596,0.03422000259,8.903443813e-06,-2.857297659e-05,-2.857297659e-05,0.0001477599144,0,4.99157e-10,3.25375e-06,0.08904574811,-0.2857336774,0.2255175814,0.0303305498
46,0.460000,0.2355627641,0.03683644533,8.73953104e-06,-2.742558718e-05,-2.742558718e-05,0.0001396089792,0,4.67954e-10,3.22451e-06,0.08737336099,-0.2742231563,0.2319059867,0.03051829799
47,0.470000,0.242270112,0.04022292793,8.590519428e-06,-2.634525299e-05,-2.634525299e-05,0.0001321062446,0,4.40789e-10,3.20595e-06,0.0858816281,-0.2634339035,0.2391079691,0.03066740791
48,0.480000,0.2500158697,0.03974708915,8.441507816e-06,-2.533197403e-05,-2.533197403e-05,0.0001251921058,0,4.15101e-10,3.18203e-06,0.08438502252,-0.2532914951,0.247053342,0.03060026015
49,0.490000,0.2593374252,0.03948556632,8.299946785e-06,-2.437829971e-05,-2.437829971e-05,0.0001187995076,0,3.91728e-10,3.16066e-06,0.08300881088,-0.2437658012,0.2556644483,0.03036719012
50,0.500000,0.2690167725,0.03930791467,8.165836334e-06,-2.347677946e-05,-2.347677946e-05,0.0001128986478,0,3.70753e-10,3.14409e-06,0.08162846416,-0.2347588092,0.2648570434,0.03016283812
51,0.510000,0.2786052451,0.04080489278,8.039176464e-06,-2.263486385e-05,-2.263486385e-05,0.0001074150205,0,3.51191e-10,3.12649e-06,0.08036998659,-0.2263103798,0.2745412464,0.03007147511
52,0.520000,0.2887192592,0.04109885544,7.912516594e-06,-2.183020115e-05,-2.183020115e-05,0.0001023262739,0,3.33101e-10,3.10933e-06,0.07910805941,-0.2183190361,0.2846225509,0.03009672976
53,0.530000,0.2996719927,0.04036026448,7.793307304e-06,-2.107024193e-05,-2.107024193e-05,9.760260582e-05,0,3.16692e-10,3.09571e-06,0.07790601999,-0.2107034922,0.2950028822,0.03005692309
54,0.540000,0.3101663962,0.03976441175,7.674098015e-06,-2.035498619e-05,-2.035498619e-05,9.320676327e-05,0,3.00952e-10,3.0771e-06,0.07676434517,-0.2035355642,0.3055816905,0.02971052266
55,0.550000,0.320461981,0.04096975923,7.562339306e-06,-1.967698336e-05,-1.967698336e-05,8.911639452e-05,0,2.86745e-10,3.063e-06,0.07561983168,-0.1967630833,0.3162570664,0.02983368425
56,0.560000,0.3303047642,0.04248615354,7.450580597e-06,-1.903623343e-05,-1.903623343e-05,8.527934551e-05,0,2.73002e-10,3.04398e-06,0.0745363012,-0.1903744042,0.3269268672,0.0301834009
57,0.570000,0.3395794928,0.04506099969,7.353723049e-06,-1.842528582e-05,-1.842528582e-05,8.170306683e-05,0,2.61331e-10,3.03807e-06,0.07351418585,-0.1842341423,0.3374898403,0.03108892053
58,0.580000,0.3489670902,0.04740902781,7.256865501e-06,-1.785159111e-05,-1.785159111e-05,7.835775614e-05,0,2.49952e-10,3.02649e-06,0.07255389541,-0.1784825847,0.3478467318,0.03058587344
59,0.590000,0.3587136418,0.04762066901,7.160007954e-06,-1.730024815e-05,-1.730024815e-05,7.522106171e-05,0,2.39285e-10,3.01495e-06,0.07159161568,-0.1729957834,0.3579013682,0.0303835641
60,0.600000,0.3684450686,0.04674237967,7.063150406e-06,-1.67787075e-05,-1.67787075e-05,7.227808237e-05,0,2.28986e-10,2.99949e-06,0.07062733918,-0.1677745432,0.3675616969,0.03051780015
61,0.610000,0.3763461709,0.04872430116,6.973743439e-06,-1.62795186e-05,-1.62795186e-05,6.952881813e-05,0,2.19853e-10,2.99072e-06,0.06972553581,-0.1628084257,0.3767407772,0.03062105865
62,0.620000,0.3852184787,0.0471483171,6.891787052e-06,-1.580268145e-05,-1.580268145e-05,6.693601608e-05,0,2.11584e-10,2.98674e-06,0.06888657808,-0.1580298319,0.3853577078,0.03041931799
63,0.630000,0.3938642293,0.0449398756,6.802380085e-06,-1.535564661e-05,-1.535564661e-05,6.449967623e-05,0,2.02955e-10,2.97014e-06,0.06804610789,-0.1535203457,0.3933384816,0.02986875625
64,0.640000,0.3997702152,0.04595309496,6.720423698e-06,-1.493096352e-05,-1.493096352e-05,6.218999624e-05,0,1.95009e-10,2.95676e-06,0.06720411777,-0.1492806971,0.4006167588,0.02971752405
65,0.650000,0.4062851667,0.04415235668,6.645917892e-06,-1.4513731e-05,-1.4513731e-05,6.002187729e-05,0,1.88252e-10,2.95468e-06,0.06642553955,-0.145162411,0.4071345486,0.0296724589
66,0.660000,0.4109087437,0.04512117803,6.563961506e-06,-1.412630081e-05,-1.412630081e-05,5.797296762e-05,0,1.8098e-10,2.93804e-06,0.06564566493,-0.1412460878,0.4128427931,0.02926328745
67,0.670000,0.415111661,0.04510203749,6.4894557e-06,-1.375377178e-05,-1.375377178e-05,5.605071783e-05,0,1.74572e-10,2.92849e-06,0.06492963433,-0.1375226453,0.4177018459,0.02950422435
68,0.680000,0.4168944806,0.04702232033,6.414949894e-06,-1.339614391e-05,-1.339614391e-05,5.422532558e-05,0,1.68396e-10,2.91732e-06,0.06414725631,-0.1339422688,0.4216818414,0.02935063485
69,0.690000,0.4188012257,0.04696281254,6.347894669e-06,-1.305341721e-05,-1.305341721e-05,5.250424147e-05,0,1.629e-10,2.91204e-06,0.06349427998,-0.1305470243,0.4247629497,0.02942340441
70,0.700000,0.4185670614,0.05011119694,6.280839443e-06,-1.272559166e-05,-1.272559166e-05,5.086511374e-05,0,1.57535e-10,2.90432e-06,0.06284038723,-0.1272168681,0.4269355153,0.02913875964
71,0.710000,0.4201465175,0.04871337116,6.221234798e-06,-1.241266727e-05,-1.241266727e-05,4.932284355e-05,0,1.52775e-10,2.90215e-06,0.06218557805,-0.1240916699,0.4282000787,0.02917873336
72,0.720000,0.4212666973,0.04718784243,6.161630154e-06,-1.210719347e-05,-1.210719347e-05,4.784762859e-05,0,1.48235e-10,2.90038e-06,0.06159546971,-0.1210934743,0.4285672788,0.02935061867
73,0.730000,0.4192729592,0.04886455089,6.102025509e-06,-1.181662083e-05,-1.181662083e-05,4.643946886e-05,0,1.43742e-10,2.89534e-06,0.06100461632,-0.1181614697,0.4280576408,0.02937711671
74,0.740000,0.4172995687,0.04908380657,6.042420864e-06,-1.153349876e-05,-1.153349876e-05,4.512071609e-05,0,1.39617e-10,2.89237e-06,0.06041301787,-0.115365766,0.4267012492,0.02963918558
75,0.750000,0.4159018323,0.04695864022,5.982816219e-06,-1.127272844e-05,-1.127272844e-05,4.386901855e-05,0,1.35386e-10,2.88243e-06,0.05982067436,-0.1127066389,0.4245373122,0.02961350435
76,0.760000,0.41261141,0.04581448436,5.930662155e-06,-1.10194087e-05,-1.10194087e-05,4.266947508e-05,0,1.31631e-10,2.87899e-06,0.05929352343,-0.1101766154,0.4216136213,0.02971158825
77,0.770000,0.4079956114,0.04564888775,5.878508091e-06,-1.077353954e-05,-1.077353954e-05,4.153698683e-05,0,1.28106e-10,2.87626e-06,0.05876577646,-0.1077138856,0.4179859139,0.02999334309
78,0.780000,0.4045368582,0.04435423017,5.826354027e-06,-1.054257154e-05,-1.054257154e-05,4.044920206e-05,0,1.24526e-10,2.86881e-06,0.05823744088,-0.1053887159,0.4137171447,0.02961872399
79,0.790000,0.4003330693,0.04267736524,5.774199963e-06,-1.031160355e-05,-1.031160355e-05,3.942102194e-05,0,1.21296e-10,2.8655e-06,0.05777465552,-0.1031239033,0.4088766766,0.02983150548
80,0.800000,0.3949074149,0.04260677099,5.722045898e-06,-1.009553671e-05,-1.009553671e-05,3.843009472e-05,0,1.17979e-10,2.85697e-06,0.05724520981,-0.1009341851,0.4035393989,0.03005978299
81,0.810000,0.389529936,0.041723378,5.677342415e-06,-9.886920452e-06,-9.886920452e-06,3.748387098e-05,0,1.15058e-10,2.85456e-06,0.05678144842,-0.09887561202,0.3977847847,0.02968847557
82,0.820000,0.3835395053,0.04058610648,5.632638931e-06,-9.678304195e-06,-9.678304195e-06,3.658980131e-05,0,1.12428e-10,2.85592e-06,0.05631723255,-0.09681501985,0.3916958964,0.02964365034
83,0.830000,0.3775904626,0.03919085115,5.587935448e-06,-9.4845891e-06,-9.4845891e-06,3.572553396e-05,0,1.09675e-10,2.85151e-06,0.05585256219,-0.09482273459,0.3853583539,0.0296248173
84,0.840000,0.3718154654,0.03759931773,5.543231964e-06,-9.298324585e-06,-9.298324585e-06,3.489851952e-05,0,1.06992e-10,2.84583e-06,0.05545390397,-0.0929627046,0.3788592744,0.02974246906
85,0.850000,0.3656800017,0.0373108387,5.498528481e-06,-9.119510651e-06,-9.119510651e-06,3.410875797e-05,0,1.04383e-10,2.83892e-06,0.05498838425,-0.09117791802,0.372286199,0.02961541682
86,0.860000,0.3587924987,0.03708873689,5.461275578e-06,-8.948147297e-06,-8.948147297e-06,3.334134817e-05,0,1.02017e-10,2.83647e-06,0.05458899587,-0.08945551515,0.3657260166,0.02962357009
87,0.870000,0.3516817391,0.03810584545,5.416572094e-06,-8.776783943e-06,-8.776783943e-06,3.261864185e-05,0,9.96493e-11,2.83057e-06,0.05418927222,-0.087802127,0.3592638981,0.02917756938
88,0.880000,0.3465162814,0.03717511147,5.379319191e-06,-8.61287117e-06,-8.61287117e-06,3.193318844e-05,0,9.75973e-11,2.83037e-06,0.0537892133,-0.08614733815,0.352982255,0.02902882538
89,0.890000,0.3407162279,0.03761295229,5.342066288e-06,-8.456408978e-06,-8.456408978e-06,3.127008677e-05,0,9.5536e-11,2.82782e-06,0.05345556885,-0.08455571532,0.346959731,0.02919356991
90,0.900000,0.3344568238,0.03832263499,5.304813385e-06,-8.307397366e-06,-8.307397366e-06,3.062933683e-05,0,9.34701e-11,2.82291e-06,0.05305489153,-0.08303936571,0.3412702428,0.02886998371
91,0.910000,0.3300165161,0.0374430269,5.275011063e-06,-8.158385754e-06,-8.158385754e-06,3.001838923e-05,0,9.17881e-11,2.82719e-06,0.05272072554,-0.0815865621,0.335982077,0.02898630354
92,0.920000,0.3257600963,0.03709285706,5.23775816e-06,-8.016824722e-06,-8.016824722e-06,2.942979336e-05,0,8.98767e-11,2.82229e-06,0.05238632858,-0.08013273031,0.3311570568,0.02925020996
93,0.930000,0.3222002909,0.03617414832,5.207955837e-06,-7.875263691e-06,-7.875263691e-06,2.886354923e-05,0,8.83003e-11,2.82602e-06,0.05205170065,-0.07874850184,0.3268497867,0.02856828895
94,0.940000,0.3184006438,0.03614730388,5.178153515e-06,-7.74115324e-06,-7.74115324e-06,2.831220627e-05,0,8.66795e-11,2.82679e-06,0.05178382248,-0.07742846757,0.3231069838,0.02880345453
95,0.950000,0.3152336329,0.03588563204,5.148351192e-06,-7.61449337e-06,-7.61449337e-06,2.779066563e-05,0,8.50956e-11,2.82586e-06,0.05144876242,-0.07611307502,0.3199669047,0.02948967284
96,0.960000,0.313733004,0.03532456607,5.11854887e-06,-7.4878335e-06,-7.4878335e-06,2.729147673e-05,0,8.36251e-11,2.82677e-06,0.05118054897,-0.07486215234,0.3174588739,0.0292951135
97,0.970000,0.3120189831,0.03510228544,5.081295967e-06,-7.36862421e-06,-7.36862421e-06,2.680718899e-05,0,8.19186e-11,2.81792e-06,0.05084505677,-0.07368644327,0.3156029192,0.02975300711
98,0.980000,0.3109584674,0.03525978327,5.051493645e-06,-7.249414921e-06,-7.249414921e-06,2.635270357e-05,0,8.05665e-11,2.81841e-06,0.05050934106,-0.07250990719,0.3144095184,0.02971930596
99,0.990000,0.3101905212,0.03592693806,5.021691322e-06,-7.130205631e-06,-7.130205631e-06,2.590566874e-05,0,7.92504e-11,2.81951e-06,0.05024059117,-0.07132748514,0.3138794611,0.0295360107
100,1.000000,0.3109775558,0.035914056,4.999339581e-06,-7.018446922e-06,-7.018446922e-06,2.547353506e-05,0,7.80923e-11,2.82448e-06,0.04997168481,-0.07021517307,0.3140038261,0.02924520196
101,1.010000,0.3125652969,0.03501945734,4.969537258e-06,-6.906688213e-06,-6.906688213e-06,2.506375313e-05,0,7.68529e-11,2.82457e-06,0.0497026369,-0.06910223514,0.314764076,0.02936015258
102,1.020000,0.3146168217,0.03521199524,4.939734936e-06,-6.802380085e-06,-6.802380085e-06,2.466887236e-05,0,7.55853e-11,2.82173e-06,0.04943342507,-0.06805948913,0.3161322663,0.02976020741
103,1.030000,0.3167085722,0.03492154926,4.909932613e-06,-6.705522537e-06,-6.705522537e-06,2.428889275e-05,0,7.42928e-11,2.81595e-06,0.04909670353,-0.06702090055,0.3180713694,0.02997698869
104,1.040000,0.3199792579,0.03377524763,4.880130291e-06,-6.608664989e-06,-6.608664989e-06,2.391636372e-05,0,7.30405e-11,2.8108e-06,0.04882715642,-0.06611862779,0.3205357065,0.03035452531
105,1.050000,0.3229788467,0.03401296586,4.857778549e-06,-6.511807442e-06,-6.511807442e-06,2.355873585e-05,0,7.20395e-11,2.81374e-06,0.04855745286,-0.06514496356,0.3234714853,0.03015932868
106,1.060000,0.3271805197,0.03331894428,4.835426807e-06,-6.422400475e-06,-6.422400475e-06,2.321600914e-05,0,7.10121e-11,2.81373e-06,0.04835508019,-0.06423709542,0.3268174359,0.0299855635
107,1.070000,0.3311645687,0.03318563104,4.813075066e-06,-6.332993507e-06,-6.332993507e-06,2.288073301e-05,0,7.00199e-11,2.81437e-06,0.04815261066,-0.06332883984,0.3305055385,0.02998107597
108,1.080000,0.3353764713,0.03255140036,4.790723324e-06,-6.251037121e-06,-6.251037121e-06,2.256035805e-05,0,6.9005e-11,2.81205e-06,0.04788252711,-0.0624955669,0.3344618335,0.03012516091
109,1.090000,0.3401612118,0.03221897781,4.768371582e-06,-6.169080734e-06,-6.169080734e-06,2.224743366e-05,0,6.80265e-11,2.81038e-06,0.04767986387,-0.06165744364,0.338607306,0.02993434437
110,1.100000,0.343883723,0.03256633133,4.74601984e-06,-6.087124348e-06,-6.087124348e-06,2.194941044e-05,0,6.71193e-11,2.81006e-06,0.04747711122,-0.06088992953,0.3428588336,0.03019245721
111,1.110000,0.3478873968,0.03262863308,4.723668098e-06,-6.005167961e-06,-6.005167961e-06,2.165138721e-05,0,6.62119e-11,2.80972e-06,0.04720664769,-0.06005536765,0.3471301872,0.03021871037
112,1.120000,0.3508268371,0.03397441655,4.701316357e-06,-5.930662155e-06,-5.930662155e-06,2.136081457e-05,0,6.52512e-11,2.80573e-06,0.04700369388,-0.05928713083,0.3513330729,0.02989711366
113,1.130000,0.3548400775,0.03331575543,4.678964615e-06,-5.856156349e-06,-5.856156349e-06,2.109259367e-05,0,6.43969e-11,2.8038e-06,0.04680065066,-0.05858958513,0.3553782034,0.03003067795
114,1.140000,0.3590122238,0.03261306882,4.656612873e-06,-5.781650543e-06,-5.781650543e-06,2.083182335e-05,0,6.35783e-11,2.80255e-06,0.04659752548,-0.05782071501,0.3591763867,0.02945129592
115,1.150000,0.3621606976,0.03270780295,4.641711712e-06,-5.714595318e-06,-5.714595318e-06,2.057850361e-05,0,6.28629e-11,2.8044e-06,0.04639431834,-0.05712255836,0.3626396181,0.0297335211
116,1.160000,0.365948543,0.03168713301,4.626810551e-06,-5.647540092e-06,-5.647540092e-06,2.033263445e-05,0,6.21805e-11,2.80693e-06,0.04625879228,-0.05649115145,0.3656821658,0.02989282332
117,1.170000,0.368137911,0.03174005449,4.611909389e-06,-5.580484867e-06,-5.580484867e-06,2.009421587e-05,0,6.15309e-11,2.81015e-06,0.04612322897,-0.0557885021,0.3682216341,0.02994208306
118,1.180000,0.3705071062,0.03109955043,4.589557648e-06,-5.513429642e-06,-5.513429642e-06,1.986324787e-05,0,6.07656e-11,2.80731e-06,0.04591982067,-0.05516064912,0.3701799948,0.02972002146
119,1.190000,0.3715255708,0.03141652793,4.574656487e-06,-5.453824997e-06,-5.453824997e-06,1.963973045e-05,0,6.01008e-11,2.80755e-06,0.04571631551,-0.05453252792,0.3714845732,0.02960536462
120,1.200000,0.3726479784,0.03040911257,4.559755325e-06,-5.386769772e-06,-5.386769772e-06,1.942366362e-05,0,5.95499e-11,2.81286e-06,0.04558060318,-0.05390030891,0.3720689778,0.02966148656
121,1.210000,0.3724402934,0.03048249334,4.537403584e-06,-5.327165127e-06,-5.327165127e-06,1.921504736e-05,0,5.88077e-11,2.80776e-06,0.04537695646,-0.05327169597,0.3718739628,0.02950889907
122,1.220000,0.3705787957,0.03033830971,4.515051842e-06,-5.275011063e-06,-5.275011063e-06,1.901388168e-05,0,5.80229e-11,2.79899e-06,0.04517322034,-0.05271395296,0.3708482129,0.02958277313
123,1.230000,0.3678207919,0.03042909503,4.500150681e-06,-5.222856998e-06,-5.222856998e-06,1.882761717e-05,0,5.74489e-11,2.79837e-06,0.04496940225,-0.05222712457,0.3689490428,0.02972421879
124,1.240000,0.3644713387,0.02981784195,4.485249519e-06,-5.163252354e-06,-5.163252354e-06,1.863390207e-05,0,5.69185e-11,2.80142e-06,0.04483347386,-0.05166524649,0.3661430006,0.02950220149
125,1.250000,0.361200951,0.02887628973,4.470348358e-06,-5.111098289e-06,-5.111098289e-06,1.844763756e-05,0,5.6344e-11,2.80079e-06,0.04469750822,-0.05110320449,0.3624063705,0.02995564238
126,1.260000,0.355694063,0.02913268656,4.455447197e-06,-5.058944225e-06,-5.058944225e-06,1.826882362e-05,0,5.58029e-11,2.80087e-06,0.04456150532,-0.05061218888,0.3577255667,0.03044337086
127,1.270000,0.3500728607,0.02866865695,4.440546036e-06,-5.014240742e-06,-5.014240742e-06,1.810491085e-05,0,5.52531e-11,2.79798e-06,0.04442545772,-0.0501210317,0.3520974154,0.03048923589
128,1.280000,0.3424531743,0.02884757519,4.425644875e-06,-4.962086678e-06,-4.962086678e-06,1.79335475e-05,0,5.47452e-11,2.79878e-06,0.04428937286,-0.04962973297,0.3455293204,0.03069977058
129,1.290000,0.3355453461,0.02767372131,4.418194294e-06,-4.917383194e-06,-4.917383194e-06,1.776218414e-05,0,5.42961e-11,2.80187e-06,0.0441532582,-0.04913830012,0.3380393102,0.03019566112
130,1.300000,0.3270704523,0.02708470821,4.410743713e-06,-4.87267971e-06,-4.87267971e-06,1.760572195e-05,0,5.39113e-11,2.80641e-06,0.04408518225,-0.04871448129,0.3296559659,0.02996119898
131,1.310000,0.3177146688,0.02656517923,4.403293133e-06,-4.827976227e-06,-4.827976227e-06,1.744180918e-05,0,5.3492e-11,2.81021e-06,0.04401709139,-0.04829059541,0.3204182309,0.02984899169
132,1.320000,0.3074442297,0.02694870532,4.388391972e-06,-4.783272743e-06,-4.783272743e-06,1.729279757e-05,0,5.30079e-11,2.80874e-06,0.04388089478,-0.04779883474,0.3103751029,0.03062259943
133,1.330000,0.2965265289,0.02690909058,4.37349081e-06,-4.73856926e-06,-4.73856926e-06,1.713633537e-05,0,5.24916e-11,2.80654e-06,0.04374465346,-0.04737816751,0.2995852131,0.03087658284
134,1.340000,0.283493951,0.02780228853,4.358589649e-06,-4.693865776e-06,-4.693865776e-06,1.699477434e-05,0,5.20409e-11,2.80581e-06,0.04360838234,-0.04695738852,0.2881162954,0.03102885063
135,1.350000,0.2719950229,0.02674391866,4.343688488e-06,-4.656612873e-06,-4.656612873e-06,1.686066389e-05,0,5.15534e-11,2.80136e-06,0.04347206652,-0.04653649032,0.2760445525,0.03061836804
136,1.360000,0.2598663643,0.02618063241,4.328787327e-06,-4.61935997e-06,-4.61935997e-06,1.672655344e-05,0,5.10672e-11,2.79691e-06,0.04326751828,-0.04619003832,0.2634539257,0.03045946799
137,1.370000,0.2474112883,0.02515800297,4.313886166e-06,-4.574656487e-06,-4.574656487e-06,1.659989357e-05,0,5.06826e-11,2.79765e-06,0.0431311056,-0.0457688719,0.2504352752,0.03066641656
138,1.380000,0.2332232445,0.02565405518,4.298985004e-06,-4.537403584e-06,-4.537403584e-06,1.64732337e-05,0,5.02302e-11,2.79393e-06,0.04299465567,-0.04534759372,0.2370854813,0.03061366863
139,1.390000,0.2200638056,0.02508727461,4.284083843e-06,-4.500150681e-06,-4.500150681e-06,1.635402441e-05,0,4.98107e-11,2.79096e-06,0.04285816103,-0.04499750584,0.2235064759,0.03053155256
140,1.400000,0.2066795975,0.02460239828,4.269182682e-06,-4.462897778e-06,-4.462897778e-06,1.623481512e-05,0,4.93919e-11,2.78798e-06,0.04272162914,-0.04464731365,0.209804215,0.03069929315
141,1.410000,0.1928199232,0.02427665144,4.261732101e-06,-4.433095455e-06,-4.433095455e-06,1.610815525e-05,0,4.89963e-11,2.78651e-06,0.04258506,-0.04429702461,0.1960876029,0.03085350741
142,1.420000,0.1794655398,0.02460856736,4.254281521e-06,-4.403293133e-06,-4.403293133e-06,1.599639654e-05,0,4.86642e-11,2.78652e-06,0.04251676053,-0.04401484132,0.1824673814,0.0311353281
143,1.430000,0.1659966037,0.02492149919,4.24683094e-06,-4.36604023e-06,-4.36604023e-06,1.588463783e-05,0,4.83971e-11,2.79099e-06,0.04244845361,-0.04366126657,0.1690549954,0.03093803974
144,1.440000,0.1532163471,0.02463870496,4.23938036e-06,-4.328787327e-06,-4.328787327e-06,1.57803297e-05,0,4.81604e-11,2.7962e-06,0.04238013923,-0.04330764711,0.1559614473,0.03133168568
145,1.450000,0.1414118111,0.02433653176,4.231929779e-06,-4.298985004e-06,-4.298985004e-06,1.567602158e-05,0,4.78586e-11,2.79695e-06,0.04231180996,-0.0429539755,0.1432961539,0.03206144065
146,1.460000,0.1298420653,0.02409287542,4.224479198e-06,-4.269182682e-06,-4.269182682e-06,1.556426287e-05,0,4.7525e-11,2.79694e-06,0.04224347323,-0.0426716134,0.1311658172,0.03162406575
147,1.470000,0.1186983511,0.02380277216,4.217028618e-06,-4.23938036e-06,-4.23938036e-06,1.546740532e-05,0,4.72541e-11,2.79842e-06,0.04217512161,-0.04238920659,0.1196733234,0.03156823038
148,1.480000,0.1075261459,0.02456460893,4.209578037e-06,-4.209578037e-06,-4.209578037e-06,1.537054777e-05,0,4.6983e-11,2.7999e-06,0.04210676253,-0.04210676253,0.1089166808,0.03105614024
149,1.490000,0.0981284529,0.02418187261,4.202127457e-06,-4.179775715e-06,-4.179775715e-06,1.526623964e-05,0,4.66802e-11,2.80063e-06,0.042038396,-0.04182428122,0.09898800861,0.03081487718
150,1.500000,0.08995235711,0.02361952513,4.194676876e-06,-4.149973392e-06,-4.149973392e-06,1.517683268e-05,0,4.64396e-11,2.80286e-06,0.04197002202,-0.04147037864,0.08997258888,0.03084051152
151,1.510000,0.08261147887,0.02347661555,4.187226295e-06,-4.12017107e-06,-4.12017107e-06,1.508742571e-05,0,4.61987e-11,2.80509e-06,0.04190163314,-0.04118780792,0.08194799153,0.03086657375
152,1.520000,0.07760600001,0.0225949958,4.179775715e-06,-4.090368748e-06,-4.090368748e-06,1.500546932e-05,0,4.59884e-11,2.80808e-06,0.04183323681,-0.04090519994,0.07498328177,0.03007374084
153,1.530000,0.07376047224,0.02194643766,4.172325134e-06,-4.060566425e-06,-4.060566425e-06,1.492351294e-05,0,4.57775e-11,2.81106e-06,0.04169641435,-0.04062544554,0.06913831935,0.03043969226
154,1.540000,0.06959696859,0.02228091657,4.164874554e-06,-4.030764103e-06,-4.030764103e-06,1.484155655e-05,0,4.55662e-11,2.81405e-06,0.04162798822,-0.04034273326,0.06446315713,0.03062835036
155,1.550000,0.06662616134,0.022672683,4.157423973e-06,-4.008412361e-06,-4.008412361e-06,1.477450132e-05,0,4.53565e-11,2.81405e-06,0.04155955464,-0.04005998373,0.06099754555,0.03060484605
156,1.560000,0.0653898567,0.02310296148,4.149973392e-06,-3.986060619e-06,-3.986060619e-06,1.469999552e-05,0,4.51159e-11,2.8133e-06,0.04149110615,-0.03984860331,0.05877054866,0.03049035599
157,1.570000,0.06438029557,0.02363553643,4.142522812e-06,-3.963708878e-06,-3.963708878e-06,1.462548971e-05,0,4.48754e-11,2.81254e-06,0.04142265022,-0.03963719308,0.05780027561,0.03010071029
158,1.580000,0.06630352885,0.02314952761,4.135072231e-06,-3.941357136e-06,-3.941357136e-06,1.455098391e-05,0,4.46351e-11,2.81179e-06,0.04135418683,-0.03942575306,0.0580937308,0.03027510922
159,1.590000,0.06872992218,0.0233771801,4.12017107e-06,-3.919005394e-06,-3.919005394e-06,1.44764781e-05,0,4.4287e-11,2.80434e-06,0.04121723026,-0.03921708465,0.059646784,0.03017452982
160,1.600000,0.07256190479,0.02320540696,4.105269909e-06,-3.896653652e-06,-3.896653652e-06,1.440942287e-05,0,4.39707e-11,2.79764e-06,0.04108022898,-0.03893691301,0.06244426072,0.02988522363
161,1.610000,0.07696332783,0.0233599022,4.097819328e-06,-3.87430191e-06,-3.87430191e-06,1.434236765e-05,0,4.37622e-11,2.79764e-06,0.04094319046,-0.03872811794,0.06646015173,0.03001597748
162,1.620000,0.08179838955,0.02432214469,4.090368748e-06,-3.851950169e-06,-3.851950169e-06,1.427531242e-05,0,4.35538e-11,2.79764e-06,0.04087466002,-0.03851650655,0.07165793918,0.03020016846
163,1.630000,0.08747728914,0.02518271655,4.082918167e-06,-3.829598427e-06,-3.829598427e-06,1.42082572e-05,0,4.33453e-11,2.79764e-06,0.04080611467,-0.03830486536,0.0779910355,0.02999634961
164,1.640000,0.09481751919,0.02557439357,4.075467587e-06,-3.807246685e-06,-3.807246685e-06,1.414865255e-05,0,4.31672e-11,2.79839e-06,0.04073756188,-0.03809319437,0.08540333006,0.03036988451
165,1.650000,0.1029006317,0.02668203413,4.068017006e-06,-3.784894943e-06,-3.784894943e-06,1.408904791e-05,0,4.29891e-11,2.79915e-06,0.04066900164,-0.03788149357,0.09382983723,0.0302789685
166,1.660000,0.1115883663,0.02770914882,4.060566425e-06,-3.769993782e-06,-3.769993782e-06,1.402944326e-05,0,4.27546e-11,2.79541e-06,0.0406004265,-0.03766976297,0.1031974385,0.03062185134
167,1.670000,0.1221813634,0.0278436169,4.053115845e-06,-3.755092621e-06,-3.755092621e-06,1.396983862e-05,0,4.25207e-11,2.79166e-06,0.0405318439,-0.03752949089,0.1134257101,0.03021727748
168,1.680000,0.1323980242,0.02880246192,4.045665264e-06,-3.74019146e-06,-3.74019146e-06,1.391023397e-05,0,4.22871e-11,2.78792e-06,0.04046325386,-0.037389189,0.1244278268,0.03072590632
169,1.690000,0.1446940228,0.02854210883,4.038214684e-06,-3.725290298e-06,-3.725290298e-06,1.386553049e-05,0,4.21142e-11,2.78569e-06,0.04039464891,-0.03724887222,0.1361115313,0.03082537784
170,1.700000,0.1574910507,0.02895421535,4.030764103e-06,-3.710389137e-06,-3.710389137e-06,1.381337643e-05,0,4.19115e-11,2.7827e-06,0.04032604396,-0.03710854053,0.1483801588,0.03032464122
171,1.710000,0.1702466384,0.02948378772,4.023313522e-06,-3.695487976e-06,-3.695487976e-06,1.376122236e-05,0,4.17091e-11,2.77971e-06,0.04025741667,-0.03696817905,0.1611337046,0.0302527954
172,1.720000,0.1834258363,0.03012324125,4.015862942e-06,-3.673136234e-06,-3.673136234e-06,1.37090683e-05,0,4.15618e-11,2.78123e-06,0.04018878937,-0.03675629199,0.1742699223,0.03035679654
173,1.730000,0.1967686415,0.0303734988,4.008412361e-06,-3.650784492e-06,-3.650784492e-06,1.365691423e-05,0,4.14143e-11,2.78274e-06,0.04012014717,-0.03654437512,0.1876854415,0.03045175994
174,1.740000,0.2096595168,0.030780904,4.008412361e-06,-3.635883331e-06,-3.635883331e-06,1.361966133e-05,0,4.13736e-11,2.78795e-06,0.04005149752,-0.03633242846,0.2012768907,0.02976213069
175,1.750000,0.2228190899,0.03119492531,4.008412361e-06,-3.62098217e-06,-3.62098217e-06,1.358240843e-05,0,4.13324e-11,2.79317e-06,0.04005149752,-0.03618938476,0.2149420144,0.02995330151
176,1.760000,0.2360382602,0.03143430501,4.008412361e-06,-3.606081009e-06,-3.606081009e-06,1.353770494e-05,0,4.12609e-11,2.79764e-06,0.04005149752,-0.03604634851,0.2285807698,0.02947979593
177,1.770000,0.2493026331,0.03153350204,4.008412361e-06,-3.591179848e-06,-3.591179848e-06,1.349300146e-05,0,4.11889e-11,2.8021e-06,0.04005149752,-0.03590330482,0.2420963931,0.02963149332
178,1.780000,0.2613480389,0.03246931732,4.008412361e-06,-3.576278687e-06,-3.576278687e-06,1.344829798e-05,0,4.11166e-11,2.80656e-06,0.04005149752,-0.03576026112,0.2553964211,0.02931688932
179,1.790000,0.2739400715,0.03271403164,4.008412361e-06,-3.561377525e-06,-3.561377525e-06,1.340359449e-05,0,4.10437e-11,2.81102e-06,0.04005149752,-0.03561722487,0.2683936587,0.0288162887
180,1.800000,0.2862384543,0.03251481056,4.008412361e-06,-3.546476364e-06,-3.546476364e-06,1.335889101e-05,0,4.09704e-11,2.81549e-06,0.04005149752,-0.03547418118,0.28100708,0.02886517019
181,1.810000,0.2989622802,0.03171315789,4.008412361e-06,-3.531575203e-06,-3.531575203e-06,1.332908869e-05,0,4.09565e-11,2.82146e-06,0.04005149752,-0.03533113748,0.2931626532,0.0286313435
182,1.820000,0.3096717894,0.03190017492,4.008412361e-06,-3.516674042e-06,-3.516674042e-06,1.329928637e-05,0,4.0942e-11,2.82744e-06,0.04005149752,-0.03518810123,0.3047940812,0.0286504842
183,1.830000,0.3205297813,0.03177613765,4.008412361e-06,-3.501772881e-06,-3.501772881e-06,1.326203346e-05,0,4.08973e-11,2.83266e-06,0.04005149752,-0.03504505754,0.3158434481,0.02863176277
184,1.840000,0.3306451514,0.03172057122,4.008412361e-06,-3.486871719e-06,-3.486871719e-06,1.322478056e-05,0,4.08521e-11,2.83787e-06,0.04005149752,-0.03490201384,0.3262617657,0.02827629965
185,1.850000,0.3406023532,0.03149941564,4.008412361e-06,-3.479421139e-06,-3.479421139e-06,1.318752766e-05,0,4.07547e-11,2.83859e-06,0.04005149752,-0.03475897759,0.3360094136,0.02854141
186,1.860000,0.349480927,0.03146024048,4.008412361e-06,-3.471970558e-06,-3.471970558e-06,1.315027475e-05,0,4.06571e-11,2.83931e-06,0.04005149752,-0.03468745202,0.3450564676,0.0286386969
187,1.870000,0.3568723947,0.03150757402,4.008412361e-06,-3.464519978e-06,-3.464519978e-06,1.311302185e-05,0,4.05595e-11,2.84002e-06,0.04005149752,-0.0346159339,0.3533829148,0.02879363388
188,1.880000,0.3649037704,0.03134163469,4.008412361e-06,-3.457069397e-06,-3.457069397e-06,1.307576895e-05,0,4.04617e-11,2.84073e-06,0.04005149752,-0.03454441577,0.3609787502,0.02834716422
189,1.890000,0.3709066734,0.03154773265,4.008412361e-06,-3.449618816e-06,-3.449618816e-06,1.303851604e-05,0,4.03639e-11,2.84143e-06,0.04005149752,-0.0344728902,0.3678439575,0.02863102967
190,1.900000,0.3763224706,0.0316228047,4.008412361e-06,-3.434717655e-06,-3.434717655e-06,1.30161643e-05,0,4.03769e-11,2.84817e-06,0.04005149752,-0.03432985395,0.3739883716,0.0290507475
191,1.910000,0.3802183643,0.03231428564,4.008412361e-06,-3.419816494e-06,-3.419816494e-06,1.299381256e-05,0,4.03894e-11,2.85492e-06,0.04005149752,-0.03418681026,0.3794314266,0.02918732878
192,1.920000,0.384517394,0.03234299272,4.008412361e-06,-3.404915333e-06,-3.404915333e-06,1.297146082e-05,0,4.04015e-11,2.86166e-06,0.04005149752,-0.03404377401,0.3842017919,0.02965226936
193,1.930000,0.3888704628,0.03168492019,4.008412361e-06,-3.390014172e-06,-3.390014172e-06,1.29416585e-05,0,4.03833e-11,2.86764e-06,0.04005149752,-0.03390073031,0.3883369006,0.03011636534
194,1.940000,0.3922903463,0.03165158629,4.008412361e-06,-3.37511301e-06,-3.37511301e-06,1.291185617e-05,0,4.03647e-11,2.87361e-06,0.04005149752,-0.03375768661,0.3918823765,0.03016227488
195,1.950000,0.3952952623,0.03166090697,4.008412361e-06,-3.360211849e-06,-3.360211849e-06,1.288205385e-05,0,4.03456e-11,2.87959e-06,0.04005149752,-0.03361465037,0.394891366,0.02990836501
196,1.960000,0.397841014,0.03148938715,4.008412361e-06,-3.345310688e-06,-3.345310688e-06,1.285225153e-05,0,4.0326e-11,2.88556e-06,0.04005149752,-0.03347160667,0.397423783,0.02977397408
197,1.970000,0.4000576437,0.03150449693,4.000961781e-06,-3.330409527e-06,-3.330409527e-06,1.282244921e-05,0,4.02105e-11,2.88484e-06,0.03998283297,-0.03333094716,0.3995454766,0.03016706149
198,1.980000,0.4016916454,0.03170891851,3.9935112e-06,-3.315508366e-06,-3.315508366e-06,1.280754805e-05,0,4.01545e-11,2.8856e-06,0.03991416097,-0.03319027275,0.4013273297,0.03031496999
199,1.990000,0.402093336,0.03163971752,3.986060619e-06,-3.308057785e-06,-3.308057785e-06,1.279264688e-05,0,4.0049e-11,2.88188e-06,0.03984548151,-0.03304957598,0.4028443011,0.03046448586
200,2.000000,0.4039403275,0.03114156425,3.978610039e-06,-3.300607204e-06,-3.300607204e-06,1.277774572e-05,0,3.99437e-11,2.87816e-06,0.03977679461,-0.03298039734,0.4041744204,0.03000690024
201,2.010000,0.4042979777,0.03163029999,3.971159458e-06,-3.293156624e-06,-3.293156624e-06,1.276284456e-05,0,3.98384e-11,2.87443e-06,0.03970809281,-0.03291121125,0.4053977496,0.03027025516
202,2.020000,0.4054822847,0.03172258288,3.963708878e-06,-3.285706043e-06,-3.285706043e-06,1.274049282e-05,0,3.97037e-11,2.86996e-06,0.03963938355,-0.03284201771,0.4065953216,0.03018695865
203,2.030000,0.4071854949,0.03165350109,3.956258297e-06,-3.278255463e-06,-3.278255463e-06,1.271814108e-05,0,3.95693e-11,2.86549e-06,0.0395706594,-0.03277280927,0.4078480694,0.02994976333
204,2.040000,0.4084242433,0.03123681992,3.948807716e-06,-3.270804882e-06,-3.270804882e-06,1.269578934e-05,0,3.94351e-11,2.86102e-06,0.03950193524,-0.03270359337,0.409235758,0.02981297883
205,2.050000,0.4102916718,0.03129015863,3.941357136e-06,-3.263354301e-06,-3.263354301e-06,1.26734376e-05,0,3.93011e-11,2.85655e-06,0.03943319619,-0.03263436258,0.4108359312,0.03005919806
206,2.060000,0.4117842987,0.03191052377,3.933906555e-06,-3.255903721e-06,-3.255903721e-06,1.265108585e-05,0,3.91673e-11,2.85207e-06,0.03936444223,-0.03256513178,0.4127228869,0.03001296982
207,2.070000,0.414312765,0.03171633184,3.926455975e-06,-3.24845314e-06,-3.24845314e-06,1.262873411e-05,0,3.90337e-11,2.8476e-06,0.03929568082,-0.03249588609,0.4149666906,0.02955676021
208,2.080000,0.4179744422,0.03124120831,3.926455975e-06,-3.24100256e-06,-3.24100256e-06,1.260638237e-05,0,3.89943e-11,2.84984e-06,0.03922691196,-0.03242662549,0.4176322419,0.02987017045
209,2.090000,0.4215043262,0.03164317459,3.926455975e-06,-3.233551979e-06,-3.233551979e-06,1.258403063e-05,0,3.89548e-11,2.85207e-06,0.03922691196,-0.03235504776,0.4207784011,0.02965939403
210,2.100000,0.4261355028,0.03143166751,3.926455975e-06,-3.226101398e-06,-3.226101398e-06,1.256167889e-05,0,3.89151e-11,2.85431e-06,0.03922691196,-0.03228346258,0.4244571898,0.02972807352
211,2.110000,0.4299073368,0.03220465779,3.919005394e-06,-3.218650818e-06,-3.218650818e-06,1.255422831e-05,0,3.88404e-11,2.85131e-06,0.03915813565,-0.03221418709,0.4287130724,0.02937003239
212,2.120000,0.4344912171,0.03216733038,3.911554813e-06,-3.211200237e-06,-3.211200237e-06,1.254677773e-05,0,3.87656e-11,2.84831e-06,0.03908934444,-0.03214490414,0.4335823278,0.02941919135
213,2.130000,0.4402415156,0.03220119327,3.904104233e-06,-3.211200237e-06,-3.211200237e-06,1.253932714e-05,0,3.8643e-11,2.84086e-06,0.03902054578,-0.03207560629,0.4390925193,0.0295823839
214,2.140000,0.4463130906,0.03266020864,3.896653652e-06,-3.211200237e-06,-3.211200237e-06,1.253187656e-05,0,3.85206e-11,2.83341e-06,0.03895173967,-0.03207790107,0.4452620675,0.029524485
215,2.150000,0.4531550929,0.03251229227,3.889203072e-06,-3.211200237e-06,-3.211200237e-06,1.252442598e-05,0,3.83982e-11,2.82596e-06,0.03888291866,-0.03208020329,0.4520999334,0.02957530286
216,2.160000,0.4611769617,0.03261562437,3.881752491e-06,-3.211200237e-06,-3.211200237e-06,1.25169754e-05,0,3.8276e-11,2.81851e-06,0.03881409019,-0.03208249807,0.4596054131,0.02920613613
217,2.170000,0.4694735482,0.03292778879,3.87430191e-06,-3.211200237e-06,-3.211200237e-06,1.250952482e-05,0,3.81539e-11,2.81106e-06,0.03874525428,-0.03208479285,0.467768049,0.0292191602
218,2.180000,0.4787845612,0.03278940171,3.86685133e-06,-3.211200237e-06,-3.211200237e-06,1.250207424e-05,0,3.80319e-11,2.80361e-06,0.03867641091,-0.03208709508,0.4765676569,0.0293879619
219,2.190000,0.4879363254,0.03285124898,3.859400749e-06,-3.211200237e-06,-3.211200237e-06,1.249462366e-05,0,3.791e-11,2.79616e-06,0.03860755265,-0.03208938986,0.4859744697,0.02921581239
220,2.200000,0.4973283559,0.03346480429,3.851950169e-06,-3.211200237e-06,-3.211200237e-06,1.248717308e-05,0,3.77882e-11,2.78871e-06,0.03853867948,-0.03209169209,0.4959493963,0.02923586453
221,2.210000,0.5082826912,0.03344162554,3.844499588e-06,-3.211200237e-06,-3.211200237e-06,1.24797225e-05,0,3.76665e-11,2.78126e-06,0.03846980631,-0.03209398687,0.506444393,0.0287069938
222,2.220000,0.5194283053,0.03354893625,3.837049007e-06,-3.211200237e-06,-3.211200237e-06,1.247227192e-05,0,3.75449e-11,2.77381e-06,0.03840091825,-0.0320962891,0.5174029418,0.02851294199
223,2.230000,0.530458793,0.03393101692,3.829598427e-06,-3.211200237e-06,-3.211200237e-06,1.246482134e-05,0,3.74235e-11,2.76636e-06,0.03833202273,-0.03209859133,0.528760633,0.02890912949
224,2.240000,0.5429208055,0.03350584209,3.829598427e-06,-3.211200237e-06,-3.211200237e-06,1.245737076e-05,0,3.73949e-11,2.76562e-06,0.03826311231,-0.03210088611,0.5404458427,0.02858157936
225,2.250000,0.5548048541,0.03382431716,3.829598427e-06,-3.211200237e-06,-3.211200237e-06,1.244992018e-05,0,3.73664e-11,2.76488e-06,0.03826311231,-0.03210088611,0.5523805002,0.02859893421
226,2.260000,0.566191487,0.03390113264,3.829598427e-06,-3.211200237e-06,-3.211200237e-06,1.24424696e-05,0,3.73379e-11,2.76414e-06,0.03826311231,-0.03210088611,0.5644809335,0.02857384822
227,2.270000,0.5787079334,0.03356143087,3.829598427e-06,-3.211200237e-06,-3.211200237e-06,1.243501902e-05,0,3.73093e-11,2.76341e-06,0.03826311231,-0.03210088611,0.576658787,0.02834073329
228,2.280000,0.5904358476,0.03342022747,3.829598427e-06,-3.211200237e-06,-3.211200237e-06,1.242756844e-05,0,3.72808e-11,2.76267e-06,0.03826311231,-0.03210088611,0.588821998,0.02792946019
229,2.290000,0.6022325903,0.03316863626,3.829598427e-06,-3.211200237e-06,-3.211200237e-06,1.242011786e-05,0,3.72523e-11,2.76192e-06,0.03826311231,-0.03210088611,0.6008758217,0.02819732201
230,2.300000,0.6143046543,0.03301959485,3.829598427e-06,-3.211200237e-06,-3.211200237e-06,1.241266727e-05,0,3.72237e-11,2.76118e-06,0.03826311231,-0.03210088611,0.6127238944,0.02867796687
231,2.310000,0.625233233,0.03318110108,3.829598427e-06,-3.211200237e-06,-3.211200237e-06,1.240521669e-05,0,3.71952e-11,2.76044e-06,0.03826311231,-0.03210088611,0.6242693202,0.0284108428
232,2.320000,0.6357282475,0.03327799588,3.829598427e-06,-3.211200237e-06,-3.211200237e-06,1.239776611e-05,0,3.71667e-11,2.75969e-06,0.03826311231,-0.03210088611,0.6354157714,0.02860822952
233,2.330000,0.6463514268,0.03350181878,3.829598427e-06,-3.211200237e-06,-3.211200237e-06,1.239031553e-05,0,3.71381e-11,2.75895e-06,0.03826311231,-0.03210088611,0.6460685881,0.02848798655
234,2.340000,0.6559703425,0.03354591131,3.829598427e-06,-3.211200237e-06,-3.211200237e-06,1.238286495e-05,0,3.71096e-11,2.7582e-06,0.03826311231,-0.03210088611,0.6561358652,0.02873406553
235,2.350000,0.6651046947,0.03352899849,3.829598427e-06,-3.211200237e-06,-3.211200237e-06,1.237541437e-05,0,3.70811e-11,2.75746e-06,0.03826311231,-0.03210088611,0.6655295144,0.0291854247
236,2.360000,0.6726574004,0.03402965516,3.829598427e-06,-3.211200237e-06,-3.211200237e-06,1.236796379e-05,0,3.70525e-11,2.75671e-06,0.03826311231,-0.03210088611,0.6741662884,0.02906251472
237,2.370000,0.680075556,0.03372272849,3.829598427e-06,-3.211200237e-06,-3.211200237e-06,1.236051321e-05,0,3.7024e-11,2.75596e-06,0.03826311231,-0.03210088611,0.6819687561,0.02966562576
238,2.380000,0.6872471422,0.03354936838,3.829598427e-06,-3.211200237e-06,-3.211200237e-06,1.235306263e-05,0,3.69955e-11,2.75521e-06,0.03826311231,-0.03210088611,0.6888662176,0.02984053131
239,2.390000,0.6931591481,0.03324197978,3.829598427e-06,-3.211200237e-06,-3.211200237e-06,1.234561205e-05,0,3.69669e-11,2.75446e-06,0.03826311231,-0.03210088611,0.6947955476,0.02984252434
240,2.400000,0.6976146698,0.03303636611,3.829598427e-06,-3.211200237e-06,-3.211200237e-06,1.233816147e-05,0,3.69384e-11,2.75371e-06,0.03826311231,-0.03210088611,0.6997019582,0.02950051816
241,2.410000,0.7015116066,0.03270323575,3.829598427e-06,-3.211200237e-06,-3.211200237e-06,1.233071089e-05,0,3.69099e-11,2.75296e-06,0.03826311231,-0.03210088611,0.703539672,0.02978577799
242,2.420000,0.7036580369,0.03262563795,3.829598427e-06,-3.211200237e-06,-3.211200237e-06,1.232326031e-05,0,3.68813e-11,2.7522e-06,0.03826311231,-0.03210088611,0.7062724978,0.0294770431
243,2.430000,0.7044783235,0.03304771334,3.829598427e-06,-3.211200237e-06,-3.211200237e-06,1.231580973e-05,0,3.68528e-11,2.75145e-06,0.03826311231,-0.03210088611,0.7078743014,0.02970374762
244,2.440000,0.7039971799,0.03318504244,3.829598427e-06,-3.211200237e-06,-3.211200237e-06,1.230835915e-05,0,3.68243e-11,2.75069e-06,0.03826311231,-0.03210088611,0.7083293667,0.02932797366
245,2.450000,0.702728264,0.03316486627,3.829598427e-06,-3.211200237e-06,-3.211200237e-06,1.230090857e-05,0,3.67957e-11,2.74994e-06,0.03826311231,-0.03210088611,0.707632643,0.02950796789
246,2.460000,0.7010423392,0.03290116787,3.829598427e-06,-3.211200237e-06,-3.211200237e-06,1.229345798e-05,0,3.67672e-11,2.74918e-06,0.03826311231,-0.03210088611,0.705789874,0.02942132242
247,2.470000,0.6978436634,0.03300601989,3.829598427e-06,-3.203749657e-06,-3.203749657e-06,1.22860074e-05,0,3.67865e-11,2.75293e-06,0.03826311231,-0.03202923387,0.7028176083,0.02918259422
248,2.480000,0.6938415468,0.03265851736,3.829598427e-06,-3.196299076e-06,-3.196299076e-06,1.227855682e-05,0,3.68056e-11,2.75667e-06,0.03826311231,-0.03195758164,0.6987430902,0.02913890128
249,2.490000,0.6870276555,0.0331807062,3.829598427e-06,-3.188848495e-06,-3.188848495e-06,1.227110624e-05,0,3.68247e-11,2.76041e-06,0.03826311231,-0.03188592941,0.693604032,0.02903959359
250,2.500000,0.6808325723,0.03273248672,3.829598427e-06,-3.181397915e-06,-3.181397915e-06,1.226365566e-05,0,3.68436e-11,2.76414e-06,0.03826311231,-0.03181426972,0.6874482704,0.02898889749
251,2.510000,0.673538357,0.03282025456,3.829598427e-06,-3.173947334e-06,-3.173947334e-06,1.225620508e-05,0,3.68624e-11,2.76788e-06,0.03826311231,-0.03174261749,0.6803333093,0.02892359588
252,2.520000,0.6650349498,0.03260286152,3.829598427e-06,-3.166496754e-06,-3.166496754e-06,1.224130392e-05,0,3.68526e-11,2.77086e-06,0.03826311231,-0.03167096525,0.6723257565,0.02904219272
253,2.530000,0.6553159878,0.03279301524,3.829598427e-06,-3.159046173e-06,-3.159046173e-06,1.222640276e-05,0,3.68426e-11,2.77384e-06,0.03826311231,-0.03159931302,0.6635006571,0.02846093436
254,2.540000,0.6463392451,0.0319173336,3.829598427e-06,-3.151595592e-06,-3.151595592e-06,1.22115016e-05,0,3.68326e-11,2.77683e-06,0.03826311231,-0.03152766079,0.6539407341,0.02865883035
255,2.550000,0.6365850195,0.03122123331,3.829598427e-06,-3.144145012e-06,-3.144145012e-06,1.219660044e-05,0,3.68224e-11,2.77981e-06,0.03826311231,-0.0314560011,0.6437355423,0.02866098937
256,2.560000,0.6251156628,0.0312269628,3.829598427e-06,-3.136694431e-06,-3.136694431e-06,1.218169928e-05,0,3.68122e-11,2.78279e-06,0.03826311231,-0.03138434887,0.6329805453,0.0289296375
257,2.570000,0.6140792966,0.03084924072,3.829598427e-06,-3.129243851e-06,-3.129243851e-06,1.216679811e-05,0,3.68018e-11,2.78577e-06,0.03826311231,-0.03131269664,0.6217761271,0.02875462373
258,2.580000,0.6025623232,0.03052076697,3.829598427e-06,-3.12179327e-06,-3.12179327e-06,1.215189695e-05,0,3.67913e-11,2.78875e-06,0.03826311231,-0.0312410444,0.6102265472,0.02936355199
259,2.590000,0.5918416828,0.02983406931,3.829598427e-06,-3.11434269e-06,-3.11434269e-06,1.213699579e-05,0,3.67807e-11,2.79173e-06,0.03826311231,-0.03116939217,0.5984388527,0.0298457988
260,2.600000,0.5807047188,0.02964940667,3.829598427e-06,-3.106892109e-06,-3.106892109e-06,1.213699579e-05,0,3.6827e-11,2.7962e-06,0.03826311231,-0.03109773248,0.5865217577,0.0298095024
261,2.610000,0.5687901229,0.02966783941,3.829598427e-06,-3.099441528e-06,-3.099441528e-06,1.213699579e-05,0,3.68733e-11,2.80066e-06,0.03826311231,-0.03102608025,0.5745845042,0.02947516519
262,2.620000,0.557622008,0.02923547477,3.829598427e-06,-3.091990948e-06,-3.091990948e-06,1.213699579e-05,0,3.69194e-11,2.80511e-06,0.03826311231,-0.03095442802,0.5627357157,0.02918499151
263,2.630000,0.5459393635,0.02941563725,3.829598427e-06,-3.091990948e-06,-3.091990948e-06,1.212954521e-05,0,3.68909e-11,2.80437e-06,0.03826311231,-0.03088277578,0.5510822575,0.02961563812
264,2.640000,0.535262011,0.02880398929,3.829598427e-06,-3.091990948e-06,-3.091990948e-06,1.212209463e-05,0,3.68623e-11,2.80363e-06,0.03826311231,-0.03088277578,0.5397281149,0.02933917597
265,2.650000,0.5246979594,0.02883095294,3.829598427e-06,-3.091990948e-06,-3.091990948e-06,1.211464405e-05,0,3.68338e-11,2.80289e-06,0.03826311231,-0.03088277578,0.5287733037,0.02971502365
266,2.660000,0.5137772635,0.02884711325,3.829598427e-06,-3.091990948e-06,-3.091990948e-06,1.210719347e-05,0,3.68053e-11,2.80215e-06,0.03826311231,-0.03088277578,0.5183128229,0.02947889075
267,2.670000,0.5041860789,0.02881333232,3.829598427e-06,-3.091990948e-06,-3.091990948e-06,1.209974289e-05,0,3.67767e-11,2.80141e-06,0.03826311231,-0.03088277578,0.5084356637,0.02939050664
268,2.680000,0.4958440438,0.02868722379,3.829598427e-06,-3.091990948e-06,-3.091990948e-06,1.209229231e-05,0,3.67482e-11,2.80067e-06,0.03826311231,-0.03088277578,0.499223883,0.02988952814
269,2.690000,0.4880582169,0.02877216041,3.829598427e-06,-3.091990948e-06,-3.091990948e-06,1.208484173e-05,0,3.67197e-11,2.79993e-06,0.03826311231,-0.03088277578,0.4907517549,0.02993286971
270,2.700000,0.4803581983,0.02900201827,3.829598427e-06,-3.091990948e-06,-3.091990948e-06,1.207739115e-05,0,3.66912e-11,2.79918e-06,0.03826311231,-0.03088277578,0.4830850061,0.03001355381
271,2.710000,0.4733861014,0.02910000831,3.829598427e-06,-3.091990948e-06,-3.091990948e-06,1.206994057e-05,0,3.66626e-11,2.79844e-06,0.03826311231,-0.03088277578,0.4762801472,0.02970288526
272,2.720000,0.4677568004,0.02906405926,3.829598427e-06,-3.091990948e-06,-3.091990948e-06,1.206248999e-05,0,3.66341e-11,2.79769e-06,0.03826311231,-0.03088277578,0.4703839041,0.02996977001
273,2.730000,0.4638714865,0.0287969932,3.829598427e-06,-3.091990948e-06,-3.091990948e-06,1.205503941e-05,0,3.66056e-11,2.79694e-06,0.03826311231,-0.03088277578,0.4654327583,0.02959954143
274,2.740000,0.4598515928,0.02884195,3.829598427e-06,-3.091990948e-06,-3.091990948e-06,1.204758883e-05,0,3.6577e-11,2.7962e-06,0.03826311231,-0.03088277578,0.461452599,0.02964375542
275,2.750000,0.4569888487,0.02918007225,3.829598427e-06,-3.091990948e-06,-3.091990948e-06,1.204013824e-05,0,3.65485e-11,2.79545e-06,0.03826311231,-0.03088277578,0.4584584923,0.02977830398
276,2.760000,0.45526357,0.02895069867,3.829598427e-06,-3.091990948e-06,-3.091990948e-06,1.203268766e-05,0,3.652e-11,2.7947e-06,0.03826311231,-0.03088277578,0.4564545697,0.02975657849
277,2.770000,0.4539323151,0.02904444933,3.829598427e-06,-3.091990948e-06,-3.091990948e-06,1.202523708e-05,0,3.64914e-11,2.79395e-06,0.03826311231,-0.03088277578,0.4554340357,0.0297771047
278,2.780000,0.4544175118,0.02844651043,3.829598427e-06,-3.091990948e-06,-3.091990948e-06,1.20177865e-05,0,3.64629e-11,2.79319e-06,0.03826311231,-0.03088277578,0.455379296,0.02998314513
279,2.790000,0.4557909444,0.02857552469,3.829598427e-06,-3.091990948e-06,-3.091990948e-06,1.201033592e-05,0,3.64344e-11,2.79244e-06,0.03826311231,-0.03088277578,0.4562622038,0.02921821406
280,2.800000,0.4577095509,0.02851640433,3.829598427e-06,-3.091990948e-06,-3.091990948e-06,1.200288534e-05,0,3.64058e-11,2.79169e-06,0.03826311231,-0.03088277578,0.4580444208,0.02895006442
281,2.810000,0.4600997344,0.02883689851,3.829598427e-06,-3.091990948e-06,-3.091990948e-06,1.199543476e-05,0,3.63773e-11,2.79093e-06,0.03826311231,-0.03088277578,0.4606778898,0.02917027471
282,2.820000,0.4642442688,0.02851372212,3.829598427e-06,-3.091990948e-06,-3.091990948e-06,1.198798418e-05,0,3.63488e-11,2.79018e-06,0.03826311231,-0.03088277578,0.4641054123,0.02902470022
283,2.830000,0.4679085836,0.02869027108,3.829598427e-06,-3.091990948e-06,-3.091990948e-06,1.19805336e-05,0,3.63202e-11,2.78942e-06,0.03826311231,-0.03088277578,0.4682613255,0.02928339654
284,2.840000,0.4730821624,0.02894430608,3.829598427e-06,-3.091990948e-06,-3.091990948e-06,1.197308302e-05,0,3.62917e-11,2.78866e-06,0.03826311231,-0.03088277578,0.4730722697,0.02930402768
285,2.850000,0.4787487164,0.02912859619,3.829598427e-06,-3.091990948e-06,-3.091990948e-06,1.196563244e-05,0,3.62632e-11,2.7879e-06,0.03826311231,-0.03088277578,0.478458038,0.0288356478
286,2.860000,0.4843794852,0.02920583636,3.829598427e-06,-3.091990948e-06,-3.091990948e-06,1.195818186e-05,0,3.62346e-11,2.78714e-06,0.03826311231,-0.03088277578,0.4843324994,0.02903508278
287,2.870000,0.4908630848,0.02953161299,3.829598427e-06,-3.091990948e-06,-3.091990948e-06,1.195073128e-05,0,3.62061e-11,2.78638e-06,0.03826311231,-0.03088277578,0.4906045819,0.02900549395
288,2.880000,0.4978762195,0.0294912681,3.829598427e-06,-3.091990948e-06,-3.091990948e-06,1.19432807e-05,0,3.61776e-11,2.78562e-06,0.03826311231,-0.03088277578,0.4971793087,0.02895801722
289,2.890000,0.5047231168,0.02962870151,3.829598427e-06,-3.091990948e-06,-3.091990948e-06,1.193583012e-05,0,3.6149e-11,2.78486e-06,0.03826311231,-0.03088277578,0.5039588713,0.02954050598
290,2.900000,0.5116121471,0.02972564846,3.829598427e-06,-3.091990948e-06,-3.091990948e-06,1.192837954e-05,0,3.61205e-11,2.78409e-06,0.03826311231,-0.03088277578,0.51084373,0.0295330838
291,2.910000,0.5187754929,0.02970343083,3.829598427e-06,-3.091990948e-06,-3.091990948e-06,1.192092896e-05,0,3.6092e-11,2.78333e-06,0.03826311231,-0.03088277578,0.5177337295,0.02931855599
292,2.920000,0.5244031549,0.03005860746,3.829598427e-06,-3.091990948e-06,-3.091990948e-06,1.191347837e-05,0,3.60634e-11,2.78256e-06,0.03826311231,-0.03088277578,0.5245292143,0.02920903717
293,2.930000,0.5313232765,0.03017856926,3.829598427e-06,-3.091990948e-06,-3.091990948e-06,1.190602779e-05,0,3.60349e-11,2.78179e-06,0.03826311231,-0.03088277578,0.5311321343,0.02919008207
294,2.940000,0.5371949971,0.03022899479,3.829598427e-06,-3.091990948e-06,-3.091990948e-06,1.189857721e-05,0,3.60064e-11,2.78103e-06,0.03826311231,-0.03088277578,0.5374471263,0.02916279994
295,2.950000,0.5429732054,0.03015828133,3.829598427e-06,-3.091990948e-06,-3.091990948e-06,1.189112663e-05,0,3.59778e-11,2.78026e-06,0.03826311231,-0.03088277578,0.5433825597,0.02918498618
296,2.960000,0.5481687039,0.02995432168,3.829598427e-06,-3.091990948e-06,-3.091990948e-06,1.188367605e-05,0,3.59493e-11,2.77949e-06,0.03826311231,-0.03088277578,0.5488515346,0.02896616195
297,2.970000,0.5532643721,0.02971349657,3.829598427e-06,-3.091990948e-06,-3.091990948e-06,1.187622547e-05,0,3.59208e-11,2.77872e-06,0.03826311231,-0.03088277578,0.5537728208,0.02872364698
298,2.980000,0.5573277399,0.02958657593,3.829598427e-06,-3.091990948e-06,-3.091990948e-06,1.186877489e-05,0,3.58922e-11,2.77794e-06,0.03826311231,-0.03088277578,0.558071728,0.02942158275
299,2.990000,0.5609564632,0.02933844924,3.829598427e-06,-3.091990948e-06,-3.091990948e-06,1.186132431e-05,0,3.58637e-11,2.77717e-06,0.03826311231,-0.03088277578,0.5616808958,0.02985882178
300,3.000000,0.5635124072,0.02957782894,3.829598427e-06,-3.091990948e-06,-3.091990948e-06,1.185387373e-05,0,3.58352e-11,2.7764e-06,0.03826311231,-0.03088277578,0.5645409966,0.02969533601
301,3.010000,0.564310275,0.03019260615,3.829598427e-06,-3.091990948e-06,-3.091990948e-06,1.184642315e-05,0,3.58066e-11,2.77562e-06,0.03826311231,-0.03088277578,0.5666013422,0.02998522538
302,3.020000,0.5652615353,0.03008451313,3.829598427e-06,-3.091990948e-06,-3.091990948e-06,1.183897257e-05,0,3.57781e-11,2.77485e-06,0.03826311231,-0.03088277578,0.5678203882,0.02972357836
303,3.030000,0.5646576583,0.03033856302,3.829598427e-06,-3.091990948e-06,-3.091990948e-06,1.183152199e-05,0,3.57496e-11,2.77407e-06,0.03826311231,-0.03088277578,0.5681661297,0.0298763372
304,3.040000,0.5645550489,0.03005855531,3.829598427e-06,-3.091990948e-06,-3.091990948e-06,1.182407141e-05,0,3.5721e-11,2.77329e-06,0.03826311231,-0.03088277578,0.5676163858,0.03006265533
305,3.050000,0.562493518,0.03029853106,3.829598427e-06,-3.091990948e-06,-3.091990948e-06,1.181662083e-05,0,3.56925e-11,2.77251e-06,0.03826311231,-0.03088277578,0.5661589673,0.03036458462
306,3.060000,0.5600555837,0.03008031845,3.829598427e-06,-3.091990948e-06,-3.091990948e-06,1.180917025e-05,0,3.5664e-11,2.77173e-06,0.03826311231,-0.03088277578,0.5637917287,0.03008358468
307,3.070000,0.5571315661,0.02940703183,3.829598427e-06,-3.091990948e-06,-3.091990948e-06,1.180171967e-05,0,3.56354e-11,2.77095e-06,0.03826311231,-0.03088277578,0.5605225022,0.03017773823
308,3.080000,0.5525816903,0.02936540544,3.829598427e-06,-3.091990948e-06,-3.091990948e-06,1.179426908e-05,0,3.56069e-11,2.77017e-06,0.03826311231,-0.03088277578,0.5563689157,0.03009790089
309,3.090000,0.5481328666,0.02880039066,3.829598427e-06,-3.091990948e-06,-3.091990948e-06,1.17868185e-05,0,3.55784e-11,2.76938e-06,0.03826311231,-0.03088277578,0.5513580965,0.03067051205
310,3.100000,0.5413443446,0.0292191878,3.829598427e-06,-3.091990948e-06,-3.091990948e-06,1.177936792e-05,0,3.55498e-11,2.7686e-06,0.03826311231,-0.03088277578,0.5455262655,0.03088792369
311,3.110000,0.5348616093,0.02858923376,3.829598427e-06,-3.091990948e-06,-3.091990948e-06,1.177191734e-05,0,3.55213e-11,2.76781e-06,0.03826311231,-0.03088277578,0.5389182248,0.03104937479
312,3.120000,0.5269464329,0.02873226255,3.829598427e-06,-3.091990948e-06,-3.091990948e-06,1.176446676e-05,0,3.54928e-11,2.76703e-06,0.03826311231,-0.03088277578,0.5315867478,0.03083944514
313,3.130000,0.5198822469,0.02774313092,3.829598427e-06,-3.091990948e-06,-3.091990948e-06,1.175701618e-05,0,3.54642e-11,2.76624e-06,0.03826311231,-0.03088277578,0.5235918756,0.03092978411
314,3.140000,0.5113220513,0.02793866396,3.829598427e-06,-3.091990948e-06,-3.091990948e-06,1.17495656e-05,0,3.54357e-11,2.76545e-06,0.03826311231,-0.03088277578,0.5150001313,0.03114810753
315,3.150000,0.5025362447,0.02785309404,3.829598427e-06,-3.091990948e-06,-3.091990948e-06,1.174211502e-05,0,3.54072e-11,2.76466e-06,0.03826311231,-0.03088277578,0.505883659,0.03152289219
316,3.160000,0.4930270463,0.02743442357,3.829598427e-06,-3.091990948e-06,-3.091990948e-06,1.173466444e-05,0,3.53786e-11,2.76387e-06,0.03826311231,-0.03088277578,0.4963192992,0.03155570473
317,3.170000,0.4832904041,0.02721383423,3.829598427e-06,-3.091990948e-06,-3.091990948e-06,1.172721386e-05,0,3.53501e-11,2.76308e-06,0.03826311231,-0.03088277578,0.4863876105,0.03150982326
318,3.180000,0.4733520001,0.02682962269,3.829598427e-06,-3.091990948e-06,-3.091990948e-06,1.171976328e-05,0,3.53216e-11,2.76229e-06,0.03826311231,-0.03088277578,0.4761718497,0.03180910525
319,3.190000,0.4625620767,0.02707901597,3.829598427e-06,-3.091990948e-06,-3.091990948e-06,1.17123127e-05,0,3.5293e-11,2.76149e-06,0.03826311231,-0.03088277578,0.4657569218,0.03204228503
320,3.200000,0.4520531744,0.02675508708,3.829598427e-06,-3.091990948e-06,-3.091990948e-06,1.170486212e-05,0,3.52645e-11,2.7607e-06,0.03826311231,-0.03088277578,0.4552283128,0.03177852438
321,3.210000,0.4422310367,0.02658072114,3.829598427e-06,-3.091990948e-06,-3.091990948e-06,1.169741154e-05,0,3.5236e-11,2.7599e-06,0.03826311231,-0.03088277578,0.4446710168,0.03165907248
322,3.220000,0.4316779673,0.02684723586,3.829598427e-06,-3.091990948e-06,-3.091990948e-06,1.168996096e-05,0,3.52074e-11,2.75911e-06,0.03826311231,-0.03088277578,0.434168471,0.03171374809
323,3.230000,0.4216091335,0.02686861157,3.829598427e-06,-3.091990948e-06,-3.091990948e-06,1.168251038e-05,0,3.51789e-11,2.75831e-06,0.03826311231,-0.03088277578,0.4238015107,0.03174385485
324,3.240000,0.4121014997,0.02625379711,3.829598427e-06,-3.091990948e-06,-3.091990948e-06,1.16750598e-05,0,3.51504e-11,2.75751e-06,0.03826311231,-0.03088277578,0.4136473555,0.03194244951
325,3.250000,0.4019540548,0.02646461874,3.829598427e-06,-3.091990948e-06,-3.091990948e-06,1.166760921e-05,0,3.51218e-11,2.75671e-06,0.03826311231,-0.03088277578,0.4037786406,0.03186819678
326,3.260000,0.3921186104,0.02640447766,3.829598427e-06,-3.091990948e-06,-3.091990948e-06,1.166015863e-05,0,3.50933e-11,2.75591e-06,0.03826311231,-0.03088277578,0.3942625031,0.03159897449
327,3.270000,0.3835324347,0.02611044794,3.829598427e-06,-3.091990948e-06,-3.091990948e-06,1.165270805e-05,0,3.50648e-11,2.75511e-06,0.03826311231,-0.03088277578,0.3851597335,0.03121199519
328,3.280000,0.3756978288,0.02617009729,3.829598427e-06,-3.091990948e-06,-3.091990948e-06,1.164525747e-05,0,3.50363e-11,2.7543e-06,0.03826311231,-0.03088277578,0.3765240045,0.03099429286
329,3.290000,0.3671037182,0.02660568058,3.829598427e-06,-3.091990948e-06,-3.091990948e-06,1.163780689e-05,0,3.50077e-11,2.7535e-06,0.03826311231,-0.03088277578,0.3684011839,0.03089576488
330,3.300000,0.3609277532,0.02639116347,3.829598427e-06,-3.091990948e-06,-3.091990948e-06,1.163035631e-05,0,3.49792e-11,2.75269e-06,0.03826311231,-0.03088277578,0.3608287408,0.03109302646
331,3.310000,0.3547158316,0.02591348439,3.829598427e-06,-3.091990948e-06,-3.091990948e-06,1.162290573e-05,0,3.49507e-11,2.75189e-06,0.03826311231,-0.03088277578,0.3538352521,0.03097688728
332,3.320000,0.3496016189,0.02536669374,3.829598427e-06,-3.091990948e-06,-3.091990948e-06,1.161545515e-05,0,3.49221e-11,2.75108e-06,0.03826311231,-0.03088277578,0.3474400155,0.03061466769
333,3.330000,0.3433949202,0.02595596761,3.829598427e-06,-3.091990948e-06,-3.091990948e-06,1.160800457e-05,0,3.48936e-11,2.75027e-06,0.03826311231,-0.03088277578,0.3416527721,0.03068066216
334,3.340000,0.3386423364,0.02588167042,3.829598427e-06,-3.091990948e-06,-3.091990948e-06,1.160055399e-05,0,3.48651e-11,2.74946e-06,0.03826311231,-0.03088277578,0.3364735439,0.03095867323
335,3.350000,0.3342800885,0.02606589347,3.829598427e-06,-3.091990948e-06,-3.091990948e-06,1.159310341e-05,0,3.48365e-11,2.74865e-06,0.03826311231,-0.03088277578,0.3318925871,0.03039784294
336,3.360000,0.3297669441,0.02654241025,3.829598427e-06,-3.091990948e-06,-3.091990948e-06,1.158565283e-05,0,3.4808e-11,2.74784e-06,0.03826311231,-0.03088277578,0.3278904628,0.03100869629
337,3.370000,0.3264616728,0.02658322453,3.829598427e-06,-3.091990948e-06,-3.091990948e-06,1.157820225e-05,0,3.47795e-11,2.74702e-06,0.03826311231,-0.03088277578,0.3244382229,0.03102970911
338,3.380000,0.3241781145,0.02672671527,3.829598427e-06,-3.091990948e-06,-3.091990948e-06,1.157075167e-05,0,3.47509e-11,2.74621e-06,0.03826311231,-0.03088277578,0.321497711,0.03076861073
339,3.390000,0.3211345226,0.02695741504,3.829598427e-06,-3.091990948e-06,-3.091990948e-06,1.156330109e-05,0,3.47224e-11,2.74539e-06,0.03826311231,-0.03088277578,0.3190219744,0.03088250437
340,3.400000,0.3190012872,0.02719090879,3.829598427e-06,-3.091990948e-06,-3.091990948e-06,1.155585051e-05,0,3.46939e-11,2.74458e-06,0.03826311231,-0.03088277578,0.316955782,0.03127234406
341,3.410000,0.3179074153,0.0270954743,3.829598427e-06,-3.091990948e-06,-3.091990948e-06,1.154839993e-05,0,3.46653e-11,2.74376e-06,0.03826311231,-0.03088277578,0.3152362434,0.03129028773
342,3.420000,0.3168503866,0.02707952261,3.829598427e-06,-3.084540367e-06,-3.084540367e-06,1.154094934e-05,0,3.46828e-11,2.7476e-06,0.03826311231,-0.03081112355,0.3137935212,0.03074149161
343,3.430000,0.3152435794,0.02735640854,3.829598427e-06,-3.077089787e-06,-3.077089787e-06,1.153349876e-05,0,3.47002e-11,2.75144e-06,0.03826311231,-0.03073946387,0.3125516295,0.03057018471
344,3.440000,0.3139024377,0.02752635628,3.829598427e-06,-3.069639206e-06,-3.069639206e-06,1.152604818e-05,0,3.47175e-11,2.75527e-06,0.03826311231,-0.03066781163,0.3114293082,0.03041794623
345,3.450000,0.3125072643,0.02781990916,3.829598427e-06,-3.062188625e-06,-3.062188625e-06,1.15185976e-05,0,3.47346e-11,2.7591e-06,0.03826311231,-0.0305961594,0.3103409652,0.03021515788
346,3.460000,0.3112384677,0.02787221223,3.829598427e-06,-3.054738045e-06,-3.054738045e-06,1.151114702e-05,0,3.47516e-11,2.76293e-06,0.03826311231,-0.03052450716,0.3091976738,0.03016342867
347,3.470000,0.3096997663,0.02787677199,3.829598427e-06,-3.047287464e-06,-3.047287464e-06,1.149624586e-05,0,3.474e-11,2.76595e-06,0.03826311231,-0.03045285493,0.3079082147,0.03032804591
348,3.480000,0.3078341931,0.02785222232,3.829598427e-06,-3.039836884e-06,-3.039836884e-06,1.14813447e-05,0,3.47283e-11,2.76897e-06,0.03826311231,-0.03038119525,0.3063801511,0.03040072121
349,3.490000,0.3060593382,0.02799286693,3.829598427e-06,-3.032386303e-06,-3.032386303e-06,1.146644354e-05,0,3.47165e-11,2.77199e-06,0.03826311231,-0.03030954301,0.3045209248,0.0300413901
350,3.500000,0.3024985939,0.02851399779,3.829598427e-06,-3.024935722e-06,-3.024935722e-06,1.145154238e-05,0,3.47046e-11,2.775e-06,0.03826311231,-0.03023789078,0.302238959,0.03021126857
351,3.510000,0.2992491871,0.02848508209,3.829598427e-06,-3.017485142e-06,-3.017485142e-06,1.143664122e-05,0,3.46925e-11,2.77802e-06,0.03826311231,-0.03016623855,0.2994447577,0.02990881528
352,3.520000,0.295892179,0.02803289145,3.829598427e-06,-3.010034561e-06,-3.010034561e-06,1.142174006e-05,0,3.46804e-11,2.78104e-06,0.03826311231,-0.03009458631,0.2960519874,0.03009057691
353,3.530000,0.2915989161,0.02811426669,3.829598427e-06,-3.002583981e-06,-3.002583981e-06,1.140683889e-05,0,3.46681e-11,2.78405e-06,0.03826311231,-0.03002292663,0.2919785288,0.03001822035
354,3.540000,0.286108613,0.02850250155,3.829598427e-06,-2.9951334e-06,-2.9951334e-06,1.139193773e-05,0,3.46557e-11,2.78707e-06,0.03826311231,-0.02995127439,0.2871474876,0.02980054296
355,3.550000,0.2799068913,0.02859949321,3.829598427e-06,-2.987682819e-06,-2.987682819e-06,1.139193773e-05,0,3.47003e-11,2.79169e-06,0.03826311231,-0.02987962216,0.2814881509,0.02959912516
356,3.560000,0.272636719,0.02872847766,3.829598427e-06,-2.980232239e-06,-2.980232239e-06,1.139193773e-05,0,3.47448e-11,2.79631e-06,0.03826311231,-0.02980796993,0.2749368803,0.03027360985
357,3.570000,0.2647302672,0.02868140489,3.829598427e-06,-2.972781658e-06,-2.972781658e-06,1.139193773e-05,0,3.47891e-11,2.80092e-06,0.03826311231,-0.02973631769,0.2674379291,0.03037303598
358,3.580000,0.2559034899,0.0288201794,3.829598427e-06,-2.965331078e-06,-2.965331078e-06,1.139193773e-05,0,3.48334e-11,2.80552e-06,0.03826311231,-0.02966465801,0.2589441763,0.03028997706
359,3.590000,0.2462140545,0.02848018706,3.829598427e-06,-2.957880497e-06,-2.957880497e-06,1.139193773e-05,0,3.48775e-11,2.81011e-06,0.03826311231,-0.02959300578,0.2494177668,0.03036631395
360,3.600000,0.2351621762,0.028138116,3.829598427e-06,-2.950429916e-06,-2.950429916e-06,1.139193773e-05,0,3.49215e-11,2.8147e-06,0.03826311231,-0.02952135354,0.2388306524,0.03041223445
361,3.610000,0.2240814269,0.02762810886,3.829598427e-06,-2.942979336e-06,-2.942979336e-06,1.139193773e-05,0,3.49654e-11,2.81928e-06,0.03826311231,-0.02944970131,0.2271650252,0.03093459435
362,3.620000,0.210475333,0.02757672966,3.829598427e-06,-2.935528755e-06,-2.935528755e-06,1.139193773e-05,0,3.50092e-11,2.82385e-06,0.03826311231,-0.02937804163,0.2144136397,0.0311656628
363,3.630000,0.1959976703,0.02735072374,3.829598427e-06,-2.928078175e-06,-2.928078175e-06,1.139193773e-05,0,3.50529e-11,2.82842e-06,0.03826311231,-0.02930638939,0.200580019,0.03086543544
364,3.640000,0.1804955453,0.02722790837,3.829598427e-06,-2.920627594e-06,-2.920627594e-06,1.138448715e-05,0,3.50679e-11,2.8322e-06,0.03826311231,-0.02923473716,0.1856785427,0.03057868919
365,3.650000,0.1643043235,0.02694965154,3.829598427e-06,-2.913177013e-06,-2.913177013e-06,1.137703657e-05,0,3.50829e-11,2.83597e-06,0.03826311231,-0.02916308492,0.1697344147,0.03034322448
366,3.660000,0.1483105272,0.02585130185,3.829598427e-06,-2.905726433e-06,-2.905726433e-06,1.136958599e-05,0,3.50977e-11,2.83975e-06,0.03826311231,-0.02909143269,0.1527835128,0.03040305792
367,3.670000,0.1304349601,0.02572494745,3.829598427e-06,-2.905726433e-06,-2.905726433e-06,1.136213541e-05,0,3.50692e-11,2.83897e-06,0.03826311231,-0.02901977301,0.1348721182,0.03008519545
368,3.680000,0.1118548289,0.02527280897,3.829598427e-06,-2.905726433e-06,-2.905726433e-06,1.135468483e-05,0,3.50406e-11,2.8382e-06,0.03826311231,-0.02901977301,0.1160565318,0.03013194393
369,3.690000,0.09239417315,0.02476204932,3.829598427e-06,-2.905726433e-06,-2.905726433e-06,1.134723425e-05,0,3.50121e-11,2.83742e-06,0.03826311231,-0.02901977301,0.09640257745,0.02997806256
370,3.700000,0.07122136652,0.02490016073,3.829598427e-06,-2.905726433e-06,-2.905726433e-06,1.133978367e-05,0,3.49836e-11,2.83664e-06,0.03826311231,-0.02901977301,0.07598500058,0.03042362449
371,3.710000,0.04992923886,0.02513702959,3.829598427e-06,-2.905726433e-06,-2.905726433e-06,1.133233309e-05,0,3.4955e-11,2.83586e-06,0.03826311231,-0.02901977301,0.05488676669,0.03041494937
372,3.720000,0.028463386,0.02497021109,3.829598427e-06,-2.905726433e-06,-2.905726433e-06,1.132488251e-05,0,3.49265e-11,2.83508e-06,0.03826311231,-0.02901977301,0.03319826852,0.03085690954
373,3.730000,0.005765549839,0.0247259438,3.829598427e-06,-2.905726433e-06,-2.905726433e-06,1.131743193e-05,0,3.4898e-11,2.8343e-06,0.03826311231,-0.02901977301,0.01101645006,0.03044500995
374,3.740000,-0.01685960591,0.02474849671,3.829598427e-06,-2.905726433e-06,-2.905726433e-06,1.130998135e-05,0,3.48694e-11,2.83352e-06,0.03826311231,-0.02901977301,-0.01155614277,0.0301106794
375,3.750000,-0.04003507644,0.02474319935,3.829598427e-06,-2.905726433e-06,-2.905726433e-06,1.130253077e-05,0,3.48409e-11,2.83273e-06,0.03826311231,-0.02901977301,-0.03441237429,0.0296910039
376,3.760000,-0.06306535751,0.02489095926,3.829598427e-06,-2.905726433e-06,-2.905726433e-06,1.129508018e-05,0,3.48124e-11,2.83195e-06,0.03826311231,-0.02901977301,-0.05744158297,0.03001768733
377,3.770000,-0.08638337255,0.02481371909,3.829598427e-06,-2.905726433e-06,-2.905726433e-06,1.12876296e-05,0,3.47838e-11,2.83116e-06,0.03826311231,-0.02901977301,-0.08053068523,0.03023104631
378,3.780000,-0.1097480953,0.02497998625,3.829598427e-06,-2.905726433e-06,-2.905726433e-06,1.128017902e-05,0,3.47553e-11,2.83037e-06,0.03826311231,-0.02901977301,-0.1035653069,0.03023127497
379,3.790000,-0.1323467791,0.02465462685,3.829598427e-06,-2.905726433e-06,-2.905726433e-06,1.127272844e-05,0,3.47268e-11,2.82959e-06,0.03826311231,-0.02901977301,-0.12643093,0.03048151366
380,3.800000,-0.1544763669,0.02434812486,3.829598427e-06,-2.905726433e-06,-2.905726433e-06,1.126527786e-05,0,3.46982e-11,2.8288e-06,0.03826311231,-0.02901977301,-0.1490140414,0.03009146247
381,3.810000,-0.1762756929,0.0241894573,3.829598427e-06,-2.905726433e-06,-2.905726433e-06,1.125782728e-05,0,3.46697e-11,2.82801e-06,0.03826311231,-0.02901977301,-0.1712032722,0.03024928738
382,3.820000,-0.1968920752,0.02359417826,3.829598427e-06,-2.905726433e-06,-2.905726433e-06,1.12503767e-05,0,3.46412e-11,2.82721e-06,0.03826311231,-0.02901977301,-0.1928905129,0.03044925407
383,3.830000,-0.2175605819,0.02414602041,3.829598427e-06,-2.905726433e-06,-2.905726433e-06,1.124292612e-05,0,3.46126e-11,2.82642e-06,0.03826311231,-0.02901977301,-0.2139719941,0.03039832417
384,3.840000,-0.2371226624,0.02387740463,3.829598427e-06,-2.905726433e-06,-2.905726433e-06,1.123547554e-05,0,3.45841e-11,2.82563e-06,0.03826311231,-0.02901977301,-0.2343493196,0.03041216724
385,3.850000,-0.2559879124,0.02386666834,3.829598427e-06,-2.905726433e-06,-2.905726433e-06,1.122802496e-05,0,3.45556e-11,2.82483e-06,0.03826311231,-0.02901977301,-0.2539304409,0.03066465355
386,3.860000,-0.2744775787,0.02395839244,3.829598427e-06,-2.905726433e-06,-2.905726433e-06,1.122057438e-05,0,3.4527e-11,2.82404e-06,0.03826311231,-0.02901977301,-0.2726305619,0.03122804411
387,3.870000,-0.2925810143,0.02433052659,3.829598427e-06,-2.905726433e-06,-2.905726433e-06,1.12131238e-05,0,3.44985e-11,2.82324e-06,0.03826311231,-0.02901977301,-0.2903729643,0.03095480612
388,3.880000,-0.3085560948,0.0243107006,3.829598427e-06,-2.905726433e-06,-2.905726433e-06,1.120567322e-05,0,3.447e-11,2.82244e-06,0.03826311231,-0.02901977301,-0.3070897443,0.03172130081
389,3.890000,-0.3231451884,0.02403688431,3.829598427e-06,-2.905726433e-06,-2.905726433e-06,1.119822264e-05,0,3.44414e-11,2.82164e-06,0.03826311231,-0.02901977301,-0.3227224529,0.03128983822
390,3.900000,-0.3378587663,0.02435204387,3.829598427e-06,-2.905726433e-06,-2.905726433e-06,1.119077206e-05,0,3.44129e-11,2.82084e-06,0.03826311231,-0.02901977301,-0.3372226318,0.03159407534
391,3.910000,-0.350488618,0.02473546565,3.829598427e-06,-2.905726433e-06,-2.905726433e-06,1.118332148e-05,0,3.43844e-11,2.82004e-06,0.03826311231,-0.02901977301,-0.3505522406,0.03120776752
392,3.920000,-0.3626695722,0.02499153465,3.829598427e-06,-2.905726433e-06,-2.905726433e-06,1.11758709e-05,0,3.43559e-11,2.81923e-06,0.03826311231,-0.02901977301,-0.3626839694,0.03149200239
393,3.930000,-0.3735093549,0.02506808937,3.829598427e-06,-2.905726433e-06,-2.905726433e-06,1.116842031e-05,0,3.43273e-11,2.81843e-06,0.03826311231,-0.02901977301,-0.3736014339,0.03134468598
394,3.940000,-0.3819895536,0.02446071059,3.829598427e-06,-2.905726433e-06,-2.905726433e-06,1.116096973e-05,0,3.42988e-11,2.81762e-06,0.03826311231,-0.02901977301,-0.3832992516,0.03160971202
395,3.950000,-0.3898294494,0.02439528704,3.829598427e-06,-2.905726433e-06,-2.905726433e-06,1.115351915e-05,0,3.42703e-11,2.81682e-06,0.03826311231,-0.02901977301,-0.3917829976,0.03174735259
396,3.960000,-0.3966191262,0.02413238585,3.829598427e-06,-2.905726433e-06,-2.905726433e-06,1.114606857e-05,0,3.42417e-11,2.81601e-06,0.03826311231,-0.02901977301,-0.3990690412,0.03197693308
397,3.970000,-0.4028827175,0.02484156936,3.829598427e-06,-2.905726433e-06,-2.905726433e-06,1.113861799e-05,0,3.42132e-11,2.8152e-06,0.03826311231,-0.02901977301,-0.4051842653,0.03264268356
398,3.980000,-0.4072785378,0.02497624606,3.829598427e-06,-2.905726433e-06,-2.905726433e-06,1.113116741e-05,0,3.41847e-11,2.81439e-06,0.03826311231,-0.02901977301,-0.410165672,0.03275504678
399,3.990000,-0.4103681594,0.02490956336,3.829598427e-06,-2.905726433e-06,-2.905726433e-06,1.112371683e-05,0,3.41561e-11,2.81358e-06,0.03826311231,-0.02901977301,-0.4140598791,0.03317948423
400,4.000000,-0.4126859605,0.02507582307,3.829598427e-06,-2.905726433e-06,-2.905726433e-06,1.111626625e-05,0,3.41276e-11,2.81277e-06,0.03826311231,-0.02901977301,-0.4169225135,0.03278780003
401,4.010000,-0.4140654281,0.02528052032,3.829598427e-06,-2.905726433e-06,-2.905726433e-06,1.110881567e-05,0,3.40991e-11,2.81195e-06,0.03826311231,-0.02901977301,-0.4188175081,0.03310943203
402,4.020000,-0.4147300571,0.02539072186,3.829598427e-06,-2.905726433e-06,-2.905726433e-06,1.110136509e-05,0,3.40705e-11,2.81114e-06,0.03826311231,-0.02901977301,-0.4198163108,0.03340824536
403,4.030000,-0.4141542614,0.02530563623,3.829598427e-06,-2.905726433e-06,-2.905726433e-06,1.109391451e-05,0,3.4042e-11,2.81032e-06,0.03826311231,-0.02901977301,-0.4199970153,0.03379122606
404,4.040000,-0.413636595,0.02532857656,3.829598427e-06,-2.905726433e-06,-2.905726433e-06,1.108646393e-05,0,3.40135e-11,2.80951e-06,0.03826311231,-0.02901977301,-0.4194434215,0.0340834684
405,4.050000,-0.412790738,0.02565841377,3.829598427e-06,-2.905726433e-06,-2.905726433e-06,1.107901335e-05,0,3.39849e-11,2.80869e-06,0.03826311231,-0.02901977301,-0.4182440398,0.03386679035
406,4.060000,-0.4112354144,0.02610811591,3.829598427e-06,-2.905726433e-06,-2.905726433e-06,1.107156277e-05,0,3.39564e-11,2.80787e-06,0.03826311231,-0.02901977301,-0.416491047,0.03367763673
407,4.070000,-0.4091316536,0.02666885406,3.829598427e-06,-2.905726433e-06,-2.905726433e-06,1.106411219e-05,0,3.39279e-11,2.80705e-06,0.03826311231,-0.02901977301,-0.4142792084,0.0330625327
408,4.080000,-0.4066183716,0.02666371316,3.829598427e-06,-2.905726433e-06,-2.905726433e-06,1.105666161e-05,0,3.38993e-11,2.80623e-06,0.03826311231,-0.02901977301,-0.4117047777,0.032810258
409,4.090000,-0.4039945453,0.02693937719,3.829598427e-06,-2.905726433e-06,-2.905726433e-06,1.104921103e-05,0,3.38708e-11,2.80541e-06,0.03826311231,-0.02901977301,-0.4088643863,0.03318107744
410,4.100000,-0.4012385756,0.02695243061,3.829598427e-06,-2.905726433e-06,-2.905726433e-06,1.104176044e-05,0,3.38423e-11,2.80458e-06,0.03826311231,-0.02901977301,-0.4058539359,0.03332800546
411,4.110000,-0.3991575688,0.02764783055,3.829598427e-06,-2.905726433e-06,-2.905726433e-06,1.103430986e-05,0,3.38137e-11,2.80376e-06,0.03826311231,-0.02901977301,-0.4027675065,0.03311600763
412,4.120000,-0.3960016444,0.0277916044,3.829598427e-06,-2.905726433e-06,-2.905726433e-06,1.102685928e-05,0,3.37852e-11,2.80293e-06,0.03826311231,-0.02901977301,-0.3996962923,0.03288749617
413,4.130000,-0.39384114,0.02797612548,3.829598427e-06,-2.905726433e-06,-2.905726433e-06,1.10194087e-05,0,3.37567e-11,2.8021e-06,0.03826311231,-0.02901977301,-0.3967275772,0.0330178744
414,4.140000,-0.3899250627,0.02743243426,3.829598427e-06,-2.905726433e-06,-2.905726433e-06,1.101195812e-05,0,3.37281e-11,2.80127e-06,0.03826311231,-0.02901977301,-0.3939437623,0.03317693663
415,4.150000,-0.3879751489,0.02797340602,3.829598427e-06,-2.905726433e-06,-2.905726433e-06,1.100450754e-05,0,3.36996e-11,2.80044e-06,0.03826311231,-0.02901977301,-0.391421455,0.03373994458
416,4.160000,-0.385150291,0.02766627818,3.829598427e-06,-2.905726433e-06,-2.905726433e-06,1.099705696e-05,0,3.36711e-11,2.79961e-06,0.03826311231,-0.02901977301,-0.3892306322,0.03333142069
417,4.170000,-0.3836360797,0.02760794014,3.829598427e-06,-2.905726433e-06,-2.905726433e-06,1.098960638e-05,0,3.36425e-11,2.79878e-06,0.03826311231,-0.02901977301,-0.3874338842,0.03299143067
418,4.180000,-0.3830176219,0.02778885514,3.829598427e-06,-2.905726433e-06,-2.905726433e-06,1.09821558e-05,0,3.3614e-11,2.79795e-06,0.03826311231,-0.02901977301,-0.3860857508,0.03350082488
419,4.190000,-0.3826397881,0.02805643529,3.829598427e-06,-2.905726433e-06,-2.905726433e-06,1.097470522e-05,0,3.35855e-11,2.79711e-06,0.03826311231,-0.02901977301,-0.385232154,0.03370895271
420,4.200000,-0.382538572,0.02848543972,3.829598427e-06,-2.905726433e-06,-2.905726433e-06,1.096725464e-05,0,3.35569e-11,2.79628e-06,0.03826311231,-0.02901977301,-0.384909936,0.03319926749
421,4.210000,-0.3830395117,0.02848788351,3.829598427e-06,-2.905726433e-06,-2.905726433e-06,1.095980406e-05,0,3.35284e-11,2.79544e-06,0.03826311231,-0.02901977301,-0.3851465064,0.03269182095
422,4.220000,-0.3844868541,0.02860721946,3.829598427e-06,-2.905726433e-06,-2.905726433e-06,1.095235348e-05,0,3.34999e-11,2.7946e-06,0.03826311231,-0.02901977301,-0.3859596028,0.03269815083
423,4.230000,-0.3864600956,0.02815850824,3.829598427e-06,-2.905726433e-06,-2.905726433e-06,1.09449029e-05,0,3.34713e-11,2.79376e-06,0.03826311231,-0.02901977301,-0.3873571666,0.03238885409
424,4.240000,-0.3882703185,0.02767734975,3.829598427e-06,-2.905726433e-06,-2.905726433e-06,1.093745232e-05,0,3.34428e-11,2.79292e-06,0.03826311231,-0.02901977301,-0.3893373365,0.03284187254
425,4.250000,-0.3901977465,0.02700329572,3.829598427e-06,-2.905726433e-06,-2.905726433e-06,1.093000174e-05,0,3.34143e-11,2.79208e-06,0.03826311231,-0.02901977301,-0.3918885585,0.03319302319
426,4.260000,-0.3939604983,0.02704291791,3.829598427e-06,-2.905726433e-06,-2.905726433e-06,1.092255116e-05,0,3.33857e-11,2.79124e-06,0.03826311231,-0.02901977301,-0.3949898108,0.03340634679
427,4.270000,-0.3971808404,0.02674325556,3.829598427e-06,-2.905726433e-06,-2.905726433e-06,1.091510057e-05,0,3.33572e-11,2.79039e-06,0.03826311231,-0.02901977301,-0.3986109417,0.03353012297
428,4.280000,-0.401479125,0.02681898326,3.829598427e-06,-2.905726433e-06,-2.905726433e-06,1.090764999e-05,0,3.33287e-11,2.78955e-06,0.03826311231,-0.02901977301,-0.4027131159,0.03351842008
429,4.290000,-0.4059252515,0.02675572783,3.829598427e-06,-2.905726433e-06,-2.905726433e-06,1.090019941e-05,0,3.33001e-11,2.7887e-06,0.03826311231,-0.02901977301,-0.4072493629,0.03364936671
430,4.300000,-0.4107538983,0.02705281973,3.829598427e-06,-2.905726433e-06,-2.905726433e-06,1.089274883e-05,0,3.32716e-11,2.78785e-06,0.03826311231,-0.02901977301,-0.4121652227,0.03390962041
431,4.310000,-0.4166112319,0.02730964124,3.829598427e-06,-2.905726433e-06,-2.905726433e-06,1.088529825e-05,0,3.32431e-11,2.787e-06,0.03826311231,-0.02901977301,-0.4173994801,0.03388735961
432,4.320000,-0.4207674861,0.02676152438,3.829598427e-06,-2.905726433e-06,-2.905726433e-06,1.087784767e-05,0,3.32145e-11,2.78615e-06,0.03826311231,-0.02901977301,-0.4228849782,0.03360868478
433,4.330000,-0.4252558798,0.02624218166,3.829598427e-06,-2.905726433e-06,-2.905726433e-06,1.087039709e-05,0,3.3186e-11,2.7853e-06,0.03826311231,-0.02901977301,-0.4285495039,0.033574165
434,4.340000,-0.4313118234,0.02648062259,3.829598427e-06,-2.905726433e-06,-2.905726433e-06,1.086294651e-05,0,3.31575e-11,2.78445e-06,0.03826311231,-0.02901977301,-0.434316732,0.03316705998
435,4.350000,-0.437256597,0.02687224001,3.829598427e-06,-2.905726433e-06,-2.905726433e-06,1.085549593e-05,0,3.31289e-11,2.78359e-06,0.03826311231,-0.02901977301,-0.440107219,0.03359532431
436,4.360000,-0.4427798539,0.02701663226,3.829598427e-06,-2.905726433e-06,-2.905726433e-06,1.084804535e-05,0,3.31004e-11,2.78274e-06,0.03826311231,-0.02901977301,-0.4458394341,0.0339253031
437,4.370000,-0.4480317384,0.02673400193,3.829598427e-06,-2.905726433e-06,-2.905726433e-06,1.084059477e-05,0,3.30719e-11,2.78188e-06,0.03826311231,-0.02901977301,-0.4514308154,0.03384842291
438,4.380000,-0.4539650977,0.02704578638,3.829598427e-06,-2.905726433e-06,-2.905726433e-06,1.083314419e-05,0,3.30433e-11,2.78102e-06,0.03826311231,-0.02901977301,-0.4567988389,0.03390678881
439,4.390000,-0.4583805427,0.02699003369,3.829598427e-06,-2.905726433e-06,-2.905726433e-06,1.082569361e-05,0,3.30148e-11,2.78017e-06,0.03826311231,-0.02901977301,-0.4618620878,0.03387327702
440,4.400000,-0.4628671408,0.02681332082,3.829598427e-06,-2.905726433e-06,-2.905726433e-06,1.081824303e-05,0,3.29863e-11,2.7793e-06,0.03826311231,-0.02901977301,-0.4665413097,0.03363437794
441,4.410000,-0.4666703343,0.0267727226,3.829598427e-06,-2.905726433e-06,-2.905726433e-06,1.081079245e-05,0,3.29577e-11,2.77844e-06,0.03826311231,-0.02901977301,-0.4707604489,0.03376675002
442,4.420000,-0.4706225544,0.02725600451,3.829598427e-06,-2.905726433e-06,-2.905726433e-06,1.080334187e-05,0,3.29292e-11,2.77758e-06,0.03826311231,-0.02901977301,-0.4744476425,0.03370222295
443,4.430000,-0.4740231559,0.02756149322,3.829598427e-06,-2.898275852e-06,-2.898275852e-06,1.079589128e-05,0,3.29439e-11,2.78149e-06,0.03826311231,-0.02894812077,-0.4775361679,0.03331916078
444,4.440000,-0.475682281,0.02735929191,3.829598427e-06,-2.890825272e-06,-2.890825272e-06,1.07884407e-05,0,3.29585e-11,2.78539e-06,0.03826311231,-0.02887646854,-0.4799653302,0.03349133964
445,4.450000,-0.4774214253,0.02782166004,3.829598427e-06,-2.883374691e-06,-2.883374691e-06,1.078099012e-05,0,3.2973e-11,2.78929e-06,0.03826311231,-0.02880481631,-0.4816812808,0.03346130658
446,4.460000,-0.477962926,0.02777514607,3.829598427e-06,-2.87592411e-06,-2.87592411e-06,1.077353954e-05,0,3.29874e-11,2.79319e-06,0.03826311231,-0.02873316407,-0.4826377553,0.03382179425
447,4.470000,-0.4776907787,0.0280874148,3.829598427e-06,-2.86847353e-06,-2.86847353e-06,1.078099012e-05,0,3.30587e-11,2.79879e-06,0.03826311231,-0.02866150439,-0.4827967236,0.0336627057
448,4.480000,-0.4767100513,0.02823644876,3.829598427e-06,-2.861022949e-06,-2.861022949e-06,1.07884407e-05,0,3.31299e-11,2.80437e-06,0.03826311231,-0.02858985215,-0.4821289438,0.03316299998
449,4.490000,-0.4755273908,0.02831476927,3.829598427e-06,-2.853572369e-06,-2.853572369e-06,1.079589128e-05,0,3.32011e-11,2.80995e-06,0.03826311231,-0.02851819992,-0.4806144136,0.03284835915
450,4.500000,-0.4739333615,0.0290563032,3.829598427e-06,-2.846121788e-06,-2.846121788e-06,1.080334187e-05,0,3.32721e-11,2.81551e-06,0.03826311231,-0.02844654769,-0.4782427133,0.03255506138
451,4.510000,-0.4705895036,0.02882691473,3.829598427e-06,-2.838671207e-06,-2.838671207e-06,1.081079245e-05,0,3.33429e-11,2.82105e-06,0.03826311231,-0.02837489545,-0.4750132367,0.03283263954
452,4.520000,-0.4658035189,0.02896863222,3.829598427e-06,-2.838671207e-06,-2.838671207e-06,1.081824303e-05,0,3.33715e-11,2.82188e-06,0.03826311231,-0.02837489545,-0.4709353066,0.03331468747
453,4.530000,-0.460217759,0.02896841615,3.829598427e-06,-2.838671207e-06,-2.838671207e-06,1.082569361e-05,0,3.34e-11,2.82272e-06,0.03826311231,-0.02837489545,-0.4660281736,0.03312072789
454,4.540000,-0.4537827745,0.02906450629,3.829598427e-06,-2.838671207e-06,-2.838671207e-06,1.083314419e-05,0,3.34285e-11,2.82355e-06,0.03826311231,-0.02837489545,-0.4603208981,0.03325230837
455,4.550000,-0.4476254508,0.02930965275,3.829598427e-06,-2.838671207e-06,-2.838671207e-06,1.084059477e-05,0,3.34571e-11,2.82438e-06,0.03826311231,-0.02837489545,-0.4538521159,0.03338369633
456,4.560000,-0.4406526461,0.02936848998,3.829598427e-06,-2.838671207e-06,-2.838671207e-06,1.084804535e-05,0,3.34856e-11,2.82521e-06,0.03826311231,-0.02837489545,-0.4466696909,0.03335550315
457,4.570000,-0.4315840974,0.02935300767,3.829598427e-06,-2.838671207e-06,-2.838671207e-06,1.085549593e-05,0,3.35141e-11,2.82604e-06,0.03826311231,-0.02837489545,-0.4388302571,0.03314426273
458,4.580000,-0.4230046496,0.02968135476,3.829598427e-06,-2.838671207e-06,-2.838671207e-06,1.086294651e-05,0,3.35427e-11,2.82686e-06,0.03826311231,-0.02837489545,-0.4303986573,0.03358158037
459,4.590000,-0.4137782678,0.02982480079,3.829598427e-06,-2.838671207e-06,-2.838671207e-06,1.087039709e-05,0,3.35712e-11,2.82769e-06,0.03826311231,-0.02837489545,-0.4214472818,0.0333794998
460,4.600000,-0.4044669941,0.03021845967,3.829598427e-06,-2.838671207e-06,-2.838671207e-06,1.087784767e-05,0,3.35997e-11,2.82851e-06,0.03826311231,-0.02837489545,-0.4120553172,0.03282696162
461,4.610000,-0.3940838352,0.02999769896,3.829598427e-06,-2.838671207e-06,-2.838671207e-06,1.088529825e-05,0,3.36283e-11,2.82934e-06,0.03826311231,-0.02837489545,-0.4023079115,0.03271577605
462,4.620000,-0.3846170977,0.03044689447,3.829598427e-06,-2.838671207e-06,-2.838671207e-06,1.089274883e-05,0,3.36568e-11,2.83016e-06,0.03826311231,-0.02837489545,-0.3922952663,0.03275690105
463,4.630000,-0.3746594936,0.03075562418,3.829598427e-06,-2.838671207e-06,-2.838671207e-06,1.090019941e-05,0,3.36853e-11,2.83098e-06,0.03826311231,-0.02837489545,-0.3821116662,0.0327477967
464,4.640000,-0.364012219,0.03068815917,3.829598427e-06,-2.838671207e-06,-2.838671207e-06,1.090764999e-05,0,3.37139e-11,2.8318e-06,0.03826311231,-0.02837489545,-0.3718544553,0.03261197577
465,4.650000,-0.3542559594,0.03120716661,3.829598427e-06,-2.838671207e-06,-2.838671207e-06,1.091510057e-05,0,3.37424e-11,2.83262e-06,0.03826311231,-0.02837489545,-0.3616229734,0.03239058774
466,4.660000,-0.3450561911,0.03160759062,3.829598427e-06,-2.838671207e-06,-2.838671207e-06,1.092255116e-05,0,3.37709e-11,2.83344e-06,0.03826311231,-0.02837489545,-0.3515174638,0.03263106938
467,4.670000,-0.3362758756,0.03207010031,3.829598427e-06,-2.838671207e-06,-2.838671207e-06,1.093000174e-05,0,3.37995e-11,2.83425e-06,0.03826311231,-0.02837489545,-0.3416379647,0.03277227688
468,4.680000,-0.3271791562,0.0322964713,3.829598427e-06,-2.838671207e-06,-2.838671207e-06,1.093745232e-05,0,3.3828e-11,2.83507e-06,0.03826311231,-0.02837489545,-0.3320831973,0.03233269891
469,4.690000,-0.3182071447,0.03278495371,3.829598427e-06,-2.838671207e-06,-2.838671207e-06,1.09449029e-05,0,3.38565e-11,2.83588e-06,0.03826311231,-0.02837489545,-0.3229494627,0.03251957649
470,4.700000,-0.309494637,0.03242560476,3.829598427e-06,-2.838671207e-06,-2.838671207e-06,1.095235348e-05,0,3.38851e-11,2.8367e-06,0.03826311231,-0.02837489545,-0.3143295606,0.0330575548
471,4.710000,-0.30218447,0.03301554173,3.829598427e-06,-2.838671207e-06,-2.838671207e-06,1.095980406e-05,0,3.39136e-11,2.83751e-06,0.03826311231,-0.02837489545,-0.3063117417,0.03263494529
472,4.720000,-0.2955115885,0.03331568092,3.829598427e-06,-2.838671207e-06,-2.838671207e-06,1.096725464e-05,0,3.39421e-11,2.83832e-06,0.03826311231,-0.02837489545,-0.2989787067,0.03308404382
473,4.730000,-0.2907169461,0.03394915909,3.829598427e-06,-2.838671207e-06,-2.838671207e-06,1.097470522e-05,0,3.39707e-11,2.83913e-06,0.03826311231,-0.02837489545,-0.2924066621,0.03306735416
474,4.740000,-0.2853575349,0.03393091261,3.829598427e-06,-2.838671207e-06,-2.838671207e-06,1.09821558e-05,0,3.39992e-11,2.83994e-06,0.03826311231,-0.02837489545,-0.2866644442,0.03278712534
475,4.750000,-0.2818120643,0.03452971578,3.829598427e-06,-2.838671207e-06,-2.838671207e-06,1.098960638e-05,0,3.40277e-11,2.84074e-06,0.03826311231,-0.02837489545,-0.2818127221,0.03278268911
476,4.760000,-0.2776860222,0.03393315524,3.829598427e-06,-2.838671207e-06,-2.838671207e-06,1.099705696e-05,0,3.40563e-11,2.84155e-06,0.03826311231,-0.02837489545,-0.2779032871,0.03264991007
477,4.770000,-0.2750899494,0.03355743736,3.829598427e-06,-2.838671207e-06,-2.838671207e-06,1.100450754e-05,0,3.40848e-11,2.84235e-06,0.03826311231,-0.02837489545,-0.2749784391,0.03278487449
478,4.780000,-0.2734783888,0.03343251348,3.829598427e-06,-2.838671207e-06,-2.838671207e-06,1.101195812e-05,0,3.41133e-11,2.84316e-06,0.03826311231,-0.02837489545,-0.2730704743,0.03217206889
479,4.790000,-0.2738543674,0.03364303708,3.829598427e-06,-2.838671207e-06,-2.838671207e-06,1.10194087e-05,0,3.41419e-11,2.84396e-06,0.03826311231,-0.02837489545,-0.272201283,0.03224992512
480,4.800000,-0.2749425843,0.0338139981,3.829598427e-06,-2.838671207e-06,-2.838671207e-06,1.102685928e-05,0,3.41704e-11,2.84476e-06,0.03826311231,-0.02837489545,-0.2723820603,0.03180933825
481,4.810000,-0.2768697143,0.03384917974,3.829598427e-06,-2.838671207e-06,-2.838671207e-06,1.103430986e-05,0,3.41989e-11,2.84556e-06,0.03826311231,-0.02837489545,-0.2736131335,0.03209795316
482,4.820000,-0.2803265378,0.03408274055,3.829598427e-06,-2.838671207e-06,-2.838671207e-06,1.104176044e-05,0,3.42275e-11,2.84636e-06,0.03826311231,-0.02837489545,-0.2758839095,0.03209296873
483,4.830000,-0.2835728079,0.03397154063,3.829598427e-06,-2.838671207e-06,-2.838671207e-06,1.104921103e-05,0,3.4256e-11,2.84716e-06,0.03826311231,-0.02837489545,-0.2791729415,0.03162601723
484,4.840000,-0.2882225811,0.03392868489,3.829598427e-06,-2.838671207e-06,-2.838671207e-06,1.105666161e-05,0,3.42845e-11,2.84795e-06,0.03826311231,-0.02837489545,-0.2834481153,0.03136634591
485,4.850000,-0.2940995768,0.0338979736,3.829598427e-06,-2.838671207e-06,-2.838671207e-06,1.106411219e-05,0,3.43131e-11,2.84875e-06,0.03826311231,-0.02837489545,-0.2886669528,0.03148747102
486,4.860000,-0.3006692231,0.03381116688,3.829598427e-06,-2.838671207e-06,-2.838671207e-06,1.107156277e-05,0,3.43416e-11,2.84954e-06,0.03826311231,-0.02837489545,-0.2947770304,0.03212650817
487,4.870000,-0.3078609481,0.03354329616,3.829598427e-06,-2.838671207e-06,-2.838671207e-06,1.107901335e-05,0,3.43701e-11,2.85033e-06,0.03826311231,-0.02837489545,-0.3017165066,0.03221238242
488,4.880000,-0.3152114972,0.03277397901,3.829598427e-06,-2.838671207e-06,-2.838671207e-06,1.108646393e-05,0,3.43987e-11,2.85113e-06,0.03826311231,-0.02837489545,-0.3094147539,0.03213749262
489,4.890000,-0.3242692426,0.03307554871,3.829598427e-06,-2.838671207e-06,-2.838671207e-06,1.109391451e-05,0,3.44272e-11,2.85192e-06,0.03826311231,-0.02837489545,-0.3177930874,0.03236792095
490,4.900000,-0.3333653808,0.03286807239,3.829598427e-06,-2.838671207e-06,-2.838671207e-06,1.110136509e-05,0,3.44557e-11,2.85271e-06,0.03826311231,-0.02837489545,-0.3267655832,0.032196638
491,4.910000,-0.3418000787,0.03206530213,3.829598427e-06,-2.838671207e-06,-2.838671207e-06,1.110881567e-05,0,3.44842e-11,2.85349e-06,0.03826311231,-0.02837489545,-0.3362399754,0.03203878428
492,4.920000,-0.3514988348,0.03178790957,3.829598427e-06,-2.838671207e-06,-2.838671207e-06,1.111626625e-05,0,3.45128e-11,2.85428e-06,0.03826311231,-0.02837489545,-0.3461186249,0.03182983516
493,4.930000,-0.3611866385,0.03173933923,3.829598427e-06,-2.838671207e-06,-2.838671207e-06,1.112371683e-05,0,3.45413e-11,2.85507e-06,0.03826311231,-0.02837489545,-0.356299546,0.03206607964
494,4.940000,-0.3722804785,0.03201375157,3.829598427e-06,-2.838671207e-06,-2.838671207e-06,1.113116741e-05,0,3.45698e-11,2.85585e-06,0.03826311231,-0.02837489545,-0.3666774818,0.031901753
495,4.950000,-0.3826913312,0.03226095438,3.829598427e-06,-2.838671207e-06,-2.838671207e-06,1.113861799e-05,0,3.45984e-11,2.85664e-06,0.03826311231,-0.02837489545,-0.3771450152,0.03214580776
496,4.960000,-0.3929705545,0.03216946125,3.829598427e-06,-2.838671207e-06,-2.838671207e-06,1.114606857e-05,0,3.46269e-11,2.85742e-06,0.03826311231,-0.02837489545,-0.3875937032,0.03252679361
497,4.970000,-0.4028715789,0.03198608011,3.829598427e-06,-2.838671207e-06,-2.838671207e-06,1.115351915e-05,0,3.46554e-11,2.8582e-06,0.03826311231,-0.02837489545,-0.3979152234,0.03259427495
498,4.980000,-0.4123489484,0.03197214752,3.829598427e-06,-2.838671207e-06,-2.838671207e-06,1.116096973e-05,0,3.4684e-11,2.85898e-06,0.03826311231,-0.02837489545,-0.4080025169,0.0328395953
499,4.990000,-0.4224694222,0.03216850758,3.829598427e-06,-2.838671207e-06,-2.838671207e-06,1.116842031e-05,0,3.47125e-11,2.85976e-06,0.03826311231,-0.02837489545,-0.4177509182,0.03294243394
500,5.000000,-0.4315712824,0.03187418729,3.829598427e-06,-2.838671207e-06,-2.838671207e-06,1.11758709e-05,0,3.4741e-11,2.86054e-06,0.03826311231,-0.02837489545,-0.4270592576,0.03277075205
501,5.010000,-0.4397877678,0.03165065497,3.829598427e-06,-2.838671207e-06,-2.838671207e-06,1.118332148e-05,0,3.47696e-11,2.86132e-06,0.03826311231,-0.02837489545,-0.4358309239,0.03306994741
502,5.020000,-0.4482882395,0.03208244592,3.829598427e-06,-2.838671207e-06,-2.838671207e-06,1.119077206e-05,0,3.47981e-11,2.86209e-06,0.03826311231,-0.02837489545,-0.4439748767,0.0336512132
503,5.030000,-0.4545917585,0.03147334605,3.829598427e-06,-2.838671207e-06,-2.838671207e-06,1.119822264e-05,0,3.48266e-11,2.86287e-06,0.03826311231,-0.02837489545,-0.4514065958,0.0334285512
504,5.040000,-0.4612040967,0.03159539402,3.829598427e-06,-2.838671207e-06,-2.838671207e-06,1.120567322e-05,0,3.48552e-11,2.86364e-06,0.03826311231,-0.02837489545,-0.4580489579,0.03346663562
505,5.050000,-0.4668233544,0.03186109662,3.829598427e-06,-2.838671207e-06,-2.838671207e-06,1.12131238e-05,0,3.48837e-11,2.86441e-06,0.03826311231,-0.02837489545,-0.4638330312,0.03342774206
506,5.060000,-0.4715054259,0.03187728673,3.829598427e-06,-2.838671207e-06,-2.838671207e-06,1.122057438e-05,0,3.49122e-11,2.86518e-06,0.03826311231,-0.02837489545,-0.4686987782,0.0336522009
507,5.070000,-0.4742547125,0.0314097926,3.829598427e-06,-2.838671207e-06,-2.838671207e-06,1.122802496e-05,0,3.49408e-11,2.86595e-06,0.03826311231,-0.02837489545,-0.4725956597,0.03434297097
508,5.080000,-0.4773041233,0.03144519031,3.829598427e-06,-2.838671207e-06,-2.838671207e-06,1.123547554e-05,0,3.49693e-11,2.86672e-06,0.03826311231,-0.02837489545,-0.4754831329,0.03466330191
509,5.090000,-0.4782148451,0.03125450015,3.829598427e-06,-2.838671207e-06,-2.838671207e-06,1.124292612e-05,0,3.49978e-11,2.86749e-06,0.03826311231,-0.02837489545,-0.4773310393,0.03470018438
510,5.100000,-0.4790028408,0.03140272945,3.829598427e-06,-2.838671207e-06,-2.838671207e-06,1.12503767e-05,0,3.50264e-11,2.86826e-06,0.03826311231,-0.02837489545,-0.4781198767,0.03467677146
511,5.110000,-0.4782127663,0.03129208088,3.829598427e-06,-2.838671207e-06,-2.838671207e-06,1.125782728e-05,0,3.50549e-11,2.86903e-06,0.03826311231,-0.02837489545,-0.4778409532,0.03479340201
512,5.120000,-0.4759182185,0.03117017448,3.829598427e-06,-2.838671207e-06,-2.838671207e-06,1.126527786e-05,0,3.50834e-11,2.86979e-06,0.03826311231,-0.02837489545,-0.4764964223,0.03456087238
513,5.130000,-0.4719321504,0.03070758283,3.829598427e-06,-2.838671207e-06,-2.838671207e-06,1.127272844e-05,0,3.5112e-11,2.87055e-06,0.03826311231,-0.02837489545,-0.4740991977,0.0348948009
514,5.140000,-0.4676517993,0.03027910739,3.829598427e-06,-2.838671207e-06,-2.838671207e-06,1.128017902e-05,0,3.51405e-11,2.87132e-06,0.03826311231,-0.02837489545,-0.47067275,0.03459597583
515,5.150000,-0.4625806287,0.03000058234,3.829598427e-06,-2.838671207e-06,-2.838671207e-06,1.12876296e-05,0,3.5169e-11,2.87208e-06,0.03826311231,-0.02837489545,-0.4662507876,0.03416225312
516,5.160000,-0.4568537325,0.02979511768,3.829598427e-06,-2.838671207e-06,-2.838671207e-06,1.129508018e-05,0,3.51976e-11,2.87284e-06,0.03826311231,-0.02837489545,-0.4608768251,0.03460116029
517,5.170000,-0.4499247596,0.029918015,3.829598427e-06,-2.838671207e-06,-2.838671207e-06,1.130253077e-05,0,3.52261e-11,2.8736e-06,0.03826311231,-0.02837489545,-0.454603645,0.03504131702
518,5.180000,-0.4428745806,0.03052825481,3.829598427e-06,-2.838671207e-06,-2.838671207e-06,1.130998135e-05,0,3.52546e-11,2.87436e-06,0.03826311231,-0.02837489545,-0.4474926585,0.03502251348
519,5.190000,-0.4351631925,0.03108142316,3.829598427e-06,-2.838671207e-06,-2.838671207e-06,1.131743193e-05,0,3.52832e-11,2.87511e-06,0.03826311231,-0.02837489545,-0.4396131736,0.03521121164
520,5.200000,-0.4268517941,0.03131753951,3.829598427e-06,-2.838671207e-06,-2.838671207e-06,1.132488251e-05,0,3.53117e-11,2.87587e-06,0.03826311231,-0.02837489545,-0.4310415779,0.03525973199
521,5.210000,-0.4176231921,0.031919159,3.829598427e-06,-2.838671207e-06,-2.838671207e-06,1.133233309e-05,0,3.53402e-11,2.87663e-06,0.03826311231,-0.02837489545,-0.4218604465,0.0351163843
522,5.220000,-0.4078327045,0.03198964894,3.829598427e-06,-2.838671207e-06,-2.838671207e-06,1.133978367e-05,0,3.53688e-11,2.87738e-06,0.03826311231,-0.02837489545,-0.4121575847,0.03609917916
523,5.230000,-0.3982877359,0.03243233263,3.829598427e-06,-2.838671207e-06,-2.838671207e-06,1.134723425e-05,0,3.53973e-11,2.87813e-06,0.03826311231,-0.02837489545,-0.4020250167,0.03604405308
524,5.240000,-0.3883983418,0.03284148872,3.829598427e-06,-2.838671207e-06,-2.838671207e-06,1.135468483e-05,0,3.54258e-11,2.87889e-06,0.03826311231,-0.02837489545,-0.3915579324,0.03655161525
525,5.250000,-0.3770964816,0.03237666935,3.829598427e-06,-2.838671207e-06,-2.838671207e-06,1.136213541e-05,0,3.54544e-11,2.87964e-06,0.03826311231,-0.02837489545,-0.3808536029,0.03643090848
526,5.260000,-0.3666059971,0.03251837194,3.829598427e-06,-2.838671207e-06,-2.838671207e-06,1.136958599e-05,0,3.54829e-11,2.88039e-06,0.03826311231,-0.02837489545,-0.3700102794,0.03676971735
527,5.270000,-0.3568409905,0.03344869614,3.829598427e-06,-2.838671207e-06,-2.838671207e-06,1.137703657e-05,0,3.55114e-11,2.88113e-06,0.03826311231,-0.02837489545,-0.3591260858,0.03661247532
528,5.280000,-0.3461685106,0.03338547796,3.829598427e-06,-2.838671207e-06,-2.838671207e-06,1.138448715e-05,0,3.554e-11,2.88188e-06,0.03826311231,-0.02837489545,-0.3482979191,0.0368493295
529,5.290000,-0.3346611559,0.0332043618,3.829598427e-06,-2.838671207e-06,-2.838671207e-06,1.139193773e-05,0,3.55685e-11,2.88263e-06,0.03826311231,-0.02837489545,-0.3376203694,0.03670978078
530,5.300000,-0.3244556263,0.03303322941,3.829598427e-06,-2.838671207e-06,-2.838671207e-06,1.139938831e-05,0,3.5597e-11,2.88337e-06,0.03826311231,-0.02837489545,-0.3271846728,0.03739159177
531,5.310000,-0.3141741902,0.03316374868,3.829598427e-06,-2.838671207e-06,-2.838671207e-06,1.140683889e-05,0,3.56256e-11,2.88412e-06,0.03826311231,-0.02837489545,-0.3170777069,0.03694012784
532,5.320000,-0.3050234988,0.03344193846,3.829598427e-06,-2.838671207e-06,-2.838671207e-06,1.141428947e-05,0,3.56541e-11,2.88486e-06,0.03826311231,-0.02837489545,-0.3073810435,0.03716230671
533,5.330000,-0.2963991016,0.03351987153,3.829598427e-06,-2.838671207e-06,-2.838671207e-06,1.142174006e-05,0,3.56826e-11,2.88561e-06,0.03826311231,-0.02837489545,-0.2981700664,0.03668367333
534,5.340000,-0.2880443558,0.03340377659,3.829598427e-06,-2.838671207e-06,-2.838671207e-06,1.142919064e-05,0,3.57112e-11,2.88635e-06,0.03826311231,-0.02837489545,-0.2895131655,0.03668855043
535,5.350000,-0.2810593098,0.03396556526,3.829598427e-06,-2.838671207e-06,-2.838671207e-06,1.143664122e-05,0,3.57397e-11,2.88709e-06,0.03826311231,-0.02837489545,-0.2814710166,0.03643633567
536,5.360000,-0.2741134912,0.03397364914,3.829598427e-06,-2.838671207e-06,-2.838671207e-06,1.14440918e-05,0,3.57682e-11,2.88783e-06,0.03826311231,-0.02837489545,-0.274095954,0.03610932673
537,5.370000,-0.2680495307,0.03399519622,3.829598427e-06,-2.838671207e-06,-2.838671207e-06,1.145154238e-05,0,3.57968e-11,2.88856e-06,0.03826311231,-0.02837489545,-0.2674314438,0.03583820667
538,5.380000,-0.2625469044,0.0341957286,3.829598427e-06,-2.838671207e-06,-2.838671207e-06,1.145899296e-05,0,3.58253e-11,2.8893e-06,0.03826311231,-0.02837489545,-0.2615116633,0.03597607489
539,5.390000,-0.2575719878,0.03412500769,3.829598427e-06,-2.838671207e-06,-2.838671207e-06,1.146644354e-05,0,3.58538e-11,2.89004e-06,0.03826311231,-0.02837489545,-0.2563611915,0.03645023891
540,5.400000,-0.2533425465,0.03404852748,3.829598427e-06,-2.838671207e-06,-2.838671207e-06,1.147389412e-05,0,3.58824e-11,2.89077e-06,0.03826311231,-0.02837489545,-0.2519948132,0.03635708938
541,5.410000,-0.2501704171,0.03377564251,3.829598427e-06,-2.838671207e-06,-2.838671207e-06,1.14813447e-05,0,3.59109e-11,2.89151e-06,0.03826311231,-0.02837489545,-0.24841744,0.03616295518
542,5.420000,-0.2480005249,0.03370983154,3.829598427e-06,-2.838671207e-06,-2.838671207e-06,1.148879528e-05,0,3.59394e-11,2.89224e-06,0.03826311231,-0.02837489545,-0.2456241476,0.03608414875
543,5.430000,-0.246343419,0.0334674418,3.829598427e-06,-2.838671207e-06,-2.838671207e-06,1.149624586e-05,0,3.5968e-11,2.89297e-06,0.03826311231,-0.02837489545,-0.2436003301,0.03615835092
544,5.440000,-0.2460184172,0.03378049284,3.829598427e-06,-2.838671207e-06,-2.838671207e-06,1.150369644e-05,0,3.59965e-11,2.8937e-06,0.03826311231,-0.02837489545,-0.242321968,0.03615075919
545,5.450000,-0.2453971803,0.03365401179,3.829598427e-06,-2.838671207e-06,-2.838671207e-06,1.151114702e-05,0,3.6025e-11,2.89443e-06,0.03826311231,-0.02837489545,-0.2417560072,0.03630625304
546,5.460000,-0.2461935431,0.03378198296,3.829598427e-06,-2.838671207e-06,-2.838671207e-06,1.15185976e-05,0,3.60535e-11,2.89516e-06,0.03826311231,-0.02837489545,-0.2418608447,0.03686005799
547,5.470000,-0.2463543192,0.03351538628,3.829598427e-06,-2.838671207e-06,-2.838671207e-06,1.152604818e-05,0,3.60821e-11,2.89589e-06,0.03826311231,-0.02837489545,-0.2425869149,0.03683905142
548,5.480000,-0.2476260513,0.03365384787,3.829598427e-06,-2.838671207e-06,-2.838671207e-06,1.153349876e-05,0,3.61106e-11,2.89662e-06,0.03826311231,-0.02837489545,-0.2438773692,0.03679656388
549,5.490000,-0.2497842759,0.03362870961,3.829598427e-06,-2.838671207e-06,-2.838671207e-06,1.154094934e-05,0,3.61391e-11,2.89734e-06,0.03826311231,-0.02837489545,-0.2456688415,0.03657739055
550,5.500000,-0.2524524182,0.03378946334,3.829598427e-06,-2.838671207e-06,-2.838671207e-06,1.154839993e-05,0,3.61677e-11,2.89807e-06,0.03826311231,-0.02837489545,-0.2478922901,0.0360885605
551,5.510000,-0.2559116706,0.0340186283,3.829598427e-06,-2.838671207e-06,-2.838671207e-06,1.155585051e-05,0,3.61962e-11,2.89879e-06,0.03826311231,-0.02837489545,-0.2504739064,0.03633178339
552,5.520000,-0.2584248483,0.03382465988,3.829598427e-06,-2.846121788e-06,-2.846121788e-06,1.156330109e-05,0,3.61824e-11,2.8951e-06,0.03826311231,-0.02844654769,-0.2533360798,0.03643267577
553,5.530000,-0.2620780393,0.03394871205,3.829598427e-06,-2.853572369e-06,-2.853572369e-06,1.157075167e-05,0,3.61685e-11,2.89141e-06,0.03826311231,-0.02851819992,-0.2563984065,0.03664387178
554,5.540000,-0.2648813054,0.03369740397,3.829598427e-06,-2.861022949e-06,-2.861022949e-06,1.157820225e-05,0,3.61544e-11,2.88771e-06,0.03826311231,-0.02858985215,-0.2595787325,0.03731330902
555,5.550000,-0.2667765617,0.03303146362,3.829598427e-06,-2.86847353e-06,-2.86847353e-06,1.158565283e-05,0,3.61403e-11,2.88401e-06,0.03826311231,-0.02866150439,-0.2627942156,0.03747098882
556,5.560000,-0.2697123364,0.03304885328,3.829598427e-06,-2.87592411e-06,-2.87592411e-06,1.157820225e-05,0,3.60689e-11,2.87885e-06,0.03826311231,-0.02873316407,-0.2659623973,0.03770691494
557,5.570000,-0.2724798173,0.03283113241,3.829598427e-06,-2.883374691e-06,-2.883374691e-06,1.157075167e-05,0,3.59975e-11,2.87366e-06,0.03826311231,-0.02880481631,-0.2690022691,0.03745146207
558,5.580000,-0.274418436,0.0321457237,3.829598427e-06,-2.890825272e-06,-2.890825272e-06,1.156330109e-05,0,3.59259e-11,2.86847e-06,0.03826311231,-0.02887646854,-0.2718353226,0.03722790492
559,5.590000,-0.2757777572,0.03131225705,3.829598427e-06,-2.898275852e-06,-2.898275852e-06,1.155585051e-05,0,3.58543e-11,2.86326e-06,0.03826311231,-0.02894812077,-0.2743865703,0.03724380593
560,5.600000,-0.2774443999,0.03110001236,3.829598427e-06,-2.905726433e-06,-2.905726433e-06,1.154839993e-05,0,3.57825e-11,2.85803e-06,0.03826311231,-0.02901977301,-0.2765855253,0.03760446274
561,5.610000,-0.2784963548,0.03048336506,3.829598427e-06,-2.905726433e-06,-2.905726433e-06,1.154094934e-05,0,3.5754e-11,2.85728e-06,0.03826311231,-0.02901977301,-0.2783671284,0.03771775075
562,5.620000,-0.2798671871,0.03026290983,3.829598427e-06,-2.905726433e-06,-2.905726433e-06,1.153349876e-05,0,3.57254e-11,2.85653e-06,0.03826311231,-0.02901977301,-0.2796726116,0.03778054553
563,5.630000,-0.2796811759,0.0299923718,3.829598427e-06,-2.905726433e-06,-2.905726433e-06,1.152604818e-05,0,3.56969e-11,2.85578e-06,0.03826311231,-0.02901977301,-0.2804502884,0.03806096236
564,5.640000,-0.278661333,0.02956639975,3.829598427e-06,-2.905726433e-06,-2.905726433e-06,1.15185976e-05,0,3.56684e-11,2.85503e-06,0.03826311231,-0.02901977301,-0.28065626,0.03798082683
565,5.650000,-0.2779630646,0.02973935753,3.829598427e-06,-2.905726433e-06,-2.905726433e-06,1.151114702e-05,0,3.56398e-11,2.85428e-06,0.03826311231,-0.02901977301,-0.2802550318,0.03774889953
566,5.660000,-0.2757246941,0.02938538045,3.829598427e-06,-2.905726433e-06,-2.905726433e-06,1.150369644e-05,0,3.56113e-11,2.85352e-06,0.03826311231,-0.02901977301,-0.2792200292,0.03813943648
567,5.670000,-0.2746175081,0.02990565449,3.829598427e-06,-2.905726433e-06,-2.905726433e-06,1.149624586e-05,0,3.55828e-11,2.85276e-06,0.03826311231,-0.02901977301,-0.2775340101,0.03811292137
568,5.680000,-0.2721416205,0.03006252646,3.829598427e-06,-2.905726433e-06,-2.905726433e-06,1.148879528e-05,0,3.55542e-11,2.85201e-06,0.03826311231,-0.02901977301,-0.2751893668,0.03797486635
569,5.690000,-0.2688835263,0.03034618497,3.829598427e-06,-2.905726433e-06,-2.905726433e-06,1.14813447e-05,0,3.55257e-11,2.85125e-06,0.03826311231,-0.02901977301,-0.272188314,0.03832311943
570,5.700000,-0.2652537748,0.03050867468,3.829598427e-06,-2.905726433e-06,-2.905726433e-06,1.147389412e-05,0,3.54972e-11,2.85049e-06,0.03826311231,-0.02901977301,-0.268542961,0.03867252701
571,5.710000,-0.2610730901,0.0307430625,3.829598427e-06,-2.905726433e-06,-2.905726433e-06,1.146644354e-05,0,3.54686e-11,2.84973e-06,0.03826311231,-0.02901977301,-0.2642752673,0.03827600483
572,5.720000,-0.2553406805,0.0303600058,3.829598427e-06,-2.905726433e-06,-2.905726433e-06,1.145899296e-05,0,3.54401e-11,2.84897e-06,0.03826311231,-0.02901977301,-0.2594168798,0.03892559834
573,5.730000,-0.2500515804,0.03069852293,3.829598427e-06,-2.905726433e-06,-2.905726433e-06,1.145154238e-05,0,3.54116e-11,2.84821e-06,0.03826311231,-0.02901977301,-0.2540088561,0.03964888794
574,5.740000,-0.2440144345,0.03072451055,3.829598427e-06,-2.905726433e-06,-2.905726433e-06,1.14440918e-05,0,3.5383e-11,2.84744e-06,0.03826311231,-0.02901977301,-0.2481012743,0.03972978167
575,5.750000,-0.2367759347,0.03017588705,3.829598427e-06,-2.905726433e-06,-2.905726433e-06,1.143664122e-05,0,3.53545e-11,2.84668e-06,0.03826311231,-0.02901977301,-0.2417527357,0.03936737178
576,5.760000,-0.2298572212,0.03006006777,3.829598427e-06,-2.905726433e-06,-2.905726433e-06,1.142919064e-05,0,3.5326e-11,2.84591e-06,0.03826311231,-0.02901977301,-0.2350297633,0.0395238192
577,5.770000,-0.2229070514,0.03003170341,3.829598427e-06,-2.905726433e-06,-2.905726433e-06,1.142174006e-05,0,3.52974e-11,2.84515e-06,0.03826311231,-0.02901977301,-0.2280061054,0.03973516749
578,5.780000,-0.2157975584,0.02980481833,3.829598427e-06,-2.905726433e-06,-2.905726433e-06,1.141428947e-05,0,3.52689e-11,2.84438e-06,0.03826311231,-0.02901977301,-0.2207619501,0.03953441021
579,5.790000,-0.2086482793,0.02990592271,3.829598427e-06,-2.905726433e-06,-2.905726433e-06,1.140683889e-05,0,3.52404e-11,2.84361e-06,0.03826311231,-0.02901977301,-0.2133830606,0.03990908869
580,5.800000,-0.2013100088,0.03003005683,3.829598427e-06,-2.905726433e-06,-2.905726433e-06,1.139938831e-05,0,3.52118e-11,2.84284e-06,0.03826311231,-0.02901977301,-0.2059598405,0.039941956
581,5.810000,-0.1944672465,0.03019914776,3.829598427e-06,-2.905726433e-06,-2.905726433e-06,1.139193773e-05,0,3.51833e-11,2.84207e-06,0.03826311231,-0.02901977301,-0.1985863395,0.04048389125
582,5.820000,-0.1874083951,0.03031997383,3.829598427e-06,-2.905726433e-06,-2.905726433e-06,1.138448715e-05,0,3.51548e-11,2.8413e-06,0.03826311231,-0.02901977301,-0.1913592112,0.04042329664
583,5.830000,-0.1816992685,0.03086312115,3.829598427e-06,-2.905726433e-06,-2.905726433e-06,1.137703657e-05,0,3.51262e-11,2.84052e-06,0.03826311231,-0.02901977301,-0.184376634,0.040554494
584,5.840000,-0.1757978871,0.03130991757,3.829598427e-06,-2.905726433e-06,-2.905726433e-06,1.136958599e-05,0,3.50977e-11,2.83975e-06,0.03826311231,-0.02901977301,-0.1777372088,0.04087099498
585,5.850000,-0.170242317,0.03158060461,3.829598427e-06,-2.905726433e-06,-2.905726433e-06,1.136213541e-05,0,3.50692e-11,2.83897e-06,0.03826311231,-0.02901977301,-0.1715388436,0.0408863905
586,5.860000,-0.1652115807,0.03180044889,3.829598427e-06,-2.905726433e-06,-2.905726433e-06,1.135468483e-05,0,3.50406e-11,2.8382e-06,0.03826311231,-0.02901977301,-0.1658776402,0.04103120468
587,5.870000,-0.1607786492,0.0321719721,3.829598427e-06,-2.905726433e-06,-2.905726433e-06,1.134723425e-05,0,3.50121e-11,2.83742e-06,0.03826311231,-0.02901977301,-0.1608467937,0.0406363935
588,5.880000,-0.1564344019,0.03227415681,3.829598427e-06,-2.905726433e-06,-2.905726433e-06,1.133978367e-05,0,3.49836e-11,2.83664e-06,0.03826311231,-0.02901977301,-0.1565355187,0.04113568421
589,5.890000,-0.1539560556,0.03226928413,3.829598427e-06,-2.905726433e-06,-2.905726433e-06,1.133233309e-05,0,3.4955e-11,2.83586e-06,0.03826311231,-0.02901977301,-0.153028013,0.04078681522
590,5.900000,-0.1515027285,0.03196157515,3.829598427e-06,-2.905726433e-06,-2.905726433e-06,1.132488251e-05,0,3.49265e-11,2.83508e-06,0.03826311231,-0.02901977301,-0.1504024726,0.0408352813
591,5.910000,-0.1492117494,0.03127862513,3.829598427e-06,-2.905726433e-06,-2.905726433e-06,1.131743193e-05,0,3.4898e-11,2.8343e-06,0.03826311231,-0.02901977301,-0.1487301669,0.04075163641
592,5.920000,-0.1488184258,0.0312711224,3.829598427e-06,-2.905726433e-06,-2.905726433e-06,1.130998135e-05,0,3.48694e-11,2.83352e-06,0.03826311231,-0.02901977301,-0.1480745867,0.04082931416
593,5.930000,-0.1502715126,0.03169047832,3.829598427e-06,-2.905726433e-06,-2.905726433e-06,1.130253077e-05,0,3.48409e-11,2.83273e-06,0.03826311231,-0.02901977301,-0.1484906736,0.04099281947
594,5.940000,-0.152706489,0.03170755506,3.829598427e-06,-2.905726433e-06,-2.905726433e-06,1.129508018e-05,0,3.48124e-11,2.83195e-06,0.03826311231,-0.02901977301,-0.1500241403,0.04053007248
595,5.950000,-0.1560757533,0.03185821325,3.829598427e-06,-2.905726433e-06,-2.905726433e-06,1.12876296e-05,0,3.47838e-11,2.83116e-06,0.03826311231,-0.02901977301,-0.1527108888,0.04039938824
596,5.960000,-0.160166271,0.03184192628,3.829598427e-06,-2.905726433e-06,-2.905726433e-06,1.128017902e-05,0,3.47553e-11,2.83037e-06,0.03826311231,-0.02901977301,-0.1565765349,0.04082014662
597,5.970000,-0.1657136753,0.03185711056,3.829598427e-06,-2.905726433e-06,-2.905726433e-06,1.127272844e-05,0,3.47268e-11,2.82959e-06,0.03826311231,-0.02901977301,-0.1616360418,0.04061603331
598,5.980000,-0.1721569598,0.03129424155,3.829598427e-06,-2.905726433e-06,-2.905726433e-06,1.126527786e-05,0,3.46982e-11,2.8288e-06,0.03826311231,-0.02901977301,-0.1678934708,0.04092003495
599,5.990000,-0.180212304,0.03124772757,3.829598427e-06,-2.905726433e-06,-2.905726433e-06,1.125782728e-05,0,3.46697e-11,2.82801e-06,0.03826311231,-0.02901977301,-0.1753418483,0.04088156761
600,6.000000,-0.1892601252,0.03125508875,3.829598427e-06,-2.905726433e-06,-2.905726433e-06,1.12503767e-05,0,3.46412e-11,2.82721e-06,0.03826311231,-0.02901977301,-0.1839631538,0.04095820542
601,6.010000,-0.1985419914,0.03080676496,3.829598427e-06,-2.905726433e-06,-2.905726433e-06,1.124292612e-05,0,3.46126e-11,2.82642e-06,0.03826311231,-0.02901977301,-0.1937284274,0.04121772452
602,6.020000,-0.2093090862,0.03034232557,3.829598427e-06,-2.905726433e-06,-2.905726433e-06,1.123547554e-05,0,3.45841e-11,2.82563e-06,0.03826311231,-0.02901977301,-0.2045979968,0.04120936008
603,6.030000,-0.2220044285,0.03062005341,3.829598427e-06,-2.905726433e-06,-2.905726433e-06,1.122802496e-05,0,3.45556e-11,2.82483e-06,0.03826311231,-0.02901977301,-0.2165218206,0.04137081096
604,6.040000,-0.2355239689,0.03041964024,3.829598427e-06,-2.905726433e-06,-2.905726433e-06,1.122057438e-05,0,3.4527e-11,2.82404e-06,0.03826311231,-0.02901977301,-0.2294399452,0.0410409906
605,6.050000,-0.2496024892,0.03022755682,3.829598427e-06,-2.905726433e-06,-2.905726433e-06,1.12131238e-05,0,3.44985e-11,2.82324e-06,0.03826311231,-0.02901977301,-0.2432830695,0.04120139514
606,6.060000,-0.264933832,0.03026317805,3.829598427e-06,-2.905726433e-06,-2.905726433e-06,1.120567322e-05,0,3.447e-11,2.82244e-06,0.03826311231,-0.02901977301,-0.2579732113,0.0417074994
607,6.070000,-0.2805354223,0.02983897179,3.829598427e-06,-2.905726433e-06,-2.905726433e-06,1.119822264e-05,0,3.44414e-11,2.82164e-06,0.03826311231,-0.02901977301,-0.2734244693,0.04194540593
608,6.080000,-0.296177797,0.02923306823,3.829598427e-06,-2.905726433e-06,-2.905726433e-06,1.119077206e-05,0,3.44129e-11,2.82084e-06,0.03826311231,-0.02901977301,-0.2895438698,0.04190661475
609,6.090000,-0.3131244704,0.02946332842,3.829598427e-06,-2.905726433e-06,-2.905726433e-06,1.118332148e-05,0,3.43844e-11,2.82004e-06,0.03826311231,-0.02901977301,-0.3062322917,0.04179784394
610,6.100000,-0.3302022889,0.02930606902,3.829598427e-06,-2.905726433e-06,-2.905726433e-06,1.11758709e-05,0,3.43559e-11,2.81923e-06,0.03826311231,-0.02901977301,-0.3233854576,0.04199179679
611,6.110000,-0.3472155929,0.02902280539,3.829598427e-06,-2.905726433e-06,-2.905726433e-06,1.116842031e-05,0,3.43273e-11,2.81843e-06,0.03826311231,-0.02901977301,-0.3408949799,0.04226553875
612,6.120000,-0.3638226166,0.02842965722,3.829598427e-06,-2.905726433e-06,-2.905726433e-06,1.116096973e-05,0,3.42988e-11,2.81762e-06,0.03826311231,-0.02901977301,-0.3586494522,0.04209726696
613,6.130000,-0.3816789612,0.02861359715,3.829598427e-06,-2.905726433e-06,-2.905726433e-06,1.115351915e-05,0,3.42703e-11,2.81682e-06,0.03826311231,-0.02901977301,-0.3765355714,0.04200125474
614,6.140000,-0.3994992673,0.0283145383,3.829598427e-06,-2.905726433e-06,-2.905726433e-06,1.114606857e-05,0,3.42417e-11,2.81601e-06,0.03826311231,-0.02901977301,-0.3944392804,0.04185748641
615,6.150000,-0.4168628603,0.02819658816,3.829598427e-06,-2.905726433e-06,-2.905726433e-06,1.113861799e-05,0,3.42132e-11,2.8152e-06,0.03826311231,-0.02901977301,-0.4122469165,0.04173286992
616,6.160000,-0.4346278086,0.02823428065,3.829598427e-06,-2.905726433e-06,-2.905726433e-06,1.113116741e-05,0,3.41847e-11,2.81439e-06,0.03826311231,-0.02901977301,-0.4298463547,0.0412382562
617,6.170000,-0.4507789463,0.02811586112,3.829598427e-06,-2.905726433e-06,-2.905726433e-06,1.112371683e-05,0,3.41561e-11,2.81358e-06,0.03826311231,-0.02901977301,-0.4471281319,0.04092971844
618,6.180000,-0.4674772248,0.02807358652,3.829598427e-06,-2.905726433e-06,-2.905726433e-06,1.111626625e-05,0,3.41276e-11,2.81277e-06,0.03826311231,-0.02901977301,-0.4639865401,0.04113309339
619,6.190000,-0.483613722,0.02794444561,3.829598427e-06,-2.905726433e-06,-2.905726433e-06,1.110881567e-05,0,3.40991e-11,2.81195e-06,0.03826311231,-0.02901977301,-0.4803206766,0.04157617909
620,6.200000,-0.499193795,0.02765322477,3.829598427e-06,-2.905726433e-06,-2.905726433e-06,1.110136509e-05,0,3.40705e-11,2.81114e-06,0.03826311231,-0.02901977301,-0.496035439,0.0416507509
621,6.210000,-0.5139538944,0.02789662033,3.829598427e-06,-2.905726433e-06,-2.905726433e-06,1.109391451e-05,0,3.4042e-11,2.81032e-06,0.03826311231,-0.02901977301,-0.5110424545,0.04158787637
622,6.220000,-0.5278207362,0.02799902111,3.829598427e-06,-2.905726433e-06,-2.905726433e-06,1.108646393e-05,0,3.40135e-11,2.80951e-06,0.03826311231,-0.02901977301,-0.5252609335,0.04197175972
623,6.230000,-0.5400180891,0.02801258862,3.829598427e-06,-2.905726433e-06,-2.905726433e-06,1.107901335e-05,0,3.39849e-11,2.80869e-06,0.03826311231,-0.02901977301,-0.538618437,0.04205068325
624,6.240000,-0.5510305464,0.02743017673,3.829598427e-06,-2.905726433e-06,-2.905726433e-06,1.107156277e-05,0,3.39564e-11,2.80787e-06,0.03826311231,-0.02901977301,-0.5510515512,0.04191515238
625,6.250000,-0.5617583171,0.02747372538,3.829598427e-06,-2.905726433e-06,-2.905726433e-06,1.106411219e-05,0,3.39279e-11,2.80705e-06,0.03826311231,-0.02901977301,-0.5625064596,0.0421254351
626,6.260000,-0.5725175962,0.02798178792,3.829598427e-06,-2.905726433e-06,-2.905726433e-06,1.105666161e-05,0,3.38993e-11,2.80623e-06,0.03826311231,-0.02901977301,-0.5729394092,0.04179853461
627,6.270000,-0.5813568383,0.02825625986,3.829598427e-06,-2.905726433e-06,-2.905726433e-06,1.104921103e-05,0,3.38708e-11,2.80541e-06,0.03826311231,-0.02901977301,-0.5823170628,0.04165962475
628,6.280000,-0.5888502449,0.02795571089,3.829598427e-06,-2.905726433e-06,-2.905726433e-06,1.104176044e-05,0,3.38423e-11,2.80458e-06,0.03826311231,-0.02901977301,-0.5906167368,0.04158339796
629,6.290000,-0.5956381485,0.02786421031,3.829598427e-06,-2.905726433e-06,-2.905726433e-06,1.103430986e-05,0,3.38137e-11,2.80376e-06,0.03826311231,-0.02901977301,-0.5978265192,0.04118792104
630,6.300000,-0.6017348543,0.02828329802,3.829598427e-06,-2.905726433e-06,-2.905726433e-06,1.102685928e-05,0,3.37852e-11,2.80293e-06,0.03826311231,-0.02901977301,-0.6039452689,0.04060570776
631,6.310000,-0.6063228697,0.02846111357,3.829598427e-06,-2.905726433e-06,-2.905726433e-06,1.10194087e-05,0,3.37567e-11,2.8021e-06,0.03826311231,-0.02901977301,-0.6089824957,0.04102431439
632,6.320000,-0.6086449474,0.02847277373,3.829598427e-06,-2.905726433e-06,-2.905726433e-06,1.101195812e-05,0,3.37281e-11,2.80127e-06,0.03826311231,-0.02901977301,-0.6129581228,0.0411034522
633,6.330000,-0.6109978855,0.02843313664,3.829598427e-06,-2.905726433e-06,-2.905726433e-06,1.100450754e-05,0,3.36996e-11,2.80044e-06,0.03826311231,-0.02901977301,-0.6159021344,0.04124401073
634,6.340000,-0.6133065596,0.02905642241,3.829598427e-06,-2.905726433e-06,-2.905726433e-06,1.099705696e-05,0,3.36711e-11,2.79961e-06,0.03826311231,-0.02901977301,-0.6178541139,0.0414272583
635,6.350000,-0.614351593,0.02951355278,3.829598427e-06,-2.905726433e-06,-2.905726433e-06,1.098960638e-05,0,3.36425e-11,2.79878e-06,0.03826311231,-0.02901977301,-0.6188626761,0.04131349669
636,6.360000,-0.6140205115,0.02960366011,3.829598427e-06,-2.905726433e-06,-2.905726433e-06,1.09821558e-05,0,3.3614e-11,2.79795e-06,0.03826311231,-0.02901977301,-0.6189848029,0.04057422601
637,6.370000,-0.6126428097,0.02953509241,3.829598427e-06,-2.905726433e-06,-2.905726433e-06,1.097470522e-05,0,3.35855e-11,2.79711e-06,0.03826311231,-0.02901977301,-0.6182850877,0.04031471541
638,6.380000,-0.6103621572,0.02961040288,3.829598427e-06,-2.905726433e-06,-2.905726433e-06,1.096725464e-05,0,3.35569e-11,2.79628e-06,0.03826311231,-0.02901977301,-0.6168348987,0.04055796975
639,6.390000,-0.608202748,0.03006014228,3.829598427e-06,-2.905726433e-06,-2.905726433e-06,1.095980406e-05,0,3.35284e-11,2.79544e-06,0.03826311231,-0.02901977301,-0.614711471,0.04010734883
640,6.400000,-0.6047553942,0.03018650413,3.829598427e-06,-2.905726433e-06,-2.905726433e-06,1.095235348e-05,0,3.34999e-11,2.7946e-06,0.03826311231,-0.02901977301,-0.6119969369,0.04030087303
641,6.410000,-0.6020669639,0.03087402135,3.829598427e-06,-2.905726433e-06,-2.905726433e-06,1.09449029e-05,0,3.34713e-11,2.79376e-06,0.03826311231,-0.02901977301,-0.608777307,0.04011788031
642,6.420000,-0.5982640684,0.03116314113,3.829598427e-06,-2.905726433e-06,-2.905726433e-06,1.093745232e-05,0,3.34428e-11,2.79292e-06,0.03826311231,-0.02901977301,-0.6051414129,0.03994990875
643,6.430000,-0.5951391831,0.0317447409,3.829598427e-06,-2.905726433e-06,-2.905726433e-06,1.093000174e-05,0,3.34143e-11,2.79208e-06,0.03826311231,-0.02901977301,-0.6011798239,0.04003650032
644,6.440000,-0.5906256884,0.03201003373,3.829598427e-06,-2.905726433e-06,-2.905726433e-06,1.092255116e-05,0,3.33857e-11,2.79124e-06,0.03826311231,-0.02901977301,-0.5969837506,0.0399162404
645,6.450000,-0.5855019838,0.0316060856,3.829598427e-06,-2.905726433e-06,-2.905726433e-06,1.091510057e-05,0,3.33572e-11,2.79039e-06,0.03826311231,-0.02901977301,-0.5926439471,0.03972237149
646,6.460000,-0.5814862624,0.0320802331,3.829598427e-06,-2.905726433e-06,-2.905726433e-06,1.090764999e-05,0,3.33287e-11,2.78955e-06,0.03826311231,-0.02901977301,-0.5882496259,0.03974809166
647,6.470000,-0.5771271288,0.03277599066,3.829598427e-06,-2.905726433e-06,-2.905726433e-06,1.090019941e-05,0,3.33001e-11,2.7887e-06,0.03826311231,-0.02901977301,-0.5838873962,0.0390338383
648,6.480000,-0.573502779,0.03289879113,3.829598427e-06,-2.905726433e-06,-2.905726433e-06,1.089274883e-05,0,3.32716e-11,2.78785e-06,0.03826311231,-0.02901977301,-0.5796402388,0.03915384778
649,6.490000,-0.5700052306,0.03352010995,3.829598427e-06,-2.905726433e-06,-2.905726433e-06,1.088529825e-05,0,3.32431e-11,2.787e-06,0.03826311231,-0.02901977301,-0.5755865294,0.03932845973
650,6.500000,-0.5674598962,0.03433738649,3.829598427e-06,-2.905726433e-06,-2.905726433e-06,1.087784767e-05,0,3.32145e-11,2.78615e-06,0.03826311231,-0.02901977301,-0.5717991208,0.03938580006
651,6.510000,-0.5640540272,0.03423140943,3.829598427e-06,-2.905726433e-06,-2.905726433e-06,1.087039709e-05,0,3.3186e-11,2.7853e-06,0.03826311231,-0.02901977301,-0.5683444952,0.03965503081
652,6.520000,-0.5610144734,0.03435019404,3.829598427e-06,-2.905726433e-06,-2.905726433e-06,1.086294651e-05,0,3.31575e-11,2.78445e-06,0.03826311231,-0.02901977301,-0.5652819952,0.03993003139
653,6.530000,-0.5590761527,0.03467635065,3.829598427e-06,-2.905726433e-06,-2.905726433e-06,1.085549593e-05,0,3.31289e-11,2.78359e-06,0.03826311231,-0.02901977301,-0.562663144,0.03968235883
654,6.540000,-0.5576111376,0.03508017212,3.829598427e-06,-2.905726433e-06,-2.905726433e-06,1.084804535e-05,0,3.31004e-11,2.78274e-06,0.03826311231,-0.02901977301,-0.56053106,0.0397928394
655,6.550000,-0.5572541356,0.03552013636,3.829598427e-06,-2.905726433e-06,-2.905726433e-06,1.084059477e-05,0,3.30719e-11,2.78188e-06,0.03826311231,-0.02901977301,-0.5589199755,0.03952433433
656,6.560000,-0.556700848,0.03579002619,3.829598427e-06,-2.905726433e-06,-2.905726433e-06,1.083314419e-05,0,3.30433e-11,2.78102e-06,0.03826311231,-0.02901977301,-0.5578548613,0.03908706107
657,6.570000,-0.5566361845,0.03591436893,3.829598427e-06,-2.905726433e-06,-2.905726433e-06,1.082569361e-05,0,3.30148e-11,2.78017e-06,0.03826311231,-0.02901977301,-0.557351165,0.03950827314
658,6.580000,-0.5573975816,0.03587574512,3.829598427e-06,-2.905726433e-06,-2.905726433e-06,1.081824303e-05,0,3.29863e-11,2.7793e-06,0.03826311231,-0.02901977301,-0.5574146634,0.04048228158
659,6.590000,-0.5577571765,0.03575944155,3.829598427e-06,-2.905726433e-06,-2.905726433e-06,1.081079245e-05,0,3.29577e-11,2.77844e-06,0.03826311231,-0.02901977301,-0.558041431,0.0399937025
660,6.600000,-0.5603420585,0.03627342731,3.829598427e-06,-2.905726433e-06,-2.905726433e-06,1.080334187e-05,0,3.29292e-11,2.77758e-06,0.03826311231,-0.02901977301,-0.5592179257,0.03966378974
661,6.610000,-0.5628016591,0.03661548346,3.829598427e-06,-2.898275852e-06,-2.898275852e-06,1.079589128e-05,0,3.29439e-11,2.78149e-06,0.03826311231,-0.02894812077,-0.5609211899,0.03912486001
662,6.620000,-0.564168036,0.03643021733,3.829598427e-06,-2.890825272e-06,-2.890825272e-06,1.07884407e-05,0,3.29585e-11,2.78539e-06,0.03826311231,-0.02887646854,-0.5631191642,0.0393376419
663,6.630000,-0.5665360242,0.03619561344,3.829598427e-06,-2.883374691e-06,-2.883374691e-06,1.078099012e-05,0,3.2973e-11,2.78929e-06,0.03826311231,-0.02880481631,-0.565771111,0.03892634586
664,6.640000,-0.5692465454,0.03555228561,3.829598427e-06,-2.87592411e-06,-2.87592411e-06,1.077353954e-05,0,3.29874e-11,2.79319e-06,0.03826311231,-0.02873316407,-0.5688281415,0.03856098257
665,6.650000,-0.5728757232,0.03534221649,3.829598427e-06,-2.86847353e-06,-2.86847353e-06,1.078099012e-05,0,3.30587e-11,2.79879e-06,0.03826311231,-0.02866150439,-0.5722338415,0.03849590893
666,6.660000,-0.5774378851,0.03572502732,3.829598427e-06,-2.861022949e-06,-2.861022949e-06,1.07884407e-05,0,3.31299e-11,2.80437e-06,0.03826311231,-0.02858985215,-0.5759249871,0.03874019234
667,6.670000,-0.5811843425,0.03577078134,3.829598427e-06,-2.853572369e-06,-2.853572369e-06,1.079589128e-05,0,3.32011e-11,2.80995e-06,0.03826311231,-0.02851819992,-0.5798323432,0.03939803889
668,6.680000,-0.5855333731,0.03583627194,3.829598427e-06,-2.846121788e-06,-2.846121788e-06,1.080334187e-05,0,3.32721e-11,2.81551e-06,0.03826311231,-0.02844654769,-0.5838815345,0.03972339429
669,6.690000,-0.5896619931,0.03571282327,3.829598427e-06,-2.838671207e-06,-2.838671207e-06,1.081079245e-05,0,3.33429e-11,2.82105e-06,0.03826311231,-0.02837489545,-0.5879939793,0.04000606527
670,6.700000,-0.5935705453,0.03538475186,3.829598427e-06,-2.838671207e-06,-2.838671207e-06,1.081824303e-05,0,3.33715e-11,2.82188e-06,0.03826311231,-0.02837489545,-0.592087875,0.04009787819
671,6.710000,-0.597126238,0.03514564037,3.829598427e-06,-2.838671207e-06,-2.838671207e-06,1.082569361e-05,0,3.34e-11,2.82272e-06,0.03826311231,-0.02837489545,-0.5960792237,0.04015393727
672,6.720000,-0.6006838754,0.03484205902,3.829598427e-06,-2.838671207e-06,-2.838671207e-06,1.083314419e-05,0,3.34285e-11,2.82355e-06,0.03826311231,-0.02837489545,-0.5998828865,0.04060032191
673,6.730000,-0.6041475758,0.03511729091,3.829598427e-06,-2.838671207e-06,-2.838671207e-06,1.084059477e-05,0,3.34571e-11,2.82438e-06,0.03826311231,-0.02837489545,-0.603413653,0.04102376974
674,6.740000,-0.6072322652,0.03492759913,3.829598427e-06,-2.838671207e-06,-2.838671207e-06,1.084804535e-05,0,3.34856e-11,2.82521e-06,0.03826311231,-0.02837489545,-0.606587315,0.04105084053
675,6.750000,-0.6089904085,0.0347397998,3.829598427e-06,-2.838671207e-06,-2.838671207e-06,1.085549593e-05,0,3.35141e-11,2.82604e-06,0.03826311231,-0.02837489545,-0.6093217306,0.04100308698
676,6.760000,-0.6108865216,0.03476569802,3.829598427e-06,-2.838671207e-06,-2.838671207e-06,1.086294651e-05,0,3.35427e-11,2.82686e-06,0.03826311231,-0.02837489545,-0.6115378667,0.04001143652
677,6.770000,-0.6117495894,0.03453478217,3.829598427e-06,-2.838671207e-06,-2.838671207e-06,1.087039709e-05,0,3.35712e-11,2.82769e-06,0.03826311231,-0.02837489545,-0.6131608081,0.03991873027
678,6.780000,-0.6121137217,0.03446274251,3.829598427e-06,-2.838671207e-06,-2.838671207e-06,1.087784767e-05,0,3.35997e-11,2.82851e-06,0.03826311231,-0.02837489545,-0.6141207207,0.04025071928
679,6.790000,-0.612302281,0.03478878736,3.829598427e-06,-2.838671207e-06,-2.838671207e-06,1.088529825e-05,0,3.36283e-11,2.82934e-06,0.03826311231,-0.02837489545,-0.6143537579,0.04116224515
680,6.800000,-0.6114770398,0.03495016694,3.829598427e-06,-2.838671207e-06,-2.838671207e-06,1.089274883e-05,0,3.36568e-11,2.83016e-06,0.03826311231,-0.02837489545,-0.6138028995,0.04063488311
681,6.810000,-0.6097026542,0.03512088954,3.829598427e-06,-2.838671207e-06,-2.838671207e-06,1.090019941e-05,0,3.36853e-11,2.83098e-06,0.03826311231,-0.02837489545,-0.612418713,0.04010559012
682,6.820000,-0.606771186,0.03538185358,3.829598427e-06,-2.838671207e-06,-2.838671207e-06,1.090764999e-05,0,3.37139e-11,2.8318e-06,0.03826311231,-0.02837489545,-0.6101600284,0.04020865035
683,6.830000,-0.6028267294,0.03539776802,3.829598427e-06,-2.838671207e-06,-2.838671207e-06,1.091510057e-05,0,3.37424e-11,2.83262e-06,0.03826311231,-0.02837489545,-0.6069945192,0.04069970812
684,6.840000,-0.5984828621,0.03562370688,3.829598427e-06,-2.838671207e-06,-2.838671207e-06,1.092255116e-05,0,3.37709e-11,2.83344e-06,0.03826311231,-0.02837489545,-0.6028991807,0.0405204122
685,6.850000,-0.5933140665,0.03563616425,3.829598427e-06,-2.838671207e-06,-2.838671207e-06,1.093000174e-05,0,3.37995e-11,2.83425e-06,0.03826311231,-0.02837489545,-0.5978607027,0.0407866466
686,6.860000,-0.5868811011,0.03591517359,3.829598427e-06,-2.838671207e-06,-2.838671207e-06,1.093745232e-05,0,3.3828e-11,2.83507e-06,0.03826311231,-0.02837489545,-0.591875729,0.04054415699
687,6.870000,-0.5796824247,0.03560074419,3.829598427e-06,-2.838671207e-06,-2.838671207e-06,1.09449029e-05,0,3.38565e-11,2.83588e-06,0.03826311231,-0.02837489545,-0.5849510029,0.04072773118
688,6.880000,-0.5722391829,0.03625153005,3.829598427e-06,-2.838671207e-06,-2.838671207e-06,1.095235348e-05,0,3.38851e-11,2.8367e-06,0.03826311231,-0.02837489545,-0.5771033949,0.04054259617
689,6.890000,-0.5634800345,0.03642378002,3.829598427e-06,-2.838671207e-06,-2.838671207e-06,1.095980406e-05,0,3.39136e-11,2.83751e-06,0.03826311231,-0.02837489545,-0.5683598141,0.04038374925
690,6.900000,-0.5532273948,0.03672472388,3.829598427e-06,-2.838671207e-06,-2.838671207e-06,1.096725464e-05,0,3.39421e-11,2.83832e-06,0.03826311231,-0.02837489545,-0.5587570009,0.04008847722
691,6.910000,-0.542588532,0.03711757064,3.829598427e-06,-2.838671207e-06,-2.838671207e-06,1.097470522e-05,0,3.39707e-11,2.83913e-06,0.03826311231,-0.02837489545,-0.5483412067,0.04010289382
692,6.920000,-0.5315381885,0.03749914467,3.829598427e-06,-2.838671207e-06,-2.838671207e-06,1.09821558e-05,0,3.39992e-11,2.83994e-06,0.03826311231,-0.02837489545,-0.5371677609,0.04038666523
693,6.930000,-0.5190305635,0.03720408678,3.829598427e-06,-2.838671207e-06,-2.838671207e-06,1.098960638e-05,0,3.40277e-11,2.84074e-06,0.03826311231,-0.02837489545,-0.525300532,0.04049636667
694,6.940000,-0.5065860674,0.03769572824,3.829598427e-06,-2.838671207e-06,-2.838671207e-06,1.099705696e-05,0,3.40563e-11,2.84155e-06,0.03826311231,-0.02837489545,-0.5128112873,0.03989360589
695,6.950000,-0.4929343984,0.0372614041,3.829598427e-06,-2.838671207e-06,-2.838671207e-06,1.100450754e-05,0,3.40848e-11,2.84235e-06,0.03826311231,-0.02837489545,-0.4997789593,0.03977808353
696,6.960000,-0.4797623381,0.03758792579,3.829598427e-06,-2.838671207e-06,-2.838671207e-06,1.101195812e-05,0,3.41133e-11,2.84316e-06,0.03826311231,-0.02837489545,-0.4862888259,0.04031182958
697,6.970000,-0.4666863754,0.03803698719,3.829598427e-06,-2.838671207e-06,-2.838671207e-06,1.10194087e-05,0,3.41419e-11,2.84396e-06,0.03826311231,-0.02837489545,-0.4724316145,0.03995363323
698,6.980000,-0.4527798295,0.03829230368,3.829598427e-06,-2.838671207e-06,-2.838671207e-06,1.102685928e-05,0,3.41704e-11,2.84476e-06,0.03826311231,-0.02837489545,-0.4583025398,0.04026214269
699,6.990000,-0.4386196211,0.03808354586,3.829598427e-06,-2.838671207e-06,-2.838671207e-06,1.103430986e-05,0,3.41989e-11,2.84556e-06,0.03826311231,-0.02837489545,-0.4440002849,0.04018632208
700,7.000000,-0.4248539805,0.03811439872,3.829598427e-06,-2.838671207e-06,-2.838671207e-06,1.104176044e-05,0,3.42275e-11,2.84636e-06,0.03826311231,-0.02837489545,-0.4296259392,0.03994590038
701,7.010000,-0.4106370285,0.03804342449,3.829598427e-06,-2.838671207e-06,-2.838671207e-06,1.104921103e-05,0,3.4256e-11,2.84716e-06,0.03826311231,-0.02837489545,-0.4152819034,0.03976447265
702,7.020000,-0.3962112814,0.03790355474,3.829598427e-06,-2.838671207e-06,-2.838671207e-06,1.105666161e-05,0,3.42845e-11,2.84795e-06,0.03826311231,-0.02837489545,-0.4010707746,0.03946676487
703,7.030000,-0.3819111511,0.03774504364,3.829598427e-06,-2.838671207e-06,-2.838671207e-06,1.106411219e-05,0,3.43131e-11,2.84875e-06,0.03826311231,-0.02837489545,-0.3870942238,0.03928350374
704,7.040000,-0.3686911166,0.03798398376,3.829598427e-06,-2.838671207e-06,-2.838671207e-06,1.107156277e-05,0,3.43416e-11,2.84954e-06,0.03826311231,-0.02837489545,-0.373451879,0.03996737112
705,7.050000,-0.3557042852,0.03818140179,3.829598427e-06,-2.838671207e-06,-2.838671207e-06,1.107901335e-05,0,3.43701e-11,2.85033e-06,0.03826311231,-0.02837489545,-0.3602402259,0.03991854362
706,7.060000,-0.3426989838,0.03782123327,3.829598427e-06,-2.838671207e-06,-2.838671207e-06,1.108646393e-05,0,3.43987e-11,2.85113e-06,0.03826311231,-0.02837489545,-0.3475515391,0.03996303458
707,7.070000,-0.3313783854,0.03812094778,3.829598427e-06,-2.838671207e-06,-2.838671207e-06,1.109391451e-05,0,3.44272e-11,2.85192e-06,0.03826311231,-0.02837489545,-0.3354728555,0.0401858689
708,7.080000,-0.3198304698,0.03780569881,3.829598427e-06,-2.838671207e-06,-2.838671207e-06,1.110136509e-05,0,3.44557e-11,2.85271e-06,0.03826311231,-0.02837489545,-0.3240850021,0.03988245101
709,7.090000,-0.3106350526,0.03812739998,3.829598427e-06,-2.838671207e-06,-2.838671207e-06,1.110881567e-05,0,3.44842e-11,2.85349e-06,0.03826311231,-0.02837489545,-0.313461689,0.04008271054
710,7.100000,-0.301007621,0.03810665756,3.829598427e-06,-2.838671207e-06,-2.838671207e-06,1.111626625e-05,0,3.45128e-11,2.85428e-06,0.03826311231,-0.02837489545,-0.3036686774,0.04014734571
711,7.110000,-0.2928381115,0.03850969672,3.829598427e-06,-2.838671207e-06,-2.838671207e-06,1.112371683e-05,0,3.45413e-11,2.85507e-06,0.03826311231,-0.02837489545,-0.2947630331,0.04016973575
712,7.120000,-0.2851984128,0.03835275024,3.829598427e-06,-2.838671207e-06,-2.838671207e-06,1.113116741e-05,0,3.45698e-11,2.85585e-06,0.03826311231,-0.02837489545,-0.2867924734,0.04057346458
713,7.130000,-0.2789765447,0.03836680949,3.829598427e-06,-2.838671207e-06,-2.838671207e-06,1.113861799e-05,0,3.45984e-11,2.85664e-06,0.03826311231,-0.02837489545,-0.2797948146,0.04050163347
714,7.140000,-0.2727539539,0.03839685023,3.829598427e-06,-2.838671207e-06,-2.838671207e-06,1.114606857e-05,0,3.46269e-11,2.85742e-06,0.03826311231,-0.02837489545,-0.2737975273,0.04048783265
715,7.150000,-0.2696875557,0.03928937018,3.829598427e-06,-2.838671207e-06,-2.838671207e-06,1.115351915e-05,0,3.46554e-11,2.8582e-06,0.03826311231,-0.02837489545,-0.2688174039,0.0405698438
716,7.160000,-0.2658884749,0.03888247907,3.829598427e-06,-2.838671207e-06,-2.838671207e-06,1.116096973e-05,0,3.4684e-11,2.85898e-06,0.03826311231,-0.02837489545,-0.2648603427,0.04053261399
717,7.170000,-0.2626364753,0.03846720606,3.829598427e-06,-2.838671207e-06,-2.838671207e-06,1.116842031e-05,0,3.47125e-11,2.85976e-06,0.03826311231,-0.02837489545,-0.2619212506,0.04003105531
718,7.180000,-0.2608267516,0.03844738752,3.829598427e-06,-2.838671207e-06,-2.838671207e-06,1.11758709e-05,0,3.4741e-11,2.86054e-06,0.03826311231,-0.02837489545,-0.259984066,0.04023991073
719,7.190000,-0.2596721873,0.03815353662,3.829598427e-06,-2.838671207e-06,-2.838671207e-06,1.118332148e-05,0,3.47696e-11,2.86132e-06,0.03826311231,-0.02837489545,-0.2590219022,0.04025180026
720,7.200000,-0.2599584833,0.03796198964,3.829598427e-06,-2.838671207e-06,-2.838671207e-06,1.119077206e-05,0,3.47981e-11,2.86209e-06,0.03826311231,-0.02837489545,-0.2589973087,0.04051743459
721,7.210000,-0.2612611875,0.03796970844,3.829598427e-06,-2.838671207e-06,-2.838671207e-06,1.119822264e-05,0,3.48266e-11,2.86287e-06,0.03826311231,-0.02837489545,-0.2598626485,0.0406242551
722,7.220000,-0.2629136294,0.03779539466,3.829598427e-06,-2.838671207e-06,-2.838671207e-06,1.120567322e-05,0,3.48552e-11,2.86364e-06,0.03826311231,-0.02837489545,-0.261560587,0.0404377399
723,7.230000,-0.2657677308,0.03779368103,3.829598427e-06,-2.838671207e-06,-2.838671207e-06,1.12131238e-05,0,3.48837e-11,2.86441e-06,0.03826311231,-0.02837489545,-0.2640246871,0.04074154094
724,7.240000,-0.2695520446,0.03794656694,3.829598427e-06,-2.838671207e-06,-2.838671207e-06,1.122057438e-05,0,3.49122e-11,2.86518e-06,0.03826311231,-0.02837489545,-0.2671801042,0.04069165736
725,7.250000,-0.2737989724,0.03803281486,3.829598427e-06,-2.838671207e-06,-2.838671207e-06,1.122802496e-05,0,3.49408e-11,2.86595e-06,0.03826311231,-0.02837489545,-0.2709443723,0.04052177936
726,7.260000,-0.2773650661,0.03770089895,3.829598427e-06,-2.838671207e-06,-2.838671207e-06,1.123547554e-05,0,3.49693e-11,2.86672e-06,0.03826311231,-0.02837489545,-0.2752282748,0.04072960535
727,7.270000,-0.2824750245,0.03823643923,3.829598427e-06,-2.838671207e-06,-2.838671207e-06,1.124292612e-05,0,3.49978e-11,2.86749e-06,0.03826311231,-0.02837489545,-0.279936787,0.04011822279
728,7.280000,-0.2881895527,0.0384509787,3.829598427e-06,-2.838671207e-06,-2.838671207e-06,1.12503767e-05,0,3.50264e-11,2.86826e-06,0.03826311231,-0.02837489545,-0.2849700834,0.04021010721
729,7.290000,-0.2937947661,0.03870069236,3.829598427e-06,-2.838671207e-06,-2.838671207e-06,1.125782728e-05,0,3.50549e-11,2.86903e-06,0.03826311231,-0.02837489545,-0.2902245954,0.04030313
730,7.300000,-0.2996667325,0.03901709616,3.829598427e-06,-2.838671207e-06,-2.838671207e-06,1.126527786e-05,0,3.50834e-11,2.86979e-06,0.03826311231,-0.02837489545,-0.2955941101,0.03998830731
731,7.310000,-0.3045921102,0.03860897571,3.829598427e-06,-2.838671207e-06,-2.838671207e-06,1.127272844e-05,0,3.5112e-11,2.87055e-06,0.03826311231,-0.02837489545,-0.3009708962,0.04042430158
732,7.320000,-0.3084557056,0.03780332953,3.829598427e-06,-2.838671207e-06,-2.838671207e-06,1.128017902e-05,0,3.51405e-11,2.87132e-06,0.03826311231,-0.02837489545,-0.3062468455,0.04026396909
733,7.330000,-0.3136183247,0.03785784543,3.829598427e-06,-2.838671207e-06,-2.838671207e-06,1.12876296e-05,0,3.5169e-11,2.87208e-06,0.03826311231,-0.02837489545,-0.3113146166,0.03973552269
734,7.340000,-0.317774646,0.03735526651,3.829598427e-06,-2.838671207e-06,-2.838671207e-06,1.129508018e-05,0,3.51976e-11,2.87284e-06,0.03826311231,-0.02837489545,-0.3160687691,0.03937403791
735,7.350000,-0.3214447647,0.03736615181,3.829598427e-06,-2.838671207e-06,-2.838671207e-06,1.130253077e-05,0,3.52261e-11,2.8736e-06,0.03826311231,-0.02837489545,-0.3204068742,0.03917001109
736,7.360000,-0.3247973174,0.03715658188,3.829598427e-06,-2.838671207e-06,-2.838671207e-06,1.130998135e-05,0,3.52546e-11,2.87436e-06,0.03826311231,-0.02837489545,-0.3242305902,0.03935889642
737,7.370000,-0.3278628662,0.03721643239,3.829598427e-06,-2.838671207e-06,-2.838671207e-06,1.131743193e-05,0,3.52832e-11,2.87511e-06,0.03826311231,-0.02837489545,-0.3274466918,0.03934863345
738,7.380000,-0.3303033113,0.03737462312,3.829598427e-06,-2.838671207e-06,-2.838671207e-06,1.132488251e-05,0,3.53117e-11,2.87587e-06,0.03826311231,-0.02837489545,-0.3299680396,0.03930995768
739,7.390000,-0.3312398419,0.03726951778,3.829598427e-06,-2.838671207e-06,-2.838671207e-06,1.133233309e-05,0,3.53402e-11,2.87663e-06,0.03826311231,-0.02837489545,-0.3317144812,0.03943269523
740,7.400000,-0.3316062689,0.03732895851,3.829598427e-06,-2.838671207e-06,-2.838671207e-06,1.133978367e-05,0,3.53688e-11,2.87738e-06,0.03826311231,-0.02837489545,-0.3326136728,0.03931486266
741,7.410000,-0.3308967054,0.03762611002,3.829598427e-06,-2.838671207e-06,-2.838671207e-06,1.134723425e-05,0,3.53973e-11,2.87813e-06,0.03826311231,-0.02837489545,-0.3326018126,0.04003086831
742,7.420000,-0.3292175382,0.03760302812,3.829598427e-06,-2.838671207e-06,-2.838671207e-06,1.135468483e-05,0,3.54258e-11,2.87889e-06,0.03826311231,-0.02837489545,-0.3316242778,0.04017986094
743,7.430000,-0.3271345124,0.03778301179,3.829598427e-06,-2.838671207e-06,-2.838671207e-06,1.136213541e-05,0,3.54544e-11,2.87964e-06,0.03826311231,-0.02837489545,-0.3296361582,0.04056207529
744,7.440000,-0.3237993792,0.03780916333,3.829598427e-06,-2.838671207e-06,-2.838671207e-06,1.136958599e-05,0,3.54829e-11,2.88039e-06,0.03826311231,-0.02837489545,-0.3266026816,0.04108154309
745,7.450000,-0.3199615404,0.03798434138,3.829598427e-06,-2.838671207e-06,-2.838671207e-06,1.137703657e-05,0,3.55114e-11,2.88113e-06,0.03826311231,-0.02837489545,-0.3224995244,0.04095969697
746,7.460000,-0.3144694492,0.03808517754,3.829598427e-06,-2.838671207e-06,-2.838671207e-06,1.138448715e-05,0,3.554e-11,2.88188e-06,0.03826311231,-0.02837489545,-0.3173130066,0.0407324372
747,7.470000,-0.3079316467,0.03817587346,3.829598427e-06,-2.838671207e-06,-2.838671207e-06,1.139193773e-05,0,3.55685e-11,2.88263e-06,0.03826311231,-0.02837489545,-0.3110401671,0.04104432007
748,7.480000,-0.300314635,0.0384060666,3.829598427e-06,-2.838671207e-06,-2.838671207e-06,1.139938831e-05,0,3.5597e-11,2.88337e-06,0.03826311231,-0.02837489545,-0.3036887204,0.0411409894
749,7.490000,-0.2917736769,0.03862029314,3.829598427e-06,-2.838671207e-06,-2.838671207e-06,1.140683889e-05,0,3.56256e-11,2.88412e-06,0.03826311231,-0.02837489545,-0.2952768947,0.04101909023
750,7.500000,-0.2815561816,0.0385646075,3.829598427e-06,-2.838671207e-06,-2.838671207e-06,1.141428947e-05,0,3.56541e-11,2.88486e-06,0.03826311231,-0.02837489545,-0.2858331531,0.04097874405
751,7.510000,-0.270237498,0.03824428469,3.829598427e-06,-2.838671207e-06,-2.838671207e-06,1.142174006e-05,0,3.56826e-11,2.88561e-06,0.03826311231,-0.02837489545,-0.2753958029,0.04023067465
752,7.520000,-0.2585102692,0.0383406058,3.829598427e-06,-2.838671207e-06,-2.838671207e-06,1.142919064e-05,0,3.57112e-11,2.88635e-06,0.03826311231,-0.02837489545,-0.2640124953,0.03996593858
753,7.530000,-0.246318534,0.03884299845,3.829598427e-06,-2.838671207e-06,-2.838671207e-06,1.143664122e-05,0,3.57397e-11,2.88709e-06,0.03826311231,-0.02837489545,-0.2517396242,0.03995307045
754,7.540000,-0.2324438766,0.038986817,3.829598427e-06,-2.838671207e-06,-2.838671207e-06,1.14440918e-05,0,3.57682e-11,2.88783e-06,0.03826311231,-0.02837489545,-0.238641629,0.03959179525
755,7.550000,-0.2180696204,0.03909876943,3.829598427e-06,-2.838671207e-06,-2.838671207e-06,1.145154238e-05,0,3.57968e-11,2.88856e-06,0.03826311231,-0.02837489545,-0.2247902106,0.03996830639
756,7.560000,-0.2034041509,0.03937360644,3.829598427e-06,-2.838671207e-06,-2.838671207e-06,1.145899296e-05,0,3.58253e-11,2.8893e-06,0.03826311231,-0.02837489545,-0.2102634697,0.03967589483
757,7.570000,-0.188425906,0.03940457106,3.829598427e-06,-2.838671207e-06,-2.838671207e-06,1.146644354e-05,0,3.58538e-11,2.89004e-06,0.03826311231,-0.02837489545,-0.195144977,0.03938685407
758,7.580000,-0.1726500168,0.03939932585,3.829598427e-06,-2.838671207e-06,-2.838671207e-06,1.147389412e-05,0,3.58824e-11,2.89077e-06,0.03826311231,-0.02837489545,-0.1795227867,0.03954273114
759,7.590000,-0.1560144573,0.03892774135,3.829598427e-06,-2.838671207e-06,-2.838671207e-06,1.14813447e-05,0,3.59109e-11,2.89151e-06,0.03826311231,-0.02837489545,-0.1634884041,0.03975328783
760,7.600000,-0.1408388838,0.03969270736,3.829598427e-06,-2.838671207e-06,-2.838671207e-06,1.148879528e-05,0,3.59394e-11,2.89224e-06,0.03826311231,-0.02837489545,-0.1471357197,0.04011810642
761,7.610000,-0.124429293,0.03996957093,3.829598427e-06,-2.838671207e-06,-2.838671207e-06,1.149624586e-05,0,3.5968e-11,2.89297e-06,0.03826311231,-0.02837489545,-0.1305599219,0.03999116263
762,7.620000,-0.1074465588,0.04004319757,3.829598427e-06,-2.838671207e-06,-2.838671207e-06,1.150369644e-05,0,3.59965e-11,2.8937e-06,0.03826311231,-0.02837489545,-0.1138564003,0.04010132965
763,7.630000,-0.09167554229,0.04044216126,3.829598427e-06,-2.838671207e-06,-2.838671207e-06,1.151114702e-05,0,3.6025e-11,2.89443e-06,0.03826311231,-0.02837489545,-0.09711965386,0.04034630127
764,7.640000,-0.07489007711,0.04054327309,3.829598427e-06,-2.838671207e-06,-2.838671207e-06,1.15185976e-05,0,3.60535e-11,2.89516e-06,0.03826311231,-0.02837489545,-0.08044221413,0.04016295435
765,7.650000,-0.05892299116,0.04075198621,3.829598427e-06,-2.838671207e-06,-2.838671207e-06,1.152604818e-05,0,3.60821e-11,2.89589e-06,0.03826311231,-0.02837489545,-0.06391359792,0.04005527039
766,7.660000,-0.04319129139,0.04094158858,3.829598427e-06,-2.838671207e-06,-2.838671207e-06,1.153349876e-05,0,3.61106e-11,2.89662e-06,0.03826311231,-0.02837489545,-0.04761930026,0.04036279166
767,7.670000,-0.02710523456,0.0410611257,3.829598427e-06,-2.838671207e-06,-2.838671207e-06,1.154094934e-05,0,3.61391e-11,2.89734e-06,0.03826311231,-0.02837489545,-0.03163983959,0.04046311464
768,7.680000,-0.01201319695,0.04128077626,3.829598427e-06,-2.838671207e-06,-2.838671207e-06,1.154839993e-05,0,3.61677e-11,2.89807e-06,0.03826311231,-0.02837489545,-0.01604986604,0.04046027943
769,7.690000,0.00232347101,0.0412485376,3.829598427e-06,-2.838671207e-06,-2.838671207e-06,1.155585051e-05,0,3.61962e-11,2.89879e-06,0.03826311231,-0.02837489545,-0.0009173429548,0.04016207478
770,7.700000,0.01571305096,0.0418369621,3.829598427e-06,-2.846121788e-06,-2.846121788e-06,1.156330109e-05,0,3.61824e-11,2.8951e-06,0.03826311231,-0.02844654769,0.01369718903,0.04020157449
771,7.710000,0.02997135371,0.04157146811,3.829598427e-06,-2.853572369e-06,-2.853572369e-06,1.157075167e-05,0,3.61685e-11,2.89141e-06,0.03826311231,-0.02851819992,0.02774125696,0.04022530059
772,7.720000,0.04381757975,0.04122188687,3.829598427e-06,-2.861022949e-06,-2.861022949e-06,1.157820225e-05,0,3.61544e-11,2.88771e-06,0.03826311231,-0.02858985215,0.0411710023,0.04080631382
773,7.730000,0.05643089116,0.04129140824,3.829598427e-06,-2.86847353e-06,-2.86847353e-06,1.158565283e-05,0,3.61403e-11,2.88401e-06,0.03826311231,-0.02866150439,0.05395162325,0.04120934484
774,7.740000,0.06896214187,0.04106654972,3.829598427e-06,-2.87592411e-06,-2.87592411e-06,1.157820225e-05,0,3.60689e-11,2.87885e-06,0.03826311231,-0.02873316407,0.06605770762,0.04117431164
775,7.750000,0.07993958145,0.04136829823,3.829598427e-06,-2.883374691e-06,-2.883374691e-06,1.157075167e-05,0,3.59975e-11,2.87366e-06,0.03826311231,-0.02880481631,0.07747345273,0.04096340033
776,7.760000,0.09042597562,0.04150611907,3.829598427e-06,-2.890825272e-06,-2.890825272e-06,1.156330109e-05,0,3.59259e-11,2.86847e-06,0.03826311231,-0.02887646854,0.0881927697,0.04090832899
777,7.770000,0.1002750844,0.04162684083,3.829598427e-06,-2.898275852e-06,-2.898275852e-06,1.155585051e-05,0,3.58543e-11,2.86326e-06,0.03826311231,-0.02894812077,0.09821927126,0.04086925104
778,7.780000,0.1095474511,0.04155094922,3.829598427e-06,-2.905726433e-06,-2.905726433e-06,1.154839993e-05,0,3.57825e-11,2.85803e-06,0.03826311231,-0.02901977301,0.1075661433,0.04087209832
779,7.790000,0.1180066913,0.04176081717,3.829598427e-06,-2.905726433e-06,-2.905726433e-06,1.154094934e-05,0,3.5754e-11,2.85728e-06,0.03826311231,-0.02901977301,0.1162559016,0.0408281708
780,7.800000,0.125657931,0.04174438864,3.829598427e-06,-2.905726433e-06,-2.905726433e-06,1.153349876e-05,0,3.57254e-11,2.85653e-06,0.03826311231,-0.02901977301,0.1243200373,0.04110728638
781,7.810000,0.1324217767,0.04183780402,3.829598427e-06,-2.905726433e-06,-2.905726433e-06,1.152604818e-05,0,3.56969e-11,2.85578e-06,0.03826311231,-0.02901977301,0.1317985543,0.0409712609
782,7.820000,0.138958469,0.04196356982,3.829598427e-06,-2.905726433e-06,-2.905726433e-06,1.15185976e-05,0,3.56684e-11,2.85503e-06,0.03826311231,-0.02901977301,0.1387394051,0.04113610514
783,7.830000,0.1454988346,0.04184233397,3.829598427e-06,-2.905726433e-06,-2.905726433e-06,1.151114702e-05,0,3.56398e-11,2.85428e-06,0.03826311231,-0.02901977301,0.1451978312,0.04115225377
784,7.840000,0.1522695199,0.04127469659,3.829598427e-06,-2.905726433e-06,-2.905726433e-06,1.150369644e-05,0,3.56113e-11,2.85352e-06,0.03826311231,-0.02901977301,0.1512356157,0.04112325956
785,7.850000,0.1570431218,0.04129526764,3.829598427e-06,-2.905726433e-06,-2.905726433e-06,1.149624586e-05,0,3.55828e-11,2.85276e-06,0.03826311231,-0.02901977301,0.1569202575,0.04100189682
786,7.860000,0.1624052301,0.04113563895,3.829598427e-06,-2.905726433e-06,-2.905726433e-06,1.148879528e-05,0,3.55542e-11,2.85201e-06,0.03826311231,-0.02901977301,0.1623240756,0.04039595015
787,7.870000,0.1667285413,0.04130969942,3.829598427e-06,-2.905726433e-06,-2.905726433e-06,1.14813447e-05,0,3.55257e-11,2.85125e-06,0.03826311231,-0.02901977301,0.1675232556,0.04038242382
788,7.880000,0.1720436737,0.04124303907,3.829598427e-06,-2.905726433e-06,-2.905726433e-06,1.147389412e-05,0,3.54972e-11,2.85049e-06,0.03826311231,-0.02901977301,0.172596848,0.04002298588
789,7.890000,0.1773950309,0.04110173136,3.829598427e-06,-2.905726433e-06,-2.905726433e-06,1.146644354e-05,0,3.54686e-11,2.84973e-06,0.03826311231,-0.02901977301,0.1776257311,0.03983828404
790,7.900000,0.1824113876,0.04094260186,3.829598427e-06,-2.905726433e-06,-2.905726433e-06,1.145899296e-05,0,3.54401e-11,2.84897e-06,0.03826311231,-0.02901977301,0.1826915495,0.039689264
791,7.910000,0.1873795614,0.04127136618,3.829598427e-06,-2.905726433e-06,-2.905726433e-06,1.145154238e-05,0,3.54116e-11,2.84821e-06,0.03826311231,-0.02901977301,0.1878756422,0.03961257195
792,7.920000,0.1929474771,0.04140965641,3.829598427e-06,-2.905726433e-06,-2.905726433e-06,1.14440918e-05,0,3.5383e-11,2.84744e-06,0.03826311231,-0.02901977301,0.1932579713,0.03980149653
793,7.930000,0.1980766207,0.04164182395,3.829598427e-06,-2.905726433e-06,-2.905726433e-06,1.143664122e-05,0,3.53545e-11,2.84668e-06,0.03826311231,-0.02901977301,0.1989160647,0.03929908212
794,7.940000,0.2033613995,0.04174347967,3.829598427e-06,-2.905726433e-06,-2.905726433e-06,1.142919064e-05,0,3.5326e-11,2.84591e-06,0.03826311231,-0.02901977301,0.2049239848,0.03946457648
795,7.950000,0.2099918723,0.04179863632,3.829598427e-06,-2.905726433e-06,-2.905726433e-06,1.142174006e-05,0,3.52974e-11,2.84515e-06,0.03826311231,-0.02901977301,0.2113513354,0.03953485136
796,7.960000,0.2174373046,0.04123345762,3.829598427e-06,-2.905726433e-06,-2.905726433e-06,1.141428947e-05,0,3.52689e-11,2.84438e-06,0.03826311231,-0.02901977301,0.218262319,0.0393471459
797,7.970000,0.2258311287,0.0409329012,3.829598427e-06,-2.905726433e-06,-2.905726433e-06,1.140683889e-05,0,3.52404e-11,2.84361e-06,0.03826311231,-0.02901977301,0.2257148539,0.0396923076
798,7.980000,0.2340891883,0.04075496644,3.829598427e-06,-2.905726433e-06,-2.905726433e-06,1.139938831e-05,0,3.52118e-11,2.84284e-06,0.03826311231,-0.02901977301,0.2337597642,0.03956387948
799,7.990000,0.2430536076,0.04086782038,3.829598427e-06,-2.905726433e-06,-2.905726433e-06,1.139193773e-05,0,3.51833e-11,2.84207e-06,0.03826311231,-0.02901977301,0.2424400497,0.03994602817
800,8.000000,0.2523770109,0.04071828723,3.829598427e-06,-2.905726433e-06,-2.905726433e-06,1.138448715e-05,0,3.51548e-11,2.8413e-06,0.03826311231,-0.02901977301,0.2517902454,0.04011614676
801,8.010000,0.2629312202,0.04120264947,3.829598427e-06,-2.905726433e-06,-2.905726433e-06,1.137703657e-05,0,3.51262e-11,2.84052e-06,0.03826311231,-0.02901977301,0.2618358791,0.04013086015
802,8.020000,0.2733944133,0.04139833897,3.829598427e-06,-2.905726433e-06,-2.905726433e-06,1.136958599e-05,0,3.50977e-11,2.83975e-06,0.03826311231,-0.02901977301,0.2725930321,0.04032711652
803,8.030000,0.2855298966,0.04109469801,3.829598427e-06,-2.905726433e-06,-2.905726433e-06,1.136213541e-05,0,3.50692e-11,2.83897e-06,0.03826311231,-0.02901977301,0.284068009,0.04010576959
804,8.040000,0.2976722717,0.04135716707,3.829598427e-06,-2.905726433e-06,-2.905726433e-06,1.135468483e-05,0,3.50406e-11,2.8382e-06,0.03826311231,-0.02901977301,0.2962571216,0.0404398723
805,8.050000,0.3110628352,0.04117619991,3.829598427e-06,-2.905726433e-06,-2.905726433e-06,1.134723425e-05,0,3.50121e-11,2.83742e-06,0.03826311231,-0.02901977301,0.3091465878,0.04025082975
806,8.060000,0.324754566,0.0414839834,3.829598427e-06,-2.905726433e-06,-2.905726433e-06,1.133978367e-05,0,3.49836e-11,2.83664e-06,0.03826311231,-0.02901977301,0.3227125486,0.04052915412
807,8.070000,0.3391474411,0.04190503806,3.829598427e-06,-2.905726433e-06,-2.905726433e-06,1.133233309e-05,0,3.4955e-11,2.83586e-06,0.03826311231,-0.02901977301,0.336921203,0.04096261129
808,8.080000,0.3542439863,0.04190640152,3.829598427e-06,-2.905726433e-06,-2.905726433e-06,1.132488251e-05,0,3.49265e-11,2.83508e-06,0.03826311231,-0.02901977301,0.351729059,0.04049666461
809,8.090000,0.36949981,0.04212033004,3.829598427e-06,-2.905726433e-06,-2.905726433e-06,1.131743193e-05,0,3.4898e-11,2.8343e-06,0.03826311231,-0.02901977301,0.3670832986,0.04033279296
810,8.100000,0.3854599223,0.04186766595,3.829598427e-06,-2.905726433e-06,-2.905726433e-06,1.130998135e-05,0,3.48694e-11,2.83352e-06,0.03826311231,-0.02901977301,0.3829222528,0.03980848639
811,8.110000,0.4026967287,0.04156556726,3.829598427e-06,-2.905726433e-06,-2.905726433e-06,1.130253077e-05,0,3.48409e-11,2.83273e-06,0.03826311231,-0.02901977301,0.3991759819,0.03995784196
812,8.120000,0.4193472192,0.04180770367,3.829598427e-06,-2.905726433e-06,-2.905726433e-06,1.129508018e-05,0,3.48124e-11,2.83195e-06,0.03826311231,-0.02901977301,0.4157669542,0.04036586391
813,8.130000,0.4356285855,0.04181575775,3.829598427e-06,-2.905726433e-06,-2.905726433e-06,1.12876296e-05,0,3.47838e-11,2.83116e-06,0.03826311231,-0.02901977301,0.4326108154,0.04099684538
814,8.140000,0.4529105946,0.04165085405,3.829598427e-06,-2.905726433e-06,-2.905726433e-06,1.128017902e-05,0,3.47553e-11,2.83037e-06,0.03826311231,-0.02901977301,0.4496172421,0.04124611206
815,8.150000,0.4695312008,0.04184778035,3.829598427e-06,-2.905726433e-06,-2.905726433e-06,1.127272844e-05,0,3.47268e-11,2.82959e-06,0.03826311231,-0.02901977301,0.4666908667,0.04089995489
816,8.160000,0.4859808907,0.04212425649,3.829598427e-06,-2.905726433e-06,-2.905726433e-06,1.126527786e-05,0,3.46982e-11,2.8288e-06,0.03826311231,-0.02901977301,0.4837322664,0.04101179552
817,8.170000,0.5026853159,0.04209120572,3.829598427e-06,-2.905726433e-06,-2.905726433e-06,1.125782728e-05,0,3.46697e-11,2.82801e-06,0.03826311231,-0.02901977301,0.5006390038,0.04121001843
818,8.180000,0.5203177333,0.04161535949,3.829598427e-06,-2.905726433e-06,-2.905726433e-06,1.12503767e-05,0,3.46412e-11,2.82721e-06,0.03826311231,-0.02901977301,0.5173067074,0.04124548657
819,8.190000,0.5361552164,0.04197956622,3.829598427e-06,-2.905726433e-06,-2.905726433e-06,1.124292612e-05,0,3.46126e-11,2.82642e-06,0.03826311231,-0.02901977301,0.5336301808,0.0412546022
820,8.200000,0.551992394,0.04175077379,3.829598427e-06,-2.905726433e-06,-2.905726433e-06,1.123547554e-05,0,3.45841e-11,2.82563e-06,0.03826311231,-0.02901977301,0.5495045268,0.04117889438
821,8.210000,0.5662747994,0.0421212092,3.829598427e-06,-2.905726433e-06,-2.905726433e-06,1.122802496e-05,0,3.45556e-11,2.82483e-06,0.03826311231,-0.02901977301,0.5648262752,0.04107245348
822,8.220000,0.579888396,0.04251489043,3.829598427e-06,-2.905726433e-06,-2.905726433e-06,1.122057438e-05,0,3.4527e-11,2.82404e-06,0.03826311231,-0.02901977301,0.5794945004,0.0410605632
823,8.230000,0.5929620862,0.04283189774,3.829598427e-06,-2.905726433e-06,-2.905726433e-06,1.12131238e-05,0,3.44985e-11,2.82324e-06,0.03826311231,-0.02901977301,0.593411917,0.04118098371
824,8.240000,0.6061220542,0.04244858027,3.829598427e-06,-2.905726433e-06,-2.905726433e-06,1.120567322e-05,0,3.447e-11,2.82244e-06,0.03826311231,-0.02901977301,0.6064859407,0.04130110492
825,8.250000,0.6166648641,0.04289912432,3.829598427e-06,-2.905726433e-06,-2.905726433e-06,1.119822264e-05,0,3.44414e-11,2.82164e-06,0.03826311231,-0.02901977301,0.6186297024,0.04111255343
826,8.260000,0.6279929951,0.042445831,3.829598427e-06,-2.905726433e-06,-2.905726433e-06,1.119077206e-05,0,3.44129e-11,2.82084e-06,0.03826311231,-0.02901977301,0.6297630043,0.04155901945
827,8.270000,0.6376298442,0.04252486676,3.829598427e-06,-2.905726433e-06,-2.905726433e-06,1.118332148e-05,0,3.43844e-11,2.82004e-06,0.03826311231,-0.02901977301,0.6398132073,0.04158611486
828,8.280000,0.6454653069,0.04293071479,3.829598427e-06,-2.905726433e-06,-2.905726433e-06,1.11758709e-05,0,3.43559e-11,2.81923e-06,0.03826311231,-0.02901977301,0.6487160387,0.04136615786
829,8.290000,0.6529033929,0.04302714765,3.829598427e-06,-2.905726433e-06,-2.905726433e-06,1.116842031e-05,0,3.43273e-11,2.81843e-06,0.03826311231,-0.02901977301,0.6564163127,0.04135485011
830,8.300000,0.6583525389,0.04353373498,3.829598427e-06,-2.905726433e-06,-2.905726433e-06,1.116096973e-05,0,3.42988e-11,2.81762e-06,0.03826311231,-0.02901977301,0.6628685537,0.0412797488
831,8.310000,0.6627775803,0.04353921115,3.829598427e-06,-2.905726433e-06,-2.905726433e-06,1.115351915e-05,0,3.42703e-11,2.81682e-06,0.03826311231,-0.02901977301,0.6680375167,0.04194747059
832,8.320000,0.6661852151,0.04355297983,3.829598427e-06,-2.905726433e-06,-2.905726433e-06,1.114606857e-05,0,3.42417e-11,2.81601e-06,0.03826311231,-0.02901977301,0.6718985978,0.04158350581
833,8.330000,0.6675883234,0.04374014586,3.829598427e-06,-2.905726433e-06,-2.905726433e-06,1.113861799e-05,0,3.42132e-11,2.8152e-06,0.03826311231,-0.02901977301,0.6744381312,0.0417013316
834,8.340000,0.667977199,0.04374089092,3.829598427e-06,-2.905726433e-06,-2.905726433e-06,1.113116741e-05,0,3.41847e-11,2.81439e-06,0.03826311231,-0.02901977301,0.6756535677,0.04167864794
835,8.350000,0.6680369303,0.04301014543,3.829598427e-06,-2.905726433e-06,-2.905726433e-06,1.112371683e-05,0,3.41561e-11,2.81358e-06,0.03826311231,-0.02901977301,0.6755535349,0.04130861401
836,8.360000,0.6659981385,0.04266411811,3.829598427e-06,-2.905726433e-06,-2.905726433e-06,1.111626625e-05,0,3.41276e-11,2.81277e-06,0.03826311231,-0.02901977301,0.6741577752,0.04113173552
837,8.370000,0.6627636477,0.04270529747,3.829598427e-06,-2.905726433e-06,-2.905726433e-06,1.110881567e-05,0,3.40991e-11,2.81195e-06,0.03826311231,-0.02901977301,0.671496966,0.04126517253
838,8.380000,0.6586564109,0.04296514392,3.829598427e-06,-2.905726433e-06,-2.905726433e-06,1.110136509e-05,0,3.40705e-11,2.81114e-06,0.03826311231,-0.02901977301,0.66761242,0.04122005838
839,8.390000,0.6541160494,0.04243256897,3.829598427e-06,-2.905726433e-06,-2.905726433e-06,1.109391451e-05,0,3.4042e-11,2.81032e-06,0.03826311231,-0.02901977301,0.6625556721,0.04110422066
840,8.400000,0.6476961076,0.04180281609,3.829598427e-06,-2.905726433e-06,-2.905726433e-06,1.108646393e-05,0,3.40135e-11,2.80951e-06,0.03826311231,-0.02901977301,0.6563879562,0.04128045114
841,8.410000,0.6413547099,0.04079481959,3.829598427e-06,-2.905726433e-06,-2.905726433e-06,1.107901335e-05,0,3.39849e-11,2.80869e-06,0.03826311231,-0.02901977301,0.6491795771,0.04132989718
842,8.420000,0.6337294728,0.04038807005,3.829598427e-06,-2.905726433e-06,-2.905726433e-06,1.107156277e-05,0,3.39564e-11,2.80787e-06,0.03826311231,-0.02901977301,0.6410091852,0.04173494051
843,8.430000,0.6244196743,0.04021599889,3.829598427e-06,-2.905726433e-06,-2.905726433e-06,1.106411219e-05,0,3.39279e-11,2.80705e-06,0.03826311231,-0.02901977301,0.6319629627,0.04225771272
844,8.440000,0.6146261021,0.04024866968,3.829598427e-06,-2.905726433e-06,-2.905726433e-06,1.105666161e-05,0,3.38993e-11,2.80623e-06,0.03826311231,-0.02901977301,0.6221337289,0.04216936508
845,8.450000,0.6043450758,0.03976805508,3.829598427e-06,-2.905726433e-06,-2.905726433e-06,1.104921103e-05,0,3.38708e-11,2.80541e-06,0.03826311231,-0.02901977301,0.6116199751,0.04199806903
846,8.460000,0.5936562419,0.0392203331,3.829598427e-06,-2.905726433e-06,-2.905726433e-06,1.104176044e-05,0,3.38423e-11,2.80458e-06,0.03826311231,-0.02901977301,0.6005248411,0.04206037831
847,8.470000,0.5822862387,0.03897087276,3.829598427e-06,-2.905726433e-06,-2.905726433e-06,1.103430986e-05,0,3.38137e-11,2.80376e-06,0.03826311231,-0.02901977301,0.5889550425,0.04179252115
848,8.480000,0.5707577839,0.03846873343,3.829598427e-06,-2.905726433e-06,-2.905726433e-06,1.102685928e-05,0,3.37852e-11,2.80293e-06,0.03826311231,-0.02901977301,0.5770197624,0.04185142108
849,8.490000,0.5585060939,0.03850568831,3.829598427e-06,-2.905726433e-06,-2.905726433e-06,1.10194087e-05,0,3.37567e-11,2.8021e-06,0.03826311231,-0.02901977301,0.5648295199,0.04203403507
850,8.500000,0.5466621369,0.03800628334,3.829598427e-06,-2.905726433e-06,-2.905726433e-06,1.101195812e-05,0,3.37281e-11,2.80127e-06,0.03826311231,-0.02901977301,0.5524950263,0.04175048224
851,8.510000,0.5340707675,0.03788493574,3.829598427e-06,-2.905726433e-06,-2.905726433e-06,1.100450754e-05,0,3.36996e-11,2.80044e-06,0.03826311231,-0.02901977301,0.5401260443,0.04161862042
852,8.520000,0.5223040804,0.03747783601,3.829598427e-06,-2.905726433e-06,-2.905726433e-06,1.099705696e-05,0,3.36711e-11,2.79961e-06,0.03826311231,-0.02901977301,0.5278302605,0.04142974596
853,8.530000,0.5110118017,0.03716392815,3.829598427e-06,-2.905726433e-06,-2.905726433e-06,1.098960638e-05,0,3.36425e-11,2.79878e-06,0.03826311231,-0.02901977301,0.515712185,0.0413896572
854,8.540000,0.4993052334,0.03740765899,3.829598427e-06,-2.905726433e-06,-2.905726433e-06,1.09821558e-05,0,3.3614e-11,2.79795e-06,0.03826311231,-0.02901977301,0.5038720906,0.04065785158
855,8.550000,0.4884261116,0.03713173419,3.829598427e-06,-2.905726433e-06,-2.905726433e-06,1.097470522e-05,0,3.35855e-11,2.79711e-06,0.03826311231,-0.02901977301,0.4924050024,0.04102422254
856,8.560000,0.4785596952,0.03660335392,3.829598427e-06,-2.905726433e-06,-2.905726433e-06,1.096725464e-05,0,3.35569e-11,2.79628e-06,0.03826311231,-0.02901977301,0.4813997494,0.04105285335
857,8.570000,0.4681401253,0.0365447551,3.829598427e-06,-2.905726433e-06,-2.905726433e-06,1.095980406e-05,0,3.35284e-11,2.79544e-06,0.03826311231,-0.02901977301,0.4709380886,0.04095471931
858,8.580000,0.4586067945,0.03650768101,3.829598427e-06,-2.905726433e-06,-2.905726433e-06,1.095235348e-05,0,3.34999e-11,2.7946e-06,0.03826311231,-0.02901977301,0.4610939119,0.04113614684
859,8.590000,0.4492745325,0.03725282103,3.829598427e-06,-2.905726433e-06,-2.905726433e-06,1.09449029e-05,0,3.34713e-11,2.79376e-06,0.03826311231,-0.02901977301,0.4519325432,0.04139819649
860,8.600000,0.4415469319,0.03720040619,3.829598427e-06,-2.905726433e-06,-2.905726433e-06,1.093745232e-05,0,3.34428e-11,2.79292e-06,0.03826311231,-0.02901977301,0.4435101338,0.04130719113
861,8.610000,0.4344573542,0.03718633205,3.829598427e-06,-2.905726433e-06,-2.905726433e-06,1.093000174e-05,0,3.34143e-11,2.79208e-06,0.03826311231,-0.02901977301,0.4358731641,0.04171151059
862,8.620000,0.4287104756,0.03688696772,3.829598427e-06,-2.905726433e-06,-2.905726433e-06,1.092255116e-05,0,3.33857e-11,2.79124e-06,0.03826311231,-0.02901977301,0.4290580539,0.04145513545
863,8.630000,0.4230644181,0.03687932342,3.829598427e-06,-2.905726433e-06,-2.905726433e-06,1.091510057e-05,0,3.33572e-11,2.79039e-06,0.03826311231,-0.02901977301,0.4230908893,0.04153166733
864,8.640000,0.4189651832,0.03671011329,3.829598427e-06,-2.905726433e-06,-2.905726433e-06,1.090764999e-05,0,3.33287e-11,2.78955e-06,0.03826311231,-0.02901977301,0.4179872649,0.04158516165
865,8.650000,0.4145700186,0.03705722094,3.829598427e-06,-2.905726433e-06,-2.905726433e-06,1.090019941e-05,0,3.33001e-11,2.7887e-06,0.03826311231,-0.02901977301,0.413752246,0.04141089532
866,8.660000,0.4114130214,0.03743581474,3.829598427e-06,-2.905726433e-06,-2.905726433e-06,1.089274883e-05,0,3.32716e-11,2.78785e-06,0.03826311231,-0.02901977301,0.4103804493,0.04208443515
867,8.670000,0.4093000069,0.03735989332,3.829598427e-06,-2.905726433e-06,-2.905726433e-06,1.088529825e-05,0,3.32431e-11,2.787e-06,0.03826311231,-0.02901977301,0.4078562412,0.04221134371
868,8.680000,0.4079552889,0.03741899133,3.829598427e-06,-2.905726433e-06,-2.905726433e-06,1.087784767e-05,0,3.32145e-11,2.78615e-06,0.03826311231,-0.02901977301,0.4061540508,0.04163995071
869,8.690000,0.4067848176,0.03761488944,3.829598427e-06,-2.905726433e-06,-2.905726433e-06,1.087039709e-05,0,3.3186e-11,2.7853e-06,0.03826311231,-0.02901977301,0.4052387942,0.0415496957
870,8.700000,0.4062539712,0.03796450794,3.829598427e-06,-2.905726433e-06,-2.905726433e-06,1.086294651e-05,0,3.31575e-11,2.78445e-06,0.03826311231,-0.02901977301,0.4050664054,0.04206395524
871,8.710000,0.4069126174,0.03785768151,3.829598427e-06,-2.905726433e-06,-2.905726433e-06,1.085549593e-05,0,3.31289e-11,2.78359e-06,0.03826311231,-0.02901977301,0.4055844654,0.04198263485
872,8.720000,0.4083640724,0.0380621627,3.829598427e-06,-2.905726433e-06,-2.905726433e-06,1.084804535e-05,0,3.31004e-11,2.78274e-06,0.03826311231,-0.02901977301,0.406732925,0.0420012659
873,8.730000,0.4096394107,0.03852898628,3.829598427e-06,-2.905726433e-06,-2.905726433e-06,1.084059477e-05,0,3.30719e-11,2.78188e-06,0.03826311231,-0.02901977301,0.4084449099,0.04191150499
874,8.740000,0.4115656987,0.03873513639,3.829598427e-06,-2.905726433e-06,-2.905726433e-06,1.083314419e-05,0,3.30433e-11,2.78102e-06,0.03826311231,-0.02901977301,0.4106476008,0.04178189341
875,8.750000,0.4140362069,0.03922455758,3.829598427e-06,-2.905726433e-06,-2.905726433e-06,1.082569361e-05,0,3.30148e-11,2.78017e-06,0.03826311231,-0.02901977301,0.413263177,0.04159076825
876,8.760000,0.4176925346,0.03860680759,3.829598427e-06,-2.905726433e-06,-2.905726433e-06,1.081824303e-05,0,3.29863e-11,2.7793e-06,0.03826311231,-0.02901977301,0.4162098132,0.04217928339
877,8.770000,0.421880506,0.0380570218,3.829598427e-06,-2.905726433e-06,-2.905726433e-06,1.081079245e-05,0,3.29577e-11,2.77844e-06,0.03826311231,-0.02901977301,0.4194027166,0.04211445053
878,8.780000,0.4246168956,0.0386357829,3.829598427e-06,-2.905726433e-06,-2.905726433e-06,1.080334187e-05,0,3.29292e-11,2.77758e-06,0.03826311231,-0.02901977301,0.422755195,0.04217450708
879,8.790000,0.4290616214,0.03827550262,3.829598427e-06,-2.898275852e-06,-2.898275852e-06,1.079589128e-05,0,3.29439e-11,2.78149e-06,0.03826311231,-0.02894812077,0.4261797393,0.04214873599
880,8.800000,0.4324754104,0.03814695776,3.829598427e-06,-2.890825272e-06,-2.890825272e-06,1.07884407e-05,0,3.29585e-11,2.78539e-06,0.03826311231,-0.02887646854,0.4295891127,0.04301600524
881,8.810000,0.4361552894,0.03768537939,3.829598427e-06,-2.883374691e-06,-2.883374691e-06,1.078099012e-05,0,3.2973e-11,2.78929e-06,0.03826311231,-0.02880481631,0.4328974297,0.04324584895
882,8.820000,0.4385084808,0.03803418577,3.829598427e-06,-2.87592411e-06,-2.87592411e-06,1.077353954e-05,0,3.29874e-11,2.79319e-06,0.03826311231,-0.02873316407,0.4360212156,0.04346037929
883,8.830000,0.441216141,0.03827397525,3.829598427e-06,-2.86847353e-06,-2.86847353e-06,1.078099012e-05,0,3.30587e-11,2.79879e-06,0.03826311231,-0.02866150439,0.4388804319,0.04306928409
884,8.840000,0.4437859058,0.0381301567,3.829598427e-06,-2.861022949e-06,-2.861022949e-06,1.07884407e-05,0,3.31299e-11,2.80437e-06,0.03826311231,-0.02858985215,0.4413994577,0.04300267246
885,8.850000,0.4449510723,0.03847207129,3.829598427e-06,-2.853572369e-06,-2.853572369e-06,1.079589128e-05,0,3.32011e-11,2.80995e-06,0.03826311231,-0.02851819992,0.4435080144,0.04272774106
886,8.860000,0.4463378564,0.03863224387,3.829598427e-06,-2.846121788e-06,-2.846121788e-06,1.080334187e-05,0,3.32721e-11,2.81551e-06,0.03826311231,-0.02844654769,0.4451420241,0.04305373857
887,8.870000,0.4464140311,0.03898268193,3.829598427e-06,-2.838671207e-06,-2.838671207e-06,1.081079245e-05,0,3.33429e-11,2.82105e-06,0.03826311231,-0.02837489545,0.4462443903,0.04277260703
888,8.880000,0.4461947531,0.03942255676,3.829598427e-06,-2.838671207e-06,-2.838671207e-06,1.081824303e-05,0,3.33715e-11,2.82188e-06,0.03826311231,-0.02837489545,0.4467656945,0.0430850877
889,8.890000,0.4467440993,0.03902024776,3.829598427e-06,-2.838671207e-06,-2.838671207e-06,1.082569361e-05,0,3.34e-11,2.82272e-06,0.03826311231,-0.02837489545,0.4466647976,0.04278305752
890,8.900000,0.4462684393,0.03889027238,3.829598427e-06,-2.838671207e-06,-2.838671207e-06,1.083314419e-05,0,3.34285e-11,2.82355e-06,0.03826311231,-0.02837489545,0.4459093416,0.04239840462
891,8.910000,0.4448517188,0.03864619136,3.829598427e-06,-2.838671207e-06,-2.838671207e-06,1.084059477e-05,0,3.34571e-11,2.82438e-06,0.03826311231,-0.02837489545,0.4444761449,0.0427253279
892,8.920000,0.4427675605,0.03838246316,3.829598427e-06,-2.838671207e-06,-2.838671207e-06,1.084804535e-05,0,3.34856e-11,2.82521e-06,0.03826311231,-0.02837489545,0.4423514867,0.04258404346
893,8.930000,0.438740842,0.0387410149,3.829598427e-06,-2.838671207e-06,-2.838671207e-06,1.085549593e-05,0,3.35141e-11,2.82604e-06,0.03826311231,-0.02837489545,0.4395312772,0.04224009451
894,8.940000,0.4345447645,0.03902088851,3.829598427e-06,-2.838671207e-06,-2.838671207e-06,1.086294651e-05,0,3.35427e-11,2.82686e-06,0.03826311231,-0.02837489545,0.4360211124,0.04184342834
895,8.950000,0.4306250438,0.038585715,3.829598427e-06,-2.838671207e-06,-2.838671207e-06,1.087039709e-05,0,3.35712e-11,2.82769e-06,0.03826311231,-0.02837489545,0.4318362115,0.04164550997
896,8.960000,0.42527733,0.03869342059,3.829598427e-06,-2.838671207e-06,-2.838671207e-06,1.087784767e-05,0,3.35997e-11,2.82851e-06,0.03826311231,-0.02837489545,0.4270012398,0.04151986262
897,8.970000,0.4191219658,0.03870624304,3.829598427e-06,-2.838671207e-06,-2.838671207e-06,1.088529825e-05,0,3.36283e-11,2.82934e-06,0.03826311231,-0.02837489545,0.4215500165,0.04160290608
898,8.980000,0.4129703045,0.03870494664,3.829598427e-06,-2.838671207e-06,-2.838671207e-06,1.089274883e-05,0,3.36568e-11,2.83016e-06,0.03826311231,-0.02837489545,0.4155251136,0.04118184273
899,8.990000,0.405334115,0.03895436227,3.829598427e-06,-2.838671207e-06,-2.838671207e-06,1.090019941e-05,0,3.36853e-11,2.83098e-06,0.03826311231,-0.02837489545,0.4089773483,0.04145531809
900,9.000000,0.3987153023,0.03878124803,3.829598427e-06,-2.838671207e-06,-2.838671207e-06,1.090764999e-05,0,3.37139e-11,2.8318e-06,0.03826311231,-0.02837489545,0.4019651766,0.04152804848
901,9.010000,0.391812332,0.03815090656,3.829598427e-06,-2.838671207e-06,-2.838671207e-06,1.091510057e-05,0,3.37424e-11,2.83262e-06,0.03826311231,-0.02837489545,0.3945539937,0.04154070883
902,9.020000,0.3838767484,0.03791081905,3.829598427e-06,-2.838671207e-06,-2.838671207e-06,1.092255116e-05,0,3.37709e-11,2.83344e-06,0.03826311231,-0.02837489545,0.3868153503,0.04180757992
903,9.030000,0.3755174503,0.03805689514,3.829598427e-06,-2.838671207e-06,-2.838671207e-06,1.093000174e-05,0,3.37995e-11,2.83425e-06,0.03826311231,-0.02837489545,0.3788260933,0.0420306132
904,9.040000,0.3675041199,0.03754711896,3.829598427e-06,-2.838671207e-06,-2.838671207e-06,1.093745232e-05,0,3.3828e-11,2.83507e-06,0.03826311231,-0.02837489545,0.370667442,0.04197615175
905,9.050000,0.3588981256,0.03813176602,3.829598427e-06,-2.838671207e-06,-2.838671207e-06,1.09449029e-05,0,3.38565e-11,2.83588e-06,0.03826311231,-0.02837489545,0.3624240083,0.04237813166
906,9.060000,0.3513604477,0.03796166927,3.829598427e-06,-2.838671207e-06,-2.838671207e-06,1.095235348e-05,0,3.38851e-11,2.8367e-06,0.03826311231,-0.02837489545,0.3541827753,0.04263359221
907,9.070000,0.3433646858,0.03814655542,3.829598427e-06,-2.838671207e-06,-2.838671207e-06,1.095980406e-05,0,3.39136e-11,2.83751e-06,0.03826311231,-0.02837489545,0.3460320429,0.0421768144
908,9.080000,0.3357901052,0.03810522705,3.829598427e-06,-2.838671207e-06,-2.838671207e-06,1.096725464e-05,0,3.39421e-11,2.83832e-06,0.03826311231,-0.02837489545,0.338060356,0.04269949308
909,9.090000,0.3282079026,0.03814996779,3.829598427e-06,-2.838671207e-06,-2.838671207e-06,1.097470522e-05,0,3.39707e-11,2.83913e-06,0.03826311231,-0.02837489545,0.3303554247,0.04258644072
910,9.100000,0.3213036582,0.03818774968,3.829598427e-06,-2.838671207e-06,-2.838671207e-06,1.09821558e-05,0,3.39992e-11,2.83994e-06,0.03826311231,-0.02837489545,0.323003051,0.04293290451
911,9.110000,0.3152741641,0.03805284202,3.829598427e-06,-2.838671207e-06,-2.838671207e-06,1.098960638e-05,0,3.40277e-11,2.84074e-06,0.03826311231,-0.02837489545,0.3160860742,0.04294440311
912,9.120000,0.3081167489,0.03868502378,3.829598427e-06,-2.838671207e-06,-2.838671207e-06,1.099705696e-05,0,3.40563e-11,2.84155e-06,0.03826311231,-0.02837489545,0.3096833467,0.04307057465
913,9.130000,0.3029696792,0.03890287131,3.829598427e-06,-2.838671207e-06,-2.838671207e-06,1.100450754e-05,0,3.40848e-11,2.84235e-06,0.03826311231,-0.02837489545,0.3038687527,0.04297254796
914,9.140000,0.2982349023,0.03918404877,3.829598427e-06,-2.838671207e-06,-2.838671207e-06,1.101195812e-05,0,3.41133e-11,2.84316e-06,0.03826311231,-0.02837489545,0.2987102805,0.04329043372
915,9.150000,0.2937583178,0.03934042901,3.829598427e-06,-2.838671207e-06,-2.838671207e-06,1.10194087e-05,0,3.41419e-11,2.84396e-06,0.03826311231,-0.02837489545,0.294269161,0.04329893151
916,9.160000,0.2900045514,0.03962846845,3.829598427e-06,-2.838671207e-06,-2.838671207e-06,1.102685928e-05,0,3.41704e-11,2.84476e-06,0.03826311231,-0.02837489545,0.2905990805,0.0429828669
917,9.170000,0.2875764817,0.03987889737,3.829598427e-06,-2.838671207e-06,-2.838671207e-06,1.103430986e-05,0,3.41989e-11,2.84556e-06,0.03826311231,-0.02837489545,0.2877454781,0.04302489275
918,9.180000,0.2856724858,0.04018962383,3.829598427e-06,-2.838671207e-06,-2.838671207e-06,1.104176044e-05,0,3.42275e-11,2.84636e-06,0.03826311231,-0.02837489545,0.285744936,0.04293787712
919,9.190000,0.2854794711,0.03978595138,3.829598427e-06,-2.838671207e-06,-2.838671207e-06,1.104921103e-05,0,3.4256e-11,2.84716e-06,0.03826311231,-0.02837489545,0.2846246701,0.04298354842
920,9.200000,0.2856566906,0.03968528658,3.829598427e-06,-2.838671207e-06,-2.838671207e-06,1.105666161e-05,0,3.42845e-11,2.84795e-06,0.03826311231,-0.02837489545,0.2844021262,0.04252209132
921,9.210000,0.2874186561,0.03944086283,3.829598427e-06,-2.838671207e-06,-2.838671207e-06,1.106411219e-05,0,3.43131e-11,2.84875e-06,0.03826311231,-0.02837489545,0.2850846878,0.04263199764
922,9.220000,0.2892651483,0.03988988698,3.829598427e-06,-2.838671207e-06,-2.838671207e-06,1.107156277e-05,0,3.43416e-11,2.84954e-06,0.03826311231,-0.02837489545,0.2866694986,0.0430345848
923,9.230000,0.2919030413,0.04026771337,3.829598427e-06,-2.838671207e-06,-2.838671207e-06,1.107901335e-05,0,3.43701e-11,2.85033e-06,0.03826311231,-0.02837489545,0.2891434017,0.04307728057
924,9.240000,0.2957406268,0.04034267366,3.829598427e-06,-2.838671207e-06,-2.838671207e-06,1.108646393e-05,0,3.43987e-11,2.85113e-06,0.03826311231,-0.02837489545,0.2924829972,0.04337811271
925,9.250000,0.3003706485,0.0403650701,3.829598427e-06,-2.838671207e-06,-2.838671207e-06,1.109391451e-05,0,3.44272e-11,2.85192e-06,0.03826311231,-0.02837489545,0.2966548179,0.04295158059
926,9.260000,0.3058933616,0.04014964402,3.829598427e-06,-2.838671207e-06,-2.838671207e-06,1.110136509e-05,0,3.44557e-11,2.85271e-06,0.03826311231,-0.02837489545,0.3016156199,0.04284748259
927,9.270000,0.3119297698,0.04016780108,3.829598427e-06,-2.838671207e-06,-2.838671207e-06,1.110881567e-05,0,3.44842e-11,2.85349e-06,0.03826311231,-0.02837489545,0.3073127877,0.04259747269
928,9.280000,0.3184453547,0.0403214395,3.829598427e-06,-2.838671207e-06,-2.838671207e-06,1.111626625e-05,0,3.45128e-11,2.85428e-06,0.03826311231,-0.02837489545,0.3136848471,0.04263836808
929,9.290000,0.3244535252,0.04086779803,3.829598427e-06,-2.838671207e-06,-2.838671207e-06,1.112371683e-05,0,3.45413e-11,2.85507e-06,0.03826311231,-0.02837489545,0.3206620814,0.0424528282
930,9.300000,0.3321071714,0.04116116464,3.829598427e-06,-2.838671207e-06,-2.838671207e-06,1.113116741e-05,0,3.45698e-11,2.85585e-06,0.03826311231,-0.02837489545,0.3281672444,0.04261290703
931,9.310000,0.3407841176,0.04115975648,3.829598427e-06,-2.838671207e-06,-2.838671207e-06,1.113861799e-05,0,3.45984e-11,2.85664e-06,0.03826311231,-0.02837489545,0.3361163616,0.04254867105
932,9.320000,0.3487733603,0.04143730551,3.829598427e-06,-2.838671207e-06,-2.838671207e-06,1.114606857e-05,0,3.46269e-11,2.85742e-06,0.03826311231,-0.02837489545,0.3444196114,0.04234794157
933,9.330000,0.3567878678,0.04213503003,3.829598427e-06,-2.838671207e-06,-2.838671207e-06,1.115351915e-05,0,3.46554e-11,2.8582e-06,0.03826311231,-0.02837489545,0.3529822758,0.04259912981
934,9.340000,0.3651074171,0.04234726727,3.829598427e-06,-2.838671207e-06,-2.838671207e-06,1.116096973e-05,0,3.4684e-11,2.85898e-06,0.03826311231,-0.02837489545,0.3617057513,0.04272178104
935,9.350000,0.3736298829,0.04262886941,3.829598427e-06,-2.838671207e-06,-2.838671207e-06,1.116842031e-05,0,3.47125e-11,2.85976e-06,0.03826311231,-0.02837489545,0.3704886071,0.04262151949
936,9.360000,0.3837986663,0.04179531336,3.829598427e-06,-2.838671207e-06,-2.838671207e-06,1.11758709e-05,0,3.4741e-11,2.86054e-06,0.03826311231,-0.02837489545,0.3792276799,0.04239926274
937,9.370000,0.3921527117,0.04182281345,3.829598427e-06,-2.838671207e-06,-2.838671207e-06,1.118332148e-05,0,3.47696e-11,2.86132e-06,0.03826311231,-0.02837489545,0.3878191924,0.04208700358
938,9.380000,0.4010941684,0.04160469025,3.829598427e-06,-2.838671207e-06,-2.838671207e-06,1.119077206e-05,0,3.47981e-11,2.86209e-06,0.03826311231,-0.02837489545,0.3961598836,0.04249157383
939,9.390000,0.4085290581,0.04173628986,3.829598427e-06,-2.838671207e-06,-2.838671207e-06,1.119822264e-05,0,3.48266e-11,2.86287e-06,0.03826311231,-0.02837489545,0.404148138,0.04260666586
940,9.400000,0.4156611264,0.04215238243,3.829598427e-06,-2.838671207e-06,-2.838671207e-06,1.120567322e-05,0,3.48552e-11,2.86364e-06,0.03826311231,-0.02837489545,0.4116850998,0.04256364907
941,9.410000,0.4214838594,0.04272141308,3.829598427e-06,-2.838671207e-06,-2.838671207e-06,1.12131238e-05,0,3.48837e-11,2.86441e-06,0.03826311231,-0.02837489545,0.418675762,0.04294723858
942,9.420000,0.4272541776,0.0426350534,3.829598427e-06,-2.838671207e-06,-2.838671207e-06,1.122057438e-05,0,3.49122e-11,2.86518e-06,0.03826311231,-0.02837489545,0.4250300158,0.04327185297
943,9.430000,0.4328994378,0.04264663905,3.829598427e-06,-2.838671207e-06,-2.838671207e-06,1.122802496e-05,0,3.49408e-11,2.86595e-06,0.03826311231,-0.02837489545,0.4306636498,0.04312669399
944,9.440000,0.4364921227,0.04320911318,3.829598427e-06,-2.838671207e-06,-2.838671207e-06,1.123547554e-05,0,3.49693e-11,2.86672e-06,0.03826311231,-0.02837489545,0.435499287,0.04296228573
945,9.450000,0.44030682,0.04346964508,3.829598427e-06,-2.838671207e-06,-2.838671207e-06,1.124292612e-05,0,3.49978e-11,2.86749e-06,0.03826311231,-0.02837489545,0.4394672502,0.04318509239
946,9.460000,0.442985706,0.04358126223,3.829598427e-06,-2.838671207e-06,-2.838671207e-06,1.12503767e-05,0,3.50264e-11,2.86826e-06,0.03826311231,-0.02837489545,0.4425063439,0.04296169606
947,9.470000,0.4440887421,0.04382803291,3.829598427e-06,-2.838671207e-06,-2.838671207e-06,1.125782728e-05,0,3.50549e-11,2.86903e-06,0.03826311231,-0.02837489545,0.4445645461,0.04309837697
948,9.480000,0.444788225,0.04365883768,3.829598427e-06,-2.838671207e-06,-2.838671207e-06,1.126527786e-05,0,3.50834e-11,2.86979e-06,0.03826311231,-0.02837489545,0.4455996012,0.04248480255
949,9.490000,0.4442983642,0.04381670058,3.829598427e-06,-2.838671207e-06,-2.838671207e-06,1.127272844e-05,0,3.5112e-11,2.87055e-06,0.03826311231,-0.02837489545,0.4455795068,0.04237013098
950,9.500000,0.4421321899,0.04427277297,3.829598427e-06,-2.838671207e-06,-2.838671207e-06,1.128017902e-05,0,3.51405e-11,2.87132e-06,0.03826311231,-0.02837489545,0.4444828892,0.04206880408
951,9.510000,0.4389551207,0.0444701165,3.829598427e-06,-2.838671207e-06,-2.838671207e-06,1.12876296e-05,0,3.5169e-11,2.87208e-06,0.03826311231,-0.02837489545,0.4422992646,0.04210258548
952,9.520000,0.4360319376,0.04407434165,3.829598427e-06,-2.838671207e-06,-2.838671207e-06,1.129508018e-05,0,3.51976e-11,2.87284e-06,0.03826311231,-0.02837489545,0.4390291804,0.04164426879
953,9.530000,0.4314508066,0.04365485907,3.829598427e-06,-2.838671207e-06,-2.838671207e-06,1.130253077e-05,0,3.52261e-11,2.8736e-06,0.03826311231,-0.02837489545,0.4346842377,0.04205943841
954,9.540000,0.4258032963,0.04330715537,3.829598427e-06,-2.838671207e-06,-2.838671207e-06,1.130998135e-05,0,3.52546e-11,2.87436e-06,0.03826311231,-0.02837489545,0.4292869924,0.04225131396
955,9.550000,0.418747589,0.04346391559,3.829598427e-06,-2.838671207e-06,-2.838671207e-06,1.131743193e-05,0,3.52832e-11,2.87511e-06,0.03826311231,-0.02837489545,0.4228707376,0.04214416721
956,9.560000,0.4107260033,0.04387692362,3.829598427e-06,-2.838671207e-06,-2.838671207e-06,1.132488251e-05,0,3.53117e-11,2.87587e-06,0.03826311231,-0.02837489545,0.415479169,0.04240945702
957,9.570000,0.4021894187,0.04383808374,3.829598427e-06,-2.838671207e-06,-2.838671207e-06,1.133233309e-05,0,3.53402e-11,2.87663e-06,0.03826311231,-0.02837489545,0.4071659372,0.04239998342
958,9.580000,0.392385751,0.04360341281,3.829598427e-06,-2.838671207e-06,-2.838671207e-06,1.133978367e-05,0,3.53688e-11,2.87738e-06,0.03826311231,-0.02837489545,0.397994091,0.04244599557
959,9.590000,0.3820133656,0.04357450455,3.829598427e-06,-2.838671207e-06,-2.838671207e-06,1.134723425e-05,0,3.53973e-11,2.87813e-06,0.03826311231,-0.02837489545,0.3880354198,0.04231208738
960,9.600000,0.3720297366,0.04298941791,3.829598427e-06,-2.838671207e-06,-2.838671207e-06,1.135468483e-05,0,3.54258e-11,2.87889e-06,0.03826311231,-0.02837489545,0.3773697006,0.04237304727
961,9.610000,0.3598808646,0.04325638711,3.829598427e-06,-2.838671207e-06,-2.838671207e-06,1.136213541e-05,0,3.54544e-11,2.87964e-06,0.03826311231,-0.02837489545,0.3660838591,0.04205023578
962,9.620000,0.3484653905,0.0425946787,3.829598427e-06,-2.838671207e-06,-2.838671207e-06,1.136958599e-05,0,3.54829e-11,2.88039e-06,0.03826311231,-0.02837489545,0.3542710538,0.04186041878
963,9.630000,0.3355118781,0.0430662781,3.829598427e-06,-2.838671207e-06,-2.838671207e-06,1.137703657e-05,0,3.55114e-11,2.88113e-06,0.03826311231,-0.02837489545,0.3420296933,0.04194289867
964,9.640000,0.3241384402,0.04241901636,3.829598427e-06,-2.838671207e-06,-2.838671207e-06,1.138448715e-05,0,3.554e-11,2.88188e-06,0.03826311231,-0.02837489545,0.3294623983,0.04236045852
965,9.650000,0.3113490641,0.04237826914,3.829598427e-06,-2.838671207e-06,-2.838671207e-06,1.139193773e-05,0,3.55685e-11,2.88263e-06,0.03826311231,-0.02837489545,0.3166749197,0.04230866978
966,9.660000,0.299116686,0.04180578142,3.829598427e-06,-2.838671207e-06,-2.838671207e-06,1.139938831e-05,0,3.5597e-11,2.88337e-06,0.03826311231,-0.02837489545,0.3037750242,0.04209934566
967,9.670000,0.2857229337,0.04213093966,3.829598427e-06,-2.838671207e-06,-2.838671207e-06,1.140683889e-05,0,3.56256e-11,2.88412e-06,0.03826311231,-0.02837489545,0.2908713613,0.04202748769
968,9.680000,0.2729207873,0.04233009368,3.829598427e-06,-2.838671207e-06,-2.838671207e-06,1.141428947e-05,0,3.56541e-11,2.88486e-06,0.03826311231,-0.02837489545,0.2780723225,0.04174887715
969,9.690000,0.2605216131,0.0423059687,3.829598427e-06,-2.838671207e-06,-2.838671207e-06,1.142174006e-05,0,3.56826e-11,2.88561e-06,0.03826311231,-0.02837489545,0.2654849075,0.04189239053
970,9.700000,0.2484052628,0.04235862941,3.829598427e-06,-2.838671207e-06,-2.838671207e-06,1.142919064e-05,0,3.57112e-11,2.88635e-06,0.03826311231,-0.02837489545,0.2532136081,0.04230168025
971,9.710000,0.236440286,0.0425516814,3.829598427e-06,-2.838671207e-06,-2.838671207e-06,1.143664122e-05,0,3.57397e-11,2.88709e-06,0.03826311231,-0.02837489545,0.2413593238,0.04277231688
972,9.720000,0.2260450497,0.04229176044,3.829598427e-06,-2.838671207e-06,-2.838671207e-06,1.14440918e-05,0,3.57682e-11,2.88783e-06,0.03826311231,-0.02837489545,0.2300183204,0.04300859183
973,9.730000,0.2153405249,0.04250700772,3.829598427e-06,-2.838671207e-06,-2.838671207e-06,1.145154238e-05,0,3.57968e-11,2.88856e-06,0.03826311231,-0.02837489545,0.2192812426,0.04281541046
974,9.740000,0.2056240365,0.04257001728,3.829598427e-06,-2.838671207e-06,-2.838671207e-06,1.145899296e-05,0,3.58253e-11,2.8893e-06,0.03826311231,-0.02837489545,0.209232193,0.04313661672
975,9.750000,0.1974700615,0.04226829857,3.829598427e-06,-2.838671207e-06,-2.838671207e-06,1.146644354e-05,0,3.58538e-11,2.89004e-06,0.03826311231,-0.02837489545,0.1999478871,0.04311087724
976,9.760000,0.1891037673,0.04256679118,3.829598427e-06,-2.838671207e-06,-2.838671207e-06,1.147389412e-05,0,3.58824e-11,2.89077e-06,0.03826311231,-0.02837489545,0.1914968922,0.04292661462
977,9.770000,0.1816450283,0.04260893911,3.829598427e-06,-2.838671207e-06,-2.838671207e-06,1.14813447e-05,0,3.59109e-11,2.89151e-06,0.03826311231,-0.02837489545,0.1839389609,0.04312047769
978,9.780000,0.1759921685,0.04258560389,3.829598427e-06,-2.838671207e-06,-2.838671207e-06,1.148879528e-05,0,3.59394e-11,2.89224e-06,0.03826311231,-0.02837489545,0.1773244654,0.04289496131
979,9.790000,0.1705605537,0.04269105941,3.829598427e-06,-2.838671207e-06,-2.838671207e-06,1.149624586e-05,0,3.5968e-11,2.89297e-06,0.03826311231,-0.02837489545,0.1716939375,0.04306009064
980,9.800000,0.1668556035,0.04260580242,3.829598427e-06,-2.838671207e-06,-2.838671207e-06,1.150369644e-05,0,3.59965e-11,2.8937e-06,0.03826311231,-0.02837489545,0.1670777218,0.04286328011
981,9.810000,0.1633797139,0.04299318045,3.829598427e-06,-2.838671207e-06,-2.838671207e-06,1.151114702e-05,0,3.6025e-11,2.89443e-06,0.03826311231,-0.02837489545,0.1634957432,0.04259408104
982,9.820000,0.1615896598,0.04293400049,3.829598427e-06,-2.838671207e-06,-2.838671207e-06,1.15185976e-05,0,3.60535e-11,2.89516e-06,0.03826311231,-0.02837489545,0.1609573928,0.04253486276
983,9.830000,0.1605788097,0.0428320393,3.829598427e-06,-2.838671207e-06,-2.838671207e-06,1.152604818e-05,0,3.60821e-11,2.89589e-06,0.03826311231,-0.02837489545,0.1594615324,0.04231252126
984,9.840000,0.1602296457,0.0431528464,3.829598427e-06,-2.838671207e-06,-2.838671207e-06,1.153349876e-05,0,3.61106e-11,2.89662e-06,0.03826311231,-0.02837489545,0.1589966169,0.04242182606
985,9.850000,0.1607342288,0.04342544824,3.829598427e-06,-2.838671207e-06,-2.838671207e-06,1.154094934e-05,0,3.61391e-11,2.89734e-06,0.03826311231,-0.02837489545,0.1595409338,0.04246351183
986,9.860000,0.1617380306,0.04375680536,3.829598427e-06,-2.838671207e-06,-2.838671207e-06,1.154839993e-05,0,3.61677e-11,2.89807e-06,0.03826311231,-0.02837489545,0.161062956,0.04222837399
987,9.870000,0.1647062227,0.04421748966,3.829598427e-06,-2.838671207e-06,-2.838671207e-06,1.155585051e-05,0,3.61962e-11,2.89879e-06,0.03826311231,-0.02837489545,0.1635218038,0.04239593505
988,9.880000,0.1681315973,0.0447788164,3.829598427e-06,-2.846121788e-06,-2.846121788e-06,1.156330109e-05,0,3.61824e-11,2.8951e-06,0.03826311231,-0.02844654769,0.1668678109,0.04256936236
989,9.890000,0.1722179279,0.04524578154,3.829598427e-06,-2.853572369e-06,-2.853572369e-06,1.157075167e-05,0,3.61685e-11,2.89141e-06,0.03826311231,-0.02851819992,0.1710431866,0.04335658856
990,9.900000,0.1775176227,0.04544109851,3.829598427e-06,-2.861022949e-06,-2.861022949e-06,1.157820225e-05,0,3.61544e-11,2.88771e-06,0.03826311231,-0.02858985215,0.1759827678,0.0440476655
991,9.910000,0.1836044639,0.04526447505,3.829598427e-06,-2.86847353e-06,-2.86847353e-06,1.158565283e-05,0,3.61403e-11,2.88401e-06,0.03826311231,-0.02866150439,0.1816148505,0.04413622688
992,9.920000,0.1902532801,0.04495732486,3.829598427e-06,-2.87592411e-06,-2.87592411e-06,1.157820225e-05,0,3.60689e-11,2.87885e-06,0.03826311231,-0.02873316407,0.1878620927,0.04444094977
993,9.930000,0.1972288266,0.04474572092,3.829598427e-06,-2.883374691e-06,-2.883374691e-06,1.157075167e-05,0,3.59975e-11,2.87366e-06,0.03826311231,-0.02880481631,0.1946424757,0.04452946576
994,9.940000,0.2043136805,0.04509220272,3.829598427e-06,-2.890825272e-06,-2.890825272e-06,1.156330109e-05,0,3.59259e-11,2.86847e-06,0.03826311231,-0.02887646854,0.2018703157,0.04440488895
995,9.950000,0.2116353512,0.04537614435,3.829598427e-06,-2.898275852e-06,-2.898275852e-06,1.155585051e-05,0,3.58543e-11,2.86326e-06,0.03826311231,-0.02894812077,0.2094573111,0.04448167034
996,9.960000,0.2201428935,0.04519543797,3.829598427e-06,-2.905726433e-06,-2.905726433e-06,1.154839993e-05,0,3.57825e-11,2.85803e-06,0.03826311231,-0.02901977301,0.2173136148,0.04454523173
997,9.970000,0.2278640568,0.04523185641,3.829598427e-06,-2.905726433e-06,-2.905726433e-06,1.154094934e-05,0,3.5754e-11,2.85728e-06,0.03826311231,-0.02901977301,0.2253489195,0.04428222052
998,9.980000,0.2361153364,0.04502721876,3.829598427e-06,-2.905726433e-06,-2.905726433e-06,1.153349876e-05,0,3.57254e-11,2.85653e-06,0.03826311231,-0.02901977301,0.2334735414,0.04442637495
999,9.990000,0.2442756593,0.04496594518,3.829598427e-06,-2.905726433e-06,-2.905726433e-06,1.152604818e-05,0,3.56969e-11,2.85578e-06,0.03826311231,-0.02901977301,0.2415994921,0.04439815234
1000,10.000000,0.2524904758,0.04476668686,3.829598427e-06,-2.905726433e-06,-2.905726433e-06,1.15185976e-05,0,3.56684e-11,2.85503e-06,0.03826311231,-0.02901977301,0.2496415247,0.04470366209
1001,10.010000,0.2600470483,0.04492176324,3.829598427e-06,-2.905726433e-06,-2.905726433e-06,1.151114702e-05,0,3.56398e-11,2.85428e-06,0.03826311231,-0.02901977301,0.257518143,0.04497211174
1002,10.020000,0.2673021033,0.04480741173,3.829598427e-06,-2.905726433e-06,-2.905726433e-06,1.150369644e-05,0,3.56113e-11,2.85352e-06,0.03826311231,-0.02901977301,0.2651525611,0.04447483042
1003,10.030000,0.2741734684,0.04464304447,3.829598427e-06,-2.905726433e-06,-2.905726433e-06,1.149624586e-05,0,3.55828e-11,2.85276e-06,0.03826311231,-0.02901977301,0.2724736035,0.0446162647
1004,10.040000,0.2820880711,0.04389245063,3.829598427e-06,-2.905726433e-06,-2.905726433e-06,1.148879528e-05,0,3.55542e-11,2.85201e-06,0.03826311231,-0.02901977301,0.2794165345,0.04490713541
1005,10.050000,0.2889214084,0.04349716008,3.829598427e-06,-2.905726433e-06,-2.905726433e-06,1.14813447e-05,0,3.55257e-11,2.85125e-06,0.03826311231,-0.02901977301,0.2859238076,0.0444137981
1006,10.060000,0.2947543114,0.04359758645,3.829598427e-06,-2.905726433e-06,-2.905726433e-06,1.147389412e-05,0,3.54972e-11,2.85049e-06,0.03826311231,-0.02901977301,0.2919457263,0.04502764496
1007,10.070000,0.2993633747,0.04403933138,3.829598427e-06,-2.905726433e-06,-2.905726433e-06,1.146644354e-05,0,3.54686e-11,2.84973e-06,0.03826311231,-0.02901977301,0.2974410086,0.04489801488
1008,10.080000,0.3040779606,0.04386882484,3.829598427e-06,-2.905726433e-06,-2.905726433e-06,1.145899296e-05,0,3.54401e-11,2.84897e-06,0.03826311231,-0.02901977301,0.3023772493,0.04467164797
1009,10.090000,0.3086592183,0.04339718819,3.829598427e-06,-2.905726433e-06,-2.905726433e-06,1.145154238e-05,0,3.54116e-11,2.84821e-06,0.03826311231,-0.02901977301,0.3067312731,0.04433665177
1010,10.100000,0.3127700612,0.0431330353,3.829598427e-06,-2.905726433e-06,-2.905726433e-06,1.14440918e-05,0,3.5383e-11,2.84744e-06,0.03826311231,-0.02901977301,0.3104893772,0.04478656798
1011,10.110000,0.3142260537,0.0437245816,3.829598427e-06,-2.905726433e-06,-2.905726433e-06,1.143664122e-05,0,3.53545e-11,2.84668e-06,0.03826311231,-0.02901977301,0.3136474579,0.04465768715
1012,10.120000,0.3162819371,0.04379241168,3.829598427e-06,-2.905726433e-06,-2.905726433e-06,1.142919064e-05,0,3.5326e-11,2.84591e-06,0.03826311231,-0.02901977301,0.3162110214,0.04498264456
1013,10.130000,0.3177788779,0.04398114979,3.829598427e-06,-2.905726433e-06,-2.905726433e-06,1.142174006e-05,0,3.52974e-11,2.84515e-06,0.03826311231,-0.02901977301,0.3181950784,0.04501329634
1014,10.140000,0.3184157088,0.04424082488,3.829598427e-06,-2.905726433e-06,-2.905726433e-06,1.141428947e-05,0,3.52689e-11,2.84438e-06,0.03826311231,-0.02901977301,0.3196239231,0.04518666834
1015,10.150000,0.3187845796,0.04421652108,3.829598427e-06,-2.905726433e-06,-2.905726433e-06,1.140683889e-05,0,3.52404e-11,2.84361e-06,0.03826311231,-0.02901977301,0.3205308009,0.04453222135
1016,10.160000,0.3189978004,0.04401779175,3.829598427e-06,-2.905726433e-06,-2.905726433e-06,1.139938831e-05,0,3.52118e-11,2.84284e-06,0.03826311231,-0.02901977301,0.3209574658,0.04480417444
1017,10.170000,0.3183051795,0.04401561618,3.829598427e-06,-2.905726433e-06,-2.905726433e-06,1.139193773e-05,0,3.51833e-11,2.84207e-06,0.03826311231,-0.02901977301,0.320953636,0.04534069402
1018,10.180000,0.3172697201,0.04424963146,3.829598427e-06,-2.905726433e-06,-2.905726433e-06,1.138448715e-05,0,3.51548e-11,2.8413e-06,0.03826311231,-0.02901977301,0.3205763514,0.04538255954
1019,10.190000,0.3170451894,0.04428500682,3.829598427e-06,-2.905726433e-06,-2.905726433e-06,1.137703657e-05,0,3.51262e-11,2.84052e-06,0.03826311231,-0.02901977301,0.3198892416,0.04579056363
1020,10.200000,0.3168451488,0.04392063618,3.829598427e-06,-2.905726433e-06,-2.905726433e-06,1.136958599e-05,0,3.50977e-11,2.83975e-06,0.03826311231,-0.02901977301,0.3189617134,0.0457086303
1021,10.210000,0.3157395124,0.0440056324,3.829598427e-06,-2.905726433e-06,-2.905726433e-06,1.136213541e-05,0,3.50692e-11,2.83897e-06,0.03826311231,-0.02901977301,0.3178680654,0.0451170269
1022,10.220000,0.3141582459,0.04410459101,3.829598427e-06,-2.905726433e-06,-2.905726433e-06,1.135468483e-05,0,3.50406e-11,2.8382e-06,0.03826311231,-0.02901977301,0.3166865424,0.04518368854
1023,10.230000,0.3132698089,0.04390929639,3.829598427e-06,-2.905726433e-06,-2.905726433e-06,1.134723425e-05,0,3.50121e-11,2.83742e-06,0.03826311231,-0.02901977301,0.3154983387,0.04498017584
1024,10.240000,0.3119651005,0.04321907461,3.829598427e-06,-2.905726433e-06,-2.905726433e-06,1.133978367e-05,0,3.49836e-11,2.83664e-06,0.03826311231,-0.02901977301,0.3143865624,0.04490113177
1025,10.250000,0.3118760511,0.04301027209,3.829598427e-06,-2.905726433e-06,-2.905726433e-06,1.133233309e-05,0,3.4955e-11,2.83586e-06,0.03826311231,-0.02901977301,0.3134351734,0.04513127249
1026,10.260000,0.311311543,0.04292493314,3.829598427e-06,-2.905726433e-06,-2.905726433e-06,1.132488251e-05,0,3.49265e-11,2.83508e-06,0.03826311231,-0.02901977301,0.3127279065,0.04520414362
1027,10.270000,0.3103190064,0.04321731627,3.829598427e-06,-2.905726433e-06,-2.905726433e-06,1.131743193e-05,0,3.4898e-11,2.8343e-06,0.03826311231,-0.02901977301,0.3123471929,0.04526413271
1028,10.280000,0.3100110069,0.04339306802,3.829598427e-06,-2.905726433e-06,-2.905726433e-06,1.130998135e-05,0,3.48694e-11,2.83352e-06,0.03826311231,-0.02901977301,0.3123730915,0.04578259999
1029,10.290000,0.3105416372,0.04345389456,3.829598427e-06,-2.905726433e-06,-2.905726433e-06,1.130253077e-05,0,3.48409e-11,2.83273e-06,0.03826311231,-0.02901977301,0.3128822447,0.04566077219
1030,10.300000,0.3115772307,0.0437592715,3.829598427e-06,-2.905726433e-06,-2.905726433e-06,1.129508018e-05,0,3.48124e-11,2.83195e-06,0.03826311231,-0.02901977301,0.3139468681,0.04541837361
1031,10.310000,0.313137956,0.04431302845,3.829598427e-06,-2.905726433e-06,-2.905726433e-06,1.12876296e-05,0,3.47838e-11,2.83116e-06,0.03826311231,-0.02901977301,0.3156337879,0.04507731737
1032,10.320000,0.3157055676,0.04421891272,3.829598427e-06,-2.905726433e-06,-2.905726433e-06,1.128017902e-05,0,3.47553e-11,2.83037e-06,0.03826311231,-0.02901977301,0.3180035367,0.04544840043
1033,10.330000,0.3197125494,0.04426775873,3.829598427e-06,-2.905726433e-06,-2.905726433e-06,1.127272844e-05,0,3.47268e-11,2.82959e-06,0.03826311231,-0.02901977301,0.3211095182,0.04506406298
1034,10.340000,0.3237149343,0.04424161464,3.829598427e-06,-2.905726433e-06,-2.905726433e-06,1.126527786e-05,0,3.46982e-11,2.8288e-06,0.03826311231,-0.02901977301,0.3249972507,0.04469635315
1035,10.350000,0.3297998533,0.04421608895,3.829598427e-06,-2.905726433e-06,-2.905726433e-06,1.125782728e-05,0,3.46697e-11,2.82801e-06,0.03826311231,-0.02901977301,0.3297036984,0.04512765694
1036,10.360000,0.335883677,0.04435513169,3.829598427e-06,-2.905726433e-06,-2.905726433e-06,1.12503767e-05,0,3.46412e-11,2.82721e-06,0.03826311231,-0.02901977301,0.3352566984,0.04493081131
1037,10.370000,0.3425304741,0.04470872134,3.829598427e-06,-2.905726433e-06,-2.905726433e-06,1.124292612e-05,0,3.46126e-11,2.82642e-06,0.03826311231,-0.02901977301,0.3416744906,0.04435718759
1038,10.380000,0.3502358347,0.04501824081,3.829598427e-06,-2.905726433e-06,-2.905726433e-06,1.123547554e-05,0,3.45841e-11,2.82563e-06,0.03826311231,-0.02901977301,0.3489653556,0.04452128192
1039,10.390000,0.3593457267,0.04482799023,3.829598427e-06,-2.905726433e-06,-2.905726433e-06,1.122802496e-05,0,3.45556e-11,2.82483e-06,0.03826311231,-0.02901977301,0.3571273656,0.04440662096
1040,10.400000,0.3684692159,0.0448018983,3.829598427e-06,-2.905726433e-06,-2.905726433e-06,1.122057438e-05,0,3.4527e-11,2.82404e-06,0.03826311231,-0.02901977301,0.3661482513,0.04455540456
1041,10.410000,0.3788453788,0.04475419223,3.829598427e-06,-2.905726433e-06,-2.905726433e-06,1.12131238e-05,0,3.44985e-11,2.82324e-06,0.03826311231,-0.02901977301,0.3760053863,0.04481318232
1042,10.420000,0.3896499649,0.04476308823,3.829598427e-06,-2.905726433e-06,-2.905726433e-06,1.120567322e-05,0,3.447e-11,2.82244e-06,0.03826311231,-0.02901977301,0.3866658908,0.04467974614
1043,10.430000,0.4014487267,0.04489065707,3.829598427e-06,-2.905726433e-06,-2.905726433e-06,1.119822264e-05,0,3.44414e-11,2.82164e-06,0.03826311231,-0.02901977301,0.3980868516,0.04475313208
1044,10.440000,0.4138324931,0.0447081849,3.829598427e-06,-2.905726433e-06,-2.905726433e-06,1.119077206e-05,0,3.44129e-11,2.82084e-06,0.03826311231,-0.02901977301,0.4102156588,0.04459830493
1045,10.450000,0.4265542626,0.04497968405,3.829598427e-06,-2.905726433e-06,-2.905726433e-06,1.118332148e-05,0,3.43844e-11,2.82004e-06,0.03826311231,-0.02901977301,0.4229904534,0.04488891102
1046,10.460000,0.4398876205,0.04518713057,3.829598427e-06,-2.905726433e-06,-2.905726433e-06,1.11758709e-05,0,3.43559e-11,2.81923e-06,0.03826311231,-0.02901977301,0.4363406827,0.04465066052
1047,10.470000,0.4540790543,0.04491133988,3.829598427e-06,-2.905726433e-06,-2.905726433e-06,1.116842031e-05,0,3.43273e-11,2.81843e-06,0.03826311231,-0.02901977301,0.4501877567,0.04449478374
1048,10.480000,0.4679879993,0.04541114718,3.829598427e-06,-2.905726433e-06,-2.905726433e-06,1.116096973e-05,0,3.42988e-11,2.81762e-06,0.03826311231,-0.02901977301,0.4644457982,0.04366190269
1049,10.490000,0.4816426486,0.04588089883,3.829598427e-06,-2.905726433e-06,-2.905726433e-06,1.115351915e-05,0,3.42703e-11,2.81682e-06,0.03826311231,-0.02901977301,0.4790224795,0.04370483663
1050,10.500000,0.4962851703,0.04594109952,3.829598427e-06,-2.905726433e-06,-2.905726433e-06,1.114606857e-05,0,3.42417e-11,2.81601e-06,0.03826311231,-0.02901977301,0.4938199345,0.04348271939
1051,10.510000,0.510628894,0.04616840184,3.829598427e-06,-2.905726433e-06,-2.905726433e-06,1.113861799e-05,0,3.42132e-11,2.8152e-06,0.03826311231,-0.02901977301,0.5087357386,0.0428763816
1052,10.520000,0.5260904059,0.04589435458,3.829598427e-06,-2.905726433e-06,-2.905726433e-06,1.113116741e-05,0,3.41847e-11,2.81439e-06,0.03826311231,-0.02901977301,0.5236639435,0.04319314878
1053,10.530000,0.5405950248,0.04583357275,3.829598427e-06,-2.905726433e-06,-2.905726433e-06,1.112371683e-05,0,3.41561e-11,2.81358e-06,0.03826311231,-0.02901977301,0.5384961561,0.04303548457
1054,10.540000,0.5548533201,0.04594613612,3.829598427e-06,-2.905726433e-06,-2.905726433e-06,1.111626625e-05,0,3.41276e-11,2.81277e-06,0.03826311231,-0.02901977301,0.5531226498,0.04295763373
1055,10.550000,0.5686388686,0.04625719041,3.829598427e-06,-2.905726433e-06,-2.905726433e-06,1.110881567e-05,0,3.40991e-11,2.81195e-06,0.03826311231,-0.02901977301,0.5674334958,0.04295332837
1056,10.560000,0.5826933384,0.04633529484,3.829598427e-06,-2.905726433e-06,-2.905726433e-06,1.110136509e-05,0,3.40705e-11,2.81114e-06,0.03826311231,-0.02901977301,0.5813197005,0.04269984193
1057,10.570000,0.5957040489,0.046352081,3.829598427e-06,-2.905726433e-06,-2.905726433e-06,1.109391451e-05,0,3.4042e-11,2.81032e-06,0.03826311231,-0.02901977301,0.5946743389,0.04284029666
1058,10.580000,0.608382985,0.04615028948,3.829598427e-06,-2.905726433e-06,-2.905726433e-06,1.108646393e-05,0,3.40135e-11,2.80951e-06,0.03826311231,-0.02901977301,0.607393668,0.04291507179
1059,10.590000,0.6203972176,0.04577167332,3.829598427e-06,-2.905726433e-06,-2.905726433e-06,1.107901335e-05,0,3.39849e-11,2.80869e-06,0.03826311231,-0.02901977301,0.6193782105,0.04266895074
1060,10.600000,0.6312832087,0.04542406648,3.829598427e-06,-2.905726433e-06,-2.905726433e-06,1.107156277e-05,0,3.39564e-11,2.80787e-06,0.03826311231,-0.02901977301,0.6305337958,0.04301252179
1061,10.610000,0.6411619335,0.04542181641,3.829598427e-06,-2.905726433e-06,-2.905726433e-06,1.106411219e-05,0,3.39279e-11,2.80705e-06,0.03826311231,-0.02901977301,0.6407725454,0.04353481015
1062,10.620000,0.6488597915,0.04567142576,3.829598427e-06,-2.905726433e-06,-2.905726433e-06,1.105666161e-05,0,3.38993e-11,2.80623e-06,0.03826311231,-0.02901977301,0.6500137938,0.04350709036
1063,10.630000,0.6567970663,0.04556585103,3.829598427e-06,-2.905726433e-06,-2.905726433e-06,1.104921103e-05,0,3.38708e-11,2.80541e-06,0.03826311231,-0.02901977301,0.6581849325,0.04336622182
1064,10.640000,0.6627653986,0.04628238827,3.829598427e-06,-2.905726433e-06,-2.905726433e-06,1.104176044e-05,0,3.38423e-11,2.80458e-06,0.03826311231,-0.02901977301,0.6652221695,0.04291994682
1065,10.650000,0.6687728912,0.04579629749,3.829598427e-06,-2.905726433e-06,-2.905726433e-06,1.103430986e-05,0,3.38137e-11,2.80376e-06,0.03826311231,-0.02901977301,0.6710711943,0.0430428468
1066,10.660000,0.6724123806,0.04616666585,3.829598427e-06,-2.905726433e-06,-2.905726433e-06,1.102685928e-05,0,3.37852e-11,2.80293e-06,0.03826311231,-0.02901977301,0.6756877413,0.04321876865
1067,10.670000,0.6751450375,0.0460722819,3.829598427e-06,-2.905726433e-06,-2.905726433e-06,1.10194087e-05,0,3.37567e-11,2.8021e-06,0.03826311231,-0.02901977301,0.6790380464,0.0439109321
1068,10.680000,0.6764850467,0.04621100426,3.829598427e-06,-2.905726433e-06,-2.905726433e-06,1.101195812e-05,0,3.37281e-11,2.80127e-06,0.03826311231,-0.02901977301,0.6810991897,0.04360850651
1069,10.690000,0.6762453094,0.04634816945,3.829598427e-06,-2.905726433e-06,-2.905726433e-06,1.100450754e-05,0,3.36996e-11,2.80044e-06,0.03826311231,-0.02901977301,0.6818593221,0.04385701315
1070,10.700000,0.6755905449,0.04608245939,3.829598427e-06,-2.905726433e-06,-2.905726433e-06,1.099705696e-05,0,3.36711e-11,2.79961e-06,0.03826311231,-0.02901977301,0.6813177727,0.04350566537
1071,10.710000,0.6728493646,0.04601039737,3.829598427e-06,-2.905726433e-06,-2.905726433e-06,1.098960638e-05,0,3.36425e-11,2.79878e-06,0.03826311231,-0.02901977301,0.6794850352,0.04339313329
1072,10.720000,0.6690502986,0.04584334791,3.829598427e-06,-2.905726433e-06,-2.905726433e-06,1.09821558e-05,0,3.3614e-11,2.79795e-06,0.03826311231,-0.02901977301,0.6763826353,0.04349455813
1073,10.730000,0.6644123718,0.04579423368,3.829598427e-06,-2.905726433e-06,-2.905726433e-06,1.097470522e-05,0,3.35855e-11,2.79711e-06,0.03826311231,-0.02901977301,0.6720428777,0.04323532103
1074,10.740000,0.6591833234,0.04518616199,3.829598427e-06,-2.905726433e-06,-2.905726433e-06,1.096725464e-05,0,3.35569e-11,2.79628e-06,0.03826311231,-0.02901977301,0.6665084786,0.04372338174
1075,10.750000,0.6521272138,0.0453395918,3.829598427e-06,-2.905726433e-06,-2.905726433e-06,1.095980406e-05,0,3.35284e-11,2.79544e-06,0.03826311231,-0.02901977301,0.6598320856,0.04358071611
1076,10.760000,0.6441661939,0.0452965796,3.829598427e-06,-2.905726433e-06,-2.905726433e-06,1.095235348e-05,0,3.34999e-11,2.7946e-06,0.03826311231,-0.02901977301,0.652075692,0.04366682239
1077,10.770000,0.634464331,0.04547850788,3.829598427e-06,-2.905726433e-06,-2.905726433e-06,1.09449029e-05,0,3.34713e-11,2.79376e-06,0.03826311231,-0.02901977301,0.6433099505,0.04345954688
1078,10.780000,0.6248769164,0.04529692233,3.829598427e-06,-2.905726433e-06,-2.905726433e-06,1.093745232e-05,0,3.34428e-11,2.79292e-06,0.03826311231,-0.02901977301,0.6336133958,0.04311129316
1079,10.790000,0.613994889,0.04519432783,3.829598427e-06,-2.905726433e-06,-2.905726433e-06,1.093000174e-05,0,3.34143e-11,2.79208e-06,0.03826311231,-0.02901977301,0.6230715833,0.04326463955
1080,10.800000,0.6024451181,0.04507426918,3.829598427e-06,-2.905726433e-06,-2.905726433e-06,1.092255116e-05,0,3.33857e-11,2.79124e-06,0.03826311231,-0.02901977301,0.6117761544,0.04290065646
1081,10.810000,0.5918107331,0.04409217834,3.829598427e-06,-2.905726433e-06,-2.905726433e-06,1.091510057e-05,0,3.33572e-11,2.79039e-06,0.03826311231,-0.02901977301,0.5998238393,0.04286331252
1082,10.820000,0.578552857,0.04410282522,3.829598427e-06,-2.905726433e-06,-2.905726433e-06,1.090764999e-05,0,3.33287e-11,2.78955e-06,0.03826311231,-0.02901977301,0.5873154069,0.04259126403
1083,10.830000,0.5667031407,0.04308025539,3.829598427e-06,-2.905726433e-06,-2.905726433e-06,1.090019941e-05,0,3.33001e-11,2.7887e-06,0.03826311231,-0.02901977301,0.5743545759,0.04241504185
1084,10.840000,0.5536006168,0.04286623001,3.829598427e-06,-2.905726433e-06,-2.905726433e-06,1.089274883e-05,0,3.32716e-11,2.78785e-06,0.03826311231,-0.02901977301,0.5610468969,0.04252409604
1085,10.850000,0.5404596925,0.04261943698,3.829598427e-06,-2.905726433e-06,-2.905726433e-06,1.088529825e-05,0,3.32431e-11,2.787e-06,0.03826311231,-0.02901977301,0.5474986201,0.04241127449
1086,10.860000,0.5270653516,0.04261676967,3.829598427e-06,-2.905726433e-06,-2.905726433e-06,1.087784767e-05,0,3.32145e-11,2.78615e-06,0.03826311231,-0.02901977301,0.5338155599,0.04238350324
1087,10.870000,0.5140381381,0.04229431599,3.829598427e-06,-2.905726433e-06,-2.905726433e-06,1.087039709e-05,0,3.3186e-11,2.7853e-06,0.03826311231,-0.02901977301,0.5201019703,0.04257950331
1088,10.880000,0.5003626868,0.04216209054,3.829598427e-06,-2.905726433e-06,-2.905726433e-06,1.086294651e-05,0,3.31575e-11,2.78445e-06,0.03826311231,-0.02901977301,0.5064594418,0.04262059423
1089,10.890000,0.4873940498,0.04196446389,3.829598427e-06,-2.905726433e-06,-2.905726433e-06,1.085549593e-05,0,3.31289e-11,2.78359e-06,0.03826311231,-0.02901977301,0.4929858346,0.04293050545
1090,10.900000,0.4741379097,0.04210788757,3.829598427e-06,-2.905726433e-06,-2.905726433e-06,1.084804535e-05,0,3.31004e-11,2.78274e-06,0.03826311231,-0.02901977301,0.4797742581,0.04364644068
1091,10.910000,0.4615432695,0.04202154279,3.829598427e-06,-2.905726433e-06,-2.905726433e-06,1.084059477e-05,0,3.30719e-11,2.78188e-06,0.03826311231,-0.02901977301,0.4669121085,0.04329754622
1092,10.920000,0.4498582557,0.04166387022,3.829598427e-06,-2.905726433e-06,-2.905726433e-06,1.083314419e-05,0,3.30433e-11,2.78102e-06,0.03826311231,-0.02901977301,0.4544801758,0.04326739721
1093,10.930000,0.4385700151,0.04128303379,3.829598427e-06,-2.905726433e-06,-2.905726433e-06,1.082569361e-05,0,3.30148e-11,2.78017e-06,0.03826311231,-0.02901977301,0.4425518295,0.04298525711
1094,10.940000,0.4278457388,0.04138350487,3.829598427e-06,-2.905726433e-06,-2.905726433e-06,1.081824303e-05,0,3.29863e-11,2.7793e-06,0.03826311231,-0.02901977301,0.431192292,0.04311111661
1095,10.950000,0.4185348228,0.04073673487,3.829598427e-06,-2.905726433e-06,-2.905726433e-06,1.081079245e-05,0,3.29577e-11,2.77844e-06,0.03826311231,-0.02901977301,0.420458008,0.04303075652
1096,10.960000,0.4082272947,0.04085296392,3.829598427e-06,-2.905726433e-06,-2.905726433e-06,1.080334187e-05,0,3.29292e-11,2.77758e-06,0.03826311231,-0.02901977301,0.4103961161,0.04297530558
1097,10.970000,0.3997068033,0.04018894583,3.829598427e-06,-2.898275852e-06,-2.898275852e-06,1.079589128e-05,0,3.29439e-11,2.78149e-06,0.03826311231,-0.02894812077,0.4010440298,0.04283947558
1098,10.980000,0.391532734,0.03967346996,3.829598427e-06,-2.890825272e-06,-2.890825272e-06,1.07884407e-05,0,3.29585e-11,2.78539e-06,0.03826311231,-0.02887646854,0.39242913,0.04292228246
1099,10.990000,0.3837870806,0.03976779431,3.829598427e-06,-2.883374691e-06,-2.883374691e-06,1.078099012e-05,0,3.2973e-11,2.78929e-06,0.03826311231,-0.02880481631,0.3845685747,0.04279367733
1100,11.000000,0.3768279478,0.03994842619,3.829598427e-06,-2.87592411e-06,-2.87592411e-06,1.077353954e-05,0,3.29874e-11,2.79319e-06,0.03826311231,-0.02873316407,0.3774692258,0.04300710514
1101,11.010000,0.3715388328,0.03908807784,3.829598427e-06,-2.86847353e-06,-2.86847353e-06,1.078099012e-05,0,3.30587e-11,2.79879e-06,0.03826311231,-0.02866150439,0.3711276943,0.0426011348
1102,11.020000,0.3671173379,0.03862511367,3.829598427e-06,-2.861022949e-06,-2.861022949e-06,1.07884407e-05,0,3.31299e-11,2.80437e-06,0.03826311231,-0.02858985215,0.3655305037,0.04245520404
1103,11.030000,0.3626204878,0.03879912943,3.829598427e-06,-2.853572369e-06,-2.853572369e-06,1.079589128e-05,0,3.32011e-11,2.80995e-06,0.03826311231,-0.02851819992,0.3606543675,0.04208637014
1104,11.040000,0.3588139638,0.0385536924,3.829598427e-06,-2.846121788e-06,-2.846121788e-06,1.080334187e-05,0,3.32721e-11,2.81551e-06,0.03826311231,-0.02844654769,0.3564665799,0.04221289969
1105,11.050000,0.3556493297,0.03874326497,3.829598427e-06,-2.838671207e-06,-2.838671207e-06,1.081079245e-05,0,3.33429e-11,2.82105e-06,0.03826311231,-0.02837489545,0.3529255121,0.04204700569
1106,11.060000,0.3528600186,0.03897308558,3.829598427e-06,-2.838671207e-06,-2.838671207e-06,1.081824303e-05,0,3.33715e-11,2.82188e-06,0.03826311231,-0.02837489545,0.3499812109,0.04173140923
1107,11.070000,0.3500298485,0.03948771209,3.829598427e-06,-2.838671207e-06,-2.838671207e-06,1.082569361e-05,0,3.34e-11,2.82272e-06,0.03826311231,-0.02837489545,0.3475760904,0.04122885737
1108,11.080000,0.3479606882,0.04024526477,3.829598427e-06,-2.838671207e-06,-2.838671207e-06,1.083314419e-05,0,3.34285e-11,2.82355e-06,0.03826311231,-0.02837489545,0.3456457097,0.04161178838
1109,11.090000,0.3463717178,0.04037968814,3.829598427e-06,-2.838671207e-06,-2.838671207e-06,1.084059477e-05,0,3.34571e-11,2.82438e-06,0.03826311231,-0.02837489545,0.3441196268,0.04149453695
1110,11.100000,0.3452469334,0.04018135369,3.829598427e-06,-2.838671207e-06,-2.838671207e-06,1.084804535e-05,0,3.34856e-11,2.82521e-06,0.03826311231,-0.02837489545,0.3429223195,0.04165926356
1111,11.110000,0.3447433189,0.03994139284,3.829598427e-06,-2.838671207e-06,-2.838671207e-06,1.085549593e-05,0,3.35141e-11,2.82604e-06,0.03826311231,-0.02837489545,0.3419741614,0.04180533866
1112,11.120000,0.3435720429,0.03992530704,3.829598427e-06,-2.838671207e-06,-2.838671207e-06,1.086294651e-05,0,3.35427e-11,2.82686e-06,0.03826311231,-0.02837489545,0.3411924427,0.04165113119
1113,11.130000,0.3426000103,0.04051332176,3.829598427e-06,-2.838671207e-06,-2.838671207e-06,1.087039709e-05,0,3.35712e-11,2.82769e-06,0.03826311231,-0.02837489545,0.3404924226,0.04196304304
1114,11.140000,0.3423131555,0.04051248729,3.829598427e-06,-2.838671207e-06,-2.838671207e-06,1.087784767e-05,0,3.35997e-11,2.82851e-06,0.03826311231,-0.02837489545,0.3397884026,0.04239118898
1115,11.150000,0.3405971751,0.04082222283,3.829598427e-06,-2.838671207e-06,-2.838671207e-06,1.088529825e-05,0,3.36283e-11,2.82934e-06,0.03826311231,-0.02837489545,0.3389948066,0.04250274831
1116,11.160000,0.339022994,0.04108592868,3.829598427e-06,-2.838671207e-06,-2.838671207e-06,1.089274883e-05,0,3.36568e-11,2.83016e-06,0.03826311231,-0.02837489545,0.3380272567,0.04229198915
1117,11.170000,0.3374454603,0.04126112908,3.829598427e-06,-2.838671207e-06,-2.838671207e-06,1.090019941e-05,0,3.36853e-11,2.83098e-06,0.03826311231,-0.02837489545,0.3368036306,0.04159437067
1118,11.180000,0.3359599933,0.0408924222,3.829598427e-06,-2.838671207e-06,-2.838671207e-06,1.090764999e-05,0,3.37139e-11,2.8318e-06,0.03826311231,-0.02837489545,0.3352450901,0.04204521963
1119,11.190000,0.334090136,0.04086820781,3.829598427e-06,-2.838671207e-06,-2.838671207e-06,1.091510057e-05,0,3.37424e-11,2.83262e-06,0.03826311231,-0.02837489545,0.3332770674,0.04216061407
1120,11.200000,0.3309614658,0.04125908017,3.829598427e-06,-2.838671207e-06,-2.838671207e-06,1.092255116e-05,0,3.37709e-11,2.83344e-06,0.03826311231,-0.02837489545,0.3308301982,0.04308589333
1121,11.210000,0.3279173374,0.04100272059,3.829598427e-06,-2.838671207e-06,-2.838671207e-06,1.093000174e-05,0,3.37995e-11,2.83425e-06,0.03826311231,-0.02837489545,0.3278411906,0.04318399045
1122,11.220000,0.3245725781,0.04102893919,3.829598427e-06,-2.838671207e-06,-2.838671207e-06,1.093745232e-05,0,3.3828e-11,2.83507e-06,0.03826311231,-0.02837489545,0.3242536209,0.04314256583
1123,11.230000,0.3202874064,0.04079385102,3.829598427e-06,-2.838671207e-06,-2.838671207e-06,1.09449029e-05,0,3.38565e-11,2.83588e-06,0.03826311231,-0.02837489545,0.3200186443,0.043212895
1124,11.240000,0.3151545525,0.04085700959,3.829598427e-06,-2.838671207e-06,-2.838671207e-06,1.095235348e-05,0,3.38851e-11,2.8367e-06,0.03826311231,-0.02837489545,0.3150956159,0.04348119492
1125,11.250000,0.3090501651,0.04118359834,3.829598427e-06,-2.838671207e-06,-2.838671207e-06,1.095980406e-05,0,3.39136e-11,2.83751e-06,0.03826311231,-0.02837489545,0.3094526117,0.04346276381
1126,11.260000,0.3022996113,0.04096110165,3.829598427e-06,-2.838671207e-06,-2.838671207e-06,1.096725464e-05,0,3.39421e-11,2.83832e-06,0.03826311231,-0.02837489545,0.303066845,0.04374511153
1127,11.270000,0.2942714244,0.04141081125,3.829598427e-06,-2.838671207e-06,-2.838671207e-06,1.097470522e-05,0,3.39707e-11,2.83913e-06,0.03826311231,-0.02837489545,0.2959249734,0.04349918064
1128,11.280000,0.2851261795,0.04161819816,3.829598427e-06,-2.838671207e-06,-2.838671207e-06,1.09821558e-05,0,3.39992e-11,2.83994e-06,0.03826311231,-0.02837489545,0.2880232925,0.04353317483
1129,11.290000,0.2775515541,0.04097317904,3.829598427e-06,-2.838671207e-06,-2.838671207e-06,1.098960638e-05,0,3.40277e-11,2.84074e-06,0.03826311231,-0.02837489545,0.2793678135,0.04278374418
1130,11.300000,0.2682743296,0.04103958607,3.829598427e-06,-2.838671207e-06,-2.838671207e-06,1.099705696e-05,0,3.40563e-11,2.84155e-06,0.03826311231,-0.02837489545,0.2699742251,0.04260328681
1131,11.310000,0.257659182,0.04124743491,3.829598427e-06,-2.838671207e-06,-2.838671207e-06,1.100450754e-05,0,3.40848e-11,2.84235e-06,0.03826311231,-0.02837489545,0.2598677388,0.04267199616
1132,11.320000,0.2456985861,0.04182519019,3.829598427e-06,-2.838671207e-06,-2.838671207e-06,1.101195812e-05,0,3.41133e-11,2.84316e-06,0.03826311231,-0.02837489545,0.2490828203,0.04267515167
1133,11.330000,0.2333850861,0.04216199368,3.829598427e-06,-2.838671207e-06,-2.838671207e-06,1.10194087e-05,0,3.41419e-11,2.84396e-06,0.03826311231,-0.02837489545,0.237662809,0.04217739075
1134,11.340000,0.2216101512,0.04164886475,3.829598427e-06,-2.838671207e-06,-2.838671207e-06,1.102685928e-05,0,3.41704e-11,2.84476e-06,0.03826311231,-0.02837489545,0.2256594313,0.04204104369
1135,11.350000,0.2096039727,0.04100150615,3.829598427e-06,-2.838671207e-06,-2.838671207e-06,1.103430986e-05,0,3.41989e-11,2.84556e-06,0.03826311231,-0.02837489545,0.2131322121,0.04229227905
1136,11.360000,0.1962330863,0.04093131423,3.829598427e-06,-2.838671207e-06,-2.838671207e-06,1.104176044e-05,0,3.42275e-11,2.84636e-06,0.03826311231,-0.02837489545,0.2001477921,0.04298964168
1137,11.370000,0.1826366261,0.04134427011,3.829598427e-06,-2.838671207e-06,-2.838671207e-06,1.104921103e-05,0,3.4256e-11,2.84716e-06,0.03826311231,-0.02837489545,0.1867791582,0.0428967015
1138,11.380000,0.1689093336,0.0410721153,3.829598427e-06,-2.838671207e-06,-2.838671207e-06,1.105666161e-05,0,3.42845e-11,2.84795e-06,0.03826311231,-0.02837489545,0.1731047958,0.04230420281
1139,11.390000,0.1544861048,0.04130574316,3.829598427e-06,-2.838671207e-06,-2.838671207e-06,1.106411219e-05,0,3.43131e-11,2.84875e-06,0.03826311231,-0.02837489545,0.1592077738,0.04225724448
1140,11.400000,0.1402302459,0.04118352383,3.829598427e-06,-2.838671207e-06,-2.838671207e-06,1.107156277e-05,0,3.43416e-11,2.84954e-06,0.03826311231,-0.02837489545,0.1451747711,0.04211245984
1141,11.410000,0.1260434687,0.04106137156,3.829598427e-06,-2.838671207e-06,-2.838671207e-06,1.107901335e-05,0,3.43701e-11,2.85033e-06,0.03826311231,-0.02837489545,0.1310950577,0.04265199583
1142,11.420000,0.111816518,0.04124965519,3.829598427e-06,-2.838671207e-06,-2.838671207e-06,1.108646393e-05,0,3.43987e-11,2.85113e-06,0.03826311231,-0.02837489545,0.1170594403,0.04261572757
1143,11.430000,0.09832171351,0.0410316214,3.829598427e-06,-2.838671207e-06,-2.838671207e-06,1.109391451e-05,0,3.44272e-11,2.85192e-06,0.03826311231,-0.02837489545,0.103159187,0.04331294834
1144,11.440000,0.08467555046,0.04130151123,3.829598427e-06,-2.838671207e-06,-2.838671207e-06,1.110136509e-05,0,3.44557e-11,2.85271e-06,0.03826311231,-0.02837489545,0.0894849401,0.0433343747
1145,11.450000,0.07215248793,0.04100467265,3.829598427e-06,-2.838671207e-06,-2.838671207e-06,1.110881567e-05,0,3.44842e-11,2.85349e-06,0.03826311231,-0.02837489545,0.07612563349,0.04350795021
1146,11.460000,0.05922915787,0.04097603261,3.829598427e-06,-2.838671207e-06,-2.838671207e-06,1.111626625e-05,0,3.45128e-11,2.85428e-06,0.03826311231,-0.02837489545,0.06316742404,0.04385131675
1147,11.470000,0.04653456807,0.04124779999,3.829598427e-06,-2.838671207e-06,-2.838671207e-06,1.112371683e-05,0,3.45413e-11,2.85507e-06,0.03826311231,-0.02837489545,0.05069265108,0.04329733122
1148,11.480000,0.03520123661,0.04119862616,3.829598427e-06,-2.838671207e-06,-2.838671207e-06,1.113116741e-05,0,3.45698e-11,2.85585e-06,0.03826311231,-0.02837489545,0.03877883548,0.04355831564
1149,11.490000,0.02440398186,0.04116033763,3.829598427e-06,-2.838671207e-06,-2.838671207e-06,1.113861799e-05,0,3.45984e-11,2.85664e-06,0.03826311231,-0.02837489545,0.0274977301,0.04364044742
1150,11.500000,0.01421429217,0.04085431993,3.829598427e-06,-2.838671207e-06,-2.838671207e-06,1.114606857e-05,0,3.46269e-11,2.85742e-06,0.03826311231,-0.02837489545,0.01691443267,0.04383328406
1151,11.510000,0.00383079052,0.04108565301,3.829598427e-06,-2.838671207e-06,-2.838671207e-06,1.115351915e-05,0,3.46554e-11,2.8582e-06,0.03826311231,-0.02837489545,0.007086571453,0.04365967513
1152,11.520000,-0.005197063088,0.04106850177,3.829598427e-06,-2.838671207e-06,-2.838671207e-06,1.116096973e-05,0,3.4684e-11,2.85898e-06,0.03826311231,-0.02837489545,-0.001936426701,0.04316512937
1153,11.530000,-0.01347251981,0.04109095037,3.829598427e-06,-2.838671207e-06,-2.838671207e-06,1.116842031e-05,0,3.47125e-11,2.85976e-06,0.03826311231,-0.02837489545,-0.01011397734,0.0436289982
1154,11.540000,-0.01988513768,0.04076717794,3.829598427e-06,-2.838671207e-06,-2.838671207e-06,1.11758709e-05,0,3.4741e-11,2.86054e-06,0.03826311231,-0.02837489545,-0.01741488085,0.044053659
1155,11.550000,-0.02599584311,0.04110284895,3.829598427e-06,-2.838671207e-06,-2.838671207e-06,1.118332148e-05,0,3.47696e-11,2.86132e-06,0.03826311231,-0.02837489545,-0.02381775976,0.0441850389
1156,11.560000,-0.03041613102,0.04104671627,3.829598427e-06,-2.838671207e-06,-2.838671207e-06,1.119077206e-05,0,3.47981e-11,2.86209e-06,0.03826311231,-0.02837489545,-0.02931138583,0.04394327315
1157,11.570000,-0.03536301851,0.041063115,3.829598427e-06,-2.838671207e-06,-2.838671207e-06,1.119822264e-05,0,3.48266e-11,2.86287e-06,0.03826311231,-0.02837489545,-0.0338948927,0.04419007169
1158,11.580000,-0.03814934939,0.04055459052,3.829598427e-06,-2.838671207e-06,-2.838671207e-06,1.120567322e-05,0,3.48552e-11,2.86364e-06,0.03826311231,-0.02837489545,-0.03757787145,0.0449450166
1159,11.590000,-0.03999820352,0.04029718041,3.829598427e-06,-2.838671207e-06,-2.838671207e-06,1.12131238e-05,0,3.48837e-11,2.86441e-06,0.03826311231,-0.02837489545,-0.04038034768,0.04471521561
1160,11.600000,-0.04148069024,0.04068219662,3.829598427e-06,-2.838671207e-06,-2.838671207e-06,1.122057438e-05,0,3.49122e-11,2.86518e-06,0.03826311231,-0.02837489545,-0.04233263999,0.04496230134
1161,11.610000,-0.04232835025,0.04088614136,3.829598427e-06,-2.838671207e-06,-2.838671207e-06,1.122802496e-05,0,3.49408e-11,2.86595e-06,0.03826311231,-0.02837489545,-0.04347510132,0.04482440123
1162,11.620000,-0.04222574085,0.04083383828,3.829598427e-06,-2.838671207e-06,-2.838671207e-06,1.123547554e-05,0,3.49693e-11,2.86672e-06,0.03826311231,-0.02837489545,-0.04385774551,0.04491239466
1163,11.630000,-0.04216497391,0.0415443033,3.829598427e-06,-2.838671207e-06,-2.838671207e-06,1.124292612e-05,0,3.49978e-11,2.86749e-06,0.03826311231,-0.02837489545,-0.04353976331,0.04446654584
1164,11.640000,-0.04156219959,0.04143419862,3.829598427e-06,-2.838671207e-06,-2.838671207e-06,1.12503767e-05,0,3.50264e-11,2.86826e-06,0.03826311231,-0.02837489545,-0.04258893282,0.04459381101
1165,11.650000,-0.0397798717,0.04136986285,3.829598427e-06,-2.838671207e-06,-2.838671207e-06,1.125782728e-05,0,3.50549e-11,2.86903e-06,0.03826311231,-0.02837489545,-0.04108093094,0.04466937848
1166,11.660000,-0.03745590895,0.04130100459,3.829598427e-06,-2.838671207e-06,-2.838671207e-06,1.126527786e-05,0,3.50834e-11,2.86979e-06,0.03826311231,-0.02837489545,-0.03909855317,0.04478453554
1167,11.670000,-0.03556317836,0.04157096148,3.829598427e-06,-2.838671207e-06,-2.838671207e-06,1.127272844e-05,0,3.5112e-11,2.87055e-06,0.03826311231,-0.02837489545,-0.03673085062,0.04463321869
1168,11.680000,-0.03293208033,0.04142476618,3.829598427e-06,-2.838671207e-06,-2.838671207e-06,1.128017902e-05,0,3.51405e-11,2.87132e-06,0.03826311231,-0.02837489545,-0.03407219342,0.04488612298
1169,11.690000,-0.03047446907,0.0417387411,3.829598427e-06,-2.838671207e-06,-2.838671207e-06,1.12876296e-05,0,3.5169e-11,2.87208e-06,0.03826311231,-0.02837489545,-0.03122127127,0.04498196735
1170,11.700000,-0.02809260041,0.04206396639,3.829598427e-06,-2.838671207e-06,-2.838671207e-06,1.129508018e-05,0,3.51976e-11,2.87284e-06,0.03826311231,-0.02837489545,-0.02828004195,0.04511085658
1171,11.710000,-0.02529440075,0.04207709432,3.829598427e-06,-2.838671207e-06,-2.838671207e-06,1.130253077e-05,0,3.52261e-11,2.8736e-06,0.03826311231,-0.02837489545,-0.02535263963,0.04483208414
1172,11.720000,-0.02270436287,0.0417169556,3.829598427e-06,-2.838671207e-06,-2.838671207e-06,1.130998135e-05,0,3.52546e-11,2.87436e-06,0.03826311231,-0.02837489545,-0.02254425517,0.0442561315
1173,11.730000,-0.02011267841,0.04155407101,3.829598427e-06,-2.838671207e-06,-2.838671207e-06,1.131743193e-05,0,3.52832e-11,2.87511e-06,0.03826311231,-0.02837489545,-0.01996000076,0.04383339243
1174,11.740000,-0.01837330312,0.04164747149,3.829598427e-06,-2.838671207e-06,-2.838671207e-06,1.132488251e-05,0,3.53117e-11,2.87587e-06,0.03826311231,-0.02837489545,-0.01770377181,0.04360964338
1175,11.750000,-0.01723925024,0.04187960923,3.829598427e-06,-2.838671207e-06,-2.838671207e-06,1.133233309e-05,0,3.53402e-11,2.87663e-06,0.03826311231,-0.02837489545,-0.01587711857,0.04381038595
1176,11.760000,-0.01630727947,0.04187306017,3.829598427e-06,-2.838671207e-06,-2.838671207e-06,1.133978367e-05,0,3.53688e-11,2.87738e-06,0.03826311231,-0.02837489545,-0.01457814033,0.04367301674
1177,11.770000,-0.01622010767,0.0418908447,3.829598427e-06,-2.838671207e-06,-2.838671207e-06,1.134723425e-05,0,3.53973e-11,2.87813e-06,0.03826311231,-0.02837489545,-0.01390041442,0.04382194063
1178,11.780000,-0.01742256433,0.04220809042,3.829598427e-06,-2.838671207e-06,-2.838671207e-06,1.135468483e-05,0,3.54258e-11,2.87889e-06,0.03826311231,-0.02837489545,-0.0139319721,0.04359236908
1179,11.790000,-0.01936773956,0.04248733819,3.829598427e-06,-2.838671207e-06,-2.838671207e-06,1.136213541e-05,0,3.54544e-11,2.87964e-06,0.03826311231,-0.02837489545,-0.01475433281,0.04394600634
1180,11.800000,-0.02138251811,0.04248127341,3.829598427e-06,-2.838671207e-06,-2.838671207e-06,1.136958599e-05,0,3.54829e-11,2.88039e-06,0.03826311231,-0.02837489545,-0.01644160747,0.04404365634
1181,11.810000,-0.02321401983,0.04178742319,3.829598427e-06,-2.838671207e-06,-2.838671207e-06,1.137703657e-05,0,3.55114e-11,2.88113e-06,0.03826311231,-0.02837489545,-0.01905968116,0.04388823394
1182,11.820000,-0.0267463699,0.0416270718,3.829598427e-06,-2.838671207e-06,-2.838671207e-06,1.138448715e-05,0,3.554e-11,2.88188e-06,0.03826311231,-0.02837489545,-0.02266548405,0.04353159027
1183,11.830000,-0.03214671463,0.04154144228,3.829598427e-06,-2.838671207e-06,-2.838671207e-06,1.139193773e-05,0,3.55685e-11,2.88263e-06,0.03826311231,-0.02837489545,-0.02730635887,0.04374378325
1184,11.840000,-0.038325876,0.04130957276,3.829598427e-06,-2.838671207e-06,-2.838671207e-06,1.139938831e-05,0,3.5597e-11,2.88337e-06,0.03826311231,-0.02837489545,-0.03301953214,0.04408315504
1185,11.850000,-0.04531876743,0.04108516127,3.829598427e-06,-2.838671207e-06,-2.838671207e-06,1.140683889e-05,0,3.56256e-11,2.88412e-06,0.03826311231,-0.02837489545,-0.03983169479,0.04427635603
1186,11.860000,-0.05342984945,0.04089052975,3.829598427e-06,-2.838671207e-06,-2.838671207e-06,1.141428947e-05,0,3.56541e-11,2.88486e-06,0.03826311231,-0.02837489545,-0.04775869709,0.04416268129
1187,11.870000,-0.06363537908,0.0411247462,3.829598427e-06,-2.838671207e-06,-2.838671207e-06,1.142174006e-05,0,3.56826e-11,2.88561e-06,0.03826311231,-0.02837489545,-0.05680536125,0.04424854951
1188,11.880000,-0.07396604121,0.04080777615,3.829598427e-06,-2.838671207e-06,-2.838671207e-06,1.142919064e-05,0,3.57112e-11,2.88635e-06,0.03826311231,-0.02837489545,-0.06696541368,0.04450745958
1189,11.890000,-0.08579493314,0.04096660018,3.829598427e-06,-2.838671207e-06,-2.838671207e-06,1.143664122e-05,0,3.57397e-11,2.88709e-06,0.03826311231,-0.02837489545,-0.0782215377,0.04455408826
1190,11.900000,-0.0985661149,0.04111597687,3.829598427e-06,-2.838671207e-06,-2.838671207e-06,1.14440918e-05,0,3.57682e-11,2.88783e-06,0.03826311231,-0.02837489545,-0.09054554611,0.04438995376
1191,11.910000,-0.1126682758,0.04156250507,3.829598427e-06,-2.838671207e-06,-2.838671207e-06,1.145154238e-05,0,3.57968e-11,2.88856e-06,0.03826311231,-0.02837489545,-0.1038986716,0.04426243238
1192,11.920000,-0.1261151731,0.04070819914,3.829598427e-06,-2.838671207e-06,-2.838671207e-06,1.145899296e-05,0,3.58253e-11,2.8893e-06,0.03826311231,-0.02837489545,-0.1182319716,0.04492595132
1193,11.930000,-0.1412297562,0.04004178941,3.829598427e-06,-2.838671207e-06,-2.838671207e-06,1.146644354e-05,0,3.58538e-11,2.89004e-06,0.03826311231,-0.02837489545,-0.1334868432,0.04493679651
1194,11.940000,-0.1570966765,0.03972291201,3.829598427e-06,-2.838671207e-06,-2.838671207e-06,1.147389412e-05,0,3.58824e-11,2.89077e-06,0.03826311231,-0.02837489545,-0.1495956422,0.04456852497
1195,11.950000,-0.1740121618,0.03916066885,3.829598427e-06,-2.838671207e-06,-2.838671207e-06,1.14813447e-05,0,3.59109e-11,2.89151e-06,0.03826311231,-0.02837489545,-0.1664823995,0.0448055477
1196,11.960000,-0.1916016489,0.03884854913,3.829598427e-06,-2.838671207e-06,-2.838671207e-06,1.148879528e-05,0,3.59394e-11,2.89224e-06,0.03826311231,-0.02837489545,-0.1840636256,0.04455147026
1197,11.970000,-0.2095918357,0.03882808983,3.829598427e-06,-2.838671207e-06,-2.838671207e-06,1.149624586e-05,0,3.5968e-11,2.89297e-06,0.03826311231,-0.02837489545,-0.2022491967,0.04453780683
1198,11.980000,-0.2279587165,0.03869299591,3.829598427e-06,-2.838671207e-06,-2.838671207e-06,1.150369644e-05,0,3.59965e-11,2.8937e-06,0.03826311231,-0.02837489545,-0.2209433091,0.04437051242
1199,11.990000,-0.2462368757,0.03816520423,3.829598427e-06,-2.838671207e-06,-2.838671207e-06,1.151114702e-05,0,3.6025e-11,2.89443e-06,0.03826311231,-0.02837489545,-0.2400454939,0.04493151022
1200,12.000000,-0.2657006457,0.03803559393,3.829598427e-06,-2.838671207e-06,-2.838671207e-06,1.15185976e-05,0,3.60535e-11,2.89516e-06,0.03826311231,-0.02837489545,-0.2594516794,0.04515640677
1201,12.010000,-0.2859554514,0.03829299659,3.829598427e-06,-2.838671207e-06,-2.838671207e-06,1.152604818e-05,0,3.60821e-11,2.89589e-06,0.03826311231,-0.02837489545,-0.2790552888,0.04546754216
1202,12.020000,-0.3053408638,0.0381719619,3.829598427e-06,-2.838671207e-06,-2.838671207e-06,1.153349876e-05,0,3.61106e-11,2.89662e-06,0.03826311231,-0.02837489545,-0.298748362,0.0451197094
1203,12.030000,-0.3245780915,0.03811950237,3.829598427e-06,-2.838671207e-06,-2.838671207e-06,1.154094934e-05,0,3.61391e-11,2.89734e-06,0.03826311231,-0.02837489545,-0.318422688,0.04437547632
1204,12.040000,-0.3434183672,0.03787722439,3.829598427e-06,-2.838671207e-06,-2.838671207e-06,1.154839993e-05,0,3.61677e-11,2.89807e-06,0.03826311231,-0.02837489545,-0.3379709358,0.04431196653
1205,12.050000,-0.3625898138,0.03791031241,3.829598427e-06,-2.838671207e-06,-2.838671207e-06,1.155585051e-05,0,3.61962e-11,2.89879e-06,0.03826311231,-0.02837489545,-0.3572877706,0.04425393374
1206,12.060000,-0.381621033,0.03787127882,3.829598427e-06,-2.846121788e-06,-2.846121788e-06,1.156330109e-05,0,3.61824e-11,2.8951e-06,0.03826311231,-0.02844654769,-0.376270943,0.04482413944
1207,12.070000,-0.3993734196,0.03777282685,3.829598427e-06,-2.853572369e-06,-2.853572369e-06,1.157075167e-05,0,3.61685e-11,2.89141e-06,0.03826311231,-0.02851819992,-0.3948223395,0.04474402135
1208,12.080000,-0.4165845215,0.03764182329,3.829598427e-06,-2.861022949e-06,-2.861022949e-06,1.157820225e-05,0,3.61544e-11,2.88771e-06,0.03826311231,-0.02858985215,-0.4128489817,0.04512126043
1209,12.090000,-0.4333484396,0.03782810271,3.829598427e-06,-2.86847353e-06,-2.86847353e-06,1.158565283e-05,0,3.61403e-11,2.88401e-06,0.03826311231,-0.02866150439,-0.4302639638,0.04472222904
1210,12.100000,-0.4495968521,0.03815694153,3.829598427e-06,-2.87592411e-06,-2.87592411e-06,1.157820225e-05,0,3.60689e-11,2.87885e-06,0.03826311231,-0.02873316407,-0.4469873179,0.04458102501
1211,12.110000,-0.465500243,0.03845664114,3.829598427e-06,-2.883374691e-06,-2.883374691e-06,1.157075167e-05,0,3.59975e-11,2.87366e-06,0.03826311231,-0.02880481631,-0.4629467966,0.04472219562
1212,12.120000,-0.4804231673,0.03883951157,3.829598427e-06,-2.890825272e-06,-2.890825272e-06,1.156330109e-05,0,3.59259e-11,2.86847e-06,0.03826311231,-0.02887646854,-0.4780785662,0.0452515029
1213,12.130000,-0.4940089881,0.03851885349,3.829598427e-06,-2.898275852e-06,-2.898275852e-06,1.155585051e-05,0,3.58543e-11,2.86326e-06,0.03826311231,-0.02894812077,-0.4923278007,0.0452566015
1214,12.140000,-0.5069460645,0.03872950375,3.829598427e-06,-2.905726433e-06,-2.905726433e-06,1.154839993e-05,0,3.57825e-11,2.85803e-06,0.03826311231,-0.02901977301,-0.5056491719,0.04603878524
1215,12.150000,-0.5193549469,0.03863789886,3.829598427e-06,-2.905726433e-06,-2.905726433e-06,1.154094934e-05,0,3.5754e-11,2.85728e-06,0.03826311231,-0.02901977301,-0.518007229,0.04583736254
1216,12.160000,-0.5312638432,0.03928048164,3.829598427e-06,-2.905726433e-06,-2.905726433e-06,1.153349876e-05,0,3.57254e-11,2.85653e-06,0.03826311231,-0.02901977301,-0.5293766649,0.04597444928
1217,12.170000,-0.5408651978,0.03905559331,3.829598427e-06,-2.905726433e-06,-2.905726433e-06,1.152604818e-05,0,3.56969e-11,2.85578e-06,0.03826311231,-0.02901977301,-0.5397424656,0.04600263916
1218,12.180000,-0.5498561859,0.03926428407,3.829598427e-06,-2.905726433e-06,-2.905726433e-06,1.15185976e-05,0,3.56684e-11,2.85503e-06,0.03826311231,-0.02901977301,-0.5490999416,0.04652195951
1219,12.190000,-0.5571432263,0.03906222433,3.829598427e-06,-2.905726433e-06,-2.905726433e-06,1.151114702e-05,0,3.56398e-11,2.85428e-06,0.03826311231,-0.02901977301,-0.5574546414,0.04677927619
1220,12.200000,-0.5639192909,0.03918197751,3.829598427e-06,-2.905726433e-06,-2.905726433e-06,1.150369644e-05,0,3.56113e-11,2.85352e-06,0.03826311231,-0.02901977301,-0.5648221487,0.04732021548
1221,12.210000,-0.5699697733,0.03926330805,3.829598427e-06,-2.905726433e-06,-2.905726433e-06,1.149624586e-05,0,3.55828e-11,2.85276e-06,0.03826311231,-0.02901977301,-0.5712277647,0.04734306739
1222,12.220000,-0.574704282,0.03922140598,3.829598427e-06,-2.905726433e-06,-2.905726433e-06,1.148879528e-05,0,3.55542e-11,2.85201e-06,0.03826311231,-0.02901977301,-0.5767060813,0.04744059853
1223,12.230000,-0.5791563913,0.03928010911,3.829598427e-06,-2.905726433e-06,-2.905726433e-06,1.14813447e-05,0,3.55257e-11,2.85125e-06,0.03826311231,-0.02901977301,-0.5813004489,0.04735511528
1224,12.240000,-0.5829220638,0.039433375,3.829598427e-06,-2.905726433e-06,-2.905726433e-06,1.147389412e-05,0,3.54972e-11,2.85049e-06,0.03826311231,-0.02901977301,-0.5850623463,0.04709031631
1225,12.250000,-0.5843599215,0.03884395957,3.829598427e-06,-2.905726433e-06,-2.905726433e-06,1.146644354e-05,0,3.54686e-11,2.84973e-06,0.03826311231,-0.02901977301,-0.5880506588,0.04688249959
1226,12.260000,-0.5862312317,0.03915054351,3.829598427e-06,-2.905726433e-06,-2.905726433e-06,1.145899296e-05,0,3.54401e-11,2.84897e-06,0.03826311231,-0.02901977301,-0.5903308753,0.0465864058
1227,12.270000,-0.5863135457,0.0382335186,3.829598427e-06,-2.905726433e-06,-2.905726433e-06,1.145154238e-05,0,3.54116e-11,2.84821e-06,0.03826311231,-0.02901977301,-0.5919742108,0.04634740451
1228,12.280000,-0.587106511,0.03794763237,3.829598427e-06,-2.905726433e-06,-2.905726433e-06,1.14440918e-05,0,3.5383e-11,2.84744e-06,0.03826311231,-0.02901977301,-0.5930566684,0.04645721399
1229,12.290000,-0.5884929448,0.03865151852,3.829598427e-06,-2.905726433e-06,-2.905726433e-06,1.143664122e-05,0,3.53545e-11,2.84668e-06,0.03826311231,-0.02901977301,-0.5936580478,0.04612449712
1230,12.300000,-0.5879758745,0.03862372041,3.829598427e-06,-2.905726433e-06,-2.905726433e-06,1.142919064e-05,0,3.5326e-11,2.84591e-06,0.03826311231,-0.02901977301,-0.5938609154,0.04606860232
1231,12.310000,-0.5879297778,0.03852961957,3.829598427e-06,-2.905726433e-06,-2.905726433e-06,1.142174006e-05,0,3.52974e-11,2.84515e-06,0.03826311231,-0.02901977301,-0.593749546,0.04635640929
1232,12.320000,-0.5873269662,0.03880701214,3.829598427e-06,-2.905726433e-06,-2.905726433e-06,1.141428947e-05,0,3.52689e-11,2.84438e-06,0.03826311231,-0.02901977301,-0.5934088484,0.04637368612
1233,12.330000,-0.5867097899,0.03898794204,3.829598427e-06,-2.905726433e-06,-2.905726433e-06,1.140683889e-05,0,3.52404e-11,2.84361e-06,0.03826311231,-0.02901977301,-0.5929232895,0.04600189515
1234,12.340000,-0.5859649181,0.03910206258,3.829598427e-06,-2.905726433e-06,-2.905726433e-06,1.139938831e-05,0,3.52118e-11,2.84284e-06,0.03826311231,-0.02901977301,-0.5923758262,0.0456702268
1235,12.350000,-0.5855586231,0.03905333579,3.829598427e-06,-2.905726433e-06,-2.905726433e-06,1.139193773e-05,0,3.51833e-11,2.84207e-06,0.03826311231,-0.02901977301,-0.5918468611,0.04597688039
1236,12.360000,-0.5853281245,0.03910419345,3.829598427e-06,-2.905726433e-06,-2.905726433e-06,1.138448715e-05,0,3.51548e-11,2.8413e-06,0.03826311231,-0.02901977301,-0.5914132307,0.04592875628
1237,12.370000,-0.5863699391,0.04015530646,3.829598427e-06,-2.905726433e-06,-2.905726433e-06,1.137703657e-05,0,3.51262e-11,2.84052e-06,0.03826311231,-0.02901977301,-0.5911472413,0.04566955416
1238,12.380000,-0.5863895789,0.04025286436,3.829598427e-06,-2.905726433e-06,-2.905726433e-06,1.136958599e-05,0,3.50977e-11,2.83975e-06,0.03826311231,-0.02901977301,-0.5911157604,0.04598302272
1239,12.390000,-0.5865828022,0.04025598615,3.829598427e-06,-2.905726433e-06,-2.905726433e-06,1.136213541e-05,0,3.50692e-11,2.83897e-06,0.03826311231,-0.02901977301,-0.591379377,0.04682707141
1240,12.400000,-0.5869722292,0.03988169134,3.829598427e-06,-2.905726433e-06,-2.905726433e-06,1.135468483e-05,0,3.50406e-11,2.8382e-06,0.03826311231,-0.02901977301,-0.5919916392,0.04694273913
1241,12.410000,-0.5888121575,0.04015950859,3.829598427e-06,-2.905726433e-06,-2.905726433e-06,1.134723425e-05,0,3.50121e-11,2.83742e-06,0.03826311231,-0.02901977301,-0.592998378,0.04671299382
1242,12.420000,-0.5905231312,0.03996632993,3.829598427e-06,-2.905726433e-06,-2.905726433e-06,1.133978367e-05,0,3.49836e-11,2.83664e-06,0.03826311231,-0.02901977301,-0.5944371256,0.04692008623
1243,12.430000,-0.5927038193,0.03991848975,3.829598427e-06,-2.905726433e-06,-2.905726433e-06,1.133233309e-05,0,3.4955e-11,2.83586e-06,0.03826311231,-0.02901977301,-0.5963366345,0.04645163388
1244,12.440000,-0.5956069753,0.04019870609,3.829598427e-06,-2.905726433e-06,-2.905726433e-06,1.132488251e-05,0,3.49265e-11,2.83508e-06,0.03826311231,-0.02901977301,-0.5987165039,0.04655735628
1245,12.450000,-0.5986413434,0.04023711383,3.829598427e-06,-2.905726433e-06,-2.905726433e-06,1.131743193e-05,0,3.4898e-11,2.8343e-06,0.03826311231,-0.02901977301,-0.6015869166,0.0467213939
1246,12.460000,-0.6021624357,0.04015878588,3.829598427e-06,-2.905726433e-06,-2.905726433e-06,1.130998135e-05,0,3.48694e-11,2.83352e-06,0.03826311231,-0.02901977301,-0.6049484907,0.04649299659
1247,12.470000,-0.6059125215,0.0397047326,3.829598427e-06,-2.905726433e-06,-2.905726433e-06,1.130253077e-05,0,3.48409e-11,2.83273e-06,0.03826311231,-0.02901977301,-0.6087922464,0.04671937892
1248,12.480000,-0.6108149141,0.03989088535,3.829598427e-06,-2.905726433e-06,-2.905726433e-06,1.129508018e-05,0,3.48124e-11,2.83195e-06,0.03826311231,-0.02901977301,-0.6130996906,0.04707557165
1249,12.490000,-0.6160520613,0.04013904184,3.829598427e-06,-2.905726433e-06,-2.905726433e-06,1.12876296e-05,0,3.47838e-11,2.83116e-06,0.03826311231,-0.02901977301,-0.6178430159,0.04681300275
1250,12.500000,-0.6210942268,0.039966546,3.829598427e-06,-2.905726433e-06,-2.905726433e-06,1.128017902e-05,0,3.47553e-11,2.83037e-06,0.03826311231,-0.02901977301,-0.6229854133,0.04735147617
1251,12.510000,-0.6269790456,0.04046472162,3.829598427e-06,-2.905726433e-06,-2.905726433e-06,1.127272844e-05,0,3.47268e-11,2.82959e-06,0.03826311231,-0.02901977301,-0.6284814949,0.04716236407
1252,12.520000,-0.6327939183,0.04031112045,3.829598427e-06,-2.905726433e-06,-2.905726433e-06,1.126527786e-05,0,3.46982e-11,2.8288e-06,0.03826311231,-0.02901977301,-0.6342778212,0.04683892338
1253,12.530000,-0.6390307322,0.0401885435,3.829598427e-06,-2.905726433e-06,-2.905726433e-06,1.125782728e-05,0,3.46697e-11,2.82801e-06,0.03826311231,-0.02901977301,-0.640313528,0.04663240152
1254,12.540000,-0.6454195902,0.04034259915,3.829598427e-06,-2.905726433e-06,-2.905726433e-06,1.12503767e-05,0,3.46412e-11,2.82721e-06,0.03826311231,-0.02901977301,-0.6465210442,0.04641947498
1255,12.550000,-0.6512978598,0.0406043902,3.829598427e-06,-2.905726433e-06,-2.905726433e-06,1.124292612e-05,0,3.46126e-11,2.82642e-06,0.03826311231,-0.02901977301,-0.6528268938,0.04624467002
1256,12.560000,-0.6571091637,0.04039788991,3.829598427e-06,-2.905726433e-06,-2.905726433e-06,1.123547554e-05,0,3.45841e-11,2.82563e-06,0.03826311231,-0.02901977301,-0.6591525721,0.04667695981
1257,12.570000,-0.6640055925,0.04114257544,3.829598427e-06,-2.905726433e-06,-2.905726433e-06,1.122802496e-05,0,3.45556e-11,2.82483e-06,0.03826311231,-0.02901977301,-0.6654154861,0.04683928406
1258,12.580000,-0.6697470993,0.04059972614,3.829598427e-06,-2.905726433e-06,-2.905726433e-06,1.122057438e-05,0,3.4527e-11,2.82404e-06,0.03826311231,-0.02901977301,-0.6715299484,0.04710541471
1259,12.590000,-0.6751270518,0.04072782397,3.829598427e-06,-2.905726433e-06,-2.905726433e-06,1.12131238e-05,0,3.44985e-11,2.82324e-06,0.03826311231,-0.02901977301,-0.6774082131,0.04697531533
1260,12.600000,-0.6806019917,0.04123973846,3.829598427e-06,-2.905726433e-06,-2.905726433e-06,1.120567322e-05,0,3.447e-11,2.82244e-06,0.03826311231,-0.02901977301,-0.6829615416,0.04739767644
1261,12.610000,-0.6851135492,0.04083342105,3.829598427e-06,-2.905726433e-06,-2.905726433e-06,1.119822264e-05,0,3.44414e-11,2.82164e-06,0.03826311231,-0.02901977301,-0.6881012869,0.04727334464
1262,12.620000,-0.6901169196,0.04126184434,3.829598427e-06,-2.905726433e-06,-2.905726433e-06,1.119077206e-05,0,3.44129e-11,2.82084e-06,0.03826311231,-0.02901977301,-0.692739982,0.04751308195
1263,12.630000,-0.6935918629,0.04123556614,3.829598427e-06,-2.905726433e-06,-2.905726433e-06,1.118332148e-05,0,3.43844e-11,2.82004e-06,0.03826311231,-0.02901977301,-0.696792422,0.04754393065
1264,12.640000,-0.6971301511,0.04146388918,3.829598427e-06,-2.905726433e-06,-2.905726433e-06,1.11758709e-05,0,3.43559e-11,2.81923e-06,0.03826311231,-0.02901977301,-0.7001767258,0.04768593444
1265,12.650000,-0.6991160512,0.04161418229,3.829598427e-06,-2.905726433e-06,-2.905726433e-06,1.116842031e-05,0,3.43273e-11,2.81843e-06,0.03826311231,-0.02901977301,-0.7028153656,0.04749771199
1266,12.660000,-0.7008217499,0.04190131277,3.829598427e-06,-2.905726433e-06,-2.905726433e-06,1.116096973e-05,0,3.42988e-11,2.81762e-06,0.03826311231,-0.02901977301,-0.7046361525,0.0478339596
1267,12.670000,-0.7006340176,0.04180911928,3.829598427e-06,-2.905726433e-06,-2.905726433e-06,1.115351915e-05,0,3.42703e-11,2.81682e-06,0.03826311231,-0.02901977301,-0.7055731666,0.047730072
1268,12.680000,-0.6998064891,0.04192455858,3.829598427e-06,-2.905726433e-06,-2.905726433e-06,1.114606857e-05,0,3.42417e-11,2.81601e-06,0.03826311231,-0.02901977301,-0.70556762,0.04774591533
1269,12.690000,-0.6981090978,0.0419402197,3.829598427e-06,-2.905726433e-06,-2.905726433e-06,1.113861799e-05,0,3.42132e-11,2.8152e-06,0.03826311231,-0.02901977301,-0.7045686441,0.04756652626
1270,12.700000,-0.6956339255,0.04176148772,3.829598427e-06,-2.905726433e-06,-2.905726433e-06,1.113116741e-05,0,3.41847e-11,2.81439e-06,0.03826311231,-0.02901977301,-0.7025339903,0.04750932636
1271,12.710000,-0.6923704371,0.04206161946,3.829598427e-06,-2.905726433e-06,-2.905726433e-06,1.112371683e-05,0,3.41561e-11,2.81358e-06,0.03826311231,-0.02901977301,-0.6994306371,0.04781763476
1272,12.720000,-0.6871348247,0.04205542058,3.829598427e-06,-2.905726433e-06,-2.905726433e-06,1.111626625e-05,0,3.41276e-11,2.81277e-06,0.03826311231,-0.02901977301,-0.6952352961,0.04802009639
1273,12.730000,-0.6823506206,0.04238399118,3.829598427e-06,-2.905726433e-06,-2.905726433e-06,1.110881567e-05,0,3.40991e-11,2.81195e-06,0.03826311231,-0.02901977301,-0.6899348095,0.04805181054
1274,12.740000,-0.6756501645,0.04246880114,3.829598427e-06,-2.905726433e-06,-2.905726433e-06,1.110136509e-05,0,3.40705e-11,2.81114e-06,0.03826311231,-0.02901977301,-0.6835264371,0.04787833695
1275,12.750000,-0.6674303785,0.04221659154,3.829598427e-06,-2.905726433e-06,-2.905726433e-06,1.109391451e-05,0,3.4042e-11,2.81032e-06,0.03826311231,-0.02901977301,-0.676018026,0.04804931983
1276,12.760000,-0.6582775414,0.04225306213,3.829598427e-06,-2.905726433e-06,-2.905726433e-06,1.108646393e-05,0,3.40135e-11,2.80951e-06,0.03826311231,-0.02901977301,-0.6674280627,0.04849103682
1277,12.770000,-0.6486021951,0.04268865287,3.829598427e-06,-2.905726433e-06,-2.905726433e-06,1.107901335e-05,0,3.39849e-11,2.80869e-06,0.03826311231,-0.02901977301,-0.657785607,0.04875572238
1278,12.780000,-0.638509281,0.04322981834,3.829598427e-06,-2.905726433e-06,-2.905726433e-06,1.107156277e-05,0,3.39564e-11,2.80787e-06,0.03826311231,-0.02901977301,-0.6471301059,0.04891249903
1279,12.790000,-0.6259354204,0.043238841,3.829598427e-06,-2.905726433e-06,-2.905726433e-06,1.106411219e-05,0,3.39279e-11,2.80705e-06,0.03826311231,-0.02901977301,-0.6355110917,0.04904798354
1280,12.800000,-0.6115828305,0.04304015636,3.829598427e-06,-2.905726433e-06,-2.905726433e-06,1.105666161e-05,0,3.38993e-11,2.80623e-06,0.03826311231,-0.02901977301,-0.6229877662,0.04871336388
1281,12.810000,-0.5983771756,0.04374466836,3.829598427e-06,-2.905726433e-06,-2.905726433e-06,1.104921103e-05,0,3.38708e-11,2.80541e-06,0.03826311231,-0.02901977301,-0.6096284756,0.04878855501
1282,12.820000,-0.5832995102,0.04355570674,3.829598427e-06,-2.905726433e-06,-2.905726433e-06,1.104176044e-05,0,3.38423e-11,2.80458e-06,0.03826311231,-0.02901977301,-0.595510081,0.04835521206
1283,12.830000,-0.5685226694,0.04378294945,3.829598427e-06,-2.905726433e-06,-2.905726433e-06,1.103430986e-05,0,3.38137e-11,2.80376e-06,0.03826311231,-0.02901977301,-0.5807172335,0.04832897989
1284,12.840000,-0.5536253378,0.04413182288,3.829598427e-06,-2.905726433e-06,-2.905726433e-06,1.102685928e-05,0,3.37852e-11,2.80293e-06,0.03826311231,-0.02901977301,-0.5653415589,0.04834117404
1285,12.850000,-0.5376928821,0.04441986978,3.829598427e-06,-2.905726433e-06,-2.905726433e-06,1.10194087e-05,0,3.37567e-11,2.8021e-06,0.03826311231,-0.02901977301,-0.5494807634,0.04849580899
1286,12.860000,-0.5216131732,0.04496914893,3.829598427e-06,-2.905726433e-06,-2.905726433e-06,1.101195812e-05,0,3.37281e-11,2.80127e-06,0.03826311231,-0.02901977301,-0.5332376685,0.0480987439
1287,12.870000,-0.5048340261,0.04538457096,3.829598427e-06,-2.905726433e-06,-2.905726433e-06,1.100450754e-05,0,3.36996e-11,2.80044e-06,0.03826311231,-0.02901977301,-0.5167191869,0.04808401085
1288,12.880000,-0.4889964983,0.04603845626,3.829598427e-06,-2.905726433e-06,-2.905726433e-06,1.099705696e-05,0,3.36711e-11,2.79961e-06,0.03826311231,-0.02901977301,-0.5000352498,0.0481299786
1289,12.890000,-0.4731331766,0.04674519598,3.829598427e-06,-2.905726433e-06,-2.905726433e-06,1.098960638e-05,0,3.36425e-11,2.79878e-06,0.03826311231,-0.02901977301,-0.4832976984,0.04817391124
1290,12.900000,-0.45735237,0.04719348997,3.829598427e-06,-2.905726433e-06,-2.905726433e-06,1.09821558e-05,0,3.3614e-11,2.79795e-06,0.03826311231,-0.02901977301,-0.466619151,0.04857155547
1291,12.910000,-0.4413606897,0.04737731069,3.829598427e-06,-2.905726433e-06,-2.905726433e-06,1.097470522e-05,0,3.35855e-11,2.79711e-06,0.03826311231,-0.02901977301,-0.4501118593,0.04832378873
1292,12.920000,-0.4262038618,0.04802782834,3.829598427e-06,-2.905726433e-06,-2.905726433e-06,1.096725464e-05,0,3.35569e-11,2.79628e-06,0.03826311231,-0.02901977301,-0.4338865651,0.04877374451
1293,12.930000,-0.410952203,0.04839274287,3.829598427e-06,-2.905726433e-06,-2.905726433e-06,1.095980406e-05,0,3.35284e-11,2.79544e-06,0.03826311231,-0.02901977301,-0.4180513721,0.04875394828
1294,12.940000,-0.3962013647,0.04852766544,3.829598427e-06,-2.905726433e-06,-2.905726433e-06,1.095235348e-05,0,3.34999e-11,2.7946e-06,0.03826311231,-0.02901977301,-0.4027106441,0.04851831006
1295,12.950000,-0.3819524795,0.0483750701,3.829598427e-06,-2.905726433e-06,-2.905726433e-06,1.09449029e-05,0,3.34713e-11,2.79376e-06,0.03826311231,-0.02901977301,-0.3879639413,0.0486550522
1296,12.960000,-0.3681362644,0.04849353433,3.829598427e-06,-2.905726433e-06,-2.905726433e-06,1.093745232e-05,0,3.34428e-11,2.79292e-06,0.03826311231,-0.02901977301,-0.3739050086,0.04898434407
1297,12.970000,-0.3557535484,0.04878919572,3.829598427e-06,-2.905726433e-06,-2.905726433e-06,1.093000174e-05,0,3.34143e-11,2.79208e-06,0.03826311231,-0.02901977301,-0.3606208253,0.04927609892
1298,12.980000,-0.3446869701,0.0492303893,3.829598427e-06,-2.905726433e-06,-2.905726433e-06,1.092255116e-05,0,3.33857e-11,2.79124e-06,0.03826311231,-0.02901977301,-0.3481907271,0.0493173417
1299,12.990000,-0.3334715962,0.04922109842,3.829598427e-06,-2.905726433e-06,-2.905726433e-06,1.091510057e-05,0,3.33572e-11,2.79039e-06,0.03826311231,-0.02901977301,-0.3366856112,0.04936873903
1300,13.000000,-0.3235063627,0.04943352193,3.829598427e-06,-2.905726433e-06,-2.905726433e-06,1.090764999e-05,0,3.33287e-11,2.78955e-06,0.03826311231,-0.02901977301,-0.326167232,0.04956203887
1301,13.010000,-0.3147836328,0.04939115793,3.829598427e-06,-2.905726433e-06,-2.905726433e-06,1.090019941e-05,0,3.33001e-11,2.7887e-06,0.03826311231,-0.02901977301,-0.3166875964,0.0494757897
1302,13.020000,-0.3065188602,0.04911388457,3.829598427e-06,-2.905726433e-06,-2.905726433e-06,1.089274883e-05,0,3.32716e-11,2.78785e-06,0.03826311231,-0.02901977301,-0.3082884644,0.04939965791
1303,13.030000,-0.3003168628,0.04946812242,3.829598427e-06,-2.905726433e-06,-2.905726433e-06,1.088529825e-05,0,3.32431e-11,2.787e-06,0.03826311231,-0.02901977301,-0.3010009608,0.04945042213
1304,13.040000,-0.2948067635,0.04932848364,3.829598427e-06,-2.905726433e-06,-2.905726433e-06,1.087784767e-05,0,3.32145e-11,2.78615e-06,0.03826311231,-0.02901977301,-0.294845303,0.0489366037
1305,13.050000,-0.2898463607,0.04911171645,3.829598427e-06,-2.905726433e-06,-2.905726433e-06,1.087039709e-05,0,3.3186e-11,2.7853e-06,0.03826311231,-0.02901977301,-0.2898306469,0.04903719449
1306,13.060000,-0.287703447,0.04976432025,3.829598427e-06,-2.905726433e-06,-2.905726433e-06,1.086294651e-05,0,3.31575e-11,2.78445e-06,0.03826311231,-0.02901977301,-0.2859550525,0.04919808205
1307,13.070000,-0.2854082808,0.04940761626,3.829598427e-06,-2.905726433e-06,-2.905726433e-06,1.085549593e-05,0,3.31289e-11,2.78359e-06,0.03826311231,-0.02901977301,-0.2832055706,0.0496084173
1308,13.080000,-0.2836650312,0.04913050681,3.829598427e-06,-2.905726433e-06,-2.905726433e-06,1.084804535e-05,0,3.31004e-11,2.78274e-06,0.03826311231,-0.02901977301,-0.2815584481,0.04997705549
1309,13.090000,-0.2838818729,0.04927995801,3.829598427e-06,-2.905726433e-06,-2.905726433e-06,1.084059477e-05,0,3.30719e-11,2.78188e-06,0.03826311231,-0.02901977301,-0.2809794503,0.04995526551
1310,13.100000,-0.2847175747,0.04916139692,3.829598427e-06,-2.905726433e-06,-2.905726433e-06,1.083314419e-05,0,3.30433e-11,2.78102e-06,0.03826311231,-0.02901977301,-0.2814242968,0.04977335418
1311,13.110000,-0.2864456773,0.04892996699,3.829598427e-06,-2.905726433e-06,-2.905726433e-06,1.082569361e-05,0,3.30148e-11,2.78017e-06,0.03826311231,-0.02901977301,-0.2828392043,0.05039257675
1312,13.120000,-0.2892500609,0.04880573601,3.829598427e-06,-2.905726433e-06,-2.905726433e-06,1.081824303e-05,0,3.29863e-11,2.7793e-06,0.03826311231,-0.02901977301,-0.2851615325,0.04948537279
1313,13.130000,-0.2923933119,0.04849801213,3.829598427e-06,-2.905726433e-06,-2.905726433e-06,1.081079245e-05,0,3.29577e-11,2.77844e-06,0.03826311231,-0.02901977301,-0.2883205236,0.04947381163
1314,13.140000,-0.2965106219,0.04834732413,3.829598427e-06,-2.905726433e-06,-2.905726433e-06,1.080334187e-05,0,3.29292e-11,2.77758e-06,0.03826311231,-0.02901977301,-0.2922381281,0.04944566776
1315,13.150000,-0.3010423556,0.04764810205,3.829598427e-06,-2.898275852e-06,-2.898275852e-06,1.079589128e-05,0,3.29439e-11,2.78149e-06,0.03826311231,-0.02894812077,-0.2968299075,0.04907916609
1316,13.160000,-0.3065319955,0.0474839136,3.829598427e-06,-2.890825272e-06,-2.890825272e-06,1.07884407e-05,0,3.29585e-11,2.78539e-06,0.03826311231,-0.02887646854,-0.3020060028,0.04910780039
1317,13.170000,-0.3126103282,0.04765505344,3.829598427e-06,-2.883374691e-06,-2.883374691e-06,1.078099012e-05,0,3.2973e-11,2.78929e-06,0.03826311231,-0.02880481631,-0.307672159,0.04895626974
1318,13.180000,-0.3186608776,0.04722577333,3.829598427e-06,-2.87592411e-06,-2.87592411e-06,1.077353954e-05,0,3.29874e-11,2.79319e-06,0.03826311231,-0.02873316407,-0.3137307928,0.04903434078
1319,13.190000,-0.3246597797,0.04682324827,3.829598427e-06,-2.86847353e-06,-2.86847353e-06,1.078099012e-05,0,3.30587e-11,2.79879e-06,0.03826311231,-0.02866150439,-0.3200820927,0.04827198264
1320,13.200000,-0.3312379196,0.04691945761,3.829598427e-06,-2.861022949e-06,-2.861022949e-06,1.07884407e-05,0,3.31299e-11,2.80437e-06,0.03826311231,-0.02858985215,-0.3266251377,0.04796606876
1321,13.210000,-0.3378540501,0.04711513966,3.829598427e-06,-2.853572369e-06,-2.853572369e-06,1.079589128e-05,0,3.32011e-11,2.80995e-06,0.03826311231,-0.02851819992,-0.3332590229,0.0477450255
1322,13.220000,-0.3438670859,0.04663558304,3.829598427e-06,-2.846121788e-06,-2.846121788e-06,1.080334187e-05,0,3.32721e-11,2.81551e-06,0.03826311231,-0.02844654769,-0.3398839792,0.04761852095
1323,13.230000,-0.3491882905,0.04634798318,3.829598427e-06,-2.838671207e-06,-2.838671207e-06,1.081079245e-05,0,3.33429e-11,2.82105e-06,0.03826311231,-0.02837489545,-0.3464024743,0.04743377996
1324,13.240000,-0.355335407,0.04620924592,3.829598427e-06,-2.838671207e-06,-2.838671207e-06,1.081824303e-05,0,3.33715e-11,2.82188e-06,0.03826311231,-0.02837489545,-0.3527202821,0.04770324897
1325,13.250000,-0.3610542938,0.04613534361,3.829598427e-06,-2.838671207e-06,-2.838671207e-06,1.082569361e-05,0,3.34e-11,2.82272e-06,0.03826311231,-0.02837489545,-0.3587475099,0.0473886854
1326,13.260000,-0.3663743436,0.0462134704,3.829598427e-06,-2.838671207e-06,-2.838671207e-06,1.083314419e-05,0,3.34285e-11,2.82355e-06,0.03826311231,-0.02837489545,-0.3643995703,0.04745300246
1327,13.270000,-0.3715870529,0.04635989666,3.829598427e-06,-2.838671207e-06,-2.838671207e-06,1.084059477e-05,0,3.34571e-11,2.82438e-06,0.03826311231,-0.02837489545,-0.3695980882,0.04740154187
1328,13.280000,-0.3755391389,0.04618491977,3.829598427e-06,-2.838671207e-06,-2.838671207e-06,1.084804535e-05,0,3.34856e-11,2.82521e-06,0.03826311231,-0.02837489545,-0.3742717317,0.04731386809
1329,13.290000,-0.3801585436,0.04706054181,3.829598427e-06,-2.838671207e-06,-2.838671207e-06,1.085549593e-05,0,3.35141e-11,2.82604e-06,0.03826311231,-0.02837489545,-0.3783569588,0.04769961602
1330,13.300000,-0.3827769384,0.04720120132,3.829598427e-06,-2.838671207e-06,-2.838671207e-06,1.086294651e-05,0,3.35427e-11,2.82686e-06,0.03826311231,-0.02837489545,-0.3817986705,0.04764586884
1331,13.310000,-0.3853846714,0.04750148207,3.829598427e-06,-2.838671207e-06,-2.838671207e-06,1.087039709e-05,0,3.35712e-11,2.82769e-06,0.03826311231,-0.02837489545,-0.3845507636,0.04716594
1332,13.320000,-0.3877770156,0.047807239,3.829598427e-06,-2.838671207e-06,-2.838671207e-06,1.087784767e-05,0,3.35997e-11,2.82851e-06,0.03826311231,-0.02837489545,-0.3865765781,0.04708518146
1333,13.330000,-0.3890156746,0.04806331545,3.829598427e-06,-2.838671207e-06,-2.838671207e-06,1.088529825e-05,0,3.36283e-11,2.82934e-06,0.03826311231,-0.02837489545,-0.3878492323,0.04707526711
1334,13.340000,-0.3886420652,0.04779560119,3.829598427e-06,-2.838671207e-06,-2.838671207e-06,1.089274883e-05,0,3.36568e-11,2.83016e-06,0.03826311231,-0.02837489545,-0.3883518438,0.04729118499
1335,13.350000,-0.3880358934,0.04774650931,3.829598427e-06,-2.838671207e-06,-2.838671207e-06,1.090019941e-05,0,3.36853e-11,2.83098e-06,0.03826311231,-0.02837489545,-0.388077634,0.04726736087
1336,13.360000,-0.3870723546,0.04805827141,3.829598427e-06,-2.838671207e-06,-2.838671207e-06,1.090764999e-05,0,3.37139e-11,2.8318e-06,0.03826311231,-0.02837489545,-0.387029914,0.04673293891
1337,13.370000,-0.3847736865,0.04774384946,3.829598427e-06,-2.838671207e-06,-2.838671207e-06,1.091510057e-05,0,3.37424e-11,2.83262e-06,0.03826311231,-0.02837489545,-0.3852219538,0.04701317555
1338,13.380000,-0.3820184693,0.04748509079,3.829598427e-06,-2.838671207e-06,-2.838671207e-06,1.092255116e-05,0,3.37709e-11,2.83344e-06,0.03826311231,-0.02837489545,-0.3826767356,0.04663034059
1339,13.390000,-0.3777990341,0.04721211642,3.829598427e-06,-2.838671207e-06,-2.838671207e-06,1.093000174e-05,0,3.37995e-11,2.83425e-06,0.03826311231,-0.02837489545,-0.3794265952,0.04657811208
1340,13.400000,-0.3734276965,0.0474602133,3.829598427e-06,-2.838671207e-06,-2.838671207e-06,1.093745232e-05,0,3.3828e-11,2.83507e-06,0.03826311231,-0.02837489545,-0.375512755,0.04673599017
1341,13.410000,-0.3692435697,0.04758345336,3.829598427e-06,-2.838671207e-06,-2.838671207e-06,1.09449029e-05,0,3.38565e-11,2.83588e-06,0.03826311231,-0.02837489545,-0.3709847546,0.04664355857
1342,13.420000,-0.3639980555,0.04735445976,3.829598427e-06,-2.838671207e-06,-2.838671207e-06,1.095235348e-05,0,3.38851e-11,2.8367e-06,0.03826311231,-0.02837489545,-0.3658997864,0.04710027842
1343,13.430000,-0.3574254364,0.04702631384,3.829598427e-06,-2.838671207e-06,-2.838671207e-06,1.095980406e-05,0,3.39136e-11,2.83751e-06,0.03826311231,-0.02837489545,-0.3603219428,0.0475725868
1344,13.440000,-0.3515803888,0.04747730494,3.829598427e-06,-2.838671207e-06,-2.838671207e-06,1.096725464e-05,0,3.39421e-11,2.83832e-06,0.03826311231,-0.02837489545,-0.3543213855,0.04724313127
1345,13.450000,-0.3450055644,0.04755866528,3.829598427e-06,-2.838671207e-06,-2.838671207e-06,1.097470522e-05,0,3.39707e-11,2.83913e-06,0.03826311231,-0.02837489545,-0.3479734452,0.0475245623
1346,13.460000,-0.3384419307,0.04756584018,3.829598427e-06,-2.838671207e-06,-2.838671207e-06,1.09821558e-05,0,3.39992e-11,2.83994e-06,0.03826311231,-0.02837489545,-0.3413576632,0.04710756145
1347,13.470000,-0.3317365646,0.04767713696,3.829598427e-06,-2.838671207e-06,-2.838671207e-06,1.098960638e-05,0,3.40277e-11,2.84074e-06,0.03826311231,-0.02837489545,-0.334556786,0.04745257821
1348,13.480000,-0.3254255131,0.04820267111,3.829598427e-06,-2.838671207e-06,-2.838671207e-06,1.099705696e-05,0,3.40563e-11,2.84155e-06,0.03826311231,-0.02837489545,-0.3276557245,0.04688940447
1349,13.490000,-0.3181925789,0.04788401723,3.829598427e-06,-2.838671207e-06,-2.838671207e-06,1.100450754e-05,0,3.40848e-11,2.84235e-06,0.03826311231,-0.02837489545,-0.3207404896,0.0469283209
1350,13.500000,-0.3125172779,0.04845423996,3.829598427e-06,-2.838671207e-06,-2.838671207e-06,1.101195812e-05,0,3.41133e-11,2.84316e-06,0.03826311231,-0.02837489545,-0.3138971176,0.04672850463
1351,13.510000,-0.3058552593,0.04856066406,3.829598427e-06,-2.838671207e-06,-2.838671207e-06,1.10194087e-05,0,3.41419e-11,2.84396e-06,0.03826311231,-0.02837489545,-0.3072105974,0.0467452805
1352,13.520000,-0.2991193682,0.04831912369,3.829598427e-06,-2.838671207e-06,-2.838671207e-06,1.102685928e-05,0,3.41704e-11,2.84476e-06,0.03826311231,-0.02837489545,-0.3007638117,0.04676576824
1353,13.530000,-0.2937395051,0.04848974198,3.829598427e-06,-2.838671207e-06,-2.838671207e-06,1.103430986e-05,0,3.41989e-11,2.84556e-06,0.03826311231,-0.02837489545,-0.2946365048,0.04657262742
1354,13.540000,-0.2882339731,0.04873103648,3.829598427e-06,-2.838671207e-06,-2.838671207e-06,1.104176044e-05,0,3.42275e-11,2.84636e-06,0.03826311231,-0.02837489545,-0.2889042896,0.0465396305
1355,13.550000,-0.2845819667,0.04931798577,3.829598427e-06,-2.838671207e-06,-2.838671207e-06,1.104921103e-05,0,3.4256e-11,2.84716e-06,0.03826311231,-0.02837489545,-0.2836377045,0.04724383198
1356,13.560000,-0.2803209126,0.04933393002,3.829598427e-06,-2.838671207e-06,-2.838671207e-06,1.105666161e-05,0,3.42845e-11,2.84795e-06,0.03826311231,-0.02837489545,-0.2789013319,0.04763066364
1357,13.570000,-0.2764008269,0.04923702031,3.829598427e-06,-2.838671207e-06,-2.838671207e-06,1.106411219e-05,0,3.43131e-11,2.84875e-06,0.03826311231,-0.02837489545,-0.2747529877,0.04758814539
1358,13.580000,-0.2728942484,0.04926127195,3.829598427e-06,-2.838671207e-06,-2.838671207e-06,1.107156277e-05,0,3.43416e-11,2.84954e-06,0.03826311231,-0.02837489545,-0.2712429925,0.04723961538
1359,13.590000,-0.2706494927,0.04926740378,3.829598427e-06,-2.838671207e-06,-2.838671207e-06,1.107901335e-05,0,3.43701e-11,2.85033e-06,0.03826311231,-0.02837489545,-0.2684135322,0.0475097752
1360,13.600000,-0.2683145925,0.04867377877,3.829598427e-06,-2.838671207e-06,-2.838671207e-06,1.108646393e-05,0,3.43987e-11,2.85113e-06,0.03826311231,-0.02837489545,-0.2662981154,0.04712354381
1361,13.610000,-0.2682229057,0.04895258695,3.829598427e-06,-2.838671207e-06,-2.838671207e-06,1.109391451e-05,0,3.44272e-11,2.85192e-06,0.03826311231,-0.02837489545,-0.2649211346,0.0473892431
1362,13.620000,-0.2674582377,0.048693344,3.829598427e-06,-2.838671207e-06,-2.838671207e-06,1.110136509e-05,0,3.44557e-11,2.85271e-06,0.03826311231,-0.02837489545,-0.2642975358,0.0469188435
1363,13.630000,-0.268415384,0.04893541336,3.829598427e-06,-2.838671207e-06,-2.838671207e-06,1.110881567e-05,0,3.44842e-11,2.85349e-06,0.03826311231,-0.02837489545,-0.2644326006,0.04665219873
1364,13.640000,-0.2698785812,0.04912427068,3.829598427e-06,-2.838671207e-06,-2.838671207e-06,1.111626625e-05,0,3.45128e-11,2.85428e-06,0.03826311231,-0.02837489545,-0.265321844,0.04642334552
1365,13.650000,-0.2720750347,0.0490796715,3.829598427e-06,-2.838671207e-06,-2.838671207e-06,1.112371683e-05,0,3.45413e-11,2.85507e-06,0.03826311231,-0.02837489545,-0.2669510279,0.04669137614
1366,13.660000,-0.274909921,0.04907544702,3.829598427e-06,-2.838671207e-06,-2.838671207e-06,1.113116741e-05,0,3.45698e-11,2.85585e-06,0.03826311231,-0.02837489545,-0.2692962917,0.04654493122
1367,13.670000,-0.2791101709,0.04937618226,3.829598427e-06,-2.838671207e-06,-2.838671207e-06,1.113861799e-05,0,3.45984e-11,2.85664e-06,0.03826311231,-0.02837489545,-0.2723243977,0.04588201309
1368,13.680000,-0.2822924927,0.04914677143,3.829598427e-06,-2.838671207e-06,-2.838671207e-06,1.114606857e-05,0,3.46269e-11,2.85742e-06,0.03826311231,-0.02837489545,-0.275993089,0.04594747337
1369,13.690000,-0.2860088497,0.04884951562,3.829598427e-06,-2.838671207e-06,-2.838671207e-06,1.115351915e-05,0,3.46554e-11,2.8582e-06,0.03826311231,-0.02837489545,-0.2802515552,0.04559490805
1370,13.700000,-0.2917117625,0.04919240624,3.829598427e-06,-2.838671207e-06,-2.838671207e-06,1.116096973e-05,0,3.4684e-11,2.85898e-06,0.03826311231,-0.02837489545,-0.2850410023,0.04524827252
1371,13.710000,-0.2964133397,0.04864441603,3.829598427e-06,-2.838671207e-06,-2.838671207e-06,1.116842031e-05,0,3.47125e-11,2.85976e-06,0.03826311231,-0.02837489545,-0.2902953179,0.04477957807
1372,13.720000,-0.3023298606,0.04844238609,3.829598427e-06,-2.838671207e-06,-2.838671207e-06,1.11758709e-05,0,3.4741e-11,2.86054e-06,0.03826311231,-0.02837489545,-0.2959418265,0.04467805069
1373,13.730000,-0.3080357015,0.04856937379,3.829598427e-06,-2.838671207e-06,-2.838671207e-06,1.118332148e-05,0,3.47696e-11,2.86132e-06,0.03826311231,-0.02837489545,-0.3019021248,0.04461924807
1374,13.740000,-0.3149035797,0.04904150218,3.829598427e-06,-2.838671207e-06,-2.838671207e-06,1.119077206e-05,0,3.47981e-11,2.86209e-06,0.03826311231,-0.02837489545,-0.3080929881,0.04460444829
1375,13.750000,-0.3217783943,0.04924683273,3.829598427e-06,-2.838671207e-06,-2.838671207e-06,1.119822264e-05,0,3.48266e-11,2.86287e-06,0.03826311231,-0.02837489545,-0.3144273367,0.04469901108
1376,13.760000,-0.3276953548,0.04894443601,3.829598427e-06,-2.838671207e-06,-2.838671207e-06,1.120567322e-05,0,3.48552e-11,2.86364e-06,0.03826311231,-0.02837489545,-0.3208152529,0.04436735653
1377,13.770000,-0.3337153047,0.0486779362,3.829598427e-06,-2.838671207e-06,-2.838671207e-06,1.12131238e-05,0,3.48837e-11,2.86441e-06,0.03826311231,-0.02837489545,-0.3271650346,0.04438626449
1378,13.780000,-0.3396666944,0.04862149805,3.829598427e-06,-2.838671207e-06,-2.838671207e-06,1.122057438e-05,0,3.49122e-11,2.86518e-06,0.03826311231,-0.02837489545,-0.3333842757,0.04472376072
1379,13.790000,-0.3453874439,0.04831469804,3.829598427e-06,-2.838671207e-06,-2.838671207e-06,1.122802496e-05,0,3.49408e-11,2.86595e-06,0.03826311231,-0.02837489545,-0.3393809588,0.04393858298
1380,13.800000,-0.3504405469,0.0483815074,3.829598427e-06,-2.838671207e-06,-2.838671207e-06,1.123547554e-05,0,3.49693e-11,2.86672e-06,0.03826311231,-0.02837489545,-0.3450645499,0.04387400694
1381,13.810000,-0.3552288488,0.04774086922,3.829598427e-06,-2.838671207e-06,-2.838671207e-06,1.124292612e-05,0,3.49978e-11,2.86749e-06,0.03826311231,-0.02837489545,-0.3503470799,0.04401698788
1382,13.820000,-0.3593969643,0.04767357558,3.829598427e-06,-2.838671207e-06,-2.838671207e-06,1.12503767e-05,0,3.50264e-11,2.86826e-06,0.03826311231,-0.02837489545,-0.3551442028,0.04392570262
1383,13.830000,-0.3629768863,0.04732437432,3.829598427e-06,-2.838671207e-06,-2.838671207e-06,1.125782728e-05,0,3.50549e-11,2.86903e-06,0.03826311231,-0.02837489545,-0.3593762168,0.04436428586
1384,13.840000,-0.3658388853,0.04706829041,3.829598427e-06,-2.838671207e-06,-2.838671207e-06,1.126527786e-05,0,3.50834e-11,2.86979e-06,0.03826311231,-0.02837489545,-0.3629690374,0.04407212753
1385,13.850000,-0.3686757535,0.04735162109,3.829598427e-06,-2.838671207e-06,-2.838671207e-06,1.127272844e-05,0,3.5112e-11,2.87055e-06,0.03826311231,-0.02837489545,-0.3658551104,0.04377818128
1386,13.860000,-0.3700732291,0.04700259119,3.829598427e-06,-2.838671207e-06,-2.838671207e-06,1.128017902e-05,0,3.51405e-11,2.87132e-06,0.03826311231,-0.02837489545,-0.3679742553,0.04423603337
1387,13.870000,-0.3719910905,0.04744387418,3.829598427e-06,-2.838671207e-06,-2.838671207e-06,1.12876296e-05,0,3.5169e-11,2.87208e-06,0.03826311231,-0.02837489545,-0.3692744279,0.04443685126
1388,13.880000,-0.3713693917,0.04717560112,3.829598427e-06,-2.838671207e-06,-2.838671207e-06,1.129508018e-05,0,3.51976e-11,2.87284e-06,0.03826311231,-0.02837489545,-0.3697123944,0.04420634765
1389,13.890000,-0.3708120733,0.0471509099,3.829598427e-06,-2.838671207e-06,-2.838671207e-06,1.130253077e-05,0,3.52261e-11,2.8736e-06,0.03826311231,-0.02837489545,-0.3692543082,0.04378689469
1390,13.900000,-0.3692477345,0.04713964462,3.829598427e-06,-2.838671207e-06,-2.838671207e-06,1.130998135e-05,0,3.52546e-11,2.87436e-06,0.03826311231,-0.02837489545,-0.3678761835,0.04359798037
1391,13.910000,-0.3667995036,0.04690492153,3.829598427e-06,-2.838671207e-06,-2.838671207e-06,1.131743193e-05,0,3.52832e-11,2.87511e-06,0.03826311231,-0.02837489545,-0.3655642588,0.04401831633
1392,13.920000,-0.3629093394,0.04683757573,3.829598427e-06,-2.838671207e-06,-2.838671207e-06,1.132488251e-05,0,3.53117e-11,2.87587e-06,0.03826311231,-0.02837489545,-0.3623152471,0.04363315965
1393,13.930000,-0.3592560366,0.04703588039,3.829598427e-06,-2.838671207e-06,-2.838671207e-06,1.133233309e-05,0,3.53402e-11,2.87663e-06,0.03826311231,-0.02837489545,-0.3581364688,0.04329955145
1394,13.940000,-0.3534196839,0.04684345424,3.829598427e-06,-2.838671207e-06,-2.838671207e-06,1.133978367e-05,0,3.53688e-11,2.87738e-06,0.03826311231,-0.02837489545,-0.353045866,0.04355239518
1395,13.950000,-0.3470436856,0.04680973291,3.829598427e-06,-2.838671207e-06,-2.838671207e-06,1.134723425e-05,0,3.53973e-11,2.87813e-06,0.03826311231,-0.02837489545,-0.3470718977,0.04352065368
1396,13.960000,-0.3387640491,0.04653405398,3.829598427e-06,-2.838671207e-06,-2.838671207e-06,1.135468483e-05,0,3.54258e-11,2.87889e-06,0.03826311231,-0.02837489545,-0.3402533161,0.04347273779
1397,13.970000,-0.3309072107,0.04663419724,3.829598427e-06,-2.838671207e-06,-2.838671207e-06,1.136213541e-05,0,3.54544e-11,2.87964e-06,0.03826311231,-0.02837489545,-0.3326388278,0.04357323792
1398,13.980000,-0.3224821687,0.0464129746,3.829598427e-06,-2.838671207e-06,-2.838671207e-06,1.136958599e-05,0,3.54829e-11,2.88039e-06,0.03826311231,-0.02837489545,-0.3242866415,0.04356599475
1399,13.990000,-0.3133517131,0.04675402492,3.829598427e-06,-2.838671207e-06,-2.838671207e-06,1.137703657e-05,0,3.55114e-11,2.88113e-06,0.03826311231,-0.02837489545,-0.3152639084,0.04342480374
1400,14.000000,-0.3035155758,0.04714607447,3.829598427e-06,-2.838671207e-06,-2.838671207e-06,1.138448715e-05,0,3.554e-11,2.88188e-06,0.03826311231,-0.02837489545,-0.3056460609,0.04335423687
1401,14.010000,-0.2938117683,0.04751204699,3.829598427e-06,-2.838671207e-06,-2.838671207e-06,1.139193773e-05,0,3.55685e-11,2.88263e-06,0.03826311231,-0.02837489545,-0.2955160571,0.04343023451
1402,14.020000,-0.2824775353,0.04729511589,3.829598427e-06,-2.838671207e-06,-2.838671207e-06,1.139938831e-05,0,3.5597e-11,2.88337e-06,0.03826311231,-0.02837489545,-0.2849635388,0.04349020308
1403,14.030000,-0.2713387385,0.0472850129,3.829598427e-06,-2.838671207e-06,-2.838671207e-06,1.140683889e-05,0,3.56256e-11,2.88412e-06,0.03826311231,-0.02837489545,-0.2740839128,0.04296876534
1404,14.040000,-0.260351859,0.04742456973,3.829598427e-06,-2.838671207e-06,-2.838671207e-06,1.141428947e-05,0,3.56541e-11,2.88486e-06,0.03826311231,-0.02837489545,-0.2629773657,0.04387070112
1405,14.050000,-0.2496525347,0.04739042372,3.829598427e-06,-2.838671207e-06,-2.838671207e-06,1.142174006e-05,0,3.56826e-11,2.88561e-06,0.03826311231,-0.02837489545,-0.2517478221,0.04447253789
1406,14.060000,-0.2391894087,0.04770001769,3.829598427e-06,-2.838671207e-06,-2.838671207e-06,1.142919064e-05,0,3.57112e-11,2.88635e-06,0.03826311231,-0.02837489545,-0.2405018599,0.04496606086
1407,14.070000,-0.2278542966,0.04776946455,3.829598427e-06,-2.838671207e-06,-2.838671207e-06,1.143664122e-05,0,3.57397e-11,2.88709e-06,0.03826311231,-0.02837489545,-0.2293475919,0.04532974817
1408,14.080000,-0.2168482691,0.04747107625,3.829598427e-06,-2.838671207e-06,-2.838671207e-06,1.14440918e-05,0,3.57682e-11,2.88783e-06,0.03826311231,-0.02837489545,-0.2183935287,0.04537816069
1409,14.090000,-0.2064712048,0.04743850976,3.829598427e-06,-2.838671207e-06,-2.838671207e-06,1.145154238e-05,0,3.57968e-11,2.88856e-06,0.03826311231,-0.02837489545,-0.2077474341,0.04561054491
1410,14.100000,-0.197210215,0.04794581234,3.829598427e-06,-2.838671207e-06,-2.838671207e-06,1.145899296e-05,0,3.58253e-11,2.8893e-06,0.03826311231,-0.02837489545,-0.1975151861,0.04556655308
1411,14.110000,-0.187192902,0.0481306091,3.829598427e-06,-2.838671207e-06,-2.838671207e-06,1.146644354e-05,0,3.58538e-11,2.89004e-06,0.03826311231,-0.02837489545,-0.1877996562,0.04600833168
1412,14.120000,-0.1786312535,0.04829510301,3.829598427e-06,-2.838671207e-06,-2.838671207e-06,1.147389412e-05,0,3.58824e-11,2.89077e-06,0.03826311231,-0.02837489545,-0.1786996197,0.04584485425
1413,14.130000,-0.1702896953,0.04794954509,3.829598427e-06,-2.838671207e-06,-2.838671207e-06,1.14813447e-05,0,3.59109e-11,2.89151e-06,0.03826311231,-0.02837489545,-0.1703087088,0.04591544004
1414,14.140000,-0.1639386639,0.04837759584,3.829598427e-06,-2.838671207e-06,-2.838671207e-06,1.148879528e-05,0,3.59394e-11,2.89224e-06,0.03826311231,-0.02837489545,-0.1627144203,0.04612916394
1415,14.150000,-0.1568397209,0.04801245779,3.829598427e-06,-2.838671207e-06,-2.838671207e-06,1.149624586e-05,0,3.5968e-11,2.89297e-06,0.03826311231,-0.02837489545,-0.1559971889,0.04642010021
1416,14.160000,-0.151948981,0.04814587533,3.829598427e-06,-2.838671207e-06,-2.838671207e-06,1.150369644e-05,0,3.59965e-11,2.8937e-06,0.03826311231,-0.02837489545,-0.150229537,0.04593248187
1417,14.170000,-0.1474559754,0.04796535522,3.829598427e-06,-2.838671207e-06,-2.838671207e-06,1.151114702e-05,0,3.6025e-11,2.89443e-06,0.03826311231,-0.02837489545,-0.1454753088,0.04554573275
1418,14.180000,-0.1447324753,0.04809228331,3.829598427e-06,-2.838671207e-06,-2.838671207e-06,1.15185976e-05,0,3.60535e-11,2.89516e-06,0.03826311231,-0.02837489545,-0.1417889998,0.04550698127
1419,14.190000,-0.1426014453,0.04795474559,3.829598427e-06,-2.838671207e-06,-2.838671207e-06,1.152604818e-05,0,3.60821e-11,2.89589e-06,0.03826311231,-0.02837489545,-0.1392151865,0.04517045413
1420,14.200000,-0.1421860904,0.04803622514,3.829598427e-06,-2.838671207e-06,-2.838671207e-06,1.153349876e-05,0,3.61106e-11,2.89662e-06,0.03826311231,-0.02837489545,-0.1377880642,0.04600571174
1421,14.210000,-0.1422417387,0.04760253429,3.829598427e-06,-2.838671207e-06,-2.838671207e-06,1.154094934e-05,0,3.61391e-11,2.89734e-06,0.03826311231,-0.02837489545,-0.1375310978,0.04630680328
1422,14.220000,-0.1435783505,0.04754251987,3.829598427e-06,-2.838671207e-06,-2.838671207e-06,1.154839993e-05,0,3.61677e-11,2.89807e-06,0.03826311231,-0.02837489545,-0.1384567886,0.04608798421
1423,14.230000,-0.1467324421,0.04787904769,3.829598427e-06,-2.838671207e-06,-2.838671207e-06,1.155585051e-05,0,3.61962e-11,2.89879e-06,0.03826311231,-0.02837489545,-0.1405665605,0.04577384716
1424,14.240000,-0.1504584327,0.04799167067,3.829598427e-06,-2.846121788e-06,-2.846121788e-06,1.156330109e-05,0,3.61824e-11,2.8951e-06,0.03826311231,-0.02844654769,-0.1438507667,0.04560503128
1425,14.250000,-0.1555324197,0.047925964,3.829598427e-06,-2.853572369e-06,-2.853572369e-06,1.157075167e-05,0,3.61685e-11,2.89141e-06,0.03826311231,-0.02851819992,-0.1482888157,0.04512826417
1426,14.260000,-0.1615287587,0.04748027027,3.829598427e-06,-2.861022949e-06,-2.861022949e-06,1.157820225e-05,0,3.61544e-11,2.88771e-06,0.03826311231,-0.02858985215,-0.1538494165,0.04521164387
1427,14.270000,-0.1691324487,0.04776334018,3.829598427e-06,-2.86847353e-06,-2.86847353e-06,1.158565283e-05,0,3.61403e-11,2.88401e-06,0.03826311231,-0.02866150439,-0.1604909389,0.04496691683
1428,14.280000,-0.176597625,0.04719369113,3.829598427e-06,-2.87592411e-06,-2.87592411e-06,1.157820225e-05,0,3.60689e-11,2.87885e-06,0.03826311231,-0.02873316407,-0.1681618853,0.04510684275
1429,14.290000,-0.1847533882,0.04666423798,3.829598427e-06,-2.883374691e-06,-2.883374691e-06,1.157075167e-05,0,3.59975e-11,2.87366e-06,0.03826311231,-0.02880481631,-0.1768014686,0.04510137572
1430,14.300000,-0.1948067173,0.04647988081,3.829598427e-06,-2.890825272e-06,-2.890825272e-06,1.156330109e-05,0,3.59259e-11,2.86847e-06,0.03826311231,-0.02887646854,-0.1863402897,0.04535351808
1431,14.310000,-0.2045529783,0.04621676356,3.829598427e-06,-2.898275852e-06,-2.898275852e-06,1.155585051e-05,0,3.58543e-11,2.86326e-06,0.03826311231,-0.02894812077,-0.1967011058,0.04562306224
1432,14.320000,-0.2158369422,0.04587521404,3.829598427e-06,-2.905726433e-06,-2.905726433e-06,1.154839993e-05,0,3.57825e-11,2.85803e-06,0.03826311231,-0.02901977301,-0.2077996821,0.04584333007
1433,14.330000,-0.2274407968,0.04574973136,3.829598427e-06,-2.905726433e-06,-2.905726433e-06,1.154094934e-05,0,3.5754e-11,2.85728e-06,0.03826311231,-0.02901977301,-0.2195457166,0.04621830089
1434,14.340000,-0.2399604172,0.04555807263,3.829598427e-06,-2.905726433e-06,-2.905726433e-06,1.153349876e-05,0,3.57254e-11,2.85653e-06,0.03826311231,-0.02901977301,-0.2318438278,0.04584023992
1435,14.350000,-0.2524343431,0.04545687139,3.829598427e-06,-2.905726433e-06,-2.905726433e-06,1.152604818e-05,0,3.56969e-11,2.85578e-06,0.03826311231,-0.02901977301,-0.2445945929,0.04577931491
1436,14.360000,-0.2664547041,0.04559001327,3.829598427e-06,-2.905726433e-06,-2.905726433e-06,1.15185976e-05,0,3.56684e-11,2.85503e-06,0.03826311231,-0.02901977301,-0.2576956262,0.04617636695
1437,14.370000,-0.2793405354,0.0452209115,3.829598427e-06,-2.905726433e-06,-2.905726433e-06,1.151114702e-05,0,3.56398e-11,2.85428e-06,0.03826311231,-0.02901977301,-0.2710426857,0.04612095276
1438,14.380000,-0.2916943058,0.0447486043,3.829598427e-06,-2.905726433e-06,-2.905726433e-06,1.150369644e-05,0,3.56113e-11,2.85352e-06,0.03826311231,-0.02901977301,-0.2845307928,0.04682552008
1439,14.390000,-0.3057045639,0.04495751858,3.829598427e-06,-2.905726433e-06,-2.905726433e-06,1.149624586e-05,0,3.55828e-11,2.85276e-06,0.03826311231,-0.02901977301,-0.2980553561,0.04723192795
1440,14.400000,-0.3188626096,0.04475148022,3.829598427e-06,-2.905726433e-06,-2.905726433e-06,1.148879528e-05,0,3.55542e-11,2.85201e-06,0.03826311231,-0.02901977301,-0.3115132836,0.04763889644
1441,14.410000,-0.3314166144,0.04451964796,3.829598427e-06,-2.905726433e-06,-2.905726433e-06,1.14813447e-05,0,3.55257e-11,2.85125e-06,0.03826311231,-0.02901977301,-0.3248040724,0.04785892833
1442,14.420000,-0.3439474776,0.04417014122,3.829598427e-06,-2.905726433e-06,-2.905726433e-06,1.147389412e-05,0,3.54972e-11,2.85049e-06,0.03826311231,-0.02901977301,-0.3378308631,0.04772147829
1443,14.430000,-0.3553934246,0.0436662659,3.829598427e-06,-2.905726433e-06,-2.905726433e-06,1.146644354e-05,0,3.54686e-11,2.84973e-06,0.03826311231,-0.02901977301,-0.3505014475,0.04762387294
1444,14.440000,-0.3676814958,0.0438305065,3.829598427e-06,-2.905726433e-06,-2.905726433e-06,1.145899296e-05,0,3.54401e-11,2.84897e-06,0.03826311231,-0.02901977301,-0.3627292172,0.04760502684
1445,14.450000,-0.3786725104,0.04333993793,3.829598427e-06,-2.905726433e-06,-2.905726433e-06,1.145154238e-05,0,3.54116e-11,2.84821e-06,0.03826311231,-0.02901977301,-0.3744340441,0.04834100037
1446,14.460000,-0.3902664706,0.04369481653,3.829598427e-06,-2.905726433e-06,-2.905726433e-06,1.14440918e-05,0,3.5383e-11,2.84744e-06,0.03826311231,-0.02901977301,-0.3855430816,0.04890099115
1447,14.470000,-0.4002598375,0.0435391739,3.829598427e-06,-2.905726433e-06,-2.905726433e-06,1.143664122e-05,0,3.53545e-11,2.84668e-06,0.03826311231,-0.02901977301,-0.3959914783,0.04936087012
1448,14.480000,-0.4085562825,0.04303267598,3.829598427e-06,-2.905726433e-06,-2.905726433e-06,1.142919064e-05,0,3.5326e-11,2.84591e-06,0.03826311231,-0.02901977301,-0.4057229964,0.04956683452
1449,14.490000,-0.4171240181,0.04260064662,3.829598427e-06,-2.905726433e-06,-2.905726433e-06,1.142174006e-05,0,3.52974e-11,2.84515e-06,0.03826311231,-0.02901977301,-0.4146905275,0.04964300075
1450,14.500000,-0.4252903834,0.04252237827,3.829598427e-06,-2.905726433e-06,-2.905726433e-06,1.141428947e-05,0,3.52689e-11,2.84438e-06,0.03826311231,-0.02901977301,-0.4228565004,0.04970469099
1451,14.510000,-0.4319594428,0.04257124662,3.829598427e-06,-2.905726433e-06,-2.905726433e-06,1.140683889e-05,0,3.52404e-11,2.84361e-06,0.03826311231,-0.02901977301,-0.4301931768,0.04984448205
1452,14.520000,-0.4379579499,0.04273179173,3.829598427e-06,-2.905726433e-06,-2.905726433e-06,1.139938831e-05,0,3.52118e-11,2.84284e-06,0.03826311231,-0.02901977301,-0.4366828319,0.04988906736
1453,14.530000,-0.4424360171,0.04236777872,3.829598427e-06,-2.905726433e-06,-2.905726433e-06,1.139193773e-05,0,3.51833e-11,2.84207e-06,0.03826311231,-0.02901977301,-0.4423178173,0.05046842224
1454,14.540000,-0.4465651214,0.04240150005,3.829598427e-06,-2.905726433e-06,-2.905726433e-06,1.138448715e-05,0,3.51548e-11,2.8413e-06,0.03826311231,-0.02901977301,-0.4471005066,0.05045762698
1455,14.550000,-0.4496200904,0.04212821275,3.829598427e-06,-2.905726433e-06,-2.905726433e-06,1.137703657e-05,0,3.51262e-11,2.84052e-06,0.03826311231,-0.02901977301,-0.4510431248,0.05046766273
1456,14.560000,-0.4519906491,0.0417419523,3.829598427e-06,-2.905726433e-06,-2.905726433e-06,1.136958599e-05,0,3.50977e-11,2.83975e-06,0.03826311231,-0.02901977301,-0.4541674625,0.05054536372
1457,14.570000,-0.4540629759,0.04194217175,3.829598427e-06,-2.905726433e-06,-2.905726433e-06,1.136213541e-05,0,3.50692e-11,2.83897e-06,0.03826311231,-0.02901977301,-0.4565044806,0.05012115907
1458,14.580000,-0.4547076151,0.04147402197,3.829598427e-06,-2.905726433e-06,-2.905726433e-06,1.135468483e-05,0,3.50406e-11,2.8382e-06,0.03826311231,-0.02901977301,-0.458093808,0.0504858535
1459,14.590000,-0.4553614035,0.04200222343,3.829598427e-06,-2.905726433e-06,-2.905726433e-06,1.134723425e-05,0,3.50121e-11,2.83742e-06,0.03826311231,-0.02901977301,-0.4589831398,0.05064901993
1460,14.600000,-0.4555945322,0.042362459,3.829598427e-06,-2.905726433e-06,-2.905726433e-06,1.133978367e-05,0,3.49836e-11,2.83664e-06,0.03826311231,-0.02901977301,-0.4592275436,0.05051038465
1461,14.610000,-0.4559515715,0.04294156283,3.829598427e-06,-2.905726433e-06,-2.905726433e-06,1.133233309e-05,0,3.4955e-11,2.83586e-06,0.03826311231,-0.02901977301,-0.4588886802,0.05082421557
1462,14.620000,-0.4546088129,0.04275631905,3.829598427e-06,-2.905726433e-06,-2.905726433e-06,1.132488251e-05,0,3.49265e-11,2.83508e-06,0.03826311231,-0.02901977301,-0.4580339504,0.05096274687
1463,14.630000,-0.4530718923,0.04270409793,3.829598427e-06,-2.905726433e-06,-2.905726433e-06,1.131743193e-05,0,3.4898e-11,2.8343e-06,0.03826311231,-0.02901977301,-0.4567355759,0.05036758031
1464,14.640000,-0.4521460235,0.04317685217,3.829598427e-06,-2.905726433e-06,-2.905726433e-06,1.130998135e-05,0,3.48694e-11,2.83352e-06,0.03826311231,-0.02901977301,-0.4550696263,0.05036247363
1465,14.650000,-0.4500252604,0.0431008637,3.829598427e-06,-2.905726433e-06,-2.905726433e-06,1.130253077e-05,0,3.48409e-11,2.83273e-06,0.03826311231,-0.02901977301,-0.4531150035,0.05027720393
1466,14.660000,-0.4482194036,0.04312294722,3.829598427e-06,-2.905726433e-06,-2.905726433e-06,1.129508018e-05,0,3.48124e-11,2.83195e-06,0.03826311231,-0.02901977301,-0.4509523947,0.05070823231
1467,14.670000,-0.4462158382,0.04353071749,3.829598427e-06,-2.905726433e-06,-2.905726433e-06,1.12876296e-05,0,3.47838e-11,2.83116e-06,0.03826311231,-0.02901977301,-0.4486632078,0.0506112516
1468,14.680000,-0.4445436522,0.04410696775,3.829598427e-06,-2.905726433e-06,-2.905726433e-06,1.128017902e-05,0,3.47553e-11,2.83037e-06,0.03826311231,-0.02901977301,-0.4463284993,0.05081348128
1469,14.690000,-0.4430938289,0.04460335523,3.829598427e-06,-2.905726433e-06,-2.905726433e-06,1.127272844e-05,0,3.47268e-11,2.82959e-06,0.03826311231,-0.02901977301,-0.4440279101,0.0506832695
1470,14.700000,-0.4409038126,0.04446905106,3.829598427e-06,-2.905726433e-06,-2.905726433e-06,1.126527786e-05,0,3.46982e-11,2.8288e-06,0.03826311231,-0.02901977301,-0.4418386192,0.0499465157
1471,14.710000,-0.4388110414,0.04443130642,3.829598427e-06,-2.905726433e-06,-2.905726433e-06,1.125782728e-05,0,3.46697e-11,2.82801e-06,0.03826311231,-0.02901977301,-0.439834329,0.05001138397
1472,14.720000,-0.4365296587,0.04452186078,3.829598427e-06,-2.905726433e-06,-2.905726433e-06,1.12503767e-05,0,3.46412e-11,2.82721e-06,0.03826311231,-0.02901977301,-0.4380842937,0.05005768012
1473,14.730000,-0.434891291,0.0443251431,3.829598427e-06,-2.905726433e-06,-2.905726433e-06,1.124292612e-05,0,3.46126e-11,2.82642e-06,0.03826311231,-0.02901977301,-0.4366524018,0.04965836456
1474,14.740000,-0.4344994947,0.04465767741,3.829598427e-06,-2.905726433e-06,-2.905726433e-06,1.123547554e-05,0,3.45841e-11,2.82563e-06,0.03826311231,-0.02901977301,-0.4355963241,0.04942835344
1475,14.750000,-0.4338560551,0.04482380301,3.829598427e-06,-2.905726433e-06,-2.905726433e-06,1.122802496e-05,0,3.45556e-11,2.82483e-06,0.03826311231,-0.02901977301,-0.434966737,0.04942187662
1476,14.760000,-0.4343198687,0.04491388798,3.829598427e-06,-2.905726433e-06,-2.905726433e-06,1.122057438e-05,0,3.4527e-11,2.82404e-06,0.03826311231,-0.02901977301,-0.4348066294,0.04944242328
1477,14.770000,-0.434123531,0.04464588314,3.829598427e-06,-2.905726433e-06,-2.905726433e-06,1.12131238e-05,0,3.44985e-11,2.82324e-06,0.03826311231,-0.02901977301,-0.4351507031,0.0499198501
1478,14.780000,-0.435838744,0.04497225583,3.829598427e-06,-2.905726433e-06,-2.905726433e-06,1.120567322e-05,0,3.447e-11,2.82244e-06,0.03826311231,-0.02901977301,-0.4360248719,0.04938769481
1479,14.790000,-0.4382551238,0.04536820203,3.829598427e-06,-2.905726433e-06,-2.905726433e-06,1.119822264e-05,0,3.44414e-11,2.82164e-06,0.03826311231,-0.02901977301,-0.4374458671,0.04957941165
1480,14.800000,-0.4405515045,0.04556977749,3.829598427e-06,-2.905726433e-06,-2.905726433e-06,1.119077206e-05,0,3.44129e-11,2.82084e-06,0.03826311231,-0.02901977301,-0.4394209523,0.04909308703
1481,14.810000,-0.4437601566,0.04574159533,3.829598427e-06,-2.905726433e-06,-2.905726433e-06,1.118332148e-05,0,3.43844e-11,2.82004e-06,0.03826311231,-0.02901977301,-0.4419477524,0.04908875769
1482,14.820000,-0.4473332837,0.04581680149,3.829598427e-06,-2.905726433e-06,-2.905726433e-06,1.11758709e-05,0,3.43559e-11,2.81923e-06,0.03826311231,-0.02901977301,-0.4450141991,0.04916680251
1483,14.830000,-0.4506551027,0.04556131363,3.829598427e-06,-2.905726433e-06,-2.905726433e-06,1.116842031e-05,0,3.43273e-11,2.81843e-06,0.03826311231,-0.02901977301,-0.4485985915,0.04935015433
1484,14.840000,-0.4554605782,0.04576995969,3.829598427e-06,-2.905726433e-06,-2.905726433e-06,1.116096973e-05,0,3.42988e-11,2.81762e-06,0.03826311231,-0.02901977301,-0.452669775,0.04945737929
1485,14.850000,-0.4597270489,0.04572404921,3.829598427e-06,-2.905726433e-06,-2.905726433e-06,1.115351915e-05,0,3.42703e-11,2.81682e-06,0.03826311231,-0.02901977301,-0.4571874321,0.04951250182
1486,14.860000,-0.4647046253,0.04539014399,3.829598427e-06,-2.905726433e-06,-2.905726433e-06,1.114606857e-05,0,3.42417e-11,2.81601e-06,0.03826311231,-0.02901977301,-0.4621024865,0.0502505458
1487,14.870000,-0.4701545313,0.0451386869,3.829598427e-06,-2.905726433e-06,-2.905726433e-06,1.113861799e-05,0,3.42132e-11,2.8152e-06,0.03826311231,-0.02901977301,-0.4673576123,0.05029426315
1488,14.880000,-0.4753340036,0.04489234835,3.829598427e-06,-2.905726433e-06,-2.905726433e-06,1.113116741e-05,0,3.41847e-11,2.81439e-06,0.03826311231,-0.02901977301,-0.472887845,0.04988450206
1489,14.890000,-0.4814449623,0.04518598318,3.829598427e-06,-2.905726433e-06,-2.905726433e-06,1.112371683e-05,0,3.41561e-11,2.81358e-06,0.03826311231,-0.02901977301,-0.4786212859,0.04998997634
1490,14.900000,-0.487567015,0.04543742537,3.829598427e-06,-2.905726433e-06,-2.905726433e-06,1.111626625e-05,0,3.41276e-11,2.81277e-06,0.03826311231,-0.02901977301,-0.4844798932,0.05021304962
1491,14.910000,-0.4927802905,0.045533292,3.829598427e-06,-2.905726433e-06,-2.905726433e-06,1.110881567e-05,0,3.40991e-11,2.81195e-06,0.03826311231,-0.02901977301,-0.4903803499,0.05025709286
1492,14.920000,-0.4976370782,0.04519492388,3.829598427e-06,-2.905726433e-06,-2.905726433e-06,1.110136509e-05,0,3.40705e-11,2.81114e-06,0.03826311231,-0.02901977301,-0.4962349988,0.0502278341
1493,14.930000,-0.5032454506,0.04536688328,3.829598427e-06,-2.905726433e-06,-2.905726433e-06,1.109391451e-05,0,3.4042e-11,2.81032e-06,0.03826311231,-0.02901977301,-0.5019528347,0.050135809
1494,14.940000,-0.5082757324,0.04509936273,3.829598427e-06,-2.905726433e-06,-2.905726433e-06,1.108646393e-05,0,3.40135e-11,2.80951e-06,0.03826311231,-0.02901977301,-0.5074405413,0.04962689402
1495,14.950000,-0.5134547651,0.04523395002,3.829598427e-06,-2.905726433e-06,-2.905726433e-06,1.107901335e-05,0,3.39849e-11,2.80869e-06,0.03826311231,-0.02901977301,-0.512603562,0.04961924038
1496,14.960000,-0.5175591335,0.04490359873,3.829598427e-06,-2.905726433e-06,-2.905726433e-06,1.107156277e-05,0,3.39564e-11,2.80787e-06,0.03826311231,-0.02901977301,-0.5173471916,0.04951442003
1497,14.970000,-0.5219040588,0.04508657008,3.829598427e-06,-2.905726433e-06,-2.905726433e-06,1.106411219e-05,0,3.39279e-11,2.80705e-06,0.03826311231,-0.02901977301,-0.5215776774,0.04869998475
1498,14.980000,-0.5254298374,0.04525567591,3.829598427e-06,-2.905726433e-06,-2.905726433e-06,1.105666161e-05,0,3.38993e-11,2.80623e-06,0.03826311231,-0.02901977301,-0.5252033152,0.04814308133
1499,14.990000,-0.527950041,0.04513380677,3.829598427e-06,-2.905726433e-06,-2.905726433e-06,1.104921103e-05,0,3.38708e-11,2.80541e-06,0.03826311231,-0.02901977301,-0.5281355306,0.04837996688
1500,15.000000,-0.5299529582,0.04521688074,3.829598427e-06,-2.905726433e-06,-2.905726433e-06,1.104176044e-05,0,3.38423e-11,2.80458e-06,0.03826311231,-0.02901977301,-0.5302899297,0.04873273398
1501,15.010000,-0.5306713879,0.0452234745,3.829598427e-06,-2.905726433e-06,-2.905726433e-06,1.103430986e-05,0,3.38137e-11,2.80376e-06,0.03826311231,-0.02901977301,-0.5315873097,0.04828910548
1502,15.020000,-0.5308833495,0.04542505741,3.829598427e-06,-2.905726433e-06,-2.905726433e-06,1.102685928e-05,0,3.37852e-11,2.80293e-06,0.03826311231,-0.02901977301,-0.531954617,0.04832634085
1503,15.030000,-0.5299620107,0.04530949891,3.829598427e-06,-2.905726433e-06,-2.905726433e-06,1.10194087e-05,0,3.37567e-11,2.8021e-06,0.03826311231,-0.02901977301,-0.5313258408,0.04851367056
1504,15.040000,-0.5284184143,0.0457701683,3.829598427e-06,-2.905726433e-06,-2.905726433e-06,1.101195812e-05,0,3.37281e-11,2.80127e-06,0.03826311231,-0.02901977301,-0.5296428337,0.04858820372
1505,15.050000,-0.5246105492,0.0457880646,3.829598427e-06,-2.905726433e-06,-2.905726433e-06,1.100450754e-05,0,3.36996e-11,2.80044e-06,0.03826311231,-0.02901977301,-0.5268560477,0.04817747261
1506,15.060000,-0.5204211697,0.04591619223,3.829598427e-06,-2.905726433e-06,-2.905726433e-06,1.099705696e-05,0,3.36711e-11,2.79961e-06,0.03826311231,-0.02901977301,-0.5229251785,0.048056756
1507,15.070000,-0.5151609555,0.04638776928,3.829598427e-06,-2.905726433e-06,-2.905726433e-06,1.098960638e-05,0,3.36425e-11,2.79878e-06,0.03826311231,-0.02901977301,-0.5178197101,0.04837935552
1508,15.080000,-0.5087351203,0.04679665715,3.829598427e-06,-2.905726433e-06,-2.905726433e-06,1.09821558e-05,0,3.3614e-11,2.79795e-06,0.03826311231,-0.02901977301,-0.5115193528,0.04812721855
1509,15.090000,-0.5007519796,0.04702983052,3.829598427e-06,-2.905726433e-06,-2.905726433e-06,1.097470522e-05,0,3.35855e-11,2.79711e-06,0.03826311231,-0.02901977301,-0.5040143704,0.04843037351
1510,15.100000,-0.4926865399,0.04748380184,3.829598427e-06,-2.905726433e-06,-2.905726433e-06,1.096725464e-05,0,3.35569e-11,2.79628e-06,0.03826311231,-0.02901977301,-0.4953057914,0.04869205139
1511,15.110000,-0.4820517153,0.04742497206,3.829598427e-06,-2.905726433e-06,-2.905726433e-06,1.095980406e-05,0,3.35284e-11,2.79544e-06,0.03826311231,-0.02901977301,-0.4854055022,0.04881562065
1512,15.120000,-0.4711947441,0.0479363054,3.829598427e-06,-2.905726433e-06,-2.905726433e-06,1.095235348e-05,0,3.34999e-11,2.7946e-06,0.03826311231,-0.02901977301,-0.4743362216,0.04864792434
1513,15.130000,-0.459789969,0.04873592407,3.829598427e-06,-2.905726433e-06,-2.905726433e-06,1.09449029e-05,0,3.34713e-11,2.79376e-06,0.03826311231,-0.02901977301,-0.4621313547,0.04861466052
1514,15.140000,-0.4453584999,0.04877005517,3.829598427e-06,-2.905726433e-06,-2.905726433e-06,1.093745232e-05,0,3.34428e-11,2.79292e-06,0.03826311231,-0.02901977301,-0.4488347298,0.0490895465
1515,15.150000,-0.4311892912,0.04900031537,3.829598427e-06,-2.905726433e-06,-2.905726433e-06,1.093000174e-05,0,3.34143e-11,2.79208e-06,0.03826311231,-0.02901977301,-0.4345002195,0.0489566402
1516,15.160000,-0.4163183793,0.04931398481,3.829598427e-06,-2.905726433e-06,-2.905726433e-06,1.092255116e-05,0,3.33857e-11,2.79124e-06,0.03826311231,-0.02901977301,-0.4191912504,0.04922091466
1517,15.170000,-0.3988141641,0.04865370691,3.829598427e-06,-2.905726433e-06,-2.905726433e-06,1.091510057e-05,0,3.33572e-11,2.79039e-06,0.03826311231,-0.02901977301,-0.4029802068,0.04872054921
1518,15.180000,-0.3810958788,0.04881301522,3.829598427e-06,-2.905726433e-06,-2.905726433e-06,1.090764999e-05,0,3.33287e-11,2.78955e-06,0.03826311231,-0.02901977301,-0.3859477353,0.04815921997
1519,15.190000,-0.3633396477,0.04900315404,3.829598427e-06,-2.905726433e-06,-2.905726433e-06,1.090019941e-05,0,3.33001e-11,2.7887e-06,0.03826311231,-0.02901977301,-0.3681819566,0.04830084415
1520,15.200000,-0.3453063443,0.04943150282,3.829598427e-06,-2.905726433e-06,-2.905726433e-06,1.089274883e-05,0,3.32716e-11,2.78785e-06,0.03826311231,-0.02901977301,-0.3497775943,0.04798541343
1521,15.210000,-0.3267251477,0.04969452322,3.829598427e-06,-2.905726433e-06,-2.905726433e-06,1.088529825e-05,0,3.32431e-11,2.787e-06,0.03826311231,-0.02901977301,-0.3308350304,0.04800889515
1522,15.220000,-0.3068715483,0.04972363263,3.829598427e-06,-2.905726433e-06,-2.905726433e-06,1.087784767e-05,0,3.32145e-11,2.78615e-06,0.03826311231,-0.02901977301,-0.3114592966,0.048107739
1523,15.230000,-0.2875148728,0.05016249418,3.829598427e-06,-2.905726433e-06,-2.905726433e-06,1.087039709e-05,0,3.3186e-11,2.7853e-06,0.03826311231,-0.02901977301,-0.2917590145,0.04844318391
1524,15.240000,-0.2680377141,0.05082176626,3.829598427e-06,-2.905726433e-06,-2.905726433e-06,1.086294651e-05,0,3.31575e-11,2.78445e-06,0.03826311231,-0.02901977301,-0.2718452942,0.04837573101
1525,15.250000,-0.2477781102,0.05078689009,3.829598427e-06,-2.905726433e-06,-2.905726433e-06,1.085549593e-05,0,3.31289e-11,2.78359e-06,0.03826311231,-0.02901977301,-0.2518306058,0.04789328206
1526,15.260000,-0.2284313068,0.05122174323,3.829598427e-06,-2.905726433e-06,-2.905726433e-06,1.084804535e-05,0,3.31004e-11,2.78274e-06,0.03826311231,-0.02901977301,-0.2318276345,0.04798002243
1527,15.270000,-0.2094813734,0.05188269913,3.829598427e-06,-2.905726433e-06,-2.905726433e-06,1.084059477e-05,0,3.30719e-11,2.78188e-06,0.03826311231,-0.02901977301,-0.2119481329,0.04763341802
1528,15.280000,-0.1910474375,0.05241578817,3.829598427e-06,-2.905726433e-06,-2.905726433e-06,1.083314419e-05,0,3.30433e-11,2.78102e-06,0.03826311231,-0.02901977301,-0.1923017835,0.04737707749
1529,15.290000,-0.1729800254,0.05264595151,3.829598427e-06,-2.905726433e-06,-2.905726433e-06,1.082569361e-05,0,3.30148e-11,2.78017e-06,0.03826311231,-0.02901977301,-0.1729950827,0.04729385001
1530,15.300000,-0.1539838836,0.05240955204,3.829598427e-06,-2.905726433e-06,-2.905726433e-06,1.081824303e-05,0,3.29863e-11,2.7793e-06,0.03826311231,-0.02901977301,-0.1541302606,0.04746881249
1531,15.310000,-0.1352619082,0.05248405784,3.829598427e-06,-2.905726433e-06,-2.905726433e-06,1.081079245e-05,0,3.29577e-11,2.77844e-06,0.03826311231,-0.02901977301,-0.1358042472,0.04771741943
1532,15.320000,-0.1181756109,0.05221644789,3.829598427e-06,-2.905726433e-06,-2.905726433e-06,1.080334187e-05,0,3.29292e-11,2.77758e-06,0.03826311231,-0.02901977301,-0.1181076964,0.04805407833
1533,15.330000,-0.1018367261,0.05204673111,3.829598427e-06,-2.898275852e-06,-2.898275852e-06,1.079589128e-05,0,3.29439e-11,2.78149e-06,0.03826311231,-0.02894812077,-0.10112408,0.04738427006
1534,15.340000,-0.08592122048,0.05200596154,3.829598427e-06,-2.890825272e-06,-2.890825272e-06,1.07884407e-05,0,3.29585e-11,2.78539e-06,0.03826311231,-0.02887646854,-0.08492886017,0.04725333774
1535,15.350000,-0.07137378305,0.05211596936,3.829598427e-06,-2.883374691e-06,-2.883374691e-06,1.078099012e-05,0,3.2973e-11,2.78929e-06,0.03826311231,-0.02880481631,-0.06958875046,0.04719872927
1536,15.360000,-0.05717453361,0.0516763851,3.829598427e-06,-2.87592411e-06,-2.87592411e-06,1.077353954e-05,0,3.29874e-11,2.79319e-06,0.03826311231,-0.02873316407,-0.05516107297,0.04758323714
1537,15.370000,-0.04390826821,0.05167151242,3.829598427e-06,-2.86847353e-06,-2.86847353e-06,1.078099012e-05,0,3.30587e-11,2.79879e-06,0.03826311231,-0.02866150439,-0.04169321934,0.04795219313
1538,15.380000,-0.03230287135,0.05175200105,3.829598427e-06,-2.861022949e-06,-2.861022949e-06,1.07884407e-05,0,3.31299e-11,2.80437e-06,0.03826311231,-0.02858985215,-0.02922222083,0.04762246256
1539,15.390000,-0.02136515081,0.05204348266,3.829598427e-06,-2.853572369e-06,-2.853572369e-06,1.079589128e-05,0,3.32011e-11,2.80995e-06,0.03826311231,-0.02851819992,-0.0177744325,0.04722642568
1540,15.400000,-0.01341463625,0.05299350619,3.829598427e-06,-2.846121788e-06,-2.846121788e-06,1.080334187e-05,0,3.32721e-11,2.81551e-06,0.03826311231,-0.02844654769,-0.007365334784,0.0473581381
1541,15.410000,-0.004256293178,0.05283220857,3.829598427e-06,-2.838671207e-06,-2.838671207e-06,1.081079245e-05,0,3.33429e-11,2.82105e-06,0.03826311231,-0.02837489545,0.002000545562,0.04785104464
1542,15.420000,0.0036489591,0.05266244709,3.829598427e-06,-2.838671207e-06,-2.838671207e-06,1.081824303e-05,0,3.33715e-11,2.82188e-06,0.03826311231,-0.02837489545,0.01032959438,0.048080085
1543,15.430000,0.0109205991,0.05238056183,3.829598427e-06,-2.838671207e-06,-2.838671207e-06,1.082569361e-05,0,3.34e-11,2.82272e-06,0.03826311231,-0.02837489545,0.01763894956,0.04818779953
1544,15.440000,0.01734641194,0.05204574019,3.829598427e-06,-2.838671207e-06,-2.838671207e-06,1.083314419e-05,0,3.34285e-11,2.82355e-06,0.03826311231,-0.02837489545,0.02395622309,0.04798857134
1545,15.450000,0.02287982404,0.05148424953,3.829598427e-06,-2.838671207e-06,-2.838671207e-06,1.084059477e-05,0,3.34571e-11,2.82438e-06,0.03826311231,-0.02837489545,0.02931910895,0.04818233953
1546,15.460000,0.02689169347,0.05149275064,3.829598427e-06,-2.838671207e-06,-2.838671207e-06,1.084804535e-05,0,3.34856e-11,2.82521e-06,0.03826311231,-0.02837489545,0.03377488154,0.04799719431
1547,15.470000,0.03006187826,0.05127182603,3.829598427e-06,-2.838671207e-06,-2.838671207e-06,1.085549593e-05,0,3.35141e-11,2.82604e-06,0.03826311231,-0.02837489545,0.03737979045,0.04816303382
1548,15.480000,0.03287536651,0.05118543655,3.829598427e-06,-2.838671207e-06,-2.838671207e-06,1.086294651e-05,0,3.35427e-11,2.82686e-06,0.03826311231,-0.02837489545,0.04019835857,0.04866963054
1549,15.490000,0.03483263403,0.05081453919,3.829598427e-06,-2.838671207e-06,-2.838671207e-06,1.087039709e-05,0,3.35712e-11,2.82769e-06,0.03826311231,-0.02837489545,0.04230259174,0.04823543083
1550,15.500000,0.03582501411,0.05086714029,3.829598427e-06,-2.838671207e-06,-2.838671207e-06,1.087784767e-05,0,3.35997e-11,2.82851e-06,0.03826311231,-0.02837489545,0.04377110884,0.04802623064
1551,15.510000,0.03669657558,0.05067743361,3.829598427e-06,-2.838671207e-06,-2.838671207e-06,1.088529825e-05,0,3.36283e-11,2.82934e-06,0.03826311231,-0.02837489545,0.04468820257,0.04831832918
1552,15.520000,0.03687690198,0.05096329749,3.829598427e-06,-2.838671207e-06,-2.838671207e-06,1.089274883e-05,0,3.36568e-11,2.83016e-06,0.03826311231,-0.02837489545,0.04514284135,0.04833390021
1553,15.530000,0.03759111464,0.05023578554,3.829598427e-06,-2.838671207e-06,-2.838671207e-06,1.090019941e-05,0,3.36853e-11,2.83098e-06,0.03826311231,-0.02837489545,0.04522762406,0.04894288917
1554,15.540000,0.03712629527,0.05038525164,3.829598427e-06,-2.838671207e-06,-2.838671207e-06,1.090764999e-05,0,3.37139e-11,2.8318e-06,0.03826311231,-0.02837489545,0.04503769931,0.04922949288
1555,15.550000,0.03753651679,0.04979459941,3.829598427e-06,-2.838671207e-06,-2.838671207e-06,1.091510057e-05,0,3.37424e-11,2.83262e-06,0.03826311231,-0.02837489545,0.04466966172,0.04939158519
1556,15.560000,0.03762899339,0.04963272065,3.829598427e-06,-2.838671207e-06,-2.838671207e-06,1.092255116e-05,0,3.37709e-11,2.83344e-06,0.03826311231,-0.02837489545,0.04422043764,0.04933018606
1557,15.570000,0.03725344688,0.04964549839,3.829598427e-06,-2.838671207e-06,-2.838671207e-06,1.093000174e-05,0,3.37995e-11,2.83425e-06,0.03826311231,-0.02837489545,0.04378617309,0.04884737656
1558,15.580000,0.03700060397,0.04974363744,3.829598427e-06,-2.838671207e-06,-2.838671207e-06,1.093745232e-05,0,3.3828e-11,2.83507e-06,0.03826311231,-0.02837489545,0.04346113643,0.04945228963
1559,15.590000,0.03749684244,0.04919198155,3.829598427e-06,-2.838671207e-06,-2.838671207e-06,1.09449029e-05,0,3.38565e-11,2.83588e-06,0.03826311231,-0.02837489545,0.04333664829,0.04970494274
1560,15.600000,0.0379171893,0.04899603873,3.829598427e-06,-2.838671207e-06,-2.838671207e-06,1.095235348e-05,0,3.38851e-11,2.8367e-06,0.03826311231,-0.02837489545,0.04350005081,0.04984839477
1561,15.610000,0.03956168145,0.04824613035,3.829598427e-06,-2.838671207e-06,-2.838671207e-06,1.095980406e-05,0,3.39136e-11,2.83751e-06,0.03826311231,-0.02837489545,0.04403372788,0.04961883527
1562,15.620000,0.04044438899,0.04791223258,3.829598427e-06,-2.838671207e-06,-2.838671207e-06,1.096725464e-05,0,3.39421e-11,2.83832e-06,0.03826311231,-0.02837489545,0.04501418732,0.0497930871
1563,15.630000,0.04197145998,0.04811416566,3.829598427e-06,-2.838671207e-06,-2.838671207e-06,1.097470522e-05,0,3.39707e-11,2.83913e-06,0.03826311231,-0.02837489545,0.04651121558,0.04934978753
1564,15.640000,0.04488201439,0.04784372449,3.829598427e-06,-2.838671207e-06,-2.838671207e-06,1.09821558e-05,0,3.39992e-11,2.83994e-06,0.03826311231,-0.02837489545,0.04858711403,0.04917047464
1565,15.650000,0.04730352759,0.04831861705,3.829598427e-06,-2.838671207e-06,-2.838671207e-06,1.098960638e-05,0,3.40277e-11,2.84074e-06,0.03826311231,-0.02837489545,0.05129602584,0.04935524015
1566,15.660000,0.0511110723,0.04846315831,3.829598427e-06,-2.838671207e-06,-2.838671207e-06,1.099705696e-05,0,3.40563e-11,2.84155e-06,0.03826311231,-0.02837489545,0.05468336061,0.04956656991
1567,15.670000,0.05502918363,0.04865960032,3.829598427e-06,-2.838671207e-06,-2.838671207e-06,1.100450754e-05,0,3.40848e-11,2.84235e-06,0.03826311231,-0.02837489545,0.05878532324,0.04944522401
1568,15.680000,0.06181433052,0.04778105021,3.829598427e-06,-2.838671207e-06,-2.838671207e-06,1.101195812e-05,0,3.41133e-11,2.84316e-06,0.03826311231,-0.02837489545,0.0636285522,0.04924765706
1569,15.690000,0.0679435879,0.04793768376,3.829598427e-06,-2.838671207e-06,-2.838671207e-06,1.10194087e-05,0,3.41419e-11,2.84396e-06,0.03826311231,-0.02837489545,0.06922987112,0.04926031204
1570,15.700000,0.07495591044,0.04780292511,3.829598427e-06,-2.838671207e-06,-2.838671207e-06,1.102685928e-05,0,3.41704e-11,2.84476e-06,0.03826311231,-0.02837489545,0.07559615623,0.0488098923
1571,15.710000,0.08207552135,0.0482339412,3.829598427e-06,-2.838671207e-06,-2.838671207e-06,1.103430986e-05,0,3.41989e-11,2.84556e-06,0.03826311231,-0.02837489545,0.08272432099,0.04850503457
1572,15.720000,0.09074299037,0.04770917445,3.829598427e-06,-2.838671207e-06,-2.838671207e-06,1.104176044e-05,0,3.42275e-11,2.84636e-06,0.03826311231,-0.02837489545,0.09060141783,0.04865377058
1573,15.730000,0.09921175987,0.04813604057,3.829598427e-06,-2.838671207e-06,-2.838671207e-06,1.104921103e-05,0,3.4256e-11,2.84716e-06,0.03826311231,-0.02837489545,0.09920485547,0.04887980804
1574,15.740000,0.108727254,0.04797045141,3.829598427e-06,-2.838671207e-06,-2.838671207e-06,1.105666161e-05,0,3.42845e-11,2.84795e-06,0.03826311231,-0.02837489545,0.1085027293,0.04884727593
1575,15.750000,0.1190574169,0.04805551469,3.829598427e-06,-2.838671207e-06,-2.838671207e-06,1.106411219e-05,0,3.43131e-11,2.84875e-06,0.03826311231,-0.02837489545,0.1184542604,0.04871584953
1576,15.760000,0.1289800107,0.04848595709,3.829598427e-06,-2.838671207e-06,-2.838671207e-06,1.107156277e-05,0,3.43416e-11,2.84954e-06,0.03826311231,-0.02837489545,0.1290103384,0.04866908629
1577,15.770000,0.1399714872,0.04879908264,3.829598427e-06,-2.838671207e-06,-2.838671207e-06,1.107901335e-05,0,3.43701e-11,2.85033e-06,0.03826311231,-0.02837489545,0.1401141614,0.04911867767
1578,15.780000,0.1510967016,0.04913723469,3.829598427e-06,-2.838671207e-06,-2.838671207e-06,1.108646393e-05,0,3.43987e-11,2.85113e-06,0.03826311231,-0.02837489545,0.1517019651,0.04912578972
1579,15.790000,0.1638040245,0.04877535999,3.829598427e-06,-2.838671207e-06,-2.838671207e-06,1.109391451e-05,0,3.44272e-11,2.85192e-06,0.03826311231,-0.02837489545,0.1637038329,0.04963965399
1580,15.800000,0.1757745594,0.04902195185,3.829598427e-06,-2.838671207e-06,-2.838671207e-06,1.110136509e-05,0,3.44557e-11,2.85271e-06,0.03826311231,-0.02837489545,0.1760445781,0.04958155585
1581,15.810000,0.1881790683,0.04922056943,3.829598427e-06,-2.838671207e-06,-2.838671207e-06,1.110881567e-05,0,3.44842e-11,2.85349e-06,0.03826311231,-0.02837489545,0.1886446857,0.04969091133
1582,15.820000,0.2014207095,0.0489712581,3.829598427e-06,-2.838671207e-06,-2.838671207e-06,1.111626625e-05,0,3.45128e-11,2.85428e-06,0.03826311231,-0.02837489545,0.2014213053,0.04954462772
1583,15.830000,0.2135739103,0.04957550764,3.829598427e-06,-2.838671207e-06,-2.838671207e-06,1.112371683e-05,0,3.45413e-11,2.85507e-06,0.03826311231,-0.02837489545,0.2142892819,0.04953850209
1584,15.840000,0.2260241657,0.0496686995,3.829598427e-06,-2.838671207e-06,-2.838671207e-06,1.113116741e-05,0,3.45698e-11,2.85585e-06,0.03826311231,-0.02837489545,0.2271622124,0.04968911487
1585,15.850000,0.2385647073,0.04950482398,3.829598427e-06,-2.838671207e-06,-2.838671207e-06,1.113861799e-05,0,3.45984e-11,2.85664e-06,0.03826311231,-0.02837489545,0.2399535171,0.04894858156
1586,15.860000,0.2510347441,0.04953208566,3.829598427e-06,-2.838671207e-06,-2.838671207e-06,1.114606857e-05,0,3.46269e-11,2.85742e-06,0.03826311231,-0.02837489545,0.2525775116,0.04905062604
1587,15.870000,0.2633108199,0.04942929,3.829598427e-06,-2.838671207e-06,-2.838671207e-06,1.115351915e-05,0,3.46554e-11,2.8582e-06,0.03826311231,-0.02837489545,0.2649504677,0.04900507172
1588,15.880000,0.2750117853,0.04925706983,3.829598427e-06,-2.838671207e-06,-2.838671207e-06,1.116096973e-05,0,3.4684e-11,2.85898e-06,0.03826311231,-0.02837489545,0.2769916512,0.04898704064
1589,15.890000,0.2869416848,0.04879272729,3.829598427e-06,-2.838671207e-06,-2.838671207e-06,1.116842031e-05,0,3.47125e-11,2.85976e-06,0.03826311231,-0.02837489545,0.288624323,0.04852396573
1590,15.900000,0.2971686199,0.04898743331,3.829598427e-06,-2.838671207e-06,-2.838671207e-06,1.11758709e-05,0,3.4741e-11,2.86054e-06,0.03826311231,-0.02837489545,0.299776694,0.04850360548
1591,15.910000,0.3082904741,0.04834547639,3.829598427e-06,-2.838671207e-06,-2.838671207e-06,1.118332148e-05,0,3.47696e-11,2.86132e-06,0.03826311231,-0.02837489545,0.3103828205,0.04879507778
1592,15.920000,0.318324782,0.04810056835,3.829598427e-06,-2.838671207e-06,-2.838671207e-06,1.119077206e-05,0,3.47981e-11,2.86209e-06,0.03826311231,-0.02837489545,0.3203834305,0.04912500248
1593,15.930000,0.327659905,0.04780200869,3.829598427e-06,-2.838671207e-06,-2.838671207e-06,1.119822264e-05,0,3.48266e-11,2.86287e-06,0.03826311231,-0.02837489545,0.3297266719,0.0489891981
1594,15.940000,0.3363155723,0.04762965441,3.829598427e-06,-2.838671207e-06,-2.838671207e-06,1.120567322e-05,0,3.48552e-11,2.86364e-06,0.03826311231,-0.02837489545,0.3383687722,0.04864643824
1595,15.950000,0.3446720466,0.04736658931,3.829598427e-06,-2.838671207e-06,-2.838671207e-06,1.12131238e-05,0,3.48837e-11,2.86441e-06,0.03826311231,-0.02837489545,0.3462746035,0.04821171624
1596,15.960000,0.3520157635,0.04694250226,3.829598427e-06,-2.838671207e-06,-2.838671207e-06,1.122057438e-05,0,3.49122e-11,2.86518e-06,0.03826311231,-0.02837489545,0.3534181451,0.048823731
1597,15.970000,0.3582991734,0.04653406888,3.829598427e-06,-2.838671207e-06,-2.838671207e-06,1.122802496e-05,0,3.49408e-11,2.86595e-06,0.03826311231,-0.02837489545,0.3597828382,0.0488840718
1598,15.980000,0.363131389,0.0468198508,3.829598427e-06,-2.838671207e-06,-2.838671207e-06,1.123547554e-05,0,3.49693e-11,2.86672e-06,0.03826311231,-0.02837489545,0.3653618297,0.04846999796
1599,15.990000,0.3671281189,0.04658421874,3.829598427e-06,-2.838671207e-06,-2.838671207e-06,1.124292612e-05,0,3.49978e-11,2.86749e-06,0.03826311231,-0.02837489545,0.3701581,0.04921689425
1600,16.000000,0.3705980554,0.04651386291,3.829598427e-06,-2.838671207e-06,-2.838671207e-06,1.12503767e-05,0,3.50264e-11,2.86826e-06,0.03826311231,-0.02837489545,0.3741844749,0.04930792858
1601,16.010000,0.3739833832,0.04615121335,3.829598427e-06,-2.838671207e-06,-2.838671207e-06,1.125782728e-05,0,3.50549e-11,2.86903e-06,0.03826311231,-0.02837489545,0.3774635204,0.04928461296
1602,16.020000,0.3761256039,0.04617919028,3.829598427e-06,-2.838671207e-06,-2.838671207e-06,1.126527786e-05,0,3.50834e-11,2.86979e-06,0.03826311231,-0.02837489545,0.3800273217,0.04930018992
1603,16.030000,0.3789391667,0.04567195475,3.829598427e-06,-2.838671207e-06,-2.838671207e-06,1.127272844e-05,0,3.5112e-11,2.87055e-06,0.03826311231,-0.02837489545,0.3819171488,0.04969177395
1604,16.040000,0.3797760382,0.04573778808,3.829598427e-06,-2.838671207e-06,-2.838671207e-06,1.128017902e-05,0,3.51405e-11,2.87132e-06,0.03826311231,-0.02837489545,0.3831830122,0.04989992735
1605,16.050000,0.3807166964,0.04559579492,3.829598427e-06,-2.838671207e-06,-2.838671207e-06,1.12876296e-05,0,3.5169e-11,2.87208e-06,0.03826311231,-0.02837489545,0.3838831133,0.05009526851
1606,16.060000,0.3807013109,0.04565646499,3.829598427e-06,-2.838671207e-06,-2.838671207e-06,1.129508018e-05,0,3.51976e-11,2.87284e-06,0.03826311231,-0.02837489545,0.3840831967,0.05022178316
1607,16.070000,0.3802547827,0.04553367198,3.829598427e-06,-2.838671207e-06,-2.838671207e-06,1.130253077e-05,0,3.52261e-11,2.8736e-06,0.03826311231,-0.02837489545,0.3838558107,0.05013262035
1608,16.080000,0.3791983575,0.04566405714,3.829598427e-06,-2.838671207e-06,-2.838671207e-06,1.130998135e-05,0,3.52546e-11,2.87436e-06,0.03826311231,-0.02837489545,0.3832794841,0.05015021439
1609,16.090000,0.3784301057,0.04544631392,3.829598427e-06,-2.838671207e-06,-2.838671207e-06,1.131743193e-05,0,3.52832e-11,2.87511e-06,0.03826311231,-0.02837489545,0.3824378302,0.05029867558
1610,16.100000,0.3778427765,0.04520517588,3.829598427e-06,-2.838671207e-06,-2.838671207e-06,1.132488251e-05,0,3.53117e-11,2.87587e-06,0.03826311231,-0.02837489545,0.3814185862,0.05040418955
1611,16.110000,0.3771696463,0.04494116455,3.829598427e-06,-2.838671207e-06,-2.838671207e-06,1.133233309e-05,0,3.53402e-11,2.87663e-06,0.03826311231,-0.02837489545,0.3803126002,0.05052205824
1612,16.120000,0.3773384094,0.04419650137,3.829598427e-06,-2.838671207e-06,-2.838671207e-06,1.133978367e-05,0,3.53688e-11,2.87738e-06,0.03826311231,-0.02837489545,0.3792127769,0.05040660216
1613,16.130000,0.3764434531,0.04435586184,3.829598427e-06,-2.838671207e-06,-2.838671207e-06,1.134723425e-05,0,3.53973e-11,2.87813e-06,0.03826311231,-0.02837489545,0.3782129942,0.05025029573
1614,16.140000,0.3761128634,0.04396639019,3.829598427e-06,-2.838671207e-06,-2.838671207e-06,1.135468483e-05,0,3.54258e-11,2.87889e-06,0.03826311231,-0.02837489545,0.3774070022,0.05077283574
1615,16.150000,0.3762901053,0.04379089922,3.829598427e-06,-2.838671207e-06,-2.838671207e-06,1.136213541e-05,0,3.54544e-11,2.87964e-06,0.03826311231,-0.02837489545,0.376887319,0.05106895381
1616,16.160000,0.3757545426,0.04441682994,3.829598427e-06,-2.838671207e-06,-2.838671207e-06,1.136958599e-05,0,3.54829e-11,2.88039e-06,0.03826311231,-0.02837489545,0.3767441339,0.05129749788
1617,16.170000,0.3757825494,0.04476244748,3.829598427e-06,-2.838671207e-06,-2.838671207e-06,1.137703657e-05,0,3.55114e-11,2.88113e-06,0.03826311231,-0.02837489545,0.3770642318,0.05138426046
1618,16.180000,0.3772187904,0.04483294487,3.829598427e-06,-2.838671207e-06,-2.838671207e-06,1.138448715e-05,0,3.554e-11,2.88188e-06,0.03826311231,-0.02837489545,0.3779299509,0.0511482654
1619,16.190000,0.3790459856,0.04451369494,3.829598427e-06,-2.838671207e-06,-2.838671207e-06,1.139193773e-05,0,3.55685e-11,2.88263e-06,0.03826311231,-0.02837489545,0.3794181853,0.0510362488
1620,16.200000,0.3822125494,0.0441384688,3.829598427e-06,-2.838671207e-06,-2.838671207e-06,1.139938831e-05,0,3.5597e-11,2.88337e-06,0.03826311231,-0.02837489545,0.3815994448,0.05089590053
1621,16.210000,0.385709621,0.04386356473,3.829598427e-06,-2.838671207e-06,-2.838671207e-06,1.140683889e-05,0,3.56256e-11,2.88412e-06,0.03826311231,-0.02837489545,0.3845369815,0.05118504236
1622,16.220000,0.3896365315,0.04428190738,3.829598427e-06,-2.838671207e-06,-2.838671207e-06,1.141428947e-05,0,3.56541e-11,2.88486e-06,0.03826311231,-0.02837489545,0.3882859944,0.05140799678
1623,16.230000,0.3944539651,0.04441650957,3.829598427e-06,-2.838671207e-06,-2.838671207e-06,1.142174006e-05,0,3.56826e-11,2.88561e-06,0.03826311231,-0.02837489545,0.3928929214,0.05117070508
1624,16.240000,0.4012863263,0.04435382038,3.829598427e-06,-2.838671207e-06,-2.838671207e-06,1.142919064e-05,0,3.57112e-11,2.88635e-06,0.03826311231,-0.02837489545,0.3983948251,0.05111561839
1625,16.250000,0.4074976146,0.04463735223,3.829598427e-06,-2.838671207e-06,-2.838671207e-06,1.143664122e-05,0,3.57397e-11,2.88709e-06,0.03826311231,-0.02837489545,0.4048188818,0.05142736375
1626,16.260000,0.4151305705,0.04476403445,3.829598427e-06,-2.838671207e-06,-2.838671207e-06,1.14440918e-05,0,3.57682e-11,2.88783e-06,0.03826311231,-0.02837489545,0.4121819787,0.0513820429
1627,16.270000,0.4239990041,0.04495622218,3.829598427e-06,-2.838671207e-06,-2.838671207e-06,1.145154238e-05,0,3.57968e-11,2.88856e-06,0.03826311231,-0.02837489545,0.4204904242,0.05141438227
1628,16.280000,0.4334490672,0.04526662827,3.829598427e-06,-2.838671207e-06,-2.838671207e-06,1.145899296e-05,0,3.58253e-11,2.8893e-06,0.03826311231,-0.02837489545,0.4297397744,0.05110952606
1629,16.290000,0.4439792857,0.04528179765,3.829598427e-06,-2.838671207e-06,-2.838671207e-06,1.146644354e-05,0,3.58538e-11,2.89004e-06,0.03826311231,-0.02837489545,0.439914779,0.05121058896
1630,16.300000,0.4552849606,0.0453979969,3.829598427e-06,-2.838671207e-06,-2.838671207e-06,1.147389412e-05,0,3.58824e-11,2.89077e-06,0.03826311231,-0.02837489545,0.4509894464,0.05108813654
1631,16.310000,0.4675331637,0.04525785893,3.829598427e-06,-2.838671207e-06,-2.838671207e-06,1.14813447e-05,0,3.59109e-11,2.89151e-06,0.03826311231,-0.02837489545,0.4629272291,0.05124194077
1632,16.320000,0.4809601605,0.04515862465,3.829598427e-06,-2.838671207e-06,-2.838671207e-06,1.148879528e-05,0,3.59394e-11,2.89224e-06,0.03826311231,-0.02837489545,0.4756813248,0.05098133482
1633,16.330000,0.4947729632,0.04515472054,3.829598427e-06,-2.838671207e-06,-2.838671207e-06,1.149624586e-05,0,3.5968e-11,2.89297e-06,0.03826311231,-0.02837489545,0.4891950934,0.05123426465
1634,16.340000,0.5092917979,0.04520113766,3.829598427e-06,-2.838671207e-06,-2.838671207e-06,1.150369644e-05,0,3.59965e-11,2.8937e-06,0.03826311231,-0.02837489545,0.5034025831,0.05164892467
1635,16.350000,0.5247181952,0.04511492699,3.829598427e-06,-2.838671207e-06,-2.838671207e-06,1.151114702e-05,0,3.6025e-11,2.89443e-06,0.03826311231,-0.02837489545,0.5182291602,0.05128496601
1636,16.360000,0.5401741639,0.04573260993,3.829598427e-06,-2.838671207e-06,-2.838671207e-06,1.15185976e-05,0,3.60535e-11,2.89516e-06,0.03826311231,-0.02837489545,0.5335922372,0.05143584614
1637,16.370000,0.5559574366,0.04612147063,3.829598427e-06,-2.838671207e-06,-2.838671207e-06,1.152604818e-05,0,3.60821e-11,2.89589e-06,0.03826311231,-0.02837489545,0.5494020889,0.05123387008
1638,16.380000,0.5720456094,0.04606597126,3.829598427e-06,-2.838671207e-06,-2.838671207e-06,1.153349876e-05,0,3.61106e-11,2.89662e-06,0.03826311231,-0.02837489545,0.5655627499,0.05173560823
1639,16.390000,0.5886230916,0.0460761413,3.829598427e-06,-2.838671207e-06,-2.838671207e-06,1.154094934e-05,0,3.61391e-11,2.89734e-06,0.03826311231,-0.02837489545,0.5819729817,0.05209142199
1640,16.400000,0.6047469899,0.04660072178,3.829598427e-06,-2.838671207e-06,-2.838671207e-06,1.154839993e-05,0,3.61677e-11,2.89807e-06,0.03826311231,-0.02837489545,0.5985273001,0.05205941066
1641,16.410000,0.6217600331,0.04669483751,3.829598427e-06,-2.838671207e-06,-2.838671207e-06,1.155585051e-05,0,3.61962e-11,2.89879e-06,0.03826311231,-0.02837489545,0.6151170499,0.05227235938
1642,16.420000,0.6383638903,0.04676920176,3.829598427e-06,-2.846121788e-06,-2.846121788e-06,1.156330109e-05,0,3.61824e-11,2.8951e-06,0.03826311231,-0.02844654769,0.6316315172,0.05205456345
1643,16.430000,0.6542882547,0.04666528851,3.829598427e-06,-2.853572369e-06,-2.853572369e-06,1.157075167e-05,0,3.61685e-11,2.89141e-06,0.03826311231,-0.02851819992,0.6479590649,0.05206419398
1644,16.440000,0.6697480306,0.0470957011,3.829598427e-06,-2.861022949e-06,-2.861022949e-06,1.157820225e-05,0,3.61544e-11,2.88771e-06,0.03826311231,-0.02858985215,0.66398828,0.05206808176
1645,16.450000,0.6846362725,0.04723796248,3.829598427e-06,-2.86847353e-06,-2.86847353e-06,1.158565283e-05,0,3.61403e-11,2.88401e-06,0.03826311231,-0.02866150439,0.6796091193,0.05206843218
1646,16.460000,0.6992208362,0.04735153913,3.829598427e-06,-2.87592411e-06,-2.87592411e-06,1.157820225e-05,0,3.60689e-11,2.87885e-06,0.03826311231,-0.02873316407,0.6947140412,0.05225090241
1647,16.470000,0.7134553865,0.04727581888,3.829598427e-06,-2.883374691e-06,-2.883374691e-06,1.157075167e-05,0,3.59975e-11,2.87366e-06,0.03826311231,-0.02880481631,0.7091991111,0.05263633547
1648,16.480000,0.7272884473,0.04700906575,3.829598427e-06,-2.890825272e-06,-2.890825272e-06,1.156330109e-05,0,3.59259e-11,2.86847e-06,0.03826311231,-0.02887646854,0.7229650676,0.05280227148
1649,16.490000,0.7400972471,0.04690355062,3.829598427e-06,-2.898275852e-06,-2.898275852e-06,1.155585051e-05,0,3.58543e-11,2.86326e-06,0.03826311231,-0.02894812077,0.7359183382,0.05261369744
1650,16.500000,0.751773268,0.04715039581,3.829598427e-06,-2.905726433e-06,-2.905726433e-06,1.154839993e-05,0,3.57825e-11,2.85803e-06,0.03826311231,-0.02901977301,0.7479719926,0.05283505848
1651,16.510000,0.7612325475,0.04766562581,3.829598427e-06,-2.905726433e-06,-2.905726433e-06,1.154094934e-05,0,3.5754e-11,2.85728e-06,0.03826311231,-0.02901977301,0.7590466241,0.05248268445
1652,16.520000,0.770309411,0.04777337611,3.829598427e-06,-2.905726433e-06,-2.905726433e-06,1.153349876e-05,0,3.57254e-11,2.85653e-06,0.03826311231,-0.02901977301,0.7690711486,0.05230395651
1653,16.530000,0.7796312571,0.0472529307,3.829598427e-06,-2.905726433e-06,-2.905726433e-06,1.152604818e-05,0,3.56969e-11,2.85578e-06,0.03826311231,-0.02901977301,0.7779835117,0.05218271531
1654,16.540000,0.7869112417,0.0469763577,3.829598427e-06,-2.905726433e-06,-2.905726433e-06,1.15185976e-05,0,3.56684e-11,2.85503e-06,0.03826311231,-0.02901977301,0.7857312982,0.05233788151
1655,16.550000,0.792102538,0.04723712057,3.829598427e-06,-2.905726433e-06,-2.905726433e-06,1.151114702e-05,0,3.56398e-11,2.85428e-06,0.03826311231,-0.02901977301,0.7922722353,0.05211615431
1656,16.560000,0.796581842,0.04716920108,3.829598427e-06,-2.905726433e-06,-2.905726433e-06,1.150369644e-05,0,3.56113e-11,2.85352e-06,0.03826311231,-0.02901977301,0.7975745848,0.05221429888
1657,16.570000,0.7993907332,0.04706413299,3.829598427e-06,-2.905726433e-06,-2.905726433e-06,1.149624586e-05,0,3.55828e-11,2.85276e-06,0.03826311231,-0.02901977301,0.8016174204,0.05173615642
1658,16.580000,0.8021350726,0.04680363089,3.829598427e-06,-2.905726433e-06,-2.905726433e-06,1.148879528e-05,0,3.55542e-11,2.85201e-06,0.03826311231,-0.02901977301,0.8043907868,0.05173498668
1659,16.590000,0.8027557358,0.04738995433,3.829598427e-06,-2.905726433e-06,-2.905726433e-06,1.14813447e-05,0,3.55257e-11,2.85125e-06,0.03826311231,-0.02901977301,0.8058957391,0.0517866371
1660,16.600000,0.8016452491,0.04800584167,3.829598427e-06,-2.905726433e-06,-2.905726433e-06,1.147389412e-05,0,3.54972e-11,2.85049e-06,0.03826311231,-0.02901977301,0.8061442621,0.05196524556
1661,16.610000,0.7991262525,0.04868588597,3.829598427e-06,-2.905726433e-06,-2.905726433e-06,1.146644354e-05,0,3.54686e-11,2.84973e-06,0.03826311231,-0.02901977301,0.8051590709,0.05164687886
1662,16.620000,0.7978318408,0.04797553271,3.829598427e-06,-2.905726433e-06,-2.905726433e-06,1.145899296e-05,0,3.54401e-11,2.84897e-06,0.03826311231,-0.02901977301,0.8029732958,0.05191308672
1663,16.630000,0.7946288586,0.0477135703,3.829598427e-06,-2.905726433e-06,-2.905726433e-06,1.145154238e-05,0,3.54116e-11,2.84821e-06,0.03826311231,-0.02901977301,0.7996300531,0.05175173762
1664,16.640000,0.7896966785,0.04768237472,3.829598427e-06,-2.905726433e-06,-2.905726433e-06,1.14440918e-05,0,3.5383e-11,2.84744e-06,0.03826311231,-0.02901977301,0.7951819104,0.05173690889
1665,16.650000,0.7841524184,0.04705447704,3.829598427e-06,-2.905726433e-06,-2.905726433e-06,1.143664122e-05,0,3.53545e-11,2.84668e-06,0.03826311231,-0.02901977301,0.7896902489,0.0513348112
1666,16.660000,0.7771502584,0.046973221,3.829598427e-06,-2.905726433e-06,-2.905726433e-06,1.142919064e-05,0,3.5326e-11,2.84591e-06,0.03826311231,-0.02901977301,0.7832245328,0.05111844827
1667,16.670000,0.7686964869,0.04737345129,3.829598427e-06,-2.905726433e-06,-2.905726433e-06,1.142174006e-05,0,3.52974e-11,2.84515e-06,0.03826311231,-0.02901977301,0.7758614932,0.05082680638
1668,16.680000,0.7608981803,0.04695355147,3.829598427e-06,-2.905726433e-06,-2.905726433e-06,1.141428947e-05,0,3.52689e-11,2.84438e-06,0.03826311231,-0.02901977301,0.7676842357,0.05075889729
1669,16.690000,0.751283586,0.0467640236,3.829598427e-06,-2.905726433e-06,-2.905726433e-06,1.140683889e-05,0,3.52404e-11,2.84361e-06,0.03826311231,-0.02901977301,0.7587812823,0.05119396271
1670,16.700000,0.7418838516,0.04649694264,3.829598427e-06,-2.905726433e-06,-2.905726433e-06,1.139938831e-05,0,3.52118e-11,2.84284e-06,0.03826311231,-0.02901977301,0.7492455588,0.05097832499
1671,16.710000,0.7320488244,0.0460729003,3.829598427e-06,-2.905726433e-06,-2.905726433e-06,1.139193773e-05,0,3.51833e-11,2.84207e-06,0.03826311231,-0.02901977301,0.7391733391,0.05075267479
1672,16.720000,0.7209913358,0.04628382623,3.829598427e-06,-2.905726433e-06,-2.905726433e-06,1.138448715e-05,0,3.51548e-11,2.8413e-06,0.03826311231,-0.02901977301,0.7286631573,0.05084984182
1673,16.730000,0.7099512964,0.04597833753,3.829598427e-06,-2.905726433e-06,-2.905726433e-06,1.137703657e-05,0,3.51262e-11,2.84052e-06,0.03826311231,-0.02901977301,0.7178147031,0.05036732333
1674,16.740000,0.699054502,0.04585086554,3.829598427e-06,-2.905726433e-06,-2.905726433e-06,1.136958599e-05,0,3.50977e-11,2.83975e-06,0.03826311231,-0.02901977301,0.7067277088,0.05045136964
1675,16.750000,0.6884995773,0.04527989775,3.829598427e-06,-2.905726433e-06,-2.905726433e-06,1.136213541e-05,0,3.50692e-11,2.83897e-06,0.03826311231,-0.02901977301,0.6955008448,0.05127152094
1676,16.760000,0.6773237213,0.04541859031,3.829598427e-06,-2.905726433e-06,-2.905726433e-06,1.135468483e-05,0,3.50406e-11,2.8382e-06,0.03826311231,-0.02901977301,0.684230633,0.05102017049
1677,16.770000,0.666339919,0.0455025658,3.829598427e-06,-2.905726433e-06,-2.905726433e-06,1.134723425e-05,0,3.50121e-11,2.83742e-06,0.03826311231,-0.02901977301,0.6730103921,0.05130896051
1678,16.780000,0.6560492292,0.04516604543,3.829598427e-06,-2.905726433e-06,-2.905726433e-06,1.133978367e-05,0,3.49836e-11,2.83664e-06,0.03826311231,-0.02901977301,0.6619292259,0.05141450051
1679,16.790000,0.6451705545,0.04510132968,3.829598427e-06,-2.905726433e-06,-2.905726433e-06,1.133233309e-05,0,3.4955e-11,2.83586e-06,0.03826311231,-0.02901977301,0.6510710671,0.05129966089
1680,16.800000,0.6350422874,0.04489196837,3.829598427e-06,-2.905726433e-06,-2.905726433e-06,1.132488251e-05,0,3.49265e-11,2.83508e-06,0.03826311231,-0.02901977301,0.6405137861,0.05105304551
1681,16.810000,0.6250937432,0.04481291026,3.829598427e-06,-2.905726433e-06,-2.905726433e-06,1.131743193e-05,0,3.4898e-11,2.8343e-06,0.03826311231,-0.02901977301,0.6303283755,0.05108020735
1682,16.820000,0.615770489,0.04435519874,3.829598427e-06,-2.905726433e-06,-2.905726433e-06,1.130998135e-05,0,3.48694e-11,2.83352e-06,0.03826311231,-0.02901977301,0.6205782194,0.05101378736
1683,16.830000,0.6063382551,0.04491127282,3.829598427e-06,-2.905726433e-06,-2.905726433e-06,1.130253077e-05,0,3.48409e-11,2.83273e-06,0.03826311231,-0.02901977301,0.6113184561,0.05071642775
1684,16.840000,0.5972909555,0.04543079436,3.829598427e-06,-2.905726433e-06,-2.905726433e-06,1.129508018e-05,0,3.48124e-11,2.83195e-06,0.03826311231,-0.02901977301,0.6025954402,0.05038193059
1685,16.850000,0.5895933285,0.04526557028,3.829598427e-06,-2.905726433e-06,-2.905726433e-06,1.12876296e-05,0,3.47838e-11,2.83116e-06,0.03826311231,-0.02901977301,0.5944463107,0.04999648049
1686,16.860000,0.5818064287,0.04547780007,3.829598427e-06,-2.905726433e-06,-2.905726433e-06,1.128017902e-05,0,3.47553e-11,2.83037e-06,0.03826311231,-0.02901977301,0.5868986708,0.05046050606
1687,16.870000,0.5749856159,0.04567836225,3.829598427e-06,-2.905726433e-06,-2.905726433e-06,1.127272844e-05,0,3.47268e-11,2.82959e-06,0.03826311231,-0.02901977301,0.5799703801,0.0499494873
1688,16.880000,0.5688975081,0.04557669163,3.829598427e-06,-2.905726433e-06,-2.905726433e-06,1.126527786e-05,0,3.46982e-11,2.8288e-06,0.03826311231,-0.02901977301,0.5736694649,0.0501569688
1689,16.890000,0.5636470169,0.04530116916,3.829598427e-06,-2.905726433e-06,-2.905726433e-06,1.125782728e-05,0,3.46697e-11,2.82801e-06,0.03826311231,-0.02901977301,0.5679941439,0.05000864122
1690,16.900000,0.5597105995,0.04462747276,3.829598427e-06,-2.905726433e-06,-2.905726433e-06,1.12503767e-05,0,3.46412e-11,2.82721e-06,0.03826311231,-0.02901977301,0.5629329717,0.05019061276
1691,16.910000,0.5559250936,0.04448271543,3.829598427e-06,-2.905726433e-06,-2.905726433e-06,1.124292612e-05,0,3.46126e-11,2.82642e-06,0.03826311231,-0.02901977301,0.558465096,0.05001617055
1692,16.920000,0.5520277843,0.04473223537,3.829598427e-06,-2.905726433e-06,-2.905726433e-06,1.123547554e-05,0,3.45841e-11,2.82563e-06,0.03826311231,-0.02901977301,0.5545606267,0.04975659897
1693,16.930000,0.5493174791,0.04432570934,3.829598427e-06,-2.905726433e-06,-2.905726433e-06,1.122802496e-05,0,3.45556e-11,2.82483e-06,0.03826311231,-0.02901977301,0.5511811113,0.04955748382
1694,16.940000,0.5470349416,0.04426855594,3.829598427e-06,-2.905726433e-06,-2.905726433e-06,1.122057438e-05,0,3.4527e-11,2.82404e-06,0.03826311231,-0.02901977301,0.5482801121,0.04943084656
1695,16.950000,0.5451009646,0.04407062382,3.829598427e-06,-2.905726433e-06,-2.905726433e-06,1.12131238e-05,0,3.44985e-11,2.82324e-06,0.03826311231,-0.02901977301,0.5458038772,0.04894632641
1696,16.960000,0.5434184149,0.04421650618,3.829598427e-06,-2.905726433e-06,-2.905726433e-06,1.120567322e-05,0,3.447e-11,2.82244e-06,0.03826311231,-0.02901977301,0.5436920976,0.04873010335
1697,16.970000,0.5410967693,0.04432590306,3.829598427e-06,-2.905726433e-06,-2.905726433e-06,1.119822264e-05,0,3.44414e-11,2.82164e-06,0.03826311231,-0.02901977301,0.5418787426,0.04891696076
1698,16.980000,0.5402322486,0.04395406693,3.829598427e-06,-2.905726433e-06,-2.905726433e-06,1.119077206e-05,0,3.44129e-11,2.82084e-06,0.03826311231,-0.02901977301,0.5402929612,0.04891159726
1699,16.990000,0.5387753472,0.04433296621,3.829598427e-06,-2.905726433e-06,-2.905726433e-06,1.118332148e-05,0,3.43844e-11,2.82004e-06,0.03826311231,-0.02901977301,0.5388600418,0.0492014213
1700,17.000000,0.5377581865,0.04434921592,3.829598427e-06,-2.905726433e-06,-2.905726433e-06,1.11758709e-05,0,3.43559e-11,2.81923e-06,0.03826311231,-0.02901977301,0.5375024163,0.04883554081
1701,17.010000,0.5356949717,0.04498746246,3.829598427e-06,-2.905726433e-06,-2.905726433e-06,1.116842031e-05,0,3.43273e-11,2.81843e-06,0.03826311231,-0.02901977301,0.536140699,0.04900198825
1702,17.020000,0.5347253382,0.04467774928,3.829598427e-06,-2.905726433e-06,-2.905726433e-06,1.116096973e-05,0,3.42988e-11,2.81762e-06,0.03826311231,-0.02901977301,0.5346947462,0.0492387926
1703,17.030000,0.5332545489,0.04451586306,3.829598427e-06,-2.905726433e-06,-2.905726433e-06,1.115351915e-05,0,3.42703e-11,2.81682e-06,0.03826311231,-0.02901977301,0.5330847254,0.04922156979
1704,17.040000,0.5317003429,0.04404790699,3.829598427e-06,-2.905726433e-06,-2.905726433e-06,1.114606857e-05,0,3.42417e-11,2.81601e-06,0.03826311231,-0.02901977301,0.5312321812,0.04864281416
1705,17.050000,0.5298082083,0.04411023855,3.829598427e-06,-2.905726433e-06,-2.905726433e-06,1.113861799e-05,0,3.42132e-11,2.8152e-06,0.03826311231,-0.02901977301,0.5290610852,0.04896772132
1706,17.060000,0.5274090394,0.04349134862,3.829598427e-06,-2.905726433e-06,-2.905726433e-06,1.113116741e-05,0,3.41847e-11,2.81439e-06,0.03826311231,-0.02901977301,0.5264988574,0.04914159723
1707,17.070000,0.5251745656,0.04314895719,3.829598427e-06,-2.905726433e-06,-2.905726433e-06,1.112371683e-05,0,3.41561e-11,2.81358e-06,0.03826311231,-0.02901977301,0.5234773483,0.04868138966
1708,17.080000,0.5213290676,0.04323432595,3.829598427e-06,-2.905726433e-06,-2.905726433e-06,1.111626625e-05,0,3.41276e-11,2.81277e-06,0.03826311231,-0.02901977301,0.5199337679,0.04859341551
1709,17.090000,0.5169472471,0.04313155264,3.829598427e-06,-2.905726433e-06,-2.905726433e-06,1.110881567e-05,0,3.40991e-11,2.81195e-06,0.03826311231,-0.02901977301,0.5158115534,0.04814671392
1710,17.100000,0.5118281841,0.04337625206,3.829598427e-06,-2.905726433e-06,-2.905726433e-06,1.110136509e-05,0,3.40705e-11,2.81114e-06,0.03826311231,-0.02901977301,0.511061163,0.04801132817
1711,17.110000,0.5069859326,0.04301393777,3.829598427e-06,-2.905726433e-06,-2.905726433e-06,1.109391451e-05,0,3.4042e-11,2.81032e-06,0.03826311231,-0.02901977301,0.5056407881,0.04810070094
1712,17.120000,0.5007873327,0.04304145277,3.829598427e-06,-2.905726433e-06,-2.905726433e-06,1.108646393e-05,0,3.40135e-11,2.80951e-06,0.03826311231,-0.02901977301,0.4995169745,0.04871540271
1713,17.130000,0.4947182089,0.04234389216,3.829598427e-06,-2.905726433e-06,-2.905726433e-06,1.107901335e-05,0,3.39849e-11,2.80869e-06,0.03826311231,-0.02901977301,0.4926651451,0.04898758336
1714,17.140000,0.4864239767,0.0423546657,3.829598427e-06,-2.905726433e-06,-2.905726433e-06,1.107156277e-05,0,3.39564e-11,2.80787e-06,0.03826311231,-0.02901977301,0.4850700191,0.04819939496
1715,17.150000,0.4782761708,0.0423052907,3.829598427e-06,-2.905726433e-06,-2.905726433e-06,1.106411219e-05,0,3.39279e-11,2.80705e-06,0.03826311231,-0.02901977301,0.4767259206,0.04810060418
1716,17.160000,0.4702409953,0.0416123569,3.829598427e-06,-2.905726433e-06,-2.905726433e-06,1.105666161e-05,0,3.38993e-11,2.80623e-06,0.03826311231,-0.02901977301,0.4676369753,0.04811420211
1717,17.170000,0.4592747539,0.04217258096,3.829598427e-06,-2.905726433e-06,-2.905726433e-06,1.104921103e-05,0,3.38708e-11,2.80541e-06,0.03826311231,-0.02901977301,0.4578171898,0.04780800841
1718,17.180000,0.4489655644,0.04199136794,3.829598427e-06,-2.905726433e-06,-2.905726433e-06,1.104176044e-05,0,3.38423e-11,2.80458e-06,0.03826311231,-0.02901977301,0.4472904152,0.04800373215
1719,17.190000,0.436830461,0.04242862016,3.829598427e-06,-2.905726433e-06,-2.905726433e-06,1.103430986e-05,0,3.38137e-11,2.80376e-06,0.03826311231,-0.02901977301,0.4360901933,0.04740227797
1720,17.200000,0.4249903932,0.04218013585,3.829598427e-06,-2.905726433e-06,-2.905726433e-06,1.102685928e-05,0,3.37852e-11,2.80293e-06,0.03826311231,-0.02901977301,0.4242594871,0.04679418286
1721,17.210000,0.4122596383,0.0418998003,3.829598427e-06,-2.905726433e-06,-2.905726433e-06,1.10194087e-05,0,3.37567e-11,2.8021e-06,0.03826311231,-0.02901977301,0.4118503001,0.04654792388
1722,17.220000,0.3994357362,0.04188449681,3.829598427e-06,-2.905726433e-06,-2.905726433e-06,1.101195812e-05,0,3.37281e-11,2.80127e-06,0.03826311231,-0.02901977301,0.3989231855,0.04693414663
1723,17.230000,0.3860939965,0.04197094589,3.829598427e-06,-2.905726433e-06,-2.905726433e-06,1.100450754e-05,0,3.36996e-11,2.80044e-06,0.03826311231,-0.02901977301,0.3855466536,0.04634201689
1724,17.240000,0.3727777526,0.04180820286,3.829598427e-06,-2.905726433e-06,-2.905726433e-06,1.099705696e-05,0,3.36711e-11,2.79961e-06,0.03826311231,-0.02901977301,0.3717964827,0.04627776358
1725,17.250000,0.3578227311,0.0419960767,3.829598427e-06,-2.905726433e-06,-2.905726433e-06,1.098960638e-05,0,3.36425e-11,2.79878e-06,0.03826311231,-0.02901977301,0.3577549404,0.04592042053
1726,17.260000,0.3432609066,0.04202374071,3.829598427e-06,-2.905726433e-06,-2.905726433e-06,1.09821558e-05,0,3.3614e-11,2.79795e-06,0.03826311231,-0.02901977301,0.343509926,0.04573485093
1727,17.270000,0.3297255412,0.0417028442,3.829598427e-06,-2.905726433e-06,-2.905726433e-06,1.097470522e-05,0,3.35855e-11,2.79711e-06,0.03826311231,-0.02901977301,0.3291540415,0.0452831024
1728,17.280000,0.3157983199,0.04167319834,3.829598427e-06,-2.905726433e-06,-2.905726433e-06,1.096725464e-05,0,3.35569e-11,2.79628e-06,0.03826311231,-0.02901977301,0.3147836032,0.04519511475
1729,17.290000,0.3017198443,0.04192241281,3.829598427e-06,-2.905726433e-06,-2.905726433e-06,1.095980406e-05,0,3.35284e-11,2.79544e-06,0.03826311231,-0.02901977301,0.3004976044,0.04518622537
1730,17.300000,0.2875750288,0.04196215421,3.829598427e-06,-2.905726433e-06,-2.905726433e-06,1.095235348e-05,0,3.34999e-11,2.7946e-06,0.03826311231,-0.02901977301,0.286396641,0.04474891659
1731,17.310000,0.2740932703,0.04202996939,3.829598427e-06,-2.905726433e-06,-2.905726433e-06,1.09449029e-05,0,3.34713e-11,2.79376e-06,0.03826311231,-0.02901977301,0.2725818121,0.044370782
1732,17.320000,0.2611211166,0.04151505977,3.829598427e-06,-2.905726433e-06,-2.905726433e-06,1.093745232e-05,0,3.34428e-11,2.79292e-06,0.03826311231,-0.02901977301,0.2591536082,0.04426702722
1733,17.330000,0.2481550798,0.04162008315,3.829598427e-06,-2.905726433e-06,-2.905726433e-06,1.093000174e-05,0,3.34143e-11,2.79208e-06,0.03826311231,-0.02901977301,0.2462107998,0.04418934495
1734,17.340000,0.2353728861,0.04228487611,3.829598427e-06,-2.905726433e-06,-2.905726433e-06,1.092255116e-05,0,3.33857e-11,2.79124e-06,0.03826311231,-0.02901977301,0.2338493385,0.04423193936
1735,17.350000,0.2242211327,0.04190330952,3.829598427e-06,-2.905726433e-06,-2.905726433e-06,1.091510057e-05,0,3.33572e-11,2.79039e-06,0.03826311231,-0.02901977301,0.2221612836,0.04409075376
1736,17.360000,0.2147722766,0.04147476703,3.829598427e-06,-2.905726433e-06,-2.905726433e-06,1.090764999e-05,0,3.33287e-11,2.78955e-06,0.03826311231,-0.02901977301,0.2112337665,0.04382887431
1737,17.370000,0.2047890723,0.04137229174,3.829598427e-06,-2.905726433e-06,-2.905726433e-06,1.090019941e-05,0,3.33001e-11,2.7887e-06,0.03826311231,-0.02901977301,0.2011480041,0.04387104374
1738,17.380000,0.1951887757,0.04185388237,3.829598427e-06,-2.905726433e-06,-2.905726433e-06,1.089274883e-05,0,3.32716e-11,2.78785e-06,0.03826311231,-0.02901977301,0.1919783734,0.04414931869
1739,17.390000,0.1877405941,0.04183152318,3.829598427e-06,-2.905726433e-06,-2.905726433e-06,1.088529825e-05,0,3.32431e-11,2.787e-06,0.03826311231,-0.02901977301,0.1837915567,0.04437702003
1740,17.400000,0.1811867803,0.0418054834,3.829598427e-06,-2.905726433e-06,-2.905726433e-06,1.087784767e-05,0,3.32145e-11,2.78615e-06,0.03826311231,-0.02901977301,0.1766457691,0.04447685869
1741,17.410000,0.1750367582,0.04241430759,3.829598427e-06,-2.905726433e-06,-2.905726433e-06,1.087039709e-05,0,3.3186e-11,2.7853e-06,0.03826311231,-0.02901977301,0.1705900747,0.04468723303
1742,17.420000,0.1706549674,0.04258206487,3.829598427e-06,-2.905726433e-06,-2.905726433e-06,1.086294651e-05,0,3.31575e-11,2.78445e-06,0.03826311231,-0.02901977301,0.1656638019,0.0450626255
1743,17.430000,0.1673585847,0.04289432615,3.829598427e-06,-2.905726433e-06,-2.905726433e-06,1.085549593e-05,0,3.31289e-11,2.78359e-06,0.03826311231,-0.02901977301,0.1618960624,0.04457306877
1744,17.440000,0.1648414433,0.04311189801,3.829598427e-06,-2.905726433e-06,-2.905726433e-06,1.084804535e-05,0,3.31004e-11,2.78274e-06,0.03826311231,-0.02901977301,0.1593053817,0.04420865708
1745,17.450000,0.1633634344,0.04337063432,3.829598427e-06,-2.905726433e-06,-2.905726433e-06,1.084059477e-05,0,3.30719e-11,2.78188e-06,0.03826311231,-0.02901977301,0.1578994436,0.04430803428
1746,17.460000,0.1642210931,0.04350555688,3.829598427e-06,-2.905726433e-06,-2.905726433e-06,1.083314419e-05,0,3.30433e-11,2.78102e-06,0.03826311231,-0.02901977301,0.1576749523,0.04397235681
1747,17.470000,0.1650557891,0.04349339008,3.829598427e-06,-2.905726433e-06,-2.905726433e-06,1.082569361e-05,0,3.30148e-11,2.78017e-06,0.03826311231,-0.02901977301,0.1586176149,0.04383153552
1748,17.480000,0.1674195454,0.04390445352,3.829598427e-06,-2.905726433e-06,-2.905726433e-06,1.081824303e-05,0,3.29863e-11,2.7793e-06,0.03826311231,-0.02901977301,0.1607022435,0.04386054646
1749,17.490000,0.171297662,0.04351764917,3.829598427e-06,-2.905726433e-06,-2.905726433e-06,1.081079245e-05,0,3.29577e-11,2.77844e-06,0.03826311231,-0.02901977301,0.1638929759,0.0444136505
1750,17.500000,0.1746332943,0.04435779154,3.829598427e-06,-2.905726433e-06,-2.905726433e-06,1.080334187e-05,0,3.29292e-11,2.77758e-06,0.03826311231,-0.02901977301,0.1681436139,0.0441463356
1751,17.510000,0.1802028567,0.04442425817,3.829598427e-06,-2.898275852e-06,-2.898275852e-06,1.079589128e-05,0,3.29439e-11,2.78149e-06,0.03826311231,-0.02894812077,0.1733980739,0.04407306308
1752,17.520000,0.1865712777,0.04463724792,3.829598427e-06,-2.890825272e-06,-2.890825272e-06,1.07884407e-05,0,3.29585e-11,2.78539e-06,0.03826311231,-0.02887646854,0.1795909467,0.04400199452
1753,17.530000,0.1929698586,0.04522079229,3.829598427e-06,-2.883374691e-06,-2.883374691e-06,1.078099012e-05,0,3.2973e-11,2.78929e-06,0.03826311231,-0.02880481631,0.1866481583,0.0445021966
1754,17.540000,0.2010164633,0.04507651925,3.829598427e-06,-2.87592411e-06,-2.87592411e-06,1.077353954e-05,0,3.29874e-11,2.79319e-06,0.03826311231,-0.02873316407,0.1944877267,0.04432519397
1755,17.550000,0.2092139721,0.04521786422,3.829598427e-06,-2.86847353e-06,-2.86847353e-06,1.078099012e-05,0,3.30587e-11,2.79879e-06,0.03826311231,-0.02866150439,0.2030206042,0.04464272962
1756,17.560000,0.2184768766,0.04523822665,3.829598427e-06,-2.861022949e-06,-2.861022949e-06,1.07884407e-05,0,3.31299e-11,2.80437e-06,0.03826311231,-0.02858985215,0.2121515981,0.04449221138
1757,17.570000,0.2279875055,0.04554331303,3.829598427e-06,-2.853572369e-06,-2.853572369e-06,1.079589128e-05,0,3.32011e-11,2.80995e-06,0.03826311231,-0.02851819992,0.2217803571,0.04506753759
1758,17.580000,0.2381513193,0.04572355002,3.829598427e-06,-2.846121788e-06,-2.846121788e-06,1.080334187e-05,0,3.32721e-11,2.81551e-06,0.03826311231,-0.02844654769,0.231802415,0.04497222362
1759,17.590000,0.2482123971,0.04576810449,3.829598427e-06,-2.838671207e-06,-2.838671207e-06,1.081079245e-05,0,3.33429e-11,2.82105e-06,0.03826311231,-0.02837489545,0.2421102782,0.04544373181
1760,17.600000,0.2583318949,0.04602663219,3.829598427e-06,-2.838671207e-06,-2.838671207e-06,1.081824303e-05,0,3.33715e-11,2.82188e-06,0.03826311231,-0.02837489545,0.2525945454,0.04522531069
1761,17.610000,0.2690642178,0.04581157118,3.829598427e-06,-2.838671207e-06,-2.838671207e-06,1.082569361e-05,0,3.34e-11,2.82272e-06,0.03826311231,-0.02837489545,0.2631450486,0.04529733611
1762,17.620000,0.2790438905,0.04602390528,3.829598427e-06,-2.838671207e-06,-2.838671207e-06,1.083314419e-05,0,3.34285e-11,2.82355e-06,0.03826311231,-0.02837489545,0.2736519995,0.04508464302
1763,17.630000,0.2884755582,0.04652532935,3.829598427e-06,-2.838671207e-06,-2.838671207e-06,1.084059477e-05,0,3.34571e-11,2.82438e-06,0.03826311231,-0.02837489545,0.284007132,0.0455037628
1764,17.640000,0.2989144772,0.04616151005,3.829598427e-06,-2.838671207e-06,-2.838671207e-06,1.084804535e-05,0,3.34856e-11,2.82521e-06,0.03826311231,-0.02837489545,0.2941048261,0.04560256497
1765,17.650000,0.308564648,0.04609737545,3.829598427e-06,-2.838671207e-06,-2.838671207e-06,1.085549593e-05,0,3.35141e-11,2.82604e-06,0.03826311231,-0.02837489545,0.3038432007,0.04587796063
1766,17.660000,0.3170956075,0.04655402154,3.829598427e-06,-2.838671207e-06,-2.838671207e-06,1.086294651e-05,0,3.35427e-11,2.82686e-06,0.03826311231,-0.02837489545,0.3131251642,0.04578912457
1767,17.670000,0.3251984343,0.04698710889,3.829598427e-06,-2.838671207e-06,-2.838671207e-06,1.087039709e-05,0,3.35712e-11,2.82769e-06,0.03826311231,-0.02837489545,0.321859411,0.04601708874
1768,17.680000,0.3326042444,0.0472862497,3.829598427e-06,-2.838671207e-06,-2.838671207e-06,1.087784767e-05,0,3.35997e-11,2.82851e-06,0.03826311231,-0.02837489545,0.3299613512,0.04573937442
1769,17.690000,0.3400920331,0.04692240059,3.829598427e-06,-2.838671207e-06,-2.838671207e-06,1.088529825e-05,0,3.36283e-11,2.82934e-06,0.03826311231,-0.02837489545,0.3373539665,0.04594337269
1770,17.700000,0.3461576328,0.04722358286,3.829598427e-06,-2.838671207e-06,-2.838671207e-06,1.089274883e-05,0,3.36568e-11,2.83016e-06,0.03826311231,-0.02837489545,0.3439685794,0.04559970876
1771,17.710000,0.3508825973,0.04752067477,3.829598427e-06,-2.838671207e-06,-2.838671207e-06,1.090019941e-05,0,3.36853e-11,2.83098e-06,0.03826311231,-0.02837489545,0.3497455295,0.04542709148
1772,17.720000,0.35500063,0.047691755,3.829598427e-06,-2.838671207e-06,-2.838671207e-06,1.090764999e-05,0,3.37139e-11,2.8318e-06,0.03826311231,-0.02837489545,0.3546347487,0.04508046178
1773,17.730000,0.3589704558,0.04752605408,3.829598427e-06,-2.838671207e-06,-2.838671207e-06,1.091510057e-05,0,3.37424e-11,2.83262e-06,0.03826311231,-0.02837489545,0.3585962293,0.04490262758
1774,17.740000,0.3607193679,0.04799304157,3.829598427e-06,-2.838671207e-06,-2.838671207e-06,1.092255116e-05,0,3.37709e-11,2.83344e-06,0.03826311231,-0.02837489545,0.3616003794,0.04488619117
1775,17.750000,0.3630407751,0.0475839749,3.829598427e-06,-2.838671207e-06,-2.838671207e-06,1.093000174e-05,0,3.37995e-11,2.83425e-06,0.03826311231,-0.02837489545,0.3636282625,0.0443517979
1776,17.760000,0.3636730239,0.04766178131,3.829598427e-06,-2.838671207e-06,-2.838671207e-06,1.093745232e-05,0,3.3828e-11,2.83507e-06,0.03826311231,-0.02837489545,0.3646717186,0.04376391061
1777,17.770000,0.3624829501,0.04790747911,3.829598427e-06,-2.838671207e-06,-2.838671207e-06,1.09449029e-05,0,3.38565e-11,2.83588e-06,0.03826311231,-0.02837489545,0.3647333658,0.04363845499
1778,17.780000,0.3610950187,0.04808272421,3.829598427e-06,-2.838671207e-06,-2.838671207e-06,1.095235348e-05,0,3.38851e-11,2.8367e-06,0.03826311231,-0.02837489545,0.3638264819,0.04314644948
1779,17.790000,0.3593859375,0.04762998968,3.829598427e-06,-2.838671207e-06,-2.838671207e-06,1.095980406e-05,0,3.39136e-11,2.83751e-06,0.03826311231,-0.02837489545,0.3619747691,0.0433519487
1780,17.800000,0.3568569943,0.04722710699,3.829598427e-06,-2.838671207e-06,-2.838671207e-06,1.096725464e-05,0,3.39421e-11,2.83832e-06,0.03826311231,-0.02837489545,0.3592120028,0.04345677582
1781,17.810000,0.3533175364,0.04695601016,3.829598427e-06,-2.838671207e-06,-2.838671207e-06,1.097470522e-05,0,3.39707e-11,2.83913e-06,0.03826311231,-0.02837489545,0.355581571,0.04331485271
1782,17.820000,0.3488722667,0.04672941566,3.829598427e-06,-2.838671207e-06,-2.838671207e-06,1.09821558e-05,0,3.39992e-11,2.83994e-06,0.03826311231,-0.02837489545,0.3511359071,0.04302112332
1783,17.830000,0.3426741138,0.04697924107,3.829598427e-06,-2.838671207e-06,-2.838671207e-06,1.098960638e-05,0,3.40277e-11,2.84074e-06,0.03826311231,-0.02837489545,0.345935825,0.04255711525
1784,17.840000,0.3361136913,0.04697415233,3.829598427e-06,-2.838671207e-06,-2.838671207e-06,1.099705696e-05,0,3.40563e-11,2.84155e-06,0.03826311231,-0.02837489545,0.3400497638,0.04286181739
1785,17.850000,0.330024235,0.04664903134,3.829598427e-06,-2.838671207e-06,-2.838671207e-06,1.100450754e-05,0,3.40848e-11,2.84235e-06,0.03826311231,-0.02837489545,0.333552949,0.04322212816
1786,17.860000,0.3224477842,0.04661932588,3.829598427e-06,-2.838671207e-06,-2.838671207e-06,1.101195812e-05,0,3.41133e-11,2.84316e-06,0.03826311231,-0.02837489545,0.3265264832,0.04349364571
1787,17.870000,0.315440774,0.04609926045,3.829598427e-06,-2.838671207e-06,-2.838671207e-06,1.10194087e-05,0,3.41419e-11,2.84396e-06,0.03826311231,-0.02837489545,0.3190563738,0.04342977793
1788,17.880000,0.3071135581,0.04618198425,3.829598427e-06,-2.838671207e-06,-2.838671207e-06,1.102685928e-05,0,3.41704e-11,2.84476e-06,0.03826311231,-0.02837489545,0.3112325102,0.04329894555
1789,17.890000,0.2987692878,0.04648736864,3.829598427e-06,-2.838671207e-06,-2.838671207e-06,1.103430986e-05,0,3.41989e-11,2.84556e-06,0.03826311231,-0.02837489545,0.3031476031,0.04325081924
1790,17.900000,0.2904413939,0.04629431665,3.829598427e-06,-2.838671207e-06,-2.838671207e-06,1.104176044e-05,0,3.42275e-11,2.84636e-06,0.03826311231,-0.02837489545,0.2948960959,0.04316580038
1791,17.910000,0.2813479081,0.04611934721,3.829598427e-06,-2.838671207e-06,-2.838671207e-06,1.104921103e-05,0,3.4256e-11,2.84716e-06,0.03826311231,-0.02837489545,0.2865730628,0.04313966685
1792,17.920000,0.2741662785,0.04561091959,3.829598427e-06,-2.838671207e-06,-2.838671207e-06,1.105666161e-05,0,3.42845e-11,2.84795e-06,0.03826311231,-0.02837489545,0.2782731047,0.04298587845
1793,17.930000,0.2654879913,0.0458451584,3.829598427e-06,-2.838671207e-06,-2.838671207e-06,1.106411219e-05,0,3.43131e-11,2.84875e-06,0.03826311231,-0.02837489545,0.270089257,0.04302934715
1794,17.940000,0.2575830445,0.04607901722,3.829598427e-06,-2.838671207e-06,-2.838671207e-06,1.107156277e-05,0,3.43416e-11,2.84954e-06,0.03826311231,-0.02837489545,0.2621119203,0.04278803038
1795,17.950000,0.249791868,0.04636121541,3.829598427e-06,-2.838671207e-06,-2.838671207e-06,1.107901335e-05,0,3.43701e-11,2.85033e-06,0.03826311231,-0.02837489545,0.2544278265,0.04258768606
1796,17.960000,0.2435911223,0.04575991631,3.829598427e-06,-2.838671207e-06,-2.838671207e-06,1.108646393e-05,0,3.43987e-11,2.85113e-06,0.03826311231,-0.02837489545,0.2471190536,0.04221719061
1797,17.970000,0.2368388548,0.04585850239,3.829598427e-06,-2.838671207e-06,-2.838671207e-06,1.109391451e-05,0,3.44272e-11,2.85192e-06,0.03826311231,-0.02837489545,0.2402620977,0.04256438301
1798,17.980000,0.2311829701,0.04572083801,3.829598427e-06,-2.838671207e-06,-2.838671207e-06,1.110136509e-05,0,3.44557e-11,2.85271e-06,0.03826311231,-0.02837489545,0.2339270156,0.0421480128
1799,17.990000,0.2266038656,0.04503974319,3.829598427e-06,-2.838671207e-06,-2.838671207e-06,1.110881567e-05,0,3.44842e-11,2.85349e-06,0.03826311231,-0.02837489545,0.2281766453,0.04216102567
1800,18.000000,0.2216838524,0.04525159299,3.829598427e-06,-2.838671207e-06,-2.838671207e-06,1.111626625e-05,0,3.45128e-11,2.85428e-06,0.03826311231,-0.02837489545,0.2230659149,0.04234719128
1801,18.010000,0.2177663893,0.04511241615,3.829598427e-06,-2.838671207e-06,-2.838671207e-06,1.112371683e-05,0,3.45413e-11,2.85507e-06,0.03826311231,-0.02837489545,0.2186412463,0.04180378592
1802,18.020000,0.2146315351,0.04505794495,3.829598427e-06,-2.838671207e-06,-2.838671207e-06,1.113116741e-05,0,3.45698e-11,2.85585e-06,0.03826311231,-0.02837489545,0.2149400622,0.04214109206
1803,18.030000,0.2122300565,0.04487516731,3.829598427e-06,-2.838671207e-06,-2.838671207e-06,1.113861799e-05,0,3.45984e-11,2.85664e-06,0.03826311231,-0.02837489545,0.2119903996,0.04205612055
1804,18.040000,0.2101434618,0.04504723847,3.829598427e-06,-2.838671207e-06,-2.838671207e-06,1.114606857e-05,0,3.46269e-11,2.85742e-06,0.03826311231,-0.02837489545,0.2098106359,0.04261768611
1805,18.050000,0.2088017836,0.04524759203,3.829598427e-06,-2.838671207e-06,-2.838671207e-06,1.115351915e-05,0,3.46554e-11,2.8582e-06,0.03826311231,-0.02837489545,0.2084093301,0.04299878549
1806,18.060000,0.2078422308,0.04540667683,3.829598427e-06,-2.838671207e-06,-2.838671207e-06,1.116096973e-05,0,3.4684e-11,2.85898e-06,0.03826311231,-0.02837489545,0.2077851797,0.04335463302
1807,18.070000,0.2090068012,0.04507794231,3.829598427e-06,-2.838671207e-06,-2.838671207e-06,1.116842031e-05,0,3.47125e-11,2.85976e-06,0.03826311231,-0.02837489545,0.2079270955,0.0430503608
1808,18.080000,0.2107251063,0.04512231052,3.829598427e-06,-2.838671207e-06,-2.838671207e-06,1.11758709e-05,0,3.4741e-11,2.86054e-06,0.03826311231,-0.02837489545,0.2088143913,0.04291226643
1809,18.090000,0.2127445564,0.04527341574,3.829598427e-06,-2.838671207e-06,-2.838671207e-06,1.118332148e-05,0,3.47696e-11,2.86132e-06,0.03826311231,-0.02837489545,0.2104170877,0.04325377083
1810,18.100000,0.215389885,0.04511068761,3.829598427e-06,-2.838671207e-06,-2.838671207e-06,1.119077206e-05,0,3.47981e-11,2.86209e-06,0.03826311231,-0.02837489545,0.2126963251,0.04322486952
1811,18.110000,0.2176702619,0.04581147432,3.829598427e-06,-2.838671207e-06,-2.838671207e-06,1.119822264e-05,0,3.48266e-11,2.86287e-06,0.03826311231,-0.02837489545,0.2156048819,0.04328812284
1812,18.120000,0.2218476534,0.04567436874,3.829598427e-06,-2.838671207e-06,-2.838671207e-06,1.120567322e-05,0,3.48552e-11,2.86364e-06,0.03826311231,-0.02837489545,0.2190877912,0.04377608874
1813,18.130000,0.2260056362,0.04532376677,3.829598427e-06,-2.838671207e-06,-2.838671207e-06,1.12131238e-05,0,3.48837e-11,2.86441e-06,0.03826311231,-0.02837489545,0.2230830484,0.04356524115
1814,18.140000,0.2303393781,0.04537909478,3.829598427e-06,-2.838671207e-06,-2.838671207e-06,1.122057438e-05,0,3.49122e-11,2.86518e-06,0.03826311231,-0.02837489545,0.2275224027,0.04342561652
1815,18.150000,0.2352540493,0.0452363193,3.829598427e-06,-2.838671207e-06,-2.838671207e-06,1.122802496e-05,0,3.49408e-11,2.86595e-06,0.03826311231,-0.02837489545,0.2323322214,0.04383791922
1816,18.160000,0.2405619547,0.04524941742,3.829598427e-06,-2.838671207e-06,-2.838671207e-06,1.123547554e-05,0,3.49693e-11,2.86672e-06,0.03826311231,-0.02837489545,0.2374344186,0.04367216596
1817,18.170000,0.2465460226,0.04473749548,3.829598427e-06,-2.838671207e-06,-2.838671207e-06,1.124292612e-05,0,3.49978e-11,2.86749e-06,0.03826311231,-0.02837489545,0.2427474357,0.04372242316
1818,18.180000,0.2520136014,0.04472016543,3.829598427e-06,-2.838671207e-06,-2.838671207e-06,1.12503767e-05,0,3.50264e-11,2.86826e-06,0.03826311231,-0.02837489545,0.248187264,0.04341045662
1819,18.190000,0.2573588789,0.04461287707,3.829598427e-06,-2.838671207e-06,-2.838671207e-06,1.125782728e-05,0,3.50549e-11,2.86903e-06,0.03826311231,-0.02837489545,0.2536684959,0.04394679692
1820,18.200000,0.2629900426,0.0446112901,3.829598427e-06,-2.838671207e-06,-2.838671207e-06,1.126527786e-05,0,3.50834e-11,2.86979e-06,0.03826311231,-0.02837489545,0.2591053933,0.04415860779
1821,18.210000,0.2665503547,0.04524561763,3.829598427e-06,-2.838671207e-06,-2.838671207e-06,1.127272844e-05,0,3.5112e-11,2.87055e-06,0.03826311231,-0.02837489545,0.2644129607,0.04383331438
1822,18.220000,0.2720679566,0.04526578635,3.829598427e-06,-2.838671207e-06,-2.838671207e-06,1.128017902e-05,0,3.51405e-11,2.87132e-06,0.03826311231,-0.02837489545,0.2695080098,0.04376316149
1823,18.230000,0.2777493522,0.04481720179,3.829598427e-06,-2.838671207e-06,-2.838671207e-06,1.12876296e-05,0,3.5169e-11,2.87208e-06,0.03826311231,-0.02837489545,0.2743102039,0.04423995706
1824,18.240000,0.2815010026,0.0453723371,3.829598427e-06,-2.838671207e-06,-2.838671207e-06,1.129508018e-05,0,3.51976e-11,2.87284e-06,0.03826311231,-0.02837489545,0.2787430694,0.04420097721
1825,18.250000,0.2851985618,0.04562511295,3.829598427e-06,-2.838671207e-06,-2.838671207e-06,1.130253077e-05,0,3.52261e-11,2.8736e-06,0.03826311231,-0.02837489545,0.2827349628,0.0437888427
1826,18.260000,0.2885763571,0.0453377068,3.829598427e-06,-2.838671207e-06,-2.838671207e-06,1.130998135e-05,0,3.52546e-11,2.87436e-06,0.03826311231,-0.02837489545,0.2862199815,0.04410404543
1827,18.270000,0.2904591337,0.0456404537,3.829598427e-06,-2.838671207e-06,-2.838671207e-06,1.131743193e-05,0,3.52832e-11,2.87511e-06,0.03826311231,-0.02837489545,0.2891388086,0.04466281554
1828,18.280000,0.2928946093,0.04517859221,3.829598427e-06,-2.838671207e-06,-2.838671207e-06,1.132488251e-05,0,3.53117e-11,2.87587e-06,0.03826311231,-0.02837489545,0.2914394802,0.0450449206
1829,18.290000,0.2941052839,0.04535283148,3.829598427e-06,-2.838671207e-06,-2.838671207e-06,1.133233309e-05,0,3.53402e-11,2.87663e-06,0.03826311231,-0.02837489545,0.2930780679,0.04588886182
1830,18.300000,0.294400163,0.04552251101,3.829598427e-06,-2.838671207e-06,-2.838671207e-06,1.133978367e-05,0,3.53688e-11,2.87738e-06,0.03826311231,-0.02837489545,0.2940192671,0.04603080838
1831,18.310000,0.2946977913,0.04553028196,3.829598427e-06,-2.838671207e-06,-2.838671207e-06,1.134723425e-05,0,3.53973e-11,2.87813e-06,0.03826311231,-0.02837489545,0.2942368849,0.04583617074
1832,18.320000,0.2942536846,0.0454807803,3.829598427e-06,-2.838671207e-06,-2.838671207e-06,1.135468483e-05,0,3.54258e-11,2.87889e-06,0.03826311231,-0.02837489545,0.2937142207,0.04553799504
1833,18.330000,0.2926673144,0.04533151537,3.829598427e-06,-2.838671207e-06,-2.838671207e-06,1.136213541e-05,0,3.54544e-11,2.87964e-06,0.03826311231,-0.02837489545,0.2924443369,0.04593018084
1834,18.340000,0.2904053852,0.045311369,3.829598427e-06,-2.838671207e-06,-2.838671207e-06,1.136958599e-05,0,3.54829e-11,2.88039e-06,0.03826311231,-0.02837489545,0.2904302135,0.04540570619
1835,18.350000,0.2871791348,0.04510282725,3.829598427e-06,-2.838671207e-06,-2.838671207e-06,1.137703657e-05,0,3.55114e-11,2.88113e-06,0.03826311231,-0.02837489545,0.2876847874,0.04504245629
1836,18.360000,0.2838528305,0.04490696639,3.829598427e-06,-2.838671207e-06,-2.838671207e-06,1.138448715e-05,0,3.554e-11,2.88188e-06,0.03826311231,-0.02837489545,0.2842308734,0.04529794005
1837,18.370000,0.2788216248,0.04538358748,3.829598427e-06,-2.838671207e-06,-2.838671207e-06,1.139193773e-05,0,3.55685e-11,2.88263e-06,0.03826311231,-0.02837489545,0.2801009692,0.04514254037
1838,18.380000,0.2735994384,0.04573746771,3.829598427e-06,-2.838671207e-06,-2.838671207e-06,1.139938831e-05,0,3.5597e-11,2.88337e-06,0.03826311231,-0.02837489545,0.2753369453,0.04519437797
1839,18.390000,0.2679973543,0.04584100097,3.829598427e-06,-2.838671207e-06,-2.838671207e-06,1.140683889e-05,0,3.56256e-11,2.88412e-06,0.03826311231,-0.02837489545,0.2699896234,0.04520582759
1840,18.400000,0.2623806894,0.04572521895,3.829598427e-06,-2.838671207e-06,-2.838671207e-06,1.141428947e-05,0,3.56541e-11,2.88486e-06,0.03826311231,-0.02837489545,0.2641182489,0.04487077685
1841,18.410000,0.2559682429,0.04519144446,3.829598427e-06,-2.838671207e-06,-2.838671207e-06,1.142174006e-05,0,3.56826e-11,2.88561e-06,0.03826311231,-0.02837489545,0.2577898612,0.04480688818
1842,18.420000,0.2491483688,0.04495110363,3.829598427e-06,-2.838671207e-06,-2.838671207e-06,1.142919064e-05,0,3.57112e-11,2.88635e-06,0.03826311231,-0.02837489545,0.2510785706,0.04494285154
1843,18.430000,0.241962716,0.0449526906,3.829598427e-06,-2.838671207e-06,-2.838671207e-06,1.143664122e-05,0,3.57397e-11,2.88709e-06,0.03826311231,-0.02837489545,0.2440647494,0.04535903075
1844,18.440000,0.2340002805,0.04506539553,3.829598427e-06,-2.838671207e-06,-2.838671207e-06,1.14440918e-05,0,3.57682e-11,2.88783e-06,0.03826311231,-0.02837489545,0.2368341455,0.04516667279
1845,18.450000,0.226364322,0.04522710294,3.829598427e-06,-2.838671207e-06,-2.838671207e-06,1.145154238e-05,0,3.57968e-11,2.88856e-06,0.03826311231,-0.02837489545,0.2294769299,0.04481051346
1846,18.460000,0.2187096775,0.04527084529,3.829598427e-06,-2.838671207e-06,-2.838671207e-06,1.145899296e-05,0,3.58253e-11,2.8893e-06,0.03826311231,-0.02837489545,0.2220866873,0.04492839525
1847,18.470000,0.2111145854,0.04551372677,3.829598427e-06,-2.838671207e-06,-2.838671207e-06,1.146644354e-05,0,3.58538e-11,2.89004e-06,0.03826311231,-0.02837489545,0.2147593621,0.04467860844
1848,18.480000,0.2040915489,0.04603011906,3.829598427e-06,-2.838671207e-06,-2.838671207e-06,1.147389412e-05,0,3.58824e-11,2.89077e-06,0.03826311231,-0.02837489545,0.2075921714,0.04413699906
1849,18.490000,0.197367996,0.04605071247,3.829598427e-06,-2.838671207e-06,-2.838671207e-06,1.14813447e-05,0,3.59109e-11,2.89151e-06,0.03826311231,-0.02837489545,0.2006824978,0.04427082608
1850,18.500000,0.1906846315,0.04634005576,3.829598427e-06,-2.838671207e-06,-2.838671207e-06,1.148879528e-05,0,3.59394e-11,2.89224e-06,0.03826311231,-0.02837489545,0.1941267734,0.04496686157
1851,18.510000,0.184825927,0.04636728764,3.829598427e-06,-2.838671207e-06,-2.838671207e-06,1.149624586e-05,0,3.5968e-11,2.89297e-06,0.03826311231,-0.02837489545,0.188019369,0.04492704758
1852,18.520000,0.179599613,0.04635615647,3.829598427e-06,-2.838671207e-06,-2.838671207e-06,1.150369644e-05,0,3.59965e-11,2.8937e-06,0.03826311231,-0.02837489545,0.1824515005,0.04497381799
1853,18.530000,0.1752483249,0.0463552475,3.829598427e-06,-2.838671207e-06,-2.838671207e-06,1.151114702e-05,0,3.6025e-11,2.89443e-06,0.03826311231,-0.02837489545,0.1775101644,0.04441208478
1854,18.540000,0.172545068,0.0456231758,3.829598427e-06,-2.838671207e-06,-2.838671207e-06,1.15185976e-05,0,3.60535e-11,2.89516e-06,0.03826311231,-0.02837489545,0.173277116,0.0442717823
1855,18.550000,0.169791311,0.04553703964,3.829598427e-06,-2.838671207e-06,-2.838671207e-06,1.152604818e-05,0,3.60821e-11,2.89589e-06,0.03826311231,-0.02837489545,0.1698279003,0.04448411568
1856,18.560000,0.167671591,0.04556892812,3.829598427e-06,-2.838671207e-06,-2.838671207e-06,1.153349876e-05,0,3.61106e-11,2.89662e-06,0.03826311231,-0.02837489545,0.1672309481,0.04469428703
1857,18.570000,0.1661824211,0.04560125619,3.829598427e-06,-2.838671207e-06,-2.838671207e-06,1.154094934e-05,0,3.61391e-11,2.89734e-06,0.03826311231,-0.02837489545,0.1655467461,0.04448552895
1858,18.580000,0.165225409,0.04596063495,3.829598427e-06,-2.838671207e-06,-2.838671207e-06,1.154839993e-05,0,3.61677e-11,2.89807e-06,0.03826311231,-0.02837489545,0.1648270927,0.04426623469
1859,18.590000,0.1663373709,0.04597600549,3.829598427e-06,-2.838671207e-06,-2.838671207e-06,1.155585051e-05,0,3.61962e-11,2.89879e-06,0.03826311231,-0.02837489545,0.1651144456,0.04478688917
1860,18.600000,0.1675740704,0.04621046036,3.829598427e-06,-2.846121788e-06,-2.846121788e-06,1.156330109e-05,0,3.61824e-11,2.8951e-06,0.03826311231,-0.02844654769,0.1664413708,0.04470361637
1861,18.610000,0.1702728942,0.04617089778,3.829598427e-06,-2.853572369e-06,-2.853572369e-06,1.157075167e-05,0,3.61685e-11,2.89141e-06,0.03826311231,-0.02851819992,0.168830098,0.04454419812
1862,18.620000,0.1748443842,0.04564085603,3.829598427e-06,-2.861022949e-06,-2.861022949e-06,1.157820225e-05,0,3.61544e-11,2.88771e-06,0.03826311231,-0.02858985215,0.1722921886,0.04414607258
1863,18.630000,0.1797109023,0.04567843676,3.829598427e-06,-2.86847353e-06,-2.86847353e-06,1.158565283e-05,0,3.61403e-11,2.88401e-06,0.03826311231,-0.02866150439,0.1768283194,0.04462028685
1864,18.640000,0.1856554523,0.04552858323,3.829598427e-06,-2.87592411e-06,-2.87592411e-06,1.157820225e-05,0,3.60689e-11,2.87885e-06,0.03826311231,-0.02873316407,0.182428185,0.04449306078
1865,18.650000,0.1932361126,0.04524400085,3.829598427e-06,-2.883374691e-06,-2.883374691e-06,1.157075167e-05,0,3.59975e-11,2.87366e-06,0.03826311231,-0.02880481631,0.1890705208,0.04484226433
1866,18.660000,0.2016724944,0.04521075636,3.829598427e-06,-2.890825272e-06,-2.890825272e-06,1.156330109e-05,0,3.59259e-11,2.86847e-06,0.03826311231,-0.02887646854,0.1967232453,0.04423611183
1867,18.670000,0.2109284848,0.04506554455,3.829598427e-06,-2.898275852e-06,-2.898275852e-06,1.155585051e-05,0,3.58543e-11,2.86326e-06,0.03826311231,-0.02894812077,0.2053437211,0.04368901408
1868,18.680000,0.2208432332,0.0448942557,3.829598427e-06,-2.905726433e-06,-2.905726433e-06,1.154839993e-05,0,3.57825e-11,2.85803e-06,0.03826311231,-0.02901977301,0.214879132,0.04392830405
1869,18.690000,0.2320363298,0.04452352226,3.829598427e-06,-2.905726433e-06,-2.905726433e-06,1.154094934e-05,0,3.5754e-11,2.85728e-06,0.03826311231,-0.02901977301,0.2252669714,0.0441643919
1870,18.700000,0.2431331575,0.04472136497,3.829598427e-06,-2.905726433e-06,-2.905726433e-06,1.153349876e-05,0,3.57254e-11,2.85653e-06,0.03826311231,-0.02901977301,0.2364356373,0.04431087074
1871,18.710000,0.254623577,0.04511544108,3.829598427e-06,-2.905726433e-06,-2.905726433e-06,1.152604818e-05,0,3.56969e-11,2.85578e-06,0.03826311231,-0.02901977301,0.2483051273,0.04372164422
1872,18.720000,0.2671838477,0.04556819797,3.829598427e-06,-2.905726433e-06,-2.905726433e-06,1.15185976e-05,0,3.56684e-11,2.85503e-06,0.03826311231,-0.02901977301,0.2607878256,0.04465408138
1873,18.730000,0.2803146541,0.04597771913,3.829598427e-06,-2.905726433e-06,-2.905726433e-06,1.151114702e-05,0,3.56398e-11,2.85428e-06,0.03826311231,-0.02901977301,0.273789374,0.04467696143
1874,18.740000,0.294038929,0.04613143951,3.829598427e-06,-2.905726433e-06,-2.905726433e-06,1.150369644e-05,0,3.56113e-11,2.85352e-06,0.03826311231,-0.02901977301,0.2872096162,0.04441215571
1875,18.750000,0.3074384332,0.04672411829,3.829598427e-06,-2.905726433e-06,-2.905726433e-06,1.149624586e-05,0,3.55828e-11,2.85276e-06,0.03826311231,-0.02901977301,0.3009436059,0.04399315365
1876,18.760000,0.3216380849,0.04663785547,3.829598427e-06,-2.905726433e-06,-2.905726433e-06,1.148879528e-05,0,3.55542e-11,2.85201e-06,0.03826311231,-0.02901977301,0.3148826676,0.04375643472
1877,18.770000,0.3353404626,0.0469026193,3.829598427e-06,-2.905726433e-06,-2.905726433e-06,1.14813447e-05,0,3.55257e-11,2.85125e-06,0.03826311231,-0.02901977301,0.3289154968,0.04383282729
1878,18.780000,0.3488272801,0.04690406471,3.829598427e-06,-2.905726433e-06,-2.905726433e-06,1.147389412e-05,0,3.54972e-11,2.85049e-06,0.03826311231,-0.02901977301,0.3429292899,0.04366432676
1879,18.790000,0.3625663891,0.04673713446,3.829598427e-06,-2.905726433e-06,-2.905726433e-06,1.146644354e-05,0,3.54686e-11,2.84973e-06,0.03826311231,-0.02901977301,0.3568108885,0.04392368101
1880,18.800000,0.3750677779,0.04704104364,3.829598427e-06,-2.905726433e-06,-2.905726433e-06,1.145899296e-05,0,3.54401e-11,2.84897e-06,0.03826311231,-0.02901977301,0.3704479279,0.04429505585
1881,18.810000,0.3877820671,0.04741127789,3.829598427e-06,-2.905726433e-06,-2.905726433e-06,1.145154238e-05,0,3.54116e-11,2.84821e-06,0.03826311231,-0.02901977301,0.3837299751,0.04414573999
1882,18.820000,0.3997890726,0.04787871987,3.829598427e-06,-2.905726433e-06,-2.905726433e-06,1.14440918e-05,0,3.5383e-11,2.84744e-06,0.03826311231,-0.02901977301,0.3965496447,0.04393103607
1883,18.830000,0.4121571854,0.047677055,3.829598427e-06,-2.905726433e-06,-2.905726433e-06,1.143664122e-05,0,3.53545e-11,2.84668e-06,0.03826311231,-0.02901977301,0.4088036803,0.04418674101
1884,18.840000,0.4231305122,0.04770794511,3.829598427e-06,-2.905726433e-06,-2.905726433e-06,1.142919064e-05,0,3.5326e-11,2.84591e-06,0.03826311231,-0.02901977301,0.4203939887,0.04398713292
1885,18.850000,0.4331883639,0.04796554893,3.829598427e-06,-2.905726433e-06,-2.905726433e-06,1.142174006e-05,0,3.52974e-11,2.84515e-06,0.03826311231,-0.02901977301,0.4312286169,0.04407439416
1886,18.860000,0.4426560029,0.04784324765,3.829598427e-06,-2.905726433e-06,-2.905726433e-06,1.141428947e-05,0,3.52689e-11,2.84438e-06,0.03826311231,-0.02901977301,0.4412226588,0.04428605884
1887,18.870000,0.4510797411,0.04789923131,3.829598427e-06,-2.905726433e-06,-2.905726433e-06,1.140683889e-05,0,3.52404e-11,2.84361e-06,0.03826311231,-0.02901977301,0.4502990844,0.04416306142
1888,18.880000,0.4591773897,0.0475679636,3.829598427e-06,-2.905726433e-06,-2.905726433e-06,1.139938831e-05,0,3.52118e-11,2.84284e-06,0.03826311231,-0.02901977301,0.4583894799,0.04417451475
1889,18.890000,0.4651603028,0.04803481698,3.829598427e-06,-2.905726433e-06,-2.905726433e-06,1.139193773e-05,0,3.51833e-11,2.84207e-06,0.03826311231,-0.02901977301,0.4654346923,0.04392569319
1890,18.900000,0.4712065011,0.04755889624,3.829598427e-06,-2.905726433e-06,-2.905726433e-06,1.138448715e-05,0,3.51548e-11,2.8413e-06,0.03826311231,-0.02901977301,0.4713853706,0.04422506572
1891,18.910000,0.4757831395,0.04731167853,3.829598427e-06,-2.905726433e-06,-2.905726433e-06,1.137703657e-05,0,3.51262e-11,2.84052e-06,0.03826311231,-0.02901977301,0.4762023983,0.04461909132
1892,18.920000,0.479138121,0.04721014947,3.829598427e-06,-2.905726433e-06,-2.905726433e-06,1.136958599e-05,0,3.50977e-11,2.83975e-06,0.03826311231,-0.02901977301,0.4798572117,0.04516469326
1893,18.930000,0.480470255,0.04738925397,3.829598427e-06,-2.905726433e-06,-2.905726433e-06,1.136213541e-05,0,3.50692e-11,2.83897e-06,0.03826311231,-0.02901977301,0.4823320022,0.04523073515
1894,18.940000,0.4816040546,0.04750139266,3.829598427e-06,-2.905726433e-06,-2.905726433e-06,1.135468483e-05,0,3.50406e-11,2.8382e-06,0.03826311231,-0.02901977301,0.4836197986,0.04490005848
1895,18.950000,0.4816878736,0.04725588858,3.829598427e-06,-2.905726433e-06,-2.905726433e-06,1.134723425e-05,0,3.50121e-11,2.83742e-06,0.03826311231,-0.02901977301,0.4837244313,0.04467691672
1896,18.960000,0.4799274355,0.04715318978,3.829598427e-06,-2.905726433e-06,-2.905726433e-06,1.133978367e-05,0,3.49836e-11,2.83664e-06,0.03826311231,-0.02901977301,0.4826603762,0.04456089035
1897,18.970000,0.4777268395,0.04669630527,3.829598427e-06,-2.905726433e-06,-2.905726433e-06,1.133233309e-05,0,3.4955e-11,2.83586e-06,0.03826311231,-0.02901977301,0.4804524829,0.04462144552
1898,18.980000,0.4734689519,0.04712440073,3.829598427e-06,-2.905726433e-06,-2.905726433e-06,1.132488251e-05,0,3.49265e-11,2.83508e-06,0.03826311231,-0.02901977301,0.4771355886,0.04466403981
1899,18.990000,0.4681096151,0.04703731835,3.829598427e-06,-2.905726433e-06,-2.905726433e-06,1.131743193e-05,0,3.4898e-11,2.8343e-06,0.03826311231,-0.02901977301,0.4727540245,0.0445202311
1900,19.000000,0.4616216645,0.047107853,3.829598427e-06,-2.905726433e-06,-2.905726433e-06,1.130998135e-05,0,3.48694e-11,2.83352e-06,0.03826311231,-0.02901977301,0.4673610178,0.04437439312
1901,19.010000,0.4564561322,0.04600311816,3.829598427e-06,-2.905726433e-06,-2.905726433e-06,1.130253077e-05,0,3.48409e-11,2.83273e-06,0.03826311231,-0.02901977301,0.4610179994,0.04429207572
1902,19.020000,0.4500895068,0.04517056048,3.829598427e-06,-2.905726433e-06,-2.905726433e-06,1.129508018e-05,0,3.48124e-11,2.83195e-06,0.03826311231,-0.02901977301,0.4537938224,0.04394834856
1903,19.030000,0.4413734749,0.04525955766,3.829598427e-06,-2.905726433e-06,-2.905726433e-06,1.12876296e-05,0,3.47838e-11,2.83116e-06,0.03826311231,-0.02901977301,0.4457639034,0.04428015619
1904,19.040000,0.4328781813,0.04496644437,3.829598427e-06,-2.905726433e-06,-2.905726433e-06,1.128017902e-05,0,3.47553e-11,2.83037e-06,0.03826311231,-0.02901977301,0.4370092939,0.04427341503
1905,19.050000,0.4232496992,0.04474063218,3.829598427e-06,-2.905726433e-06,-2.905726433e-06,1.127272844e-05,0,3.47268e-11,2.82959e-06,0.03826311231,-0.02901977301,0.4276156953,0.04463809002
1906,19.060000,0.4134539291,0.0442629531,3.829598427e-06,-2.905726433e-06,-2.905726433e-06,1.126527786e-05,0,3.46982e-11,2.8288e-06,0.03826311231,-0.02901977301,0.4176724257,0.04449677061
1907,19.070000,0.4026852772,0.0441390574,3.829598427e-06,-2.905726433e-06,-2.905726433e-06,1.125782728e-05,0,3.46697e-11,2.82801e-06,0.03826311231,-0.02901977301,0.4072713537,0.0442713897
1908,19.080000,0.3920305818,0.04401714355,3.829598427e-06,-2.905726433e-06,-2.905726433e-06,1.12503767e-05,0,3.46412e-11,2.82721e-06,0.03826311231,-0.02901977301,0.3965058089,0.04412465983
1909,19.090000,0.380837366,0.04398401082,3.829598427e-06,-2.905726433e-06,-2.905726433e-06,1.124292612e-05,0,3.46126e-11,2.82642e-06,0.03826311231,-0.02901977301,0.3854694834,0.04375362647
1910,19.100000,0.3698782399,0.04375492036,3.829598427e-06,-2.905726433e-06,-2.905726433e-06,1.123547554e-05,0,3.45841e-11,2.82563e-06,0.03826311231,-0.02901977301,0.3742553354,0.04350460978
1911,19.110000,0.358883515,0.04319383204,3.829598427e-06,-2.905726433e-06,-2.905726433e-06,1.122802496e-05,0,3.45556e-11,2.82483e-06,0.03826311231,-0.02901977301,0.3629545089,0.04349751126
1912,19.120000,0.347520858,0.0433589071,3.829598427e-06,-2.905726433e-06,-2.905726433e-06,1.122057438e-05,0,3.4527e-11,2.82404e-06,0.03826311231,-0.02901977301,0.3516552812,0.04322644362
1913,19.130000,0.3371661305,0.04291585833,3.829598427e-06,-2.905726433e-06,-2.905726433e-06,1.12131238e-05,0,3.44985e-11,2.82324e-06,0.03826311231,-0.02901977301,0.3404420495,0.04332789926
1914,19.140000,0.3258018717,0.04279334098,3.829598427e-06,-2.905726433e-06,-2.905726433e-06,1.120567322e-05,0,3.447e-11,2.82244e-06,0.03826311231,-0.02901977301,0.3293943699,0.04328841839
1915,19.150000,0.3156094179,0.04261938483,3.829598427e-06,-2.905726433e-06,-2.905726433e-06,1.119822264e-05,0,3.44414e-11,2.82164e-06,0.03826311231,-0.02901977301,0.3185860582,0.04297797285
1916,19.160000,0.3046537414,0.04293663055,3.829598427e-06,-2.905726433e-06,-2.905726433e-06,1.119077206e-05,0,3.44129e-11,2.82084e-06,0.03826311231,-0.02901977301,0.3080843636,0.04358220341
1917,19.170000,0.2951890379,0.0428930372,3.829598427e-06,-2.905726433e-06,-2.905726433e-06,1.118332148e-05,0,3.43844e-11,2.82004e-06,0.03826311231,-0.02901977301,0.2979492242,0.04332687268
1918,19.180000,0.2858695909,0.04278626293,3.829598427e-06,-2.905726433e-06,-2.905726433e-06,1.11758709e-05,0,3.43559e-11,2.81923e-06,0.03826311231,-0.02901977301,0.2882326133,0.04341751005
1919,19.190000,0.2772606835,0.04245381057,3.829598427e-06,-2.905726433e-06,-2.905726433e-06,1.116842031e-05,0,3.43273e-11,2.81843e-06,0.03826311231,-0.02901977301,0.2789779829,0.04371615554
1920,19.200000,0.2689071521,0.04222432524,3.829598427e-06,-2.905726433e-06,-2.905726433e-06,1.116096973e-05,0,3.42988e-11,2.81762e-06,0.03826311231,-0.02901977301,0.270219812,0.0441638538
1921,19.210000,0.2605059966,0.04231759161,3.829598427e-06,-2.905726433e-06,-2.905726433e-06,1.115351915e-05,0,3.42703e-11,2.81682e-06,0.03826311231,-0.02901977301,0.2619832639,0.04394257403
1922,19.220000,0.253142722,0.04240752012,3.829598427e-06,-2.905726433e-06,-2.905726433e-06,1.114606857e-05,0,3.42417e-11,2.81601e-06,0.03826311231,-0.02901977301,0.254283956,0.04392813167
1923,19.230000,0.2462296858,0.04260539263,3.829598427e-06,-2.905726433e-06,-2.905726433e-06,1.113861799e-05,0,3.42132e-11,2.8152e-06,0.03826311231,-0.02901977301,0.2471278455,0.0442875086
1924,19.240000,0.239795655,0.04269456863,3.829598427e-06,-2.905726433e-06,-2.905726433e-06,1.113116741e-05,0,3.41847e-11,2.81439e-06,0.03826311231,-0.02901977301,0.2405112314,0.04419088966
1925,19.250000,0.234179534,0.04220403731,3.829598427e-06,-2.905726433e-06,-2.905726433e-06,1.112371683e-05,0,3.41561e-11,2.81358e-06,0.03826311231,-0.02901977301,0.2344208732,0.04440156299
1926,19.260000,0.2287656292,0.04238989204,3.829598427e-06,-2.905726433e-06,-2.905726433e-06,1.111626625e-05,0,3.41276e-11,2.81277e-06,0.03826311231,-0.02901977301,0.228834224,0.04453015296
1927,19.270000,0.2248263657,0.04198691994,3.829598427e-06,-2.905726433e-06,-2.905726433e-06,1.110881567e-05,0,3.40991e-11,2.81195e-06,0.03826311231,-0.02901977301,0.2237197761,0.04477661397
1928,19.280000,0.2192332372,0.04248806834,3.829598427e-06,-2.905726433e-06,-2.905726433e-06,1.110136509e-05,0,3.40705e-11,2.81114e-06,0.03826311231,-0.02901977301,0.2190375143,0.04506217366
1929,19.290000,0.2144656256,0.04247631133,3.829598427e-06,-2.905726433e-06,-2.905726433e-06,1.109391451e-05,0,3.4042e-11,2.81032e-06,0.03826311231,-0.02901977301,0.2147394712,0.04499015146
1930,19.300000,0.2111986428,0.04254754633,3.829598427e-06,-2.905726433e-06,-2.905726433e-06,1.108646393e-05,0,3.40135e-11,2.80951e-06,0.03826311231,-0.02901977301,0.2107703791,0.04481425953
1931,19.310000,0.2071440741,0.04279416054,3.829598427e-06,-2.905726433e-06,-2.905726433e-06,1.107901335e-05,0,3.39849e-11,2.80869e-06,0.03826311231,-0.02901977301,0.2070684097,0.04455245069
1932,19.320000,0.2041572854,0.04282390326,3.829598427e-06,-2.905726433e-06,-2.905726433e-06,1.107156277e-05,0,3.39564e-11,2.80787e-06,0.03826311231,-0.02901977301,0.2035659933,0.04477146164
1933,19.330000,0.2005088702,0.04320479929,3.829598427e-06,-2.905726433e-06,-2.905726433e-06,1.106411219e-05,0,3.39279e-11,2.80705e-06,0.03826311231,-0.02901977301,0.2001907084,0.04484860839
1934,19.340000,0.1975736097,0.04277759045,3.829598427e-06,-2.905726433e-06,-2.905726433e-06,1.105666161e-05,0,3.38993e-11,2.80623e-06,0.03826311231,-0.02901977301,0.19686623,0.0444219661
1935,19.350000,0.1949208826,0.0422026515,3.829598427e-06,-2.905726433e-06,-2.905726433e-06,1.104921103e-05,0,3.38708e-11,2.80541e-06,0.03826311231,-0.02901977301,0.1935133266,0.0444497947
1936,19.360000,0.1906493008,0.04289679974,3.829598427e-06,-2.905726433e-06,-2.905726433e-06,1.104176044e-05,0,3.38423e-11,2.80458e-06,0.03826311231,-0.02901977301,0.1900508945,0.04460128406
1937,19.370000,0.1869904995,0.04258099943,3.829598427e-06,-2.905726433e-06,-2.905726433e-06,1.103430986e-05,0,3.38137e-11,2.80376e-06,0.03826311231,-0.02901977301,0.1863970158,0.04438539962
1938,19.380000,0.1825782955,0.04269985855,3.829598427e-06,-2.905726433e-06,-2.905726433e-06,1.102685928e-05,0,3.37852e-11,2.80293e-06,0.03826311231,-0.02901977301,0.1824700291,0.04420449916
1939,19.390000,0.1778860241,0.04281415045,3.829598427e-06,-2.905726433e-06,-2.905726433e-06,1.10194087e-05,0,3.37567e-11,2.8021e-06,0.03826311231,-0.02901977301,0.1781896,0.04397317398
1940,19.400000,0.1733095422,0.04260651767,3.829598427e-06,-2.905726433e-06,-2.905726433e-06,1.101195812e-05,0,3.37281e-11,2.80127e-06,0.03826311231,-0.02901977301,0.1734777783,0.043944879
1941,19.410000,0.167898722,0.04264425486,3.829598427e-06,-2.905726433e-06,-2.905726433e-06,1.100450754e-05,0,3.36996e-11,2.80044e-06,0.03826311231,-0.02901977301,0.1682600305,0.0433390374
1942,19.420000,0.1614138857,0.04272518307,3.829598427e-06,-2.905726433e-06,-2.905726433e-06,1.099705696e-05,0,3.36711e-11,2.79961e-06,0.03826311231,-0.02901977301,0.1624662348,0.04319477037
1943,19.430000,0.1544818282,0.04277002066,3.829598427e-06,-2.905726433e-06,-2.905726433e-06,1.098960638e-05,0,3.36425e-11,2.79878e-06,0.03826311231,-0.02901977301,0.1560316267,0.04320532107
1944,19.440000,0.1472847536,0.04268411547,3.829598427e-06,-2.905726433e-06,-2.905726433e-06,1.09821558e-05,0,3.3614e-11,2.79795e-06,0.03826311231,-0.02901977301,0.1488976854,0.0434152988
1945,19.450000,0.1398896053,0.04233152419,3.829598427e-06,-2.905726433e-06,-2.905726433e-06,1.097470522e-05,0,3.35855e-11,2.79711e-06,0.03826311231,-0.02901977301,0.1410129482,0.04349925978
1946,19.460000,0.1299587563,0.04297495633,3.829598427e-06,-2.905726433e-06,-2.905726433e-06,1.096725464e-05,0,3.35569e-11,2.79628e-06,0.03826311231,-0.02901977301,0.1323337465,0.04313227243
1947,19.470000,0.1204657927,0.04283896089,3.829598427e-06,-2.905726433e-06,-2.905726433e-06,1.095980406e-05,0,3.35284e-11,2.79544e-06,0.03826311231,-0.02901977301,0.1228248509,0.04343077503
1948,19.480000,0.1103260517,0.04242214561,3.829598427e-06,-2.905726433e-06,-2.905726433e-06,1.095235348e-05,0,3.34999e-11,2.7946e-06,0.03826311231,-0.02901977301,0.1124600211,0.04328960625
1949,19.490000,0.09871698171,0.04251841456,3.829598427e-06,-2.905726433e-06,-2.905726433e-06,1.09449029e-05,0,3.34713e-11,2.79376e-06,0.03826311231,-0.02901977301,0.1012224521,0.04295877046
1950,19.500000,0.08616833389,0.04269346595,3.829598427e-06,-2.905726433e-06,-2.905726433e-06,1.093745232e-05,0,3.34428e-11,2.79292e-06,0.03826311231,-0.02901977301,0.08910511148,0.04315356832
1951,19.510000,0.07212631404,0.04272747785,3.829598427e-06,-2.905726433e-06,-2.905726433e-06,1.093000174e-05,0,3.34143e-11,2.79208e-06,0.03826311231,-0.02901977301,0.07611096398,0.04343337847
1952,19.520000,0.05801653117,0.04245652258,3.829598427e-06,-2.905726433e-06,-2.905726433e-06,1.092255116e-05,0,3.33857e-11,2.79124e-06,0.03826311231,-0.02901977301,0.06225308049,0.04291272613
1953,19.530000,0.04288581759,0.04244919866,3.829598427e-06,-2.905726433e-06,-2.905726433e-06,1.091510057e-05,0,3.33572e-11,2.79039e-06,0.03826311231,-0.02901977301,0.04755462949,0.04331567009
1954,19.540000,0.02683296055,0.04250202328,3.829598427e-06,-2.905726433e-06,-2.905726433e-06,1.090764999e-05,0,3.33287e-11,2.78955e-06,0.03826311231,-0.02901977301,0.0320487511,0.04299825117
1955,19.550000,0.01013892144,0.04242081195,3.829598427e-06,-2.905726433e-06,-2.905726433e-06,1.090019941e-05,0,3.33001e-11,2.7887e-06,0.03826311231,-0.02901977301,0.01577831464,0.04297643365
1956,19.560000,-0.007878921926,0.0429411009,3.829598427e-06,-2.905726433e-06,-2.905726433e-06,1.089274883e-05,0,3.32716e-11,2.78785e-06,0.03826311231,-0.02901977301,-0.001204437678,0.04357471577
1957,19.570000,-0.02516261488,0.04264006019,3.829598427e-06,-2.905726433e-06,-2.905726433e-06,1.088529825e-05,0,3.32431e-11,2.787e-06,0.03826311231,-0.02901977301,-0.01883835733,0.04324021549
1958,19.580000,-0.04330600053,0.04268611223,3.829598427e-06,-2.905726433e-06,-2.905726433e-06,1.087784767e-05,0,3.32145e-11,2.78615e-06,0.03826311231,-0.02901977301,-0.03705396109,0.04301064816
1959,19.590000,-0.06181951612,0.04243583232,3.829598427e-06,-2.905726433e-06,-2.905726433e-06,1.087039709e-05,0,3.3186e-11,2.7853e-06,0.03826311231,-0.02901977301,-0.0557741016,0.04263541421
1960,19.600000,-0.08241829276,0.04293107986,3.829598427e-06,-2.905726433e-06,-2.905726433e-06,1.086294651e-05,0,3.31575e-11,2.78445e-06,0.03826311231,-0.02901977301,-0.07491472943,0.04266448356
1961,19.610000,-0.1010435224,0.04249037802,3.829598427e-06,-2.905726433e-06,-2.905726433e-06,1.085549593e-05,0,3.31289e-11,2.78359e-06,0.03826311231,-0.02901977301,-0.0943857382,0.04256839344
1962,19.620000,-0.1203185096,0.04234462976,3.829598427e-06,-2.905726433e-06,-2.905726433e-06,1.084804535e-05,0,3.31004e-11,2.78274e-06,0.03826311231,-0.02901977301,-0.1140918833,0.04286761754
1963,19.630000,-0.1398929209,0.04202350229,3.829598427e-06,-2.905726433e-06,-2.905726433e-06,1.084059477e-05,0,3.30719e-11,2.78188e-06,0.03826311231,-0.02901977301,-0.1339337644,0.0427886319
1964,19.640000,-0.1591697037,0.04172493517,3.829598427e-06,-2.905726433e-06,-2.905726433e-06,1.083314419e-05,0,3.30433e-11,2.78102e-06,0.03826311231,-0.02901977301,-0.1538088594,0.04276765648
1965,19.650000,-0.1784520894,0.04130877554,3.829598427e-06,-2.905726433e-06,-2.905726433e-06,1.082569361e-05,0,3.30148e-11,2.78017e-06,0.03826311231,-0.02901977301,-0.1736126008,0.04262805062
1966,19.660000,-0.1979533657,0.04134789109,3.829598427e-06,-2.905726433e-06,-2.905726433e-06,1.081824303e-05,0,3.29863e-11,2.7793e-06,0.03826311231,-0.02901977301,-0.193239479,0.04334873518
1967,19.670000,-0.2171738446,0.04122662544,3.829598427e-06,-2.905726433e-06,-2.905726433e-06,1.081079245e-05,0,3.29577e-11,2.77844e-06,0.03826311231,-0.02901977301,-0.2125841636,0.04389738156
1968,19.680000,-0.2357865572,0.04121697694,3.829598427e-06,-2.905726433e-06,-2.905726433e-06,1.080334187e-05,0,3.29292e-11,2.77758e-06,0.03826311231,-0.02901977301,-0.2315426269,0.04348454147
1969,19.690000,-0.2529991642,0.04059470445,3.829598427e-06,-2.898275852e-06,-2.898275852e-06,1.079589128e-05,0,3.29439e-11,2.78149e-06,0.03826311231,-0.02894812077,-0.2500132597,0.04361241959
1970,19.700000,-0.2705200464,0.04080174863,3.829598427e-06,-2.890825272e-06,-2.890825272e-06,1.07884407e-05,0,3.29585e-11,2.78539e-06,0.03826311231,-0.02887646854,-0.2678979646,0.04344978388
1971,19.710000,-0.2876041457,0.04127347469,3.829598427e-06,-2.883374691e-06,-2.883374691e-06,1.078099012e-05,0,3.2973e-11,2.78929e-06,0.03826311231,-0.02880481631,-0.2851032157,0.043200884
1972,19.720000,-0.3042011037,0.04146311432,3.829598427e-06,-2.87592411e-06,-2.87592411e-06,1.077353954e-05,0,3.29874e-11,2.79319e-06,0.03826311231,-0.02873316407,-0.3015410724,0.04335323231
1973,19.730000,-0.3184344023,0.04102975875,3.829598427e-06,-2.86847353e-06,-2.86847353e-06,1.078099012e-05,0,3.30587e-11,2.79879e-06,0.03826311231,-0.02866150439,-0.3171301355,0.04276169031
1974,19.740000,-0.3320102692,0.04092365503,3.829598427e-06,-2.861022949e-06,-2.861022949e-06,1.07884407e-05,0,3.31299e-11,2.80437e-06,0.03826311231,-0.02858985215,-0.3317964353,0.04310448922
1975,19.750000,-0.3462224528,0.04165381938,3.829598427e-06,-2.853572369e-06,-2.853572369e-06,1.079589128e-05,0,3.32011e-11,2.80995e-06,0.03826311231,-0.02851819992,-0.3454742411,0.04314967402
1976,19.760000,-0.3580454662,0.04155230522,3.829598427e-06,-2.846121788e-06,-2.846121788e-06,1.080334187e-05,0,3.32721e-11,2.81551e-06,0.03826311231,-0.02844654769,-0.3581067831,0.04305458345
1977,19.770000,-0.36939504,0.04170031101,3.829598427e-06,-2.838671207e-06,-2.838671207e-06,1.081079245e-05,0,3.33429e-11,2.82105e-06,0.03826311231,-0.02837489545,-0.3696468786,0.04288694619
1978,19.780000,-0.3782442659,0.04121646285,3.829598427e-06,-2.838671207e-06,-2.838671207e-06,1.081824303e-05,0,3.33715e-11,2.82188e-06,0.03826311231,-0.02837489545,-0.3800574549,0.04247766858
1979,19.790000,-0.386724785,0.04140991718,3.829598427e-06,-2.838671207e-06,-2.838671207e-06,1.082569361e-05,0,3.34e-11,2.82272e-06,0.03826311231,-0.02837489545,-0.3893119634,0.0424188937
1980,19.800000,-0.3945276812,0.04158352315,3.829598427e-06,-2.838671207e-06,-2.838671207e-06,1.083314419e-05,0,3.34285e-11,2.82355e-06,0.03826311231,-0.02837489545,-0.3973946799,0.04222743782
1981,19.810000,-0.3997370079,0.04099743068,3.829598427e-06,-2.838671207e-06,-2.838671207e-06,1.084059477e-05,0,3.34571e-11,2.82438e-06,0.03826311231,-0.02837489545,-0.4043008877,0.04211965599
1982,19.820000,-0.4042900354,0.04093828797,3.829598427e-06,-2.838671207e-06,-2.838671207e-06,1.084804535e-05,0,3.34856e-11,2.82521e-06,0.03826311231,-0.02837489545,-0.4100369409,0.04210835081
1983,19.830000,-0.4086619988,0.04136819392,3.829598427e-06,-2.838671207e-06,-2.838671207e-06,1.085549593e-05,0,3.35141e-11,2.82604e-06,0.03826311231,-0.02837489545,-0.4146202076,0.0423494546
1984,19.840000,-0.4120275825,0.04123041034,3.829598427e-06,-2.838671207e-06,-2.838671207e-06,1.086294651e-05,0,3.35427e-11,2.82686e-06,0.03826311231,-0.02837489545,-0.4180788935,0.04222498646
1985,19.850000,-0.4135892987,0.04091134667,3.829598427e-06,-2.838671207e-06,-2.838671207e-06,1.087039709e-05,0,3.35712e-11,2.82769e-06,0.03826311231,-0.02837489545,-0.4204517472,0.04197336581
1986,19.860000,-0.414514713,0.04109624773,3.829598427e-06,-2.838671207e-06,-2.838671207e-06,1.087784767e-05,0,3.35997e-11,2.82851e-06,0.03826311231,-0.02837489545,-0.4217876514,0.04185217
1987,19.870000,-0.4144836366,0.04104635119,3.829598427e-06,-2.838671207e-06,-2.838671207e-06,1.088529825e-05,0,3.36283e-11,2.82934e-06,0.03826311231,-0.02837489545,-0.4221451028,0.04175623896
1988,19.880000,-0.414332591,0.04148994386,3.829598427e-06,-2.838671207e-06,-2.838671207e-06,1.089274883e-05,0,3.36568e-11,2.83016e-06,0.03826311231,-0.02837489545,-0.4215915893,0.04220868375
1989,19.890000,-0.4126190394,0.04163312912,3.829598427e-06,-2.838671207e-06,-2.838671207e-06,1.090019941e-05,0,3.36853e-11,2.83098e-06,0.03826311231,-0.02837489545,-0.4202028673,0.04161198209
1990,19.900000,-0.4100287259,0.04180742055,3.829598427e-06,-2.838671207e-06,-2.838671207e-06,1.090764999e-05,0,3.37139e-11,2.8318e-06,0.03826311231,-0.02837489545,-0.418062152,0.04182322051
1991,19.910000,-0.4073844105,0.0425125137,3.829598427e-06,-2.838671207e-06,-2.838671207e-06,1.091510057e-05,0,3.37424e-11,2.83262e-06,0.03826311231,-0.02837489545,-0.4152592249,0.04154109543
1992,19.920000,-0.4045785069,0.04297564924,3.829598427e-06,-2.838671207e-06,-2.838671207e-06,1.092255116e-05,0,3.37709e-11,2.83344e-06,0.03826311231,-0.02837489545,-0.4118894725,0.04146653827
1993,19.930000,-0.4004826546,0.04305677116,3.829598427e-06,-2.838671207e-06,-2.838671207e-06,1.093000174e-05,0,3.37995e-11,2.83425e-06,0.03826311231,-0.02837489545,-0.4080528635,0.04141027249
1994,19.940000,-0.3963980824,0.04319965094,3.829598427e-06,-2.838671207e-06,-2.838671207e-06,1.093745232e-05,0,3.3828e-11,2.83507e-06,0.03826311231,-0.02837489545,-0.4038528793,0.04094697465
1995,19.950000,-0.3918346018,0.04310632497,3.829598427e-06,-2.838671207e-06,-2.838671207e-06,1.09449029e-05,0,3.38565e-11,2.83588e-06,0.03826311231,-0.02837489545,-0.3993954062,0.04090426978
1996,19.960000,-0.3875834867,0.04345285147,3.829598427e-06,-2.838671207e-06,-2.838671207e-06,1.095235348e-05,0,3.38851e-11,2.8367e-06,0.03826311231,-0.02837489545,-0.3947876046,0.04145476395
1997,19.970000,-0.3827637658,0.04344721884,3.829598427e-06,-2.838671207e-06,-2.838671207e-06,1.095980406e-05,0,3.39136e-11,2.83751e-06,0.03826311231,-0.02837489545,-0.3901367663,0.04090060388
1998,19.980000,-0.378002651,0.04356912524,3.829598427e-06,-2.838671207e-06,-2.838671207e-06,1.096725464e-05,0,3.39421e-11,2.83832e-06,0.03826311231,-0.02837489545,-0.3855491723,0.04108397499
1999,19.990000,-0.3750435114,0.04451885819,3.829598427e-06,-2.838671207e-06,-2.838671207e-06,1.097470522e-05,0,3.39707e-11,2.83913e-06,0.03826311231,-0.02837489545,-0.3811289655,0.04148368856
