k,t,angle,bias,p00,p01,p10,p11,sym_resid,det,lambda_min,k0,k1,true_angle,true_bias
0,0.000000,0.3252166733,-0.0007865186781,9.998958558e-05,-2.4959445e-07,-2.4959445e-07,0.2499938412,0,2.49968e-05,9.99896e-05,0.9999000123,-0.002499684691,0.3321631364,0.02966706565
1,0.010000,0.3412678242,-0.1212934032,5.557201803e-05,-0.001110773534,-0.001110773534,0.2222224558,0,1.11155e-05,5.00186e-05,0.5557238199,-11.10775685,0.3419201442,0.02933050891
2,0.020000,0.3515089862,-0.1250591436,5.002506077e-05,-0.001665661111,-0.001665661111,0.1667060042,0,5.56505e-06,3.33791e-05,0.5002513314,-16.6566398,0.3508253296,0.02915111728
3,0.030000,0.3593225665,-0.08656912018,5.002506077e-05,-0.001665530726,-0.001665530726,0.1111985091,0,2.78872e-06,2.50731e-05,0.5002490049,-16.65533499,0.3588144492,0.02924680783
4,0.040000,0.3619758971,0.06060408056,4.859827459e-05,-0.001427697018,-0.001427697018,0.07154402882,0,1.4386e-06,2.00999e-05,0.4859807268,-14.27699135,0.3658309542,0.02873635328
5,0.050000,0.3614070043,0.2235422106,4.576891661e-05,-0.001162237488,-0.001162237488,0.04663573392,0,7.83671e-07,1.67937e-05,0.4576933756,-11.6223945,0.3718267185,0.02867816537
6,0.060000,0.3767031729,-0.05470511131,4.24515456e-05,-0.0009372271597,-0.0009372271597,0.03137217648,0,4.53403e-07,1.44395e-05,0.4245180376,-9.372283354,0.376762676,0.0289598765
7,0.070000,0.382094916,-0.0662005078,3.918167204e-05,-0.0007608095184,-0.0007608095184,0.02185491566,0,2.77481e-07,1.26811e-05,0.3918141238,-7.608106583,0.380609358,0.02917989197
8,0.080000,0.3831512891,-0.03030616045,3.617350012e-05,-0.0006250934675,-0.0006250934675,0.0157330893,0,1.78379e-07,1.13199e-05,0.3617314696,-6.250946641,0.3833473249,0.02876948329
9,0.090000,0.3865856901,-0.06386052072,3.348384053e-05,-0.0005204398185,-0.0005204398185,0.01166112069,0,1.19602e-07,1.0236e-05,0.3348366115,-5.204410717,0.3849674875,0.02899060667
10,0.100000,0.3863813095,-0.04260773491,3.110524267e-05,-0.0004388950765,-0.0004388950765,0.008865221404,0,8.3126e-08,9.35369e-06,0.3110515103,-4.388958752,0.385471313,0.0290045583
11,0.110000,0.3881546259,-0.07840920798,2.900790423e-05,-0.0003745192662,-0.0003745192662,0.006889540702,0,5.95865e-08,8.62331e-06,0.2900751755,-3.74519825,0.3848709138,0.02931577587
12,0.120000,0.3834440894,-0.03584643081,2.715457231e-05,-0.0003230068833,-0.0003230068833,0.005457367748,0,4.3859e-08,8.00857e-06,0.2715468118,-3.230074629,0.3831890168,0.02927022695
13,0.130000,0.3821151294,-0.04787981603,2.551265061e-05,-0.0002812510356,-0.0002812510356,0.004395507276,0,3.30389e-08,7.48581e-06,0.2551231356,-2.812514737,0.3804588148,0.02948110981
14,0.140000,0.3813669197,-0.0724091297,2.405140549e-05,-0.0002469895408,-0.0002469895408,0.003592371941,0,2.53978e-08,7.03659e-06,0.240512955,-2.469899625,0.3767237,0.02932200267
15,0.150000,0.3749250583,-0.05014482327,2.274475992e-05,-0.0002185655758,-0.0002185655758,0.002974109724,0,1.98745e-08,6.64653e-06,0.2274473691,-2.185658991,0.3720368825,0.02939313549
16,0.160000,0.3753799088,-0.09655963723,2.157129347e-05,-0.000194744207,-0.000194744207,0.002490636893,0,1.5801e-08,6.30549e-06,0.2157100495,-1.947445691,0.3664608987,0.02971306703
17,0.170000,0.3697567992,-0.09543079138,2.051237971e-05,-0.0001745959744,-0.0001745959744,0.002107224427,0,1.27404e-08,6.00473e-06,0.2051198529,-1.745961711,0.3600670134,0.02977534348
18,0.180000,0.3629125208,-0.09450207185,1.955311745e-05,-0.0001574084163,-0.0001574084163,0.001799314283,0,1.04048e-08,5.73859e-06,0.1955316467,-1.574090451,0.3529345242,0.02999140013
19,0.190000,0.354279954,-0.08177419752,1.86804682e-05,-0.0001426367089,-0.0001426367089,0.00154921785,0,8.59488e-09,5.50109e-06,0.1868008692,-1.426366448,0.3451499732,0.0300111348
20,0.200000,0.3435674123,-0.05658368953,1.78841874e-05,-0.00012984965,-0.00012984965,0.001343977638,0,7.17502e-09,5.28908e-06,0.1788404621,-1.29849571,0.3368062767,0.03001418672
21,0.210000,0.333572533,-0.03976684343,1.71540305e-05,-0.0001187091693,-0.0001187091693,0.001173969358,0,6.04644e-09,5.09807e-06,0.171541661,-1.187096372,0.3280017819,0.030542506
22,0.220000,0.323401656,-0.0323573174,1.648347825e-05,-0.0001089461148,-0.0001089461148,0.001031940803,0,5.14072e-09,4.92643e-06,0.1648336267,-1.08946377,0.3188392603,0.03073780746
23,0.230000,0.3117133193,-0.01349002589,1.586508006e-05,-0.0001003434882,-0.0001003434882,0.0009123552591,0,4.40577e-09,4.771e-06,0.158649439,-1.003439873,0.3094248505,0.03095593739
24,0.240000,0.3001543619,0.001489534974,1.529231668e-05,-9.272713214e-05,-9.272713214e-05,0.0008109416813,0,3.80286e-09,4.62857e-06,0.1529213144,-0.9272708595,0.2998669599,0.03132054147
25,0.250000,0.2903354019,0.004367875867,1.476239413e-05,-8.595082909e-05,-8.595082909e-05,0.0007243631408,0,3.30579e-09,4.49996e-06,0.1476224503,-0.8595062345,0.2902751402,0.0308684604
26,0.260000,0.2814755365,0.004899297841,1.426972449e-05,-7.989630103e-05,-7.989630103e-05,0.0006499933079,0,2.89181e-09,4.38232e-06,0.1426951755,-0.7989636362,0.2807589468,0.03105817102
27,0.270000,0.2734380625,-6.310455501e-05,1.381058246e-05,-7.446389645e-05,-7.446389645e-05,0.0005857497454,0,2.54467e-09,4.27471e-06,0.1381051382,-0.7446439564,0.2714267963,0.03153106165
28,0.280000,0.2650655471,0.00142014306,1.338124275e-05,-6.957259029e-05,-6.957259029e-05,0.0005299588665,0,2.25116e-09,4.17528e-06,0.133815201,-0.6957293302,0.2623848341,0.03155858174
29,0.290000,0.2580922954,-0.0008937558159,1.297984272e-05,-6.515346467e-05,-6.515346467e-05,0.0004812674597,0,2.0018e-09,4.08395e-06,0.1297998214,-0.6515357792,0.2537358252,0.03120582176
30,0.300000,0.2515032403,-0.003924437799,1.26035884e-05,-6.114784628e-05,-6.114784628e-05,0.0004385747015,0,1.78856e-09,3.99965e-06,0.1260387925,-0.6114814579,0.2455780804,0.03114331556
31,0.310000,0.2437291555,0.0006684651598,1.225061715e-05,-5.750451237e-05,-5.750451237e-05,0.0004009800032,0,1.60548e-09,3.92243e-06,0.1225105217,-0.575050056,0.2380044294,0.03134826957
32,0.320000,0.2369436361,0.003655839711,1.191813499e-05,-5.418248475e-05,-5.418248475e-05,0.0003677401692,0,1.44704e-09,3.85047e-06,0.1191777,-0.5418286771,0.231101253,0.03105417792
33,0.330000,0.2280389592,0.0185107803,1.16052106e-05,-5.114544183e-05,-5.114544183e-05,0.000338238664,0,1.30947e-09,3.78395e-06,0.116052391,-0.5114554018,0.2249475854,0.0315835482
34,0.340000,0.2229065895,0.02206819411,1.130905002e-05,-4.836078733e-05,-4.836078733e-05,0.0003119586036,0,1.18919e-09,3.7215e-06,0.1130953366,-0.4836122394,0.2196142948,0.03147865988
35,0.350000,0.2191177569,0.02142910194,1.103058457e-05,-4.580244422e-05,-4.580244422e-05,0.0002884706482,0,1.08414e-09,3.66464e-06,0.1103027696,-0.4580232948,0.2151633538,0.03096849217
36,0.360000,0.2163861766,0.02067053877,1.076702029e-05,-4.344433546e-05,-4.344433546e-05,0.0002674087882,0,9.91786e-10,3.61223e-06,0.1076705726,-0.4344469309,0.2116472066,0.03066032634
37,0.370000,0.2134765424,0.02404295374,1.051649451e-05,-4.12678346e-05,-4.12678346e-05,0.000248465687,0,9.09954e-10,3.56258e-06,0.1051644683,-0.4126823992,0.2091082391,0.03049017655
38,0.380000,0.2115602009,0.02609976754,1.027900726e-05,-3.925524652e-05,-3.925524652e-05,0.0002313805744,0,8.37388e-10,3.51632e-06,0.1027942114,-0.3925515562,0.2075783601,0.03042356994
39,0.390000,0.2122922875,0.02192227822,1.005362719e-05,-3.73898074e-05,-3.73898074e-05,0.0002159280702,0,7.72863e-10,3.47341e-06,0.1005319376,-0.3738973886,0.2070786955,0.03022350979
40,0.400000,0.2117173932,0.02761129849,9.839423001e-06,-3.565847874e-05,-3.565847874e-05,0.0002019153908,0,7.15204e-10,3.43317e-06,0.09839451872,-0.3565814644,0.2076194013,0.03007280427
41,0.410000,0.2130440101,0.03004648257,9.63639468e-06,-3.404729068e-05,-3.404729068e-05,0.0001891776919,0,6.63773e-10,3.39669e-06,0.09636100475,-0.3404699415,0.2091995959,0.030295565
42,0.420000,0.2154127657,0.03138359264,9.442679584e-06,-3.254506737e-05,-3.254506737e-05,0.00017757155,0,6.1757e-10,3.36273e-06,0.09442523401,-0.3254533261,0.2118074121,0.02981613177
43,0.430000,0.2185246721,0.0356576303,9.257346392e-06,-3.11434269e-05,-3.11434269e-05,0.0001669740304,0,5.75823e-10,3.33036e-06,0.09257318638,-0.311439395,0.2154201701,0.02959923005
44,0.440000,0.2238357216,0.03492471203,9.07946378e-06,-2.983398736e-05,-2.983398736e-05,0.0001572752371,0,5.37908e-10,3.29892e-06,0.09079824202,-0.298339501,0.220004667,0.02986841553
45,0.450000,0.2297683731,0.03420706186,8.909963071e-06,-2.860836685e-05,-2.860836685e-05,0.0001483801752,0,5.03623e-10,3.26985e-06,0.0891013518,-0.2860863507,0.2255175814,0.0303305498
46,0.460000,0.2355592884,0.03682631906,8.747912943e-06,-2.745911479e-05,-2.745911479e-05,0.0001402078196,0,4.72523e-10,3.24283e-06,0.08748342749,-0.2745946199,0.2319059867,0.03051829799
47,0.470000,0.2422663085,0.04021668807,8.593313396e-06,-2.638064325e-05,-2.638064325e-05,0.0001326855272,0,4.4427e-10,3.21793e-06,0.08593756612,-0.2638057768,0.2391079691,0.03066740791
48,0.480000,0.2500125803,0.03973917756,8.445233107e-06,-2.536736429e-05,-2.536736429e-05,0.000125747174,0,4.18461e-10,3.19441e-06,0.08445672318,-0.2536771297,0.247053342,0.03060026015
49,0.490000,0.2593345121,0.03947647195,8.303672075e-06,-2.441368997e-05,-2.441368997e-05,0.0001193387434,0,3.94922e-10,3.17284e-06,0.08303372376,-0.2441394776,0.2556644483,0.03036719012
50,0.500000,0.269014217,0.03929786291,8.167698979e-06,-2.351496369e-05,-2.351496369e-05,0.0001134062186,0,3.73314e-10,3.15242e-06,0.081676987,-0.2351527512,0.2648570434,0.03016283812
51,0.510000,0.2786029838,0.04079674836,8.037313819e-06,-2.266839147e-05,-2.266839147e-05,0.0001079076901,0,3.53432e-10,3.13293e-06,0.08037136681,-0.2266825438,0.2745412464,0.03007147511
52,0.520000,0.2887172438,0.04109073803,7.911585271e-06,-2.18693167e-05,-2.18693167e-05,0.0001028049737,0,3.35083e-10,3.11409e-06,0.07911731675,-0.218689695,0.2846225509,0.03009672976
53,0.530000,0.2996702492,0.04035022482,7.791444659e-06,-2.111308277e-05,-2.111308277e-05,9.806081653e-05,0,3.18273e-10,3.0974e-06,0.07791527454,-0.2111346722,0.2950028822,0.03005692309
54,0.540000,0.3101648577,0.03975273855,7.67596066e-06,-2.039782703e-05,-2.039782703e-05,9.364448488e-05,0,3.0274e-10,3.08168e-06,0.07675772347,-0.2039793283,0.3055816905,0.02971052266
55,0.550000,0.3204605132,0.04096048418,7.564201951e-06,-1.971982419e-05,-1.971982419e-05,8.952897042e-05,0,2.88344e-10,3.06662e-06,0.07564500999,-0.1972004324,0.3162570664,0.02983368425
56,0.560000,0.3303032294,0.04247981962,7.457099855e-06,-1.907721162e-05,-1.907721162e-05,8.568633348e-05,0,2.75032e-10,3.05283e-06,0.0745694926,-0.1907761991,0.3269268672,0.0301834009
57,0.570000,0.3395777829,0.04506064579,7.353723049e-06,-1.846812665e-05,-1.846812665e-05,8.209515363e-05,0,2.62633e-10,3.0394e-06,0.07353943586,-0.1846812218,0.3374898403,0.03108892053
58,0.580000,0.3489657082,0.04741379432,7.254071534e-06,-1.788977534e-05,-1.788977534e-05,7.873494178e-05,0,2.51105e-10,3.02674e-06,0.07253912836,-0.1788947284,0.3478467318,0.03058587344
59,0.590000,0.3587123267,0.04762568232,7.158145308e-06,-1.733936369e-05,-1.733936369e-05,7.558707148e-05,0,2.4041e-10,3.0153e-06,0.07158482727,-0.173398003,0.3579013682,0.0303835641
60,0.600000,0.3684439361,0.04674508609,7.065013051e-06,-1.681689173e-05,-1.681689173e-05,7.263384759e-05,0,2.30351e-10,3.00346e-06,0.07065269165,-0.1681712419,0.3675616969,0.03051780015
61,0.610000,0.3763446845,0.04873153195,6.975606084e-06,-1.631956547e-05,-1.631956547e-05,6.986130029e-05,0,2.20997e-10,2.99274e-06,0.0697589796,-0.163195461,0.3767407772,0.03062105865
62,0.620000,0.3852171153,0.04715104587,6.889924407e-06,-1.584552228e-05,-1.584552228e-05,6.725545973e-05,0,2.12304e-10,2.9834e-06,0.06889584567,-0.158456102,0.3853577078,0.03041931799
63,0.630000,0.3938631862,0.04493639432,6.806105375e-06,-1.539383084e-05,-1.539383084e-05,6.480328739e-05,0,2.04088e-10,2.97349e-06,0.06806346308,-0.1539369524,0.3933384816,0.02986875625
64,0.640000,0.3997689411,0.04595184606,6.725080311e-06,-1.496355981e-05,-1.496355981e-05,6.24936074e-05,0,1.96366e-10,2.9638e-06,0.06725390069,-0.1496316791,0.4006167588,0.02971752405
65,0.650000,0.4062846079,0.04414645676,6.647780538e-06,-1.455191523e-05,-1.455191523e-05,6.03152439e-05,0,1.89204e-10,2.95599e-06,0.06647539604,-0.1455225199,0.4071345486,0.0296724589
66,0.660000,0.4109077081,0.04511758871,6.572343409e-06,-1.41588971e-05,-1.41588971e-05,5.82607463e-05,0,1.82435e-10,2.94797e-06,0.0657281084,-0.1415929943,0.4128427931,0.02926328745
67,0.670000,0.4151107371,0.04509827029,6.499700248e-06,-1.37835741e-05,-1.37835741e-05,5.631893873e-05,0,1.76069e-10,2.94046e-06,0.06499590725,-0.1378376484,0.4177018459,0.02950422435
68,0.680000,0.4168915302,0.04702279251,6.429851055e-06,-1.342501491e-05,-1.342501491e-05,5.448330194e-05,0,1.70088e-10,2.93359e-06,0.06429517549,-0.1342460215,0.4216818414,0.02935063485
69,0.690000,0.41879851,0.04696277995,6.361864507e-06,-1.308135688e-05,-1.308135688e-05,5.274638534e-05,0,1.64443e-10,2.92702e-06,0.06361789163,-0.130811289,0.4247629497,0.02942340441
70,0.700000,0.4185616523,0.05011826288,6.295740604e-06,-1.275166869e-05,-1.275166869e-05,5.110166967e-05,0,1.59118e-10,2.92085e-06,0.06295598112,-0.1275177151,0.4269355153,0.02913875964
71,0.710000,0.4201428629,0.04871667735,6.231479347e-06,-1.243688166e-05,-1.243688166e-05,4.954263568e-05,0,1.54048e-10,2.91427e-06,0.06231770106,-0.124364689,0.4282000787,0.02917873336
72,0.720000,0.4212645926,0.04718754254,6.170012057e-06,-1.213420182e-05,-1.213420182e-05,4.806369543e-05,0,1.49315e-10,2.90923e-06,0.06170315016,-0.1213440001,0.4285672788,0.02935061867
73,0.730000,0.4192696884,0.04886796698,6.109476089e-06,-1.184362918e-05,-1.184362918e-05,4.666019231e-05,0,1.44798e-10,2.90374e-06,0.06109600328,-0.1184407324,0.4280576408,0.02937711671
74,0.740000,0.4172962792,0.04908738844,6.050802767e-06,-1.156516373e-05,-1.156516373e-05,4.532653838e-05,0,1.40509e-10,2.89835e-06,0.06051273085,-0.1156531572,0.4267012492,0.02963918558
75,0.750000,0.4159010537,0.0469566416,5.994923413e-06,-1.129787415e-05,-1.129787415e-05,4.405900836e-05,0,1.36488e-10,2.89417e-06,0.05994519405,-0.1129827201,0.4245373122,0.02961350435
76,0.760000,0.4126118235,0.04580996744,5.939975381e-06,-1.104082912e-05,-1.104082912e-05,4.285294563e-05,0,1.32646e-10,2.88968e-06,0.05940169096,-0.1104112864,0.4216136213,0.02971158825
77,0.770000,0.4079962038,0.04564407188,5.887821317e-06,-1.079402864e-05,-1.079402864e-05,4.170555621e-05,0,1.29044e-10,2.88644e-06,0.05887405667,-0.1079401523,0.4179859139,0.02999334309
78,0.780000,0.4045390002,0.04434726201,5.836598575e-06,-1.055654138e-05,-1.055654138e-05,4.061218351e-05,0,1.25596e-10,2.88291e-06,0.05836234614,-0.1055696309,0.4137171447,0.02961872399
79,0.790000,0.400336653,0.04266805016,5.786307156e-06,-1.032836735e-05,-1.032836735e-05,3.956910223e-05,0,1.22284e-10,2.87885e-06,0.05786661245,-0.1032824665,0.4088766766,0.02983150548
80,0.800000,0.3949109726,0.04259772133,5.737878382e-06,-1.010857522e-05,-1.010857522e-05,3.857538104e-05,0,1.19158e-10,2.87558e-06,0.05737863202,-0.1010885835,0.4035393989,0.03005978299
81,0.810000,0.3895345666,0.04171385616,5.691312253e-06,-9.897165e-06,-9.897165e-06,3.762729466e-05,0,1.16195e-10,2.87286e-06,0.05691499636,-0.09896884859,0.3977847847,0.02968847557
82,0.820000,0.3835455291,0.04057563469,5.644746125e-06,-9.693205357e-06,-9.693205357e-06,3.672204912e-05,0,1.13328e-10,2.86925e-06,0.05645090435,-0.09693491459,0.3916958964,0.02964365034
83,0.830000,0.377598457,0.03917882778,5.600042641e-06,-9.496696293e-06,-9.496696293e-06,3.585591912e-05,0,1.10607e-10,2.86624e-06,0.05600295402,-0.09496764839,0.3853583539,0.0296248173
84,0.840000,0.37182514,0.03758611251,5.557201803e-06,-9.307637811e-06,-9.307637811e-06,3.502890468e-05,0,1.08031e-10,2.86384e-06,0.05557119194,-0.09307603538,0.3788592744,0.02974246906
85,0.850000,0.3656897917,0.03729829285,5.515292287e-06,-9.125098586e-06,-9.125098586e-06,3.423821181e-05,0,1.05566e-10,2.8615e-06,0.05515566468,-0.0912514776,0.372286199,0.02961541682
86,0.860000,0.3588022627,0.03707698267,5.475245416e-06,-8.949078619e-06,-8.949078619e-06,3.348104656e-05,0,1.03231e-10,2.85987e-06,0.05474809185,-0.08949495852,0.3657260166,0.02962357009
87,0.870000,0.351689145,0.0380947981,5.436129868e-06,-8.778646588e-06,-8.778646588e-06,3.275647759e-05,0,1.01004e-10,2.85854e-06,0.05435682461,-0.08778820932,0.3592638981,0.02917756938
88,0.880000,0.3465253823,0.03716468811,5.39701432e-06,-8.614733815e-06,-8.614733815e-06,3.206264228e-05,0,9.88289e-11,2.85603e-06,0.0539735686,-0.08614978194,0.352982255,0.02902882538
89,0.890000,0.3407242522,0.0376033457,5.358830094e-06,-8.456408978e-06,-8.456408978e-06,3.139767796e-05,0,9.6744e-11,2.85356e-06,0.05359000154,-0.08456291258,0.346959731,0.02919356991
90,0.900000,0.3344630785,0.03831366636,5.322508514e-06,-8.303672075e-06,-8.303672075e-06,3.075972199e-05,0,9.47679e-11,2.85185e-06,0.05322282016,-0.08303500712,0.3412702428,0.02886998371
91,0.910000,0.3300240636,0.03743487969,5.286186934e-06,-8.155591786e-06,-8.155591786e-06,3.014784306e-05,0,9.28535e-11,2.84963e-06,0.05286370777,-0.08155812323,0.335982077,0.02898630354
92,0.920000,0.3257679157,0.03708532453,5.251727998e-06,-8.013099432e-06,-8.013099432e-06,2.95592472e-05,0,9.10274e-11,2.84789e-06,0.05252104532,-0.08013164997,0.3311570568,0.02925020996
93,0.930000,0.3222092465,0.0361672435,5.218200386e-06,-7.875263691e-06,-7.875263691e-06,2.899486572e-05,0,8.92812e-11,2.84637e-06,0.05217813514,-0.07874828577,0.3268497867,0.02856828895
94,0.940000,0.3184092268,0.03614110034,5.185604095e-06,-7.74115324e-06,-7.74115324e-06,2.845190465e-05,0,8.76149e-11,2.84536e-06,0.05186009314,-0.07741485536,0.3231069838,0.02880345453
95,0.950000,0.3152421229,0.03588007763,5.153007805e-06,-7.611699402e-06,-7.611699402e-06,2.793129534e-05,0,8.59922e-11,2.84359e-06,0.05153346062,-0.07611653209,0.3199669047,0.02948967284
96,0.960000,0.3137414381,0.03531959932,5.12227416e-06,-7.486902177e-06,-7.486902177e-06,2.743117511e-05,0,8.44563e-11,2.84261e-06,0.05122337025,-0.07486900687,0.3174588739,0.0292951135
97,0.970000,0.3120272458,0.03509800695,5.091540515e-06,-7.366761565e-06,-7.366761565e-06,2.694968134e-05,0,8.29462e-11,2.84056e-06,0.05091307685,-0.07366485894,0.3156029192,0.02975300711
98,0.980000,0.310966108,0.03525607567,5.061738193e-06,-7.249414921e-06,-7.249414921e-06,2.648681402e-05,0,8.15153e-11,2.83934e-06,0.05061936844,-0.0724940151,0.3144095184,0.02971930596
99,0.990000,0.3101969436,0.03592405654,5.033798516e-06,-7.135793567e-06,-7.135793567e-06,2.604071051e-05,0,8.01641e-11,2.83914e-06,0.05033387896,-0.07135719061,0.3138794611,0.0295360107
100,1.000000,0.3109836951,0.03591161873,5.005858839e-06,-7.025897503e-06,-7.025897503e-06,2.56113708e-05,0,7.88437e-11,2.83825e-06,0.05005662143,-0.07026328146,0.3140038261,0.02924520196
101,1.010000,0.3125721477,0.03501624428,4.977919161e-06,-6.919726729e-06,-6.919726729e-06,2.519786358e-05,0,7.75503e-11,2.8366e-06,0.04977920186,-0.06919530034,0.314764076,0.02936015258
102,1.020000,0.3146231472,0.03520956729,4.950910807e-06,-6.817281246e-06,-6.817281246e-06,2.479925752e-05,0,7.63036e-11,2.83496e-06,0.0495100338,-0.06817035377,0.3161322663,0.02976020741
103,1.030000,0.3167152666,0.03491889592,4.924833775e-06,-6.716698408e-06,-6.716698408e-06,2.441368997e-05,0,7.51193e-11,2.83423e-06,0.04924913216,-0.06717078388,0.3180713694,0.02997698869
104,1.040000,0.3199885823,0.03377168905,4.899688065e-06,-6.61984086e-06,-6.61984086e-06,2.404302359e-05,0,7.3981e-11,2.83352e-06,0.04899650998,-0.06619666517,0.3205357065,0.03035452531
105,1.050000,0.3229870386,0.03401042428,4.875473678e-06,-6.52577728e-06,-6.52577728e-06,2.36844644e-05,0,7.28872e-11,2.83312e-06,0.04875218123,-0.06525687873,0.3234714853,0.03015932868
106,1.060000,0.3271900825,0.03331579361,4.851259291e-06,-6.434507668e-06,-6.434507668e-06,2.334080637e-05,0,7.18294e-11,2.83243e-06,0.04851615895,-0.06434261799,0.3268174359,0.0299855635
107,1.070000,0.3311739713,0.03318280447,4.827976227e-06,-6.346032023e-06,-6.346032023e-06,2.300832421e-05,0,7.08115e-11,2.83197e-06,0.04828001838,-0.06346336007,0.3305055385,0.02998107597
108,1.080000,0.335387174,0.03254809789,4.805624485e-06,-6.260350347e-06,-6.260350347e-06,2.268701792e-05,0,6.98333e-11,2.83174e-06,0.04805220105,-0.06260085106,0.3344618335,0.03012516091
109,1.090000,0.3401722573,0.03221571539,4.783272743e-06,-6.177462637e-06,-6.177462637e-06,2.237781882e-05,0,6.88782e-11,2.83098e-06,0.04783271812,-0.06177283823,0.338607306,0.02993434437
110,1.100000,0.3438934982,0.03256415389,4.760921001e-06,-6.096437573e-06,-6.096437573e-06,2.207793295e-05,0,6.79447e-11,2.82999e-06,0.04761313461,-0.06096220016,0.3428588336,0.03019245721
111,1.110000,0.3478965387,0.03262717277,4.739500582e-06,-6.018206477e-06,-6.018206477e-06,2.178829163e-05,0,6.70468e-11,2.82914e-06,0.04739344865,-0.06017778814,0.3471301872,0.03021871037
112,1.120000,0.3508313186,0.03397648223,4.719011486e-06,-5.941838026e-06,-5.941838026e-06,2.150796354e-05,0,6.61909e-11,2.8289e-06,0.04719057214,-0.05941858888,0.3513330729,0.02989711366
113,1.130000,0.3548464328,0.03331710119,4.698522389e-06,-5.86733222e-06,-5.86733222e-06,2.123694867e-05,0,6.53567e-11,2.82843e-06,0.04698760994,-0.05867682397,0.3553782034,0.03003067795
114,1.140000,0.3590205424,0.03261318058,4.678033292e-06,-5.795620382e-06,-5.795620382e-06,2.097617835e-05,0,6.4538e-11,2.82728e-06,0.0467845602,-0.05795249343,0.3591763867,0.02945129592
115,1.150000,0.3621683195,0.03270860575,4.658475518e-06,-5.725771189e-06,-5.725771189e-06,2.072285861e-05,0,6.37525e-11,2.82656e-06,0.04658142384,-0.05725447834,0.3626396181,0.0297335211
116,1.160000,0.365958266,0.03168672696,4.639849067e-06,-5.657784641e-06,-5.657784641e-06,2.047885209e-05,0,6.30083e-11,2.82647e-06,0.04639513977,-0.05658182502,0.3656821658,0.02989282332
117,1.170000,0.3681470938,0.03174031526,4.622153938e-06,-5.591660738e-06,-5.591660738e-06,2.024136484e-05,0,6.2292e-11,2.82673e-06,0.04621725529,-0.05591727793,0.3682216341,0.02994208306
118,1.180000,0.3705172464,0.03109904286,4.603527486e-06,-5.52739948e-06,-5.52739948e-06,2.001132816e-05,0,6.15706e-11,2.82575e-06,0.0460393047,-0.05527026951,0.3701799948,0.02972002146
119,1.190000,0.3715344593,0.03141725808,4.584901035e-06,-5.465000868e-06,-5.465000868e-06,1.978874207e-05,0,6.08632e-11,2.82437e-06,0.04585280921,-0.05465014279,0.3714845732,0.02960536462
120,1.200000,0.3726583682,0.03040775564,4.568137228e-06,-5.403533578e-06,-5.403533578e-06,1.957267523e-05,0,6.02125e-11,2.82475e-06,0.0456832042,-0.05403771996,0.3720689778,0.02966148656
121,1.210000,0.3724500388,0.03048193175,4.551373422e-06,-5.343928933e-06,-5.343928933e-06,1.936499029e-05,0,5.95797e-11,2.82482e-06,0.04551353864,-0.05344285071,0.3718739628,0.02950889907
122,1.220000,0.3705885671,0.03033785056,4.534609616e-06,-5.286186934e-06,-5.286186934e-06,1.91628933e-05,0,5.89525e-11,2.82432e-06,0.04534381256,-0.05286554992,0.3708482129,0.02958277313
123,1.230000,0.3678297438,0.03042928316,4.518777132e-06,-5.230307579e-06,-5.230307579e-06,1.896638423e-05,0,5.83487e-11,2.82409e-06,0.04519100767,-0.05230490863,0.3689490428,0.02972421879
124,1.240000,0.3644822054,0.02981734741,4.502944648e-06,-5.17629087e-06,-5.17629087e-06,1.877732575e-05,0,5.77593e-11,2.82348e-06,0.04502966069,-0.05176232755,0.3661430006,0.02950220149
125,1.250000,0.3612147942,0.02887389716,4.48897481e-06,-5.123205483e-06,-5.123205483e-06,1.859292388e-05,0,5.72159e-11,2.82444e-06,0.04488525167,-0.05123643577,0.3624063705,0.02995564238
126,1.260000,0.3557064012,0.02913154382,4.474073648e-06,-5.071982741e-06,-5.071982741e-06,1.841410995e-05,0,5.66611e-11,2.82399e-06,0.04474079888,-0.05071929097,0.3577255667,0.03044337086
127,1.270000,0.3500861675,0.02866721246,4.459172487e-06,-5.021691322e-06,-5.021691322e-06,1.824181527e-05,0,5.6126e-11,2.82361e-06,0.04458780121,-0.05022022128,0.3520974154,0.03048923589
128,1.280000,0.3424653187,0.02884715144,4.445202649e-06,-4.973262548e-06,-4.973262548e-06,1.807324588e-05,0,5.56059e-11,2.82333e-06,0.04445176199,-0.0497290194,0.3455293204,0.03069977058
129,1.290000,0.3355606347,0.02767108753,4.430301487e-06,-4.925765097e-06,-4.925765097e-06,1.790933311e-05,0,5.50806e-11,2.82211e-06,0.04430717789,-0.04925590754,0.3380393102,0.03019566112
130,1.300000,0.3270861283,0.02708189841,4.417262971e-06,-4.879198968e-06,-4.879198968e-06,1.775193959e-05,0,5.46084e-11,2.82264e-06,0.04417105857,-0.04879112542,0.3296559659,0.02996119898
131,1.310000,0.3177298643,0.02656255011,4.403293133e-06,-4.834495485e-06,-4.834495485e-06,1.759734005e-05,0,5.41139e-11,2.8215e-06,0.04403490014,-0.04834401608,0.3204182309,0.02984899169
132,1.320000,0.3074585684,0.02694765758,4.390254617e-06,-4.790723324e-06,-4.790723324e-06,1.744646579e-05,0,5.36434e-11,2.821e-06,0.04390721675,-0.04790525138,0.3103751029,0.03062259943
133,1.330000,0.2965402715,0.02690864354,4.377216101e-06,-4.747882485e-06,-4.747882485e-06,1.730117947e-05,0,5.31886e-11,2.82049e-06,0.04377098382,-0.04747571051,0.2995852131,0.03087658284
134,1.340000,0.2835062668,0.02780449856,4.365108907e-06,-4.70597297e-06,-4.70597297e-06,1.715961844e-05,0,5.27574e-11,2.82064e-06,0.04365174752,-0.04706300795,0.2881162954,0.03102885063
135,1.350000,0.2720081583,0.02674411889,4.353001714e-06,-4.664994776e-06,-4.664994776e-06,1.702364534e-05,0,5.23418e-11,2.82076e-06,0.04353248235,-0.04665021598,0.2760445525,0.03061836804
136,1.360000,0.2598807029,0.02618065011,4.34089452e-06,-4.625879228e-06,-4.625879228e-06,1.689046621e-05,0,5.1921e-11,2.82006e-06,0.04341318738,-0.0462551266,0.2634539257,0.03045946799
137,1.370000,0.247428637,0.02515644673,4.329718649e-06,-4.58676368e-06,-4.58676368e-06,1.676101238e-05,0,5.15321e-11,2.82056e-06,0.04329386167,-0.0458688587,0.2504352752,0.03066641656
138,1.380000,0.2332377918,0.02565485425,4.318542778e-06,-4.549510777e-06,-4.549510777e-06,1.663528383e-05,0,5.11421e-11,2.82031e-06,0.04318303335,-0.04549099505,0.2370854813,0.03061366863
139,1.390000,0.2200805247,0.02508705575,4.30829823e-06,-4.513189197e-06,-4.513189197e-06,1.651234925e-05,0,5.07712e-11,2.82062e-06,0.04308070708,-0.04513047636,0.2235064759,0.03053155256
140,1.400000,0.206698291,0.02460159641,4.297122359e-06,-4.476867616e-06,-4.476867616e-06,1.639313996e-05,0,5.0401e-11,2.82045e-06,0.0429698294,-0.04477027059,0.209804215,0.03069929315
141,1.410000,0.1928398944,0.02427578438,4.286877811e-06,-4.441477358e-06,-4.441477358e-06,1.627858728e-05,0,5.00576e-11,2.82103e-06,0.04286745749,-0.04441849887,0.1960876029,0.03085350741
142,1.420000,0.1794827878,0.02460903674,4.276633263e-06,-4.407949746e-06,-4.407949746e-06,1.616589725e-05,0,4.97056e-11,2.82068e-06,0.04276506416,-0.04407556355,0.1824673814,0.0311353281
143,1.430000,0.1660115719,0.02492336091,4.266388714e-06,-4.375353456e-06,-4.375353456e-06,1.605600119e-05,0,4.93574e-11,2.82005e-06,0.04266264848,-0.04375039041,0.1690549954,0.03093803974
144,1.440000,0.1532318853,0.02464044932,4.257075489e-06,-4.342757165e-06,-4.342757165e-06,1.594983041e-05,0,4.90401e-11,2.82062e-06,0.04256874882,-0.04342475533,0.1559614473,0.03133168568
145,1.450000,0.1414278224,0.02433786262,4.247762263e-06,-4.311092198e-06,-4.311092198e-06,1.584738493e-05,0,4.87304e-11,2.821e-06,0.04247482959,-0.04310798645,0.1432961539,0.03206144065
146,1.460000,0.1298581623,0.02409415878,4.238449037e-06,-4.280358553e-06,-4.280358553e-06,1.574773341e-05,0,4.84245e-11,2.82111e-06,0.04238089267,-0.04280006886,0.1311658172,0.03162406575
147,1.470000,0.1187145747,0.02380397543,4.229135811e-06,-4.249624908e-06,-4.249624908e-06,1.564901322e-05,0,4.81225e-11,2.8213e-06,0.04229548015,-0.04250063002,0.1196733234,0.03156823038
148,1.480000,0.1075399593,0.02456820756,4.219822586e-06,-4.219822586e-06,-4.219822586e-06,1.555215567e-05,0,4.78204e-11,2.82112e-06,0.04220150784,-0.04220150411,0.1089166808,0.03105614024
149,1.490000,0.09814228117,0.02418525238,4.21050936e-06,-4.190951586e-06,-4.190951586e-06,1.545902342e-05,0,4.75263e-11,2.82076e-06,0.0421075169,-0.04191125929,0.09898800861,0.03081487718
150,1.500000,0.08996627107,0.02362131886,4.202127457e-06,-4.163011909e-06,-4.163011909e-06,1.536868513e-05,0,4.72505e-11,2.82095e-06,0.04202205501,-0.04162949324,0.08997258888,0.03084051152
151,1.510000,0.08262491599,0.02347840089,4.193745553e-06,-4.136003554e-06,-4.136003554e-06,1.528020948e-05,0,4.69748e-11,2.82077e-06,0.0419365773,-0.04135660827,0.08194799153,0.03086657375
152,1.520000,0.07761923969,0.02259329613,4.18536365e-06,-4.108995199e-06,-4.108995199e-06,1.51945278e-05,0,4.67108e-11,2.82087e-06,0.04185108468,-0.0410925895,0.07498328177,0.03007374084
153,1.530000,0.07377441972,0.02194204554,4.176981747e-06,-4.082918167e-06,-4.082918167e-06,1.511070877e-05,0,4.64469e-11,2.82059e-06,0.04177412856,-0.04082816839,0.06913831935,0.03043969226
154,1.540000,0.069609873,0.02227900364,4.168599844e-06,-4.056841135e-06,-4.056841135e-06,1.503061503e-05,0,4.61987e-11,2.82068e-06,0.04168860707,-0.04057298601,0.06446315713,0.03062835036
155,1.550000,0.06663804129,0.02267381083,4.161149263e-06,-4.031695426e-06,-4.031695426e-06,1.495238394e-05,0,4.59645e-11,2.82124e-06,0.04161162488,-0.04031740129,0.06099754555,0.03060484605
156,1.560000,0.06540076435,0.02310706023,4.153698683e-06,-4.008412361e-06,-4.008412361e-06,1.487508416e-05,0,4.57192e-11,2.82078e-06,0.04153462965,-0.04007962346,0.05877054866,0.03049035599
157,1.570000,0.06439012662,0.0236429302,4.146248102e-06,-3.985129297e-06,-3.985129297e-06,1.479964703e-05,0,4.54818e-11,2.82051e-06,0.04146618024,-0.039850384,0.05780027561,0.03010071029
158,1.580000,0.06631331146,0.02315489668,4.138797522e-06,-3.961846232e-06,-3.961846232e-06,1.472607255e-05,0,4.5252e-11,2.82041e-06,0.04138916172,-0.03962145746,0.0580937308,0.03027510922
159,1.590000,0.06873864681,0.02338394523,4.132278264e-06,-3.939494491e-06,-3.939494491e-06,1.465436071e-05,0,4.50363e-11,2.82079e-06,0.04132069089,-0.03939215839,0.059646784,0.03017452982
160,1.600000,0.07257096097,0.02321147546,4.124827683e-06,-3.917142749e-06,-3.917142749e-06,1.458451152e-05,0,4.48146e-11,2.82051e-06,0.0412522098,-0.03917174041,0.06244426072,0.02988522363
161,1.610000,0.07697099447,0.02336724568,4.118308425e-06,-3.89572233e-06,-3.89572233e-06,1.451652497e-05,0,4.46069e-11,2.8207e-06,0.04118371941,-0.03896023333,0.06646015173,0.03001597748
162,1.620000,0.08179965988,0.02433558088,4.111789167e-06,-3.875233233e-06,-3.875233233e-06,1.445040107e-05,0,4.43996e-11,2.82051e-06,0.04111521877,-0.03874868155,0.07165793918,0.03020016846
163,1.630000,0.08747278154,0.0252016075,4.105269909e-06,-3.854744136e-06,-3.854744136e-06,1.438707113e-05,0,4.42038e-11,2.8206e-06,0.04105527326,-0.03854569793,0.0779910355,0.02999634961
164,1.640000,0.09481045231,0.02559567057,4.098750651e-06,-3.83425504e-06,-3.83425504e-06,1.43237412e-05,0,4.40079e-11,2.8207e-06,0.04098675493,-0.03834302723,0.08540333006,0.03036988451
165,1.650000,0.1028861105,0.02671085019,4.092231393e-06,-3.814697266e-06,-3.814697266e-06,1.426227391e-05,0,4.38126e-11,2.82042e-06,0.04092679266,-0.03814890981,0.09382983723,0.0302789685
166,1.660000,0.1115671284,0.02774518449,4.085712135e-06,-3.795139492e-06,-3.795139492e-06,1.420360059e-05,0,4.36287e-11,2.82042e-06,0.0408582557,-0.03795512021,0.1031974385,0.03062185134
167,1.670000,0.1221597008,0.0278796982,4.080124199e-06,-3.777444363e-06,-3.777444363e-06,1.414399594e-05,0,4.34402e-11,2.82004e-06,0.04079827759,-0.03776989877,0.1134257101,0.03021727748
168,1.680000,0.1323696263,0.0288429521,4.074536264e-06,-3.759749234e-06,-3.759749234e-06,1.408718526e-05,0,4.3263e-11,2.81995e-06,0.04074686207,-0.03759324551,0.1244278268,0.03072590632
169,1.690000,0.1446684338,0.02858034894,4.068948328e-06,-3.742054105e-06,-3.742054105e-06,1.403037459e-05,0,4.30859e-11,2.81986e-06,0.04068686999,-0.03741690516,0.1361115313,0.03082537784
170,1.700000,0.1574626975,0.02899304684,4.063360393e-06,-3.725290298e-06,-3.725290298e-06,1.397635788e-05,0,4.29132e-11,2.81948e-06,0.04063544236,-0.03724916279,0.1483801588,0.03032464122
171,1.710000,0.1702145115,0.02952317614,4.057772458e-06,-3.708526492e-06,-3.708526492e-06,1.392327249e-05,0,4.27443e-11,2.8192e-06,0.04057543632,-0.03708171844,0.1611337046,0.0302527954
172,1.720000,0.1833888069,0.03016417008,4.052184522e-06,-3.691762686e-06,-3.691762686e-06,1.387204975e-05,0,4.2583e-11,2.81911e-06,0.04052399751,-0.03691391647,0.1742699223,0.03035679654
173,1.730000,0.196730312,0.03041449375,4.047527909e-06,-3.675930202e-06,-3.675930202e-06,1.382175833e-05,0,4.24315e-11,2.81939e-06,0.04047255218,-0.03675504029,0.1876854415,0.03045175994
174,1.740000,0.2096181996,0.03082343843,4.041939974e-06,-3.659166396e-06,-3.659166396e-06,1.377239823e-05,0,4.22777e-11,2.81948e-06,0.04042110126,-0.03659614921,0.2012768907,0.02976213069
175,1.750000,0.2227753997,0.03123877663,4.037283361e-06,-3.643333912e-06,-3.643333912e-06,1.372396946e-05,0,4.21337e-11,2.81995e-06,0.04036964569,-0.03643724322,0.2149420144,0.02995330151
176,1.760000,0.2359940857,0.03147809487,4.032626748e-06,-3.627501428e-06,-3.627501428e-06,1.367740333e-05,0,4.19971e-11,2.8206e-06,0.04032676108,-0.03627799451,0.2285807698,0.02947979593
177,1.770000,0.2492591999,0.03157630283,4.027970135e-06,-3.612600267e-06,-3.612600267e-06,1.363176852e-05,0,4.18575e-11,2.82078e-06,0.04027529527,-0.03612799942,0.2420963931,0.02963149332
178,1.780000,0.261301212,0.03251622804,4.023313522e-06,-3.597699106e-06,-3.597699106e-06,1.358706504e-05,0,4.17216e-11,2.82106e-06,0.04023240227,-0.03597764671,0.2553964211,0.02931688932
179,1.790000,0.2738937326,0.03276075516,4.018656909e-06,-3.583729267e-06,-3.583729267e-06,1.354329288e-05,0,4.15827e-11,2.82088e-06,0.04018950555,-0.03583623469,0.2683936587,0.0288162887
180,1.800000,0.286194019,0.03255862091,4.014000297e-06,-3.569759429e-06,-3.569759429e-06,1.350045204e-05,0,4.14476e-11,2.82078e-06,0.04013802484,-0.03569513559,0.28100708,0.02886517019
181,1.810000,0.2989201993,0.03175012115,4.009343684e-06,-3.556720912e-06,-3.556720912e-06,1.346040517e-05,0,4.13171e-11,2.82041e-06,0.04009511974,-0.03556263447,0.2931626532,0.0286313435
182,1.820000,0.3096310347,0.03193696868,4.005618393e-06,-3.543682396e-06,-3.543682396e-06,1.342128962e-05,0,4.12029e-11,2.82097e-06,0.04005221091,-0.03543905914,0.3047940812,0.0286504842
183,1.830000,0.3204901591,0.03181055654,4.000961781e-06,-3.53064388e-06,-3.53064388e-06,1.33831054e-05,0,4.10798e-11,2.82078e-06,0.04000929836,-0.03530652821,0.3158434481,0.02863176277
184,1.840000,0.3306066543,0.03175313771,3.996305168e-06,-3.518536687e-06,-3.518536687e-06,1.334585249e-05,0,4.0954e-11,2.82013e-06,0.03996638209,-0.03518293798,0.3262617657,0.02827629965
185,1.850000,0.3405642658,0.03152870759,3.992579877e-06,-3.505498171e-06,-3.505498171e-06,1.330953091e-05,0,4.08508e-11,2.82097e-06,0.03992346115,-0.03505933285,0.3360094136,0.02854141
186,1.860000,0.3494438976,0.03148791008,3.988854587e-06,-3.493390977e-06,-3.493390977e-06,1.327320933e-05,0,4.07411e-11,2.82125e-06,0.03988912236,-0.03493539989,0.3450564676,0.0286386969
187,1.870000,0.3568368442,0.03153422289,3.985129297e-06,-3.482215106e-06,-3.482215106e-06,1.323595643e-05,0,4.06212e-11,2.82087e-06,0.03985478077,-0.03482039273,0.3533829148,0.02879363388
188,1.880000,0.3648682311,0.03136626258,3.981404006e-06,-3.470107913e-06,-3.470107913e-06,1.319963485e-05,0,4.05114e-11,2.82115e-06,0.03981185053,-0.03470569849,0.3609787502,0.02834716422
189,1.890000,0.3708739504,0.0315718269,3.977678716e-06,-3.458932042e-06,-3.458932042e-06,1.316424459e-05,0,4.03989e-11,2.82097e-06,0.03977750335,-0.03459069133,0.3678439575,0.02863102967
190,1.900000,0.3762914948,0.03164607938,3.973953426e-06,-3.447756171e-06,-3.447756171e-06,1.313071698e-05,0,4.02938e-11,2.82097e-06,0.03974315431,-0.03447566926,0.3739883716,0.0290507475
191,1.910000,0.3801954985,0.0323401941,3.970228136e-06,-3.4365803e-06,-3.4365803e-06,1.309812069e-05,0,4.01924e-11,2.82106e-06,0.03970021382,-0.03436988592,0.3794314266,0.02918732878
192,1.920000,0.3844955079,0.03236829676,3.966502845e-06,-3.426335752e-06,-3.426335752e-06,1.306645572e-05,0,4.00884e-11,2.82069e-06,0.03966585919,-0.03426378965,0.3842017919,0.02965226936
193,1.930000,0.3888410442,0.03170447703,3.962777555e-06,-3.416091204e-06,-3.416091204e-06,1.303572208e-05,0,3.9988e-11,2.82041e-06,0.03963150084,-0.03415767848,0.3883369006,0.03011636534
194,1.940000,0.392261453,0.03166983277,3.959983587e-06,-3.405846655e-06,-3.405846655e-06,1.300498843e-05,0,3.98997e-11,2.82097e-06,0.03959714156,-0.03406052291,0.3918823765,0.03016227488
195,1.950000,0.3952674679,0.03167826589,3.95718962e-06,-3.39653343e-06,-3.39653343e-06,1.297518611e-05,0,3.98088e-11,2.82106e-06,0.03957137,-0.03396303952,0.394891366,0.02990836501
196,1.960000,0.3978115171,0.03150377888,3.953464329e-06,-3.386288881e-06,-3.386288881e-06,1.294631511e-05,0,3.97158e-11,2.82096e-06,0.03953700513,-0.03386585414,0.397423783,0.02977397408
197,1.970000,0.4000293873,0.03151808307,3.950670362e-06,-3.376975656e-06,-3.376975656e-06,1.291837543e-05,0,3.96323e-11,2.82124e-06,0.03950263932,-0.03376866877,0.3995454766,0.03016706149
198,1.980000,0.4016670696,0.03172456753,3.947876394e-06,-3.36766243e-06,-3.36766243e-06,1.289043576e-05,0,3.95487e-11,2.82152e-06,0.03947686218,-0.03368012607,0.4013273297,0.03031496999
199,1.990000,0.4020687565,0.03165341634,3.945082426e-06,-3.358349204e-06,-3.358349204e-06,1.28634274e-05,0,3.94688e-11,2.8219e-06,0.0394510841,-0.03358262777,0.4028443011,0.03046448586
200,2.000000,0.4039111435,0.03114666883,3.941357136e-06,-3.349035978e-06,-3.349035978e-06,1.283735037e-05,0,3.93805e-11,2.82153e-06,0.03941671178,-0.0334943682,0.4041744204,0.03000690024
201,2.010000,0.4042747319,0.03164177574,3.938563168e-06,-3.340654075e-06,-3.340654075e-06,1.281127334e-05,0,3.9298e-11,2.82143e-06,0.03938233573,-0.03340609372,0.4053977496,0.03027025516
202,2.020000,0.4054606408,0.03173463885,3.9357692e-06,-3.332272172e-06,-3.332272172e-06,1.278612763e-05,0,3.92192e-11,2.82143e-06,0.039356553,-0.03332647681,0.4065953216,0.03018695865
203,2.030000,0.4071640857,0.03166385461,3.932975233e-06,-3.323890269e-06,-3.323890269e-06,1.276284456e-05,0,3.91477e-11,2.82162e-06,0.0393307684,-0.03323790431,0.4078480694,0.02994976333
204,2.040000,0.4084010683,0.03124066908,3.930181265e-06,-3.315508366e-06,-3.315508366e-06,1.273863018e-05,0,3.90725e-11,2.82171e-06,0.03930498287,-0.0331582725,0.409235758,0.02981297883
205,2.050000,0.4102696218,0.03129396494,3.92831862e-06,-3.308057785e-06,-3.308057785e-06,1.271534711e-05,0,3.90067e-11,2.82218e-06,0.03927919548,-0.0330786258,0.4108359312,0.03005919806
206,2.060000,0.4117650241,0.0319220284,3.926455975e-06,-3.300607204e-06,-3.300607204e-06,1.269206405e-05,0,3.89408e-11,2.82264e-06,0.03926200327,-0.03300763667,0.4127228869,0.03001296982
207,2.070000,0.4142937809,0.03172461409,3.923662007e-06,-3.293156624e-06,-3.293156624e-06,1.266971231e-05,0,3.88668e-11,2.82236e-06,0.03923621401,-0.03292798996,0.4149666906,0.02955676021
208,2.080000,0.4179558903,0.03124255408,3.920868039e-06,-3.285706043e-06,-3.285706043e-06,1.264736056e-05,0,3.87928e-11,2.82208e-06,0.0392104229,-0.03285729885,0.4176322419,0.02987017045
209,2.090000,0.4214870147,0.03164927475,3.918074071e-06,-3.278255463e-06,-3.278255463e-06,1.262594014e-05,0,3.87224e-11,2.8219e-06,0.03918463085,-0.03278659284,0.4207784011,0.02965939403
210,2.100000,0.4261183664,0.03143436927,3.916211426e-06,-3.271736205e-06,-3.271736205e-06,1.260451972e-05,0,3.86577e-11,2.82199e-06,0.03915883694,-0.03271588683,0.4244571898,0.02972807352
211,2.110000,0.4298914447,0.03221714124,3.913417459e-06,-3.264285624e-06,-3.264285624e-06,1.258403063e-05,0,3.8591e-11,2.8219e-06,0.03913304117,-0.03264516592,0.4287130724,0.02937003239
212,2.120000,0.4344758466,0.03217879031,3.910623491e-06,-3.257766366e-06,-3.257766366e-06,1.256354153e-05,0,3.85182e-11,2.82125e-06,0.03910724539,-0.03257445991,0.4335823278,0.02941919135
213,2.130000,0.4402265698,0.03221261036,3.907829523e-06,-3.251247108e-06,-3.251247108e-06,1.254491508e-05,0,3.84528e-11,2.82078e-06,0.03908144683,-0.0325126797,0.4390925193,0.0295823839
214,2.140000,0.4462971315,0.03267647792,3.905966878e-06,-3.24472785e-06,-3.24472785e-06,1.252535731e-05,0,3.83954e-11,2.82106e-06,0.03905564826,-0.03245091438,0.4452620675,0.029524485
215,2.150000,0.4531403221,0.03252665512,3.904104233e-06,-3.238208592e-06,-3.238208592e-06,1.250766218e-05,0,3.83452e-11,2.82153e-06,0.03903844766,-0.03237989545,0.4520999334,0.02957530286
216,2.160000,0.4611619599,0.03263026569,3.902241588e-06,-3.231689334e-06,-3.231689334e-06,1.248903573e-05,0,3.82914e-11,2.8219e-06,0.03902124707,-0.03231783211,0.4596054131,0.02920613613
217,2.170000,0.469456479,0.03294360172,3.900378942e-06,-3.225170076e-06,-3.225170076e-06,1.247227192e-05,0,3.82449e-11,2.82246e-06,0.03900404554,-0.03225575387,0.467768049,0.0292191602
218,2.180000,0.4787693471,0.03280419856,3.898516297e-06,-3.21958214e-06,-3.21958214e-06,1.245457679e-05,0,3.81887e-11,2.82237e-06,0.03898684308,-0.03219367564,0.4765676569,0.0293879619
219,2.190000,0.4879208617,0.03286565002,3.896653652e-06,-3.213994205e-06,-3.213994205e-06,1.243781298e-05,0,3.81361e-11,2.82237e-06,0.03896964062,-0.032140553,0.4859744697,0.02921581239
220,2.200000,0.4973054454,0.03347862139,3.894791007e-06,-3.20840627e-06,-3.20840627e-06,1.242104918e-05,0,3.80835e-11,2.82237e-06,0.03895243723,-0.03208743036,0.4959493963,0.02923586453
221,2.210000,0.5082608759,0.0334547516,3.892928362e-06,-3.202818334e-06,-3.202818334e-06,1.240335405e-05,0,3.80273e-11,2.82227e-06,0.03892663121,-0.03202563524,0.506444393,0.0287069938
222,2.220000,0.5194055066,0.03356094845,3.891065717e-06,-3.197230399e-06,-3.197230399e-06,1.238752156e-05,0,3.79784e-11,2.82237e-06,0.03890942596,-0.0319724977,0.5174029418,0.02851294199
223,2.230000,0.5304301009,0.0339401653,3.889203072e-06,-3.191642463e-06,-3.191642463e-06,1.237075776e-05,0,3.79258e-11,2.82237e-06,0.03889222071,-0.03191937506,0.528760633,0.02890912949
224,2.240000,0.5429012477,0.03351717815,3.887340426e-06,-3.18698585e-06,-3.18698585e-06,1.23558566e-05,0,3.78745e-11,2.82199e-06,0.03887501452,-0.03186623752,0.5404458427,0.02858157936
225,2.250000,0.5547800437,0.03383225761,3.885477781e-06,-3.182329237e-06,-3.182329237e-06,1.234095544e-05,0,3.78233e-11,2.82162e-06,0.03885780741,-0.03182204068,0.5523805002,0.02859893421
226,2.260000,0.5661662072,0.03390750755,3.883615136e-06,-3.177672625e-06,-3.177672625e-06,1.232512295e-05,0,3.77684e-11,2.82115e-06,0.03883199673,-0.03177814186,0.5644809335,0.02857384822
227,2.270000,0.5786894076,0.03357097879,3.881752491e-06,-3.172084689e-06,-3.172084689e-06,1.231115311e-05,0,3.77267e-11,2.82143e-06,0.03881478868,-0.03172500432,0.576658787,0.02834073329
228,2.280000,0.590420302,0.03343106899,3.879889846e-06,-3.167428076e-06,-3.167428076e-06,1.229718328e-05,0,3.76791e-11,2.82116e-06,0.03879757971,-0.03167185187,0.588821998,0.02792946019
229,2.290000,0.602221597,0.03318269365,3.878027201e-06,-3.162771463e-06,-3.162771463e-06,1.228228211e-05,0,3.76279e-11,2.82078e-06,0.0387803698,-0.03162766993,0.6008758217,0.02819732201
230,2.300000,0.6142962761,0.03303570114,3.876164556e-06,-3.158114851e-06,-3.158114851e-06,1.22692436e-05,0,3.75839e-11,2.8206e-06,0.03876315989,-0.03158347309,0.6127238944,0.02867796687
231,2.310000,0.6252225973,0.03319411445,3.87430191e-06,-3.153458238e-06,-3.153458238e-06,1.225620508e-05,0,3.75399e-11,2.82041e-06,0.03874594904,-0.03153927624,0.6242693202,0.0284108428
232,2.320000,0.6357164942,0.03328884114,3.872439265e-06,-3.149732947e-06,-3.149732947e-06,1.224316657e-05,0,3.74901e-11,2.81967e-06,0.03872873727,-0.0314950794,0.6354157714,0.02860822952
233,2.330000,0.6463368982,0.03350776061,3.871507943e-06,-3.145076334e-06,-3.145076334e-06,1.223105937e-05,0,3.74611e-11,2.82041e-06,0.0387115255,-0.03145088255,0.6460685881,0.02848798655
234,2.340000,0.655955717,0.0335504394,3.87057662e-06,-3.140419722e-06,-3.140419722e-06,1.221895218e-05,0,3.74322e-11,2.82116e-06,0.03870291915,-0.03140638769,0.6561358652,0.02873406553
235,2.350000,0.665090818,0.03353345487,3.869645298e-06,-3.135763109e-06,-3.135763109e-06,1.220684499e-05,0,3.74032e-11,2.8219e-06,0.0386943128,-0.03136190772,0.6655295144,0.0291854247
236,2.360000,0.6726374291,0.03402145486,3.868713975e-06,-3.132037818e-06,-3.132037818e-06,1.219380647e-05,0,3.73647e-11,2.82199e-06,0.03868570644,-0.03131742775,0.6741662884,0.02906251472
237,2.370000,0.6800603978,0.03372173384,3.867782652e-06,-3.128312528e-06,-3.128312528e-06,1.21826306e-05,0,3.73334e-11,2.82227e-06,0.03867710009,-0.03128188848,0.6819687561,0.02966562576
238,2.380000,0.6872347705,0.03355251439,3.86685133e-06,-3.124587238e-06,-3.124587238e-06,1.217145473e-05,0,3.73022e-11,2.82255e-06,0.03866849281,-0.03124636412,0.6888662176,0.02984053131
239,2.390000,0.6931510232,0.03325325903,3.865920007e-06,-3.120861948e-06,-3.120861948e-06,1.216027886e-05,0,3.72709e-11,2.82283e-06,0.03865988646,-0.03121082485,0.6947955476,0.02984252434
240,2.400000,0.6976092383,0.0330533199,3.864988685e-06,-3.117136657e-06,-3.117136657e-06,1.214817166e-05,0,3.7236e-11,2.82302e-06,0.03865127917,-0.03117530048,0.6997019582,0.02950051816
241,2.410000,0.7015100755,0.03273007739,3.86312604e-06,-3.113411367e-06,-3.113411367e-06,1.213792711e-05,0,3.7197e-11,2.82255e-06,0.03863406461,-0.03113108873,0.703539672,0.02978577799
242,2.420000,0.7036571614,0.03265485074,3.861263394e-06,-3.109686077e-06,-3.109686077e-06,1.212768257e-05,0,3.7158e-11,2.82209e-06,0.03861684911,-0.03109583259,0.7062724978,0.0294770431
243,2.430000,0.7044727765,0.03306321427,3.860332072e-06,-3.105960786e-06,-3.105960786e-06,1.211743802e-05,0,3.71303e-11,2.82246e-06,0.03859963268,-0.03106057644,0.7078743014,0.02970374762
244,2.440000,0.7039902881,0.03319576476,3.859400749e-06,-3.102235496e-06,-3.102235496e-06,1.210626215e-05,0,3.70991e-11,2.82274e-06,0.03859102447,-0.03102503717,0.7083293667,0.02932797366
245,2.450000,0.7027217373,0.03317607287,3.858469427e-06,-3.098510206e-06,-3.098510206e-06,1.209694892e-05,0,3.70749e-11,2.82321e-06,0.03858241625,-0.0309894979,0.707632643,0.02950796789
246,2.460000,0.7010385059,0.03292158805,3.857538104e-06,-3.095716238e-06,-3.095716238e-06,1.20876357e-05,0,3.70451e-11,2.82311e-06,0.03857380804,-0.03095395863,0.705789874,0.02942132242
247,2.470000,0.6978387944,0.03302270919,3.856606781e-06,-3.09292227e-06,-3.09292227e-06,1.207832247e-05,0,3.70152e-11,2.82302e-06,0.03856519889,-0.03092737496,0.7028176083,0.02918259422
248,2.480000,0.6938399002,0.03268654551,3.855675459e-06,-3.090128303e-06,-3.090128303e-06,1.206900924e-05,0,3.69853e-11,2.82293e-06,0.03855659068,-0.03090079129,0.6987430902,0.02913890128
249,2.490000,0.6870212778,0.03319210932,3.853812814e-06,-3.087334335e-06,-3.087334335e-06,1.206062734e-05,0,3.69478e-11,2.82209e-06,0.03853937238,-0.03087447584,0.693604032,0.02903959359
250,2.500000,0.6808299832,0.03275742661,3.851950169e-06,-3.083609045e-06,-3.083609045e-06,1.205224544e-05,0,3.6916e-11,2.82181e-06,0.03852215316,-0.03083921969,0.6874482704,0.02898889749
251,2.510000,0.6735349633,0.03284251038,3.850087523e-06,-3.080815077e-06,-3.080815077e-06,1.204386353e-05,0,3.68785e-11,2.82097e-06,0.03850493394,-0.03080394864,0.6803333093,0.02892359588
252,2.520000,0.6650330089,0.03263113461,3.849156201e-06,-3.078021109e-06,-3.078021109e-06,1.203548163e-05,0,3.68522e-11,2.82097e-06,0.03848771378,-0.03077763319,0.6723257565,0.02904219272
253,2.530000,0.6553125456,0.03281611484,3.848224878e-06,-3.075227141e-06,-3.075227141e-06,1.202709973e-05,0,3.6826e-11,2.82097e-06,0.03847910371,-0.03075104952,0.6635006571,0.02846093436
254,2.540000,0.6463414654,0.03196262661,3.847293556e-06,-3.072433174e-06,-3.072433174e-06,1.201964915e-05,0,3.68033e-11,2.82107e-06,0.03847049363,-0.03072445095,0.6539407341,0.02865883035
255,2.550000,0.6365911178,0.03128335439,3.846362233e-06,-3.069639206e-06,-3.069639206e-06,1.201219857e-05,0,3.67806e-11,2.82116e-06,0.03846188262,-0.03069786727,0.6437355423,0.02866098937
256,2.560000,0.6251208968,0.03128912207,3.845430911e-06,-3.066845238e-06,-3.066845238e-06,1.200474799e-05,0,3.67579e-11,2.82125e-06,0.03845327254,-0.0306712687,0.6329805453,0.0289296375
257,2.570000,0.6140859164,0.03091959655,3.844499588e-06,-3.06405127e-06,-3.06405127e-06,1.199729741e-05,0,3.67352e-11,2.82135e-06,0.03844466154,-0.03064468503,0.6217761271,0.02875462373
258,2.580000,0.6025698259,0.03059785627,3.843568265e-06,-3.062188625e-06,-3.062188625e-06,1.198984683e-05,0,3.67068e-11,2.82088e-06,0.03843605053,-0.03061808646,0.6102265472,0.02936355199
259,2.590000,0.5918517746,0.0299238991,3.842636943e-06,-3.06032598e-06,-3.06032598e-06,1.198239625e-05,0,3.66784e-11,2.82041e-06,0.03842743952,-0.03060045838,0.5984388527,0.0298457988
260,2.600000,0.5807144791,0.02974257525,3.84170562e-06,-3.058463335e-06,-3.058463335e-06,1.197587699e-05,0,3.66536e-11,2.82004e-06,0.03841882758,-0.03058281541,0.5865217577,0.0298095024
261,2.610000,0.5687985197,0.02976100333,3.840774298e-06,-3.05660069e-06,-3.05660069e-06,1.196935773e-05,0,3.66288e-11,2.81967e-06,0.03841021657,-0.03056518734,0.5745845042,0.02947516519
262,2.620000,0.5576311201,0.02933455352,3.839842975e-06,-3.054738045e-06,-3.054738045e-06,1.196283847e-05,0,3.6604e-11,2.8193e-06,0.03840160463,-0.03054754436,0.5627357157,0.02918499151
263,2.630000,0.5459464118,0.02951285522,3.838911653e-06,-3.051944077e-06,-3.051944077e-06,1.195631921e-05,0,3.65849e-11,2.81948e-06,0.03839299269,-0.03052094579,0.5510822575,0.02961563812
264,2.640000,0.5352702513,0.02890908625,3.83798033e-06,-3.049150109e-06,-3.049150109e-06,1.194979995e-05,0,3.65658e-11,2.81967e-06,0.03838438075,-0.03049436212,0.5397281149,0.02933917597
265,2.650000,0.524704773,0.02893590927,3.83798033e-06,-3.046356142e-06,-3.046356142e-06,1.19432807e-05,0,3.65578e-11,2.82069e-06,0.03837576881,-0.03046776354,0.5287733037,0.02971502365
266,2.660000,0.5137827471,0.0289520165,3.83798033e-06,-3.044493496e-06,-3.044493496e-06,1.193862408e-05,0,3.65513e-11,2.82135e-06,0.03837576881,-0.03044089675,0.5183128229,0.02947889075
267,2.670000,0.5041904636,0.02891887259,3.83798033e-06,-3.042630851e-06,-3.042630851e-06,1.193303615e-05,0,3.65412e-11,2.8219e-06,0.03837576881,-0.03042298555,0.5084356637,0.02939050664
268,2.680000,0.4958476983,0.02879481576,3.83798033e-06,-3.040768206e-06,-3.040768206e-06,1.192744821e-05,0,3.6531e-11,2.82246e-06,0.03837576881,-0.03040507436,0.499223883,0.02988952814
269,2.690000,0.4880603887,0.02887846436,3.83798033e-06,-3.038905561e-06,-3.038905561e-06,1.192186028e-05,0,3.65209e-11,2.82302e-06,0.03837576881,-0.03038716316,0.4907517549,0.02993286971
270,2.700000,0.4803584255,0.02910453081,3.83798033e-06,-3.037042916e-06,-3.037042916e-06,1.191627234e-05,0,3.65108e-11,2.82358e-06,0.03837576881,-0.03036925197,0.4830850061,0.03001355381
271,2.710000,0.4733849764,0.02920081094,3.83798033e-06,-3.035180271e-06,-3.035180271e-06,1.191068441e-05,0,3.65007e-11,2.82414e-06,0.03837576881,-0.03035134077,0.4762801472,0.02970288526
272,2.720000,0.4677548818,0.02916543931,3.83798033e-06,-3.033317626e-06,-3.033317626e-06,1.190509647e-05,0,3.64905e-11,2.8247e-06,0.03837576881,-0.03033342957,0.4703839041,0.02996977001
273,2.730000,0.463869635,0.02890319284,3.83798033e-06,-3.03145498e-06,-3.03145498e-06,1.189950854e-05,0,3.64804e-11,2.82526e-06,0.03837576881,-0.03031551838,0.4654327583,0.02959954143
274,2.740000,0.4598486237,0.0289472118,3.83798033e-06,-3.029592335e-06,-3.029592335e-06,1.189578325e-05,0,3.64774e-11,2.826e-06,0.03837576881,-0.03029760718,0.461452599,0.02964375542
275,2.750000,0.4569837525,0.02927861083,3.83798033e-06,-3.02772969e-06,-3.02772969e-06,1.189112663e-05,0,3.64708e-11,2.82665e-06,0.03837576881,-0.03027969599,0.4584584923,0.02977830398
276,2.760000,0.4552585557,0.0290536629,3.83798033e-06,-3.025867045e-06,-3.025867045e-06,1.188647002e-05,0,3.64642e-11,2.82731e-06,0.03837576881,-0.03026178479,0.4564545697,0.02975657849
277,2.770000,0.453926187,0.02914529108,3.837049007e-06,-3.0240044e-06,-3.0240044e-06,1.188181341e-05,0,3.64465e-11,2.82712e-06,0.03836715687,-0.03024414182,0.4554340357,0.0297771047
278,2.780000,0.4544124976,0.02855984028,3.836117685e-06,-3.023073077e-06,-3.023073077e-06,1.187715679e-05,0,3.64232e-11,2.82637e-06,0.03835854493,-0.03022649884,0.455379296,0.02998314513
279,2.790000,0.4557846785,0.02868589386,3.835186362e-06,-3.022141755e-06,-3.022141755e-06,1.187250018e-05,0,3.63999e-11,2.82563e-06,0.03834993206,-0.03021781147,0.4562622038,0.02921821406
280,2.800000,0.4577026181,0.02862785477,3.83425504e-06,-3.020279109e-06,-3.020279109e-06,1.186784357e-05,0,3.63823e-11,2.82544e-06,0.03834131919,-0.03020016849,0.4580444208,0.02895006442
281,2.810000,0.4600912705,0.02894084062,3.833323717e-06,-3.018416464e-06,-3.018416464e-06,1.186318696e-05,0,3.63646e-11,2.82526e-06,0.03833270632,-0.03018252552,0.4606778898,0.02917027471
282,2.820000,0.4642357677,0.0286248913,3.832392395e-06,-3.016553819e-06,-3.016553819e-06,1.185853034e-05,0,3.63469e-11,2.82507e-06,0.03832409345,-0.03016488254,0.4641054123,0.02902470022
283,2.830000,0.4678990431,0.02879694663,3.831461072e-06,-3.014691174e-06,-3.014691174e-06,1.185573637e-05,0,3.63364e-11,2.82507e-06,0.03831548057,-0.03014723957,0.4682613255,0.02928339654
284,2.840000,0.473071605,0.02904446423,3.830529749e-06,-3.012828529e-06,-3.012828529e-06,1.185201108e-05,0,3.63223e-11,2.82498e-06,0.03830686677,-0.03012959659,0.4730722697,0.02930402768
285,2.850000,0.4787373878,0.02922380809,3.829598427e-06,-3.010965884e-06,-3.010965884e-06,1.184828579e-05,0,3.63083e-11,2.82489e-06,0.0382982539,-0.03011195362,0.478458038,0.0288356478
286,2.860000,0.4843676127,0.02929870598,3.828667104e-06,-3.009103239e-06,-3.009103239e-06,1.18445605e-05,0,3.62942e-11,2.82479e-06,0.0382896401,-0.03009431064,0.4843324994,0.02903508278
287,2.870000,0.4908505902,0.02961559221,3.827735782e-06,-3.007240593e-06,-3.007240593e-06,1.184083521e-05,0,3.62801e-11,2.8247e-06,0.0382810263,-0.03007666767,0.4906045819,0.02900549395
288,2.880000,0.4978634045,0.02957592346,3.826804459e-06,-3.006309271e-06,-3.006309271e-06,1.183710992e-05,0,3.62604e-11,2.82405e-06,0.03827241249,-0.03005902469,0.4971793087,0.02895801722
289,2.890000,0.5047099777,0.02970923856,3.826804459e-06,-3.005377948e-06,-3.005377948e-06,1.183338463e-05,0,3.62518e-11,2.82424e-06,0.03826379776,-0.03005033731,0.5039588713,0.02954050598
290,2.900000,0.5115987323,0.02980312705,3.826804459e-06,-3.004446626e-06,-3.004446626e-06,1.182965934e-05,0,3.62431e-11,2.82442e-06,0.03826379776,-0.03004138172,0.51084373,0.0295330838
291,2.910000,0.5187618509,0.02978109382,3.826804459e-06,-3.003515303e-06,-3.003515303e-06,1.182593405e-05,0,3.62344e-11,2.82461e-06,0.03826379776,-0.03003242612,0.5177337295,0.02931855599
292,2.920000,0.5243892819,0.03012595698,3.826804459e-06,-3.002583981e-06,-3.002583981e-06,1.182220876e-05,0,3.62258e-11,2.82479e-06,0.03826379776,-0.03002347052,0.5245292143,0.02920903717
293,2.930000,0.5313092843,0.03024210688,3.826804459e-06,-3.001652658e-06,-3.001652658e-06,1.181848347e-05,0,3.62171e-11,2.82498e-06,0.03826379776,-0.03001451492,0.5311321343,0.02919008207
294,2.940000,0.5371809453,0.03029066417,3.825873137e-06,-3.000721335e-06,-3.000721335e-06,1.181475818e-05,0,3.61974e-11,2.82433e-06,0.03825518396,-0.03000582755,0.5374471263,0.02916279994
295,2.950000,0.5429590605,0.03022153582,3.824941814e-06,-2.999790013e-06,-2.999790013e-06,1.181289554e-05,0,3.61849e-11,2.82386e-06,0.03824656922,-0.02999714017,0.5433825597,0.02918498618
296,2.960000,0.5481543243,0.03002303746,3.824010491e-06,-2.99885869e-06,-2.99885869e-06,1.181103289e-05,0,3.61724e-11,2.8234e-06,0.03823795449,-0.02998843789,0.5488515346,0.02896616195
297,2.970000,0.5532496162,0.02978880145,3.823079169e-06,-2.997927368e-06,-2.997927368e-06,1.180917025e-05,0,3.61598e-11,2.82293e-06,0.03822933976,-0.02997975051,0.5537728208,0.02872364698
298,2.980000,0.557312645,0.02966516558,3.822147846e-06,-2.996996045e-06,-2.996996045e-06,1.180637628e-05,0,3.61437e-11,2.82237e-06,0.03822072502,-0.02997106314,0.558071728,0.02942158275
299,2.990000,0.5609407723,0.02942395862,3.821216524e-06,-2.996064723e-06,-2.996064723e-06,1.180358231e-05,0,3.61276e-11,2.82181e-06,0.03821211029,-0.02996237576,0.5616808958,0.02985882178
300,3.000000,0.5634969547,0.02965564188,3.820285201e-06,-2.9951334e-06,-2.9951334e-06,1.180078834e-05,0,3.61116e-11,2.82126e-06,0.03820349555,-0.02995368838,0.5645409966,0.02969533601
301,3.010000,0.5642960258,0.0302512655,3.819353878e-06,-2.994202077e-06,-2.994202077e-06,1.179799438e-05,0,3.60955e-11,2.8207e-06,0.03819487989,-0.02994500101,0.5666013422,0.02998522538
302,3.020000,0.5652469955,0.03014604002,3.818422556e-06,-2.993270755e-06,-2.993270755e-06,1.179520041e-05,0,3.60794e-11,2.82014e-06,0.03818626422,-0.02993631363,0.5678203882,0.02972357836
303,3.030000,0.5646437891,0.0303917788,3.817491233e-06,-2.992339432e-06,-2.992339432e-06,1.179240644e-05,0,3.60633e-11,2.81958e-06,0.03817764856,-0.02992762625,0.5681661297,0.0298763372
304,3.040000,0.5645403415,0.03012007661,3.816559911e-06,-2.992339432e-06,-2.992339432e-06,1.178961247e-05,0,3.60417e-11,2.81846e-06,0.03816903289,-0.02991893888,0.5676163858,0.03006265533
305,3.050000,0.562479578,0.03035211004,3.815628588e-06,-2.992339432e-06,-2.992339432e-06,1.17868185e-05,0,3.602e-11,2.81734e-06,0.03816041723,-0.0299192071,0.5661589673,0.03036458462
306,3.060000,0.5600408725,0.03014027141,3.815628588e-06,-2.992339432e-06,-2.992339432e-06,1.178402454e-05,0,3.60094e-11,2.81706e-06,0.03815180063,-0.02991947532,0.5637917287,0.03008358468
307,3.070000,0.5571144074,0.02948752884,3.815628588e-06,-2.992339432e-06,-2.992339432e-06,1.178123057e-05,0,3.59987e-11,2.81678e-06,0.03815180063,-0.02991947532,0.5605225022,0.03017773823
308,3.080000,0.5525642596,0.02944667358,3.815628588e-06,-2.99140811e-06,-2.99140811e-06,1.17784366e-05,0,3.59936e-11,2.81706e-06,0.03815180063,-0.02991050482,0.5563689157,0.03009790089
309,3.090000,0.5481132828,0.02889906429,3.815628588e-06,-2.990476787e-06,-2.990476787e-06,1.177564263e-05,0,3.59885e-11,2.81734e-06,0.03815180063,-0.02990154922,0.5513580965,0.03067051205
310,3.100000,0.5413260683,0.02930381801,3.815628588e-06,-2.989545465e-06,-2.989545465e-06,1.177284867e-05,0,3.59834e-11,2.81762e-06,0.03815180063,-0.02989259362,0.5455262655,0.03088792369
311,3.110000,0.5348409414,0.0286936732,3.815628588e-06,-2.988614142e-06,-2.988614142e-06,1.17700547e-05,0,3.59783e-11,2.8179e-06,0.03815180063,-0.02988363802,0.5389182248,0.03104937479
312,3.120000,0.526926063,0.02883138321,3.815628588e-06,-2.987682819e-06,-2.987682819e-06,1.176726073e-05,0,3.59732e-11,2.81818e-06,0.03815180063,-0.02987468243,0.5315867478,0.03083944514
313,3.130000,0.519858133,0.02787418664,3.815628588e-06,-2.986751497e-06,-2.986751497e-06,1.176446676e-05,0,3.59682e-11,2.81846e-06,0.03815180063,-0.02986572683,0.5235918756,0.03092978411
314,3.140000,0.5112982951,0.02806246281,3.815628588e-06,-2.985820174e-06,-2.985820174e-06,1.176167279e-05,0,3.59631e-11,2.81874e-06,0.03815180063,-0.02985675633,0.5150001313,0.03114810753
315,3.150000,0.5025118887,0.02797901444,3.815628588e-06,-2.984888852e-06,-2.984888852e-06,1.176074147e-05,0,3.59651e-11,2.8192e-06,0.03815180063,-0.02984780073,0.505883659,0.03152289219
316,3.160000,0.4930008948,0.02757373359,3.815628588e-06,-2.983957529e-06,-2.983957529e-06,1.175981015e-05,0,3.59671e-11,2.81967e-06,0.03815180063,-0.02983884513,0.4963192992,0.03155570473
317,3.170000,0.4832631089,0.02735984046,3.815628588e-06,-2.983026206e-06,-2.983026206e-06,1.175887883e-05,0,3.59691e-11,2.82014e-06,0.03815180063,-0.02982988954,0.4863876105,0.03150982326
318,3.180000,0.473322954,0.02698798105,3.815628588e-06,-2.982094884e-06,-2.982094884e-06,1.175701618e-05,0,3.59675e-11,2.82051e-06,0.03815180063,-0.02982093394,0.4761718497,0.03180910525
319,3.190000,0.4625335149,0.02722781524,3.815628588e-06,-2.981163561e-06,-2.981163561e-06,1.175515354e-05,0,3.5966e-11,2.82088e-06,0.03815180063,-0.02981197834,0.4657569218,0.03204228503
320,3.200000,0.4520231001,0.02691431344,3.815628588e-06,-2.980232239e-06,-2.980232239e-06,1.175329089e-05,0,3.59644e-11,2.82125e-06,0.03815180063,-0.02980300784,0.4552283128,0.03177852438
321,3.210000,0.4421999454,0.02674514893,3.815628588e-06,-2.979300916e-06,-2.979300916e-06,1.175142825e-05,0,3.59629e-11,2.82163e-06,0.03815180063,-0.02979405224,0.4446710168,0.03165907248
322,3.220000,0.4316474423,0.02700121887,3.815628588e-06,-2.978369594e-06,-2.978369594e-06,1.17495656e-05,0,3.59613e-11,2.822e-06,0.03815180063,-0.02978509665,0.434168471,0.03171374809
323,3.230000,0.4215783663,0.02702087071,3.815628588e-06,-2.977438271e-06,-2.977438271e-06,1.174770296e-05,0,3.59597e-11,2.82237e-06,0.03815180063,-0.02977614105,0.4238015107,0.03174385485
324,3.240000,0.4120682217,0.02642730717,3.815628588e-06,-2.976506948e-06,-2.976506948e-06,1.174584031e-05,0,3.59582e-11,2.82275e-06,0.03815180063,-0.02976718545,0.4136473555,0.03194244951
325,3.250000,0.4019211344,0.02662940696,3.815628588e-06,-2.975575626e-06,-2.975575626e-06,1.174397767e-05,0,3.59566e-11,2.82312e-06,0.03815180063,-0.02975822985,0.4037786406,0.03186819678
326,3.260000,0.3920851462,0.02657044306,3.815628588e-06,-2.974644303e-06,-2.974644303e-06,1.174211502e-05,0,3.5955e-11,2.82349e-06,0.03815180063,-0.02974927425,0.3942625031,0.03159897449
327,3.270000,0.3834975883,0.02628624626,3.815628588e-06,-2.973712981e-06,-2.973712981e-06,1.174025238e-05,0,3.59535e-11,2.82386e-06,0.03815180063,-0.02974030375,0.3851597335,0.03121199519
328,3.280000,0.3756628372,0.02634258661,3.815628588e-06,-2.972781658e-06,-2.972781658e-06,1.173838973e-05,0,3.59519e-11,2.82424e-06,0.03815180063,-0.02973134816,0.3765240045,0.03099429286
329,3.290000,0.3670699745,0.0267607132,3.815628588e-06,-2.971850336e-06,-2.971850336e-06,1.173652709e-05,0,3.59503e-11,2.82461e-06,0.03815180063,-0.02972239256,0.3684011839,0.03089576488
330,3.300000,0.3608930297,0.02655327227,3.815628588e-06,-2.970919013e-06,-2.970919013e-06,1.173466444e-05,0,3.59488e-11,2.82498e-06,0.03815180063,-0.02971343696,0.3608287408,0.03109302646
331,3.310000,0.3546791486,0.02609273884,3.815628588e-06,-2.96998769e-06,-2.96998769e-06,1.17328018e-05,0,3.59472e-11,2.82535e-06,0.03815180063,-0.02970448136,0.3538352521,0.03097688728
332,3.320000,0.3495626412,0.02556582913,3.815628588e-06,-2.96998769e-06,-2.96998769e-06,1.17328018e-05,0,3.59472e-11,2.82535e-06,0.03815180063,-0.02969552577,0.3474400155,0.03061466769
333,3.330000,0.3433576375,0.02613123227,3.815628588e-06,-2.96998769e-06,-2.96998769e-06,1.17328018e-05,0,3.59472e-11,2.82535e-06,0.03815180063,-0.02969552577,0.3416527721,0.03068066216
334,3.340000,0.3386045247,0.02605863381,3.815628588e-06,-2.96998769e-06,-2.96998769e-06,1.17328018e-05,0,3.59472e-11,2.82535e-06,0.03815180063,-0.02969552577,0.3364735439,0.03095867323
335,3.350000,0.3342426792,0.02623459697,3.815628588e-06,-2.96998769e-06,-2.96998769e-06,1.17328018e-05,0,3.59472e-11,2.82535e-06,0.03815180063,-0.02969552577,0.3318925871,0.03039784294
336,3.360000,0.3297310546,0.02669163235,3.815628588e-06,-2.96998769e-06,-2.96998769e-06,1.17328018e-05,0,3.59472e-11,2.82535e-06,0.03815180063,-0.02969552577,0.3278904628,0.03100869629
337,3.370000,0.3264258616,0.02672976907,3.815628588e-06,-2.96998769e-06,-2.96998769e-06,1.17328018e-05,0,3.59472e-11,2.82535e-06,0.03815180063,-0.02969552577,0.3244382229,0.03102970911
338,3.380000,0.3241427764,0.02686663903,3.815628588e-06,-2.96998769e-06,-2.96998769e-06,1.17328018e-05,0,3.59472e-11,2.82535e-06,0.03815180063,-0.02969552577,0.321497711,0.03076861073
339,3.390000,0.3211000189,0.02708737832,3.815628588e-06,-2.96998769e-06,-2.96998769e-06,1.17328018e-05,0,3.59472e-11,2.82535e-06,0.03815180063,-0.02969552577,0.3190219744,0.03088250437
340,3.400000,0.3189676888,0.02731083333,3.815628588e-06,-2.96998769e-06,-2.96998769e-06,1.17328018e-05,0,3.59472e-11,2.82535e-06,0.03815180063,-0.02969552577,0.316955782,0.03127234406
341,3.410000,0.3178736046,0.02721803356,3.815628588e-06,-2.96998769e-06,-2.96998769e-06,1.17328018e-05,0,3.59472e-11,2.82535e-06,0.03815180063,-0.02969552577,0.3152362434,0.03129028773
342,3.420000,0.3168166317,0.02720161621,3.815628588e-06,-2.96998769e-06,-2.96998769e-06,1.17328018e-05,0,3.59472e-11,2.82535e-06,0.03815180063,-0.02969552577,0.3137935212,0.03074149161
343,3.430000,0.3152109385,0.02746806387,3.815628588e-06,-2.96998769e-06,-2.96998769e-06,1.17328018e-05,0,3.59472e-11,2.82535e-06,0.03815180063,-0.02969552577,0.3125516295,0.03057018471
344,3.440000,0.3138705827,0.02763162274,3.815628588e-06,-2.96998769e-06,-2.96998769e-06,1.17328018e-05,0,3.59472e-11,2.82535e-06,0.03815180063,-0.02969552577,0.3114293082,0.03041794623
345,3.450000,0.312476676,0.02791555971,3.815628588e-06,-2.96998769e-06,-2.96998769e-06,1.17328018e-05,0,3.59472e-11,2.82535e-06,0.03815180063,-0.02969552577,0.3103409652,0.03021515788
346,3.460000,0.3112083115,0.02796550374,3.815628588e-06,-2.96998769e-06,-2.96998769e-06,1.17328018e-05,0,3.59472e-11,2.82535e-06,0.03815180063,-0.02969552577,0.3091976738,0.03016342867
347,3.470000,0.3096698783,0.02796902321,3.815628588e-06,-2.96998769e-06,-2.96998769e-06,1.17328018e-05,0,3.59472e-11,2.82535e-06,0.03815180063,-0.02969552577,0.3079082147,0.03032804591
348,3.480000,0.307804469,0.02794411313,3.815628588e-06,-2.96998769e-06,-2.96998769e-06,1.17328018e-05,0,3.59472e-11,2.82535e-06,0.03815180063,-0.02969552577,0.3063801511,0.03040072121
349,3.490000,0.3060303777,0.02808099613,3.815628588e-06,-2.96998769e-06,-2.96998769e-06,1.17328018e-05,0,3.59472e-11,2.82535e-06,0.03815180063,-0.02969552577,0.3045209248,0.0300413901
350,3.500000,0.3024718128,0.02859189548,3.815628588e-06,-2.96998769e-06,-2.96998769e-06,1.17328018e-05,0,3.59472e-11,2.82535e-06,0.03815180063,-0.02969552577,0.302238959,0.03021126857
351,3.510000,0.2992225736,0.02856261563,3.815628588e-06,-2.96998769e-06,-2.96998769e-06,1.17328018e-05,0,3.59472e-11,2.82535e-06,0.03815180063,-0.02969552577,0.2994447577,0.02990881528
352,3.520000,0.2958641611,0.02811560687,3.815628588e-06,-2.96998769e-06,-2.96998769e-06,1.17328018e-05,0,3.59472e-11,2.82535e-06,0.03815180063,-0.02969552577,0.2960519874,0.03009057691
353,3.530000,0.2915714681,0.02819524147,3.815628588e-06,-2.96998769e-06,-2.96998769e-06,1.17328018e-05,0,3.59472e-11,2.82535e-06,0.03815180063,-0.02969552577,0.2919785288,0.03001822035
354,3.540000,0.286082875,0.02857932355,3.815628588e-06,-2.96998769e-06,-2.96998769e-06,1.17328018e-05,0,3.59472e-11,2.82535e-06,0.03815180063,-0.02969552577,0.2871474876,0.02980054296
355,3.550000,0.2798817568,0.02867493033,3.815628588e-06,-2.96998769e-06,-2.96998769e-06,1.17328018e-05,0,3.59472e-11,2.82535e-06,0.03815180063,-0.02969552577,0.2814881509,0.02959912516
356,3.560000,0.272612296,0.02880265843,3.815628588e-06,-2.96998769e-06,-2.96998769e-06,1.17328018e-05,0,3.59472e-11,2.82535e-06,0.03815180063,-0.02969552577,0.2749368803,0.03027360985
357,3.570000,0.2647058889,0.02875490487,3.815628588e-06,-2.96998769e-06,-2.96998769e-06,1.17328018e-05,0,3.59472e-11,2.82535e-06,0.03815180063,-0.02969552577,0.2674379291,0.03037303598
358,3.580000,0.2558798529,0.02889307495,3.815628588e-06,-2.96998769e-06,-2.96998769e-06,1.17328018e-05,0,3.59472e-11,2.82535e-06,0.03815180063,-0.02969552577,0.2589441763,0.03028997706
359,3.590000,0.2461893409,0.02855118457,3.815628588e-06,-2.96998769e-06,-2.96998769e-06,1.17328018e-05,0,3.59472e-11,2.82535e-06,0.03815180063,-0.02969552577,0.2494177668,0.03036631395
360,3.600000,0.2351364344,0.02820634376,3.815628588e-06,-2.96998769e-06,-2.96998769e-06,1.17328018e-05,0,3.59472e-11,2.82535e-06,0.03815180063,-0.02969552577,0.2388306524,0.03041223445
361,3.610000,0.2240540758,0.02769129444,3.815628588e-06,-2.96998769e-06,-2.96998769e-06,1.17328018e-05,0,3.59472e-11,2.82535e-06,0.03815180063,-0.02969552577,0.2271650252,0.03093459435
362,3.620000,0.2104482204,0.02763852756,3.815628588e-06,-2.96998769e-06,-2.96998769e-06,1.17328018e-05,0,3.59472e-11,2.82535e-06,0.03815180063,-0.02969552577,0.2144136397,0.0311656628
363,3.630000,0.1959701367,0.02740869671,3.815628588e-06,-2.96998769e-06,-2.96998769e-06,1.17328018e-05,0,3.59472e-11,2.82535e-06,0.03815180063,-0.02969552577,0.200580019,0.03086543544
364,3.640000,0.180468034,0.02728311438,3.815628588e-06,-2.96998769e-06,-2.96998769e-06,1.17328018e-05,0,3.59472e-11,2.82535e-06,0.03815180063,-0.02969552577,0.1856785427,0.03057868919
365,3.650000,0.1642762609,0.02699894458,3.815628588e-06,-2.96998769e-06,-2.96998769e-06,1.17328018e-05,0,3.59472e-11,2.82535e-06,0.03815180063,-0.02969552577,0.1697344147,0.03034322448
366,3.660000,0.1482788511,0.0258769365,3.815628588e-06,-2.96998769e-06,-2.96998769e-06,1.17328018e-05,0,3.59472e-11,2.82535e-06,0.03815180063,-0.02969552577,0.1527835128,0.03040305792
367,3.670000,0.1304037608,0.02574669383,3.815628588e-06,-2.96998769e-06,-2.96998769e-06,1.17328018e-05,0,3.59472e-11,2.82535e-06,0.03815180063,-0.02969552577,0.1348721182,0.03008519545
368,3.680000,0.1118228734,0.02528309543,3.815628588e-06,-2.96998769e-06,-2.96998769e-06,1.17328018e-05,0,3.59472e-11,2.82535e-06,0.03815180063,-0.02969552577,0.1160565318,0.03013194393
369,3.690000,0.09236137196,0.02475948911,3.815628588e-06,-2.96998769e-06,-2.96998769e-06,1.17328018e-05,0,3.59472e-11,2.82535e-06,0.03815180063,-0.02969552577,0.09640257745,0.02997806256
370,3.700000,0.07119036838,0.02489984501,3.815628588e-06,-2.96998769e-06,-2.96998769e-06,1.17328018e-05,0,3.59472e-11,2.82535e-06,0.03815180063,-0.02969552577,0.07598500058,0.03042362449
371,3.710000,0.04990033433,0.02514130995,3.815628588e-06,-2.96998769e-06,-2.96998769e-06,1.17328018e-05,0,3.59472e-11,2.82535e-06,0.03815180063,-0.02969552577,0.05488676669,0.03041494937
372,3.720000,0.02843490243,0.02496974543,3.815628588e-06,-2.96998769e-06,-2.96998769e-06,1.17328018e-05,0,3.59472e-11,2.82535e-06,0.03815180063,-0.02969552577,0.03319826852,0.03085690954
373,3.730000,0.005737211555,0.02471894212,3.815628588e-06,-2.96998769e-06,-2.96998769e-06,1.17328018e-05,0,3.59472e-11,2.82535e-06,0.03815180063,-0.02969552577,0.01101645006,0.03044500995
374,3.740000,-0.01688671112,0.02474117931,3.815628588e-06,-2.96998769e-06,-2.96998769e-06,1.17328018e-05,0,3.59472e-11,2.82535e-06,0.03815180063,-0.02969552577,-0.01155614277,0.0301106794
375,3.750000,-0.04006109759,0.02473495249,3.815628588e-06,-2.96998769e-06,-2.96998769e-06,1.17328018e-05,0,3.59472e-11,2.82535e-06,0.03815180063,-0.02969552577,-0.03441237429,0.0296910039
376,3.760000,-0.06308973953,0.02488538157,3.815628588e-06,-2.96998769e-06,-2.96998769e-06,1.17328018e-05,0,3.59472e-11,2.82535e-06,0.03815180063,-0.02969552577,-0.05744158297,0.03001768733
377,3.770000,-0.08640706912,0.02480562311,3.815628588e-06,-2.96998769e-06,-2.96998769e-06,1.17328018e-05,0,3.59472e-11,2.82535e-06,0.03815180063,-0.02969552577,-0.08053068523,0.03023104631
378,3.780000,-0.1097701713,0.02497505862,3.815628588e-06,-2.96998769e-06,-2.96998769e-06,1.17328018e-05,0,3.59472e-11,2.82535e-06,0.03815180063,-0.02969552577,-0.1035653069,0.03023127497
379,3.790000,-0.1323692203,0.02464147285,3.815628588e-06,-2.96998769e-06,-2.96998769e-06,1.17328018e-05,0,3.59472e-11,2.82535e-06,0.03815180063,-0.02969552577,-0.12643093,0.03048151366
380,3.800000,-0.1544990093,0.02432717197,3.815628588e-06,-2.96998769e-06,-2.96998769e-06,1.17328018e-05,0,3.59472e-11,2.82535e-06,0.03815180063,-0.02969552577,-0.1490140414,0.03009146247
381,3.810000,-0.176297877,0.02416414395,3.815628588e-06,-2.96998769e-06,-2.96998769e-06,1.17328018e-05,0,3.59472e-11,2.82535e-06,0.03815180063,-0.02969552577,-0.1712032722,0.03024928738
382,3.820000,-0.1969154552,0.02355434839,3.815628588e-06,-2.96998769e-06,-2.96998769e-06,1.17328018e-05,0,3.59472e-11,2.82535e-06,0.03815180063,-0.02969552577,-0.1928905129,0.03044925407
383,3.830000,-0.2175805792,0.02411836013,3.815628588e-06,-2.96998769e-06,-2.96998769e-06,1.17328018e-05,0,3.59472e-11,2.82535e-06,0.03815180063,-0.02969552577,-0.2139719941,0.03039832417
384,3.840000,-0.2371426672,0.02384290285,3.815628588e-06,-2.96998769e-06,-2.96998769e-06,1.17328018e-05,0,3.59472e-11,2.82535e-06,0.03815180063,-0.02969552577,-0.2343493196,0.03041216724
385,3.850000,-0.2560068704,0.0238313349,3.815628588e-06,-2.96998769e-06,-2.96998769e-06,1.17328018e-05,0,3.59472e-11,2.82535e-06,0.03815180063,-0.02969552577,-0.2539304409,0.03066465355
386,3.860000,-0.2744951211,0.02392464504,3.815628588e-06,-2.96998769e-06,-2.96998769e-06,1.17328018e-05,0,3.59472e-11,2.82535e-06,0.03815180063,-0.02969552577,-0.2726305619,0.03122804411
387,3.870000,-0.292596139,0.02430493385,3.815628588e-06,-2.96998769e-06,-2.96998769e-06,1.17328018e-05,0,3.59472e-11,2.82535e-06,0.03815180063,-0.02969552577,-0.2903729643,0.03095480612
388,3.880000,-0.3085704744,0.02428420074,3.815628588e-06,-2.96998769e-06,-2.96998769e-06,1.17328018e-05,0,3.59472e-11,2.82535e-06,0.03815180063,-0.02969552577,-0.3070897443,0.03172130081
389,3.890000,-0.3231598213,0.02400359046,3.815628588e-06,-2.96998769e-06,-2.96998769e-06,1.17328018e-05,0,3.59472e-11,2.82535e-06,0.03815180063,-0.02969552577,-0.3227224529,0.03128983822
390,3.900000,-0.3378713094,0.02432566602,3.815628588e-06,-2.96998769e-06,-2.96998769e-06,1.17328018e-05,0,3.59472e-11,2.82535e-06,0.03815180063,-0.02969552577,-0.3372226318,0.03159407534
391,3.910000,-0.350498952,0.02471765131,3.815628588e-06,-2.96998769e-06,-2.96998769e-06,1.17328018e-05,0,3.59472e-11,2.82535e-06,0.03815180063,-0.02969552577,-0.3505522406,0.03120776752
392,3.920000,-0.3626783639,0.02497938089,3.815628588e-06,-2.96998769e-06,-2.96998769e-06,1.17328018e-05,0,3.59472e-11,2.82535e-06,0.03815180063,-0.02969552577,-0.3626839694,0.03149200239
393,3.930000,-0.3735174015,0.02505746018,3.815628588e-06,-2.96998769e-06,-2.96998769e-06,1.17328018e-05,0,3.59472e-11,2.82535e-06,0.03815180063,-0.02969552577,-0.3736014339,0.03134468598
394,3.940000,-0.3819995224,0.02443570085,3.815628588e-06,-2.96998769e-06,-2.96998769e-06,1.17328018e-05,0,3.59472e-11,2.82535e-06,0.03815180063,-0.02969552577,-0.3832992516,0.03160971202
395,3.950000,-0.3898390569,0.02436846681,3.815628588e-06,-2.96998769e-06,-2.96998769e-06,1.17328018e-05,0,3.59472e-11,2.82535e-06,0.03815180063,-0.02969552577,-0.3917829976,0.03174735259
396,3.960000,-0.3966291174,0.02409916651,3.815628588e-06,-2.96998769e-06,-2.96998769e-06,1.17328018e-05,0,3.59472e-11,2.82535e-06,0.03815180063,-0.02969552577,-0.3990690412,0.03197693308
397,3.970000,-0.4028892852,0.02482457925,3.815628588e-06,-2.96998769e-06,-2.96998769e-06,1.17328018e-05,0,3.59472e-11,2.82535e-06,0.03815180063,-0.02969552577,-0.4051842653,0.03264268356
398,3.980000,-0.4072841816,0.02496220171,3.815628588e-06,-2.96998769e-06,-2.96998769e-06,1.17328018e-05,0,3.59472e-11,2.82535e-06,0.03815180063,-0.02969552577,-0.410165672,0.03275504678
399,3.990000,-0.4103737101,0.02489380166,3.815628588e-06,-2.96998769e-06,-2.96998769e-06,1.17328018e-05,0,3.59472e-11,2.82535e-06,0.03815180063,-0.02969552577,-0.4140598791,0.03317948423
400,4.000000,-0.4126905091,0.02506377455,3.815628588e-06,-2.96998769e-06,-2.96998769e-06,1.17328018e-05,0,3.59472e-11,2.82535e-06,0.03815180063,-0.02969552577,-0.4169225135,0.03278780003
401,4.010000,-0.4140689075,0.02527310327,3.815628588e-06,-2.96998769e-06,-2.96998769e-06,1.17328018e-05,0,3.59472e-11,2.82535e-06,0.03815180063,-0.02969552577,-0.4188175081,0.03310943203
402,4.020000,-0.414732907,0.02538576722,3.815628588e-06,-2.96998769e-06,-2.96998769e-06,1.17328018e-05,0,3.59472e-11,2.82535e-06,0.03815180063,-0.02969552577,-0.4198163108,0.03340824536
403,4.030000,-0.4141572788,0.02529861964,3.815628588e-06,-2.96998769e-06,-2.96998769e-06,1.17328018e-05,0,3.59472e-11,2.82535e-06,0.03815180063,-0.02969552577,-0.4199970153,0.03379122606
404,4.040000,-0.4136393443,0.02532200702,3.815628588e-06,-2.96998769e-06,-2.96998769e-06,1.17328018e-05,0,3.59472e-11,2.82535e-06,0.03815180063,-0.02969552577,-0.4194434215,0.0340834684
405,4.050000,-0.4127920493,0.02565944474,3.815628588e-06,-2.96998769e-06,-2.96998769e-06,1.17328018e-05,0,3.59472e-11,2.82535e-06,0.03815180063,-0.02969552577,-0.4182440398,0.03386679035
406,4.060000,-0.41123496,0.02611958329,3.815628588e-06,-2.96998769e-06,-2.96998769e-06,1.17328018e-05,0,3.59472e-11,2.82535e-06,0.03815180063,-0.02969552577,-0.416491047,0.03367763673
407,4.070000,-0.4091291763,0.02669338603,3.815628588e-06,-2.96998769e-06,-2.96998769e-06,1.17328018e-05,0,3.59472e-11,2.82535e-06,0.03815180063,-0.02969552577,-0.4142792084,0.0330625327
408,4.080000,-0.4066162445,0.02668819297,3.815628588e-06,-2.96998769e-06,-2.96998769e-06,1.17328018e-05,0,3.59472e-11,2.82535e-06,0.03815180063,-0.02969552577,-0.4117047777,0.032810258
409,4.090000,-0.4039916769,0.02697033156,3.815628588e-06,-2.96998769e-06,-2.96998769e-06,1.17328018e-05,0,3.59472e-11,2.82535e-06,0.03815180063,-0.02969552577,-0.4088643863,0.03318107744
410,4.100000,-0.4012360573,0.02698376868,3.815628588e-06,-2.96998769e-06,-2.96998769e-06,1.17328018e-05,0,3.59472e-11,2.82535e-06,0.03815180063,-0.02969552577,-0.4058539359,0.03332800546
411,4.110000,-0.3991527744,0.02769542579,3.815628588e-06,-2.96998769e-06,-2.96998769e-06,1.17328018e-05,0,3.59472e-11,2.82535e-06,0.03815180063,-0.02969552577,-0.4027675065,0.03311600763
412,4.120000,-0.3959969431,0.0278426744,3.815628588e-06,-2.96998769e-06,-2.96998769e-06,1.17328018e-05,0,3.59472e-11,2.82535e-06,0.03815180063,-0.02969552577,-0.3996962923,0.03288749617
413,4.130000,-0.3938364014,0.0280316202,3.815628588e-06,-2.96998769e-06,-2.96998769e-06,1.17328018e-05,0,3.59472e-11,2.82535e-06,0.03815180063,-0.02969552577,-0.3967275772,0.0330178744
414,4.140000,-0.3899231255,0.02747538965,3.815628588e-06,-2.96998769e-06,-2.96998769e-06,1.17328018e-05,0,3.59472e-11,2.82535e-06,0.03815180063,-0.02969552577,-0.3939437623,0.03317693663
415,4.150000,-0.387971621,0.02802900039,3.815628588e-06,-2.96998769e-06,-2.96998769e-06,1.17328018e-05,0,3.59472e-11,2.82535e-06,0.03815180063,-0.02969552577,-0.391421455,0.03373994458
416,4.160000,-0.3851486072,0.02771480754,3.815628588e-06,-2.96998769e-06,-2.96998769e-06,1.17328018e-05,0,3.59472e-11,2.82535e-06,0.03815180063,-0.02969552577,-0.3892306322,0.03333142069
417,4.170000,-0.3836351484,0.02765514795,3.815628588e-06,-2.96998769e-06,-2.96998769e-06,1.17328018e-05,0,3.59472e-11,2.82535e-06,0.03815180063,-0.02969552577,-0.3874338842,0.03299143067
418,4.180000,-0.3830164894,0.02784029022,3.815628588e-06,-2.96998769e-06,-2.96998769e-06,1.17328018e-05,0,3.59472e-11,2.82535e-06,0.03815180063,-0.02969552577,-0.3860857508,0.03350082488
419,4.190000,-0.3826381639,0.02811411954,3.815628588e-06,-2.96998769e-06,-2.96998769e-06,1.17328018e-05,0,3.59472e-11,2.82535e-06,0.03815180063,-0.02969552577,-0.385232154,0.03370895271
420,4.200000,-0.3825359158,0.02855314687,3.815628588e-06,-2.96998769e-06,-2.96998769e-06,1.17328018e-05,0,3.59472e-11,2.82535e-06,0.03815180063,-0.02969552577,-0.384909936,0.03319926749
421,4.210000,-0.3830375969,0.02855570614,3.815628588e-06,-2.96998769e-06,-2.96998769e-06,1.17328018e-05,0,3.59472e-11,2.82535e-06,0.03815180063,-0.02969552577,-0.3851465064,0.03269182095
422,4.220000,-0.3844852075,0.02867785934,3.815628588e-06,-2.96998769e-06,-2.96998769e-06,1.17328018e-05,0,3.59472e-11,2.82535e-06,0.03815180063,-0.02969552577,-0.3859596028,0.03269815083
423,4.230000,-0.3864609152,0.02821872849,3.815628588e-06,-2.96998769e-06,-2.96998769e-06,1.17328018e-05,0,3.59472e-11,2.82535e-06,0.03815180063,-0.02969552577,-0.3873571666,0.03238885409
424,4.240000,-0.388273526,0.02772632241,3.815628588e-06,-2.96998769e-06,-2.96998769e-06,1.17328018e-05,0,3.59472e-11,2.82535e-06,0.03815180063,-0.02969552577,-0.3893373365,0.03284187254
425,4.250000,-0.3902038857,0.02703646198,3.815628588e-06,-2.96998769e-06,-2.96998769e-06,1.17328018e-05,0,3.59472e-11,2.82535e-06,0.03815180063,-0.02969552577,-0.3918885585,0.03319302319
426,4.260000,-0.3939665705,0.02707681712,3.815628588e-06,-2.96998769e-06,-2.96998769e-06,1.17328018e-05,0,3.59472e-11,2.82535e-06,0.03815180063,-0.02969552577,-0.3949898108,0.03340634679
427,4.270000,-0.3971881606,0.02676998451,3.815628588e-06,-2.96998769e-06,-2.96998769e-06,1.17328018e-05,0,3.59472e-11,2.82535e-06,0.03815180063,-0.02969552577,-0.3986109417,0.03353012297
428,4.280000,-0.4014861286,0.02684725355,3.815628588e-06,-2.96998769e-06,-2.96998769e-06,1.17328018e-05,0,3.59472e-11,2.82535e-06,0.03815180063,-0.02969552577,-0.4027131159,0.03351842008
429,4.290000,-0.405932501,0.02678230871,3.815628588e-06,-2.96998769e-06,-2.96998769e-06,1.17328018e-05,0,3.59472e-11,2.82535e-06,0.03815180063,-0.02969552577,-0.4072493629,0.03364936671
430,4.300000,-0.4107599892,0.02708609961,3.815628588e-06,-2.96998769e-06,-2.96998769e-06,1.17328018e-05,0,3.59472e-11,2.82535e-06,0.03815180063,-0.02969552577,-0.4121652227,0.03390962041
431,4.310000,-0.4166164249,0.02734871209,3.815628588e-06,-2.96998769e-06,-2.96998769e-06,1.17328018e-05,0,3.59472e-11,2.82535e-06,0.03815180063,-0.02969552577,-0.4173994801,0.03388735961
432,4.320000,-0.420774959,0.02678766381,3.815628588e-06,-2.96998769e-06,-2.96998769e-06,1.17328018e-05,0,3.59472e-11,2.82535e-06,0.03815180063,-0.02969552577,-0.4228849782,0.03360868478
433,4.330000,-0.4252653159,0.02625600155,3.815628588e-06,-2.96998769e-06,-2.96998769e-06,1.17328018e-05,0,3.59472e-11,2.82535e-06,0.03815180063,-0.02969552577,-0.4285495039,0.033574165
434,4.340000,-0.4313201196,0.02649971284,3.815628588e-06,-2.96998769e-06,-2.96998769e-06,1.17328018e-05,0,3.59472e-11,2.82535e-06,0.03815180063,-0.02969552577,-0.434316732,0.03316705998
435,4.350000,-0.4372632578,0.0269002011,3.815628588e-06,-2.96998769e-06,-2.96998769e-06,1.17328018e-05,0,3.59472e-11,2.82535e-06,0.03815180063,-0.02969552577,-0.440107219,0.03359532431
436,4.360000,-0.4427859746,0.02704774868,3.815628588e-06,-2.96998769e-06,-2.96998769e-06,1.17328018e-05,0,3.59472e-11,2.82535e-06,0.03815180063,-0.02969552577,-0.4458394341,0.0339253031
437,4.370000,-0.4480390102,0.02675834484,3.815628588e-06,-2.96998769e-06,-2.96998769e-06,1.17328018e-05,0,3.59472e-11,2.82535e-06,0.03815180063,-0.02969552577,-0.4514308154,0.03384842291
438,4.380000,-0.4539711289,0.02707716636,3.815628588e-06,-2.96998769e-06,-2.96998769e-06,1.17328018e-05,0,3.59472e-11,2.82535e-06,0.03815180063,-0.02969552577,-0.4567988389,0.03390678881
439,4.390000,-0.4583868608,0.02701992448,3.815628588e-06,-2.96998769e-06,-2.96998769e-06,1.17328018e-05,0,3.59472e-11,2.82535e-06,0.03815180063,-0.02969552577,-0.4618620878,0.03387327702
440,4.400000,-0.4628741853,0.02683889959,3.815628588e-06,-2.96998769e-06,-2.96998769e-06,1.17328018e-05,0,3.59472e-11,2.82535e-06,0.03815180063,-0.02969552577,-0.4665413097,0.03363437794
441,4.410000,-0.4666775092,0.02679713815,3.815628588e-06,-2.96998769e-06,-2.96998769e-06,1.17328018e-05,0,3.59472e-11,2.82535e-06,0.03815180063,-0.02969552577,-0.4707604489,0.03376675002
442,4.420000,-0.4706278406,0.02729145624,3.815628588e-06,-2.96998769e-06,-2.96998769e-06,1.17328018e-05,0,3.59472e-11,2.82535e-06,0.03815180063,-0.02969552577,-0.4744476425,0.03370222295
443,4.430000,-0.4740274139,0.02760466281,3.815628588e-06,-2.96998769e-06,-2.96998769e-06,1.17328018e-05,0,3.59472e-11,2.82535e-06,0.03815180063,-0.02969552577,-0.4775361679,0.03331916078
444,4.440000,-0.4756875746,0.027396583,3.815628588e-06,-2.96998769e-06,-2.96998769e-06,1.17328018e-05,0,3.59472e-11,2.82535e-06,0.03815180063,-0.02969552577,-0.4799653302,0.03349133964
445,4.450000,-0.477425091,0.02787308116,3.815628588e-06,-2.96998769e-06,-2.96998769e-06,1.17328018e-05,0,3.59472e-11,2.82535e-06,0.03815180063,-0.02969552577,-0.4816812808,0.03346130658
446,4.460000,-0.4779671244,0.02782488707,3.815628588e-06,-2.96998769e-06,-2.96998769e-06,1.17328018e-05,0,3.59472e-11,2.82535e-06,0.03815180063,-0.02969552577,-0.4826377553,0.03382179425
447,4.470000,-0.477694083,0.02814828046,3.815628588e-06,-2.96998769e-06,-2.96998769e-06,1.17328018e-05,0,3.59472e-11,2.82535e-06,0.03815180063,-0.02969552577,-0.4827967236,0.0336627057
448,4.480000,-0.4767132364,0.02830296196,3.815628588e-06,-2.96998769e-06,-2.96998769e-06,1.17328018e-05,0,3.59472e-11,2.82535e-06,0.03815180063,-0.02969552577,-0.4821289438,0.03316299998
449,4.490000,-0.4755307883,0.02838440053,3.815628588e-06,-2.96998769e-06,-2.96998769e-06,1.17328018e-05,0,3.59472e-11,2.82535e-06,0.03815180063,-0.02969552577,-0.4806144136,0.03284835915
450,4.500000,-0.4739343934,0.02915837057,3.815628588e-06,-2.96998769e-06,-2.96998769e-06,1.17328018e-05,0,3.59472e-11,2.82535e-06,0.03815180063,-0.02969552577,-0.4782427133,0.03255506138
451,4.510000,-0.4705923758,0.02891824394,3.815628588e-06,-2.96998769e-06,-2.96998769e-06,1.17328018e-05,0,3.59472e-11,2.82535e-06,0.03815180063,-0.02969552577,-0.4750132367,0.03283263954
452,4.520000,-0.465806596,0.02906644531,3.815628588e-06,-2.96998769e-06,-2.96998769e-06,1.17328018e-05,0,3.59472e-11,2.82535e-06,0.03815180063,-0.02969552577,-0.4709353066,0.03331468747
453,4.530000,-0.4602216594,0.02906609885,3.815628588e-06,-2.96998769e-06,-2.96998769e-06,1.17328018e-05,0,3.59472e-11,2.82535e-06,0.03815180063,-0.02969552577,-0.4660281736,0.03312072789
454,4.540000,-0.4537870884,0.02916651964,3.815628588e-06,-2.96998769e-06,-2.96998769e-06,1.17328018e-05,0,3.59472e-11,2.82535e-06,0.03815180063,-0.02969552577,-0.4603208981,0.03325230837
455,4.550000,-0.4476296194,0.0294229174,3.815628588e-06,-2.96998769e-06,-2.96998769e-06,1.17328018e-05,0,3.59472e-11,2.82535e-06,0.03815180063,-0.02969552577,-0.4538521159,0.03338369633
456,4.560000,-0.4406575114,0.02948433161,3.815628588e-06,-2.96998769e-06,-2.96998769e-06,1.17328018e-05,0,3.59472e-11,2.82535e-06,0.03815180063,-0.02969552577,-0.4466696909,0.03335550315
457,4.570000,-0.4315899499,0.02946794778,3.815628588e-06,-2.96998769e-06,-2.96998769e-06,1.17328018e-05,0,3.59472e-11,2.82535e-06,0.03815180063,-0.02969552577,-0.4388302571,0.03314426273
458,4.580000,-0.4230100922,0.02981137112,3.815628588e-06,-2.96998769e-06,-2.96998769e-06,1.17328018e-05,0,3.59472e-11,2.82535e-06,0.03815180063,-0.02969552577,-0.4303986573,0.03358158037
459,4.590000,-0.413784191,0.02996129356,3.815628588e-06,-2.96998769e-06,-2.96998769e-06,1.17328018e-05,0,3.59472e-11,2.82535e-06,0.03815180063,-0.02969552577,-0.4214472818,0.0333794998
460,4.600000,-0.4044724628,0.03037305456,3.815628588e-06,-2.96998769e-06,-2.96998769e-06,1.17328018e-05,0,3.59472e-11,2.82535e-06,0.03815180063,-0.02969552577,-0.4120553172,0.03282696162
461,4.610000,-0.3940914497,0.03014180902,3.815628588e-06,-2.96998769e-06,-2.96998769e-06,1.17328018e-05,0,3.59472e-11,2.82535e-06,0.03815180063,-0.02969552577,-0.4023079115,0.03271577605
462,4.620000,-0.3846240453,0.03061164543,3.815628588e-06,-2.96998769e-06,-2.96998769e-06,1.17328018e-05,0,3.59472e-11,2.82535e-06,0.03815180063,-0.02969552577,-0.3922952663,0.03275690105
463,4.630000,-0.3746665493,0.03093449026,3.815628588e-06,-2.96998769e-06,-2.96998769e-06,1.17328018e-05,0,3.59472e-11,2.82535e-06,0.03815180063,-0.02969552577,-0.3821116662,0.0327477967
464,4.640000,-0.3640209883,0.03086362313,3.815628588e-06,-2.96998769e-06,-2.96998769e-06,1.17328018e-05,0,3.59472e-11,2.82535e-06,0.03815180063,-0.02969552577,-0.3718544553,0.03261197577
465,4.650000,-0.3542640433,0.0314064743,3.815628588e-06,-2.96998769e-06,-2.96998769e-06,1.17328018e-05,0,3.59472e-11,2.82535e-06,0.03815180063,-0.02969552577,-0.3616229734,0.03239058774
466,4.660000,-0.3450643122,0.03182523791,3.815628588e-06,-2.96998769e-06,-2.96998769e-06,1.17328018e-05,0,3.59472e-11,2.82535e-06,0.03815180063,-0.02969552577,-0.3515174638,0.03263106938
467,4.670000,-0.3362839669,0.03230896499,3.815628588e-06,-2.96998769e-06,-2.96998769e-06,1.17328018e-05,0,3.59472e-11,2.82535e-06,0.03815180063,-0.02969552577,-0.3416379647,0.03277227688
468,4.680000,-0.3271883465,0.03254556097,3.815628588e-06,-2.96998769e-06,-2.96998769e-06,1.17328018e-05,0,3.59472e-11,2.82535e-06,0.03815180063,-0.02969552577,-0.3320831973,0.03233269891
469,4.690000,-0.3182164654,0.03305643518,3.815628588e-06,-2.96998769e-06,-2.96998769e-06,1.17328018e-05,0,3.59472e-11,2.82535e-06,0.03815180063,-0.02969552577,-0.3229494627,0.03251957649
470,4.700000,-0.3095076233,0.03268000577,3.815628588e-06,-2.96998769e-06,-2.96998769e-06,1.17328018e-05,0,3.59472e-11,2.82535e-06,0.03815180063,-0.02969552577,-0.3143295606,0.0330575548
471,4.710000,-0.302197095,0.03329693992,3.815628588e-06,-2.96998769e-06,-2.96998769e-06,1.17328018e-05,0,3.59472e-11,2.82535e-06,0.03815180063,-0.02969552577,-0.3063117417,0.03263494529
472,4.720000,-0.2955252603,0.03361058701,3.815628588e-06,-2.96998769e-06,-2.96998769e-06,1.17328018e-05,0,3.59472e-11,2.82535e-06,0.03815180063,-0.02969552577,-0.2989787067,0.03308404382
473,4.730000,-0.2907304429,0.03427305538,3.815628588e-06,-2.96998769e-06,-2.96998769e-06,1.17328018e-05,0,3.59472e-11,2.82535e-06,0.03815180063,-0.02969552577,-0.2924066621,0.03306735416
474,4.740000,-0.2853736989,0.03425346594,3.815628588e-06,-2.96998769e-06,-2.96998769e-06,1.17328018e-05,0,3.59472e-11,2.82535e-06,0.03815180063,-0.02969552577,-0.2866644442,0.03278712534
475,4.750000,-0.2818283625,0.03487956244,3.815628588e-06,-2.96998769e-06,-2.96998769e-06,1.17328018e-05,0,3.59472e-11,2.82535e-06,0.03815180063,-0.02969552577,-0.2818127221,0.03278268911
476,4.760000,-0.2777073979,0.03425465245,3.815628588e-06,-2.96998769e-06,-2.96998769e-06,1.17328018e-05,0,3.59472e-11,2.82535e-06,0.03815180063,-0.02969552577,-0.2779032871,0.03264991007
477,4.770000,-0.2751150765,0.03386071883,3.815628588e-06,-2.96998769e-06,-2.96998769e-06,1.17328018e-05,0,3.59472e-11,2.82535e-06,0.03815180063,-0.02969552577,-0.2749784391,0.03278487449
478,4.780000,-0.2735059634,0.03372914437,3.815628588e-06,-2.96998769e-06,-2.96998769e-06,1.17328018e-05,0,3.59472e-11,2.82535e-06,0.03815180063,-0.02969552577,-0.2730704743,0.03217206889
479,4.790000,-0.2738829143,0.03394855838,3.815628588e-06,-2.96998769e-06,-2.96998769e-06,1.17328018e-05,0,3.59472e-11,2.82535e-06,0.03815180063,-0.02969552577,-0.272201283,0.03224992512
480,4.800000,-0.2749723084,0.03412654158,3.815628588e-06,-2.96998769e-06,-2.96998769e-06,1.17328018e-05,0,3.59472e-11,2.82535e-06,0.03815180063,-0.02969552577,-0.2723820603,0.03180933825
481,4.810000,-0.2769011706,0.03416238166,3.815628588e-06,-2.96998769e-06,-2.96998769e-06,1.17328018e-05,0,3.59472e-11,2.82535e-06,0.03815180063,-0.02969552577,-0.2736131335,0.03209795316
482,4.820000,-0.2803588882,0.03440578934,3.815628588e-06,-2.96998769e-06,-2.96998769e-06,1.17328018e-05,0,3.59472e-11,2.82535e-06,0.03815180063,-0.02969552577,-0.2758839095,0.03209296873
483,4.830000,-0.2836074643,0.03428835701,3.815628588e-06,-2.96998769e-06,-2.96998769e-06,1.17328018e-05,0,3.59472e-11,2.82535e-06,0.03815180063,-0.02969552577,-0.2791729415,0.03162601723
484,4.840000,-0.28825913,0.03424238134,3.815628588e-06,-2.96998769e-06,-2.96998769e-06,1.17328018e-05,0,3.59472e-11,2.82535e-06,0.03815180063,-0.02969552577,-0.2834481153,0.03136634591
485,4.850000,-0.294137869,0.03420906328,3.815628588e-06,-2.96998769e-06,-2.96998769e-06,1.17328018e-05,0,3.59472e-11,2.82535e-06,0.03815180063,-0.02969552577,-0.2886669528,0.03148747102
486,4.860000,-0.3007093929,0.03411698341,3.815628588e-06,-2.96998769e-06,-2.96998769e-06,1.17328018e-05,0,3.59472e-11,2.82535e-06,0.03815180063,-0.02969552577,-0.2947770304,0.03212650817
487,4.870000,-0.3079035766,0.03383535985,3.815628588e-06,-2.96998769e-06,-2.96998769e-06,1.17328018e-05,0,3.59472e-11,2.82535e-06,0.03815180063,-0.02969552577,-0.3017165066,0.03221238242
488,4.880000,-0.3152583316,0.03302888013,3.815628588e-06,-2.96998769e-06,-2.96998769e-06,1.17328018e-05,0,3.59472e-11,2.82535e-06,0.03815180063,-0.02969552577,-0.3094147539,0.03213749262
489,4.890000,-0.3243155628,0.0333430199,3.815628588e-06,-2.96998769e-06,-2.96998769e-06,1.17328018e-05,0,3.59472e-11,2.82535e-06,0.03815180063,-0.02969552577,-0.3177930874,0.03236792095
490,4.900000,-0.3334133253,0.03312443476,3.815628588e-06,-2.96998769e-06,-2.96998769e-06,1.17328018e-05,0,3.59472e-11,2.82535e-06,0.03815180063,-0.02969552577,-0.3267655832,0.032196638
491,4.910000,-0.3418518081,0.03228279855,3.815628588e-06,-2.96998769e-06,-2.96998769e-06,1.17328018e-05,0,3.59472e-11,2.82535e-06,0.03815180063,-0.02969552577,-0.3362399754,0.03203878428
492,4.920000,-0.3515517749,0.03199089039,3.815628588e-06,-2.96998769e-06,-2.96998769e-06,1.17328018e-05,0,3.59472e-11,2.82535e-06,0.03815180063,-0.02969552577,-0.3461186249,0.03182983516
493,4.930000,-0.3612397015,0.03193842899,3.815628588e-06,-2.96998769e-06,-2.96998769e-06,1.17328018e-05,0,3.59472e-11,2.82535e-06,0.03815180063,-0.02969552577,-0.356299546,0.03206607964
494,4.940000,-0.3723323569,0.03222397529,3.815628588e-06,-2.96998769e-06,-2.96998769e-06,1.17328018e-05,0,3.59472e-11,2.82535e-06,0.03815180063,-0.02969552577,-0.3666774818,0.031901753
495,4.950000,-0.382742282,0.03248107899,3.815628588e-06,-2.96998769e-06,-2.96998769e-06,1.17328018e-05,0,3.59472e-11,2.82535e-06,0.03815180063,-0.02969552577,-0.3771450152,0.03214580776
496,4.960000,-0.3930220418,0.0323837474,3.815628588e-06,-2.96998769e-06,-2.96998769e-06,1.17328018e-05,0,3.59472e-11,2.82535e-06,0.03815180063,-0.02969552577,-0.3875937032,0.03252679361
497,4.970000,-0.4029238857,0.03219023999,3.815628588e-06,-2.96998769e-06,-2.96998769e-06,1.17328018e-05,0,3.59472e-11,2.82535e-06,0.03815180063,-0.02969552577,-0.3979152234,0.03259427495
498,4.980000,-0.4124012813,0.03217404243,3.815628588e-06,-2.96998769e-06,-2.96998769e-06,1.17328018e-05,0,3.59472e-11,2.82535e-06,0.03815180063,-0.02969552577,-0.4080025169,0.0328395953
499,4.990000,-0.4225209318,0.03237793036,3.815628588e-06,-2.96998769e-06,-2.96998769e-06,1.17328018e-05,0,3.59472e-11,2.82535e-06,0.03815180063,-0.02969552577,-0.4177509182,0.03294243394
500,5.000000,-0.4316240028,0.03206831962,3.815628588e-06,-2.96998769e-06,-2.96998769e-06,1.17328018e-05,0,3.59472e-11,2.82535e-06,0.03815180063,-0.02969552577,-0.4270592576,0.03277075205
501,5.010000,-0.4398412183,0.0318327602,3.815628588e-06,-2.96998769e-06,-2.96998769e-06,1.17328018e-05,0,3.59472e-11,2.82535e-06,0.03815180063,-0.02969552577,-0.4358309239,0.03306994741
502,5.020000,-0.4483397119,0.03228300717,3.815628588e-06,-2.96998769e-06,-2.96998769e-06,1.17328018e-05,0,3.59472e-11,2.82535e-06,0.03815180063,-0.02969552577,-0.4439748767,0.0336512132
503,5.030000,-0.454645589,0.03164397087,3.815628588e-06,-2.96998769e-06,-2.96998769e-06,1.17328018e-05,0,3.59472e-11,2.82535e-06,0.03815180063,-0.02969552577,-0.4514065958,0.0334285512
504,5.040000,-0.4612570442,0.03177004959,3.815628588e-06,-2.96998769e-06,-2.96998769e-06,1.17328018e-05,0,3.59472e-11,2.82535e-06,0.03815180063,-0.02969552577,-0.4580489579,0.03346663562
505,5.050000,-0.4668749198,0.03204649501,3.815628588e-06,-2.96998769e-06,-2.96998769e-06,1.17328018e-05,0,3.59472e-11,2.82535e-06,0.03815180063,-0.02969552577,-0.4638330312,0.03342774206
506,5.060000,-0.4715567455,0.03206185065,3.815628588e-06,-2.96998769e-06,-2.96998769e-06,1.17328018e-05,0,3.59472e-11,2.82535e-06,0.03815180063,-0.02969552577,-0.4686987782,0.0336522009
507,5.070000,-0.4743076861,0.03157102317,3.815628588e-06,-2.96998769e-06,-2.96998769e-06,1.17328018e-05,0,3.59472e-11,2.82535e-06,0.03815180063,-0.02969552577,-0.4725956597,0.03434297097
508,5.080000,-0.477356486,0.03160644416,3.815628588e-06,-2.96998769e-06,-2.96998769e-06,1.17328018e-05,0,3.59472e-11,2.82535e-06,0.03815180063,-0.02969552577,-0.4754831329,0.03466330191
509,5.090000,-0.478267502,0.03140527941,3.815628588e-06,-2.96998769e-06,-2.96998769e-06,1.17328018e-05,0,3.59472e-11,2.82535e-06,0.03815180063,-0.02969552577,-0.4773310393,0.03470018438
510,5.100000,-0.4790543579,0.03155879769,3.815628588e-06,-2.96998769e-06,-2.96998769e-06,1.17328018e-05,0,3.59472e-11,2.82535e-06,0.03815180063,-0.02969552577,-0.4781198767,0.03467677146
511,5.110000,-0.4782642573,0.0314414259,3.815628588e-06,-2.96998769e-06,-2.96998769e-06,1.17328018e-05,0,3.59472e-11,2.82535e-06,0.03815180063,-0.02969552577,-0.4778409532,0.03479340201
512,5.120000,-0.4759696536,0.03131226916,3.815628588e-06,-2.96998769e-06,-2.96998769e-06,1.17328018e-05,0,3.59472e-11,2.82535e-06,0.03815180063,-0.02969552577,-0.4764964223,0.03456087238
513,5.130000,-0.4719848037,0.03082657605,3.815628588e-06,-2.96998769e-06,-2.96998769e-06,1.17328018e-05,0,3.59472e-11,2.82535e-06,0.03815180063,-0.02969552577,-0.4740991977,0.0348948009
514,5.140000,-0.4677052684,0.03037655633,3.815628588e-06,-2.96998769e-06,-2.96998769e-06,1.17328018e-05,0,3.59472e-11,2.82535e-06,0.03815180063,-0.02969552577,-0.47067275,0.03459597583
515,5.150000,-0.4626340829,0.03008345328,3.815628588e-06,-2.96998769e-06,-2.96998769e-06,1.17328018e-05,0,3.59472e-11,2.82535e-06,0.03815180063,-0.02969552577,-0.4662507876,0.03416225312
516,5.160000,-0.4569067508,0.02986681182,3.815628588e-06,-2.96998769e-06,-2.96998769e-06,1.17328018e-05,0,3.59472e-11,2.82535e-06,0.03815180063,-0.02969552577,-0.4608768251,0.03460116029
517,5.170000,-0.44997596,0.02999383491,3.815628588e-06,-2.96998769e-06,-2.96998769e-06,1.17328018e-05,0,3.59472e-11,2.82535e-06,0.03815180063,-0.02969552577,-0.454603645,0.03504131702
518,5.180000,-0.4429221638,0.03063093126,3.815628588e-06,-2.96998769e-06,-2.96998769e-06,1.17328018e-05,0,3.59472e-11,2.82535e-06,0.03815180063,-0.02969552577,-0.4474926585,0.03502251348
519,5.190000,-0.4352077693,0.03120839875,3.815628588e-06,-2.96998769e-06,-2.96998769e-06,1.17328018e-05,0,3.59472e-11,2.82535e-06,0.03815180063,-0.02969552577,-0.4396131736,0.03521121164
520,5.200000,-0.4268949628,0.03145414498,3.815628588e-06,-2.96998769e-06,-2.96998769e-06,1.17328018e-05,0,3.59472e-11,2.82535e-06,0.03815180063,-0.02969552577,-0.4310415779,0.03525973199
521,5.210000,-0.4176636636,0.03208244033,3.815628588e-06,-2.96998769e-06,-2.96998769e-06,1.17328018e-05,0,3.59472e-11,2.82535e-06,0.03815180063,-0.02969552577,-0.4218604465,0.0351163843
522,5.220000,-0.4078729227,0.03215495776,3.815628588e-06,-2.96998769e-06,-2.96998769e-06,1.17328018e-05,0,3.59472e-11,2.82535e-06,0.03815180063,-0.02969552577,-0.4121575847,0.03609917916
523,5.230000,-0.3983262703,0.03261700366,3.815628588e-06,-2.96998769e-06,-2.96998769e-06,1.17328018e-05,0,3.59472e-11,2.82535e-06,0.03815180063,-0.02969552577,-0.4020250167,0.03604405308
524,5.240000,-0.3884355761,0.03304400016,3.815628588e-06,-2.96998769e-06,-2.96998769e-06,1.17328018e-05,0,3.59472e-11,2.82535e-06,0.03815180063,-0.02969552577,-0.3915579324,0.03655161525
525,5.250000,-0.3771360666,0.03255638201,3.815628588e-06,-2.96998769e-06,-2.96998769e-06,1.17328018e-05,0,3.59472e-11,2.82535e-06,0.03815180063,-0.02969552577,-0.3808536029,0.03643090848
526,5.260000,-0.366645243,0.03270345274,3.815628588e-06,-2.96998769e-06,-2.96998769e-06,1.17328018e-05,0,3.59472e-11,2.82535e-06,0.03815180063,-0.02969552577,-0.3700102794,0.03676971735
527,5.270000,-0.3568768688,0.03367585503,3.815628588e-06,-2.96998769e-06,-2.96998769e-06,1.17328018e-05,0,3.59472e-11,2.82535e-06,0.03815180063,-0.02969552577,-0.3591260858,0.03661247532
528,5.280000,-0.3462054469,0.03360855952,3.815628588e-06,-2.96998769e-06,-2.96998769e-06,1.17328018e-05,0,3.59472e-11,2.82535e-06,0.03815180063,-0.02969552577,-0.3482979191,0.0368493295
529,5.290000,-0.3346995339,0.03341785166,3.815628588e-06,-2.96998769e-06,-2.96998769e-06,1.17328018e-05,0,3.59472e-11,2.82535e-06,0.03815180063,-0.02969552577,-0.3376203694,0.03670978078
530,5.300000,-0.3244952634,0.03323755134,3.815628588e-06,-2.96998769e-06,-2.96998769e-06,1.17328018e-05,0,3.59472e-11,2.82535e-06,0.03815180063,-0.02969552577,-0.3271846728,0.03739159177
531,5.310000,-0.3142137676,0.03337290511,3.815628588e-06,-2.96998769e-06,-2.96998769e-06,1.17328018e-05,0,3.59472e-11,2.82535e-06,0.03815180063,-0.02969552577,-0.3170777069,0.03694012784
532,5.320000,-0.3050624877,0.03366280627,3.815628588e-06,-2.96998769e-06,-2.96998769e-06,1.17328018e-05,0,3.59472e-11,2.82535e-06,0.03815180063,-0.02969552577,-0.3073810435,0.03716230671
533,5.330000,-0.2964384183,0.03374313936,3.815628588e-06,-2.96998769e-06,-2.96998769e-06,1.17328018e-05,0,3.59472e-11,2.82535e-06,0.03815180063,-0.02969552577,-0.2981700664,0.03668367333
534,5.340000,-0.2880847789,0.0336204106,3.815628588e-06,-2.96998769e-06,-2.96998769e-06,1.17328018e-05,0,3.59472e-11,2.82535e-06,0.03815180063,-0.02969552577,-0.2895131655,0.03668855043
535,5.350000,-0.2810980715,0.03420707863,3.815628588e-06,-2.96998769e-06,-2.96998769e-06,1.17328018e-05,0,3.59472e-11,2.82535e-06,0.03815180063,-0.02969552577,-0.2814710166,0.03643633567
536,5.360000,-0.2741530612,0.03421431873,3.815628588e-06,-2.96998769e-06,-2.96998769e-06,1.17328018e-05,0,3.59472e-11,2.82535e-06,0.03815180063,-0.02969552577,-0.274095954,0.03610932673
537,5.370000,-0.2680898197,0.03423562646,3.815628588e-06,-2.96998769e-06,-2.96998769e-06,1.17328018e-05,0,3.59472e-11,2.82535e-06,0.03815180063,-0.02969552577,-0.2674314438,0.03583820667
538,5.380000,-0.2625871822,0.03444422223,3.815628588e-06,-2.96998769e-06,-2.96998769e-06,1.17328018e-05,0,3.59472e-11,2.82535e-06,0.03815180063,-0.02969552577,-0.2615116633,0.03597607489
539,5.390000,-0.2576134019,0.03436894156,3.815628588e-06,-2.96998769e-06,-2.96998769e-06,1.17328018e-05,0,3.59472e-11,2.82535e-06,0.03815180063,-0.02969552577,-0.2563611915,0.03645023891
540,5.400000,-0.2533850297,0.03428759519,3.815628588e-06,-2.96998769e-06,-2.96998769e-06,1.17328018e-05,0,3.59472e-11,2.82535e-06,0.03815180063,-0.02969552577,-0.2519948132,0.03635708938
541,5.410000,-0.2502146512,0.03400067706,3.815628588e-06,-2.96998769e-06,-2.96998769e-06,1.17328018e-05,0,3.59472e-11,2.82535e-06,0.03815180063,-0.02969552577,-0.24841744,0.03616295518
542,5.420000,-0.2480454966,0.03393042088,3.815628588e-06,-2.96998769e-06,-2.96998769e-06,1.17328018e-05,0,3.59472e-11,2.82535e-06,0.03815180063,-0.02969552577,-0.2456241476,0.03608414875
543,5.430000,-0.2463897504,0.03367535118,3.815628588e-06,-2.96998769e-06,-2.96998769e-06,1.17328018e-05,0,3.59472e-11,2.82535e-06,0.03815180063,-0.02969552577,-0.2436003301,0.03615835092
544,5.440000,-0.246063754,0.03400153853,3.815628588e-06,-2.96998769e-06,-2.96998769e-06,1.17328018e-05,0,3.59472e-11,2.82535e-06,0.03815180063,-0.02969552577,-0.242321968,0.03615075919
545,5.450000,-0.2454434112,0.0338677587,3.815628588e-06,-2.96998769e-06,-2.96998769e-06,1.17328018e-05,0,3.59472e-11,2.82535e-06,0.03815180063,-0.02969552577,-0.2417560072,0.03630625304
546,5.460000,-0.2462395616,0.03400024958,3.815628588e-06,-2.96998769e-06,-2.96998769e-06,1.17328018e-05,0,3.59472e-11,2.82535e-06,0.03815180063,-0.02969552577,-0.2418608447,0.03686005799
547,5.470000,-0.2464017235,0.03371981625,3.815628588e-06,-2.96998769e-06,-2.96998769e-06,1.17328018e-05,0,3.59472e-11,2.82535e-06,0.03815180063,-0.02969552577,-0.2425869149,0.03683905142
548,5.480000,-0.2476730756,0.03386325296,3.815628588e-06,-2.96998769e-06,-2.96998769e-06,1.17328018e-05,0,3.59472e-11,2.82535e-06,0.03815180063,-0.02969552577,-0.2438773692,0.03679656388
549,5.490000,-0.2498316206,0.0338354893,3.815628588e-06,-2.96998769e-06,-2.96998769e-06,1.17328018e-05,0,3.59472e-11,2.82535e-06,0.03815180063,-0.02969552577,-0.2456688415,0.03657739055
550,5.500000,-0.2524993122,0.03400225658,3.815628588e-06,-2.96998769e-06,-2.96998769e-06,1.17328018e-05,0,3.59472e-11,2.82535e-06,0.03815180063,-0.02969552577,-0.2478922901,0.0360885605
551,5.510000,-0.2559579238,0.03424062952,3.815628588e-06,-2.96998769e-06,-2.96998769e-06,1.17328018e-05,0,3.59472e-11,2.82535e-06,0.03815180063,-0.02969552577,-0.2504739064,0.03633178339
552,5.520000,-0.258472234,0.0340367062,3.815628588e-06,-2.96998769e-06,-2.96998769e-06,1.17328018e-05,0,3.59472e-11,2.82535e-06,0.03815180063,-0.02969552577,-0.2533360798,0.03643267577
553,5.530000,-0.2621251754,0.03416440822,3.815628588e-06,-2.96998769e-06,-2.96998769e-06,1.17328018e-05,0,3.59472e-11,2.82535e-06,0.03815180063,-0.02969552577,-0.2563984065,0.03664387178
554,5.540000,-0.2649296969,0.03390192147,3.815628588e-06,-2.96998769e-06,-2.96998769e-06,1.17328018e-05,0,3.59472e-11,2.82535e-06,0.03815180063,-0.02969552577,-0.2595787325,0.03731330902
555,5.550000,-0.2668276615,0.0332104573,3.815628588e-06,-2.96998769e-06,-2.96998769e-06,1.17328018e-05,0,3.59472e-11,2.82535e-06,0.03815180063,-0.02969552577,-0.2627942156,0.03747098882
556,5.560000,-0.2697631381,0.03322685696,3.815628588e-06,-2.96998769e-06,-2.96998769e-06,1.17328018e-05,0,3.59472e-11,2.82535e-06,0.03815180063,-0.02969552577,-0.2659623973,0.03770691494
557,5.570000,-0.2725312412,0.03300084546,3.815628588e-06,-2.96998769e-06,-2.96998769e-06,1.17328018e-05,0,3.59472e-11,2.82535e-06,0.03815180063,-0.02969552577,-0.2690022691,0.03745146207
558,5.580000,-0.2744721659,0.03229442053,3.815628588e-06,-2.96998769e-06,-2.96998769e-06,1.17328018e-05,0,3.59472e-11,2.82535e-06,0.03815180063,-0.02969552577,-0.2718353226,0.03722790492
559,5.590000,-0.2758340724,0.03143779282,3.815628588e-06,-2.96998769e-06,-2.96998769e-06,1.17328018e-05,0,3.59472e-11,2.82535e-06,0.03815180063,-0.02969552577,-0.2743865703,0.03724380593
560,5.600000,-0.2775005959,0.03121889569,3.815628588e-06,-2.96998769e-06,-2.96998769e-06,1.17328018e-05,0,3.59472e-11,2.82535e-06,0.03815180063,-0.02969552577,-0.2765855253,0.03760446274
561,5.610000,-0.2785539217,0.03058618866,3.815628588e-06,-2.96998769e-06,-2.96998769e-06,1.17328018e-05,0,3.59472e-11,2.82535e-06,0.03815180063,-0.02969552577,-0.2783671284,0.03771775075
562,5.620000,-0.2799243927,0.03035886213,3.815628588e-06,-2.96998769e-06,-2.96998769e-06,1.17328018e-05,0,3.59472e-11,2.82535e-06,0.03815180063,-0.02969552577,-0.2796726116,0.03778054553
563,5.630000,-0.2797381617,0.03008029796,3.815628588e-06,-2.96998769e-06,-2.96998769e-06,1.17328018e-05,0,3.59472e-11,2.82535e-06,0.03815180063,-0.02969552577,-0.2804502884,0.03806096236
564,5.640000,-0.2787186168,0.02964268997,3.815628588e-06,-2.96998769e-06,-2.96998769e-06,1.17328018e-05,0,3.59472e-11,2.82535e-06,0.03815180063,-0.02969552577,-0.28065626,0.03798082683
565,5.650000,-0.2780182324,0.02981794998,3.815628588e-06,-2.96998769e-06,-2.96998769e-06,1.17328018e-05,0,3.59472e-11,2.82535e-06,0.03815180063,-0.02969552577,-0.2802550318,0.03774889953
566,5.660000,-0.2757798657,0.02945407107,3.815628588e-06,-2.96998769e-06,-2.96998769e-06,1.17328018e-05,0,3.59472e-11,2.82535e-06,0.03815180063,-0.02969552577,-0.2792200292,0.03813943648
567,5.670000,-0.2746692412,0.02998480201,3.815628588e-06,-2.96998769e-06,-2.96998769e-06,1.17328018e-05,0,3.59472e-11,2.82535e-06,0.03815180063,-0.02969552577,-0.2775340101,0.03811292137
568,5.680000,-0.2721915431,0.0301437648,3.815628588e-06,-2.96998769e-06,-2.96998769e-06,1.17328018e-05,0,3.59472e-11,2.82535e-06,0.03815180063,-0.02969552577,-0.2751893668,0.03797486635
569,5.690000,-0.2689312398,0.0304325195,3.815628588e-06,-2.96998769e-06,-2.96998769e-06,1.17328018e-05,0,3.59472e-11,2.82535e-06,0.03815180063,-0.02969552577,-0.272188314,0.03832311943
570,5.700000,-0.2652998753,0.03059734683,3.815628588e-06,-2.96998769e-06,-2.96998769e-06,1.17328018e-05,0,3.59472e-11,2.82535e-06,0.03815180063,-0.02969552577,-0.268542961,0.03867252701
571,5.710000,-0.2611173838,0.03083579335,3.815628588e-06,-2.96998769e-06,-2.96998769e-06,1.17328018e-05,0,3.59472e-11,2.82535e-06,0.03815180063,-0.02969552577,-0.2642752673,0.03827600483
572,5.720000,-0.2553856485,0.03044247627,3.815628588e-06,-2.96998769e-06,-2.96998769e-06,1.17328018e-05,0,3.59472e-11,2.82535e-06,0.03815180063,-0.02969552577,-0.2594168798,0.03892559834
573,5.730000,-0.2500943281,0.03078751452,3.815628588e-06,-2.96998769e-06,-2.96998769e-06,1.17328018e-05,0,3.59472e-11,2.82535e-06,0.03815180063,-0.02969552577,-0.2540088561,0.03964888794
574,5.740000,-0.2440563068,0.03081281297,3.815628588e-06,-2.96998769e-06,-2.96998769e-06,1.17328018e-05,0,3.59472e-11,2.82535e-06,0.03815180063,-0.02969552577,-0.2481012743,0.03972978167
575,5.750000,-0.236819163,0.03025014512,3.815628588e-06,-2.96998769e-06,-2.96998769e-06,1.17328018e-05,0,3.59472e-11,2.82535e-06,0.03815180063,-0.02969552577,-0.2417527357,0.03936737178
576,5.760000,-0.2298999652,0.03013032209,3.815628588e-06,-2.96998769e-06,-2.96998769e-06,1.17328018e-05,0,3.59472e-11,2.82535e-06,0.03815180063,-0.02969552577,-0.2350297633,0.0395238192
577,5.770000,-0.2229489498,0.03010000847,3.815628588e-06,-2.96998769e-06,-2.96998769e-06,1.17328018e-05,0,3.59472e-11,2.82535e-06,0.03815180063,-0.02969552577,-0.2280061054,0.03973516749
578,5.780000,-0.215839386,0.02986657619,3.815628588e-06,-2.96998769e-06,-2.96998769e-06,1.17328018e-05,0,3.59472e-11,2.82535e-06,0.03815180063,-0.02969552577,-0.2207619501,0.03953441021
579,5.790000,-0.2086887173,0.02996877767,3.815628588e-06,-2.96998769e-06,-2.96998769e-06,1.17328018e-05,0,3.59472e-11,2.82535e-06,0.03815180063,-0.02969552577,-0.2133830606,0.03990908869
580,5.800000,-0.2013490312,0.03009457979,3.815628588e-06,-2.96998769e-06,-2.96998769e-06,1.17328018e-05,0,3.59472e-11,2.82535e-06,0.03815180063,-0.02969552577,-0.2059598405,0.039941956
581,5.810000,-0.1945047453,0.0302664293,3.815628588e-06,-2.96998769e-06,-2.96998769e-06,1.17328018e-05,0,3.59472e-11,2.82535e-06,0.03815180063,-0.02969552577,-0.1985863395,0.04048389125
582,5.820000,-0.1874446422,0.03038893361,3.815628588e-06,-2.96998769e-06,-2.96998769e-06,1.17328018e-05,0,3.59472e-11,2.82535e-06,0.03815180063,-0.02969552577,-0.1913592112,0.04042329664
583,5.830000,-0.1817327105,0.03094362933,3.815628588e-06,-2.96998769e-06,-2.96998769e-06,1.17328018e-05,0,3.59472e-11,2.82535e-06,0.03815180063,-0.02969552577,-0.184376634,0.040554494
584,5.840000,-0.1758291125,0.03139981069,3.815628588e-06,-2.96998769e-06,-2.96998769e-06,1.17328018e-05,0,3.59472e-11,2.82535e-06,0.03815180063,-0.02969552577,-0.1777372088,0.04087099498
585,5.850000,-0.1702721789,0.03167584725,3.815628588e-06,-2.96998769e-06,-2.96998769e-06,1.17328018e-05,0,3.59472e-11,2.82535e-06,0.03815180063,-0.02969552577,-0.1715388436,0.0408863905
586,5.860000,-0.1652403809,0.03189989552,3.815628588e-06,-2.96998769e-06,-2.96998769e-06,1.17328018e-05,0,3.59472e-11,2.82535e-06,0.03815180063,-0.02969552577,-0.1658776402,0.04103120468
587,5.870000,-0.1608058773,0.03227918874,3.815628588e-06,-2.96998769e-06,-2.96998769e-06,1.17328018e-05,0,3.59472e-11,2.82535e-06,0.03815180063,-0.02969552577,-0.1608467937,0.0406363935
588,5.880000,-0.1564612277,0.03238290921,3.815628588e-06,-2.96998769e-06,-2.96998769e-06,1.17328018e-05,0,3.59472e-11,2.82535e-06,0.03815180063,-0.02969552577,-0.1565355187,0.04113568421
589,5.890000,-0.1539829299,0.03237709124,3.815628588e-06,-2.96998769e-06,-2.96998769e-06,1.17328018e-05,0,3.59472e-11,2.82535e-06,0.03815180063,-0.02969552577,-0.153028013,0.04078681522
590,5.900000,-0.1515307948,0.03206138499,3.815628588e-06,-2.96998769e-06,-2.96998769e-06,1.17328018e-05,0,3.59472e-11,2.82535e-06,0.03815180063,-0.02969552577,-0.1504024726,0.0408352813
591,5.910000,-0.1492423303,0.03136166744,3.815628588e-06,-2.96998769e-06,-2.96998769e-06,1.17328018e-05,0,3.59472e-11,2.82535e-06,0.03815180063,-0.02969552577,-0.1487301669,0.04075163641
592,5.920000,-0.1488486677,0.03135306109,3.815628588e-06,-2.96998769e-06,-2.96998769e-06,1.17328018e-05,0,3.59472e-11,2.82535e-06,0.03815180063,-0.02969552577,-0.1480745867,0.04082931416
593,5.930000,-0.1502997838,0.03178126272,3.815628588e-06,-2.96998769e-06,-2.96998769e-06,1.17328018e-05,0,3.59472e-11,2.82535e-06,0.03815180063,-0.02969552577,-0.1484906736,0.04099281947
594,5.940000,-0.1527344845,0.0317978682,3.815628588e-06,-2.96998769e-06,-2.96998769e-06,1.17328018e-05,0,3.59472e-11,2.82535e-06,0.03815180063,-0.02969552577,-0.1500241403,0.04053007248
595,5.950000,-0.1561029702,0.03195117321,3.815628588e-06,-2.96998769e-06,-2.96998769e-06,1.17328018e-05,0,3.59472e-11,2.82535e-06,0.03815180063,-0.02969552577,-0.1527108888,0.04039938824
596,5.960000,-0.1601934098,0.03193366993,3.815628588e-06,-2.96998769e-06,-2.96998769e-06,1.17328018e-05,0,3.59472e-11,2.82535e-06,0.03815180063,-0.02969552577,-0.1565765349,0.04082014662
597,5.970000,-0.1657406017,0.03194837552,3.815628588e-06,-2.96998769e-06,-2.96998769e-06,1.17328018e-05,0,3.59472e-11,2.82535e-06,0.03815180063,-0.02969552577,-0.1616360418,0.04061603331
598,5.980000,-0.1721858978,0.03137157205,3.815628588e-06,-2.96998769e-06,-2.96998769e-06,1.17328018e-05,0,3.59472e-11,2.82535e-06,0.03815180063,-0.02969552577,-0.1678934708,0.04092003495
599,5.990000,-0.1802410558,0.03132308926,3.815628588e-06,-2.96998769e-06,-2.96998769e-06,1.17328018e-05,0,3.59472e-11,2.82535e-06,0.03815180063,-0.02969552577,-0.1753418483,0.04088156761
600,6.000000,-0.1892884821,0.03132974915,3.815628588e-06,-2.96998769e-06,-2.96998769e-06,1.17328018e-05,0,3.59472e-11,2.82535e-06,0.03815180063,-0.02969552577,-0.1839631538,0.04095820542
601,6.010000,-0.1985717043,0.03087012097,3.815628588e-06,-2.96998769e-06,-2.96998769e-06,1.17328018e-05,0,3.59472e-11,2.82535e-06,0.03815180063,-0.02969552577,-0.1937284274,0.04121772452
602,6.020000,-0.2093400583,0.03039396461,3.815628588e-06,-2.96998769e-06,-2.96998769e-06,1.17328018e-05,0,3.59472e-11,2.82535e-06,0.03815180063,-0.02969552577,-0.2045979968,0.04120936008
603,6.030000,-0.2220336534,0.03067722358,3.815628588e-06,-2.96998769e-06,-2.96998769e-06,1.17328018e-05,0,3.59472e-11,2.82535e-06,0.03815180063,-0.02969552577,-0.2165218206,0.04137081096
604,6.040000,-0.235553395,0.03047126066,3.815628588e-06,-2.96998769e-06,-2.96998769e-06,1.17328018e-05,0,3.59472e-11,2.82535e-06,0.03815180063,-0.02969552577,-0.2294399452,0.0410409906
605,6.050000,-0.2496320307,0.03027381282,3.815628588e-06,-2.96998769e-06,-2.96998769e-06,1.17328018e-05,0,3.59472e-11,2.82535e-06,0.03815180063,-0.02969552577,-0.2432830695,0.04120139514
606,6.060000,-0.2649625614,0.03030937351,3.815628588e-06,-2.96998769e-06,-2.96998769e-06,1.17328018e-05,0,3.59472e-11,2.82535e-06,0.03815180063,-0.02969552577,-0.2579732113,0.0417074994
607,6.070000,-0.280565124,0.02987442259,3.815628588e-06,-2.96998769e-06,-2.96998769e-06,1.17328018e-05,0,3.59472e-11,2.82535e-06,0.03815180063,-0.02969552577,-0.2734244693,0.04194540593
608,6.080000,-0.2962090299,0.029253521,3.815628588e-06,-2.96998769e-06,-2.96998769e-06,1.17328018e-05,0,3.59472e-11,2.82535e-06,0.03815180063,-0.02969552577,-0.2895438698,0.04190661475
609,6.090000,-0.3131538332,0.02948821336,3.815628588e-06,-2.96998769e-06,-2.96998769e-06,1.17328018e-05,0,3.59472e-11,2.82535e-06,0.03815180063,-0.02969552577,-0.3062322917,0.04179784394
610,6.100000,-0.3302313797,0.0293264091,3.815628588e-06,-2.96998769e-06,-2.96998769e-06,1.17328018e-05,0,3.59472e-11,2.82535e-06,0.03815180063,-0.02969552577,-0.3233854576,0.04199179679
611,6.110000,-0.347244855,0.02903567627,3.815628588e-06,-2.96998769e-06,-2.96998769e-06,1.17328018e-05,0,3.59472e-11,2.82535e-06,0.03815180063,-0.02969552577,-0.3408949799,0.04226553875
612,6.120000,-0.3638531603,0.02842784487,3.815628588e-06,-2.96998769e-06,-2.96998769e-06,1.17328018e-05,0,3.59472e-11,2.82535e-06,0.03815180063,-0.02969552577,-0.3586494522,0.04209726696
613,6.130000,-0.3817076199,0.02861516457,3.815628588e-06,-2.96998769e-06,-2.96998769e-06,1.17328018e-05,0,3.59472e-11,2.82535e-06,0.03815180063,-0.02969552577,-0.3765355714,0.04200125474
614,6.140000,-0.3995280005,0.02830828913,3.815628588e-06,-2.96998769e-06,-2.96998769e-06,1.17328018e-05,0,3.59472e-11,2.82535e-06,0.03815180063,-0.02969552577,-0.3944392804,0.04185748641
615,6.150000,-0.4168908969,0.02818673942,3.815628588e-06,-2.96998769e-06,-2.96998769e-06,1.17328018e-05,0,3.59472e-11,2.82535e-06,0.03815180063,-0.02969552577,-0.4122469165,0.04173286992
616,6.160000,-0.4346545339,0.02822448127,3.815628588e-06,-2.96998769e-06,-2.96998769e-06,1.17328018e-05,0,3.59472e-11,2.82535e-06,0.03815180063,-0.02969552577,-0.4298463547,0.0412382562
617,6.170000,-0.4508050196,0.0281025134,3.815628588e-06,-2.96998769e-06,-2.96998769e-06,1.17328018e-05,0,3.59472e-11,2.82535e-06,0.03815180063,-0.02969552577,-0.4471281319,0.04092971844
618,6.180000,-0.4675023407,0.02805848606,3.815628588e-06,-2.96998769e-06,-2.96998769e-06,1.17328018e-05,0,3.59472e-11,2.82535e-06,0.03815180063,-0.02969552577,-0.4639865401,0.04113309339
619,6.190000,-0.4836382344,0.02792559564,3.815628588e-06,-2.96998769e-06,-2.96998769e-06,1.17328018e-05,0,3.59472e-11,2.82535e-06,0.03815180063,-0.02969552577,-0.4803206766,0.04157617909
620,6.200000,-0.4992183112,0.02762687113,3.815628588e-06,-2.96998769e-06,-2.96998769e-06,1.17328018e-05,0,3.59472e-11,2.82535e-06,0.03815180063,-0.02969552577,-0.496035439,0.0416507509
621,6.210000,-0.5139762871,0.02787521016,3.815628588e-06,-2.96998769e-06,-2.96998769e-06,1.17328018e-05,0,3.59472e-11,2.82535e-06,0.03815180063,-0.02969552577,-0.5110424545,0.04158787637
622,6.220000,-0.527841676,0.02797933761,3.815628588e-06,-2.96998769e-06,-2.96998769e-06,1.17328018e-05,0,3.59472e-11,2.82535e-06,0.03815180063,-0.02969552577,-0.5252609335,0.04197175972
623,6.230000,-0.5400379859,0.02799260244,3.815628588e-06,-2.96998769e-06,-2.96998769e-06,1.17328018e-05,0,3.59472e-11,2.82535e-06,0.03815180063,-0.02969552577,-0.538618437,0.04205068325
624,6.240000,-0.5510517284,0.02739604004,3.815628588e-06,-2.96998769e-06,-2.96998769e-06,1.17328018e-05,0,3.59472e-11,2.82535e-06,0.03815180063,-0.02969552577,-0.5510515512,0.04191515238
625,6.250000,-0.5617781989,0.02743998356,3.815628588e-06,-2.96998769e-06,-2.96998769e-06,1.17328018e-05,0,3.59472e-11,2.82535e-06,0.03815180063,-0.02969552577,-0.5625064596,0.0421254351
626,6.260000,-0.5725344457,0.02795929648,3.815628588e-06,-2.96998769e-06,-2.96998769e-06,1.17328018e-05,0,3.59472e-11,2.82535e-06,0.03815180063,-0.02969552577,-0.5729394092,0.04179853461
627,6.270000,-0.5813717805,0.02823966369,3.815628588e-06,-2.96998769e-06,-2.96998769e-06,1.17328018e-05,0,3.59472e-11,2.82535e-06,0.03815180063,-0.02969552577,-0.5823170628,0.04165962475
628,6.280000,-0.5888656117,0.02793167438,3.815628588e-06,-2.96998769e-06,-2.96998769e-06,1.17328018e-05,0,3.59472e-11,2.82535e-06,0.03815180063,-0.02969552577,-0.5906167368,0.04158339796
629,6.290000,-0.5956530496,0.02783759777,3.815628588e-06,-2.96998769e-06,-2.96998769e-06,1.17328018e-05,0,3.59472e-11,2.82535e-06,0.03815180063,-0.02969552577,-0.5978265192,0.04118792104
630,6.300000,-0.6017473266,0.02826601174,3.815628588e-06,-2.96998769e-06,-2.96998769e-06,1.17328018e-05,0,3.59472e-11,2.82535e-06,0.03815180063,-0.02969552577,-0.6039452689,0.04060570776
631,6.310000,-0.6063340232,0.02844760008,3.815628588e-06,-2.96998769e-06,-2.96998769e-06,1.17328018e-05,0,3.59472e-11,2.82535e-06,0.03815180063,-0.02969552577,-0.6089824957,0.04102431439
632,6.320000,-0.6086554974,0.02845920529,3.815628588e-06,-2.96998769e-06,-2.96998769e-06,1.17328018e-05,0,3.59472e-11,2.82535e-06,0.03815180063,-0.02969552577,-0.6129581228,0.0411034522
633,6.330000,-0.6110080518,0.02841833886,3.815628588e-06,-2.96998769e-06,-2.96998769e-06,1.17328018e-05,0,3.59472e-11,2.82535e-06,0.03815180063,-0.02969552577,-0.6159021344,0.04124401073
634,6.340000,-0.6133138016,0.02905584127,3.815628588e-06,-2.96998769e-06,-2.96998769e-06,1.17328018e-05,0,3.59472e-11,2.82535e-06,0.03815180063,-0.02969552577,-0.6178541139,0.0414272583
635,6.350000,-0.6143568009,0.02952339873,3.815628588e-06,-2.96998769e-06,-2.96998769e-06,1.17328018e-05,0,3.59472e-11,2.82535e-06,0.03815180063,-0.02969552577,-0.6188626761,0.04131349669
636,6.360000,-0.614025265,0.02961544413,3.815628588e-06,-2.96998769e-06,-2.96998769e-06,1.17328018e-05,0,3.59472e-11,2.82535e-06,0.03815180063,-0.02969552577,-0.6189848029,0.04057422601
637,6.370000,-0.6126477569,0.02954513207,3.815628588e-06,-2.96998769e-06,-2.96998769e-06,1.17328018e-05,0,3.59472e-11,2.82535e-06,0.03815180063,-0.02969552577,-0.6182850877,0.04031471541
638,6.380000,-0.6103667244,0.02962204814,3.815628588e-06,-2.96998769e-06,-2.96998769e-06,1.17328018e-05,0,3.59472e-11,2.82535e-06,0.03815180063,-0.02969552577,-0.6168348987,0.04055796975
639,6.390000,-0.6082055271,0.03008212149,3.815628588e-06,-2.96998769e-06,-2.96998769e-06,1.17328018e-05,0,3.59472e-11,2.82535e-06,0.03815180063,-0.02969552577,-0.614711471,0.04010734883
640,6.400000,-0.6047577932,0.03021133505,3.815628588e-06,-2.96998769e-06,-2.96998769e-06,1.17328018e-05,0,3.59472e-11,2.82535e-06,0.03815180063,-0.02969552577,-0.6119969369,0.04030087303
641,6.410000,-0.6020668708,0.03091478255,3.815628588e-06,-2.96998769e-06,-2.96998769e-06,1.17328018e-05,0,3.59472e-11,2.82535e-06,0.03815180063,-0.02969552577,-0.608777307,0.04011788031
642,6.420000,-0.59826326,0.03121062554,3.815628588e-06,-2.96998769e-06,-2.96998769e-06,1.17328018e-05,0,3.59472e-11,2.82535e-06,0.03815180063,-0.02969552577,-0.6051414129,0.03994990875
643,6.430000,-0.595136635,0.03180577978,3.815628588e-06,-2.96998769e-06,-2.96998769e-06,1.17328018e-05,0,3.59472e-11,2.82535e-06,0.03815180063,-0.02969552577,-0.6011798239,0.04003650032
644,6.440000,-0.5906228088,0.03207730595,3.815628588e-06,-2.96998769e-06,-2.96998769e-06,1.17328018e-05,0,3.59472e-11,2.82535e-06,0.03815180063,-0.02969552577,-0.5969837506,0.0399162404
645,6.450000,-0.5855014101,0.03166401666,3.815628588e-06,-2.96998769e-06,-2.96998769e-06,1.17328018e-05,0,3.59472e-11,2.82535e-06,0.03815180063,-0.02969552577,-0.5926439471,0.03972237149
646,6.460000,-0.5814844482,0.03214920498,3.815628588e-06,-2.96998769e-06,-2.96998769e-06,1.17328018e-05,0,3.59472e-11,2.82535e-06,0.03815180063,-0.02969552577,-0.5882496259,0.03974809166
647,6.470000,-0.5771233737,0.03286119737,3.815628588e-06,-2.96998769e-06,-2.96998769e-06,1.17328018e-05,0,3.59472e-11,2.82535e-06,0.03815180063,-0.02969552577,-0.5838873962,0.0390338383
648,6.480000,-0.5734995194,0.03298694547,3.815628588e-06,-2.96998769e-06,-2.96998769e-06,1.17328018e-05,0,3.59472e-11,2.82535e-06,0.03815180063,-0.02969552577,-0.5796402388,0.03915384778
649,6.490000,-0.5700005628,0.03362280596,3.815628588e-06,-2.96998769e-06,-2.96998769e-06,1.17328018e-05,0,3.59472e-11,2.82535e-06,0.03815180063,-0.02969552577,-0.5755865294,0.03932845973
650,6.500000,-0.5674532577,0.03445922211,3.815628588e-06,-2.96998769e-06,-2.96998769e-06,1.17328018e-05,0,3.59472e-11,2.82535e-06,0.03815180063,-0.02969552577,-0.5717991208,0.03938580006
651,6.510000,-0.5640492216,0.0343509363,3.815628588e-06,-2.96998769e-06,-2.96998769e-06,1.17328018e-05,0,3.59472e-11,2.82535e-06,0.03815180063,-0.02969552577,-0.5683444952,0.03965503081
652,6.520000,-0.561010547,0.03447259311,3.815628588e-06,-2.96998769e-06,-2.96998769e-06,1.17328018e-05,0,3.59472e-11,2.82535e-06,0.03815180063,-0.02969552577,-0.5652819952,0.03993003139
653,6.530000,-0.5590723045,0.03480642289,3.815628588e-06,-2.96998769e-06,-2.96998769e-06,1.17328018e-05,0,3.59472e-11,2.82535e-06,0.03815180063,-0.02969552577,-0.562663144,0.03968235883
654,6.540000,-0.5576071367,0.0352197215,3.815628588e-06,-2.96998769e-06,-2.96998769e-06,1.17328018e-05,0,3.59472e-11,2.82535e-06,0.03815180063,-0.02969552577,-0.56053106,0.0397928394
655,6.550000,-0.5572499447,0.03567000572,3.815628588e-06,-2.96998769e-06,-2.96998769e-06,1.17328018e-05,0,3.59472e-11,2.82535e-06,0.03815180063,-0.02969552577,-0.5589199755,0.03952433433
656,6.560000,-0.5566972271,0.03594626207,3.815628588e-06,-2.96998769e-06,-2.96998769e-06,1.17328018e-05,0,3.59472e-11,2.82535e-06,0.03815180063,-0.02969552577,-0.5578548613,0.03908706107
657,6.570000,-0.5566337332,0.03607356455,3.815628588e-06,-2.96998769e-06,-2.96998769e-06,1.17328018e-05,0,3.59472e-11,2.82535e-06,0.03815180063,-0.02969552577,-0.557351165,0.03950827314
658,6.580000,-0.5573969074,0.03603406437,3.815628588e-06,-2.96998769e-06,-2.96998769e-06,1.17328018e-05,0,3.59472e-11,2.82535e-06,0.03815180063,-0.02969552577,-0.5574146634,0.04048228158
659,6.590000,-0.5577584952,0.03591502458,3.815628588e-06,-2.96998769e-06,-2.96998769e-06,1.17328018e-05,0,3.59472e-11,2.82535e-06,0.03815180063,-0.02969552577,-0.558041431,0.0399937025
660,6.600000,-0.560342852,0.03644089494,3.815628588e-06,-2.96998769e-06,-2.96998769e-06,1.17328018e-05,0,3.59472e-11,2.82535e-06,0.03815180063,-0.02969552577,-0.5592179257,0.03966378974
661,6.610000,-0.5628027134,0.03679170646,3.815628588e-06,-2.96998769e-06,-2.96998769e-06,1.17328018e-05,0,3.59472e-11,2.82535e-06,0.03815180063,-0.02969552577,-0.5609211899,0.03912486001
662,6.620000,-0.5641714633,0.03660110198,3.815628588e-06,-2.96998769e-06,-2.96998769e-06,1.17328018e-05,0,3.59472e-11,2.82535e-06,0.03815180063,-0.02969552577,-0.5631191642,0.0393376419
663,6.630000,-0.5665418692,0.03635909315,3.815628588e-06,-2.96998769e-06,-2.96998769e-06,1.17328018e-05,0,3.59472e-11,2.82535e-06,0.03815180063,-0.02969552577,-0.565771111,0.03892634586
664,6.640000,-0.5692562312,0.03569399752,3.815628588e-06,-2.96998769e-06,-2.96998769e-06,1.17328018e-05,0,3.59472e-11,2.82535e-06,0.03815180063,-0.02969552577,-0.5688281415,0.03856098257
665,6.650000,-0.5728872232,0.03547601681,3.815628588e-06,-2.96998769e-06,-2.96998769e-06,1.17328018e-05,0,3.59472e-11,2.82535e-06,0.03815180063,-0.02969552577,-0.5722338415,0.03849590893
666,6.660000,-0.5774487406,0.0358732501,3.815628588e-06,-2.96998769e-06,-2.96998769e-06,1.17328018e-05,0,3.59472e-11,2.82535e-06,0.03815180063,-0.02969552577,-0.5759249871,0.03874019234
667,6.670000,-0.5811960325,0.03592052497,3.815628588e-06,-2.96998769e-06,-2.96998769e-06,1.17328018e-05,0,3.59472e-11,2.82535e-06,0.03815180063,-0.02969552577,-0.5798323432,0.03939803889
668,6.680000,-0.5855458044,0.03598849848,3.815628588e-06,-2.96998769e-06,-2.96998769e-06,1.17328018e-05,0,3.59472e-11,2.82535e-06,0.03815180063,-0.02969552577,-0.5838815345,0.03972339429
669,6.690000,-0.5896758996,0.03585889284,3.815628588e-06,-2.96998769e-06,-2.96998769e-06,1.17328018e-05,0,3.59472e-11,2.82535e-06,0.03815180063,-0.02969552577,-0.5879939793,0.04000606527
670,6.700000,-0.5935866125,0.03551509231,3.815628588e-06,-2.96998769e-06,-2.96998769e-06,1.17328018e-05,0,3.59472e-11,2.82535e-06,0.03815180063,-0.02969552577,-0.592087875,0.04009787819
671,6.710000,-0.5971438922,0.03526433278,3.815628588e-06,-2.96998769e-06,-2.96998769e-06,1.17328018e-05,0,3.59472e-11,2.82535e-06,0.03815180063,-0.02969552577,-0.5960792237,0.04015393727
672,6.720000,-0.600703191,0.03494606074,3.815628588e-06,-2.96998769e-06,-2.96998769e-06,1.17328018e-05,0,3.59472e-11,2.82535e-06,0.03815180063,-0.02969552577,-0.5998828865,0.04060032191
673,6.730000,-0.6041660756,0.03523350041,3.815628588e-06,-2.96998769e-06,-2.96998769e-06,1.17328018e-05,0,3.59472e-11,2.82535e-06,0.03815180063,-0.02969552577,-0.603413653,0.04102376974
674,6.740000,-0.6072519273,0.03503439389,3.815628588e-06,-2.96998769e-06,-2.96998769e-06,1.17328018e-05,0,3.59472e-11,2.82535e-06,0.03815180063,-0.02969552577,-0.606587315,0.04105084053
675,6.750000,-0.6090110876,0.03483724128,3.815628588e-06,-2.96998769e-06,-2.96998769e-06,1.17328018e-05,0,3.59472e-11,2.82535e-06,0.03815180063,-0.02969552577,-0.6093217306,0.04100308698
676,6.760000,-0.6109072454,0.03486370482,3.815628588e-06,-2.96998769e-06,-2.96998769e-06,1.17328018e-05,0,3.59472e-11,2.82535e-06,0.03815180063,-0.02969552577,-0.6115378667,0.04001143652
677,6.770000,-0.6117713712,0.03462140076,3.815628588e-06,-2.96998769e-06,-2.96998769e-06,1.17328018e-05,0,3.59472e-11,2.82535e-06,0.03815180063,-0.02969552577,-0.6131608081,0.03991873027
678,6.780000,-0.6121357903,0.03454533406,3.815628588e-06,-2.96998769e-06,-2.96998769e-06,1.17328018e-05,0,3.59472e-11,2.82535e-06,0.03815180063,-0.02969552577,-0.6141207207,0.04025071928
679,6.790000,-0.6123230271,0.03488587588,3.815628588e-06,-2.96998769e-06,-2.96998769e-06,1.17328018e-05,0,3.59472e-11,2.82535e-06,0.03815180063,-0.02969552577,-0.6143537579,0.04116224515
680,6.800000,-0.6114972942,0.03505412117,3.815628588e-06,-2.96998769e-06,-2.96998769e-06,1.17328018e-05,0,3.59472e-11,2.82535e-06,0.03815180063,-0.02969552577,-0.6138028995,0.04063488311
681,6.810000,-0.609722469,0.03523215558,3.815628588e-06,-2.96998769e-06,-2.96998769e-06,1.17328018e-05,0,3.59472e-11,2.82535e-06,0.03815180063,-0.02969552577,-0.612418713,0.04010559012
682,6.820000,-0.606790293,0.03550464474,3.815628588e-06,-2.96998769e-06,-2.96998769e-06,1.17328018e-05,0,3.59472e-11,2.82535e-06,0.03815180063,-0.02969552577,-0.6101600284,0.04020865035
683,6.830000,-0.6028462276,0.03552069515,3.815628588e-06,-2.96998769e-06,-2.96998769e-06,1.17328018e-05,0,3.59472e-11,2.82535e-06,0.03815180063,-0.02969552577,-0.6069945192,0.04069970812
684,6.840000,-0.5985019132,0.0357565321,3.815628588e-06,-2.96998769e-06,-2.96998769e-06,1.17328018e-05,0,3.59472e-11,2.82535e-06,0.03815180063,-0.02969552577,-0.6028991807,0.0405204122
685,6.850000,-0.5933336131,0.03576896526,3.815628588e-06,-2.96998769e-06,-2.96998769e-06,1.17328018e-05,0,3.59472e-11,2.82535e-06,0.03815180063,-0.02969552577,-0.5978607027,0.0407866466
686,6.860000,-0.5869000852,0.0360603407,3.815628588e-06,-2.96998769e-06,-2.96998769e-06,1.17328018e-05,0,3.59472e-11,2.82535e-06,0.03815180063,-0.02969552577,-0.591875729,0.04054415699
687,6.870000,-0.5797033161,0.03573066834,3.815628588e-06,-2.96998769e-06,-2.96998769e-06,1.17328018e-05,0,3.59472e-11,2.82535e-06,0.03815180063,-0.02969552577,-0.5849510029,0.04072773118
688,6.880000,-0.5722579658,0.03641108796,3.815628588e-06,-2.96998769e-06,-2.96998769e-06,1.17328018e-05,0,3.59472e-11,2.82535e-06,0.03815180063,-0.02969552577,-0.5771033949,0.04054259617
689,6.890000,-0.5634989552,0.03659075033,3.815628588e-06,-2.96998769e-06,-2.96998769e-06,1.17328018e-05,0,3.59472e-11,2.82535e-06,0.03815180063,-0.02969552577,-0.5683598141,0.04038374925
690,6.900000,-0.5532460175,0.03690509126,3.815628588e-06,-2.96998769e-06,-2.96998769e-06,1.17328018e-05,0,3.59472e-11,2.82535e-06,0.03815180063,-0.02969552577,-0.5587570009,0.04008847722
691,6.910000,-0.5426066332,0.03731561545,3.815628588e-06,-2.96998769e-06,-2.96998769e-06,1.17328018e-05,0,3.59472e-11,2.82535e-06,0.03815180063,-0.02969552577,-0.5483412067,0.04010289382
692,6.920000,-0.5315560028,0.03771435376,3.815628588e-06,-2.96998769e-06,-2.96998769e-06,1.17328018e-05,0,3.59472e-11,2.82535e-06,0.03815180063,-0.02969552577,-0.5371677609,0.04038666523
693,6.930000,-0.519050926,0.03740496933,3.815628588e-06,-2.96998769e-06,-2.96998769e-06,1.17328018e-05,0,3.59472e-11,2.82535e-06,0.03815180063,-0.02969552577,-0.525300532,0.04049636667
694,6.940000,-0.506605655,0.03791882843,3.815628588e-06,-2.96998769e-06,-2.96998769e-06,1.17328018e-05,0,3.59472e-11,2.82535e-06,0.03815180063,-0.02969552577,-0.5128112873,0.03989360589
695,6.950000,-0.4929570854,0.03746363893,3.815628588e-06,-2.96998769e-06,-2.96998769e-06,1.17328018e-05,0,3.59472e-11,2.82535e-06,0.03815180063,-0.02969552577,-0.4997789593,0.03977808353
696,6.960000,-0.4797848202,0.03780462034,3.815628588e-06,-2.96998769e-06,-2.96998769e-06,1.17328018e-05,0,3.59472e-11,2.82535e-06,0.03815180063,-0.02969552577,-0.4862888259,0.04031182958
697,6.970000,-0.4667083174,0.03827384673,3.815628588e-06,-2.96998769e-06,-2.96998769e-06,1.17328018e-05,0,3.59472e-11,2.82535e-06,0.03815180063,-0.02969552577,-0.4724316145,0.03995363323
698,6.980000,-0.452802211,0.03854032326,3.815628588e-06,-2.96998769e-06,-2.96998769e-06,1.17328018e-05,0,3.59472e-11,2.82535e-06,0.03815180063,-0.02969552577,-0.4583025398,0.04026214269
699,6.990000,-0.438644357,0.03832111415,3.815628588e-06,-2.96998769e-06,-2.96998769e-06,1.17328018e-05,0,3.59472e-11,2.82535e-06,0.03815180063,-0.02969552577,-0.4440002849,0.04018632208
700,7.000000,-0.4248799384,0.0383526003,3.815628588e-06,-2.96998769e-06,-2.96998769e-06,1.17328018e-05,0,3.59472e-11,2.82535e-06,0.03815180063,-0.02969552577,-0.4296259392,0.03994590038
701,7.010000,-0.4106645621,0.03827747889,3.815628588e-06,-2.96998769e-06,-2.96998769e-06,1.17328018e-05,0,3.59472e-11,2.82535e-06,0.03815180063,-0.02969552577,-0.4152819034,0.03976447265
702,7.020000,-0.3962405622,0.03813020885,3.815628588e-06,-2.96998769e-06,-2.96998769e-06,1.17328018e-05,0,3.59472e-11,2.82535e-06,0.03815180063,-0.02969552577,-0.4010707746,0.03946676487
703,7.030000,-0.3819421157,0.0379633829,3.815628588e-06,-2.96998769e-06,-2.96998769e-06,1.17328018e-05,0,3.59472e-11,2.82535e-06,0.03815180063,-0.02969552577,-0.3870942238,0.03928350374
704,7.040000,-0.3687220626,0.03821246233,3.815628588e-06,-2.96998769e-06,-2.96998769e-06,1.17328018e-05,0,3.59472e-11,2.82535e-06,0.03815180063,-0.02969552577,-0.373451879,0.03996737112
705,7.050000,-0.3557354659,0.03841808066,3.815628588e-06,-2.96998769e-06,-2.96998769e-06,1.17328018e-05,0,3.59472e-11,2.82535e-06,0.03815180063,-0.02969552577,-0.3602402259,0.03991854362
706,7.060000,-0.3427326642,0.03804015554,3.815628588e-06,-2.96998769e-06,-2.96998769e-06,1.17328018e-05,0,3.59472e-11,2.82535e-06,0.03815180063,-0.02969552577,-0.3475515391,0.03996303458
707,7.070000,-0.3314117119,0.03835275583,3.815628588e-06,-2.96998769e-06,-2.96998769e-06,1.17328018e-05,0,3.59472e-11,2.82535e-06,0.03815180063,-0.02969552577,-0.3354728555,0.0401858689
708,7.080000,-0.3198659904,0.03802177869,3.815628588e-06,-2.96998769e-06,-2.96998769e-06,1.17328018e-05,0,3.59472e-11,2.82535e-06,0.03815180063,-0.02969552577,-0.3240850021,0.03988245101
709,7.090000,-0.3106700331,0.03835733049,3.815628588e-06,-2.96998769e-06,-2.96998769e-06,1.17328018e-05,0,3.59472e-11,2.82535e-06,0.03815180063,-0.02969552577,-0.313461689,0.04008271054
710,7.100000,-0.3010435551,0.03833451681,3.815628588e-06,-2.96998769e-06,-2.96998769e-06,1.17328018e-05,0,3.59472e-11,2.82535e-06,0.03815180063,-0.02969552577,-0.3036686774,0.04014734571
711,7.110000,-0.292873282,0.03875518218,3.815628588e-06,-2.96998769e-06,-2.96998769e-06,1.17328018e-05,0,3.59472e-11,2.82535e-06,0.03815180063,-0.02969552577,-0.2947630331,0.04016973575
712,7.120000,-0.2852352187,0.03858981282,3.815628588e-06,-2.96998769e-06,-2.96998769e-06,1.17328018e-05,0,3.59472e-11,2.82535e-06,0.03815180063,-0.02969552577,-0.2867924734,0.04057346458
713,7.130000,-0.2790141664,0.03860335983,3.815628588e-06,-2.96998769e-06,-2.96998769e-06,1.17328018e-05,0,3.59472e-11,2.82535e-06,0.03815180063,-0.02969552577,-0.2797948146,0.04050163347
714,7.140000,-0.2727922909,0.03863361385,3.815628588e-06,-2.96998769e-06,-2.96998769e-06,1.17328018e-05,0,3.59472e-11,2.82535e-06,0.03815180063,-0.02969552577,-0.2737975273,0.04048783265
715,7.150000,-0.2697232068,0.03956646658,3.815628588e-06,-2.96998769e-06,-2.96998769e-06,1.17328018e-05,0,3.59472e-11,2.82535e-06,0.03815180063,-0.02969552577,-0.2688174039,0.0405698438
716,7.160000,-0.2659270354,0.03913949523,3.815628588e-06,-2.96998769e-06,-2.96998769e-06,1.17328018e-05,0,3.59472e-11,2.82535e-06,0.03815180063,-0.02969552577,-0.2648603427,0.04053261399
717,7.170000,-0.2626776621,0.03870367538,3.815628588e-06,-2.96998769e-06,-2.96998769e-06,1.17328018e-05,0,3.59472e-11,2.82535e-06,0.03815180063,-0.02969552577,-0.2619212506,0.04003105531
718,7.180000,-0.260868717,0.03868164402,3.815628588e-06,-2.96998769e-06,-2.96998769e-06,1.17328018e-05,0,3.59472e-11,2.82535e-06,0.03815180063,-0.02969552577,-0.259984066,0.04023991073
719,7.190000,-0.259715952,0.03837280162,3.815628588e-06,-2.96998769e-06,-2.96998769e-06,1.17328018e-05,0,3.59472e-11,2.82535e-06,0.03815180063,-0.02969552577,-0.2590219022,0.04025180026
720,7.200000,-0.2600034401,0.03817097843,3.815628588e-06,-2.96998769e-06,-2.96998769e-06,1.17328018e-05,0,3.59472e-11,2.82535e-06,0.03815180063,-0.02969552577,-0.2589973087,0.04051743459
721,7.210000,-0.2613064125,0.03817766067,3.815628588e-06,-2.96998769e-06,-2.96998769e-06,1.17328018e-05,0,3.59472e-11,2.82535e-06,0.03815180063,-0.02969552577,-0.2598626485,0.0406242551
722,7.220000,-0.2629598118,0.0379938269,3.815628588e-06,-2.96998769e-06,-2.96998769e-06,1.17328018e-05,0,3.59472e-11,2.82535e-06,0.03815180063,-0.02969552577,-0.261560587,0.0404377399
723,7.230000,-0.2658140697,0.03799060546,3.815628588e-06,-2.96998769e-06,-2.96998769e-06,1.17328018e-05,0,3.59472e-11,2.82535e-06,0.03815180063,-0.02969552577,-0.2640246871,0.04074154094
724,7.240000,-0.2695979066,0.03814917337,3.815628588e-06,-2.96998769e-06,-2.96998769e-06,1.17328018e-05,0,3.59472e-11,2.82535e-06,0.03815180063,-0.02969552577,-0.2671801042,0.04069165736
725,7.250000,-0.2738446929,0.03823801037,3.815628588e-06,-2.96998769e-06,-2.96998769e-06,1.17328018e-05,0,3.59472e-11,2.82535e-06,0.03815180063,-0.02969552577,-0.2709443723,0.04052177936
726,7.260000,-0.2774123177,0.03788922541,3.815628588e-06,-2.96998769e-06,-2.96998769e-06,1.17328018e-05,0,3.59472e-11,2.82535e-06,0.03815180063,-0.02969552577,-0.2752282748,0.04072960535
727,7.270000,-0.2825201824,0.03844823036,3.815628588e-06,-2.96998769e-06,-2.96998769e-06,1.17328018e-05,0,3.59472e-11,2.82535e-06,0.03815180063,-0.02969552577,-0.279936787,0.04011822279
728,7.280000,-0.2882341854,0.03867134824,3.815628588e-06,-2.96998769e-06,-2.96998769e-06,1.17328018e-05,0,3.59472e-11,2.82535e-06,0.03815180063,-0.02969552577,-0.2849700834,0.04021010721
729,7.290000,-0.29383884,0.03893129714,3.815628588e-06,-2.96998769e-06,-2.96998769e-06,1.17328018e-05,0,3.59472e-11,2.82535e-06,0.03815180063,-0.02969552577,-0.2902245954,0.04030313
730,7.300000,-0.2997100987,0.03926105332,3.815628588e-06,-2.96998769e-06,-2.96998769e-06,1.17328018e-05,0,3.59472e-11,2.82535e-06,0.03815180063,-0.02969552577,-0.2955941101,0.03998830731
731,7.310000,-0.3046377674,0.0388325816,3.815628588e-06,-2.96998769e-06,-2.96998769e-06,1.17328018e-05,0,3.59472e-11,2.82535e-06,0.03815180063,-0.02969552577,-0.3009708962,0.04042430158
732,7.320000,-0.3085049354,0.03798801266,3.815628588e-06,-2.96998769e-06,-2.96998769e-06,1.17328018e-05,0,3.59472e-11,2.82535e-06,0.03815180063,-0.02969552577,-0.3062468455,0.04026396909
733,7.330000,-0.3136672415,0.03804355208,3.815628588e-06,-2.96998769e-06,-2.96998769e-06,1.17328018e-05,0,3.59472e-11,2.82535e-06,0.03815180063,-0.02969552577,-0.3113146166,0.03973552269
734,7.340000,-0.3178254627,0.03751607612,3.815628588e-06,-2.96998769e-06,-2.96998769e-06,1.17328018e-05,0,3.59472e-11,2.82535e-06,0.03815180063,-0.02969552577,-0.3160687691,0.03937403791
735,7.350000,-0.3214951456,0.03752590809,3.815628588e-06,-2.96998769e-06,-2.96998769e-06,1.17328018e-05,0,3.59472e-11,2.82535e-06,0.03815180063,-0.02969552577,-0.3204068742,0.03917001109
736,7.360000,-0.3248481378,0.03730503749,3.815628588e-06,-2.96998769e-06,-2.96998769e-06,1.17328018e-05,0,3.59472e-11,2.82535e-06,0.03815180063,-0.02969552577,-0.3242305902,0.03935889642
737,7.370000,-0.3279129378,0.03736612294,3.815628588e-06,-2.96998769e-06,-2.96998769e-06,1.17328018e-05,0,3.59472e-11,2.82535e-06,0.03815180063,-0.02969552577,-0.3274466918,0.03934863345
738,7.380000,-0.3303522877,0.03753014468,3.815628588e-06,-2.96998769e-06,-2.96998769e-06,1.17328018e-05,0,3.59472e-11,2.82535e-06,0.03815180063,-0.02969552577,-0.3299680396,0.03930995768
739,7.390000,-0.3312888555,0.03741864674,3.815628588e-06,-2.96998769e-06,-2.96998769e-06,1.17328018e-05,0,3.59472e-11,2.82535e-06,0.03815180063,-0.02969552577,-0.3317144812,0.03943269523
740,7.400000,-0.3316546082,0.03747935034,3.815628588e-06,-2.96998769e-06,-2.96998769e-06,1.17328018e-05,0,3.59472e-11,2.82535e-06,0.03815180063,-0.02969552577,-0.3326136728,0.03931486266
741,7.410000,-0.3309434801,0.03778884932,3.815628588e-06,-2.96998769e-06,-2.96998769e-06,1.17328018e-05,0,3.59472e-11,2.82535e-06,0.03815180063,-0.02969552577,-0.3326018126,0.04003086831
742,7.420000,-0.3292641863,0.03776325379,3.815628588e-06,-2.96998769e-06,-2.96998769e-06,1.17328018e-05,0,3.59472e-11,2.82535e-06,0.03815180063,-0.02969552577,-0.3316242778,0.04017986094
743,7.430000,-0.327180218,0.0379501842,3.815628588e-06,-2.96998769e-06,-2.96998769e-06,1.17328018e-05,0,3.59472e-11,2.82535e-06,0.03815180063,-0.02969552577,-0.3296361582,0.04056207529
744,7.440000,-0.3238448426,0.03797614947,3.815628588e-06,-2.96998769e-06,-2.96998769e-06,1.17328018e-05,0,3.59472e-11,2.82535e-06,0.03815180063,-0.02969552577,-0.3266026816,0.04108154309
745,7.450000,-0.320006188,0.03815807961,3.815628588e-06,-2.96998769e-06,-2.96998769e-06,1.17328018e-05,0,3.59472e-11,2.82535e-06,0.03815180063,-0.02969552577,-0.3224995244,0.04095969697
746,7.460000,-0.3145136684,0.03826222941,3.815628588e-06,-2.96998769e-06,-2.96998769e-06,1.17328018e-05,0,3.59472e-11,2.82535e-06,0.03815180063,-0.02969552577,-0.3173130066,0.0407324372
747,7.470000,-0.3079755269,0.03835578449,3.815628588e-06,-2.96998769e-06,-2.96998769e-06,1.17328018e-05,0,3.59472e-11,2.82535e-06,0.03815180063,-0.02969552577,-0.3110401671,0.04104432007
748,7.480000,-0.3003576659,0.0385953337,3.815628588e-06,-2.96998769e-06,-2.96998769e-06,1.17328018e-05,0,3.59472e-11,2.82535e-06,0.03815180063,-0.02969552577,-0.3036887204,0.0411409894
749,7.490000,-0.2918160483,0.03881819919,3.815628588e-06,-2.96998769e-06,-2.96998769e-06,1.17328018e-05,0,3.59472e-11,2.82535e-06,0.03815180063,-0.02969552577,-0.2952768947,0.04101909023
750,7.500000,-0.281599056,0.03875860572,3.815628588e-06,-2.96998769e-06,-2.96998769e-06,1.17328018e-05,0,3.59472e-11,2.82535e-06,0.03815180063,-0.02969552577,-0.2858331531,0.04097874405
751,7.510000,-0.2702818513,0.03842204064,3.815628588e-06,-2.96998769e-06,-2.96998769e-06,1.17328018e-05,0,3.59472e-11,2.82535e-06,0.03815180063,-0.02969552577,-0.2753958029,0.04023067465
752,7.520000,-0.2585542575,0.03852147888,3.815628588e-06,-2.96998769e-06,-2.96998769e-06,1.17328018e-05,0,3.59472e-11,2.82535e-06,0.03815180063,-0.02969552577,-0.2640124953,0.03996593858
753,7.530000,-0.2463606112,0.03904589638,3.815628588e-06,-2.96998769e-06,-2.96998769e-06,1.17328018e-05,0,3.59472e-11,2.82535e-06,0.03815180063,-0.02969552577,-0.2517396242,0.03995307045
754,7.540000,-0.2324857339,0.03919509705,3.815628588e-06,-2.96998769e-06,-2.96998769e-06,1.17328018e-05,0,3.59472e-11,2.82535e-06,0.03815180063,-0.02969552577,-0.238641629,0.03959179525
755,7.550000,-0.218111448,0.03931095637,3.815628588e-06,-2.96998769e-06,-2.96998769e-06,1.17328018e-05,0,3.59472e-11,2.82535e-06,0.03815180063,-0.02969552577,-0.2247902106,0.03996830639
756,7.560000,-0.2034453452,0.03959728405,3.815628588e-06,-2.96998769e-06,-2.96998769e-06,1.17328018e-05,0,3.59472e-11,2.82535e-06,0.03815180063,-0.02969552577,-0.2102634697,0.03967589483
757,7.570000,-0.1884675585,0.03962839954,3.815628588e-06,-2.96998769e-06,-2.96998769e-06,1.17328018e-05,0,3.59472e-11,2.82535e-06,0.03815180063,-0.02969552577,-0.195144977,0.03938685407
758,7.580000,-0.1726922542,0.0396216074,3.815628588e-06,-2.96998769e-06,-2.96998769e-06,1.17328018e-05,0,3.59472e-11,2.82535e-06,0.03815180063,-0.02969552577,-0.1795227867,0.03954273114
759,7.590000,-0.156059064,0.03912675567,3.815628588e-06,-2.96998769e-06,-2.96998769e-06,1.17328018e-05,0,3.59472e-11,2.82535e-06,0.03815180063,-0.02969552577,-0.1634884041,0.03975328783
760,7.600000,-0.1408806965,0.03992593754,3.815628588e-06,-2.96998769e-06,-2.96998769e-06,1.17328018e-05,0,3.59472e-11,2.82535e-06,0.03815180063,-0.02969552577,-0.1471357197,0.04011810642
761,7.610000,-0.1244706623,0.04021438025,3.815628588e-06,-2.96998769e-06,-2.96998769e-06,1.17328018e-05,0,3.59472e-11,2.82535e-06,0.03815180063,-0.02969552577,-0.1305599219,0.03999116263
762,7.620000,-0.1074884124,0.04029013123,3.815628588e-06,-2.96998769e-06,-2.96998769e-06,1.17328018e-05,0,3.59472e-11,2.82535e-06,0.03815180063,-0.02969552577,-0.1138564003,0.04010132965
763,7.630000,-0.09171660617,0.04070634488,3.815628588e-06,-2.96998769e-06,-2.96998769e-06,1.17328018e-05,0,3.59472e-11,2.82535e-06,0.03815180063,-0.02969552577,-0.09711965386,0.04034630127
764,7.640000,-0.07493171096,0.04081086162,3.815628588e-06,-2.96998769e-06,-2.96998769e-06,1.17328018e-05,0,3.59472e-11,2.82535e-06,0.03815180063,-0.02969552577,-0.08044221413,0.04016295435
765,7.650000,-0.05896478146,0.04102797527,3.815628588e-06,-2.96998769e-06,-2.96998769e-06,1.17328018e-05,0,3.59472e-11,2.82535e-06,0.03815180063,-0.02969552577,-0.06391359792,0.04005527039
766,7.660000,-0.04323339462,0.04122508317,3.815628588e-06,-2.96998769e-06,-2.96998769e-06,1.17328018e-05,0,3.59472e-11,2.82535e-06,0.03815180063,-0.02969552577,-0.04761930026,0.04036279166
767,7.670000,-0.02714798972,0.04134885035,3.815628588e-06,-2.96998769e-06,-2.96998769e-06,1.17328018e-05,0,3.59472e-11,2.82535e-06,0.03815180063,-0.02969552577,-0.03163983959,0.04046311464
768,7.680000,-0.01205622405,0.0415773727,3.815628588e-06,-2.96998769e-06,-2.96998769e-06,1.17328018e-05,0,3.59472e-11,2.82535e-06,0.03815180063,-0.02969552577,-0.01604986604,0.04046027943
769,7.690000,0.002279106528,0.04154226929,3.815628588e-06,-2.96998769e-06,-2.96998769e-06,1.17328018e-05,0,3.59472e-11,2.82535e-06,0.03815180063,-0.02969552577,-0.0009173429548,0.04016207478
770,7.700000,0.01566985995,0.04215512611,3.815628588e-06,-2.96998769e-06,-2.96998769e-06,1.17328018e-05,0,3.59472e-11,2.82535e-06,0.03815180063,-0.02969552577,0.01369718903,0.04020157449
771,7.710000,0.02992571518,0.04187729675,3.815628588e-06,-2.96998769e-06,-2.96998769e-06,1.17328018e-05,0,3.59472e-11,2.82535e-06,0.03815180063,-0.02969552577,0.02774125696,0.04022530059
772,7.720000,0.04376937822,0.04151275195,3.815628588e-06,-2.96998769e-06,-2.96998769e-06,1.17328018e-05,0,3.59472e-11,2.82535e-06,0.03815180063,-0.02969552577,0.0411710023,0.04080631382
773,7.730000,0.05638200417,0.04158326145,3.815628588e-06,-2.96998769e-06,-2.96998769e-06,1.17328018e-05,0,3.59472e-11,2.82535e-06,0.03815180063,-0.02969552577,0.05395162325,0.04120934484
774,7.740000,0.0689114444,0.04134932999,3.815628588e-06,-2.96998769e-06,-2.96998769e-06,1.17328018e-05,0,3.59472e-11,2.82535e-06,0.03815180063,-0.02969552577,0.06605770762,0.04117431164
775,7.750000,0.07988926396,0.04165881872,3.815628588e-06,-2.96998769e-06,-2.96998769e-06,1.17328018e-05,0,3.59472e-11,2.82535e-06,0.03815180063,-0.02969552577,0.07747345273,0.04096340033
776,7.760000,0.0903753154,0.04179896601,3.815628588e-06,-2.96998769e-06,-2.96998769e-06,1.17328018e-05,0,3.59472e-11,2.82535e-06,0.03815180063,-0.02969552577,0.0881927697,0.04090832899
777,7.770000,0.1002240106,0.04192121141,3.815628588e-06,-2.96998769e-06,-2.96998769e-06,1.17328018e-05,0,3.59472e-11,2.82535e-06,0.03815180063,-0.02969552577,0.09821927126,0.04086925104
778,7.780000,0.1094952039,0.04184194468,3.815628588e-06,-2.96998769e-06,-2.96998769e-06,1.17328018e-05,0,3.59472e-11,2.82535e-06,0.03815180063,-0.02969552577,0.1075661433,0.04087209832
779,7.790000,0.1179544479,0.04205506574,3.815628588e-06,-2.96998769e-06,-2.96998769e-06,1.17328018e-05,0,3.59472e-11,2.82535e-06,0.03815180063,-0.02969552577,0.1162559016,0.0408281708
780,7.800000,0.1256047897,0.04203661624,3.815628588e-06,-2.96998769e-06,-2.96998769e-06,1.17328018e-05,0,3.59472e-11,2.82535e-06,0.03815180063,-0.02969552577,0.1243200373,0.04110728638
781,7.810000,0.1323682144,0.04213054106,3.815628588e-06,-2.96998769e-06,-2.96998769e-06,1.17328018e-05,0,3.59472e-11,2.82535e-06,0.03815180063,-0.02969552577,0.1317985543,0.0409712609
782,7.820000,0.13890462,0.04225756135,3.815628588e-06,-2.96998769e-06,-2.96998769e-06,1.17328018e-05,0,3.59472e-11,2.82535e-06,0.03815180063,-0.02969552577,0.1387394051,0.04113610514
783,7.830000,0.1454437412,0.0421318179,3.815628588e-06,-2.96998769e-06,-2.96998769e-06,1.17328018e-05,0,3.59472e-11,2.82535e-06,0.03815180063,-0.02969552577,0.1451978312,0.04115225377
784,7.840000,0.1522115655,0.04154923744,3.815628588e-06,-2.96998769e-06,-2.96998769e-06,1.17328018e-05,0,3.59472e-11,2.82535e-06,0.03815180063,-0.02969552577,0.1512356157,0.04112325956
785,7.850000,0.1569848247,0.04156848602,3.815628588e-06,-2.96998769e-06,-2.96998769e-06,1.17328018e-05,0,3.59472e-11,2.82535e-06,0.03815180063,-0.02969552577,0.1569202575,0.04100189682
786,7.860000,0.162345916,0.04140332434,3.815628588e-06,-2.96998769e-06,-2.96998769e-06,1.17328018e-05,0,3.59472e-11,2.82535e-06,0.03815180063,-0.02969552577,0.1623240756,0.04039595015
787,7.870000,0.1666695848,0.04157959856,3.815628588e-06,-2.96998769e-06,-2.96998769e-06,1.17328018e-05,0,3.59472e-11,2.82535e-06,0.03815180063,-0.02969552577,0.1675232556,0.04038242382
788,7.880000,0.1719841212,0.04150955658,3.815628588e-06,-2.96998769e-06,-2.96998769e-06,1.17328018e-05,0,3.59472e-11,2.82535e-06,0.03815180063,-0.02969552577,0.172596848,0.04002298588
789,7.890000,0.1773346439,0.04136311356,3.815628588e-06,-2.96998769e-06,-2.96998769e-06,1.17328018e-05,0,3.59472e-11,2.82535e-06,0.03815180063,-0.02969552577,0.1776257311,0.03983828404
790,7.900000,0.182350181,0.04119841103,3.815628588e-06,-2.96998769e-06,-2.96998769e-06,1.17328018e-05,0,3.59472e-11,2.82535e-06,0.03815180063,-0.02969552577,0.1826915495,0.039689264
791,7.910000,0.1873194873,0.04153293744,3.815628588e-06,-2.96998769e-06,-2.96998769e-06,1.17328018e-05,0,3.59472e-11,2.82535e-06,0.03815180063,-0.02969552577,0.1878756422,0.03961257195
792,7.920000,0.1928877123,0.04167258833,3.815628588e-06,-2.96998769e-06,-2.96998769e-06,1.17328018e-05,0,3.59472e-11,2.82535e-06,0.03815180063,-0.02969552577,0.1932579713,0.03980149653
793,7.930000,0.1980174966,0.04190830886,3.815628588e-06,-2.96998769e-06,-2.96998769e-06,1.17328018e-05,0,3.59472e-11,2.82535e-06,0.03815180063,-0.02969552577,0.1989160647,0.03929908212
794,7.940000,0.2033023536,0.0420104973,3.815628588e-06,-2.96998769e-06,-2.96998769e-06,1.17328018e-05,0,3.59472e-11,2.82535e-06,0.03815180063,-0.02969552577,0.2049239848,0.03946457648
795,7.950000,0.2099327184,0.04206510168,3.815628588e-06,-2.96998769e-06,-2.96998769e-06,1.17328018e-05,0,3.59472e-11,2.82535e-06,0.03815180063,-0.02969552577,0.2113513354,0.03953485136
796,7.960000,0.2173756808,0.04148492962,3.815628588e-06,-2.96998769e-06,-2.96998769e-06,1.17328018e-05,0,3.59472e-11,2.82535e-06,0.03815180063,-0.02969552577,0.218262319,0.0393471459
797,7.970000,0.2257682867,0.04117547069,3.815628588e-06,-2.96998769e-06,-2.96998769e-06,1.17328018e-05,0,3.59472e-11,2.82535e-06,0.03815180063,-0.02969552577,0.2257148539,0.0396923076
798,7.980000,0.2340257242,0.04099145252,3.815628588e-06,-2.96998769e-06,-2.96998769e-06,1.17328018e-05,0,3.59472e-11,2.82535e-06,0.03815180063,-0.02969552577,0.2337597642,0.03956387948
799,7.990000,0.2429907285,0.04110498074,3.815628588e-06,-2.96998769e-06,-2.96998769e-06,1.17328018e-05,0,3.59472e-11,2.82535e-06,0.03815180063,-0.02969552577,0.2424400497,0.03994602817
800,8.000000,0.2523136809,0.04095003102,3.815628588e-06,-2.96998769e-06,-2.96998769e-06,1.17328018e-05,0,3.59472e-11,2.82535e-06,0.03815180063,-0.02969552577,0.2517902454,0.04011614676
801,8.010000,0.2628699355,0.0414437186,3.815628588e-06,-2.96998769e-06,-2.96998769e-06,1.17328018e-05,0,3.59472e-11,2.82535e-06,0.03815180063,-0.02969552577,0.2618358791,0.04013086015
802,8.020000,0.2733339071,0.04164207168,3.815628588e-06,-2.96998769e-06,-2.96998769e-06,1.17328018e-05,0,3.59472e-11,2.82535e-06,0.03815180063,-0.02969552577,0.2725930321,0.04032711652
803,8.030000,0.2854681872,0.04132949281,3.815628588e-06,-2.96998769e-06,-2.96998769e-06,1.17328018e-05,0,3.59472e-11,2.82535e-06,0.03815180063,-0.02969552577,0.284068009,0.04010576959
804,8.040000,0.297611665,0.04159617424,3.815628588e-06,-2.96998769e-06,-2.96998769e-06,1.17328018e-05,0,3.59472e-11,2.82535e-06,0.03815180063,-0.02969552577,0.2962571216,0.0404398723
805,8.050000,0.311001543,0.04140912089,3.815628588e-06,-2.96998769e-06,-2.96998769e-06,1.17328018e-05,0,3.59472e-11,2.82535e-06,0.03815180063,-0.02969552577,0.3091465878,0.04025082975
806,8.060000,0.3246945553,0.04172218032,3.815628588e-06,-2.96998769e-06,-2.96998769e-06,1.17328018e-05,0,3.59472e-11,2.82535e-06,0.03815180063,-0.02969552577,0.3227125486,0.04052915412
807,8.070000,0.3390890472,0.04215118568,3.815628588e-06,-2.96998769e-06,-2.96998769e-06,1.17328018e-05,0,3.59472e-11,2.82535e-06,0.03815180063,-0.02969552577,0.336921203,0.04096261129
808,8.080000,0.354185462,0.0421507759,3.815628588e-06,-2.96998769e-06,-2.96998769e-06,1.17328018e-05,0,3.59472e-11,2.82535e-06,0.03815180063,-0.02969552577,0.351729059,0.04049666461
809,8.090000,0.3694419898,0.04236787278,3.815628588e-06,-2.96998769e-06,-2.96998769e-06,1.17328018e-05,0,3.59472e-11,2.82535e-06,0.03815180063,-0.02969552577,0.3670832986,0.04033279296
810,8.100000,0.3854009584,0.04210753459,3.815628588e-06,-2.96998769e-06,-2.96998769e-06,1.17328018e-05,0,3.59472e-11,2.82535e-06,0.03815180063,-0.02969552577,0.3829222528,0.03980848639
811,8.110000,0.4026365466,0.04179658089,3.815628588e-06,-2.96998769e-06,-2.96998769e-06,1.17328018e-05,0,3.59472e-11,2.82535e-06,0.03815180063,-0.02969552577,0.3991759819,0.03995784196
812,8.120000,0.4192880467,0.04204250127,3.815628588e-06,-2.96998769e-06,-2.96998769e-06,1.17328018e-05,0,3.59472e-11,2.82535e-06,0.03815180063,-0.02969552577,0.4157669542,0.04036586391
813,8.130000,0.4355694465,0.04204891995,3.815628588e-06,-2.96998769e-06,-2.96998769e-06,1.17328018e-05,0,3.59472e-11,2.82535e-06,0.03815180063,-0.02969552577,0.4326108154,0.04099684538
814,8.140000,0.4528508373,0.04187835101,3.815628588e-06,-2.96998769e-06,-2.96998769e-06,1.17328018e-05,0,3.59472e-11,2.82535e-06,0.03815180063,-0.02969552577,0.4496172421,0.04124611206
815,8.150000,0.4694722891,0.04207802098,3.815628588e-06,-2.96998769e-06,-2.96998769e-06,1.17328018e-05,0,3.59472e-11,2.82535e-06,0.03815180063,-0.02969552577,0.4666908667,0.04089995489
816,8.160000,0.4859230742,0.04235912114,3.815628588e-06,-2.96998769e-06,-2.96998769e-06,1.17328018e-05,0,3.59472e-11,2.82535e-06,0.03815180063,-0.02969552577,0.4837322664,0.04101179552
817,8.170000,0.5026273169,0.04232351109,3.815628588e-06,-2.96998769e-06,-2.96998769e-06,1.17328018e-05,0,3.59472e-11,2.82535e-06,0.03815180063,-0.02969552577,0.5006390038,0.04121001843
818,8.180000,0.5202578865,0.04183479492,3.815628588e-06,-2.96998769e-06,-2.96998769e-06,1.17328018e-05,0,3.59472e-11,2.82535e-06,0.03815180063,-0.02969552577,0.5173067074,0.04124548657
819,8.190000,0.536096938,0.04220564105,3.815628588e-06,-2.96998769e-06,-2.96998769e-06,1.17328018e-05,0,3.59472e-11,2.82535e-06,0.03815180063,-0.02969552577,0.5336301808,0.0412546022
820,8.200000,0.5519332886,0.041969724,3.815628588e-06,-2.96998769e-06,-2.96998769e-06,1.17328018e-05,0,3.59472e-11,2.82535e-06,0.03815180063,-0.02969552577,0.5495045268,0.04117889438
821,8.210000,0.5662172623,0.04234696459,3.815628588e-06,-2.96998769e-06,-2.96998769e-06,1.17328018e-05,0,3.59472e-11,2.82535e-06,0.03815180063,-0.02969552577,0.5648262752,0.04107245348
822,8.220000,0.5798323974,0.042748034,3.815628588e-06,-2.96998769e-06,-2.96998769e-06,1.17328018e-05,0,3.59472e-11,2.82535e-06,0.03815180063,-0.02969552577,0.5794945004,0.0410605632
823,8.230000,0.5929072015,0.04307068791,3.815628588e-06,-2.96998769e-06,-2.96998769e-06,1.17328018e-05,0,3.59472e-11,2.82535e-06,0.03815180063,-0.02969552577,0.593411917,0.04118098371
824,8.240000,0.6060654968,0.04267674126,3.815628588e-06,-2.96998769e-06,-2.96998769e-06,1.17328018e-05,0,3.59472e-11,2.82535e-06,0.03815180063,-0.02969552577,0.6064859407,0.04130110492
825,8.250000,0.6166100018,0.04313602857,3.815628588e-06,-2.96998769e-06,-2.96998769e-06,1.17328018e-05,0,3.59472e-11,2.82535e-06,0.03815180063,-0.02969552577,0.6186297024,0.04111255343
826,8.260000,0.6279362142,0.04267047718,3.815628588e-06,-2.96998769e-06,-2.96998769e-06,1.17328018e-05,0,3.59472e-11,2.82535e-06,0.03815180063,-0.02969552577,0.6297630043,0.04155901945
827,8.270000,0.6375733726,0.04274960421,3.815628588e-06,-2.96998769e-06,-2.96998769e-06,1.17328018e-05,0,3.59472e-11,2.82535e-06,0.03815180063,-0.02969552577,0.6398132073,0.04158611486
828,8.280000,0.6454103887,0.04316315707,3.815628588e-06,-2.96998769e-06,-2.96998769e-06,1.17328018e-05,0,3.59472e-11,2.82535e-06,0.03815180063,-0.02969552577,0.6487160387,0.04136615786
829,8.290000,0.6528487094,0.04326013662,3.815628588e-06,-2.96998769e-06,-2.96998769e-06,1.17328018e-05,0,3.59472e-11,2.82535e-06,0.03815180063,-0.02969552577,0.6564163127,0.04135485011
830,8.300000,0.6582996435,0.04377682786,3.815628588e-06,-2.96998769e-06,-2.96998769e-06,1.17328018e-05,0,3.59472e-11,2.82535e-06,0.03815180063,-0.02969552577,0.6628685537,0.0412797488
831,8.310000,0.6627243832,0.04378079064,3.815628588e-06,-2.96998769e-06,-2.96998769e-06,1.17328018e-05,0,3.59472e-11,2.82535e-06,0.03815180063,-0.02969552577,0.6680375167,0.04194747059
832,8.320000,0.6661317796,0.04379322845,3.815628588e-06,-2.96998769e-06,-2.96998769e-06,1.17328018e-05,0,3.59472e-11,2.82535e-06,0.03815180063,-0.02969552577,0.6718985978,0.04158350581
833,8.330000,0.6675353274,0.04398309346,3.815628588e-06,-2.96998769e-06,-2.96998769e-06,1.17328018e-05,0,3.59472e-11,2.82535e-06,0.03815180063,-0.02969552577,0.6744381312,0.0417013316
834,8.340000,0.6679238863,0.04398220684,3.815628588e-06,-2.96998769e-06,-2.96998769e-06,1.17328018e-05,0,3.59472e-11,2.82535e-06,0.03815180063,-0.02969552577,0.6756535677,0.04167864794
835,8.350000,0.6679805294,0.04323279392,3.815628588e-06,-2.96998769e-06,-2.96998769e-06,1.17328018e-05,0,3.59472e-11,2.82535e-06,0.03815180063,-0.02969552577,0.6755535349,0.04130861401
836,8.360000,0.6659404151,0.04287697002,3.815628588e-06,-2.96998769e-06,-2.96998769e-06,1.17328018e-05,0,3.59472e-11,2.82535e-06,0.03815180063,-0.02969552577,0.6741577752,0.04113173552
837,8.370000,0.6627062336,0.04291733447,3.815628588e-06,-2.96998769e-06,-2.96998769e-06,1.17328018e-05,0,3.59472e-11,2.82535e-06,0.03815180063,-0.02969552577,0.671496966,0.04126517253
838,8.380000,0.6586001404,0.04318146035,3.815628588e-06,-2.96998769e-06,-2.96998769e-06,1.17328018e-05,0,3.59472e-11,2.82535e-06,0.03815180063,-0.02969552577,0.66761242,0.04122005838
839,8.390000,0.6540577933,0.04263474513,3.815628588e-06,-2.96998769e-06,-2.96998769e-06,1.17328018e-05,0,3.59472e-11,2.82535e-06,0.03815180063,-0.02969552577,0.6625556721,0.04110422066
840,8.400000,0.6476357095,0.04198854044,3.815628588e-06,-2.96998769e-06,-2.96998769e-06,1.17328018e-05,0,3.59472e-11,2.82535e-06,0.03815180063,-0.02969552577,0.6563879562,0.04128045114
841,8.410000,0.641290959,0.04095522128,3.815628588e-06,-2.96998769e-06,-2.96998769e-06,1.17328018e-05,0,3.59472e-11,2.82535e-06,0.03815180063,-0.02969552577,0.6491795771,0.04132989718
842,8.420000,0.633665055,0.04053706303,3.815628588e-06,-2.96998769e-06,-2.96998769e-06,1.17328018e-05,0,3.59472e-11,2.82535e-06,0.03815180063,-0.02969552577,0.6410091852,0.04173494051
843,8.430000,0.6243556179,0.04035902768,3.815628588e-06,-2.96998769e-06,-2.96998769e-06,1.17328018e-05,0,3.59472e-11,2.82535e-06,0.03815180063,-0.02969552577,0.6319629627,0.04225771272
844,8.440000,0.6145632342,0.04039051663,3.815628588e-06,-2.96998769e-06,-2.96998769e-06,1.17328018e-05,0,3.59472e-11,2.82535e-06,0.03815180063,-0.02969552577,0.6221337289,0.04216936508
845,8.450000,0.6042813994,0.03989680391,3.815628588e-06,-2.96998769e-06,-2.96998769e-06,1.17328018e-05,0,3.59472e-11,2.82535e-06,0.03815180063,-0.02969552577,0.6116199751,0.04199806903
846,8.460000,0.5935916528,0.03933439963,3.815628588e-06,-2.96998769e-06,-2.96998769e-06,1.17328018e-05,0,3.59472e-11,2.82535e-06,0.03815180063,-0.02969552577,0.6005248411,0.04206037831
847,8.470000,0.5822220631,0.03907717578,3.815628588e-06,-2.96998769e-06,-2.96998769e-06,1.17328018e-05,0,3.59472e-11,2.82535e-06,0.03815180063,-0.02969552577,0.5889550425,0.04179252115
848,8.480000,0.5706931129,0.03856140934,3.815628588e-06,-2.96998769e-06,-2.96998769e-06,1.17328018e-05,0,3.59472e-11,2.82535e-06,0.03815180063,-0.02969552577,0.5770197624,0.04185142108
849,8.490000,0.5584431402,0.0385972755,3.815628588e-06,-2.96998769e-06,-2.96998769e-06,1.17328018e-05,0,3.59472e-11,2.82535e-06,0.03815180063,-0.02969552577,0.5648295199,0.04203403507
850,8.500000,0.5465987846,0.03808434121,3.815628588e-06,-2.96998769e-06,-2.96998769e-06,1.17328018e-05,0,3.59472e-11,2.82535e-06,0.03815180063,-0.02969552577,0.5524950263,0.04175048224
851,8.510000,0.5340086147,0.03795826435,3.815628588e-06,-2.96998769e-06,-2.96998769e-06,1.17328018e-05,0,3.59472e-11,2.82535e-06,0.03815180063,-0.02969552577,0.5401260443,0.04161862042
852,8.520000,0.5222420357,0.03753981367,3.815628588e-06,-2.96998769e-06,-2.96998769e-06,1.17328018e-05,0,3.59472e-11,2.82535e-06,0.03815180063,-0.02969552577,0.5278302605,0.04142974596
853,8.530000,0.5109503269,0.0372167388,3.815628588e-06,-2.96998769e-06,-2.96998769e-06,1.17328018e-05,0,3.59472e-11,2.82535e-06,0.03815180063,-0.02969552577,0.515712185,0.0413896572
854,8.540000,0.4992465302,0.0374643039,3.815628588e-06,-2.96998769e-06,-2.96998769e-06,1.17328018e-05,0,3.59472e-11,2.82535e-06,0.03815180063,-0.02969552577,0.5038720906,0.04065785158
855,8.550000,0.4883680418,0.03718019463,3.815628588e-06,-2.96998769e-06,-2.96998769e-06,1.17328018e-05,0,3.59472e-11,2.82535e-06,0.03815180063,-0.02969552577,0.4924050024,0.04102422254
856,8.560000,0.4785013497,0.03663777374,3.815628588e-06,-2.96998769e-06,-2.96998769e-06,1.17328018e-05,0,3.59472e-11,2.82535e-06,0.03815180063,-0.02969552577,0.4813997494,0.04105285335
857,8.570000,0.468083445,0.03657606989,3.815628588e-06,-2.96998769e-06,-2.96998769e-06,1.17328018e-05,0,3.59472e-11,2.82535e-06,0.03815180063,-0.02969552577,0.4709380886,0.04095471931
858,8.580000,0.4585518315,0.03653644212,3.815628588e-06,-2.96998769e-06,-2.96998769e-06,1.17328018e-05,0,3.59472e-11,2.82535e-06,0.03815180063,-0.02969552577,0.4610939119,0.04113614684
859,8.590000,0.4492242448,0.03729729168,3.815628588e-06,-2.96998769e-06,-2.96998769e-06,1.17328018e-05,0,3.59472e-11,2.82535e-06,0.03815180063,-0.02969552577,0.4519325432,0.04139819649
860,8.600000,0.4414979368,0.03724214807,3.815628588e-06,-2.96998769e-06,-2.96998769e-06,1.17328018e-05,0,3.59472e-11,2.82535e-06,0.03815180063,-0.02969552577,0.4435101338,0.04130719113
861,8.610000,0.4344097711,0.03722627833,3.815628588e-06,-2.96998769e-06,-2.96998769e-06,1.17328018e-05,0,3.59472e-11,2.82535e-06,0.03815180063,-0.02969552577,0.4358731641,0.04171151059
862,8.620000,0.4286631793,0.0369185172,3.815628588e-06,-2.96998769e-06,-2.96998769e-06,1.17328018e-05,0,3.59472e-11,2.82535e-06,0.03815180063,-0.02969552577,0.4290580539,0.04145513545
863,8.630000,0.4230185933,0.03690928034,3.815628588e-06,-2.96998769e-06,-2.96998769e-06,1.17328018e-05,0,3.59472e-11,2.82535e-06,0.03815180063,-0.02969552577,0.4230908893,0.04153166733
864,8.640000,0.4189201668,0.03673476353,3.815628588e-06,-2.96998769e-06,-2.96998769e-06,1.17328018e-05,0,3.59472e-11,2.82535e-06,0.03815180063,-0.02969552577,0.4179872649,0.04158516165
865,8.650000,0.4145278111,0.03708860837,3.815628588e-06,-2.96998769e-06,-2.96998769e-06,1.17328018e-05,0,3.59472e-11,2.82535e-06,0.03815180063,-0.02969552577,0.413752246,0.04141089532
866,8.660000,0.411373578,0.03747475799,3.815628588e-06,-2.96998769e-06,-2.96998769e-06,1.17328018e-05,0,3.59472e-11,2.82535e-06,0.03815180063,-0.02969552577,0.4103804493,0.04208443515
867,8.670000,0.4092614017,0.03739588521,3.815628588e-06,-2.96998769e-06,-2.96998769e-06,1.17328018e-05,0,3.59472e-11,2.82535e-06,0.03815180063,-0.02969552577,0.4078562412,0.04221134371
868,8.680000,0.4079180323,0.03745520208,3.815628588e-06,-2.96998769e-06,-2.96998769e-06,1.17328018e-05,0,3.59472e-11,2.82535e-06,0.03815180063,-0.02969552577,0.4061540508,0.04163995071
869,8.690000,0.4067493789,0.03765454795,3.815628588e-06,-2.96998769e-06,-2.96998769e-06,1.17328018e-05,0,3.59472e-11,2.82535e-06,0.03815180063,-0.02969552577,0.4052387942,0.0415496957
870,8.700000,0.4062208422,0.03801124264,3.815628588e-06,-2.96998769e-06,-2.96998769e-06,1.17328018e-05,0,3.59472e-11,2.82535e-06,0.03815180063,-0.02969552577,0.4050664054,0.04206395524
871,8.710000,0.4068798907,0.03790093213,3.815628588e-06,-2.96998769e-06,-2.96998769e-06,1.17328018e-05,0,3.59472e-11,2.82535e-06,0.03815180063,-0.02969552577,0.4055844654,0.04198263485
872,8.720000,0.4083329588,0.03810919262,3.815628588e-06,-2.96998769e-06,-2.96998769e-06,1.17328018e-05,0,3.59472e-11,2.82535e-06,0.03815180063,-0.02969552577,0.406732925,0.0420012659
873,8.730000,0.4096108191,0.03858594876,3.815628588e-06,-2.96998769e-06,-2.96998769e-06,1.17328018e-05,0,3.59472e-11,2.82535e-06,0.03815180063,-0.02969552577,0.4084449099,0.04191150499
874,8.740000,0.4115384482,0.03879603092,3.815628588e-06,-2.96998769e-06,-2.96998769e-06,1.17328018e-05,0,3.59472e-11,2.82535e-06,0.03815180063,-0.02969552577,0.4106476008,0.04178189341
875,8.750000,0.4140112884,0.03929602448,3.815628588e-06,-2.96998769e-06,-2.96998769e-06,1.17328018e-05,0,3.59472e-11,2.82535e-06,0.03815180063,-0.02969552577,0.413263177,0.04159076825
876,8.760000,0.4176655076,0.03866313025,3.815628588e-06,-2.96998769e-06,-2.96998769e-06,1.17328018e-05,0,3.59472e-11,2.82535e-06,0.03815180063,-0.02969552577,0.4162098132,0.04217928339
877,8.770000,0.4218518585,0.03809972107,3.815628588e-06,-2.96998769e-06,-2.96998769e-06,1.17328018e-05,0,3.59472e-11,2.82535e-06,0.03815180063,-0.02969552577,0.4194027166,0.04211445053
878,8.780000,0.4245911501,0.03869109508,3.815628588e-06,-2.96998769e-06,-2.96998769e-06,1.17328018e-05,0,3.59472e-11,2.82535e-06,0.03815180063,-0.02969552577,0.422755195,0.04217450708
879,8.790000,0.4290349409,0.03832073137,3.815628588e-06,-2.96998769e-06,-2.96998769e-06,1.17328018e-05,0,3.59472e-11,2.82535e-06,0.03815180063,-0.02969552577,0.4261797393,0.04214873599
880,8.800000,0.432448823,0.03818773106,3.815628588e-06,-2.96998769e-06,-2.96998769e-06,1.17328018e-05,0,3.59472e-11,2.82535e-06,0.03815180063,-0.02969552577,0.4295891127,0.04301600524
881,8.810000,0.4361275434,0.0377110783,3.815628588e-06,-2.96998769e-06,-2.96998769e-06,1.17328018e-05,0,3.59472e-11,2.82535e-06,0.03815180063,-0.02969552577,0.4328974297,0.04324584895
882,8.820000,0.4384829029,0.03807073645,3.815628588e-06,-2.96998769e-06,-2.96998769e-06,1.17328018e-05,0,3.59472e-11,2.82535e-06,0.03815180063,-0.02969552577,0.4360212156,0.04346037929
883,8.830000,0.4411921203,0.03831840772,3.815628588e-06,-2.96998769e-06,-2.96998769e-06,1.17328018e-05,0,3.59472e-11,2.82535e-06,0.03815180063,-0.02969552577,0.4388804319,0.04306928409
884,8.840000,0.4437618107,0.03816830367,3.815628588e-06,-2.96998769e-06,-2.96998769e-06,1.17328018e-05,0,3.59472e-11,2.82535e-06,0.03815180063,-0.02969552577,0.4413994577,0.04300267246
885,8.850000,0.4449288696,0.03852360882,3.815628588e-06,-2.96998769e-06,-2.96998769e-06,1.17328018e-05,0,3.59472e-11,2.82535e-06,0.03815180063,-0.02969552577,0.4435080144,0.04272774106
886,8.860000,0.4463166296,0.03869013768,3.815628588e-06,-2.96998769e-06,-2.96998769e-06,1.17328018e-05,0,3.59472e-11,2.82535e-06,0.03815180063,-0.02969552577,0.4451420241,0.04305373857
887,8.870000,0.4463944323,0.03905623686,3.815628588e-06,-2.96998769e-06,-2.96998769e-06,1.17328018e-05,0,3.59472e-11,2.82535e-06,0.03815180063,-0.02969552577,0.4462443903,0.04277260703
888,8.880000,0.4461769238,0.03951597773,3.815628588e-06,-2.96998769e-06,-2.96998769e-06,1.17328018e-05,0,3.59472e-11,2.82535e-06,0.03815180063,-0.02969552577,0.4467656945,0.0430850877
889,8.890000,0.4467244707,0.03909438383,3.815628588e-06,-2.96998769e-06,-2.96998769e-06,1.17328018e-05,0,3.59472e-11,2.82535e-06,0.03815180063,-0.02969552577,0.4466647976,0.04278305752
890,8.900000,0.4462483339,0.03895775508,3.815628588e-06,-2.96998769e-06,-2.96998769e-06,1.17328018e-05,0,3.59472e-11,2.82535e-06,0.03815180063,-0.02969552577,0.4459093416,0.04239840462
891,8.910000,0.4448307753,0.03870169632,3.815628588e-06,-2.96998769e-06,-2.96998769e-06,1.17328018e-05,0,3.59472e-11,2.82535e-06,0.03815180063,-0.02969552577,0.4444761449,0.0427253279
892,8.920000,0.442745842,0.03842505347,3.815628588e-06,-2.96998769e-06,-2.96998769e-06,1.17328018e-05,0,3.59472e-11,2.82535e-06,0.03815180063,-0.02969552577,0.4423514867,0.04258404346
893,8.930000,0.4387209453,0.03879963513,3.815628588e-06,-2.96998769e-06,-2.96998769e-06,1.17328018e-05,0,3.59472e-11,2.82535e-06,0.03815180063,-0.02969552577,0.4395312772,0.04224009451
894,8.940000,0.4345261641,0.03909192793,3.815628588e-06,-2.96998769e-06,-2.96998769e-06,1.17328018e-05,0,3.59472e-11,2.82535e-06,0.03815180063,-0.02969552577,0.4360211124,0.04184342834
895,8.950000,0.4306047559,0.03863592353,3.815628588e-06,-2.96998769e-06,-2.96998769e-06,1.17328018e-05,0,3.59472e-11,2.82535e-06,0.03815180063,-0.02969552577,0.4318362115,0.04164550997
896,8.960000,0.4252577499,0.03874802683,3.815628588e-06,-2.96998769e-06,-2.96998769e-06,1.17328018e-05,0,3.59472e-11,2.82535e-06,0.03815180063,-0.02969552577,0.4270012398,0.04151986262
897,8.970000,0.4191026576,0.03876084648,3.815628588e-06,-2.96998769e-06,-2.96998769e-06,1.17328018e-05,0,3.59472e-11,2.82535e-06,0.03815180063,-0.02969552577,0.4215500165,0.04160290608
898,8.980000,0.4129512049,0.03875889629,3.815628588e-06,-2.96998769e-06,-2.96998769e-06,1.17328018e-05,0,3.59472e-11,2.82535e-06,0.03815180063,-0.02969552577,0.4155251136,0.04118184273
899,8.990000,0.4053162076,0.03901933599,3.815628588e-06,-2.96998769e-06,-2.96998769e-06,1.17328018e-05,0,3.59472e-11,2.82535e-06,0.03815180063,-0.02969552577,0.4089773483,0.04145531809
900,9.000000,0.398696769,0.03883760981,3.815628588e-06,-2.96998769e-06,-2.96998769e-06,1.17328018e-05,0,3.59472e-11,2.82535e-06,0.03815180063,-0.02969552577,0.4019651766,0.04152804848
901,9.010000,0.391791489,0.03817736637,3.815628588e-06,-2.96998769e-06,-2.96998769e-06,1.17328018e-05,0,3.59472e-11,2.82535e-06,0.03815180063,-0.02969552577,0.3945539937,0.04154070883
902,9.020000,0.3838555031,0.03792547341,3.815628588e-06,-2.96998769e-06,-2.96998769e-06,1.17328018e-05,0,3.59472e-11,2.82535e-06,0.03815180063,-0.02969552577,0.3868153503,0.04180757992
903,9.030000,0.3754974492,0.03807771578,3.815628588e-06,-2.96998769e-06,-2.96998769e-06,1.17328018e-05,0,3.59472e-11,2.82535e-06,0.03815180063,-0.02969552577,0.3788260933,0.0420306132
904,9.040000,0.3674826808,0.0375436116,3.815628588e-06,-2.96998769e-06,-2.96998769e-06,1.17328018e-05,0,3.59472e-11,2.82535e-06,0.03815180063,-0.02969552577,0.370667442,0.04197615175
905,9.050000,0.3588798307,0.03815483022,3.815628588e-06,-2.96998769e-06,-2.96998769e-06,1.17328018e-05,0,3.59472e-11,2.82535e-06,0.03815180063,-0.02969552577,0.3624240083,0.04237813166
906,9.060000,0.3513419554,0.03797626309,3.815628588e-06,-2.96998769e-06,-2.96998769e-06,1.17328018e-05,0,3.59472e-11,2.82535e-06,0.03815180063,-0.02969552577,0.3541827753,0.04263359221
907,9.070000,0.3433474824,0.03816920426,3.815628588e-06,-2.96998769e-06,-2.96998769e-06,1.17328018e-05,0,3.59472e-11,2.82535e-06,0.03815180063,-0.02969552577,0.3460320429,0.0421768144
908,9.080000,0.3357731737,0.03812543489,3.815628588e-06,-2.96998769e-06,-2.96998769e-06,1.17328018e-05,0,3.59472e-11,2.82535e-06,0.03815180063,-0.02969552577,0.338060356,0.04269949308
909,9.090000,0.328191597,0.03817174584,3.815628588e-06,-2.96998769e-06,-2.96998769e-06,1.17328018e-05,0,3.59472e-11,2.82535e-06,0.03815180063,-0.02969552577,0.3303554247,0.04258644072
910,9.100000,0.3212879114,0.03821079899,3.815628588e-06,-2.96998769e-06,-2.96998769e-06,1.17328018e-05,0,3.59472e-11,2.82535e-06,0.03815180063,-0.02969552577,0.323003051,0.04293290451
911,9.110000,0.3152582683,0.03806913737,3.815628588e-06,-2.96998769e-06,-2.96998769e-06,1.17328018e-05,0,3.59472e-11,2.82535e-06,0.03815180063,-0.02969552577,0.3160860742,0.04294440311
912,9.120000,0.3081037775,0.03873026557,3.815628588e-06,-2.96998769e-06,-2.96998769e-06,1.17328018e-05,0,3.59472e-11,2.82535e-06,0.03815180063,-0.02969552577,0.3096833467,0.04307057465
913,9.130000,0.3029576242,0.03895785194,3.815628588e-06,-2.96998769e-06,-2.96998769e-06,1.17328018e-05,0,3.59472e-11,2.82535e-06,0.03815180063,-0.02969552577,0.3038687527,0.04297254796
914,9.140000,0.2982238792,0.03925173916,3.815628588e-06,-2.96998769e-06,-2.96998769e-06,1.17328018e-05,0,3.59472e-11,2.82535e-06,0.03815180063,-0.02969552577,0.2987102805,0.04329043372
915,9.150000,0.2937476784,0.03941505402,3.815628588e-06,-2.96998769e-06,-2.96998769e-06,1.17328018e-05,0,3.59472e-11,2.82535e-06,0.03815180063,-0.02969552577,0.294269161,0.04329893151
916,9.160000,0.2899947315,0.03971616551,3.815628588e-06,-2.96998769e-06,-2.96998769e-06,1.17328018e-05,0,3.59472e-11,2.82535e-06,0.03815180063,-0.02969552577,0.2905990805,0.0429828669
917,9.170000,0.2875671797,0.03997792955,3.815628588e-06,-2.96998769e-06,-2.96998769e-06,1.17328018e-05,0,3.59472e-11,2.82535e-06,0.03815180063,-0.02969552577,0.2877454781,0.04302489275
918,9.180000,0.2856638059,0.0403028084,3.815628588e-06,-2.96998769e-06,-2.96998769e-06,1.17328018e-05,0,3.59472e-11,2.82535e-06,0.03815180063,-0.02969552577,0.285744936,0.04293787712
919,9.190000,0.2854684517,0.03988006059,3.815628588e-06,-2.96998769e-06,-2.96998769e-06,1.17328018e-05,0,3.59472e-11,2.82535e-06,0.03815180063,-0.02969552577,0.2846246701,0.04298354842
920,9.200000,0.285644792,0.03977435641,3.815628588e-06,-2.96998769e-06,-2.96998769e-06,1.17328018e-05,0,3.59472e-11,2.82535e-06,0.03815180063,-0.02969552577,0.2844021262,0.04252209132
921,9.210000,0.2874053977,0.03951817565,3.815628588e-06,-2.96998769e-06,-2.96998769e-06,1.17328018e-05,0,3.59472e-11,2.82535e-06,0.03815180063,-0.02969552577,0.2850846878,0.04263199764
922,9.220000,0.2892534174,0.03998767864,3.815628588e-06,-2.96998769e-06,-2.96998769e-06,1.17328018e-05,0,3.59472e-11,2.82535e-06,0.03815180063,-0.02969552577,0.2866694986,0.0430345848
923,9.230000,0.291892305,0.04038271587,3.815628588e-06,-2.96998769e-06,-2.96998769e-06,1.17328018e-05,0,3.59472e-11,2.82535e-06,0.03815180063,-0.02969552577,0.2891434017,0.04307728057
924,9.240000,0.2957294881,0.0404608082,3.815628588e-06,-2.96998769e-06,-2.96998769e-06,1.17328018e-05,0,3.59472e-11,2.82535e-06,0.03815180063,-0.02969552577,0.2924829972,0.04337811271
925,9.250000,0.3003588878,0.04048387986,3.815628588e-06,-2.96998769e-06,-2.96998769e-06,1.17328018e-05,0,3.59472e-11,2.82535e-06,0.03815180063,-0.02969552577,0.2966548179,0.04295158059
926,9.260000,0.3058800586,0.04025803972,3.815628588e-06,-2.96998769e-06,-2.96998769e-06,1.17328018e-05,0,3.59472e-11,2.82535e-06,0.03815180063,-0.02969552577,0.3016156199,0.04284748259
927,9.270000,0.3119160049,0.04027661495,3.815628588e-06,-2.96998769e-06,-2.96998769e-06,1.17328018e-05,0,3.59472e-11,2.82535e-06,0.03815180063,-0.02969552577,0.3073127877,0.04259747269
928,9.280000,0.3184316717,0.04043696634,3.815628588e-06,-2.96998769e-06,-2.96998769e-06,1.17328018e-05,0,3.59472e-11,2.82535e-06,0.03815180063,-0.02969552577,0.3136848471,0.04263836808
929,9.290000,0.324441392,0.04100831132,3.815628588e-06,-2.96998769e-06,-2.96998769e-06,1.17328018e-05,0,3.59472e-11,2.82535e-06,0.03815180063,-0.02969552577,0.3206620814,0.0424528282
930,9.300000,0.3320952989,0.04131492786,3.815628588e-06,-2.96998769e-06,-2.96998769e-06,1.17328018e-05,0,3.59472e-11,2.82535e-06,0.03815180063,-0.02969552577,0.3281672444,0.04261290703
931,9.310000,0.3407712206,0.04131305311,3.815628588e-06,-2.96998769e-06,-2.96998769e-06,1.17328018e-05,0,3.59472e-11,2.82535e-06,0.03815180063,-0.02969552577,0.3361163616,0.04254867105
932,9.320000,0.3487605751,0.0416030921,3.815628588e-06,-2.96998769e-06,-2.96998769e-06,1.17328018e-05,0,3.59472e-11,2.82535e-06,0.03815180063,-0.02969552577,0.3444196114,0.04234794157
933,9.330000,0.3567767143,0.04233286064,3.815628588e-06,-2.96998769e-06,-2.96998769e-06,1.17328018e-05,0,3.59472e-11,2.82535e-06,0.03815180063,-0.02969552577,0.3529822758,0.04259912981
934,9.340000,0.3650956191,0.04255458247,3.815628588e-06,-2.96998769e-06,-2.96998769e-06,1.17328018e-05,0,3.59472e-11,2.82535e-06,0.03815180063,-0.02969552577,0.3617057513,0.04272178104
935,9.350000,0.3736176454,0.04284888133,3.815628588e-06,-2.96998769e-06,-2.96998769e-06,1.17328018e-05,0,3.59472e-11,2.82535e-06,0.03815180063,-0.02969552577,0.3704886071,0.04262151949
936,9.360000,0.3837815151,0.0419760989,3.815628588e-06,-2.96998769e-06,-2.96998769e-06,1.17328018e-05,0,3.59472e-11,2.82535e-06,0.03815180063,-0.02969552577,0.3792276799,0.04239926274
937,9.370000,0.3921345882,0.04200431518,3.815628588e-06,-2.96998769e-06,-2.96998769e-06,1.17328018e-05,0,3.59472e-11,2.82535e-06,0.03815180063,-0.02969552577,0.3878191924,0.04208700358
938,9.380000,0.4010741338,0.04177544639,3.815628588e-06,-2.96998769e-06,-2.96998769e-06,1.17328018e-05,0,3.59472e-11,2.82535e-06,0.03815180063,-0.02969552577,0.3961598836,0.04249157383
939,9.390000,0.4085086621,0.04191252403,3.815628588e-06,-2.96998769e-06,-2.96998769e-06,1.17328018e-05,0,3.59472e-11,2.82535e-06,0.03815180063,-0.02969552577,0.404148138,0.04260666586
940,9.400000,0.4156414457,0.04234732315,3.815628588e-06,-2.96998769e-06,-2.96998769e-06,1.17328018e-05,0,3.59472e-11,2.82535e-06,0.03815180063,-0.02969552577,0.4116850998,0.04256364907
941,9.410000,0.4214652814,0.0429421952,3.815628588e-06,-2.96998769e-06,-2.96998769e-06,1.17328018e-05,0,3.59472e-11,2.82535e-06,0.03815180063,-0.02969552577,0.418675762,0.04294723858
942,9.420000,0.427233845,0.04285120033,3.815628588e-06,-2.96998769e-06,-2.96998769e-06,1.17328018e-05,0,3.59472e-11,2.82535e-06,0.03815180063,-0.02969552577,0.4250300158,0.04327185297
943,9.430000,0.4328778535,0.04286266118,3.815628588e-06,-2.96998769e-06,-2.96998769e-06,1.17328018e-05,0,3.59472e-11,2.82535e-06,0.03815180063,-0.02969552577,0.4306636498,0.04312669399
944,9.440000,0.4364714958,0.04345060978,3.815628588e-06,-2.96998769e-06,-2.96998769e-06,1.17328018e-05,0,3.59472e-11,2.82535e-06,0.03815180063,-0.02969552577,0.435499287,0.04296228573
945,9.450000,0.440285679,0.04372258484,3.815628588e-06,-2.96998769e-06,-2.96998769e-06,1.17328018e-05,0,3.59472e-11,2.82535e-06,0.03815180063,-0.02969552577,0.4394672502,0.04318509239
946,9.460000,0.4429633766,0.04383869469,3.815628588e-06,-2.96998769e-06,-2.96998769e-06,1.17328018e-05,0,3.59472e-11,2.82535e-06,0.03815180063,-0.02969552577,0.4425063439,0.04296169606
947,9.470000,0.4440657645,0.04409621377,3.815628588e-06,-2.96998769e-06,-2.96998769e-06,1.17328018e-05,0,3.59472e-11,2.82535e-06,0.03815180063,-0.02969552577,0.4445645461,0.04309837697
948,9.480000,0.4447628818,0.04391837865,3.815628588e-06,-2.96998769e-06,-2.96998769e-06,1.17328018e-05,0,3.59472e-11,2.82535e-06,0.03815180063,-0.02969552577,0.4455996012,0.04248480255
949,9.490000,0.4442721121,0.04408276081,3.815628588e-06,-2.96998769e-06,-2.96998769e-06,1.17328018e-05,0,3.59472e-11,2.82535e-06,0.03815180063,-0.02969552577,0.4455795068,0.04237013098
950,9.500000,0.4421061724,0.04455920216,3.815628588e-06,-2.96998769e-06,-2.96998769e-06,1.17328018e-05,0,3.59472e-11,2.82535e-06,0.03815180063,-0.02969552577,0.4444828892,0.04206880408
951,9.510000,0.4389281198,0.0447648745,3.815628588e-06,-2.96998769e-06,-2.96998769e-06,1.17328018e-05,0,3.59472e-11,2.82535e-06,0.03815180063,-0.02969552577,0.4422992646,0.04210258548
952,9.520000,0.4360015839,0.04434978776,3.815628588e-06,-2.96998769e-06,-2.96998769e-06,1.17328018e-05,0,3.59472e-11,2.82535e-06,0.03815180063,-0.02969552577,0.4390291804,0.04164426879
953,9.530000,0.4314173125,0.04390980117,3.815628588e-06,-2.96998769e-06,-2.96998769e-06,1.17328018e-05,0,3.59472e-11,2.82535e-06,0.03815180063,-0.02969552577,0.4346842377,0.04205943841
954,9.540000,0.4257672615,0.04354484566,3.815628588e-06,-2.96998769e-06,-2.96998769e-06,1.17328018e-05,0,3.59472e-11,2.82535e-06,0.03815180063,-0.02969552577,0.4292869924,0.04225131396
955,9.550000,0.41871126,0.04370775912,3.815628588e-06,-2.96998769e-06,-2.96998769e-06,1.17328018e-05,0,3.59472e-11,2.82535e-06,0.03815180063,-0.02969552577,0.4228707376,0.04214416721
956,9.560000,0.41069033,0.04413883574,3.815628588e-06,-2.96998769e-06,-2.96998769e-06,1.17328018e-05,0,3.59472e-11,2.82535e-06,0.03815180063,-0.02969552577,0.415479169,0.04240945702
957,9.570000,0.4021524377,0.04409705382,3.815628588e-06,-2.96998769e-06,-2.96998769e-06,1.17328018e-05,0,3.59472e-11,2.82535e-06,0.03815180063,-0.02969552577,0.4071659372,0.04239998342
958,9.580000,0.3923467621,0.04385028407,3.815628588e-06,-2.96998769e-06,-2.96998769e-06,1.17328018e-05,0,3.59472e-11,2.82535e-06,0.03815180063,-0.02969552577,0.397994091,0.04244599557
959,9.590000,0.3819733709,0.04381879512,3.815628588e-06,-2.96998769e-06,-2.96998769e-06,1.17328018e-05,0,3.59472e-11,2.82535e-06,0.03815180063,-0.02969552577,0.3880354198,0.04231208738
960,9.600000,0.3719866201,0.04320521653,3.815628588e-06,-2.96998769e-06,-2.96998769e-06,1.17328018e-05,0,3.59472e-11,2.82535e-06,0.03815180063,-0.02969552577,0.3773697006,0.04237304727
961,9.610000,0.3598383591,0.04348326288,3.815628588e-06,-2.96998769e-06,-2.96998769e-06,1.17328018e-05,0,3.59472e-11,2.82535e-06,0.03815180063,-0.02969552577,0.3660838591,0.04205023578
962,9.620000,0.3484197222,0.04278942943,3.815628588e-06,-2.96998769e-06,-2.96998769e-06,1.17328018e-05,0,3.59472e-11,2.82535e-06,0.03815180063,-0.02969552577,0.3542710538,0.04186041878
963,9.630000,0.3354679197,0.04328156076,3.815628588e-06,-2.96998769e-06,-2.96998769e-06,1.17328018e-05,0,3.59472e-11,2.82535e-06,0.03815180063,-0.02969552577,0.3420296933,0.04194289867
964,9.640000,0.32409155,0.04260280542,3.815628588e-06,-2.96998769e-06,-2.96998769e-06,1.17328018e-05,0,3.59472e-11,2.82535e-06,0.03815180063,-0.02969552577,0.3294623983,0.04236045852
965,9.650000,0.3113020323,0.04255871568,3.815628588e-06,-2.96998769e-06,-2.96998769e-06,1.17328018e-05,0,3.59472e-11,2.82535e-06,0.03815180063,-0.02969552577,0.3166749197,0.04230866978
966,9.660000,0.29906746,0.04195813276,3.815628588e-06,-2.96998769e-06,-2.96998769e-06,1.17328018e-05,0,3.59472e-11,2.82535e-06,0.03815180063,-0.02969552577,0.3037750242,0.04209934566
967,9.670000,0.2856753953,0.04229691625,3.815628588e-06,-2.96998769e-06,-2.96998769e-06,1.17328018e-05,0,3.59472e-11,2.82535e-06,0.03815180063,-0.02969552577,0.2908713613,0.04202748769
968,9.680000,0.2728742436,0.04250388127,3.815628588e-06,-2.96998769e-06,-2.96998769e-06,1.17328018e-05,0,3.59472e-11,2.82535e-06,0.03815180063,-0.02969552577,0.2780723225,0.04174887715
969,9.690000,0.2604750805,0.04247719981,3.815628588e-06,-2.96998769e-06,-2.96998769e-06,1.17328018e-05,0,3.59472e-11,2.82535e-06,0.03815180063,-0.02969552577,0.2654849075,0.04189239053
970,9.700000,0.2483590618,0.04253088031,3.815628588e-06,-2.96998769e-06,-2.96998769e-06,1.17328018e-05,0,3.59472e-11,2.82535e-06,0.03815180063,-0.02969552577,0.2532136081,0.04230168025
971,9.710000,0.2363949455,0.04273149557,3.815628588e-06,-2.96998769e-06,-2.96998769e-06,1.17328018e-05,0,3.59472e-11,2.82535e-06,0.03815180063,-0.02969552577,0.2413593238,0.04277231688
972,9.720000,0.2259986848,0.04245807417,3.815628588e-06,-2.96998769e-06,-2.96998769e-06,1.17328018e-05,0,3.59472e-11,2.82535e-06,0.03815180063,-0.02969552577,0.2300183204,0.04300859183
973,9.730000,0.2152951658,0.04268190917,3.815628588e-06,-2.96998769e-06,-2.96998769e-06,1.17328018e-05,0,3.59472e-11,2.82535e-06,0.03815180063,-0.02969552577,0.2192812426,0.04281541046
974,9.740000,0.2055789717,0.04274645168,3.815628588e-06,-2.96998769e-06,-2.96998769e-06,1.17328018e-05,0,3.59472e-11,2.82535e-06,0.03815180063,-0.02969552577,0.209232193,0.04313661672
975,9.750000,0.1974238381,0.04242930189,3.815628588e-06,-2.96998769e-06,-2.96998769e-06,1.17328018e-05,0,3.59472e-11,2.82535e-06,0.03815180063,-0.02969552577,0.1999478871,0.04311087724
976,9.760000,0.1890589297,0.04274026956,3.815628588e-06,-2.96998769e-06,-2.96998769e-06,1.17328018e-05,0,3.59472e-11,2.82535e-06,0.03815180063,-0.02969552577,0.1914968922,0.04292661462
977,9.770000,0.181600403,0.04278299306,3.815628588e-06,-2.96998769e-06,-2.96998769e-06,1.17328018e-05,0,3.59472e-11,2.82535e-06,0.03815180063,-0.02969552577,0.1839389609,0.04312047769
978,9.780000,0.1759474762,0.04275719356,3.815628588e-06,-2.96998769e-06,-2.96998769e-06,1.17328018e-05,0,3.59472e-11,2.82535e-06,0.03815180063,-0.02969552577,0.1773244654,0.04289496131
979,9.790000,0.1705163345,0.04286617972,3.815628588e-06,-2.96998769e-06,-2.96998769e-06,1.17328018e-05,0,3.59472e-11,2.82535e-06,0.03815180063,-0.02969552577,0.1716939375,0.04306009064
980,9.800000,0.1668110527,0.04277559184,3.815628588e-06,-2.96998769e-06,-2.96998769e-06,1.17328018e-05,0,3.59472e-11,2.82535e-06,0.03815180063,-0.02969552577,0.1670777218,0.04286328011
981,9.810000,0.1633367501,0.04317962565,3.815628588e-06,-2.96998769e-06,-2.96998769e-06,1.17328018e-05,0,3.59472e-11,2.82535e-06,0.03815180063,-0.02969552577,0.1634957432,0.04259408104
982,9.820000,0.1615463085,0.0431163609,3.815628588e-06,-2.96998769e-06,-2.96998769e-06,1.17328018e-05,0,3.59472e-11,2.82535e-06,0.03815180063,-0.02969552577,0.1609573928,0.04253486276
983,9.830000,0.1605349593,0.04300831258,3.815628588e-06,-2.96998769e-06,-2.96998769e-06,1.17328018e-05,0,3.59472e-11,2.82535e-06,0.03815180063,-0.02969552577,0.1594615324,0.04231252126
984,9.840000,0.1601870358,0.0433426993,3.815628588e-06,-2.96998769e-06,-2.96998769e-06,1.17328018e-05,0,3.59472e-11,2.82535e-06,0.03815180063,-0.02969552577,0.1589966169,0.04242182606
985,9.850000,0.1606924906,0.04362667073,3.815628588e-06,-2.96998769e-06,-2.96998769e-06,1.17328018e-05,0,3.59472e-11,2.82535e-06,0.03815180063,-0.02969552577,0.1595409338,0.04246351183
986,9.860000,0.1616972499,0.04397215229,3.815628588e-06,-2.96998769e-06,-2.96998769e-06,1.17328018e-05,0,3.59472e-11,2.82535e-06,0.03815180063,-0.02969552577,0.161062956,0.04222837399
987,9.870000,0.1646667309,0.04445300531,3.815628588e-06,-2.96998769e-06,-2.96998769e-06,1.17328018e-05,0,3.59472e-11,2.82535e-06,0.03815180063,-0.02969552577,0.1635218038,0.04239593505
988,9.880000,0.1680935398,0.04503773712,3.815628588e-06,-2.96998769e-06,-2.96998769e-06,1.17328018e-05,0,3.59472e-11,2.82535e-06,0.03815180063,-0.02969552577,0.1668678109,0.04256936236
989,9.890000,0.1721806526,0.04552277271,3.815628588e-06,-2.96998769e-06,-2.96998769e-06,1.17328018e-05,0,3.59472e-11,2.82535e-06,0.03815180063,-0.02969552577,0.1710431866,0.04335658856
990,9.900000,0.1774798743,0.04572445434,3.815628588e-06,-2.96998769e-06,-2.96998769e-06,1.17328018e-05,0,3.59472e-11,2.82535e-06,0.03815180063,-0.02969552577,0.1759827678,0.0440476655
991,9.910000,0.1835647449,0.04554025084,3.815628588e-06,-2.96998769e-06,-2.96998769e-06,1.17328018e-05,0,3.59472e-11,2.82535e-06,0.03815180063,-0.02969552577,0.1816148505,0.04413622688
992,9.920000,0.1902112328,0.04522155318,3.815628588e-06,-2.96998769e-06,-2.96998769e-06,1.17328018e-05,0,3.59472e-11,2.82535e-06,0.03815180063,-0.02969552577,0.1878620927,0.04444094977
993,9.930000,0.1971850246,0.0450020805,3.815628588e-06,-2.96998769e-06,-2.96998769e-06,1.17328018e-05,0,3.59472e-11,2.82535e-06,0.03815180063,-0.02969552577,0.1946424757,0.04452946576
994,9.940000,0.2042704225,0.04535701498,3.815628588e-06,-2.96998769e-06,-2.96998769e-06,1.17328018e-05,0,3.59472e-11,2.82535e-06,0.03815180063,-0.02969552577,0.2018703157,0.04440488895
995,9.950000,0.2115922906,0.04564692359,3.815628588e-06,-2.96998769e-06,-2.96998769e-06,1.17328018e-05,0,3.59472e-11,2.82535e-06,0.03815180063,-0.02969552577,0.2094573111,0.04448167034
996,9.960000,0.2200981788,0.04546065256,3.815628588e-06,-2.96998769e-06,-2.96998769e-06,1.17328018e-05,0,3.59472e-11,2.82535e-06,0.03815180063,-0.02969552577,0.2173136148,0.04454523173
997,9.970000,0.2278186381,0.04549651593,3.815628588e-06,-2.96998769e-06,-2.96998769e-06,1.17328018e-05,0,3.59472e-11,2.82535e-06,0.03815180063,-0.02969552577,0.2253489195,0.04428222052
998,9.980000,0.2360683233,0.04528568499,3.815628588e-06,-2.96998769e-06,-2.96998769e-06,1.17328018e-05,0,3.59472e-11,2.82535e-06,0.03815180063,-0.02969552577,0.2334735414,0.04442637495
999,9.990000,0.2442277223,0.04522151127,3.815628588e-06,-2.96998769e-06,-2.96998769e-06,1.17328018e-05,0,3.59472e-11,2.82535e-06,0.03815180063,-0.02969552577,0.2415994921,0.04439815234
1000,10.000000,0.2524411455,0.04501611367,3.815628588e-06,-2.96998769e-06,-2.96998769e-06,1.17328018e-05,0,3.59472e-11,2.82535e-06,0.03815180063,-0.02969552577,0.2496415247,0.04470366209
1001,10.010000,0.2599978037,0.04517326411,3.815628588e-06,-2.96998769e-06,-2.96998769e-06,1.17328018e-05,0,3.59472e-11,2.82535e-06,0.03815180063,-0.02969552577,0.257518143,0.04497211174
1002,10.020000,0.2672518864,0.04505471047,3.815628588e-06,-2.96998769e-06,-2.96998769e-06,1.17328018e-05,0,3.59472e-11,2.82535e-06,0.03815180063,-0.02969552577,0.2651525611,0.04447483042
1003,10.030000,0.2741221599,0.04488494806,3.815628588e-06,-2.96998769e-06,-2.96998769e-06,1.17328018e-05,0,3.59472e-11,2.82535e-06,0.03815180063,-0.02969552577,0.2724736035,0.0446162647
1004,10.040000,0.2820335105,0.04411528073,3.815628588e-06,-2.96998769e-06,-2.96998769e-06,1.17328018e-05,0,3.59472e-11,2.82535e-06,0.03815180063,-0.02969552577,0.2794165345,0.04490713541
1005,10.050000,0.2888652682,0.04370910022,3.815628588e-06,-2.96998769e-06,-2.96998769e-06,1.17328018e-05,0,3.59472e-11,2.82535e-06,0.03815180063,-0.02969552577,0.2859238076,0.0444137981
1006,10.060000,0.2946986631,0.04381013196,3.815628588e-06,-2.96998769e-06,-2.96998769e-06,1.17328018e-05,0,3.59472e-11,2.82535e-06,0.03815180063,-0.02969552577,0.2919457263,0.04502764496
1007,10.070000,0.299309507,0.04426044784,3.815628588e-06,-2.96998769e-06,-2.96998769e-06,1.17328018e-05,0,3.59472e-11,2.82535e-06,0.03815180063,-0.02969552577,0.2974410086,0.04489801488
1008,10.080000,0.3040233664,0.04408430308,3.815628588e-06,-2.96998769e-06,-2.96998769e-06,1.17328018e-05,0,3.59472e-11,2.82535e-06,0.03815180063,-0.02969552577,0.3023772493,0.04467164797
1009,10.090000,0.3086028248,0.04360000137,3.815628588e-06,-2.96998769e-06,-2.96998769e-06,1.17328018e-05,0,3.59472e-11,2.82535e-06,0.03815180063,-0.02969552577,0.3067312731,0.04433665177
1010,10.100000,0.3127128556,0.04332795925,3.815628588e-06,-2.96998769e-06,-2.96998769e-06,1.17328018e-05,0,3.59472e-11,2.82535e-06,0.03815180063,-0.02969552577,0.3104893772,0.04478656798
1011,10.110000,0.3141714223,0.04393152241,3.815628588e-06,-2.96998769e-06,-2.96998769e-06,1.17328018e-05,0,3.59472e-11,2.82535e-06,0.03815180063,-0.02969552577,0.3136474579,0.04465768715
1012,10.120000,0.3162276559,0.04399925005,3.815628588e-06,-2.96998769e-06,-2.96998769e-06,1.17328018e-05,0,3.59472e-11,2.82535e-06,0.03815180063,-0.02969552577,0.3162110214,0.04498264456
1013,10.130000,0.3177254014,0.04419071134,3.815628588e-06,-2.96998769e-06,-2.96998769e-06,1.17328018e-05,0,3.59472e-11,2.82535e-06,0.03815180063,-0.02969552577,0.3181950784,0.04501329634
1014,10.140000,0.318363253,0.04445478041,3.815628588e-06,-2.96998769e-06,-2.96998769e-06,1.17328018e-05,0,3.59472e-11,2.82535e-06,0.03815180063,-0.02969552577,0.3196239231,0.04518666834
1015,10.150000,0.3187319748,0.04442828894,3.815628588e-06,-2.96998769e-06,-2.96998769e-06,1.17328018e-05,0,3.59472e-11,2.82535e-06,0.03815180063,-0.02969552577,0.3205308009,0.04453222135
1016,10.160000,0.318944402,0.04422331043,3.815628588e-06,-2.96998769e-06,-2.96998769e-06,1.17328018e-05,0,3.59472e-11,2.82535e-06,0.03815180063,-0.02969552577,0.3209574658,0.04480417444
1017,10.170000,0.3182518296,0.04421943426,3.815628588e-06,-2.96998769e-06,-2.96998769e-06,1.17328018e-05,0,3.59472e-11,2.82535e-06,0.03815180063,-0.02969552577,0.320953636,0.04534069402
1018,10.180000,0.3172173426,0.04445725773,3.815628588e-06,-2.96998769e-06,-2.96998769e-06,1.17328018e-05,0,3.59472e-11,2.82535e-06,0.03815180063,-0.02969552577,0.3205763514,0.04538255954
1019,10.190000,0.316992946,0.04449183866,3.815628588e-06,-2.96998769e-06,-2.96998769e-06,1.17328018e-05,0,3.59472e-11,2.82535e-06,0.03815180063,-0.02969552577,0.3198892416,0.04579056363
1020,10.200000,0.3167915158,0.04411736969,3.815628588e-06,-2.96998769e-06,-2.96998769e-06,1.17328018e-05,0,3.59472e-11,2.82535e-06,0.03815180063,-0.02969552577,0.3189617134,0.0457086303
1021,10.210000,0.3156863675,0.04420269374,3.815628588e-06,-2.96998769e-06,-2.96998769e-06,1.17328018e-05,0,3.59472e-11,2.82535e-06,0.03815180063,-0.02969552577,0.3178680654,0.0451170269
1022,10.220000,0.314105615,0.04430232197,3.815628588e-06,-2.96998769e-06,-2.96998769e-06,1.17328018e-05,0,3.59472e-11,2.82535e-06,0.03815180063,-0.02969552577,0.3166865424,0.04518368854
1023,10.230000,0.3132165335,0.04410086013,3.815628588e-06,-2.96998769e-06,-2.96998769e-06,1.17328018e-05,0,3.59472e-11,2.82535e-06,0.03815180063,-0.02969552577,0.3154983387,0.04498017584
1024,10.240000,0.3119093664,0.04339292459,3.815628588e-06,-2.96998769e-06,-2.96998769e-06,1.17328018e-05,0,3.59472e-11,2.82535e-06,0.03815180063,-0.02969552577,0.3143865624,0.04490113177
1025,10.250000,0.3118199706,0.04317755438,3.815628588e-06,-2.96998769e-06,-2.96998769e-06,1.17328018e-05,0,3.59472e-11,2.82535e-06,0.03815180063,-0.02969552577,0.3134351734,0.04513127249
1026,10.260000,0.3112556711,0.04308851529,3.815628588e-06,-2.96998769e-06,-2.96998769e-06,1.17328018e-05,0,3.59472e-11,2.82535e-06,0.03815180063,-0.02969552577,0.3127279065,0.04520414362
1027,10.270000,0.3102648221,0.04338599835,3.815628588e-06,-2.96998769e-06,-2.96998769e-06,1.17328018e-05,0,3.59472e-11,2.82535e-06,0.03815180063,-0.02969552577,0.3123471929,0.04526413271
1028,10.280000,0.3099579439,0.04356417991,3.815628588e-06,-2.96998769e-06,-2.96998769e-06,1.17328018e-05,0,3.59472e-11,2.82535e-06,0.03815180063,-0.02969552577,0.3123730915,0.04578259999
1029,10.290000,0.3104891889,0.04362479877,3.815628588e-06,-2.96998769e-06,-2.96998769e-06,1.17328018e-05,0,3.59472e-11,2.82535e-06,0.03815180063,-0.02969552577,0.3128822447,0.04566077219
1030,10.300000,0.3115263097,0.0439356789,3.815628588e-06,-2.96998769e-06,-2.96998769e-06,1.17328018e-05,0,3.59472e-11,2.82535e-06,0.03815180063,-0.02969552577,0.3139468681,0.04541837361
1031,10.310000,0.3130894043,0.04450076632,3.815628588e-06,-2.96998769e-06,-2.96998769e-06,1.17328018e-05,0,3.59472e-11,2.82535e-06,0.03815180063,-0.02969552577,0.3156337879,0.04507731737
1032,10.320000,0.315656703,0.04440296255,3.815628588e-06,-2.96998769e-06,-2.96998769e-06,1.17328018e-05,0,3.59472e-11,2.82535e-06,0.03815180063,-0.02969552577,0.3180035367,0.04544840043
1033,10.330000,0.3196639679,0.04445143789,3.815628588e-06,-2.96998769e-06,-2.96998769e-06,1.17328018e-05,0,3.59472e-11,2.82535e-06,0.03815180063,-0.02969552577,0.3211095182,0.04506406298
1034,10.340000,0.3236663379,0.04442318529,3.815628588e-06,-2.96998769e-06,-2.96998769e-06,1.17328018e-05,0,3.59472e-11,2.82535e-06,0.03815180063,-0.02969552577,0.3249972507,0.04469635315
1035,10.350000,0.3297512643,0.04439556599,3.815628588e-06,-2.96998769e-06,-2.96998769e-06,1.17328018e-05,0,3.59472e-11,2.82535e-06,0.03815180063,-0.02969552577,0.3297036984,0.04512765694
1036,10.360000,0.3358357511,0.04453634936,3.815628588e-06,-2.96998769e-06,-2.96998769e-06,1.17328018e-05,0,3.59472e-11,2.82535e-06,0.03815180063,-0.02969552577,0.3352566984,0.04493081131
1037,10.370000,0.3424839936,0.04489669297,3.815628588e-06,-2.96998769e-06,-2.96998769e-06,1.17328018e-05,0,3.59472e-11,2.82535e-06,0.03815180063,-0.02969552577,0.3416744906,0.04435718759
1038,10.380000,0.3501905091,0.04521198571,3.815628588e-06,-2.96998769e-06,-2.96998769e-06,1.17328018e-05,0,3.59472e-11,2.82535e-06,0.03815180063,-0.02969552577,0.3489653556,0.04452128192
1039,10.390000,0.3592995405,0.04501590226,3.815628588e-06,-2.96998769e-06,-2.96998769e-06,1.17328018e-05,0,3.59472e-11,2.82535e-06,0.03815180063,-0.02969552577,0.3571273656,0.04440662096
1040,10.400000,0.3684228808,0.04498777445,3.815628588e-06,-2.96998769e-06,-2.96998769e-06,1.17328018e-05,0,3.59472e-11,2.82535e-06,0.03815180063,-0.02969552577,0.3661482513,0.04455540456
1041,10.410000,0.3787988462,0.04493752774,3.815628588e-06,-2.96998769e-06,-2.96998769e-06,1.17328018e-05,0,3.59472e-11,2.82535e-06,0.03815180063,-0.02969552577,0.3760053863,0.04481318232
1042,10.420000,0.3896034807,0.04494519159,3.815628588e-06,-2.96998769e-06,-2.96998769e-06,1.17328018e-05,0,3.59472e-11,2.82535e-06,0.03815180063,-0.02969552577,0.3866658908,0.04467974614
1043,10.430000,0.4014027603,0.04507429805,3.815628588e-06,-2.96998769e-06,-2.96998769e-06,1.17328018e-05,0,3.59472e-11,2.82535e-06,0.03815180063,-0.02969552577,0.3980868516,0.04475313208
1044,10.440000,0.4137858227,0.04488615412,3.815628588e-06,-2.96998769e-06,-2.96998769e-06,1.17328018e-05,0,3.59472e-11,2.82535e-06,0.03815180063,-0.02969552577,0.4102156588,0.04459830493
1045,10.450000,0.4265087061,0.04516253714,3.815628588e-06,-2.96998769e-06,-2.96998769e-06,1.17328018e-05,0,3.59472e-11,2.82535e-06,0.03815180063,-0.02969552577,0.4229904534,0.04488891102
1046,10.460000,0.4398428425,0.04537340906,3.815628588e-06,-2.96998769e-06,-2.96998769e-06,1.17328018e-05,0,3.59472e-11,2.82535e-06,0.03815180063,-0.02969552577,0.4363406827,0.04465066052
1047,10.470000,0.4540331401,0.04508981109,3.815628588e-06,-2.96998769e-06,-2.96998769e-06,1.17328018e-05,0,3.59472e-11,2.82535e-06,0.03815180063,-0.02969552577,0.4501877567,0.04449478374
1048,10.480000,0.4679440446,0.04559983686,3.815628588e-06,-2.96998769e-06,-2.96998769e-06,1.17328018e-05,0,3.59472e-11,2.82535e-06,0.03815180063,-0.02969552577,0.4644457982,0.04366190269
1049,10.490000,0.4816003591,0.0460791653,3.815628588e-06,-2.96998769e-06,-2.96998769e-06,1.17328018e-05,0,3.59472e-11,2.82535e-06,0.03815180063,-0.02969552577,0.4790224795,0.04370483663
1050,10.500000,0.4962428175,0.04613945074,3.815628588e-06,-2.96998769e-06,-2.96998769e-06,1.17328018e-05,0,3.59472e-11,2.82535e-06,0.03815180063,-0.02969552577,0.4938199345,0.04348271939
1051,10.510000,0.510587126,0.0463707326,3.815628588e-06,-2.96998769e-06,-2.96998769e-06,1.17328018e-05,0,3.59472e-11,2.82535e-06,0.03815180063,-0.02969552577,0.5087357386,0.0428763816
1052,10.520000,0.5260472335,0.04608900286,3.815628588e-06,-2.96998769e-06,-2.96998769e-06,1.17328018e-05,0,3.59472e-11,2.82535e-06,0.03815180063,-0.02969552577,0.5236639435,0.04319314878
1053,10.530000,0.5405514017,0.04602546804,3.815628588e-06,-2.96998769e-06,-2.96998769e-06,1.17328018e-05,0,3.59472e-11,2.82535e-06,0.03815180063,-0.02969552577,0.5384961561,0.04303548457
1054,10.540000,0.554809954,0.04613929708,3.815628588e-06,-2.96998769e-06,-2.96998769e-06,1.17328018e-05,0,3.59472e-11,2.82535e-06,0.03815180063,-0.02969552577,0.5531226498,0.04295763373
1055,10.550000,0.5685964935,0.04645625222,3.815628588e-06,-2.96998769e-06,-2.96998769e-06,1.17328018e-05,0,3.59472e-11,2.82535e-06,0.03815180063,-0.02969552577,0.5674334958,0.04295332837
1056,10.560000,0.5826509707,0.04653486144,3.815628588e-06,-2.96998769e-06,-2.96998769e-06,1.17328018e-05,0,3.59472e-11,2.82535e-06,0.03815180063,-0.02969552577,0.5813197005,0.04269984193
1057,10.570000,0.5956614502,0.04655072279,3.815628588e-06,-2.96998769e-06,-2.96998769e-06,1.17328018e-05,0,3.59472e-11,2.82535e-06,0.03815180063,-0.02969552577,0.5946743389,0.04284029666
1058,10.580000,0.6083393283,0.04634290468,3.815628588e-06,-2.96998769e-06,-2.96998769e-06,1.17328018e-05,0,3.59472e-11,2.82535e-06,0.03815180063,-0.02969552577,0.607393668,0.04291507179
1059,10.590000,0.6203519218,0.04595412035,3.815628588e-06,-2.96998769e-06,-2.96998769e-06,1.17328018e-05,0,3.59472e-11,2.82535e-06,0.03815180063,-0.02969552577,0.6193782105,0.04266895074
1060,10.600000,0.6312365532,0.04559701774,3.815628588e-06,-2.96998769e-06,-2.96998769e-06,1.17328018e-05,0,3.59472e-11,2.82535e-06,0.03815180063,-0.02969552577,0.6305337958,0.04301252179
1061,10.610000,0.6411153935,0.04559327848,3.815628588e-06,-2.96998769e-06,-2.96998769e-06,1.17328018e-05,0,3.59472e-11,2.82535e-06,0.03815180063,-0.02969552577,0.6407725454,0.04353481015
1062,10.620000,0.6488143317,0.04584726971,3.815628588e-06,-2.96998769e-06,-2.96998769e-06,1.17328018e-05,0,3.59472e-11,2.82535e-06,0.03815180063,-0.02969552577,0.6500137938,0.04350709036
1063,10.630000,0.6567512453,0.04573783092,3.815628588e-06,-2.96998769e-06,-2.96998769e-06,1.17328018e-05,0,3.59472e-11,2.82535e-06,0.03815180063,-0.02969552577,0.6581849325,0.04336622182
1064,10.640000,0.6627224199,0.04646964278,3.815628588e-06,-2.96998769e-06,-2.96998769e-06,1.17328018e-05,0,3.59472e-11,2.82535e-06,0.03815180063,-0.02969552577,0.6652221695,0.04291994682
1065,10.650000,0.6687278971,0.04597090278,3.815628588e-06,-2.96998769e-06,-2.96998769e-06,1.17328018e-05,0,3.59472e-11,2.82535e-06,0.03815180063,-0.02969552577,0.6710711943,0.0430428468
1066,10.660000,0.6723688468,0.04634850565,3.815628588e-06,-2.96998769e-06,-2.96998769e-06,1.17328018e-05,0,3.59472e-11,2.82535e-06,0.03815180063,-0.02969552577,0.6756877413,0.04321876865
1067,10.670000,0.6751010492,0.04625057895,3.815628588e-06,-2.96998769e-06,-2.96998769e-06,1.17328018e-05,0,3.59472e-11,2.82535e-06,0.03815180063,-0.02969552577,0.6790380464,0.0439109321
1068,10.680000,0.676441554,0.04639116861,3.815628588e-06,-2.96998769e-06,-2.96998769e-06,1.17328018e-05,0,3.59472e-11,2.82535e-06,0.03815180063,-0.02969552577,0.6810991897,0.04360850651
1069,10.690000,0.6762022674,0.0465301834,3.815628588e-06,-2.96998769e-06,-2.96998769e-06,1.17328018e-05,0,3.59472e-11,2.82535e-06,0.03815180063,-0.02969552577,0.6818593221,0.04385701315
1070,10.700000,0.6755463667,0.04625695664,3.815628588e-06,-2.96998769e-06,-2.96998769e-06,1.17328018e-05,0,3.59472e-11,2.82535e-06,0.03815180063,-0.02969552577,0.6813177727,0.04350566537
1071,10.710000,0.6728049181,0.046181852,3.815628588e-06,-2.96998769e-06,-2.96998769e-06,1.17328018e-05,0,3.59472e-11,2.82535e-06,0.03815180063,-0.02969552577,0.6794850352,0.04339313329
1072,10.720000,0.6690052599,0.04600954428,3.815628588e-06,-2.96998769e-06,-2.96998769e-06,1.17328018e-05,0,3.59472e-11,2.82535e-06,0.03815180063,-0.02969552577,0.6763826353,0.04349455813
1073,10.730000,0.6643672585,0.04595789965,3.815628588e-06,-2.96998769e-06,-2.96998769e-06,1.17328018e-05,0,3.59472e-11,2.82535e-06,0.03815180063,-0.02969552577,0.6720428777,0.04323532103
1074,10.740000,0.6591360271,0.0453342814,3.815628588e-06,-2.96998769e-06,-2.96998769e-06,1.17328018e-05,0,3.59472e-11,2.82535e-06,0.03815180063,-0.02969552577,0.6665084786,0.04372338174
1075,10.750000,0.6520808786,0.04548983648,3.815628588e-06,-2.96998769e-06,-2.96998769e-06,1.17328018e-05,0,3.59472e-11,2.82535e-06,0.03815180063,-0.02969552577,0.6598320856,0.04358071611
1076,10.760000,0.6441200152,0.04544440098,3.815628588e-06,-2.96998769e-06,-2.96998769e-06,1.17328018e-05,0,3.59472e-11,2.82535e-06,0.03815180063,-0.02969552577,0.652075692,0.04366682239
1077,10.770000,0.6344191842,0.0456291493,3.815628588e-06,-2.96998769e-06,-2.96998769e-06,1.17328018e-05,0,3.59472e-11,2.82535e-06,0.03815180063,-0.02969552577,0.6433099505,0.04345954688
1078,10.780000,0.6248313449,0.04544194695,3.815628588e-06,-2.96998769e-06,-2.96998769e-06,1.17328018e-05,0,3.59472e-11,2.82535e-06,0.03815180063,-0.02969552577,0.6336133958,0.04311129316
1079,10.790000,0.6139492691,0.04533556569,3.815628588e-06,-2.96998769e-06,-2.96998769e-06,1.17328018e-05,0,3.59472e-11,2.82535e-06,0.03815180063,-0.02969552577,0.6230715833,0.04326463955
1080,10.800000,0.6023994163,0.04521131795,3.815628588e-06,-2.96998769e-06,-2.96998769e-06,1.17328018e-05,0,3.59472e-11,2.82535e-06,0.03815180063,-0.02969552577,0.6117761544,0.04290065646
1081,10.810000,0.5917616822,0.04420495871,3.815628588e-06,-2.96998769e-06,-2.96998769e-06,1.17328018e-05,0,3.59472e-11,2.82535e-06,0.03815180063,-0.02969552577,0.5998238393,0.04286331252
1082,10.820000,0.5785046294,0.04421436228,3.815628588e-06,-2.96998769e-06,-2.96998769e-06,1.17328018e-05,0,3.59472e-11,2.82535e-06,0.03815180063,-0.02969552577,0.5873154069,0.04259126403
1083,10.830000,0.5666517541,0.04316651542,3.815628588e-06,-2.96998769e-06,-2.96998769e-06,1.17328018e-05,0,3.59472e-11,2.82535e-06,0.03815180063,-0.02969552577,0.5743545759,0.04241504185
1084,10.840000,0.5535495467,0.04294595122,3.815628588e-06,-2.96998769e-06,-2.96998769e-06,1.17328018e-05,0,3.59472e-11,2.82535e-06,0.03815180063,-0.02969552577,0.5610468969,0.04252409604
1085,10.850000,0.5404088534,0.04269187432,3.815628588e-06,-2.96998769e-06,-2.96998769e-06,1.17328018e-05,0,3.59472e-11,2.82535e-06,0.03815180063,-0.02969552577,0.5474986201,0.04241127449
1086,10.860000,0.5270157494,0.04268761724,3.815628588e-06,-2.96998769e-06,-2.96998769e-06,1.17328018e-05,0,3.59472e-11,2.82535e-06,0.03815180063,-0.02969552577,0.5338155599,0.04238350324
1087,10.870000,0.513988506,0.04235616326,3.815628588e-06,-2.96998769e-06,-2.96998769e-06,1.17328018e-05,0,3.59472e-11,2.82535e-06,0.03815180063,-0.02969552577,0.5201019703,0.04257950331
1088,10.880000,0.5003138483,0.04221936502,3.815628588e-06,-2.96998769e-06,-2.96998769e-06,1.17328018e-05,0,3.59472e-11,2.82535e-06,0.03815180063,-0.02969552577,0.5064594418,0.04262059423
1089,10.890000,0.4873457626,0.042015668,3.815628588e-06,-2.96998769e-06,-2.96998769e-06,1.17328018e-05,0,3.59472e-11,2.82535e-06,0.03815180063,-0.02969552577,0.4929858346,0.04293050545
1090,10.900000,0.4740915224,0.04216098506,3.815628588e-06,-2.96998769e-06,-2.96998769e-06,1.17328018e-05,0,3.59472e-11,2.82535e-06,0.03815180063,-0.02969552577,0.4797742581,0.04364644068
1091,10.910000,0.4614978097,0.04207123816,3.815628588e-06,-2.96998769e-06,-2.96998769e-06,1.17328018e-05,0,3.59472e-11,2.82535e-06,0.03815180063,-0.02969552577,0.4669121085,0.04329754622
1092,10.920000,0.4498126805,0.04170387331,3.815628588e-06,-2.96998769e-06,-2.96998769e-06,1.17328018e-05,0,3.59472e-11,2.82535e-06,0.03815180063,-0.02969552577,0.4544801758,0.04326739721
1093,10.930000,0.4385243319,0.04131280724,3.815628588e-06,-2.96998769e-06,-2.96998769e-06,1.17328018e-05,0,3.59472e-11,2.82535e-06,0.03815180063,-0.02969552577,0.4425518295,0.04298525711
1094,10.940000,0.4278018996,0.04141424876,3.815628588e-06,-2.96998769e-06,-2.96998769e-06,1.17328018e-05,0,3.59472e-11,2.82535e-06,0.03815180063,-0.02969552577,0.431192292,0.04311111661
1095,10.950000,0.4184898734,0.04075110797,3.815628588e-06,-2.96998769e-06,-2.96998769e-06,1.17328018e-05,0,3.59472e-11,2.82535e-06,0.03815180063,-0.02969552577,0.420458008,0.04303075652
1096,10.960000,0.4081843682,0.040868707,3.815628588e-06,-2.96998769e-06,-2.96998769e-06,1.17328018e-05,0,3.59472e-11,2.82535e-06,0.03815180063,-0.02969552577,0.4103961161,0.04297530558
1097,10.970000,0.3996628076,0.04018626269,3.815628588e-06,-2.96998769e-06,-2.96998769e-06,1.17328018e-05,0,3.59472e-11,2.82535e-06,0.03815180063,-0.02969552577,0.4010440298,0.04283947558
1098,10.980000,0.3914884515,0.03965485841,3.815628588e-06,-2.96998769e-06,-2.96998769e-06,1.17328018e-05,0,3.59472e-11,2.82535e-06,0.03815180063,-0.02969552577,0.39242913,0.04292228246
1099,10.990000,0.3837450296,0.03975078929,3.815628588e-06,-2.96998769e-06,-2.96998769e-06,1.17328018e-05,0,3.59472e-11,2.82535e-06,0.03815180063,-0.02969552577,0.3845685747,0.04279367733
1100,11.000000,0.3767883629,0.03993622866,3.815628588e-06,-2.96998769e-06,-2.96998769e-06,1.17328018e-05,0,3.59472e-11,2.82535e-06,0.03815180063,-0.02969552577,0.3774692258,0.04300710514
1101,11.010000,0.3714975342,0.03904367145,3.815628588e-06,-2.96998769e-06,-2.96998769e-06,1.17328018e-05,0,3.59472e-11,2.82535e-06,0.03815180063,-0.02969552577,0.3711276943,0.0426011348
1102,11.020000,0.3670762405,0.03856159188,3.815628588e-06,-2.96998769e-06,-2.96998769e-06,1.17328018e-05,0,3.59472e-11,2.82535e-06,0.03815180063,-0.02969552577,0.3655305037,0.04245520404
1103,11.030000,0.3625822477,0.03874158952,3.815628588e-06,-2.96998769e-06,-2.96998769e-06,1.17328018e-05,0,3.59472e-11,2.82535e-06,0.03815180063,-0.02969552577,0.3606543675,0.04208637014
1104,11.040000,0.358776778,0.03848425485,3.815628588e-06,-2.96998769e-06,-2.96998769e-06,1.17328018e-05,0,3.59472e-11,2.82535e-06,0.03815180063,-0.02969552577,0.3564665799,0.04221289969
1105,11.050000,0.3556149751,0.03868156858,3.815628588e-06,-2.96998769e-06,-2.96998769e-06,1.17328018e-05,0,3.59472e-11,2.82535e-06,0.03815180063,-0.02969552577,0.3529255121,0.04204700569
1106,11.060000,0.3528284691,0.03892108146,3.815628588e-06,-2.96998769e-06,-2.96998769e-06,1.17328018e-05,0,3.59472e-11,2.82535e-06,0.03815180063,-0.02969552577,0.3499812109,0.04173140923
1107,11.070000,0.3500020206,0.03945873585,3.815628588e-06,-2.96998769e-06,-2.96998769e-06,1.17328018e-05,0,3.59472e-11,2.82535e-06,0.03815180063,-0.02969552577,0.3475760904,0.04122885737
1108,11.080000,0.3479371704,0.04025072884,3.815628588e-06,-2.96998769e-06,-2.96998769e-06,1.17328018e-05,0,3.59472e-11,2.82535e-06,0.03815180063,-0.02969552577,0.3456457097,0.04161178838
1109,11.090000,0.3463495709,0.04039070848,3.815628588e-06,-2.96998769e-06,-2.96998769e-06,1.17328018e-05,0,3.59472e-11,2.82535e-06,0.03815180063,-0.02969552577,0.3441196268,0.04149453695
1110,11.100000,0.3452247493,0.04018248525,3.815628588e-06,-2.96998769e-06,-2.96998769e-06,1.17328018e-05,0,3.59472e-11,2.82535e-06,0.03815180063,-0.02969552577,0.3429223195,0.04165926356
1111,11.110000,0.3447210304,0.03993070032,3.815628588e-06,-2.96998769e-06,-2.96998769e-06,1.17328018e-05,0,3.59472e-11,2.82535e-06,0.03815180063,-0.02969552577,0.3419741614,0.04180533866
1112,11.120000,0.3435506485,0.03991320729,3.815628588e-06,-2.96998769e-06,-2.96998769e-06,1.17328018e-05,0,3.59472e-11,2.82535e-06,0.03815180063,-0.02969552577,0.3411924427,0.04165113119
1113,11.130000,0.3425818533,0.04052795842,3.815628588e-06,-2.96998769e-06,-2.96998769e-06,1.17328018e-05,0,3.59472e-11,2.82535e-06,0.03815180063,-0.02969552577,0.3404924226,0.04196304304
1114,11.140000,0.3422955498,0.04052654188,3.815628588e-06,-2.96998769e-06,-2.96998769e-06,1.17328018e-05,0,3.59472e-11,2.82535e-06,0.03815180063,-0.02969552577,0.3397884026,0.04239118898
1115,11.150000,0.3405813165,0.04085016716,3.815628588e-06,-2.96998769e-06,-2.96998769e-06,1.17328018e-05,0,3.59472e-11,2.82535e-06,0.03815180063,-0.02969552577,0.3389948066,0.04250274831
1116,11.160000,0.3390084989,0.04112566728,3.815628588e-06,-2.96998769e-06,-2.96998769e-06,1.17328018e-05,0,3.59472e-11,2.82535e-06,0.03815180063,-0.02969552577,0.3380272567,0.04229198915
1117,11.170000,0.3374318182,0.04130858369,3.815628588e-06,-2.96998769e-06,-2.96998769e-06,1.17328018e-05,0,3.59472e-11,2.82535e-06,0.03815180063,-0.02969552577,0.3368036306,0.04159437067
1118,11.180000,0.3359449729,0.04092229903,3.815628588e-06,-2.96998769e-06,-2.96998769e-06,1.17328018e-05,0,3.59472e-11,2.82535e-06,0.03815180063,-0.02969552577,0.3352450901,0.04204521963
1119,11.190000,0.3340753056,0.04089650139,3.815628588e-06,-2.96998769e-06,-2.96998769e-06,1.17328018e-05,0,3.59472e-11,2.82535e-06,0.03815180063,-0.02969552577,0.3332770674,0.04216061407
1120,11.200000,0.3309484571,0.04130511824,3.815628588e-06,-2.96998769e-06,-2.96998769e-06,1.17328018e-05,0,3.59472e-11,2.82535e-06,0.03815180063,-0.02969552577,0.3308301982,0.04308589333
1121,11.210000,0.3279033788,0.04103642516,3.815628588e-06,-2.96998769e-06,-2.96998769e-06,1.17328018e-05,0,3.59472e-11,2.82535e-06,0.03815180063,-0.02969552577,0.3278411906,0.04318399045
1122,11.220000,0.3245589286,0.04106343817,3.815628588e-06,-2.96998769e-06,-2.96998769e-06,1.17328018e-05,0,3.59472e-11,2.82535e-06,0.03815180063,-0.02969552577,0.3242536209,0.04314256583
1123,11.230000,0.3202730231,0.04081699252,3.815628588e-06,-2.96998769e-06,-2.96998769e-06,1.17328018e-05,0,3.59472e-11,2.82535e-06,0.03815180063,-0.02969552577,0.3200186443,0.043212895
1124,11.240000,0.3151407503,0.04088265356,3.815628588e-06,-2.96998769e-06,-2.96998769e-06,1.17328018e-05,0,3.59472e-11,2.82535e-06,0.03815180063,-0.02969552577,0.3150956159,0.04348119492
1125,11.250000,0.3090379275,0.04122402612,3.815628588e-06,-2.96998769e-06,-2.96998769e-06,1.17328018e-05,0,3.59472e-11,2.82535e-06,0.03815180063,-0.02969552577,0.3094526117,0.04346276381
1126,11.260000,0.3022865802,0.0409908006,3.815628588e-06,-2.96998769e-06,-2.96998769e-06,1.17328018e-05,0,3.59472e-11,2.82535e-06,0.03815180063,-0.02969552577,0.303066845,0.04374511153
1127,11.270000,0.294260364,0.04146104399,3.815628588e-06,-2.96998769e-06,-2.96998769e-06,1.17328018e-05,0,3.59472e-11,2.82535e-06,0.03815180063,-0.02969552577,0.2959249734,0.04349918064
1128,11.280000,0.2851158679,0.04167774133,3.815628588e-06,-2.96998769e-06,-2.96998769e-06,1.17328018e-05,0,3.59472e-11,2.82535e-06,0.03815180063,-0.02969552577,0.2880232925,0.04353317483
1129,11.290000,0.2775385268,0.04100238066,3.815628588e-06,-2.96998769e-06,-2.96998769e-06,1.17328018e-05,0,3.59472e-11,2.82535e-06,0.03815180063,-0.02969552577,0.2793678135,0.04278374418
1130,11.300000,0.2682617791,0.04107148387,3.815628588e-06,-2.96998769e-06,-2.96998769e-06,1.17328018e-05,0,3.59472e-11,2.82535e-06,0.03815180063,-0.02969552577,0.2699742251,0.04260328681
1131,11.310000,0.2576476187,0.04128862079,3.815628588e-06,-2.96998769e-06,-2.96998769e-06,1.17328018e-05,0,3.59472e-11,2.82535e-06,0.03815180063,-0.02969552577,0.2598677388,0.04267199616
1132,11.320000,0.2456893362,0.04189291224,3.815628588e-06,-2.96998769e-06,-2.96998769e-06,1.17328018e-05,0,3.59472e-11,2.82535e-06,0.03815180063,-0.02969552577,0.2490828203,0.04267515167
1133,11.330000,0.2333768569,0.04224509466,3.815628588e-06,-2.96998769e-06,-2.96998769e-06,1.17328018e-05,0,3.59472e-11,2.82535e-06,0.03815180063,-0.02969552577,0.237662809,0.04217739075
1134,11.340000,0.2215994261,0.04170781095,3.815628588e-06,-2.96998769e-06,-2.96998769e-06,1.17328018e-05,0,3.59472e-11,2.82535e-06,0.03815180063,-0.02969552577,0.2256594313,0.04204104369
1135,11.350000,0.2095905542,0.04102998972,3.815628588e-06,-2.96998769e-06,-2.96998769e-06,1.17328018e-05,0,3.59472e-11,2.82535e-06,0.03815180063,-0.02969552577,0.2131322121,0.04229227905
1136,11.360000,0.1962196305,0.04095612653,3.815628588e-06,-2.96998769e-06,-2.96998769e-06,1.17328018e-05,0,3.59472e-11,2.82535e-06,0.03815180063,-0.02969552577,0.2001477921,0.04298964168
1137,11.370000,0.1826250665,0.04138789792,3.815628588e-06,-2.96998769e-06,-2.96998769e-06,1.17328018e-05,0,3.59472e-11,2.82535e-06,0.03815180063,-0.02969552577,0.1867791582,0.0428967015
1138,11.380000,0.1688967235,0.04110272229,3.815628588e-06,-2.96998769e-06,-2.96998769e-06,1.17328018e-05,0,3.59472e-11,2.82535e-06,0.03815180063,-0.02969552577,0.1731047958,0.04230420281
1139,11.390000,0.1544745974,0.0413468387,3.815628588e-06,-2.96998769e-06,-2.96998769e-06,1.17328018e-05,0,3.59472e-11,2.82535e-06,0.03815180063,-0.02969552577,0.1592077738,0.04225724448
1140,11.400000,0.1402182989,0.04121857323,3.815628588e-06,-2.96998769e-06,-2.96998769e-06,1.17328018e-05,0,3.59472e-11,2.82535e-06,0.03815180063,-0.02969552577,0.1451747711,0.04211245984
1141,11.410000,0.1260311529,0.04109036736,3.815628588e-06,-2.96998769e-06,-2.96998769e-06,1.17328018e-05,0,3.59472e-11,2.82535e-06,0.03815180063,-0.02969552577,0.1310950577,0.04265199583
1142,11.420000,0.1118051261,0.04128704034,3.815628588e-06,-2.96998769e-06,-2.96998769e-06,1.17328018e-05,0,3.59472e-11,2.82535e-06,0.03815180063,-0.02969552577,0.1170594403,0.04261572757
1143,11.430000,0.09830953553,0.04105851147,3.815628588e-06,-2.96998769e-06,-2.96998769e-06,1.17328018e-05,0,3.59472e-11,2.82535e-06,0.03815180063,-0.02969552577,0.103159187,0.04331294834
1144,11.440000,0.08466463536,0.04134059511,3.815628588e-06,-2.96998769e-06,-2.96998769e-06,1.17328018e-05,0,3.59472e-11,2.82535e-06,0.03815180063,-0.02969552577,0.0894849401,0.0433343747
1145,11.450000,0.07214045152,0.04102960415,3.815628588e-06,-2.96998769e-06,-2.96998769e-06,1.17328018e-05,0,3.59472e-11,2.82535e-06,0.03815180063,-0.02969552577,0.07612563349,0.04350795021
1146,11.460000,0.05921723321,0.04099926725,3.815628588e-06,-2.96998769e-06,-2.96998769e-06,1.17328018e-05,0,3.59472e-11,2.82535e-06,0.03815180063,-0.02969552577,0.06316742404,0.04385131675
1147,11.470000,0.04652393609,0.04128332529,3.815628588e-06,-2.96998769e-06,-2.96998769e-06,1.17328018e-05,0,3.59472e-11,2.82535e-06,0.03815180063,-0.02969552577,0.05069265108,0.04329733122
1148,11.480000,0.03519047424,0.04123153631,3.815628588e-06,-2.96998769e-06,-2.96998769e-06,1.17328018e-05,0,3.59472e-11,2.82535e-06,0.03815180063,-0.02969552577,0.03877883548,0.04355831564
1149,11.490000,0.0243931599,0.04119113553,3.815628588e-06,-2.96998769e-06,-2.96998769e-06,1.17328018e-05,0,3.59472e-11,2.82535e-06,0.03815180063,-0.02969552577,0.0274977301,0.04364044742
1150,11.500000,0.01420237869,0.04087054171,3.815628588e-06,-2.96998769e-06,-2.96998769e-06,1.17328018e-05,0,3.59472e-11,2.82535e-06,0.03815180063,-0.02969552577,0.01691443267,0.04383328406
1151,11.510000,0.00382008031,0.04111228138,3.815628588e-06,-2.96998769e-06,-2.96998769e-06,1.17328018e-05,0,3.59472e-11,2.82535e-06,0.03815180063,-0.02969552577,0.007086571453,0.04365967513
1152,11.520000,-0.005207691342,0.04109400883,3.815628588e-06,-2.96998769e-06,-2.96998769e-06,1.17328018e-05,0,3.59472e-11,2.82535e-06,0.03815180063,-0.02969552577,-0.001936426701,0.04316512937
1153,11.530000,-0.01348289475,0.04111717641,3.815628588e-06,-2.96998769e-06,-2.96998769e-06,1.17328018e-05,0,3.59472e-11,2.82535e-06,0.03815180063,-0.02969552577,-0.01011397734,0.0436289982
1154,11.540000,-0.01989664137,0.0407780204,3.815628588e-06,-2.96998769e-06,-2.96998769e-06,1.17328018e-05,0,3.59472e-11,2.82535e-06,0.03815180063,-0.02969552577,-0.01741488085,0.044053659
1155,11.550000,-0.02600569651,0.04112896975,3.815628588e-06,-2.96998769e-06,-2.96998769e-06,1.17328018e-05,0,3.59472e-11,2.82535e-06,0.03815180063,-0.02969552577,-0.02381775976,0.0441850389
1156,11.560000,-0.03042607754,0.04106992204,3.815628588e-06,-2.96998769e-06,-2.96998769e-06,1.17328018e-05,0,3.59472e-11,2.82535e-06,0.03815180063,-0.02969552577,-0.02931138583,0.04394327315
1157,11.570000,-0.03537274525,0.04108677898,3.815628588e-06,-2.96998769e-06,-2.96998769e-06,1.17328018e-05,0,3.59472e-11,2.82535e-06,0.03815180063,-0.02969552577,-0.0338948927,0.04419007169
1158,11.580000,-0.03816092387,0.04055429064,3.815628588e-06,-2.96998769e-06,-2.96998769e-06,1.17328018e-05,0,3.59472e-11,2.82535e-06,0.03815180063,-0.02969552577,-0.03757787145,0.0449450166
1159,11.590000,-0.04001034796,0.04028455727,3.815628588e-06,-2.96998769e-06,-2.96998769e-06,1.17328018e-05,0,3.59472e-11,2.82535e-06,0.03815180063,-0.02969552577,-0.04038034768,0.04471521561
1160,11.600000,-0.04149073735,0.04068713915,3.815628588e-06,-2.96998769e-06,-2.96998769e-06,1.17328018e-05,0,3.59472e-11,2.82535e-06,0.03815180063,-0.02969552577,-0.04233263999,0.04496230134
1161,11.610000,-0.04233726114,0.04090027418,3.815628588e-06,-2.96998769e-06,-2.96998769e-06,1.17328018e-05,0,3.59472e-11,2.82535e-06,0.03815180063,-0.02969552577,-0.04347510132,0.04482440123
1162,11.620000,-0.04223464802,0.04084526934,3.815628588e-06,-2.96998769e-06,-2.96998769e-06,1.17328018e-05,0,3.59472e-11,2.82535e-06,0.03815180063,-0.02969552577,-0.04385774551,0.04491239466
1163,11.630000,-0.0421708636,0.04158853181,3.815628588e-06,-2.96998769e-06,-2.96998769e-06,1.17328018e-05,0,3.59472e-11,2.82535e-06,0.03815180063,-0.02969552577,-0.04353976331,0.04446654584
1164,11.640000,-0.04156871885,0.04147311393,3.815628588e-06,-2.96998769e-06,-2.96998769e-06,1.17328018e-05,0,3.59472e-11,2.82535e-06,0.03815180063,-0.02969552577,-0.04258893282,0.04459381101
1165,11.650000,-0.03978677094,0.04140558187,3.815628588e-06,-2.96998769e-06,-2.96998769e-06,1.17328018e-05,0,3.59472e-11,2.82535e-06,0.03815180063,-0.02969552577,-0.04108093094,0.04466937848
1166,11.660000,-0.03746316582,0.04133330286,3.815628588e-06,-2.96998769e-06,-2.96998769e-06,1.17328018e-05,0,3.59472e-11,2.82535e-06,0.03815180063,-0.02969552577,-0.03909855317,0.04478453554
1167,11.670000,-0.03556940705,0.04161559977,3.815628588e-06,-2.96998769e-06,-2.96998769e-06,1.17328018e-05,0,3.59472e-11,2.82535e-06,0.03815180063,-0.02969552577,-0.03673085062,0.04463321869
1168,11.680000,-0.0329390727,0.04146240279,3.815628588e-06,-2.96998769e-06,-2.96998769e-06,1.17328018e-05,0,3.59472e-11,2.82535e-06,0.03815180063,-0.02969552577,-0.03407219342,0.04488612298
1169,11.690000,-0.03048032895,0.0417907685,3.815628588e-06,-2.96998769e-06,-2.96998769e-06,1.17328018e-05,0,3.59472e-11,2.82535e-06,0.03815180063,-0.02969552577,-0.03122127127,0.04498196735
1170,11.700000,-0.02809746191,0.04213094246,3.815628588e-06,-2.96998769e-06,-2.96998769e-06,1.17328018e-05,0,3.59472e-11,2.82535e-06,0.03815180063,-0.02969552577,-0.02828004195,0.04511085658
1171,11.710000,-0.02529966831,0.04214451741,3.815628588e-06,-2.96998769e-06,-2.96998769e-06,1.17328018e-05,0,3.59472e-11,2.82535e-06,0.03815180063,-0.02969552577,-0.02535263963,0.04483208414
1172,11.720000,-0.02271149307,0.0417674398,3.815628588e-06,-2.96998769e-06,-2.96998769e-06,1.17328018e-05,0,3.59472e-11,2.82535e-06,0.03815180063,-0.02969552577,-0.02254425517,0.0442561315
1173,11.730000,-0.02012066543,0.041596747,3.815628588e-06,-2.96998769e-06,-2.96998769e-06,1.17328018e-05,0,3.59472e-11,2.82535e-06,0.03815180063,-0.02969552577,-0.01996000076,0.04383339243
1174,11.740000,-0.01838102937,0.04169424344,3.815628588e-06,-2.96998769e-06,-2.96998769e-06,1.17328018e-05,0,3.59472e-11,2.82535e-06,0.03815180063,-0.02969552577,-0.01770377181,0.04360964338
1175,11.750000,-0.01724621654,0.04193694238,3.815628588e-06,-2.96998769e-06,-2.96998769e-06,1.17328018e-05,0,3.59472e-11,2.82535e-06,0.03815180063,-0.02969552577,-0.01587711857,0.04381038595
1176,11.760000,-0.01631455868,0.04192986619,3.815628588e-06,-2.96998769e-06,-2.96998769e-06,1.17328018e-05,0,3.59472e-11,2.82535e-06,0.03815180063,-0.02969552577,-0.01457814033,0.04367301674
1177,11.770000,-0.01622758806,0.0419482477,3.815628588e-06,-2.96998769e-06,-2.96998769e-06,1.17328018e-05,0,3.59472e-11,2.82535e-06,0.03815180063,-0.02969552577,-0.01390041442,0.04382194063
1178,11.780000,-0.01742906123,0.04228002112,3.815628588e-06,-2.96998769e-06,-2.96998769e-06,1.17328018e-05,0,3.59472e-11,2.82535e-06,0.03815180063,-0.02969552577,-0.0139319721,0.04359236908
1179,11.790000,-0.01937358081,0.04257204849,3.815628588e-06,-2.96998769e-06,-2.96998769e-06,1.17328018e-05,0,3.59472e-11,2.82535e-06,0.03815180063,-0.02969552577,-0.01475433281,0.04394600634
1180,11.800000,-0.02138897777,0.0425655013,3.815628588e-06,-2.96998769e-06,-2.96998769e-06,1.17328018e-05,0,3.59472e-11,2.82535e-06,0.03815180063,-0.02969552577,-0.01644160747,0.04404365634
1181,11.810000,-0.02322376147,0.04183913767,3.815628588e-06,-2.96998769e-06,-2.96998769e-06,1.17328018e-05,0,3.59472e-11,2.82535e-06,0.03815180063,-0.02969552577,-0.01905968116,0.04388823394
1182,11.820000,-0.02675687149,0.04167102091,3.815628588e-06,-2.96998769e-06,-2.96998769e-06,1.17328018e-05,0,3.59472e-11,2.82535e-06,0.03815180063,-0.02969552577,-0.02266548405,0.04353159027
1183,11.830000,-0.03215757012,0.0415810803,3.815628588e-06,-2.96998769e-06,-2.96998769e-06,1.17328018e-05,0,3.59472e-11,2.82535e-06,0.03815180063,-0.02969552577,-0.02730635887,0.04374378325
1184,11.840000,-0.03833761066,0.0413380824,3.815628588e-06,-2.96998769e-06,-2.96998769e-06,1.17328018e-05,0,3.59472e-11,2.82535e-06,0.03815180063,-0.02969552577,-0.03301953214,0.04408315504
1185,11.850000,-0.0453312099,0.04110286757,3.815628588e-06,-2.96998769e-06,-2.96998769e-06,1.17328018e-05,0,3.59472e-11,2.82535e-06,0.03815180063,-0.02969552577,-0.03983169479,0.04427635603
1186,11.860000,-0.05344275013,0.04089880269,3.815628588e-06,-2.96998769e-06,-2.96998769e-06,1.17328018e-05,0,3.59472e-11,2.82535e-06,0.03815180063,-0.02969552577,-0.04775869709,0.04416268129
1187,11.870000,-0.06364695355,0.04114353564,3.815628588e-06,-2.96998769e-06,-2.96998769e-06,1.17328018e-05,0,3.59472e-11,2.82535e-06,0.03815180063,-0.02969552577,-0.05680536125,0.04424854951
1188,11.880000,-0.07397859916,0.04081146698,3.815628588e-06,-2.96998769e-06,-2.96998769e-06,1.17328018e-05,0,3.59472e-11,2.82535e-06,0.03815180063,-0.02969552577,-0.06696541368,0.04450745958
1189,11.890000,-0.08580642566,0.04097730666,3.815628588e-06,-2.96998769e-06,-2.96998769e-06,1.17328018e-05,0,3.59472e-11,2.82535e-06,0.03815180063,-0.02969552577,-0.0782215377,0.04455408826
1190,11.900000,-0.09857669473,0.04113328923,3.815628588e-06,-2.96998769e-06,-2.96998769e-06,1.17328018e-05,0,3.59472e-11,2.82535e-06,0.03815180063,-0.02969552577,-0.09054554611,0.04438995376
1191,11.910000,-0.1126768701,0.04160027765,3.815628588e-06,-2.96998769e-06,-2.96998769e-06,1.17328018e-05,0,3.59472e-11,2.82535e-06,0.03815180063,-0.02969552577,-0.1038986716,0.04426243238
1192,11.920000,-0.1261271536,0.04070594534,3.815628588e-06,-2.96998769e-06,-2.96998769e-06,1.17328018e-05,0,3.59472e-11,2.82535e-06,0.03815180063,-0.02969552577,-0.1182319716,0.04492595132
1193,11.930000,-0.141243875,0.04000816308,3.815628588e-06,-2.96998769e-06,-2.96998769e-06,1.17328018e-05,0,3.59472e-11,2.82535e-06,0.03815180063,-0.02969552577,-0.1334868432,0.04493679651
1194,11.940000,-0.1571111828,0.03967403155,3.815628588e-06,-2.96998769e-06,-2.96998769e-06,1.17328018e-05,0,3.59472e-11,2.82535e-06,0.03815180063,-0.02969552577,-0.1495956422,0.04456852497
1195,11.950000,-0.1740278527,0.03908520658,3.815628588e-06,-2.96998769e-06,-2.96998769e-06,1.17328018e-05,0,3.59472e-11,2.82535e-06,0.03815180063,-0.02969552577,-0.1664823995,0.0448055477
1196,11.960000,-0.1916172393,0.03875811957,3.815628588e-06,-2.96998769e-06,-2.96998769e-06,1.17328018e-05,0,3.59472e-11,2.82535e-06,0.03815180063,-0.02969552577,-0.1840636256,0.04455147026
1197,11.970000,-0.2096060477,0.03873626795,3.815628588e-06,-2.96998769e-06,-2.96998769e-06,1.17328018e-05,0,3.59472e-11,2.82535e-06,0.03815180063,-0.02969552577,-0.2022491967,0.04453780683
1198,11.980000,-0.2279720344,0.03859448992,3.815628588e-06,-2.96998769e-06,-2.96998769e-06,1.17328018e-05,0,3.59472e-11,2.82535e-06,0.03815180063,-0.02969552577,-0.2209433091,0.04437051242
1199,11.990000,-0.246250812,0.03804176487,3.815628588e-06,-2.96998769e-06,-2.96998769e-06,1.17328018e-05,0,3.59472e-11,2.82535e-06,0.03815180063,-0.02969552577,-0.2400454939,0.04493151022
1200,12.000000,-0.2657133788,0.03790574148,3.815628588e-06,-2.96998769e-06,-2.96998769e-06,1.17328018e-05,0,3.59472e-11,2.82535e-06,0.03815180063,-0.02969552577,-0.2594516794,0.04515640677
1201,12.010000,-0.2859654464,0.03817478754,3.815628588e-06,-2.96998769e-06,-2.96998769e-06,1.17328018e-05,0,3.59472e-11,2.82535e-06,0.03815180063,-0.02969552577,-0.2790552888,0.04546754216
1202,12.020000,-0.3053498194,0.03804786038,3.815628588e-06,-2.96998769e-06,-2.96998769e-06,1.17328018e-05,0,3.59472e-11,2.82535e-06,0.03815180063,-0.02969552577,-0.298748362,0.0451197094
1203,12.030000,-0.3245857209,0.0379927326,3.815628588e-06,-2.96998769e-06,-2.96998769e-06,1.17328018e-05,0,3.59472e-11,2.82535e-06,0.03815180063,-0.02969552577,-0.318422688,0.04437547632
1204,12.040000,-0.3434254415,0.03773899004,3.815628588e-06,-2.96998769e-06,-2.96998769e-06,1.17328018e-05,0,3.59472e-11,2.82535e-06,0.03815180063,-0.02969552577,-0.3379709358,0.04431196653
1205,12.050000,-0.3625951633,0.03777344618,3.815628588e-06,-2.96998769e-06,-2.96998769e-06,1.17328018e-05,0,3.59472e-11,2.82535e-06,0.03815180063,-0.02969552577,-0.3572877706,0.04425393374
1206,12.060000,-0.3816250153,0.03773257975,3.815628588e-06,-2.96998769e-06,-2.96998769e-06,1.17328018e-05,0,3.59472e-11,2.82535e-06,0.03815180063,-0.02969552577,-0.376270943,0.04482413944
1207,12.070000,-0.399376303,0.03762998898,3.815628588e-06,-2.96998769e-06,-2.96998769e-06,1.17328018e-05,0,3.59472e-11,2.82535e-06,0.03815180063,-0.02969552577,-0.3948223395,0.04474402135
1208,12.080000,-0.4165864326,0.03749387711,3.815628588e-06,-2.96998769e-06,-2.96998769e-06,1.17328018e-05,0,3.59472e-11,2.82535e-06,0.03815180063,-0.02969552577,-0.4128489817,0.04512126043
1209,12.090000,-0.4333481379,0.03768686671,3.815628588e-06,-2.96998769e-06,-2.96998769e-06,1.17328018e-05,0,3.59472e-11,2.82535e-06,0.03815180063,-0.02969552577,-0.4302639638,0.04472222904
1210,12.100000,-0.4495939277,0.03802677151,3.815628588e-06,-2.96998769e-06,-2.96998769e-06,1.17328018e-05,0,3.59472e-11,2.82535e-06,0.03815180063,-0.02969552577,-0.4469873179,0.04458102501
1211,12.110000,-0.4654950239,0.03833586629,3.815628588e-06,-2.96998769e-06,-2.96998769e-06,1.17328018e-05,0,3.59472e-11,2.82535e-06,0.03815180063,-0.02969552577,-0.4629467966,0.04472219562
1212,12.120000,-0.4804155119,0.0387297878,3.815628588e-06,-2.96998769e-06,-2.96998769e-06,1.17328018e-05,0,3.59472e-11,2.82535e-06,0.03815180063,-0.02969552577,-0.4780785662,0.0452515029
1213,12.130000,-0.4940017983,0.0384011073,3.815628588e-06,-2.96998769e-06,-2.96998769e-06,1.17328018e-05,0,3.59472e-11,2.82535e-06,0.03815180063,-0.02969552577,-0.4923278007,0.0452566015
1214,12.140000,-0.5069372095,0.03861691244,3.815628588e-06,-2.96998769e-06,-2.96998769e-06,1.17328018e-05,0,3.59472e-11,2.82535e-06,0.03815180063,-0.02969552577,-0.5056491719,0.04603878524
1215,12.150000,-0.5193457007,0.03852347378,3.815628588e-06,-2.96998769e-06,-2.96998769e-06,1.17328018e-05,0,3.59472e-11,2.82535e-06,0.03815180063,-0.02969552577,-0.518007229,0.04583736254
1216,12.160000,-0.5312513821,0.03918132745,3.815628588e-06,-2.96998769e-06,-2.96998769e-06,1.17328018e-05,0,3.59472e-11,2.82535e-06,0.03815180063,-0.02969552577,-0.5293766649,0.04597444928
1217,12.170000,-0.5408531129,0.03895159997,3.815628588e-06,-2.96998769e-06,-2.96998769e-06,1.17328018e-05,0,3.59472e-11,2.82535e-06,0.03815180063,-0.02969552577,-0.5397424656,0.04600263916
1218,12.180000,-0.54984276,0.03916554153,3.815628588e-06,-2.96998769e-06,-2.96998769e-06,1.17328018e-05,0,3.59472e-11,2.82535e-06,0.03815180063,-0.02969552577,-0.5490999416,0.04652195951
1219,12.190000,-0.5571301356,0.03895920515,3.815628588e-06,-2.96998769e-06,-2.96998769e-06,1.17328018e-05,0,3.59472e-11,2.82535e-06,0.03815180063,-0.02969552577,-0.5574546414,0.04677927619
1220,12.200000,-0.5639052466,0.03908216674,3.815628588e-06,-2.96998769e-06,-2.96998769e-06,1.17328018e-05,0,3.59472e-11,2.82535e-06,0.03815180063,-0.02969552577,-0.5648221487,0.04732021548
1221,12.210000,-0.5699549988,0.0391658349,3.815628588e-06,-2.96998769e-06,-2.96998769e-06,1.17328018e-05,0,3.59472e-11,2.82535e-06,0.03815180063,-0.02969552577,-0.5712277647,0.04734306739
1222,12.220000,-0.5746892914,0.03912342526,3.815628588e-06,-2.96998769e-06,-2.96998769e-06,1.17328018e-05,0,3.59472e-11,2.82535e-06,0.03815180063,-0.02969552577,-0.5767060813,0.04744059853
1223,12.230000,-0.5791408084,0.03918396682,3.815628588e-06,-2.96998769e-06,-2.96998769e-06,1.17328018e-05,0,3.59472e-11,2.82535e-06,0.03815180063,-0.02969552577,-0.5813004489,0.04735511528
1224,12.240000,-0.5829055607,0.03934128955,3.815628588e-06,-2.96998769e-06,-2.96998769e-06,1.17328018e-05,0,3.59472e-11,2.82535e-06,0.03815180063,-0.02969552577,-0.5850623463,0.04709031631
1225,12.250000,-0.5843454301,0.03873866983,3.815628588e-06,-2.96998769e-06,-2.96998769e-06,1.17328018e-05,0,3.59472e-11,2.82535e-06,0.03815180063,-0.02969552577,-0.5880506588,0.04688249959
1226,12.260000,-0.5862151012,0.03905285522,3.815628588e-06,-2.96998769e-06,-2.96998769e-06,1.17328018e-05,0,3.59472e-11,2.82535e-06,0.03815180063,-0.02969552577,-0.5903308753,0.0465864058
1227,12.270000,-0.5863006115,0.03811498731,3.815628588e-06,-2.96998769e-06,-2.96998769e-06,1.17328018e-05,0,3.59472e-11,2.82535e-06,0.03815180063,-0.02969552577,-0.5919742108,0.04634740451
1228,12.280000,-0.5870940238,0.03782286588,3.815628588e-06,-2.96998769e-06,-2.96998769e-06,1.17328018e-05,0,3.59472e-11,2.82535e-06,0.03815180063,-0.02969552577,-0.5930566684,0.04645721399
1229,12.290000,-0.5884770304,0.03854355309,3.815628588e-06,-2.96998769e-06,-2.96998769e-06,1.17328018e-05,0,3.59472e-11,2.82535e-06,0.03815180063,-0.02969552577,-0.5936580478,0.04612449712
1230,12.300000,-0.587959636,0.03851561248,3.815628588e-06,-2.96998769e-06,-2.96998769e-06,1.17328018e-05,0,3.59472e-11,2.82535e-06,0.03815180063,-0.02969552577,-0.5938609154,0.04606860232
1231,12.310000,-0.5879134759,0.03841983154,3.815628588e-06,-2.96998769e-06,-2.96998769e-06,1.17328018e-05,0,3.59472e-11,2.82535e-06,0.03815180063,-0.02969552577,-0.593749546,0.04635640929
1232,12.320000,-0.5873091668,0.03870420251,3.815628588e-06,-2.96998769e-06,-2.96998769e-06,1.17328018e-05,0,3.59472e-11,2.82535e-06,0.03815180063,-0.02969552577,-0.5934088484,0.04637368612
1233,12.330000,-0.5866909921,0.03888990544,3.815628588e-06,-2.96998769e-06,-2.96998769e-06,1.17328018e-05,0,3.59472e-11,2.82535e-06,0.03815180063,-0.02969552577,-0.5929232895,0.04600189515
1234,12.340000,-0.5859454535,0.03900727257,3.815628588e-06,-2.96998769e-06,-2.96998769e-06,1.17328018e-05,0,3.59472e-11,2.82535e-06,0.03815180063,-0.02969552577,-0.5923758262,0.0456702268
1235,12.350000,-0.5855391771,0.03895802051,3.815628588e-06,-2.96998769e-06,-2.96998769e-06,1.17328018e-05,0,3.59472e-11,2.82535e-06,0.03815180063,-0.02969552577,-0.5918468611,0.04597688039
1236,12.360000,-0.5853083096,0.03901067004,3.815628588e-06,-2.96998769e-06,-2.96998769e-06,1.17328018e-05,0,3.59472e-11,2.82535e-06,0.03815180063,-0.02969552577,-0.5914132307,0.04592875628
1237,12.370000,-0.586345952,0.04008687753,3.815628588e-06,-2.96998769e-06,-2.96998769e-06,1.17328018e-05,0,3.59472e-11,2.82535e-06,0.03815180063,-0.02969552577,-0.5911472413,0.04566955416
1238,12.380000,-0.58636548,0.04018743802,3.815628588e-06,-2.96998769e-06,-2.96998769e-06,1.17328018e-05,0,3.59472e-11,2.82535e-06,0.03815180063,-0.02969552577,-0.5911157604,0.04598302272
1239,12.390000,-0.5865589827,0.04019136913,3.815628588e-06,-2.96998769e-06,-2.96998769e-06,1.17328018e-05,0,3.59472e-11,2.82535e-06,0.03815180063,-0.02969552577,-0.591379377,0.04682707141
1240,12.400000,-0.5869501308,0.03980908543,3.815628588e-06,-2.96998769e-06,-2.96998769e-06,1.17328018e-05,0,3.59472e-11,2.82535e-06,0.03815180063,-0.02969552577,-0.5919916392,0.04694273913
1241,12.410000,-0.5887891352,0.04009404965,3.815628588e-06,-2.96998769e-06,-2.96998769e-06,1.17328018e-05,0,3.59472e-11,2.82535e-06,0.03815180063,-0.02969552577,-0.592998378,0.04671299382
1242,12.420000,-0.5905010998,0.03989707399,3.815628588e-06,-2.96998769e-06,-2.96998769e-06,1.17328018e-05,0,3.59472e-11,2.82535e-06,0.03815180063,-0.02969552577,-0.5944371256,0.04692008623
1243,12.430000,-0.5926821493,0.03984879609,3.815628588e-06,-2.96998769e-06,-2.96998769e-06,1.17328018e-05,0,3.59472e-11,2.82535e-06,0.03815180063,-0.02969552577,-0.5963366345,0.04645163388
1244,12.440000,-0.5955843851,0.04013620131,3.815628588e-06,-2.96998769e-06,-2.96998769e-06,1.17328018e-05,0,3.59472e-11,2.82535e-06,0.03815180063,-0.02969552577,-0.5987165039,0.04655735628
1245,12.450000,-0.5986188687,0.04017619323,3.815628588e-06,-2.96998769e-06,-2.96998769e-06,1.17328018e-05,0,3.59472e-11,2.82535e-06,0.03815180063,-0.02969552577,-0.6015869166,0.0467213939
1246,12.460000,-0.6021405347,0.04009672347,3.815628588e-06,-2.96998769e-06,-2.96998769e-06,1.17328018e-05,0,3.59472e-11,2.82535e-06,0.03815180063,-0.02969552577,-0.6049484907,0.04649299659
1247,12.470000,-0.6058926061,0.03963276185,3.815628588e-06,-2.96998769e-06,-2.96998769e-06,1.17328018e-05,0,3.59472e-11,2.82535e-06,0.03815180063,-0.02969552577,-0.6087922464,0.04671937892
1248,12.480000,-0.6107943542,0.03982386366,3.815628588e-06,-2.96998769e-06,-2.96998769e-06,1.17328018e-05,0,3.59472e-11,2.82535e-06,0.03815180063,-0.02969552577,-0.6130996906,0.04707557165
1249,12.490000,-0.6160306893,0.04007843137,3.815628588e-06,-2.96998769e-06,-2.96998769e-06,1.17328018e-05,0,3.59472e-11,2.82535e-06,0.03815180063,-0.02969552577,-0.6178430159,0.04681300275
1250,12.500000,-0.6210737526,0.03990256786,3.815628588e-06,-2.96998769e-06,-2.96998769e-06,1.17328018e-05,0,3.59472e-11,2.82535e-06,0.03815180063,-0.02969552577,-0.6229854133,0.04735147617
1251,12.510000,-0.6269568279,0.04041296989,3.815628588e-06,-2.96998769e-06,-2.96998769e-06,1.17328018e-05,0,3.59472e-11,2.82535e-06,0.03815180063,-0.02969552577,-0.6284814949,0.04716236407
1252,12.520000,-0.6327726468,0.04025646672,3.815628588e-06,-2.96998769e-06,-2.96998769e-06,1.17328018e-05,0,3.59472e-11,2.82535e-06,0.03815180063,-0.02969552577,-0.6342778212,0.04683892338
1253,12.530000,-0.639010217,0.04013168626,3.815628588e-06,-2.96998769e-06,-2.96998769e-06,1.17328018e-05,0,3.59472e-11,2.82535e-06,0.03815180063,-0.02969552577,-0.640313528,0.04663240152
1254,12.540000,-0.6453987136,0.04028995801,3.815628588e-06,-2.96998769e-06,-2.96998769e-06,1.17328018e-05,0,3.59472e-11,2.82535e-06,0.03815180063,-0.02969552577,-0.6465210442,0.04641947498
1255,12.550000,-0.6512762718,0.04055848159,3.815628588e-06,-2.96998769e-06,-2.96998769e-06,1.17328018e-05,0,3.59472e-11,2.82535e-06,0.03815180063,-0.02969552577,-0.6528268938,0.04624467002
1256,12.560000,-0.6570887491,0.0403478276,3.815628588e-06,-2.96998769e-06,-2.96998769e-06,1.17328018e-05,0,3.59472e-11,2.82535e-06,0.03815180063,-0.02969552577,-0.6591525721,0.04667695981
1257,12.570000,-0.6639826223,0.04111047182,3.815628588e-06,-2.96998769e-06,-2.96998769e-06,1.17328018e-05,0,3.59472e-11,2.82535e-06,0.03815180063,-0.02969552577,-0.6654154861,0.04683928406
1258,12.580000,-0.6697267815,0.04055567645,3.815628588e-06,-2.96998769e-06,-2.96998769e-06,1.17328018e-05,0,3.59472e-11,2.82535e-06,0.03815180063,-0.02969552577,-0.6715299484,0.04710541471
1259,12.590000,-0.6751065925,0.04068737477,3.815628588e-06,-2.96998769e-06,-2.96998769e-06,1.17328018e-05,0,3.59472e-11,2.82535e-06,0.03815180063,-0.02969552577,-0.6774082131,0.04697531533
1260,12.600000,-0.6805799603,0.04121183045,3.815628588e-06,-2.96998769e-06,-2.96998769e-06,1.17328018e-05,0,3.59472e-11,2.82535e-06,0.03815180063,-0.02969552577,-0.6829615416,0.04739767644
1261,12.610000,-0.6850936487,0.04079671577,3.815628588e-06,-2.96998769e-06,-2.96998769e-06,1.17328018e-05,0,3.59472e-11,2.82535e-06,0.03815180063,-0.02969552577,-0.6881012869,0.04727334464
1262,12.620000,-0.6900957786,0.04123571888,3.815628588e-06,-2.96998769e-06,-2.96998769e-06,1.17328018e-05,0,3.59472e-11,2.82535e-06,0.03815180063,-0.02969552577,-0.692739982,0.04751308195
1263,12.630000,-0.6935713813,0.04120946303,3.815628588e-06,-2.96998769e-06,-2.96998769e-06,1.17328018e-05,0,3.59472e-11,2.82535e-06,0.03815180063,-0.02969552577,-0.696792422,0.04754393065
1264,12.640000,-0.697109323,0.04144372046,3.815628588e-06,-2.96998769e-06,-2.96998769e-06,1.17328018e-05,0,3.59472e-11,2.82535e-06,0.03815180063,-0.02969552577,-0.7001767258,0.04768593444
1265,12.650000,-0.6990952455,0.04159813467,3.815628588e-06,-2.96998769e-06,-2.96998769e-06,1.17328018e-05,0,3.59472e-11,2.82535e-06,0.03815180063,-0.02969552577,-0.7028153656,0.04749771199
1266,12.660000,-0.7008004747,0.04189257137,3.815628588e-06,-2.96998769e-06,-2.96998769e-06,1.17328018e-05,0,3.59472e-11,2.82535e-06,0.03815180063,-0.02969552577,-0.7046361525,0.0478339596
1267,12.670000,-0.7006138302,0.04179886449,3.815628588e-06,-2.96998769e-06,-2.96998769e-06,1.17328018e-05,0,3.59472e-11,2.82535e-06,0.03815180063,-0.02969552577,-0.7055731666,0.047730072
1268,12.680000,-0.6997865289,0.04191759136,3.815628588e-06,-2.96998769e-06,-2.96998769e-06,1.17328018e-05,0,3.59472e-11,2.82535e-06,0.03815180063,-0.02969552577,-0.70556762,0.04774591533
1269,12.690000,-0.698089771,0.04193421267,3.815628588e-06,-2.96998769e-06,-2.96998769e-06,1.17328018e-05,0,3.59472e-11,2.82535e-06,0.03815180063,-0.02969552577,-0.7045686441,0.04756652626
1270,12.700000,-0.6956159659,0.04175189603,3.815628588e-06,-2.96998769e-06,-2.96998769e-06,1.17328018e-05,0,3.59472e-11,2.82535e-06,0.03815180063,-0.02969552577,-0.7025339903,0.04750932636
1271,12.710000,-0.6923519187,0.04205955472,3.815628588e-06,-2.96998769e-06,-2.96998769e-06,1.17328018e-05,0,3.59472e-11,2.82535e-06,0.03815180063,-0.02969552577,-0.6994306371,0.04781763476
1272,12.720000,-0.6871170141,0.04205376469,3.815628588e-06,-2.96998769e-06,-2.96998769e-06,1.17328018e-05,0,3.59472e-11,2.82535e-06,0.03815180063,-0.02969552577,-0.6952352961,0.04802009639
1273,12.730000,-0.6823322177,0.04239051882,3.815628588e-06,-2.96998769e-06,-2.96998769e-06,1.17328018e-05,0,3.59472e-11,2.82535e-06,0.03815180063,-0.02969552577,-0.6899348095,0.04805181054
1274,12.740000,-0.6756321974,0.04247784894,3.815628588e-06,-2.96998769e-06,-2.96998769e-06,1.17328018e-05,0,3.59472e-11,2.82535e-06,0.03815180063,-0.02969552577,-0.6835264371,0.04787833695
1275,12.750000,-0.6674141549,0.0422202982,3.815628588e-06,-2.96998769e-06,-2.96998769e-06,1.17328018e-05,0,3.59472e-11,2.82535e-06,0.03815180063,-0.02969552577,-0.676018026,0.04804931983
1276,12.760000,-0.6582618356,0.04225809872,3.815628588e-06,-2.96998769e-06,-2.96998769e-06,1.17328018e-05,0,3.59472e-11,2.82535e-06,0.03815180063,-0.02969552577,-0.6674280627,0.04849103682
1277,12.770000,-0.6485854685,0.04270430095,3.815628588e-06,-2.96998769e-06,-2.96998769e-06,1.17328018e-05,0,3.59472e-11,2.82535e-06,0.03815180063,-0.02969552577,-0.657785607,0.04875572238
1278,12.780000,-0.6384912618,0.04325856175,3.815628588e-06,-2.96998769e-06,-2.96998769e-06,1.17328018e-05,0,3.59472e-11,2.82535e-06,0.03815180063,-0.02969552577,-0.6471301059,0.04891249903
1279,12.790000,-0.625918325,0.04326832201,3.815628588e-06,-2.96998769e-06,-2.96998769e-06,1.17328018e-05,0,3.59472e-11,2.82535e-06,0.03815180063,-0.02969552577,-0.6355110917,0.04904798354
1280,12.800000,-0.6115674302,0.04306550976,3.815628588e-06,-2.96998769e-06,-2.96998769e-06,1.17328018e-05,0,3.59472e-11,2.82535e-06,0.03815180063,-0.02969552577,-0.6229877662,0.04871336388
1281,12.810000,-0.5983599015,0.04378687311,3.815628588e-06,-2.96998769e-06,-2.96998769e-06,1.17328018e-05,0,3.59472e-11,2.82535e-06,0.03815180063,-0.02969552577,-0.6096284756,0.04878855501
1282,12.820000,-0.5832840241,0.04359401017,3.815628588e-06,-2.96998769e-06,-2.96998769e-06,1.17328018e-05,0,3.59472e-11,2.82535e-06,0.03815180063,-0.02969552577,-0.595510081,0.04835521206
1283,12.830000,-0.568507269,0.04382699635,3.815628588e-06,-2.96998769e-06,-2.96998769e-06,1.17328018e-05,0,3.59472e-11,2.82535e-06,0.03815180063,-0.02969552577,-0.5807172335,0.04832897989
1284,12.840000,-0.5536096133,0.04418443702,3.815628588e-06,-2.96998769e-06,-2.96998769e-06,1.17328018e-05,0,3.59472e-11,2.82535e-06,0.03815180063,-0.02969552577,-0.5653415589,0.04834117404
1285,12.850000,-0.5376771502,0.04447963927,3.815628588e-06,-2.96998769e-06,-2.96998769e-06,1.17328018e-05,0,3.59472e-11,2.82535e-06,0.03815180063,-0.02969552577,-0.5494807634,0.04849580899
1286,12.860000,-0.5215965062,0.04504215624,3.815628588e-06,-2.96998769e-06,-2.96998769e-06,1.17328018e-05,0,3.59472e-11,2.82535e-06,0.03815180063,-0.02969552577,-0.5332376685,0.0480987439
1287,12.870000,-0.5048170984,0.0454677213,3.815628588e-06,-2.96998769e-06,-2.96998769e-06,1.17328018e-05,0,3.59472e-11,2.82535e-06,0.03815180063,-0.02969552577,-0.5167191869,0.04808401085
1288,12.880000,-0.4889785089,0.0461373115,3.815628588e-06,-2.96998769e-06,-2.96998769e-06,1.17328018e-05,0,3.59472e-11,2.82535e-06,0.03815180063,-0.02969552577,-0.5000352498,0.0481299786
1289,12.890000,-0.4731141105,0.04686101433,3.815628588e-06,-2.96998769e-06,-2.96998769e-06,1.17328018e-05,0,3.59472e-11,2.82535e-06,0.03815180063,-0.02969552577,-0.4832976984,0.04817391124
1290,12.900000,-0.4573334232,0.04732028209,3.815628588e-06,-2.96998769e-06,-2.96998769e-06,1.17328018e-05,0,3.59472e-11,2.82535e-06,0.03815180063,-0.02969552577,-0.466619151,0.04857155547
1291,12.910000,-0.4413429722,0.04750890844,3.815628588e-06,-2.96998769e-06,-2.96998769e-06,1.17328018e-05,0,3.59472e-11,2.82535e-06,0.03815180063,-0.02969552577,-0.4501118593,0.04832378873
1292,12.920000,-0.4261855893,0.04817505833,3.815628588e-06,-2.96998769e-06,-2.96998769e-06,1.17328018e-05,0,3.59472e-11,2.82535e-06,0.03815180063,-0.02969552577,-0.4338865651,0.04877374451
1293,12.930000,-0.4109346345,0.04854896665,3.815628588e-06,-2.96998769e-06,-2.96998769e-06,1.17328018e-05,0,3.59472e-11,2.82535e-06,0.03815180063,-0.02969552577,-0.4180513721,0.04875394828
1294,12.940000,-0.396185454,0.04868750274,3.815628588e-06,-2.96998769e-06,-2.96998769e-06,1.17328018e-05,0,3.59472e-11,2.82535e-06,0.03815180063,-0.02969552577,-0.4027106441,0.04851831006
1295,12.950000,-0.3819392994,0.04853177816,3.815628588e-06,-2.96998769e-06,-2.96998769e-06,1.17328018e-05,0,3.59472e-11,2.82535e-06,0.03815180063,-0.02969552577,-0.3879639413,0.0486550522
1296,12.960000,-0.3681246378,0.04865334369,3.815628588e-06,-2.96998769e-06,-2.96998769e-06,1.17328018e-05,0,3.59472e-11,2.82535e-06,0.03815180063,-0.02969552577,-0.3739050086,0.04898434407
1297,12.970000,-0.3557427637,0.0489561893,3.815628588e-06,-2.96998769e-06,-2.96998769e-06,1.17328018e-05,0,3.59472e-11,2.82535e-06,0.03815180063,-0.02969552577,-0.3606208253,0.04927609892
1298,12.980000,-0.3446765095,0.04940792918,3.815628588e-06,-2.96998769e-06,-2.96998769e-06,1.17328018e-05,0,3.59472e-11,2.82535e-06,0.03815180063,-0.02969552577,-0.3481907271,0.0493173417
1299,12.990000,-0.3334632739,0.04939868022,3.815628588e-06,-2.96998769e-06,-2.96998769e-06,1.17328018e-05,0,3.59472e-11,2.82535e-06,0.03815180063,-0.02969552577,-0.3366856112,0.04936873903
1300,13.000000,-0.3234992512,0.04961624276,3.815628588e-06,-2.96998769e-06,-2.96998769e-06,1.17328018e-05,0,3.59472e-11,2.82535e-06,0.03815180063,-0.02969552577,-0.326167232,0.04956203887
1301,13.010000,-0.3147787154,0.04957304616,3.815628588e-06,-2.96998769e-06,-2.96998769e-06,1.17328018e-05,0,3.59472e-11,2.82535e-06,0.03815180063,-0.02969552577,-0.3166875964,0.0494757897
1302,13.020000,-0.3065169379,0.04928941187,3.815628588e-06,-2.96998769e-06,-2.96998769e-06,1.17328018e-05,0,3.59472e-11,2.82535e-06,0.03815180063,-0.02969552577,-0.3082884644,0.04939965791
1303,13.030000,-0.3003153466,0.04965190031,3.815628588e-06,-2.96998769e-06,-2.96998769e-06,1.17328018e-05,0,3.59472e-11,2.82535e-06,0.03815180063,-0.02969552577,-0.3010009608,0.04945042213
1304,13.040000,-0.2948076092,0.0495090019,3.815628588e-06,-2.96998769e-06,-2.96998769e-06,1.17328018e-05,0,3.59472e-11,2.82535e-06,0.03815180063,-0.02969552577,-0.294845303,0.0489366037
1305,13.050000,-0.2898497432,0.0492871087,3.815628588e-06,-2.96998769e-06,-2.96998769e-06,1.17328018e-05,0,3.59472e-11,2.82535e-06,0.03815180063,-0.02969552577,-0.2898306469,0.04903719449
1306,13.060000,-0.2877058834,0.04995475803,3.815628588e-06,-2.96998769e-06,-2.96998769e-06,1.17328018e-05,0,3.59472e-11,2.82535e-06,0.03815180063,-0.02969552577,-0.2859550525,0.04919808205
1307,13.070000,-0.2854138203,0.04958962277,3.815628588e-06,-2.96998769e-06,-2.96998769e-06,1.17328018e-05,0,3.59472e-11,2.82535e-06,0.03815180063,-0.02969552577,-0.2832055706,0.0496084173
1308,13.080000,-0.2836731747,0.04930584133,3.815628588e-06,-2.96998769e-06,-2.96998769e-06,1.17328018e-05,0,3.59472e-11,2.82535e-06,0.03815180063,-0.02969552577,-0.2815584481,0.04997705549
1309,13.090000,-0.2838908173,0.04945847578,3.815628588e-06,-2.96998769e-06,-2.96998769e-06,1.17328018e-05,0,3.59472e-11,2.82535e-06,0.03815180063,-0.02969552577,-0.2809794503,0.04995526551
1310,13.100000,-0.284728352,0.04933683388,3.815628588e-06,-2.96998769e-06,-2.96998769e-06,1.17328018e-05,0,3.59472e-11,2.82535e-06,0.03815180063,-0.02969552577,-0.2814242968,0.04977335418
1311,13.110000,-0.2864586152,0.04909964092,3.815628588e-06,-2.96998769e-06,-2.96998769e-06,1.17328018e-05,0,3.59472e-11,2.82535e-06,0.03815180063,-0.02969552577,-0.2828392043,0.05039257675
1312,13.120000,-0.2892646156,0.04897208419,3.815628588e-06,-2.96998769e-06,-2.96998769e-06,1.17328018e-05,0,3.59472e-11,2.82535e-06,0.03815180063,-0.02969552577,-0.2851615325,0.04948537279
1313,13.130000,-0.2924100943,0.04865671508,3.815628588e-06,-2.96998769e-06,-2.96998769e-06,1.17328018e-05,0,3.59472e-11,2.82535e-06,0.03815180063,-0.02969552577,-0.2883205236,0.04947381163
1314,13.140000,-0.2965288758,0.0485019749,3.815628588e-06,-2.96998769e-06,-2.96998769e-06,1.17328018e-05,0,3.59472e-11,2.82535e-06,0.03815180063,-0.02969552577,-0.2922381281,0.04944566776
1315,13.150000,-0.3010640927,0.0477841096,3.815628588e-06,-2.96998769e-06,-2.96998769e-06,1.17328018e-05,0,3.59472e-11,2.82535e-06,0.03815180063,-0.02969552577,-0.2968299075,0.04907916609
1316,13.160000,-0.3065548465,0.0476145763,3.815628588e-06,-2.96998769e-06,-2.96998769e-06,1.17328018e-05,0,3.59472e-11,2.82535e-06,0.03815180063,-0.02969552577,-0.3020060028,0.04910780039
1317,13.170000,-0.3126328997,0.04779029172,3.815628588e-06,-2.96998769e-06,-2.96998769e-06,1.17328018e-05,0,3.59472e-11,2.82535e-06,0.03815180063,-0.02969552577,-0.307672159,0.04895626974
1318,13.180000,-0.3186855465,0.0473459214,3.815628588e-06,-2.96998769e-06,-2.96998769e-06,1.17328018e-05,0,3.59472e-11,2.82535e-06,0.03815180063,-0.02969552577,-0.3137307928,0.04903434078
1319,13.190000,-0.3246862292,0.04692810494,3.815628588e-06,-2.96998769e-06,-2.96998769e-06,1.17328018e-05,0,3.59472e-11,2.82535e-06,0.03815180063,-0.02969552577,-0.3200820927,0.04827198264
1320,13.200000,-0.3312640004,0.04702721536,3.815628588e-06,-2.96998769e-06,-2.96998769e-06,1.17328018e-05,0,3.59472e-11,2.82535e-06,0.03815180063,-0.02969552577,-0.3266251377,0.04796606876
1321,13.210000,-0.3378794082,0.04723017011,3.815628588e-06,-2.96998769e-06,-2.96998769e-06,1.17328018e-05,0,3.59472e-11,2.82535e-06,0.03815180063,-0.02969552577,-0.3332590229,0.0477450255
1322,13.220000,-0.3438944519,0.04672877211,3.815628588e-06,-2.96998769e-06,-2.96998769e-06,1.17328018e-05,0,3.59472e-11,2.82535e-06,0.03815180063,-0.02969552577,-0.3398839792,0.04761852095
1323,13.230000,-0.3492166363,0.04642694816,3.815628588e-06,-2.96998769e-06,-2.96998769e-06,1.17328018e-05,0,3.59472e-11,2.82535e-06,0.03815180063,-0.02969552577,-0.3464024743,0.04743377996
1324,13.240000,-0.3553639762,0.04628088698,3.815628588e-06,-2.96998769e-06,-2.96998769e-06,1.17328018e-05,0,3.59472e-11,2.82535e-06,0.03815180063,-0.02969552577,-0.3527202821,0.04770324897
1325,13.250000,-0.361082755,0.04620267823,3.815628588e-06,-2.96998769e-06,-2.96998769e-06,1.17328018e-05,0,3.59472e-11,2.82535e-06,0.03815180063,-0.02969552577,-0.3587475099,0.0473886854
1326,13.260000,-0.3664020598,0.04628357943,3.815628588e-06,-2.96998769e-06,-2.96998769e-06,1.17328018e-05,0,3.59472e-11,2.82535e-06,0.03815180063,-0.02969552577,-0.3643995703,0.04745300246
1327,13.270000,-0.371613808,0.0464359764,3.815628588e-06,-2.96998769e-06,-2.96998769e-06,1.17328018e-05,0,3.59472e-11,2.82535e-06,0.03815180063,-0.02969552577,-0.3695980882,0.04740154187
1328,13.280000,-0.3755662963,0.0462520346,3.815628588e-06,-2.96998769e-06,-2.96998769e-06,1.17328018e-05,0,3.59472e-11,2.82535e-06,0.03815180063,-0.02969552577,-0.3742717317,0.04731386809
1329,13.290000,-0.3801818714,0.04716758151,3.815628588e-06,-2.96998769e-06,-2.96998769e-06,1.17328018e-05,0,3.59472e-11,2.82535e-06,0.03815180063,-0.02969552577,-0.3783569588,0.04769961602
1330,13.300000,-0.3827998526,0.04731406365,3.815628588e-06,-2.96998769e-06,-2.96998769e-06,1.17328018e-05,0,3.59472e-11,2.82535e-06,0.03815180063,-0.02969552577,-0.3817986705,0.04764586884
1331,13.310000,-0.3854066208,0.0476276027,3.815628588e-06,-2.96998769e-06,-2.96998769e-06,1.17328018e-05,0,3.59472e-11,2.82535e-06,0.03815180063,-0.02969552577,-0.3845507636,0.04716594
1332,13.320000,-0.3877981454,0.04794690199,3.815628588e-06,-2.96998769e-06,-2.96998769e-06,1.17328018e-05,0,3.59472e-11,2.82535e-06,0.03815180063,-0.02969552577,-0.3865765781,0.04708518146
1333,13.330000,-0.3890363313,0.04821422976,3.815628588e-06,-2.96998769e-06,-2.96998769e-06,1.17328018e-05,0,3.59472e-11,2.82535e-06,0.03815180063,-0.02969552577,-0.3878492323,0.04707526711
1334,13.340000,-0.3886644281,0.04793339875,3.815628588e-06,-2.96998769e-06,-2.96998769e-06,1.17328018e-05,0,3.59472e-11,2.82535e-06,0.03815180063,-0.02969552577,-0.3883518438,0.04729118499
1335,13.350000,-0.3880589195,0.04788131919,3.815628588e-06,-2.96998769e-06,-2.96998769e-06,1.17328018e-05,0,3.59472e-11,2.82535e-06,0.03815180063,-0.02969552577,-0.388077634,0.04726736087
1336,13.360000,-0.3870945759,0.04820686579,3.815628588e-06,-2.96998769e-06,-2.96998769e-06,1.17328018e-05,0,3.59472e-11,2.82535e-06,0.03815180063,-0.02969552577,-0.387029914,0.04673293891
1337,13.370000,-0.3847977221,0.04787710868,3.815628588e-06,-2.96998769e-06,-2.96998769e-06,1.17328018e-05,0,3.59472e-11,2.82535e-06,0.03815180063,-0.02969552577,-0.3852219538,0.04701317555
1338,13.380000,-0.3820438869,0.04760555364,3.815628588e-06,-2.96998769e-06,-2.96998769e-06,1.17328018e-05,0,3.59472e-11,2.82535e-06,0.03815180063,-0.02969552577,-0.3826767356,0.04663034059
1339,13.390000,-0.3778257109,0.04731908254,3.815628588e-06,-2.96998769e-06,-2.96998769e-06,1.17328018e-05,0,3.59472e-11,2.82535e-06,0.03815180063,-0.02969552577,-0.3794265952,0.04657811208
1340,13.400000,-0.3734534048,0.04757789895,3.815628588e-06,-2.96998769e-06,-2.96998769e-06,1.17328018e-05,0,3.59472e-11,2.82535e-06,0.03815180063,-0.02969552577,-0.375512755,0.04673599017
1341,13.410000,-0.3692689389,0.04770607874,3.815628588e-06,-2.96998769e-06,-2.96998769e-06,1.17328018e-05,0,3.59472e-11,2.82535e-06,0.03815180063,-0.02969552577,-0.3709847546,0.04664355857
1342,13.420000,-0.3640245274,0.04746563453,3.815628588e-06,-2.96998769e-06,-2.96998769e-06,1.17328018e-05,0,3.59472e-11,2.82535e-06,0.03815180063,-0.02969552577,-0.3658997864,0.04710027842
1343,13.430000,-0.3574532531,0.04712139349,3.815628588e-06,-2.96998769e-06,-2.96998769e-06,1.17328018e-05,0,3.59472e-11,2.82535e-06,0.03815180063,-0.02969552577,-0.3603219428,0.0475725868
1344,13.440000,-0.3516062871,0.04759251699,3.815628588e-06,-2.96998769e-06,-2.96998769e-06,1.17328018e-05,0,3.59472e-11,2.82535e-06,0.03815180063,-0.02969552577,-0.3543213855,0.04724313127
1345,13.450000,-0.3450312577,0.04767686129,3.815628588e-06,-2.96998769e-06,-2.96998769e-06,1.17328018e-05,0,3.59472e-11,2.82535e-06,0.03815180063,-0.02969552577,-0.3479734452,0.0475245623
1346,13.460000,-0.3384677507,0.04768356867,3.815628588e-06,-2.96998769e-06,-2.96998769e-06,1.17328018e-05,0,3.59472e-11,2.82535e-06,0.03815180063,-0.02969552577,-0.3413576632,0.04710756145
1347,13.470000,-0.3317620978,0.04779924732,3.815628588e-06,-2.96998769e-06,-2.96998769e-06,1.17328018e-05,0,3.59472e-11,2.82535e-06,0.03815180063,-0.02969552577,-0.334556786,0.04745257821
1348,13.480000,-0.3254491836,0.04834844731,3.815628588e-06,-2.96998769e-06,-2.96998769e-06,1.17328018e-05,0,3.59472e-11,2.82535e-06,0.03815180063,-0.02969552577,-0.3276557245,0.04688940447
1349,13.490000,-0.3182179928,0.04801421333,3.815628588e-06,-2.96998769e-06,-2.96998769e-06,1.17328018e-05,0,3.59472e-11,2.82535e-06,0.03815180063,-0.02969552577,-0.3207404896,0.0469283209
1350,13.500000,-0.312540736,0.04861017875,3.815628588e-06,-2.96998769e-06,-2.96998769e-06,1.17328018e-05,0,3.59472e-11,2.82535e-06,0.03815180063,-0.02969552577,-0.3138971176,0.04672850463
1351,13.510000,-0.3058789112,0.04872081149,3.815628588e-06,-2.96998769e-06,-2.96998769e-06,1.17328018e-05,0,3.59472e-11,2.82535e-06,0.03815180063,-0.02969552577,-0.3072105974,0.0467452805
1352,13.520000,-0.299144607,0.04846727755,3.815628588e-06,-2.96998769e-06,-2.96998769e-06,1.17328018e-05,0,3.59472e-11,2.82535e-06,0.03815180063,-0.02969552577,-0.3007638117,0.04676576824
1353,13.530000,-0.2937645353,0.04864504095,3.815628588e-06,-2.96998769e-06,-2.96998769e-06,1.17328018e-05,0,3.59472e-11,2.82535e-06,0.03815180063,-0.02969552577,-0.2946365048,0.04657262742
1354,13.540000,-0.2882585935,0.04889677558,3.815628588e-06,-2.96998769e-06,-2.96998769e-06,1.17328018e-05,0,3.59472e-11,2.82535e-06,0.03815180063,-0.02969552577,-0.2889042896,0.0465396305
1355,13.550000,-0.2846049406,0.04951026198,3.815628588e-06,-2.96998769e-06,-2.96998769e-06,1.17328018e-05,0,3.59472e-11,2.82535e-06,0.03815180063,-0.02969552577,-0.2836377045,0.04724383198
1356,13.560000,-0.2803447992,0.04952620901,3.815628588e-06,-2.96998769e-06,-2.96998769e-06,1.17328018e-05,0,3.59472e-11,2.82535e-06,0.03815180063,-0.02969552577,-0.2789013319,0.04763066364
1357,13.570000,-0.2764260322,0.04942402057,3.815628588e-06,-2.96998769e-06,-2.96998769e-06,1.17328018e-05,0,3.59472e-11,2.82535e-06,0.03815180063,-0.02969552577,-0.2747529877,0.04758814539
1358,13.580000,-0.2729201987,0.04944859724,3.815628588e-06,-2.96998769e-06,-2.96998769e-06,1.17328018e-05,0,3.59472e-11,2.82535e-06,0.03815180063,-0.02969552577,-0.2712429925,0.04723961538
1359,13.590000,-0.2706762329,0.04945418611,3.815628588e-06,-2.96998769e-06,-2.96998769e-06,1.17328018e-05,0,3.59472e-11,2.82535e-06,0.03815180063,-0.02969552577,-0.2684135322,0.0475097752
1360,13.600000,-0.2683444396,0.04883208126,3.815628588e-06,-2.96998769e-06,-2.96998769e-06,1.17328018e-05,0,3.59472e-11,2.82535e-06,0.03815180063,-0.02969552577,-0.2662981154,0.04712354381
1361,13.610000,-0.2682520412,0.04912293516,3.815628588e-06,-2.96998769e-06,-2.96998769e-06,1.17328018e-05,0,3.59472e-11,2.82535e-06,0.03815180063,-0.02969552577,-0.2649211346,0.0473892431
1362,13.620000,-0.267488908,0.04885071144,3.815628588e-06,-2.96998769e-06,-2.96998769e-06,1.17328018e-05,0,3.59472e-11,2.82535e-06,0.03815180063,-0.02969552577,-0.2642975358,0.0469188435
1363,13.630000,-0.2684454471,0.04910308588,3.815628588e-06,-2.96998769e-06,-2.96998769e-06,1.17328018e-05,0,3.59472e-11,2.82535e-06,0.03815180063,-0.02969552577,-0.2644326006,0.04665219873
1364,13.640000,-0.2699083723,0.04929979332,3.815628588e-06,-2.96998769e-06,-2.96998769e-06,1.17328018e-05,0,3.59472e-11,2.82535e-06,0.03815180063,-0.02969552577,-0.265321844,0.04642334552
1365,13.650000,-0.272105556,0.04925218411,3.815628588e-06,-2.96998769e-06,-2.96998769e-06,1.17328018e-05,0,3.59472e-11,2.82535e-06,0.03815180063,-0.02969552577,-0.2669510279,0.04669137614
1366,13.660000,-0.2749409527,0.04924680479,3.815628588e-06,-2.96998769e-06,-2.96998769e-06,1.17328018e-05,0,3.59472e-11,2.82535e-06,0.03815180063,-0.02969552577,-0.2692962917,0.04654493122
1367,13.670000,-0.2791404799,0.04956056643,3.815628588e-06,-2.96998769e-06,-2.96998769e-06,1.17328018e-05,0,3.59472e-11,2.82535e-06,0.03815180063,-0.02969552577,-0.2723243977,0.04588201309
1368,13.680000,-0.2823243216,0.04931952059,3.815628588e-06,-2.96998769e-06,-2.96998769e-06,1.17328018e-05,0,3.59472e-11,2.82535e-06,0.03815180063,-0.02969552577,-0.275993089,0.04594747337
1369,13.690000,-0.2860422991,0.04900743254,3.815628588e-06,-2.96998769e-06,-2.96998769e-06,1.17328018e-05,0,3.59472e-11,2.82535e-06,0.03815180063,-0.02969552577,-0.2802515552,0.04559490805
1370,13.700000,-0.291744113,0.04936524387,3.815628588e-06,-2.96998769e-06,-2.96998769e-06,1.17328018e-05,0,3.59472e-11,2.82535e-06,0.03815180063,-0.02969552577,-0.2850410023,0.04524827252
1371,13.710000,-0.296448268,0.04879074078,3.815628588e-06,-2.96998769e-06,-2.96998769e-06,1.17328018e-05,0,3.59472e-11,2.82535e-06,0.03815180063,-0.02969552577,-0.2902953179,0.04477957807
1372,13.720000,-0.3023656532,0.04857822601,3.815628588e-06,-2.96998769e-06,-2.96998769e-06,1.17328018e-05,0,3.59472e-11,2.82535e-06,0.03815180063,-0.02969552577,-0.2959418265,0.04467805069
1373,13.730000,-0.308070939,0.04871001933,3.815628588e-06,-2.96998769e-06,-2.96998769e-06,1.17328018e-05,0,3.59472e-11,2.82535e-06,0.03815180063,-0.02969552577,-0.3019021248,0.04461924807
1374,13.740000,-0.3149369769,0.04920303077,3.815628588e-06,-2.96998769e-06,-2.96998769e-06,1.17328018e-05,0,3.59472e-11,2.82535e-06,0.03815180063,-0.02969552577,-0.3080929881,0.04460444829
1375,13.750000,-0.32181127,0.04941688012,3.815628588e-06,-2.96998769e-06,-2.96998769e-06,1.17328018e-05,0,3.59472e-11,2.82535e-06,0.03815180063,-0.02969552577,-0.3144273367,0.04469901108
1376,13.760000,-0.3277297989,0.04909938388,3.815628588e-06,-2.96998769e-06,-2.96998769e-06,1.17328018e-05,0,3.59472e-11,2.82535e-06,0.03815180063,-0.02969552577,-0.3208152529,0.04436735653
1377,13.770000,-0.3337509669,0.04881941527,3.815628588e-06,-2.96998769e-06,-2.96998769e-06,1.17328018e-05,0,3.59472e-11,2.82535e-06,0.03815180063,-0.02969552577,-0.3271650346,0.04438626449
1378,13.780000,-0.3397025801,0.04875924997,3.815628588e-06,-2.96998769e-06,-2.96998769e-06,1.17328018e-05,0,3.59472e-11,2.82535e-06,0.03815180063,-0.02969552577,-0.3333842757,0.04472376072
1379,13.790000,-0.3454244845,0.04843706358,3.815628588e-06,-2.96998769e-06,-2.96998769e-06,1.17328018e-05,0,3.59472e-11,2.82535e-06,0.03815180063,-0.02969552577,-0.3393809588,0.04393858298
1380,13.800000,-0.3504770882,0.04850584734,3.815628588e-06,-2.96998769e-06,-2.96998769e-06,1.17328018e-05,0,3.59472e-11,2.82535e-06,0.03815180063,-0.02969552577,-0.3450645499,0.04387400694
1381,13.810000,-0.3552677035,0.04783426691,3.815628588e-06,-2.96998769e-06,-2.96998769e-06,1.17328018e-05,0,3.59472e-11,2.82535e-06,0.03815180063,-0.02969552577,-0.3503470799,0.04401698788
1382,13.820000,-0.3594355024,0.04776265845,3.815628588e-06,-2.96998769e-06,-2.96998769e-06,1.17328018e-05,0,3.59472e-11,2.82535e-06,0.03815180063,-0.02969552577,-0.3551442028,0.04392570262
1383,13.830000,-0.3630161807,0.04739603493,3.815628588e-06,-2.96998769e-06,-2.96998769e-06,1.17328018e-05,0,3.59472e-11,2.82535e-06,0.03815180063,-0.02969552577,-0.3593762168,0.04436428586
1384,13.840000,-0.3658783734,0.04712684546,3.815628588e-06,-2.96998769e-06,-2.96998769e-06,1.17328018e-05,0,3.59472e-11,2.82535e-06,0.03815180063,-0.02969552577,-0.3629690374,0.04407212753
1385,13.850000,-0.3687131926,0.04742217343,3.815628588e-06,-2.96998769e-06,-2.96998769e-06,1.17328018e-05,0,3.59472e-11,2.82535e-06,0.03815180063,-0.02969552577,-0.3658551104,0.04377818128
1386,13.860000,-0.3701112904,0.04705576785,3.815628588e-06,-2.96998769e-06,-2.96998769e-06,1.17328018e-05,0,3.59472e-11,2.82535e-06,0.03815180063,-0.02969552577,-0.3679742553,0.04423603337
1387,13.870000,-0.3720264845,0.0475164447,3.815628588e-06,-2.96998769e-06,-2.96998769e-06,1.17328018e-05,0,3.59472e-11,2.82535e-06,0.03815180063,-0.02969552577,-0.3692744279,0.04443685126
1388,13.880000,-0.3714051843,0.04723461531,3.815628588e-06,-2.96998769e-06,-2.96998769e-06,1.17328018e-05,0,3.59472e-11,2.82535e-06,0.03815180063,-0.02969552577,-0.3697123944,0.04420634765
1389,13.890000,-0.3708471693,0.0472076945,3.815628588e-06,-2.96998769e-06,-2.96998769e-06,1.17328018e-05,0,3.59472e-11,2.82535e-06,0.03815180063,-0.02969552577,-0.3692543082,0.04378689469
1390,13.900000,-0.3692820817,0.04719484877,3.815628588e-06,-2.96998769e-06,-2.96998769e-06,1.17328018e-05,0,3.59472e-11,2.82535e-06,0.03815180063,-0.02969552577,-0.3678761835,0.04359798037
1391,13.910000,-0.3668339923,0.04694816284,3.815628588e-06,-2.96998769e-06,-2.96998769e-06,1.17328018e-05,0,3.59472e-11,2.82535e-06,0.03815180063,-0.02969552577,-0.3655642588,0.04401831633
1392,13.920000,-0.3629431948,0.04687664751,3.815628588e-06,-2.96998769e-06,-2.96998769e-06,1.17328018e-05,0,3.59472e-11,2.82535e-06,0.03815180063,-0.02969552577,-0.3623152471,0.04363315965
1393,13.930000,-0.3592881933,0.04708316177,3.815628588e-06,-2.96998769e-06,-2.96998769e-06,1.17328018e-05,0,3.59472e-11,2.82535e-06,0.03815180063,-0.02969552577,-0.3581364688,0.04329955145
1394,13.940000,-0.3534518182,0.04688081238,3.815628588e-06,-2.96998769e-06,-2.96998769e-06,1.17328018e-05,0,3.59472e-11,2.82535e-06,0.03815180063,-0.02969552577,-0.353045866,0.04355239518
1395,13.950000,-0.3470750824,0.04684455972,3.815628588e-06,-2.96998769e-06,-2.96998769e-06,1.17328018e-05,0,3.59472e-11,2.82535e-06,0.03815180063,-0.02969552577,-0.3470718977,0.04352065368
1396,13.960000,-0.3387956619,0.04655510746,3.815628588e-06,-2.96998769e-06,-2.96998769e-06,1.17328018e-05,0,3.59472e-11,2.82535e-06,0.03815180063,-0.02969552577,-0.3402533161,0.04347273779
1397,13.970000,-0.3309374228,0.04665896483,3.815628588e-06,-2.96998769e-06,-2.96998769e-06,1.17328018e-05,0,3.59472e-11,2.82535e-06,0.03815180063,-0.02969552577,-0.3326388278,0.04357323792
1398,13.980000,-0.3225123324,0.04642654303,3.815628588e-06,-2.96998769e-06,-2.96998769e-06,1.17328018e-05,0,3.59472e-11,2.82535e-06,0.03815180063,-0.02969552577,-0.3242866415,0.04356599475
1399,13.990000,-0.313379515,0.04678256996,3.815628588e-06,-2.96998769e-06,-2.96998769e-06,1.17328018e-05,0,3.59472e-11,2.82535e-06,0.03815180063,-0.02969552577,-0.3152639084,0.04342480374
1400,14.000000,-0.3035410494,0.04719203617,3.815628588e-06,-2.96998769e-06,-2.96998769e-06,1.17328018e-05,0,3.59472e-11,2.82535e-06,0.03815180063,-0.02969552577,-0.3056460609,0.04335423687
1401,14.010000,-0.2938352711,0.04757427145,3.815628588e-06,-2.96998769e-06,-2.96998769e-06,1.17328018e-05,0,3.59472e-11,2.82535e-06,0.03815180063,-0.02969552577,-0.2955160571,0.04343023451
1402,14.020000,-0.2825015858,0.04734652769,3.815628588e-06,-2.96998769e-06,-2.96998769e-06,1.17328018e-05,0,3.59472e-11,2.82535e-06,0.03815180063,-0.02969552577,-0.2849635388,0.04349020308
1403,14.030000,-0.2713624015,0.04733522516,3.815628588e-06,-2.96998769e-06,-2.96998769e-06,1.17328018e-05,0,3.59472e-11,2.82535e-06,0.03815180063,-0.02969552577,-0.2740839128,0.04296876534
1404,14.040000,-0.2603745498,0.04748055618,3.815628588e-06,-2.96998769e-06,-2.96998769e-06,1.17328018e-05,0,3.59472e-11,2.82535e-06,0.03815180063,-0.02969552577,-0.2629773657,0.04387070112
1405,14.050000,-0.249675028,0.04744412657,3.815628588e-06,-2.96998769e-06,-2.96998769e-06,1.17328018e-05,0,3.59472e-11,2.82535e-06,0.03815180063,-0.02969552577,-0.2517478221,0.04447253789
1406,14.060000,-0.2392103411,0.04776744824,3.815628588e-06,-2.96998769e-06,-2.96998769e-06,1.17328018e-05,0,3.59472e-11,2.82535e-06,0.03815180063,-0.02969552577,-0.2405018599,0.04496606086
1407,14.070000,-0.2278748043,0.04783948883,3.815628588e-06,-2.96998769e-06,-2.96998769e-06,1.17328018e-05,0,3.59472e-11,2.82535e-06,0.03815180063,-0.02969552577,-0.2293475919,0.04532974817
1408,14.080000,-0.2168698348,0.04752658494,3.815628588e-06,-2.96998769e-06,-2.96998769e-06,1.17328018e-05,0,3.59472e-11,2.82535e-06,0.03815180063,-0.02969552577,-0.2183935287,0.04537816069
1409,14.090000,-0.206492614,0.04749184381,3.815628588e-06,-2.96998769e-06,-2.96998769e-06,1.17328018e-05,0,3.59472e-11,2.82535e-06,0.03815180063,-0.02969552577,-0.2077474341,0.04561054491
1410,14.100000,-0.1972293295,0.04802210629,3.815628588e-06,-2.96998769e-06,-2.96998769e-06,1.17328018e-05,0,3.59472e-11,2.82535e-06,0.03815180063,-0.02969552577,-0.1975151861,0.04556655308
1411,14.110000,-0.1872112937,0.04821491148,3.815628588e-06,-2.96998769e-06,-2.96998769e-06,1.17328018e-05,0,3.59472e-11,2.82535e-06,0.03815180063,-0.02969552577,-0.1877996562,0.04600833168
1412,14.120000,-0.1786491163,0.04838648811,3.815628588e-06,-2.96998769e-06,-2.96998769e-06,1.17328018e-05,0,3.59472e-11,2.82535e-06,0.03815180063,-0.02969552577,-0.1786996197,0.04584485425
1413,14.130000,-0.1703091115,0.04802428838,3.815628588e-06,-2.96998769e-06,-2.96998769e-06,1.17328018e-05,0,3.59472e-11,2.82535e-06,0.03815180063,-0.02969552577,-0.1703087088,0.04591544004
1414,14.140000,-0.1639563702,0.04847166501,3.815628588e-06,-2.96998769e-06,-2.96998769e-06,1.17328018e-05,0,3.59472e-11,2.82535e-06,0.03815180063,-0.02969552577,-0.1627144203,0.04612916394
1415,14.150000,-0.1568590924,0.04808897804,3.815628588e-06,-2.96998769e-06,-2.96998769e-06,1.17328018e-05,0,3.59472e-11,2.82535e-06,0.03815180063,-0.02969552577,-0.1559971889,0.04642010021
1416,14.160000,-0.1519678235,0.04822801147,3.815628588e-06,-2.96998769e-06,-2.96998769e-06,1.17328018e-05,0,3.59472e-11,2.82535e-06,0.03815180063,-0.02969552577,-0.150229537,0.04593248187
1417,14.170000,-0.1474755965,0.04803850967,3.815628588e-06,-2.96998769e-06,-2.96998769e-06,1.17328018e-05,0,3.59472e-11,2.82535e-06,0.03815180063,-0.02969552577,-0.1454753088,0.04554573275
1418,14.180000,-0.1447515562,0.04817073885,3.815628588e-06,-2.96998769e-06,-2.96998769e-06,1.17328018e-05,0,3.59472e-11,2.82535e-06,0.03815180063,-0.02969552577,-0.1417889998,0.04550698127
1419,14.190000,-0.1426210925,0.04802620783,3.815628588e-06,-2.96998769e-06,-2.96998769e-06,1.17328018e-05,0,3.59472e-11,2.82535e-06,0.03815180063,-0.02969552577,-0.1392151865,0.04517045413
1420,14.200000,-0.1422053538,0.0481108781,3.815628588e-06,-2.96998769e-06,-2.96998769e-06,1.17328018e-05,0,3.59472e-11,2.82535e-06,0.03815180063,-0.02969552577,-0.1377880642,0.04600571174
1421,14.210000,-0.1422626898,0.04765640851,3.815628588e-06,-2.96998769e-06,-2.96998769e-06,1.17328018e-05,0,3.59472e-11,2.82535e-06,0.03815180063,-0.02969552577,-0.1375310978,0.04630680328
1422,14.220000,-0.1435992606,0.0475929603,3.815628588e-06,-2.96998769e-06,-2.96998769e-06,1.17328018e-05,0,3.59472e-11,2.82535e-06,0.03815180063,-0.02969552577,-0.1384567886,0.04608798421
1423,14.230000,-0.1467517205,0.04794451501,3.815628588e-06,-2.96998769e-06,-2.96998769e-06,1.17328018e-05,0,3.59472e-11,2.82535e-06,0.03815180063,-0.02969552577,-0.1405665605,0.04577384716
1424,14.240000,-0.1504771709,0.04806149006,3.815628588e-06,-2.96998769e-06,-2.96998769e-06,1.17328018e-05,0,3.59472e-11,2.82535e-06,0.03815180063,-0.02969552577,-0.1438507667,0.04560503128
1425,14.250000,-0.155551374,0.04799249116,3.815628588e-06,-2.96998769e-06,-2.96998769e-06,1.17328018e-05,0,3.59472e-11,2.82535e-06,0.03815180063,-0.02969552577,-0.1482888157,0.04512826417
1426,14.260000,-0.1615493633,0.04752898216,3.815628588e-06,-2.96998769e-06,-2.96998769e-06,1.17328018e-05,0,3.59472e-11,2.82535e-06,0.03815180063,-0.02969552577,-0.1538494165,0.04521164387
1427,14.270000,-0.1691516377,0.04782163631,3.815628588e-06,-2.96998769e-06,-2.96998769e-06,1.17328018e-05,0,3.59472e-11,2.82535e-06,0.03815180063,-0.02969552577,-0.1604909389,0.04496691683
1428,14.280000,-0.1766188517,0.04723232426,3.815628588e-06,-2.96998769e-06,-2.96998769e-06,1.17328018e-05,0,3.59472e-11,2.82535e-06,0.03815180063,-0.02969552577,-0.1681618853,0.04510684275
1429,14.290000,-0.1847762242,0.04668585863,3.815628588e-06,-2.96998769e-06,-2.96998769e-06,1.17328018e-05,0,3.59472e-11,2.82535e-06,0.03815180063,-0.02969552577,-0.1768014686,0.04510137572
1430,14.300000,-0.1948296092,0.04649558663,3.815628588e-06,-2.96998769e-06,-2.96998769e-06,1.17328018e-05,0,3.59472e-11,2.82535e-06,0.03815180063,-0.02969552577,-0.1863402897,0.04535351808
1431,14.310000,-0.204576157,0.04622499458,3.815628588e-06,-2.96998769e-06,-2.96998769e-06,1.17328018e-05,0,3.59472e-11,2.82535e-06,0.03815180063,-0.02969552577,-0.1967011058,0.04562306224
1432,14.320000,-0.2158606313,0.0458748024,3.815628588e-06,-2.96998769e-06,-2.96998769e-06,1.17328018e-05,0,3.59472e-11,2.82535e-06,0.03815180063,-0.02969552577,-0.2077996821,0.04584333007
1433,14.330000,-0.2274640612,0.04574569687,3.815628588e-06,-2.96998769e-06,-2.96998769e-06,1.17328018e-05,0,3.59472e-11,2.82535e-06,0.03815180063,-0.02969552577,-0.2195457166,0.04621830089
1434,14.340000,-0.2399834916,0.04554888699,3.815628588e-06,-2.96998769e-06,-2.96998769e-06,1.17328018e-05,0,3.59472e-11,2.82535e-06,0.03815180063,-0.02969552577,-0.2318438278,0.04584023992
1435,14.350000,-0.2524568476,0.04544464592,3.815628588e-06,-2.96998769e-06,-2.96998769e-06,1.17328018e-05,0,3.59472e-11,2.82535e-06,0.03815180063,-0.02969552577,-0.2445945929,0.04577931491
1436,14.360000,-0.2664757222,0.04558022227,3.815628588e-06,-2.96998769e-06,-2.96998769e-06,1.17328018e-05,0,3.59472e-11,2.82535e-06,0.03815180063,-0.02969552577,-0.2576956262,0.04617636695
1437,14.370000,-0.279362075,0.04520190135,3.815628588e-06,-2.96998769e-06,-2.96998769e-06,1.17328018e-05,0,3.59472e-11,2.82535e-06,0.03815180063,-0.02969552577,-0.2710426857,0.04612095276
1438,14.380000,-0.2917166539,0.0447179582,3.815628588e-06,-2.96998769e-06,-2.96998769e-06,1.17328018e-05,0,3.59472e-11,2.82535e-06,0.03815180063,-0.02969552577,-0.2845307928,0.04682552008
1439,14.390000,-0.3057249673,0.04493108019,3.815628588e-06,-2.96998769e-06,-2.96998769e-06,1.17328018e-05,0,3.59472e-11,2.82535e-06,0.03815180063,-0.02969552577,-0.2980553561,0.04723192795
1440,14.400000,-0.3188827746,0.04471964948,3.815628588e-06,-2.96998769e-06,-2.96998769e-06,1.17328018e-05,0,3.59472e-11,2.82535e-06,0.03815180063,-0.02969552577,-0.3115132836,0.04763889644
1441,14.410000,-0.3314365968,0.04448183253,3.815628588e-06,-2.96998769e-06,-2.96998769e-06,1.17328018e-05,0,3.59472e-11,2.82535e-06,0.03815180063,-0.02969552577,-0.3248040724,0.04785892833
1442,14.420000,-0.3439676762,0.04412360583,3.815628588e-06,-2.96998769e-06,-2.96998769e-06,1.17328018e-05,0,3.59472e-11,2.82535e-06,0.03815180063,-0.02969552577,-0.3378308631,0.04772147829
1443,14.430000,-0.3554143384,0.04360741377,3.815628588e-06,-2.96998769e-06,-2.96998769e-06,1.17328018e-05,0,3.59472e-11,2.82535e-06,0.03815180063,-0.02969552577,-0.3505014475,0.04762387294
1444,14.440000,-0.367700424,0.04377487488,3.815628588e-06,-2.96998769e-06,-2.96998769e-06,1.17328018e-05,0,3.59472e-11,2.82535e-06,0.03815180063,-0.02969552577,-0.3627292172,0.04760502684
1445,14.450000,-0.378692057,0.04327233601,3.815628588e-06,-2.96998769e-06,-2.96998769e-06,1.17328018e-05,0,3.59472e-11,2.82535e-06,0.03815180063,-0.02969552577,-0.3744340441,0.04834100037
1446,14.460000,-0.3902832568,0.04363491945,3.815628588e-06,-2.96998769e-06,-2.96998769e-06,1.17328018e-05,0,3.59472e-11,2.82535e-06,0.03815180063,-0.02969552577,-0.3855430816,0.04890099115
1447,14.470000,-0.4002760015,0.04347517435,3.815628588e-06,-2.96998769e-06,-2.96998769e-06,1.17328018e-05,0,3.59472e-11,2.82535e-06,0.03815180063,-0.02969552577,-0.3959914783,0.04936087012
1448,14.480000,-0.4085731581,0.04295641836,3.815628588e-06,-2.96998769e-06,-2.96998769e-06,1.17328018e-05,0,3.59472e-11,2.82535e-06,0.03815180063,-0.02969552577,-0.4057229964,0.04956683452
1449,14.490000,-0.417141173,0.04251385201,3.815628588e-06,-2.96998769e-06,-2.96998769e-06,1.17328018e-05,0,3.59472e-11,2.82535e-06,0.03815180063,-0.02969552577,-0.4146905275,0.04964300075
1450,14.500000,-0.42530635,0.0424332805,3.815628588e-06,-2.96998769e-06,-2.96998769e-06,1.17328018e-05,0,3.59472e-11,2.82535e-06,0.03815180063,-0.02969552577,-0.4228565004,0.04970469099
1451,14.510000,-0.4319737591,0.04248283617,3.815628588e-06,-2.96998769e-06,-2.96998769e-06,1.17328018e-05,0,3.59472e-11,2.82535e-06,0.03815180063,-0.02969552577,-0.4301931768,0.04984448205
1452,14.520000,-0.4379702546,0.04264672194,3.815628588e-06,-2.96998769e-06,-2.96998769e-06,1.17328018e-05,0,3.59472e-11,2.82535e-06,0.03815180063,-0.02969552577,-0.4366828319,0.04988906736
1453,14.530000,-0.4424484298,0.04227389023,3.815628588e-06,-2.96998769e-06,-2.96998769e-06,1.17328018e-05,0,3.59472e-11,2.82535e-06,0.03815180063,-0.02969552577,-0.4423178173,0.05046842224
1454,14.540000,-0.4465760291,0.042308053,3.815628588e-06,-2.96998769e-06,-2.96998769e-06,1.17328018e-05,0,3.59472e-11,2.82535e-06,0.03815180063,-0.02969552577,-0.4471005066,0.05045762698
1455,14.550000,-0.4496307299,0.04202810489,3.815628588e-06,-2.96998769e-06,-2.96998769e-06,1.17328018e-05,0,3.59472e-11,2.82535e-06,0.03815180063,-0.02969552577,-0.4510431248,0.05046766273
1456,14.560000,-0.4520013966,0.04163256101,3.815628588e-06,-2.96998769e-06,-2.96998769e-06,1.17328018e-05,0,3.59472e-11,2.82535e-06,0.03815180063,-0.02969552577,-0.4541674625,0.05054536372
1457,14.570000,-0.454071492,0.04183715954,3.815628588e-06,-2.96998769e-06,-2.96998769e-06,1.17328018e-05,0,3.59472e-11,2.82535e-06,0.03815180063,-0.02969552577,-0.4565044806,0.05012115907
1458,14.580000,-0.4547165893,0.04135788418,3.815628588e-06,-2.96998769e-06,-2.96998769e-06,1.17328018e-05,0,3.59472e-11,2.82535e-06,0.03815180063,-0.02969552577,-0.458093808,0.0504858535
1459,14.590000,-0.4553668946,0.04189815372,3.815628588e-06,-2.96998769e-06,-2.96998769e-06,1.17328018e-05,0,3.59472e-11,2.82535e-06,0.03815180063,-0.02969552577,-0.4589831398,0.05064901993
1460,14.600000,-0.4555974267,0.04226664733,3.815628588e-06,-2.96998769e-06,-2.96998769e-06,1.17328018e-05,0,3.59472e-11,2.82535e-06,0.03815180063,-0.02969552577,-0.4592275436,0.05051038465
1461,14.610000,-0.4559512101,0.04285917897,3.815628588e-06,-2.96998769e-06,-2.96998769e-06,1.17328018e-05,0,3.59472e-11,2.82535e-06,0.03815180063,-0.02969552577,-0.4588886802,0.05082421557
1462,14.620000,-0.4546083808,0.04266966041,3.815628588e-06,-2.96998769e-06,-2.96998769e-06,1.17328018e-05,0,3.59472e-11,2.82535e-06,0.03815180063,-0.02969552577,-0.4580339504,0.05096274687
1463,14.630000,-0.4530708455,0.04261626117,3.815628588e-06,-2.96998769e-06,-2.96998769e-06,1.17328018e-05,0,3.59472e-11,2.82535e-06,0.03815180063,-0.02969552577,-0.4567355759,0.05036758031
1464,14.640000,-0.4521423578,0.04310007859,3.815628588e-06,-2.96998769e-06,-2.96998769e-06,1.17328018e-05,0,3.59472e-11,2.82535e-06,0.03815180063,-0.02969552577,-0.4550696263,0.05036247363
1465,14.650000,-0.4500212856,0.04302245472,3.815628588e-06,-2.96998769e-06,-2.96998769e-06,1.17328018e-05,0,3.59472e-11,2.82535e-06,0.03815180063,-0.02969552577,-0.4531150035,0.05027720393
1466,14.660000,-0.448214747,0.04304519575,3.815628588e-06,-2.96998769e-06,-2.96998769e-06,1.17328018e-05,0,3.59472e-11,2.82535e-06,0.03815180063,-0.02969552577,-0.4509523947,0.05070823231
1467,14.670000,-0.4462090507,0.04346262198,3.815628588e-06,-2.96998769e-06,-2.96998769e-06,1.17328018e-05,0,3.59472e-11,2.82535e-06,0.03815180063,-0.02969552577,-0.4486632078,0.0506112516
1468,14.680000,-0.4445342645,0.04405251332,3.815628588e-06,-2.96998769e-06,-2.96998769e-06,1.17328018e-05,0,3.59472e-11,2.82535e-06,0.03815180063,-0.02969552577,-0.4463284993,0.05081348128
1469,14.690000,-0.4430823661,0.04456075281,3.815628588e-06,-2.96998769e-06,-2.96998769e-06,1.17328018e-05,0,3.59472e-11,2.82535e-06,0.03815180063,-0.02969552577,-0.4440279101,0.0506832695
1470,14.700000,-0.4408928901,0.04442367796,3.815628588e-06,-2.96998769e-06,-2.96998769e-06,1.17328018e-05,0,3.59472e-11,2.82535e-06,0.03815180063,-0.02969552577,-0.4418386192,0.0499465157
1471,14.710000,-0.4388002418,0.04438538942,3.815628588e-06,-2.96998769e-06,-2.96998769e-06,1.17328018e-05,0,3.59472e-11,2.82535e-06,0.03815180063,-0.02969552577,-0.439834329,0.05001138397
1472,14.720000,-0.4365184829,0.04447838757,3.815628588e-06,-2.96998769e-06,-2.96998769e-06,1.17328018e-05,0,3.59472e-11,2.82535e-06,0.03815180063,-0.02969552577,-0.4380842937,0.05005768012
1473,14.730000,-0.4348808788,0.04427743517,3.815628588e-06,-2.96998769e-06,-2.96998769e-06,1.17328018e-05,0,3.59472e-11,2.82535e-06,0.03815180063,-0.02969552577,-0.4366524018,0.04965836456
1474,14.740000,-0.4344877414,0.04461803567,3.815628588e-06,-2.96998769e-06,-2.96998769e-06,1.17328018e-05,0,3.59472e-11,2.82535e-06,0.03815180063,-0.02969552577,-0.4355963241,0.04942835344
1475,14.750000,-0.4338437319,0.04478839226,3.815628588e-06,-2.96998769e-06,-2.96998769e-06,1.17328018e-05,0,3.59472e-11,2.82535e-06,0.03815180063,-0.02969552577,-0.434966737,0.04942187662
1476,14.760000,-0.4343073256,0.04488095362,3.815628588e-06,-2.96998769e-06,-2.96998769e-06,1.17328018e-05,0,3.59472e-11,2.82535e-06,0.03815180063,-0.02969552577,-0.4348066294,0.04944242328
1477,14.770000,-0.4341121763,0.0446070889,3.815628588e-06,-2.96998769e-06,-2.96998769e-06,1.17328018e-05,0,3.59472e-11,2.82535e-06,0.03815180063,-0.02969552577,-0.4351507031,0.0499198501
1478,14.780000,-0.435826201,0.04494140763,3.815628588e-06,-2.96998769e-06,-2.96998769e-06,1.17328018e-05,0,3.59472e-11,2.82535e-06,0.03815180063,-0.02969552577,-0.4360248719,0.04938769481
1479,14.790000,-0.4382412508,0.04534695763,3.815628588e-06,-2.96998769e-06,-2.96998769e-06,1.17328018e-05,0,3.59472e-11,2.82535e-06,0.03815180063,-0.02969552577,-0.4374458671,0.04957941165
1480,14.800000,-0.4405371845,0.04555364512,3.815628588e-06,-2.96998769e-06,-2.96998769e-06,1.17328018e-05,0,3.59472e-11,2.82535e-06,0.03815180063,-0.02969552577,-0.4394209523,0.04909308703
1481,14.810000,-0.4437455647,0.04572989792,3.815628588e-06,-2.96998769e-06,-2.96998769e-06,1.17328018e-05,0,3.59472e-11,2.82535e-06,0.03815180063,-0.02969552577,-0.4419477524,0.04908875769
1482,14.820000,-0.4473188445,0.04580729548,3.815628588e-06,-2.96998769e-06,-2.96998769e-06,1.17328018e-05,0,3.59472e-11,2.82535e-06,0.03815180063,-0.02969552577,-0.4450141991,0.04916680251
1483,14.830000,-0.4506421015,0.04554628953,3.815628588e-06,-2.96998769e-06,-2.96998769e-06,1.17328018e-05,0,3.59472e-11,2.82535e-06,0.03815180063,-0.02969552577,-0.4485985915,0.04935015433
1484,14.840000,-0.4554471262,0.0457601836,3.815628588e-06,-2.96998769e-06,-2.96998769e-06,1.17328018e-05,0,3.59472e-11,2.82535e-06,0.03815180063,-0.02969552577,-0.452669775,0.04945737929
1485,14.850000,-0.4597141892,0.04571360908,3.815628588e-06,-2.96998769e-06,-2.96998769e-06,1.17328018e-05,0,3.59472e-11,2.82535e-06,0.03815180063,-0.02969552577,-0.4571874321,0.04951250182
1486,14.860000,-0.4646934345,0.04537231289,3.815628588e-06,-2.96998769e-06,-2.96998769e-06,1.17328018e-05,0,3.59472e-11,2.82535e-06,0.03815180063,-0.02969552577,-0.4621024865,0.0502505458
1487,14.870000,-0.4701445661,0.0451153405,3.815628588e-06,-2.96998769e-06,-2.96998769e-06,1.17328018e-05,0,3.59472e-11,2.82535e-06,0.03815180063,-0.02969552577,-0.4673576123,0.05029426315
1488,14.880000,-0.4753251448,0.04486357141,3.815628588e-06,-2.96998769e-06,-2.96998769e-06,1.17328018e-05,0,3.59472e-11,2.82535e-06,0.03815180063,-0.02969552577,-0.472887845,0.04988450206
1489,14.890000,-0.4814350419,0.04516431503,3.815628588e-06,-2.96998769e-06,-2.96998769e-06,1.17328018e-05,0,3.59472e-11,2.82535e-06,0.03815180063,-0.02969552577,-0.4786212859,0.04998997634
1490,14.900000,-0.4875563011,0.04542191327,3.815628588e-06,-2.96998769e-06,-2.96998769e-06,1.17328018e-05,0,3.59472e-11,2.82535e-06,0.03815180063,-0.02969552577,-0.4844798932,0.05021304962
1491,14.910000,-0.4927694723,0.0455203345,3.815628588e-06,-2.96998769e-06,-2.96998769e-06,1.17328018e-05,0,3.59472e-11,2.82535e-06,0.03815180063,-0.02969552577,-0.4903803499,0.05025709286
1492,14.920000,-0.4976278469,0.04517441522,3.815628588e-06,-2.96998769e-06,-2.96998769e-06,1.17328018e-05,0,3.59472e-11,2.82535e-06,0.03815180063,-0.02969552577,-0.4962349988,0.0502278341
1493,14.930000,-0.5032357164,0.0453506615,3.815628588e-06,-2.96998769e-06,-2.96998769e-06,1.17328018e-05,0,3.59472e-11,2.82535e-06,0.03815180063,-0.02969552577,-0.5019528347,0.050135809
1494,14.940000,-0.5082672462,0.04507720657,3.815628588e-06,-2.96998769e-06,-2.96998769e-06,1.17328018e-05,0,3.59472e-11,2.82535e-06,0.03815180063,-0.02969552577,-0.5074405413,0.04962689402
1495,14.950000,-0.5134458691,0.04521518573,3.815628588e-06,-2.96998769e-06,-2.96998769e-06,1.17328018e-05,0,3.59472e-11,2.82535e-06,0.03815180063,-0.02969552577,-0.512603562,0.04961924038
1496,14.960000,-0.5175516605,0.04487740807,3.815628588e-06,-2.96998769e-06,-2.96998769e-06,1.17328018e-05,0,3.59472e-11,2.82535e-06,0.03815180063,-0.02969552577,-0.5173471916,0.04951442003
1497,14.970000,-0.5218959227,0.0450648712,3.815628588e-06,-2.96998769e-06,-2.96998769e-06,1.17328018e-05,0,3.59472e-11,2.82535e-06,0.03815180063,-0.02969552577,-0.5215776774,0.04869998475
1498,14.980000,-0.5254211538,0.04523816053,3.815628588e-06,-2.96998769e-06,-2.96998769e-06,1.17328018e-05,0,3.59472e-11,2.82535e-06,0.03815180063,-0.02969552577,-0.5252033152,0.04814308133
1499,14.990000,-0.5279419944,0.04511371907,3.815628588e-06,-2.96998769e-06,-2.96998769e-06,1.17328018e-05,0,3.59472e-11,2.82535e-06,0.03815180063,-0.02969552577,-0.5281355306,0.04837996688
1500,15.000000,-0.5299447104,0.04519897141,3.815628588e-06,-2.96998769e-06,-2.96998769e-06,1.17328018e-05,0,3.59472e-11,2.82535e-06,0.03815180063,-0.02969552577,-0.5302899297,0.04873273398
1501,15.010000,-0.5306632593,0.04520596564,3.815628588e-06,-2.96998769e-06,-2.96998769e-06,1.17328018e-05,0,3.59472e-11,2.82535e-06,0.03815180063,-0.02969552577,-0.5315873097,0.04828910548
1502,15.020000,-0.5308745913,0.04541248549,3.815628588e-06,-2.96998769e-06,-2.96998769e-06,1.17328018e-05,0,3.59472e-11,2.82535e-06,0.03815180063,-0.02969552577,-0.531954617,0.04832634085
1503,15.030000,-0.5299539044,0.04529449996,3.815628588e-06,-2.96998769e-06,-2.96998769e-06,1.17328018e-05,0,3.59472e-11,2.82535e-06,0.03815180063,-0.02969552577,-0.5313258408,0.04851367056
1504,15.040000,-0.5284087062,0.0457661422,3.815628588e-06,-2.96998769e-06,-2.96998769e-06,1.17328018e-05,0,3.59472e-11,2.82535e-06,0.03815180063,-0.02969552577,-0.5296428337,0.04858820372
1505,15.050000,-0.5246011093,0.04578474537,3.815628588e-06,-2.96998769e-06,-2.96998769e-06,1.17328018e-05,0,3.59472e-11,2.82535e-06,0.03815180063,-0.02969552577,-0.5268560477,0.04817747261
1506,15.060000,-0.5204115696,0.04591613729,3.815628588e-06,-2.96998769e-06,-2.96998769e-06,1.17328018e-05,0,3.59472e-11,2.82535e-06,0.03815180063,-0.02969552577,-0.5229251785,0.048056756
1507,15.070000,-0.51514991,0.04639897961,3.815628588e-06,-2.96998769e-06,-2.96998769e-06,1.17328018e-05,0,3.59472e-11,2.82535e-06,0.03815180063,-0.02969552577,-0.5178197101,0.04837935552
1508,15.080000,-0.5087230392,0.04681771435,3.815628588e-06,-2.96998769e-06,-2.96998769e-06,1.17328018e-05,0,3.59472e-11,2.82535e-06,0.03815180063,-0.02969552577,-0.5115193528,0.04812721855
1509,15.090000,-0.5007396638,0.04705667123,3.815628588e-06,-2.96998769e-06,-2.96998769e-06,1.17328018e-05,0,3.59472e-11,2.82535e-06,0.03815180063,-0.02969552577,-0.5040143704,0.04843037351
1510,15.100000,-0.4926732071,0.04752157442,3.815628588e-06,-2.96998769e-06,-2.96998769e-06,1.17328018e-05,0,3.59472e-11,2.82535e-06,0.03815180063,-0.02969552577,-0.4953057914,0.04869205139
1511,15.110000,-0.4820394851,0.04746176209,3.815628588e-06,-2.96998769e-06,-2.96998769e-06,1.17328018e-05,0,3.59472e-11,2.82535e-06,0.03815180063,-0.02969552577,-0.4854055022,0.04881562065
1512,15.120000,-0.4711813666,0.04798535258,3.815628588e-06,-2.96998769e-06,-2.96998769e-06,1.17328018e-05,0,3.59472e-11,2.82535e-06,0.03815180063,-0.02969552577,-0.4743362216,0.04864792434
1513,15.130000,-0.4597745053,0.04880397301,3.815628588e-06,-2.96998769e-06,-2.96998769e-06,1.17328018e-05,0,3.59472e-11,2.82535e-06,0.03815180063,-0.02969552577,-0.4621313547,0.04861466052
1514,15.140000,-0.4453441426,0.0488393344,3.815628588e-06,-2.96998769e-06,-2.96998769e-06,1.17328018e-05,0,3.59472e-11,2.82535e-06,0.03815180063,-0.02969552577,-0.4488347298,0.0490895465
1515,15.150000,-0.4311752692,0.049075366,3.815628588e-06,-2.96998769e-06,-2.96998769e-06,1.17328018e-05,0,3.59472e-11,2.82535e-06,0.03815180063,-0.02969552577,-0.4345002195,0.0489566402
1516,15.160000,-0.4163044058,0.04939673003,3.815628588e-06,-2.96998769e-06,-2.96998769e-06,1.17328018e-05,0,3.59472e-11,2.82535e-06,0.03815180063,-0.02969552577,-0.4191912504,0.04922091466
1517,15.170000,-0.3988040462,0.04872146901,3.815628588e-06,-2.96998769e-06,-2.96998769e-06,1.17328018e-05,0,3.59472e-11,2.82535e-06,0.03815180063,-0.02969552577,-0.4029802068,0.04872054921
1518,15.180000,-0.3810861893,0.04888477083,3.815628588e-06,-2.96998769e-06,-2.96998769e-06,1.17328018e-05,0,3.59472e-11,2.82535e-06,0.03815180063,-0.02969552577,-0.3859477353,0.04815921997
1519,15.190000,-0.363330286,0.04907960724,3.815628588e-06,-2.96998769e-06,-2.96998769e-06,1.17328018e-05,0,3.59472e-11,2.82535e-06,0.03815180063,-0.02969552577,-0.3681819566,0.04830084415
1520,15.200000,-0.3452964276,0.04951818287,3.815628588e-06,-2.96998769e-06,-2.96998769e-06,1.17328018e-05,0,3.59472e-11,2.82535e-06,0.03815180063,-0.02969552577,-0.3497775943,0.04798541343
1521,15.210000,-0.3267154284,0.04978759866,3.815628588e-06,-2.96998769e-06,-2.96998769e-06,1.17328018e-05,0,3.59472e-11,2.82535e-06,0.03815180063,-0.02969552577,-0.3308350304,0.04800889515
1522,15.220000,-0.3068629801,0.04981764965,3.815628588e-06,-2.96998769e-06,-2.96998769e-06,1.17328018e-05,0,3.59472e-11,2.82535e-06,0.03815180063,-0.02969552577,-0.3114592966,0.048107739
1523,15.230000,-0.2875058539,0.05026695505,3.815628588e-06,-2.96998769e-06,-2.96998769e-06,1.17328018e-05,0,3.59472e-11,2.82535e-06,0.03815180063,-0.02969552577,-0.2917590145,0.04844318391
1524,15.240000,-0.2680275142,0.05094181281,3.815628588e-06,-2.96998769e-06,-2.96998769e-06,1.17328018e-05,0,3.59472e-11,2.82535e-06,0.03815180063,-0.02969552577,-0.2718452942,0.04837573101
1525,15.250000,-0.2477695793,0.05090638902,3.815628588e-06,-2.96998769e-06,-2.96998769e-06,1.17328018e-05,0,3.59472e-11,2.82535e-06,0.03815180063,-0.02969552577,-0.2518306058,0.04789328206
1526,15.260000,-0.2284225747,0.05135158729,3.815628588e-06,-2.96998769e-06,-2.96998769e-06,1.17328018e-05,0,3.59472e-11,2.82535e-06,0.03815180063,-0.02969552577,-0.2318276345,0.04798002243
1527,15.270000,-0.2094716839,0.05202815868,3.815628588e-06,-2.96998769e-06,-2.96998769e-06,1.17328018e-05,0,3.59472e-11,2.82535e-06,0.03815180063,-0.02969552577,-0.2119481329,0.04763341802
1528,15.280000,-0.1910374686,0.05257390626,3.815628588e-06,-2.96998769e-06,-2.96998769e-06,1.17328018e-05,0,3.59472e-11,2.82535e-06,0.03815180063,-0.02969552577,-0.1923017835,0.04737707749
1529,15.290000,-0.1729710735,0.05280967522,3.815628588e-06,-2.96998769e-06,-2.96998769e-06,1.17328018e-05,0,3.59472e-11,2.82535e-06,0.03815180063,-0.02969552577,-0.1729950827,0.04729385001
1530,15.300000,-0.153977748,0.05256798677,3.815628588e-06,-2.96998769e-06,-2.96998769e-06,1.17328018e-05,0,3.59472e-11,2.82535e-06,0.03815180063,-0.02969552577,-0.1541302606,0.04746881249
1531,15.310000,-0.1352572441,0.0526443636,3.815628588e-06,-2.96998769e-06,-2.96998769e-06,1.17328018e-05,0,3.59472e-11,2.82535e-06,0.03815180063,-0.02969552577,-0.1358042472,0.04771741943
1532,15.320000,-0.1181736961,0.05237061251,3.815628588e-06,-2.96998769e-06,-2.96998769e-06,1.17328018e-05,0,3.59472e-11,2.82535e-06,0.03815180063,-0.02969552577,-0.1181076964,0.04805407833
1533,15.330000,-0.1018370129,0.05219652131,3.815628588e-06,-2.96998769e-06,-2.96998769e-06,1.17328018e-05,0,3.59472e-11,2.82535e-06,0.03815180063,-0.02969552577,-0.10112408,0.04738427006
1534,15.340000,-0.08592308685,0.05215454567,3.815628588e-06,-2.96998769e-06,-2.96998769e-06,1.17328018e-05,0,3.59472e-11,2.82535e-06,0.03815180063,-0.02969552577,-0.08492886017,0.04725333774
1535,15.350000,-0.07137658074,0.05226785596,3.815628588e-06,-2.96998769e-06,-2.96998769e-06,1.17328018e-05,0,3.59472e-11,2.82535e-06,0.03815180063,-0.02969552577,-0.06958875046,0.04719872927
1536,15.360000,-0.05718038231,0.0518134227,3.815628588e-06,-2.96998769e-06,-2.96998769e-06,1.17328018e-05,0,3.59472e-11,2.82535e-06,0.03815180063,-0.02969552577,-0.05516107297,0.04758323714
1537,15.370000,-0.04391522706,0.05180816352,3.815628588e-06,-2.96998769e-06,-2.96998769e-06,1.17328018e-05,0,3.59472e-11,2.82535e-06,0.03815180063,-0.02969552577,-0.04169321934,0.04795219313
1538,15.380000,-0.03231056035,0.05189151503,3.815628588e-06,-2.96998769e-06,-2.96998769e-06,1.17328018e-05,0,3.59472e-11,2.82535e-06,0.03815180063,-0.02969552577,-0.02922222083,0.04762246256
1539,15.390000,-0.02137274295,0.05219476391,3.815628588e-06,-2.96998769e-06,-2.96998769e-06,1.17328018e-05,0,3.59472e-11,2.82535e-06,0.03815180063,-0.02969552577,-0.0177744325,0.04722642568
1540,15.400000,-0.01341967285,0.05318622664,3.815628588e-06,-2.96998769e-06,-2.96998769e-06,1.17328018e-05,0,3.59472e-11,2.82535e-06,0.03815180063,-0.02969552577,-0.007365334784,0.0473581381
1541,15.410000,-0.004263624549,0.05301721301,3.815628588e-06,-2.96998769e-06,-2.96998769e-06,1.17328018e-05,0,3.59472e-11,2.82535e-06,0.03815180063,-0.02969552577,0.002000545562,0.04785104464
1542,15.420000,0.00363945961,0.05283927824,3.815628588e-06,-2.96998769e-06,-2.96998769e-06,1.17328018e-05,0,3.59472e-11,2.82535e-06,0.03815180063,-0.02969552577,0.01032959438,0.048080085
1543,15.430000,0.01090865955,0.05254393537,3.815628588e-06,-2.96998769e-06,-2.96998769e-06,1.17328018e-05,0,3.59472e-11,2.82535e-06,0.03815180063,-0.02969552577,0.01763894956,0.04818779953
1544,15.440000,0.01733204722,0.05219312571,3.815628588e-06,-2.96998769e-06,-2.96998769e-06,1.17328018e-05,0,3.59472e-11,2.82535e-06,0.03815180063,-0.02969552577,0.02395622309,0.04798857134
1545,15.450000,0.02286238596,0.05160502996,3.815628588e-06,-2.96998769e-06,-2.96998769e-06,1.17328018e-05,0,3.59472e-11,2.82535e-06,0.03815180063,-0.02969552577,0.02931910895,0.04818233953
1546,15.460000,0.02687379345,0.05161337554,3.815628588e-06,-2.96998769e-06,-2.96998769e-06,1.17328018e-05,0,3.59472e-11,2.82535e-06,0.03815180063,-0.02969552577,0.03377488154,0.04799719431
1547,15.470000,0.03004264086,0.05138160102,3.815628588e-06,-2.96998769e-06,-2.96998769e-06,1.17328018e-05,0,3.59472e-11,2.82535e-06,0.03815180063,-0.02969552577,0.03737979045,0.04816303382
1548,15.480000,0.03285546601,0.05129058473,3.815628588e-06,-2.96998769e-06,-2.96998769e-06,1.17328018e-05,0,3.59472e-11,2.82535e-06,0.03815180063,-0.02969552577,0.04019835857,0.04866963054
1549,15.490000,0.03481103107,0.05090179946,3.815628588e-06,-2.96998769e-06,-2.96998769e-06,1.17328018e-05,0,3.59472e-11,2.82535e-06,0.03815180063,-0.02969552577,0.04230259174,0.04823543083
1550,15.500000,0.03580360487,0.05095618404,3.815628588e-06,-2.96998769e-06,-2.96998769e-06,1.17328018e-05,0,3.59472e-11,2.82535e-06,0.03815180063,-0.02969552577,0.04377110884,0.04802623064
1551,15.510000,0.0366743803,0.05075698812,3.815628588e-06,-2.96998769e-06,-2.96998769e-06,1.17328018e-05,0,3.59472e-11,2.82535e-06,0.03815180063,-0.02969552577,0.04468820257,0.04831832918
1552,15.520000,0.03685590997,0.05105547234,3.815628588e-06,-2.96998769e-06,-2.96998769e-06,1.17328018e-05,0,3.59472e-11,2.82535e-06,0.03815180063,-0.02969552577,0.04514284135,0.04833390021
1553,15.530000,0.03756717592,0.05029345118,3.815628588e-06,-2.96998769e-06,-2.96998769e-06,1.17328018e-05,0,3.59472e-11,2.82535e-06,0.03815180063,-0.02969552577,0.04522762406,0.04894288917
1554,15.540000,0.03710330278,0.05044914968,3.815628588e-06,-2.96998769e-06,-2.96998769e-06,1.17328018e-05,0,3.59472e-11,2.82535e-06,0.03815180063,-0.02969552577,0.04503769931,0.04922949288
1555,15.550000,0.03751147166,0.04983030353,3.815628588e-06,-2.96998769e-06,-2.96998769e-06,1.17328018e-05,0,3.59472e-11,2.82535e-06,0.03815180063,-0.02969552577,0.04466966172,0.04939158519
1556,15.560000,0.03760392591,0.04966013692,3.815628588e-06,-2.96998769e-06,-2.96998769e-06,1.17328018e-05,0,3.59472e-11,2.82535e-06,0.03815180063,-0.02969552577,0.04422043764,0.04933018606
1557,15.570000,0.03722912446,0.04967275914,3.815628588e-06,-2.96998769e-06,-2.96998769e-06,1.17328018e-05,0,3.59472e-11,2.82535e-06,0.03815180063,-0.02969552577,0.04378617309,0.04884737656
1558,15.580000,0.03697733209,0.0497747343,3.815628588e-06,-2.96998769e-06,-2.96998769e-06,1.17328018e-05,0,3.59472e-11,2.82535e-06,0.03815180063,-0.02969552577,0.04346113643,0.04945228963
1559,15.590000,0.03747199848,0.04919670429,3.815628588e-06,-2.96998769e-06,-2.96998769e-06,1.17328018e-05,0,3.59472e-11,2.82535e-06,0.03815180063,-0.02969552577,0.04333664829,0.04970494274
1560,15.600000,0.03789248317,0.04899089877,3.815628588e-06,-2.96998769e-06,-2.96998769e-06,1.17328018e-05,0,3.59472e-11,2.82535e-06,0.03815180063,-0.02969552577,0.04350005081,0.04984839477
1561,15.610000,0.039535027,0.04820535984,3.815628588e-06,-2.96998769e-06,-2.96998769e-06,1.17328018e-05,0,3.59472e-11,2.82535e-06,0.03815180063,-0.02969552577,0.04403372788,0.04961883527
1562,15.620000,0.04041783512,0.04785514157,3.815628588e-06,-2.96998769e-06,-2.96998769e-06,1.17328018e-05,0,3.59472e-11,2.82535e-06,0.03815180063,-0.02969552577,0.04501418732,0.0497930871
1563,15.630000,0.04194726422,0.04806569964,3.815628588e-06,-2.96998769e-06,-2.96998769e-06,1.17328018e-05,0,3.59472e-11,2.82535e-06,0.03815180063,-0.02969552577,0.04651121558,0.04934978753
1564,15.640000,0.04485815391,0.04778196663,3.815628588e-06,-2.96998769e-06,-2.96998769e-06,1.17328018e-05,0,3.59472e-11,2.82535e-06,0.03815180063,-0.02969552577,0.04858711403,0.04917047464
1565,15.650000,0.04728303477,0.04827827122,3.815628588e-06,-2.96998769e-06,-2.96998769e-06,1.17328018e-05,0,3.59472e-11,2.82535e-06,0.03815180063,-0.02969552577,0.05129602584,0.04935524015
1566,15.660000,0.05109231547,0.04842894059,3.815628588e-06,-2.96998769e-06,-2.96998769e-06,1.17328018e-05,0,3.59472e-11,2.82535e-06,0.03815180063,-0.02969552577,0.05468336061,0.04956656991
1567,15.670000,0.05501224101,0.04863397777,3.815628588e-06,-2.96998769e-06,-2.96998769e-06,1.17328018e-05,0,3.59472e-11,2.82535e-06,0.03815180063,-0.02969552577,0.05878532324,0.04944522401
1568,15.680000,0.06179484352,0.04771404155,3.815628588e-06,-2.96998769e-06,-2.96998769e-06,1.17328018e-05,0,3.59472e-11,2.82535e-06,0.03815180063,-0.02969552577,0.0636285522,0.04924765706
1569,15.690000,0.06792609766,0.04787740763,3.815628588e-06,-2.96998769e-06,-2.96998769e-06,1.17328018e-05,0,3.59472e-11,2.82535e-06,0.03815180063,-0.02969552577,0.06922987112,0.04926031204
1570,15.700000,0.07493914291,0.04773587827,3.815628588e-06,-2.96998769e-06,-2.96998769e-06,1.17328018e-05,0,3.59472e-11,2.82535e-06,0.03815180063,-0.02969552577,0.07559615623,0.0488098923
1571,15.710000,0.08206173033,0.04818647727,3.815628588e-06,-2.96998769e-06,-2.96998769e-06,1.17328018e-05,0,3.59472e-11,2.82535e-06,0.03815180063,-0.02969552577,0.08272432099,0.04850503457
1572,15.720000,0.09072812274,0.04763689172,3.815628588e-06,-2.96998769e-06,-2.96998769e-06,1.17328018e-05,0,3.59472e-11,2.82535e-06,0.03815180063,-0.02969552577,0.09060141783,0.04865377058
1573,15.730000,0.09919983149,0.04808320664,3.815628588e-06,-2.96998769e-06,-2.96998769e-06,1.17328018e-05,0,3.59472e-11,2.82535e-06,0.03815180063,-0.02969552577,0.09920485547,0.04887980804
1574,15.740000,0.1087156422,0.04790957365,3.815628588e-06,-2.96998769e-06,-2.96998769e-06,1.17328018e-05,0,3.59472e-11,2.82535e-06,0.03815180063,-0.02969552577,0.1085027293,0.04884727593
1575,15.750000,0.1190471686,0.04799827188,3.815628588e-06,-2.96998769e-06,-2.96998769e-06,1.17328018e-05,0,3.59472e-11,2.82535e-06,0.03815180063,-0.02969552577,0.1184542604,0.04871584953
1576,15.760000,0.1289724,0.04844845831,3.815628588e-06,-2.96998769e-06,-2.96998769e-06,1.17328018e-05,0,3.59472e-11,2.82535e-06,0.03815180063,-0.02969552577,0.1290103384,0.04866908629
1577,15.770000,0.139965754,0.048775943,3.815628588e-06,-2.96998769e-06,-2.96998769e-06,1.17328018e-05,0,3.59472e-11,2.82535e-06,0.03815180063,-0.02969552577,0.1401141614,0.04911867767
1578,15.780000,0.1510927379,0.04912967142,3.815628588e-06,-2.96998769e-06,-2.96998769e-06,1.17328018e-05,0,3.59472e-11,2.82535e-06,0.03815180063,-0.02969552577,0.1517019651,0.04912578972
1579,15.790000,0.1637988649,0.04875083826,3.815628588e-06,-2.96998769e-06,-2.96998769e-06,1.17328018e-05,0,3.59472e-11,2.82535e-06,0.03815180063,-0.02969552577,0.1637038329,0.04963965399
1580,15.800000,0.1757708006,0.04900875967,3.815628588e-06,-2.96998769e-06,-2.96998769e-06,1.17328018e-05,0,3.59472e-11,2.82535e-06,0.03815180063,-0.02969552577,0.1760445781,0.04958155585
1581,15.810000,0.1881763637,0.04921651538,3.815628588e-06,-2.96998769e-06,-2.96998769e-06,1.17328018e-05,0,3.59472e-11,2.82535e-06,0.03815180063,-0.02969552577,0.1886446857,0.04969091133
1582,15.820000,0.2014171667,0.04895552341,3.815628588e-06,-2.96998769e-06,-2.96998769e-06,1.17328018e-05,0,3.59472e-11,2.82535e-06,0.03815180063,-0.02969552577,0.2014213053,0.04954462772
1583,15.830000,0.2135730274,0.04958779272,3.815628588e-06,-2.96998769e-06,-2.96998769e-06,1.17328018e-05,0,3.59472e-11,2.82535e-06,0.03815180063,-0.02969552577,0.2142892819,0.04953850209
1584,15.840000,0.226023566,0.04968529195,3.815628588e-06,-2.96998769e-06,-2.96998769e-06,1.17328018e-05,0,3.59472e-11,2.82535e-06,0.03815180063,-0.02969552577,0.2271622124,0.04968911487
1585,15.850000,0.2385633327,0.04951376561,3.815628588e-06,-2.96998769e-06,-2.96998769e-06,1.17328018e-05,0,3.59472e-11,2.82535e-06,0.03815180063,-0.02969552577,0.2399535171,0.04894858156
1586,15.860000,0.251033444,0.04954224918,3.815628588e-06,-2.96998769e-06,-2.96998769e-06,1.17328018e-05,0,3.59472e-11,2.82535e-06,0.03815180063,-0.02969552577,0.2525775116,0.04905062604
1587,15.870000,0.2633090727,0.04943463113,3.815628588e-06,-2.96998769e-06,-2.96998769e-06,1.17328018e-05,0,3.59472e-11,2.82535e-06,0.03815180063,-0.02969552577,0.2649504677,0.04900507172
1588,15.880000,0.2750093751,0.04925434571,3.815628588e-06,-2.96998769e-06,-2.96998769e-06,1.17328018e-05,0,3.59472e-11,2.82535e-06,0.03815180063,-0.02969552577,0.2769916512,0.04898704064
1589,15.890000,0.2869375683,0.04876832012,3.815628588e-06,-2.96998769e-06,-2.96998769e-06,1.17328018e-05,0,3.59472e-11,2.82535e-06,0.03815180063,-0.02969552577,0.288624323,0.04852396573
1590,15.900000,0.2971656583,0.04897197057,3.815628588e-06,-2.96998769e-06,-2.96998769e-06,1.17328018e-05,0,3.59472e-11,2.82535e-06,0.03815180063,-0.02969552577,0.299776694,0.04850360548
1591,15.910000,0.3082852587,0.04830005486,3.815628588e-06,-2.96998769e-06,-2.96998769e-06,1.17328018e-05,0,3.59472e-11,2.82535e-06,0.03815180063,-0.02969552577,0.3103828205,0.04879507778
1592,15.920000,0.3183192424,0.04804360587,3.815628588e-06,-2.96998769e-06,-2.96998769e-06,1.17328018e-05,0,3.59472e-11,2.82535e-06,0.03815180063,-0.02969552577,0.3203834305,0.04912500248
1593,15.930000,0.3276539557,0.047731,3.815628588e-06,-2.96998769e-06,-2.96998769e-06,1.17328018e-05,0,3.59472e-11,2.82535e-06,0.03815180063,-0.02969552577,0.3297266719,0.0489891981
1594,15.940000,0.3363098577,0.04755046964,3.815628588e-06,-2.96998769e-06,-2.96998769e-06,1.17328018e-05,0,3.59472e-11,2.82535e-06,0.03815180063,-0.02969552577,0.3383687722,0.04864643824
1595,15.950000,0.3446662761,0.04727501236,3.815628588e-06,-2.96998769e-06,-2.96998769e-06,1.17328018e-05,0,3.59472e-11,2.82535e-06,0.03815180063,-0.02969552577,0.3462746035,0.04821171624
1596,15.960000,0.3520094231,0.04683104437,3.815628588e-06,-2.96998769e-06,-2.96998769e-06,1.17328018e-05,0,3.59472e-11,2.82535e-06,0.03815180063,-0.02969552577,0.3534181451,0.048823731
1597,15.970000,0.3582925461,0.04640344996,3.815628588e-06,-2.96998769e-06,-2.96998769e-06,1.17328018e-05,0,3.59472e-11,2.82535e-06,0.03815180063,-0.02969552577,0.3597828382,0.0488840718
1598,15.980000,0.3631273955,0.04670237191,3.815628588e-06,-2.96998769e-06,-2.96998769e-06,1.17328018e-05,0,3.59472e-11,2.82535e-06,0.03815180063,-0.02969552577,0.3653618297,0.04846999796
1599,15.990000,0.3671244904,0.04645568784,3.815628588e-06,-2.96998769e-06,-2.96998769e-06,1.17328018e-05,0,3.59472e-11,2.82535e-06,0.03815180063,-0.02969552577,0.3701581,0.04921689425
1600,16.000000,0.3705955334,0.04638198949,3.815628588e-06,-2.96998769e-06,-2.96998769e-06,1.17328018e-05,0,3.59472e-11,2.82535e-06,0.03815180063,-0.02969552577,0.3741844749,0.04930792858
1601,16.010000,0.3739808016,0.04600242805,3.815628588e-06,-2.96998769e-06,-2.96998769e-06,1.17328018e-05,0,3.59472e-11,2.82535e-06,0.03815180063,-0.02969552577,0.3774635204,0.04928461296
1602,16.020000,0.3761246614,0.04603167251,3.815628588e-06,-2.96998769e-06,-2.96998769e-06,1.17328018e-05,0,3.59472e-11,2.82535e-06,0.03815180063,-0.02969552577,0.3800273217,0.04930018992
1603,16.030000,0.3789376915,0.04550084751,3.815628588e-06,-2.96998769e-06,-2.96998769e-06,1.17328018e-05,0,3.59472e-11,2.82535e-06,0.03815180063,-0.02969552577,0.3819171488,0.04969177395
1604,16.040000,0.3797765262,0.04556975514,3.815628588e-06,-2.96998769e-06,-2.96998769e-06,1.17328018e-05,0,3.59472e-11,2.82535e-06,0.03815180063,-0.02969552577,0.3831830122,0.04989992735
1605,16.050000,0.3807182275,0.04542122036,3.815628588e-06,-2.96998769e-06,-2.96998769e-06,1.17328018e-05,0,3.59472e-11,2.82535e-06,0.03815180063,-0.02969552577,0.3838831133,0.05009526851
1606,16.060000,0.3807046972,0.04548480827,3.815628588e-06,-2.96998769e-06,-2.96998769e-06,1.17328018e-05,0,3.59472e-11,2.82535e-06,0.03815180063,-0.02969552577,0.3840831967,0.05022178316
1607,16.070000,0.3802592084,0.04535645526,3.815628588e-06,-2.96998769e-06,-2.96998769e-06,1.17328018e-05,0,3.59472e-11,2.82535e-06,0.03815180063,-0.02969552577,0.3838558107,0.05013262035
1608,16.080000,0.3792048283,0.04549308866,3.815628588e-06,-2.96998769e-06,-2.96998769e-06,1.17328018e-05,0,3.59472e-11,2.82535e-06,0.03815180063,-0.02969552577,0.3832794841,0.05015021439
1609,16.090000,0.3784371205,0.04526545759,3.815628588e-06,-2.96998769e-06,-2.96998769e-06,1.17328018e-05,0,3.59472e-11,2.82535e-06,0.03815180063,-0.02969552577,0.3824378302,0.05029867558
1610,16.100000,0.3778503165,0.04501335602,3.815628588e-06,-2.96998769e-06,-2.96998769e-06,1.17328018e-05,0,3.59472e-11,2.82535e-06,0.03815180063,-0.02969552577,0.3814185862,0.05040418955
1611,16.110000,0.3771777041,0.04473733623,3.815628588e-06,-2.96998769e-06,-2.96998769e-06,1.17328018e-05,0,3.59472e-11,2.82535e-06,0.03815180063,-0.02969552577,0.3803126002,0.05052205824
1612,16.120000,0.3773451969,0.04395831749,3.815628588e-06,-2.96998769e-06,-2.96998769e-06,1.17328018e-05,0,3.59472e-11,2.82535e-06,0.03815180063,-0.02969552577,0.3792127769,0.05040660216
1613,16.130000,0.3764528967,0.04412536416,3.815628588e-06,-2.96998769e-06,-2.96998769e-06,1.17328018e-05,0,3.59472e-11,2.82535e-06,0.03815180063,-0.02969552577,0.3782129942,0.05025029573
1614,16.140000,0.3761226311,0.0437181145,3.815628588e-06,-2.96998769e-06,-2.96998769e-06,1.17328018e-05,0,3.59472e-11,2.82535e-06,0.03815180063,-0.02969552577,0.3774070022,0.05077283574
1615,16.150000,0.3763011955,0.04353482183,3.815628588e-06,-2.96998769e-06,-2.96998769e-06,1.17328018e-05,0,3.59472e-11,2.82535e-06,0.03815180063,-0.02969552577,0.376887319,0.05106895381
1616,16.160000,0.3757701218,0.04419028759,3.815628588e-06,-2.96998769e-06,-2.96998769e-06,1.17328018e-05,0,3.59472e-11,2.82535e-06,0.03815180063,-0.02969552577,0.3767441339,0.05129749788
1617,16.170000,0.3758010641,0.04455251805,3.815628588e-06,-2.96998769e-06,-2.96998769e-06,1.17328018e-05,0,3.59472e-11,2.82535e-06,0.03815180063,-0.02969552577,0.3770642318,0.05138426046
1618,16.180000,0.377238892,0.04462690558,3.815628588e-06,-2.96998769e-06,-2.96998769e-06,1.17328018e-05,0,3.59472e-11,2.82535e-06,0.03815180063,-0.02969552577,0.3779299509,0.0511482654
1619,16.190000,0.3790660501,0.04429345299,3.815628588e-06,-2.96998769e-06,-2.96998769e-06,1.17328018e-05,0,3.59472e-11,2.82535e-06,0.03815180063,-0.02969552577,0.3794181853,0.0510362488
1620,16.200000,0.3822324984,0.04390142485,3.815628588e-06,-2.96998769e-06,-2.96998769e-06,1.17328018e-05,0,3.59472e-11,2.82535e-06,0.03815180063,-0.02969552577,0.3815994448,0.05089590053
1621,16.210000,0.3857300095,0.04361438937,3.815628588e-06,-2.96998769e-06,-2.96998769e-06,1.17328018e-05,0,3.59472e-11,2.82535e-06,0.03815180063,-0.02969552577,0.3845369815,0.05118504236
1622,16.220000,0.3896601833,0.04405287933,3.815628588e-06,-2.96998769e-06,-2.96998769e-06,1.17328018e-05,0,3.59472e-11,2.82535e-06,0.03815180063,-0.02969552577,0.3882859944,0.05140799678
1623,16.230000,0.3944794387,0.04419451393,3.815628588e-06,-2.96998769e-06,-2.96998769e-06,1.17328018e-05,0,3.59472e-11,2.82535e-06,0.03815180063,-0.02969552577,0.3928929214,0.05117070508
1624,16.240000,0.40131272,0.044129733,3.815628588e-06,-2.96998769e-06,-2.96998769e-06,1.17328018e-05,0,3.59472e-11,2.82535e-06,0.03815180063,-0.02969552577,0.3983948251,0.05111561839
1625,16.250000,0.407526277,0.04442731198,3.815628588e-06,-2.96998769e-06,-2.96998769e-06,1.17328018e-05,0,3.59472e-11,2.82535e-06,0.03815180063,-0.02969552577,0.4048188818,0.05142736375
1626,16.260000,0.4151606634,0.04456080496,3.815628588e-06,-2.96998769e-06,-2.96998769e-06,1.17328018e-05,0,3.59472e-11,2.82535e-06,0.03815180063,-0.02969552577,0.4121819787,0.0513820429
1627,16.270000,0.4240306653,0.04476289544,3.815628588e-06,-2.96998769e-06,-2.96998769e-06,1.17328018e-05,0,3.59472e-11,2.82535e-06,0.03815180063,-0.02969552577,0.4204904242,0.05141438227
1628,16.280000,0.4334826022,0.04508874286,3.815628588e-06,-2.96998769e-06,-2.96998769e-06,1.17328018e-05,0,3.59472e-11,2.82535e-06,0.03815180063,-0.02969552577,0.4297397744,0.05110952606
1629,16.290000,0.4440133162,0.04510566872,3.815628588e-06,-2.96998769e-06,-2.96998769e-06,1.17328018e-05,0,3.59472e-11,2.82535e-06,0.03815180063,-0.02969552577,0.439914779,0.05121058896
1630,16.300000,0.4553198442,0.04522834159,3.815628588e-06,-2.96998769e-06,-2.96998769e-06,1.17328018e-05,0,3.59472e-11,2.82535e-06,0.03815180063,-0.02969552577,0.4509894464,0.05108813654
1631,16.310000,0.4675678015,0.04508276377,3.815628588e-06,-2.96998769e-06,-2.96998769e-06,1.17328018e-05,0,3.59472e-11,2.82535e-06,0.03815180063,-0.02969552577,0.4629272291,0.05124194077
1632,16.320000,0.4809947722,0.04497998953,3.815628588e-06,-2.96998769e-06,-2.96998769e-06,1.17328018e-05,0,3.59472e-11,2.82535e-06,0.03815180063,-0.02969552577,0.4756813248,0.05098133482
1633,16.330000,0.4948079549,0.04497698322,3.815628588e-06,-2.96998769e-06,-2.96998769e-06,1.17328018e-05,0,3.59472e-11,2.82535e-06,0.03815180063,-0.02969552577,0.4891950934,0.05123426465
1634,16.340000,0.5093273483,0.04502665345,3.815628588e-06,-2.96998769e-06,-2.96998769e-06,1.17328018e-05,0,3.59472e-11,2.82535e-06,0.03815180063,-0.02969552577,0.5034025831,0.05164892467
1635,16.350000,0.524753727,0.04493754078,3.815628588e-06,-2.96998769e-06,-2.96998769e-06,1.17328018e-05,0,3.59472e-11,2.82535e-06,0.03815180063,-0.02969552577,0.5182291602,0.05128496601
1636,16.360000,0.540212471,0.04558507632,3.815628588e-06,-2.96998769e-06,-2.96998769e-06,1.17328018e-05,0,3.59472e-11,2.82535e-06,0.03815180063,-0.02969552577,0.5335922372,0.05143584614
1637,16.370000,0.5559972301,0.04599322006,3.815628588e-06,-2.96998769e-06,-2.96998769e-06,1.17328018e-05,0,3.59472e-11,2.82535e-06,0.03815180063,-0.02969552577,0.5494020889,0.05123387008
1638,16.380000,0.5720849,0.04593635723,3.815628588e-06,-2.96998769e-06,-2.96998769e-06,1.17328018e-05,0,3.59472e-11,2.82535e-06,0.03815180063,-0.02969552577,0.5655627499,0.05173560823
1639,16.390000,0.5886621736,0.04594820272,3.815628588e-06,-2.96998769e-06,-2.96998769e-06,1.17328018e-05,0,3.59472e-11,2.82535e-06,0.03815180063,-0.02969552577,0.5819729817,0.05209142199
1640,16.400000,0.6047878712,0.04649839737,3.815628588e-06,-2.96998769e-06,-2.96998769e-06,1.17328018e-05,0,3.59472e-11,2.82535e-06,0.03815180063,-0.02969552577,0.5985273001,0.05205941066
1641,16.410000,0.621800717,0.04659814015,3.815628588e-06,-2.96998769e-06,-2.96998769e-06,1.17328018e-05,0,3.59472e-11,2.82535e-06,0.03815180063,-0.02969552577,0.6151170499,0.05227235938
1642,16.420000,0.6384042427,0.04667700548,3.815628588e-06,-2.96998769e-06,-2.96998769e-06,1.17328018e-05,0,3.59472e-11,2.82535e-06,0.03815180063,-0.02969552577,0.6316315172,0.05205456345
1643,16.430000,0.6543275528,0.04657002538,3.815628588e-06,-2.96998769e-06,-2.96998769e-06,1.17328018e-05,0,3.59472e-11,2.82535e-06,0.03815180063,-0.02969552577,0.6479590649,0.05206419398
1644,16.440000,0.6697884239,0.0470182756,3.815628588e-06,-2.96998769e-06,-2.96998769e-06,1.17328018e-05,0,3.59472e-11,2.82535e-06,0.03815180063,-0.02969552577,0.66398828,0.05206808176
1645,16.450000,0.6846764199,0.04716689605,3.815628588e-06,-2.96998769e-06,-2.96998769e-06,1.17328018e-05,0,3.59472e-11,2.82535e-06,0.03815180063,-0.02969552577,0.6796091193,0.05206843218
1646,16.460000,0.6992605738,0.04728549346,3.815628588e-06,-2.96998769e-06,-2.96998769e-06,1.17328018e-05,0,3.59472e-11,2.82535e-06,0.03815180063,-0.02969552577,0.6947140412,0.05225090241
1647,16.470000,0.7134939507,0.04720863421,3.815628588e-06,-2.96998769e-06,-2.96998769e-06,1.17328018e-05,0,3.59472e-11,2.82535e-06,0.03815180063,-0.02969552577,0.7091991111,0.05263633547
1648,16.480000,0.7273251601,0.04693548009,3.815628588e-06,-2.96998769e-06,-2.96998769e-06,1.17328018e-05,0,3.59472e-11,2.82535e-06,0.03815180063,-0.02969552577,0.7229650676,0.05280227148
1649,16.490000,0.7401328608,0.04682835471,3.815628588e-06,-2.96998769e-06,-2.96998769e-06,1.17328018e-05,0,3.59472e-11,2.82535e-06,0.03815180063,-0.02969552577,0.7359183382,0.05261369744
1650,16.500000,0.7518091984,0.04708202928,3.815628588e-06,-2.96998769e-06,-2.96998769e-06,1.17328018e-05,0,3.59472e-11,2.82535e-06,0.03815180063,-0.02969552577,0.7479719926,0.05283505848
1651,16.510000,0.7612697445,0.04761034064,3.815628588e-06,-2.96998769e-06,-2.96998769e-06,1.17328018e-05,0,3.59472e-11,2.82535e-06,0.03815180063,-0.02969552577,0.7590466241,0.05248268445
1652,16.520000,0.7703461349,0.04772172309,3.815628588e-06,-2.96998769e-06,-2.96998769e-06,1.17328018e-05,0,3.59472e-11,2.82535e-06,0.03815180063,-0.02969552577,0.7690711486,0.05230395651
1653,16.530000,0.7796650827,0.04719026666,3.815628588e-06,-2.96998769e-06,-2.96998769e-06,1.17328018e-05,0,3.59472e-11,2.82535e-06,0.03815180063,-0.02969552577,0.7779835117,0.05218271531
1654,16.540000,0.7869433202,0.04690827522,3.815628588e-06,-2.96998769e-06,-2.96998769e-06,1.17328018e-05,0,3.59472e-11,2.82535e-06,0.03815180063,-0.02969552577,0.7857312982,0.05233788151
1655,16.550000,0.7921350487,0.04717608448,3.815628588e-06,-2.96998769e-06,-2.96998769e-06,1.17328018e-05,0,3.59472e-11,2.82535e-06,0.03815180063,-0.02969552577,0.7922722353,0.05211615431
1656,16.560000,0.7966134436,0.04710756987,3.815628588e-06,-2.96998769e-06,-2.96998769e-06,1.17328018e-05,0,3.59472e-11,2.82535e-06,0.03815180063,-0.02969552577,0.7975745848,0.05221429888
1657,16.570000,0.7994213179,0.04700101167,3.815628588e-06,-2.96998769e-06,-2.96998769e-06,1.17328018e-05,0,3.59472e-11,2.82535e-06,0.03815180063,-0.02969552577,0.8016174204,0.05173615642
1658,16.580000,0.8021641038,0.04673537333,3.815628588e-06,-2.96998769e-06,-2.96998769e-06,1.17328018e-05,0,3.59472e-11,2.82535e-06,0.03815180063,-0.02969552577,0.8043907868,0.05173498668
1659,16.590000,0.8027865663,0.04733623471,3.815628588e-06,-2.96998769e-06,-2.96998769e-06,1.17328018e-05,0,3.59472e-11,2.82535e-06,0.03815180063,-0.02969552577,0.8058957391,0.0517866371
1660,16.600000,0.8016777858,0.04796739202,3.815628588e-06,-2.96998769e-06,-2.96998769e-06,1.17328018e-05,0,3.59472e-11,2.82535e-06,0.03815180063,-0.02969552577,0.8061442621,0.05196524556
1661,16.610000,0.7991605289,0.04866424575,3.815628588e-06,-2.96998769e-06,-2.96998769e-06,1.17328018e-05,0,3.59472e-11,2.82535e-06,0.03815180063,-0.02969552577,0.8051590709,0.05164687886
1662,16.620000,0.7978622988,0.04793837387,3.815628588e-06,-2.96998769e-06,-2.96998769e-06,1.17328018e-05,0,3.59472e-11,2.82535e-06,0.03815180063,-0.02969552577,0.8029732958,0.05191308672
1663,16.630000,0.794657506,0.04767122585,3.815628588e-06,-2.96998769e-06,-2.96998769e-06,1.17328018e-05,0,3.59472e-11,2.82535e-06,0.03815180063,-0.02969552577,0.7996300531,0.05175173762
1664,16.640000,0.7897245213,0.04764016904,3.815628588e-06,-2.96998769e-06,-2.96998769e-06,1.17328018e-05,0,3.59472e-11,2.82535e-06,0.03815180063,-0.02969552577,0.7951819104,0.05173690889
1665,16.650000,0.784177199,0.04699848872,3.815628588e-06,-2.96998769e-06,-2.96998769e-06,1.17328018e-05,0,3.59472e-11,2.82535e-06,0.03815180063,-0.02969552577,0.7896902489,0.0513348112
1666,16.660000,0.7771743238,0.04691609461,3.815628588e-06,-2.96998769e-06,-2.96998769e-06,1.17328018e-05,0,3.59472e-11,2.82535e-06,0.03815180063,-0.02969552577,0.7832245328,0.05111844827
1667,16.670000,0.7687217146,0.04732637759,3.815628588e-06,-2.96998769e-06,-2.96998769e-06,1.17328018e-05,0,3.59472e-11,2.82535e-06,0.03815180063,-0.02969552577,0.7758614932,0.05082680638
1668,16.680000,0.7609212883,0.04689745978,3.815628588e-06,-2.96998769e-06,-2.96998769e-06,1.17328018e-05,0,3.59472e-11,2.82535e-06,0.03815180063,-0.02969552577,0.7676842357,0.05075889729
1669,16.690000,0.7513056248,0.04670421872,3.815628588e-06,-2.96998769e-06,-2.96998769e-06,1.17328018e-05,0,3.59472e-11,2.82535e-06,0.03815180063,-0.02969552577,0.7587812823,0.05119396271
1670,16.700000,0.741904594,0.04643158708,3.815628588e-06,-2.96998769e-06,-2.96998769e-06,1.17328018e-05,0,3.59472e-11,2.82535e-06,0.03815180063,-0.02969552577,0.7492455588,0.05097832499
1671,16.710000,0.732067775,0.04599830322,3.815628588e-06,-2.96998769e-06,-2.96998769e-06,1.17328018e-05,0,3.59472e-11,2.82535e-06,0.03815180063,-0.02969552577,0.7391733391,0.05075267479
1672,16.720000,0.7210110836,0.04621472582,3.815628588e-06,-2.96998769e-06,-2.96998769e-06,1.17328018e-05,0,3.59472e-11,2.82535e-06,0.03815180063,-0.02969552577,0.7286631573,0.05084984182
1673,16.730000,0.7099697739,0.04590273276,3.815628588e-06,-2.96998769e-06,-2.96998769e-06,1.17328018e-05,0,3.59472e-11,2.82535e-06,0.03815180063,-0.02969552577,0.7178147031,0.05036732333
1674,16.740000,0.69907251,0.04577286355,3.815628588e-06,-2.96998769e-06,-2.96998769e-06,1.17328018e-05,0,3.59472e-11,2.82535e-06,0.03815180063,-0.02969552577,0.7067277088,0.05045136964
1675,16.750000,0.6885154583,0.04518915899,3.815628588e-06,-2.96998769e-06,-2.96998769e-06,1.17328018e-05,0,3.59472e-11,2.82535e-06,0.03815180063,-0.02969552577,0.6955008448,0.05127152094
1676,16.760000,0.6773403957,0.04533158056,3.815628588e-06,-2.96998769e-06,-2.96998769e-06,1.17328018e-05,0,3.59472e-11,2.82535e-06,0.03815180063,-0.02969552577,0.684230633,0.05102017049
1677,16.770000,0.6663571186,0.04541803524,3.815628588e-06,-2.96998769e-06,-2.96998769e-06,1.17328018e-05,0,3.59472e-11,2.82535e-06,0.03815180063,-0.02969552577,0.6730103921,0.05130896051
1678,16.780000,0.6560652964,0.04507421795,3.815628588e-06,-2.96998769e-06,-2.96998769e-06,1.17328018e-05,0,3.59472e-11,2.82535e-06,0.03815180063,-0.02969552577,0.6619292259,0.05141450051
1679,16.790000,0.6451866478,0.04500849638,3.815628588e-06,-2.96998769e-06,-2.96998769e-06,1.17328018e-05,0,3.59472e-11,2.82535e-06,0.03815180063,-0.02969552577,0.6510710671,0.05129966089
1680,16.800000,0.6350578554,0.0447947653,3.815628588e-06,-2.96998769e-06,-2.96998769e-06,1.17328018e-05,0,3.59472e-11,2.82535e-06,0.03815180063,-0.02969552577,0.6405137861,0.05105304551
1681,16.810000,0.6251093484,0.04471435677,3.815628588e-06,-2.96998769e-06,-2.96998769e-06,1.17328018e-05,0,3.59472e-11,2.82535e-06,0.03815180063,-0.02969552577,0.6303283755,0.05108020735
1682,16.820000,0.6157846861,0.04424647801,3.815628588e-06,-2.96998769e-06,-2.96998769e-06,1.17328018e-05,0,3.59472e-11,2.82535e-06,0.03815180063,-0.02969552577,0.6205782194,0.05101378736
1683,16.830000,0.6063550822,0.04481595289,3.815628588e-06,-2.96998769e-06,-2.96998769e-06,1.17328018e-05,0,3.59472e-11,2.82535e-06,0.03815180063,-0.02969552577,0.6113184561,0.05071642775
1684,16.840000,0.597310055,0.04534810316,3.815628588e-06,-2.96998769e-06,-2.96998769e-06,1.17328018e-05,0,3.59472e-11,2.82535e-06,0.03815180063,-0.02969552577,0.6025954402,0.05038193059
1685,16.850000,0.5896118581,0.04517962039,3.815628588e-06,-2.96998769e-06,-2.96998769e-06,1.17328018e-05,0,3.59472e-11,2.82535e-06,0.03815180063,-0.02969552577,0.5944463107,0.04999648049
1686,16.860000,0.5818258971,0.04539736547,3.815628588e-06,-2.96998769e-06,-2.96998769e-06,1.17328018e-05,0,3.59472e-11,2.82535e-06,0.03815180063,-0.02969552577,0.5868986708,0.05046050606
1687,16.870000,0.5750058852,0.04560319893,3.815628588e-06,-2.96998769e-06,-2.96998769e-06,1.17328018e-05,0,3.59472e-11,2.82535e-06,0.03815180063,-0.02969552577,0.5799703801,0.0499494873
1688,16.880000,0.5689173378,0.04549978301,3.815628588e-06,-2.96998769e-06,-2.96998769e-06,1.17328018e-05,0,3.59472e-11,2.82535e-06,0.03815180063,-0.02969552577,0.5736694649,0.0501569688
1689,16.890000,0.5636657737,0.04521845747,3.815628588e-06,-2.96998769e-06,-2.96998769e-06,1.17328018e-05,0,3.59472e-11,2.82535e-06,0.03815180063,-0.02969552577,0.5679941439,0.05000864122
1690,16.900000,0.5597268529,0.04452965781,3.815628588e-06,-2.96998769e-06,-2.96998769e-06,1.17328018e-05,0,3.59472e-11,2.82535e-06,0.03815180063,-0.02969552577,0.5629329717,0.05019061276
1691,16.910000,0.5559411123,0.04438204132,3.815628588e-06,-2.96998769e-06,-2.96998769e-06,1.17328018e-05,0,3.59472e-11,2.82535e-06,0.03815180063,-0.02969552577,0.558465096,0.05001617055
1692,16.920000,0.5520451181,0.04463787656,3.815628588e-06,-2.96998769e-06,-2.96998769e-06,1.17328018e-05,0,3.59472e-11,2.82535e-06,0.03815180063,-0.02969552577,0.5545606267,0.04975659897
1693,16.930000,0.5493335053,0.0442224266,3.815628588e-06,-2.96998769e-06,-2.96998769e-06,1.17328018e-05,0,3.59472e-11,2.82535e-06,0.03815180063,-0.02969552577,0.5511811113,0.04955748382
1694,16.940000,0.5470511317,0.04416445084,3.815628588e-06,-2.96998769e-06,-2.96998769e-06,1.17328018e-05,0,3.59472e-11,2.82535e-06,0.03815180063,-0.02969552577,0.5482801121,0.04943084656
1695,16.950000,0.5451167785,0.04396242462,3.815628588e-06,-2.96998769e-06,-2.96998769e-06,1.17328018e-05,0,3.59472e-11,2.82535e-06,0.03815180063,-0.02969552577,0.5458038772,0.04894632641
1696,16.960000,0.5434352271,0.04411220737,3.815628588e-06,-2.96998769e-06,-2.96998769e-06,1.17328018e-05,0,3.59472e-11,2.82535e-06,0.03815180063,-0.02969552577,0.5436920976,0.04873010335
1697,16.970000,0.5411143638,0.04422467947,3.815628588e-06,-2.96998769e-06,-2.96998769e-06,1.17328018e-05,0,3.59472e-11,2.82535e-06,0.03815180063,-0.02969552577,0.5418787426,0.04891696076
1698,16.980000,0.5402487181,0.04384473898,3.815628588e-06,-2.96998769e-06,-2.96998769e-06,1.17328018e-05,0,3.59472e-11,2.82535e-06,0.03815180063,-0.02969552577,0.5402929612,0.04891159726
1699,16.990000,0.538793698,0.04423298407,3.815628588e-06,-2.96998769e-06,-2.96998769e-06,1.17328018e-05,0,3.59472e-11,2.82535e-06,0.03815180063,-0.02969552577,0.5388600418,0.0492014213
1700,17.000000,0.5377768613,0.04425018933,3.815628588e-06,-2.96998769e-06,-2.96998769e-06,1.17328018e-05,0,3.59472e-11,2.82535e-06,0.03815180063,-0.02969552577,0.5375024163,0.04883554081
1701,17.010000,0.5357163362,0.04490387905,3.815628588e-06,-2.96998769e-06,-2.96998769e-06,1.17328018e-05,0,3.59472e-11,2.82535e-06,0.03815180063,-0.02969552577,0.536140699,0.04900198825
1702,17.020000,0.5347455107,0.04458761308,3.815628588e-06,-2.96998769e-06,-2.96998769e-06,1.17328018e-05,0,3.59472e-11,2.82535e-06,0.03815180063,-0.02969552577,0.5346947462,0.0492387926
1703,17.030000,0.5332741961,0.04442258272,3.815628588e-06,-2.96998769e-06,-2.96998769e-06,1.17328018e-05,0,3.59472e-11,2.82535e-06,0.03815180063,-0.02969552577,0.5330847254,0.04922156979
1704,17.040000,0.5317183398,0.04394434299,3.815628588e-06,-2.96998769e-06,-2.96998769e-06,1.17328018e-05,0,3.59472e-11,2.82535e-06,0.03815180063,-0.02969552577,0.5312321812,0.04864281416
1705,17.050000,0.5298267566,0.04400869086,3.815628588e-06,-2.96998769e-06,-2.96998769e-06,1.17328018e-05,0,3.59472e-11,2.82535e-06,0.03815180063,-0.02969552577,0.5290610852,0.04896772132
1706,17.060000,0.5274254829,0.04337596986,3.815628588e-06,-2.96998769e-06,-2.96998769e-06,1.17328018e-05,0,3.59472e-11,2.82535e-06,0.03815180063,-0.02969552577,0.5264988574,0.04914159723
1707,17.070000,0.5251901783,0.04302613065,3.815628588e-06,-2.96998769e-06,-2.96998769e-06,1.17328018e-05,0,3.59472e-11,2.82535e-06,0.03815180063,-0.02969552577,0.5234773483,0.04868138966
1708,17.080000,0.521345593,0.04311398324,3.815628588e-06,-2.96998769e-06,-2.96998769e-06,1.17328018e-05,0,3.59472e-11,2.82535e-06,0.03815180063,-0.02969552577,0.5199337679,0.04859341551
1709,17.090000,0.5169639029,0.04300934263,3.815628588e-06,-2.96998769e-06,-2.96998769e-06,1.17328018e-05,0,3.59472e-11,2.82535e-06,0.03815180063,-0.02969552577,0.5158115534,0.04814671392
1710,17.100000,0.5118463226,0.04326026794,3.815628588e-06,-2.96998769e-06,-2.96998769e-06,1.17328018e-05,0,3.59472e-11,2.82535e-06,0.03815180063,-0.02969552577,0.511061163,0.04801132817
1711,17.110000,0.5070031062,0.04289008677,3.815628588e-06,-2.96998769e-06,-2.96998769e-06,1.17328018e-05,0,3.59472e-11,2.82535e-06,0.03815180063,-0.02969552577,0.5056407881,0.04810070094
1712,17.120000,0.5008051433,0.0429187892,3.815628588e-06,-2.96998769e-06,-2.96998769e-06,1.17328018e-05,0,3.59472e-11,2.82535e-06,0.03815180063,-0.02969552577,0.4995169745,0.04871540271
1713,17.130000,0.4947338402,0.04220554978,3.815628588e-06,-2.96998769e-06,-2.96998769e-06,1.17328018e-05,0,3.59472e-11,2.82535e-06,0.03815180063,-0.02969552577,0.4926651451,0.04898758336
1714,17.140000,0.4864403829,0.04221708328,3.815628588e-06,-2.96998769e-06,-2.96998769e-06,1.17328018e-05,0,3.59472e-11,2.82535e-06,0.03815180063,-0.02969552577,0.4850700191,0.04819939496
1715,17.150000,0.4782930836,0.04216708429,3.815628588e-06,-2.96998769e-06,-2.96998769e-06,1.17328018e-05,0,3.59472e-11,2.82535e-06,0.03815180063,-0.02969552577,0.4767259206,0.04810060418
1716,17.160000,0.47025593,0.04145855643,3.815628588e-06,-2.96998769e-06,-2.96998769e-06,1.17328018e-05,0,3.59472e-11,2.82535e-06,0.03815180063,-0.02969552577,0.4676369753,0.04811420211
1717,17.170000,0.4592927434,0.04203231726,3.815628588e-06,-2.96998769e-06,-2.96998769e-06,1.17328018e-05,0,3.59472e-11,2.82535e-06,0.03815180063,-0.02969552577,0.4578171898,0.04780800841
1718,17.180000,0.448983524,0.0418474637,3.815628588e-06,-2.96998769e-06,-2.96998769e-06,1.17328018e-05,0,3.59472e-11,2.82535e-06,0.03815180063,-0.02969552577,0.4472904152,0.04800373215
1719,17.190000,0.4368507937,0.04229547642,3.815628588e-06,-2.96998769e-06,-2.96998769e-06,1.17328018e-05,0,3.59472e-11,2.82535e-06,0.03815180063,-0.02969552577,0.4360901933,0.04740227797
1720,17.200000,0.4250102788,0.04204184655,3.815628588e-06,-2.96998769e-06,-2.96998769e-06,1.17328018e-05,0,3.59472e-11,2.82535e-06,0.03815180063,-0.02969552577,0.4242594871,0.04679418286
1721,17.210000,0.412279021,0.04175561853,3.815628588e-06,-2.96998769e-06,-2.96998769e-06,1.17328018e-05,0,3.59472e-11,2.82535e-06,0.03815180063,-0.02969552577,0.4118503001,0.04654792388
1722,17.220000,0.3994557075,0.0417405786,3.815628588e-06,-2.96998769e-06,-2.96998769e-06,1.17328018e-05,0,3.59472e-11,2.82535e-06,0.03815180063,-0.02969552577,0.3989231855,0.04693414663
1723,17.230000,0.3861149214,0.0418296773,3.815628588e-06,-2.96998769e-06,-2.96998769e-06,1.17328018e-05,0,3.59472e-11,2.82535e-06,0.03815180063,-0.02969552577,0.3855466536,0.04634201689
1724,17.240000,0.3727986105,0.04166380502,3.815628588e-06,-2.96998769e-06,-2.96998769e-06,1.17328018e-05,0,3.59472e-11,2.82535e-06,0.03815180063,-0.02969552577,0.3717964827,0.04627776358
1725,17.250000,0.3578449003,0.04185671732,3.815628588e-06,-2.96998769e-06,-2.96998769e-06,1.17328018e-05,0,3.59472e-11,2.82535e-06,0.03815180063,-0.02969552577,0.3577549404,0.04592042053
1726,17.260000,0.3432836682,0.04188572336,3.815628588e-06,-2.96998769e-06,-2.96998769e-06,1.17328018e-05,0,3.59472e-11,2.82535e-06,0.03815180063,-0.02969552577,0.343509926,0.04573485093
1727,17.270000,0.3297475241,0.04155807104,3.815628588e-06,-2.96998769e-06,-2.96998769e-06,1.17328018e-05,0,3.59472e-11,2.82535e-06,0.03815180063,-0.02969552577,0.3291540415,0.0452831024
1728,17.280000,0.3158207461,0.04152842704,3.815628588e-06,-2.96998769e-06,-2.96998769e-06,1.17328018e-05,0,3.59472e-11,2.82535e-06,0.03815180063,-0.02969552577,0.3147836032,0.04519511475
1729,17.290000,0.3017437607,0.04178415239,3.815628588e-06,-2.96998769e-06,-2.96998769e-06,1.17328018e-05,0,3.59472e-11,2.82535e-06,0.03815180063,-0.02969552577,0.3004976044,0.04518622537
1730,17.300000,0.2875995114,0.04182557203,3.815628588e-06,-2.96998769e-06,-2.96998769e-06,1.17328018e-05,0,3.59472e-11,2.82535e-06,0.03815180063,-0.02969552577,0.286396641,0.04474891659
1731,17.310000,0.2741183899,0.04189573135,3.815628588e-06,-2.96998769e-06,-2.96998769e-06,1.17328018e-05,0,3.59472e-11,2.82535e-06,0.03815180063,-0.02969552577,0.2725818121,0.044370782
1732,17.320000,0.2611445896,0.04136961885,3.815628588e-06,-2.96998769e-06,-2.96998769e-06,1.17328018e-05,0,3.59472e-11,2.82535e-06,0.03815180063,-0.02969552577,0.2591536082,0.04426702722
1733,17.330000,0.2481794544,0.04147782456,3.815628588e-06,-2.96998769e-06,-2.96998769e-06,1.17328018e-05,0,3.59472e-11,2.82535e-06,0.03815180063,-0.02969552577,0.2462107998,0.04418934495
1734,17.340000,0.2354002409,0.04215886351,3.815628588e-06,-2.96998769e-06,-2.96998769e-06,1.17328018e-05,0,3.59472e-11,2.82535e-06,0.03815180063,-0.02969552577,0.2338493385,0.04423193936
1735,17.350000,0.2242471948,0.04176926054,3.815628588e-06,-2.96998769e-06,-2.96998769e-06,1.17328018e-05,0,3.59472e-11,2.82535e-06,0.03815180063,-0.02969552577,0.2221612836,0.04409075376
1736,17.360000,0.2147969939,0.04133155383,3.815628588e-06,-2.96998769e-06,-2.96998769e-06,1.17328018e-05,0,3.59472e-11,2.82535e-06,0.03815180063,-0.02969552577,0.2112337665,0.04382887431
1737,17.370000,0.2048138268,0.04122746922,3.815628588e-06,-2.96998769e-06,-2.96998769e-06,1.17328018e-05,0,3.59472e-11,2.82535e-06,0.03815180063,-0.02969552577,0.2011480041,0.04387104374
1738,17.380000,0.1952158287,0.0417210497,3.815628588e-06,-2.96998769e-06,-2.96998769e-06,1.17328018e-05,0,3.59472e-11,2.82535e-06,0.03815180063,-0.02969552577,0.1919783734,0.04414931869
1739,17.390000,0.1877678111,0.04169900902,3.815628588e-06,-2.96998769e-06,-2.96998769e-06,1.17328018e-05,0,3.59472e-11,2.82535e-06,0.03815180063,-0.02969552577,0.1837915567,0.04437702003
1740,17.400000,0.1812141314,0.04167320672,3.815628588e-06,-2.96998769e-06,-2.96998769e-06,1.17328018e-05,0,3.59472e-11,2.82535e-06,0.03815180063,-0.02969552577,0.1766457691,0.04447685869
1741,17.410000,0.1750666685,0.04229705594,3.815628588e-06,-2.96998769e-06,-2.96998769e-06,1.17328018e-05,0,3.59472e-11,2.82535e-06,0.03815180063,-0.02969552577,0.1705900747,0.04468723303
1742,17.420000,0.1706855074,0.04246964306,3.815628588e-06,-2.96998769e-06,-2.96998769e-06,1.17328018e-05,0,3.59472e-11,2.82535e-06,0.03815180063,-0.02969552577,0.1656638019,0.0450626255
1743,17.430000,0.1673902348,0.04279011954,3.815628588e-06,-2.96998769e-06,-2.96998769e-06,1.17328018e-05,0,3.59472e-11,2.82535e-06,0.03815180063,-0.02969552577,0.1618960624,0.04457306877
1744,17.440000,0.1648737192,0.04301372729,3.815628588e-06,-2.96998769e-06,-2.96998769e-06,1.17328018e-05,0,3.59472e-11,2.82535e-06,0.03815180063,-0.02969552577,0.1593053817,0.04420865708
1745,17.450000,0.1633964181,0.0432794746,3.815628588e-06,-2.96998769e-06,-2.96998769e-06,1.17328018e-05,0,3.59472e-11,2.82535e-06,0.03815180063,-0.02969552577,0.1578994436,0.04430803428
1746,17.460000,0.1642542109,0.04341854528,3.815628588e-06,-2.96998769e-06,-2.96998769e-06,1.17328018e-05,0,3.59472e-11,2.82535e-06,0.03815180063,-0.02969552577,0.1576749523,0.04397235681
1747,17.470000,0.1650884412,0.04340710305,3.815628588e-06,-2.96998769e-06,-2.96998769e-06,1.17328018e-05,0,3.59472e-11,2.82535e-06,0.03815180063,-0.02969552577,0.1586176149,0.04383153552
1748,17.480000,0.1674533598,0.04382873327,3.815628588e-06,-2.96998769e-06,-2.96998769e-06,1.17328018e-05,0,3.59472e-11,2.82535e-06,0.03815180063,-0.02969552577,0.1607022435,0.04386054646
1749,17.490000,0.1713294312,0.04343394935,3.815628588e-06,-2.96998769e-06,-2.96998769e-06,1.17328018e-05,0,3.59472e-11,2.82535e-06,0.03815180063,-0.02969552577,0.1638929759,0.0444136505
1750,17.500000,0.1746678762,0.04429461993,3.815628588e-06,-2.96998769e-06,-2.96998769e-06,1.17328018e-05,0,3.59472e-11,2.82535e-06,0.03815180063,-0.02969552577,0.1681436139,0.0441463356
1751,17.510000,0.1802369803,0.044363847,3.815628588e-06,-2.96998769e-06,-2.96998769e-06,1.17328018e-05,0,3.59472e-11,2.82535e-06,0.03815180063,-0.02969552577,0.1733980739,0.04407306308
1752,17.520000,0.1866055094,0.04458390921,3.815628588e-06,-2.96998769e-06,-2.96998769e-06,1.17328018e-05,0,3.59472e-11,2.82535e-06,0.03815180063,-0.02969552577,0.1795909467,0.04400199452
1753,17.530000,0.1930055544,0.045186528,3.815628588e-06,-2.96998769e-06,-2.96998769e-06,1.17328018e-05,0,3.59472e-11,2.82535e-06,0.03815180063,-0.02969552577,0.1866481583,0.0445021966
1754,17.540000,0.2010505721,0.04503849056,3.815628588e-06,-2.96998769e-06,-2.96998769e-06,1.17328018e-05,0,3.59472e-11,2.82535e-06,0.03815180063,-0.02969552577,0.1944877267,0.04432519397
1755,17.550000,0.2092477009,0.04518596083,3.815628588e-06,-2.96998769e-06,-2.96998769e-06,1.17328018e-05,0,3.59472e-11,2.82535e-06,0.03815180063,-0.02969552577,0.2030206042,0.04464272962
1756,17.560000,0.2185097113,0.04520812165,3.815628588e-06,-2.96998769e-06,-2.96998769e-06,1.17328018e-05,0,3.59472e-11,2.82535e-06,0.03815180063,-0.02969552577,0.2121515981,0.04449221138
1757,17.570000,0.2280205749,0.04552679043,3.815628588e-06,-2.96998769e-06,-2.96998769e-06,1.17328018e-05,0,3.59472e-11,2.82535e-06,0.03815180063,-0.02969552577,0.2217803571,0.04506753759
1758,17.580000,0.2381839901,0.04571592901,3.815628588e-06,-2.96998769e-06,-2.96998769e-06,1.17328018e-05,0,3.59472e-11,2.82535e-06,0.03815180063,-0.02969552577,0.231802415,0.04497222362
1759,17.590000,0.2482440658,0.04576352611,3.815628588e-06,-2.96998769e-06,-2.96998769e-06,1.17328018e-05,0,3.59472e-11,2.82535e-06,0.03815180063,-0.02969552577,0.2421102782,0.04544373181
1760,17.600000,0.2583634183,0.0460350262,3.815628588e-06,-2.96998769e-06,-2.96998769e-06,1.17328018e-05,0,3.59472e-11,2.82535e-06,0.03815180063,-0.02969552577,0.2525945454,0.04522531069
1761,17.610000,0.2690936178,0.04581089318,3.815628588e-06,-2.96998769e-06,-2.96998769e-06,1.17328018e-05,0,3.59472e-11,2.82535e-06,0.03815180063,-0.02969552577,0.2631450486,0.04529733611
1762,17.620000,0.2790730149,0.04603397939,3.815628588e-06,-2.96998769e-06,-2.96998769e-06,1.17328018e-05,0,3.59472e-11,2.82535e-06,0.03815180063,-0.02969552577,0.2736519995,0.04508464302
1763,17.630000,0.2885054424,0.04655960482,3.815628588e-06,-2.96998769e-06,-2.96998769e-06,1.17328018e-05,0,3.59472e-11,2.82535e-06,0.03815180063,-0.02969552577,0.284007132,0.0455037628
1764,17.640000,0.2989414632,0.04617972858,3.815628588e-06,-2.96998769e-06,-2.96998769e-06,1.17328018e-05,0,3.59472e-11,2.82535e-06,0.03815180063,-0.02969552577,0.2941048261,0.04560256497
1765,17.650000,0.3085901812,0.04611340817,3.815628588e-06,-2.96998769e-06,-2.96998769e-06,1.17328018e-05,0,3.59472e-11,2.82535e-06,0.03815180063,-0.02969552577,0.3038432007,0.04587796063
1766,17.660000,0.3171218075,0.04659206234,3.815628588e-06,-2.96998769e-06,-2.96998769e-06,1.17328018e-05,0,3.59472e-11,2.82535e-06,0.03815180063,-0.02969552577,0.3131251642,0.04578912457
1767,17.670000,0.3252249695,0.04704607464,3.815628588e-06,-2.96998769e-06,-2.96998769e-06,1.17328018e-05,0,3.59472e-11,2.82535e-06,0.03815180063,-0.02969552577,0.321859411,0.04601708874
1768,17.680000,0.3326303735,0.04735991172,3.815628588e-06,-2.96998769e-06,-2.96998769e-06,1.17328018e-05,0,3.59472e-11,2.82535e-06,0.03815180063,-0.02969552577,0.3299613512,0.04573937442
1769,17.690000,0.3401150294,0.04697987903,3.815628588e-06,-2.96998769e-06,-2.96998769e-06,1.17328018e-05,0,3.59472e-11,2.82535e-06,0.03815180063,-0.02969552577,0.3373539665,0.04594337269
1770,17.700000,0.3461803794,0.04729574267,3.815628588e-06,-2.96998769e-06,-2.96998769e-06,1.17328018e-05,0,3.59472e-11,2.82535e-06,0.03815180063,-0.02969552577,0.3439685794,0.04559970876
1771,17.710000,0.3509049453,0.04760731943,3.815628588e-06,-2.96998769e-06,-2.96998769e-06,1.17328018e-05,0,3.59472e-11,2.82535e-06,0.03815180063,-0.02969552577,0.3497455295,0.04542709148
1772,17.720000,0.3550219648,0.04778699577,3.815628588e-06,-2.96998769e-06,-2.96998769e-06,1.17328018e-05,0,3.59472e-11,2.82535e-06,0.03815180063,-0.02969552577,0.3546347487,0.04508046178
1773,17.730000,0.3589894138,0.0476141898,3.815628588e-06,-2.96998769e-06,-2.96998769e-06,1.17328018e-05,0,3.59472e-11,2.82535e-06,0.03815180063,-0.02969552577,0.3585962293,0.04490262758
1774,17.740000,0.3607385829,0.04810344987,3.815628588e-06,-2.96998769e-06,-2.96998769e-06,1.17328018e-05,0,3.59472e-11,2.82535e-06,0.03815180063,-0.02969552577,0.3616003794,0.04488619117
1775,17.750000,0.3630565889,0.04767588526,3.815628588e-06,-2.96998769e-06,-2.96998769e-06,1.17328018e-05,0,3.59472e-11,2.82535e-06,0.03815180063,-0.02969552577,0.3636282625,0.0443517979
1776,17.760000,0.3636876605,0.04775775783,3.815628588e-06,-2.96998769e-06,-2.96998769e-06,1.17328018e-05,0,3.59472e-11,2.82535e-06,0.03815180063,-0.02969552577,0.3646717186,0.04376391061
1777,17.770000,0.3624970727,0.04801529553,3.815628588e-06,-2.96998769e-06,-2.96998769e-06,1.17328018e-05,0,3.59472e-11,2.82535e-06,0.03815180063,-0.02969552577,0.3647333658,0.04363845499
1778,17.780000,0.3611082584,0.04819908366,3.815628588e-06,-2.96998769e-06,-2.96998769e-06,1.17328018e-05,0,3.59472e-11,2.82535e-06,0.03815180063,-0.02969552577,0.3638264819,0.04314644948
1779,17.790000,0.3593957797,0.04772563931,3.815628588e-06,-2.96998769e-06,-2.96998769e-06,1.17328018e-05,0,3.59472e-11,2.82535e-06,0.03815180063,-0.02969552577,0.3619747691,0.0433519487
1780,17.800000,0.3568639569,0.04730426986,3.815628588e-06,-2.96998769e-06,-2.96998769e-06,1.17328018e-05,0,3.59472e-11,2.82535e-06,0.03815180063,-0.02969552577,0.3592120028,0.04345677582
1781,17.810000,0.353322424,0.04702073615,3.815628588e-06,-2.96998769e-06,-2.96998769e-06,1.17328018e-05,0,3.59472e-11,2.82535e-06,0.03815180063,-0.02969552577,0.355581571,0.04331485271
1782,17.820000,0.3488754518,0.04678372107,3.815628588e-06,-2.96998769e-06,-2.96998769e-06,1.17328018e-05,0,3.59472e-11,2.82535e-06,0.03815180063,-0.02969552577,0.3511359071,0.04302112332
1783,17.830000,0.3426776379,0.04704525508,3.815628588e-06,-2.96998769e-06,-2.96998769e-06,1.17328018e-05,0,3.59472e-11,2.82535e-06,0.03815180063,-0.02969552577,0.345935825,0.04255711525
1784,17.840000,0.3361164294,0.04704001825,3.815628588e-06,-2.96998769e-06,-2.96998769e-06,1.17328018e-05,0,3.59472e-11,2.82535e-06,0.03815180063,-0.02969552577,0.3400497638,0.04286181739
1785,17.850000,0.3300249651,0.04669982474,3.815628588e-06,-2.96998769e-06,-2.96998769e-06,1.17328018e-05,0,3.59472e-11,2.82535e-06,0.03815180063,-0.02969552577,0.333552949,0.04322212816
1786,17.860000,0.3224478811,0.04666874465,3.815628588e-06,-2.96998769e-06,-2.96998769e-06,1.17328018e-05,0,3.59472e-11,2.82535e-06,0.03815180063,-0.02969552577,0.3265264832,0.04349364571
1787,17.870000,0.3154383488,0.04612446297,3.815628588e-06,-2.96998769e-06,-2.96998769e-06,1.17328018e-05,0,3.59472e-11,2.82535e-06,0.03815180063,-0.02969552577,0.3190563738,0.04342977793
1788,17.880000,0.307111308,0.04621096049,3.815628588e-06,-2.96998769e-06,-2.96998769e-06,1.17328018e-05,0,3.59472e-11,2.82535e-06,0.03815180063,-0.02969552577,0.3112325102,0.04329894555
1789,17.890000,0.2987680435,0.04653048143,3.815628588e-06,-2.96998769e-06,-2.96998769e-06,1.17328018e-05,0,3.59472e-11,2.82535e-06,0.03815180063,-0.02969552577,0.3031476031,0.04325081924
1790,17.900000,0.2904390208,0.04632839188,3.815628588e-06,-2.96998769e-06,-2.96998769e-06,1.17328018e-05,0,3.59472e-11,2.82535e-06,0.03815180063,-0.02969552577,0.2948960959,0.04316580038
1791,17.910000,0.2813446112,0.04614520073,3.815628588e-06,-2.96998769e-06,-2.96998769e-06,1.17328018e-05,0,3.59472e-11,2.82535e-06,0.03815180063,-0.02969552577,0.2865730628,0.04313966685
1792,17.920000,0.274160862,0.04561300017,3.815628588e-06,-2.96998769e-06,-2.96998769e-06,1.17328018e-05,0,3.59472e-11,2.82535e-06,0.03815180063,-0.02969552577,0.2782731047,0.04298587845
1793,17.930000,0.2654836737,0.04585797992,3.815628588e-06,-2.96998769e-06,-2.96998769e-06,1.17328018e-05,0,3.59472e-11,2.82535e-06,0.03815180063,-0.02969552577,0.270089257,0.04302934715
1794,17.940000,0.257579688,0.04610258806,3.815628588e-06,-2.96998769e-06,-2.96998769e-06,1.17328018e-05,0,3.59472e-11,2.82535e-06,0.03815180063,-0.02969552577,0.2621119203,0.04278803038
1795,17.950000,0.2497895211,0.04639781546,3.815628588e-06,-2.96998769e-06,-2.96998769e-06,1.17328018e-05,0,3.59472e-11,2.82535e-06,0.03815180063,-0.02969552577,0.2544278265,0.04258768606
1796,17.960000,0.2435861491,0.04576844815,3.815628588e-06,-2.96998769e-06,-2.96998769e-06,1.17328018e-05,0,3.59472e-11,2.82535e-06,0.03815180063,-0.02969552577,0.2471190536,0.04221719061
1797,17.970000,0.2368343771,0.04587147478,3.815628588e-06,-2.96998769e-06,-2.96998769e-06,1.17328018e-05,0,3.59472e-11,2.82535e-06,0.03815180063,-0.02969552577,0.2402620977,0.04256438301
1798,17.980000,0.2311779968,0.0457272632,3.815628588e-06,-2.96998769e-06,-2.96998769e-06,1.17328018e-05,0,3.59472e-11,2.82535e-06,0.03815180063,-0.02969552577,0.2339270156,0.0421480128
1799,17.990000,0.2265963405,0.04501431994,3.815628588e-06,-2.96998769e-06,-2.96998769e-06,1.17328018e-05,0,3.59472e-11,2.82535e-06,0.03815180063,-0.02969552577,0.2281766453,0.04216102567
1800,18.000000,0.221677687,0.04523581453,3.815628588e-06,-2.96998769e-06,-2.96998769e-06,1.17328018e-05,0,3.59472e-11,2.82535e-06,0.03815180063,-0.02969552577,0.2230659149,0.04234719128
1801,18.010000,0.2177600674,0.04508997966,3.815628588e-06,-2.96998769e-06,-2.96998769e-06,1.17328018e-05,0,3.59472e-11,2.82535e-06,0.03815180063,-0.02969552577,0.2186412463,0.04180378592
1802,18.020000,0.2146254517,0.04503279552,3.815628588e-06,-2.96998769e-06,-2.96998769e-06,1.17328018e-05,0,3.59472e-11,2.82535e-06,0.03815180063,-0.02969552577,0.2149400622,0.04214109206
1803,18.030000,0.212223731,0.04484133888,3.815628588e-06,-2.96998769e-06,-2.96998769e-06,1.17328018e-05,0,3.59472e-11,2.82535e-06,0.03815180063,-0.02969552577,0.2119903996,0.04205612055
1804,18.040000,0.2101383768,0.04502123687,3.815628588e-06,-2.96998769e-06,-2.96998769e-06,1.17328018e-05,0,3.59472e-11,2.82535e-06,0.03815180063,-0.02969552577,0.2098106359,0.04261768611
1805,18.050000,0.2087979242,0.04523076862,3.815628588e-06,-2.96998769e-06,-2.96998769e-06,1.17328018e-05,0,3.59472e-11,2.82535e-06,0.03815180063,-0.02969552577,0.2084093301,0.04299878549
1806,18.060000,0.2078393027,0.0453971494,3.815628588e-06,-2.96998769e-06,-2.96998769e-06,1.17328018e-05,0,3.59472e-11,2.82535e-06,0.03815180063,-0.02969552577,0.2077851797,0.04335463302
1807,18.070000,0.2090027854,0.04505302943,3.815628588e-06,-2.96998769e-06,-2.96998769e-06,1.17328018e-05,0,3.59472e-11,2.82535e-06,0.03815180063,-0.02969552577,0.2079270955,0.0430503608
1808,18.080000,0.2107216604,0.04509934783,3.815628588e-06,-2.96998769e-06,-2.96998769e-06,1.17328018e-05,0,3.59472e-11,2.82535e-06,0.03815180063,-0.02969552577,0.2088143913,0.04291226643
1809,18.090000,0.2127420604,0.04525739048,3.815628588e-06,-2.96998769e-06,-2.96998769e-06,1.17328018e-05,0,3.59472e-11,2.82535e-06,0.03815180063,-0.02969552577,0.2104170877,0.04325377083
1810,18.100000,0.2153869979,0.04508702271,3.815628588e-06,-2.96998769e-06,-2.96998769e-06,1.17328018e-05,0,3.59472e-11,2.82535e-06,0.03815180063,-0.02969552577,0.2126963251,0.04322486952
1811,18.110000,0.2176704593,0.0458203489,3.815628588e-06,-2.96998769e-06,-2.96998769e-06,1.17328018e-05,0,3.59472e-11,2.82535e-06,0.03815180063,-0.02969552577,0.2156048819,0.04328812284
1812,18.120000,0.2218472213,0.04567686841,3.815628588e-06,-2.96998769e-06,-2.96998769e-06,1.17328018e-05,0,3.59472e-11,2.82535e-06,0.03815180063,-0.02969552577,0.2190877912,0.04377608874
1813,18.130000,0.2260038257,0.0453099329,3.815628588e-06,-2.96998769e-06,-2.96998769e-06,1.17328018e-05,0,3.59472e-11,2.82535e-06,0.03815180063,-0.02969552577,0.2230830484,0.04356524115
1814,18.140000,0.2303379849,0.04536778945,3.815628588e-06,-2.96998769e-06,-2.96998769e-06,1.17328018e-05,0,3.59472e-11,2.82535e-06,0.03815180063,-0.02969552577,0.2275224027,0.04342561652
1815,18.150000,0.2352522612,0.04521833081,3.815628588e-06,-2.96998769e-06,-2.96998769e-06,1.17328018e-05,0,3.59472e-11,2.82535e-06,0.03815180063,-0.02969552577,0.2323322214,0.04383791922
1816,18.160000,0.2405604608,0.04523198865,3.815628588e-06,-2.96998769e-06,-2.96998769e-06,1.17328018e-05,0,3.59472e-11,2.82535e-06,0.03815180063,-0.02969552577,0.2374344186,0.04367216596
1817,18.170000,0.2465427443,0.04469620064,3.815628588e-06,-2.96998769e-06,-2.96998769e-06,1.17328018e-05,0,3.59472e-11,2.82535e-06,0.03815180063,-0.02969552577,0.2427474357,0.04372242316
1818,18.180000,0.2520107776,0.04467797931,3.815628588e-06,-2.96998769e-06,-2.96998769e-06,1.17328018e-05,0,3.59472e-11,2.82535e-06,0.03815180063,-0.02969552577,0.248187264,0.04341045662
1819,18.190000,0.2573561519,0.04456562642,3.815628588e-06,-2.96998769e-06,-2.96998769e-06,1.17328018e-05,0,3.59472e-11,2.82535e-06,0.03815180063,-0.02969552577,0.2536684959,0.04394679692
1820,18.200000,0.262987867,0.04456389509,3.815628588e-06,-2.96998769e-06,-2.96998769e-06,1.17328018e-05,0,3.59472e-11,2.82535e-06,0.03815180063,-0.02969552577,0.2591053933,0.04415860779
1821,18.210000,0.2665512078,0.04522769712,3.815628588e-06,-2.96998769e-06,-2.96998769e-06,1.17328018e-05,0,3.59472e-11,2.82535e-06,0.03815180063,-0.02969552577,0.2644129607,0.04383331438
1822,18.220000,0.2720690295,0.04524883721,3.815628588e-06,-2.96998769e-06,-2.96998769e-06,1.17328018e-05,0,3.59472e-11,2.82535e-06,0.03815180063,-0.02969552577,0.2695080098,0.04376316149
1823,18.230000,0.2777487896,0.04477940872,3.815628588e-06,-2.96998769e-06,-2.96998769e-06,1.17328018e-05,0,3.59472e-11,2.82535e-06,0.03815180063,-0.02969552577,0.2743102039,0.04423995706
1824,18.240000,0.2815030031,0.0453603724,3.815628588e-06,-2.96998769e-06,-2.96998769e-06,1.17328018e-05,0,3.59472e-11,2.82535e-06,0.03815180063,-0.02969552577,0.2787430694,0.04420097721
1825,18.250000,0.285201598,0.04562497418,3.815628588e-06,-2.96998769e-06,-2.96998769e-06,1.17328018e-05,0,3.59472e-11,2.82535e-06,0.03815180063,-0.02969552577,0.2827349628,0.0437888427
1826,18.260000,0.2885781564,0.04532428551,3.815628588e-06,-2.96998769e-06,-2.96998769e-06,1.17328018e-05,0,3.59472e-11,2.82535e-06,0.03815180063,-0.02969552577,0.2862199815,0.04410404543
1827,18.270000,0.290462181,0.04564118385,3.815628588e-06,-2.96998769e-06,-2.96998769e-06,1.17328018e-05,0,3.59472e-11,2.82535e-06,0.03815180063,-0.02969552577,0.2891388086,0.04466281554
1828,18.280000,0.2928957269,0.04515791964,3.815628588e-06,-2.96998769e-06,-2.96998769e-06,1.17328018e-05,0,3.59472e-11,2.82535e-06,0.03815180063,-0.02969552577,0.2914394802,0.0450449206
1829,18.290000,0.2941072434,0.04534030892,3.815628588e-06,-2.96998769e-06,-2.96998769e-06,1.17328018e-05,0,3.59472e-11,2.82535e-06,0.03815180063,-0.02969552577,0.2930780679,0.04588886182
1830,18.300000,0.294402834,0.04551794473,3.815628588e-06,-2.96998769e-06,-2.96998769e-06,1.17328018e-05,0,3.59472e-11,2.82535e-06,0.03815180063,-0.02969552577,0.2940192671,0.04603080838
1831,18.310000,0.2947004326,0.04552615713,3.815628588e-06,-2.96998769e-06,-2.96998769e-06,1.17328018e-05,0,3.59472e-11,2.82535e-06,0.03815180063,-0.02969552577,0.2942368849,0.04583617074
1832,18.320000,0.2942560688,0.04547443427,3.815628588e-06,-2.96998769e-06,-2.96998769e-06,1.17328018e-05,0,3.59472e-11,2.82535e-06,0.03815180063,-0.02969552577,0.2937142207,0.04553799504
1833,18.330000,0.2926690765,0.04531829339,3.815628588e-06,-2.96998769e-06,-2.96998769e-06,1.17328018e-05,0,3.59472e-11,2.82535e-06,0.03815180063,-0.02969552577,0.2924443369,0.04593018084
1834,18.340000,0.2904071249,0.04529726133,3.815628588e-06,-2.96998769e-06,-2.96998769e-06,1.17328018e-05,0,3.59472e-11,2.82535e-06,0.03815180063,-0.02969552577,0.2904302135,0.04540570619
1835,18.350000,0.2871801294,0.04507907014,3.815628588e-06,-2.96998769e-06,-2.96998769e-06,1.17328018e-05,0,3.59472e-11,2.82535e-06,0.03815180063,-0.02969552577,0.2876847874,0.04504245629
1836,18.360000,0.2838532403,0.04487413168,3.815628588e-06,-2.96998769e-06,-2.96998769e-06,1.17328018e-05,0,3.59472e-11,2.82535e-06,0.03815180063,-0.02969552577,0.2842308734,0.04529794005
1837,18.370000,0.2788242027,0.04537295923,3.815628588e-06,-2.96998769e-06,-2.96998769e-06,1.17328018e-05,0,3.59472e-11,2.82535e-06,0.03815180063,-0.02969552577,0.2801009692,0.04514254037
1838,18.380000,0.2736034095,0.04574338906,3.815628588e-06,-2.96998769e-06,-2.96998769e-06,1.17328018e-05,0,3.59472e-11,2.82535e-06,0.03815180063,-0.02969552577,0.2753369453,0.04519437797
1839,18.390000,0.2680015229,0.04585185554,3.815628588e-06,-2.96998769e-06,-2.96998769e-06,1.17328018e-05,0,3.59472e-11,2.82535e-06,0.03815180063,-0.02969552577,0.2699896234,0.04520582759
1840,18.400000,0.2623841353,0.04573080316,3.815628588e-06,-2.96998769e-06,-2.96998769e-06,1.17328018e-05,0,3.59472e-11,2.82535e-06,0.03815180063,-0.02969552577,0.2641182489,0.04487077685
1841,18.410000,0.2559694089,0.04517228622,3.815628588e-06,-2.96998769e-06,-2.96998769e-06,1.17328018e-05,0,3.59472e-11,2.82535e-06,0.03815180063,-0.02969552577,0.2577898612,0.04480688818
1842,18.420000,0.2491487339,0.04492080212,3.815628588e-06,-2.96998769e-06,-2.96998769e-06,1.17328018e-05,0,3.59472e-11,2.82535e-06,0.03815180063,-0.02969552577,0.2510785706,0.04494285154
1843,18.430000,0.2419633567,0.04492248315,3.815628588e-06,-2.96998769e-06,-2.96998769e-06,1.17328018e-05,0,3.59472e-11,2.82535e-06,0.03815180063,-0.02969552577,0.2440647494,0.04535903075
1844,18.440000,0.2340016291,0.04504045937,3.815628588e-06,-2.96998769e-06,-2.96998769e-06,1.17328018e-05,0,3.59472e-11,2.82535e-06,0.03815180063,-0.02969552577,0.2368341455,0.04516667279
1845,18.450000,0.2263664939,0.04520974308,3.815628588e-06,-2.96998769e-06,-2.96998769e-06,1.17328018e-05,0,3.59472e-11,2.82535e-06,0.03815180063,-0.02969552577,0.2294769299,0.04481051346
1846,18.460000,0.2187121063,0.04525559023,3.815628588e-06,-2.96998769e-06,-2.96998769e-06,1.17328018e-05,0,3.59472e-11,2.82535e-06,0.03815180063,-0.02969552577,0.2220866873,0.04492839525
1847,18.470000,0.2111180201,0.04550985619,3.815628588e-06,-2.96998769e-06,-2.96998769e-06,1.17328018e-05,0,3.59472e-11,2.82535e-06,0.03815180063,-0.02969552577,0.2147593621,0.04467860844
1848,18.480000,0.2040969096,0.0460503865,3.815628588e-06,-2.96998769e-06,-2.96998769e-06,1.17328018e-05,0,3.59472e-11,2.82535e-06,0.03815180063,-0.02969552577,0.2075921714,0.04413699906
1849,18.490000,0.1973730437,0.04607209377,3.815628588e-06,-2.96998769e-06,-2.96998769e-06,1.17328018e-05,0,3.59472e-11,2.82535e-06,0.03815180063,-0.02969552577,0.2006824978,0.04427082608
1850,18.500000,0.1906904168,0.04637504462,3.815628588e-06,-2.96998769e-06,-2.96998769e-06,1.17328018e-05,0,3.59472e-11,2.82535e-06,0.03815180063,-0.02969552577,0.1941267734,0.04496686157
1851,18.510000,0.1848312654,0.04640370421,3.815628588e-06,-2.96998769e-06,-2.96998769e-06,1.17328018e-05,0,3.59472e-11,2.82535e-06,0.03815180063,-0.02969552577,0.188019369,0.04492704758
1852,18.520000,0.1796043515,0.04639220238,3.815628588e-06,-2.96998769e-06,-2.96998769e-06,1.17328018e-05,0,3.59472e-11,2.82535e-06,0.03815180063,-0.02969552577,0.1824515005,0.04497381799
1853,18.530000,0.175252527,0.04639138468,3.815628588e-06,-2.96998769e-06,-2.96998769e-06,1.17328018e-05,0,3.59472e-11,2.82535e-06,0.03815180063,-0.02969552577,0.1775101644,0.04441208478
1854,18.540000,0.1725458875,0.04562535509,3.815628588e-06,-2.96998769e-06,-2.96998769e-06,1.17328018e-05,0,3.59472e-11,2.82535e-06,0.03815180063,-0.02969552577,0.173277116,0.0442717823
1855,18.550000,0.1697917394,0.04553523101,3.815628588e-06,-2.96998769e-06,-2.96998769e-06,1.17328018e-05,0,3.59472e-11,2.82535e-06,0.03815180063,-0.02969552577,0.1698279003,0.04448411568
1856,18.560000,0.1676721498,0.04556861427,3.815628588e-06,-2.96998769e-06,-2.96998769e-06,1.17328018e-05,0,3.59472e-11,2.82535e-06,0.03815180063,-0.02969552577,0.1672309481,0.04469428703
1857,18.570000,0.1661830842,0.04560246039,3.815628588e-06,-2.96998769e-06,-2.96998769e-06,1.17328018e-05,0,3.59472e-11,2.82535e-06,0.03815180063,-0.02969552577,0.1655467461,0.04448552895
1858,18.580000,0.1652274467,0.0459785834,3.815628588e-06,-2.96998769e-06,-2.96998769e-06,1.17328018e-05,0,3.59472e-11,2.82535e-06,0.03815180063,-0.02969552577,0.1648270927,0.04426623469
1859,18.590000,0.1663392186,0.04599472228,3.815628588e-06,-2.96998769e-06,-2.96998769e-06,1.17328018e-05,0,3.59472e-11,2.82535e-06,0.03815180063,-0.02969552577,0.1651144456,0.04478688917
1860,18.600000,0.167576585,0.04623952229,3.815628588e-06,-2.96998769e-06,-2.96998769e-06,1.17328018e-05,0,3.59472e-11,2.82535e-06,0.03815180063,-0.02969552577,0.1664413708,0.04470361637
1861,18.610000,0.1702748798,0.04619839322,3.815628588e-06,-2.96998769e-06,-2.96998769e-06,1.17328018e-05,0,3.59472e-11,2.82535e-06,0.03815180063,-0.02969552577,0.168830098,0.04454419812
1862,18.620000,0.1748439632,0.04564789962,3.815628588e-06,-2.96998769e-06,-2.96998769e-06,1.17328018e-05,0,3.59472e-11,2.82535e-06,0.03815180063,-0.02969552577,0.1722921886,0.04414607258
1863,18.630000,0.1797105707,0.04568681959,3.815628588e-06,-2.96998769e-06,-2.96998769e-06,1.17328018e-05,0,3.59472e-11,2.82535e-06,0.03815180063,-0.02969552577,0.1768283194,0.04462028685
1864,18.640000,0.1856544763,0.0455319332,3.815628588e-06,-2.96998769e-06,-2.96998769e-06,1.17328018e-05,0,3.59472e-11,2.82535e-06,0.03815180063,-0.02969552577,0.182428185,0.04449306078
1865,18.650000,0.1932340488,0.04523852468,3.815628588e-06,-2.96998769e-06,-2.96998769e-06,1.17328018e-05,0,3.59472e-11,2.82535e-06,0.03815180063,-0.02969552577,0.1890705208,0.04484226433
1866,18.660000,0.2016704418,0.04520427808,3.815628588e-06,-2.96998769e-06,-2.96998769e-06,1.17328018e-05,0,3.59472e-11,2.82535e-06,0.03815180063,-0.02969552577,0.1967232453,0.04423611183
1867,18.670000,0.2109260187,0.04505525529,3.815628588e-06,-2.96998769e-06,-2.96998769e-06,1.17328018e-05,0,3.59472e-11,2.82535e-06,0.03815180063,-0.02969552577,0.2053437211,0.04368901408
1868,18.680000,0.2208403051,0.04487990402,3.815628588e-06,-2.96998769e-06,-2.96998769e-06,1.17328018e-05,0,3.59472e-11,2.82535e-06,0.03815180063,-0.02969552577,0.214879132,0.04392830405
1869,18.690000,0.232032232,0.04450045247,3.815628588e-06,-2.96998769e-06,-2.96998769e-06,1.17328018e-05,0,3.59472e-11,2.82535e-06,0.03815180063,-0.02969552577,0.2252669714,0.0441643919
1870,18.700000,0.2431301959,0.04470278695,3.815628588e-06,-2.96998769e-06,-2.96998769e-06,1.17328018e-05,0,3.59472e-11,2.82535e-06,0.03815180063,-0.02969552577,0.2364356373,0.04431087074
1871,18.710000,0.2546224222,0.04510595556,3.815628588e-06,-2.96998769e-06,-2.96998769e-06,1.17328018e-05,0,3.59472e-11,2.82535e-06,0.03815180063,-0.02969552577,0.2483051273,0.04372164422
1872,18.720000,0.2671845742,0.04556922242,3.815628588e-06,-2.96998769e-06,-2.96998769e-06,1.17328018e-05,0,3.59472e-11,2.82535e-06,0.03815180063,-0.02969552577,0.2607878256,0.04465408138
1873,18.730000,0.2803169154,0.04598829709,3.815628588e-06,-2.96998769e-06,-2.96998769e-06,1.17328018e-05,0,3.59472e-11,2.82535e-06,0.03815180063,-0.02969552577,0.273789374,0.04467696143
1874,18.740000,0.2940416001,0.0461456608,3.815628588e-06,-2.96998769e-06,-2.96998769e-06,1.17328018e-05,0,3.59472e-11,2.82535e-06,0.03815180063,-0.02969552577,0.2872096162,0.04441215571
1875,18.750000,0.3074431382,0.04675221816,3.815628588e-06,-2.96998769e-06,-2.96998769e-06,1.17328018e-05,0,3.59472e-11,2.82535e-06,0.03815180063,-0.02969552577,0.3009436059,0.04399315365
1876,18.760000,0.3216420151,0.04666407779,3.815628588e-06,-2.96998769e-06,-2.96998769e-06,1.17328018e-05,0,3.59472e-11,2.82535e-06,0.03815180063,-0.02969552577,0.3148826676,0.04375643472
1877,18.770000,0.3353450075,0.04693511594,3.815628588e-06,-2.96998769e-06,-2.96998769e-06,1.17328018e-05,0,3.59472e-11,2.82535e-06,0.03815180063,-0.02969552577,0.3289154968,0.04383282729
1878,18.780000,0.3488313444,0.04693672154,3.815628588e-06,-2.96998769e-06,-2.96998769e-06,1.17328018e-05,0,3.59472e-11,2.82535e-06,0.03815180063,-0.02969552577,0.3429292899,0.04366432676
1879,18.790000,0.362569347,0.04676601756,3.815628588e-06,-2.96998769e-06,-2.96998769e-06,1.17328018e-05,0,3.59472e-11,2.82535e-06,0.03815180063,-0.02969552577,0.3568108885,0.04392368101
1880,18.800000,0.3750715144,0.04707708582,3.815628588e-06,-2.96998769e-06,-2.96998769e-06,1.17328018e-05,0,3.59472e-11,2.82535e-06,0.03815180063,-0.02969552577,0.3704479279,0.04429505585
1881,18.810000,0.3877867348,0.04745604284,3.815628588e-06,-2.96998769e-06,-2.96998769e-06,1.17328018e-05,0,3.59472e-11,2.82535e-06,0.03815180063,-0.02969552577,0.3837299751,0.04414573999
1882,18.820000,0.3997949287,0.04793449305,3.815628588e-06,-2.96998769e-06,-2.96998769e-06,1.17328018e-05,0,3.59472e-11,2.82535e-06,0.03815180063,-0.02969552577,0.3965496447,0.04393103607
1883,18.830000,0.4121615067,0.04772828706,3.815628588e-06,-2.96998769e-06,-2.96998769e-06,1.17328018e-05,0,3.59472e-11,2.82535e-06,0.03815180063,-0.02969552577,0.4088036803,0.04418674101
1884,18.840000,0.4231342971,0.04776000604,3.815628588e-06,-2.96998769e-06,-2.96998769e-06,1.17328018e-05,0,3.59472e-11,2.82535e-06,0.03815180063,-0.02969552577,0.4203939887,0.04398713292
1885,18.850000,0.4331924953,0.04802370165,3.815628588e-06,-2.96998769e-06,-2.96998769e-06,1.17328018e-05,0,3.59472e-11,2.82535e-06,0.03815180063,-0.02969552577,0.4312286169,0.04407439416
1886,18.860000,0.4426589534,0.04789865576,3.815628588e-06,-2.96998769e-06,-2.96998769e-06,1.17328018e-05,0,3.59472e-11,2.82535e-06,0.03815180063,-0.02969552577,0.4412226588,0.04428605884
1887,18.870000,0.4510822594,0.04795601498,3.815628588e-06,-2.96998769e-06,-2.96998769e-06,1.17328018e-05,0,3.59472e-11,2.82535e-06,0.03815180063,-0.02969552577,0.4502990844,0.04416306142
1888,18.880000,0.459177997,0.04761709087,3.815628588e-06,-2.96998769e-06,-2.96998769e-06,1.17328018e-05,0,3.59472e-11,2.82535e-06,0.03815180063,-0.02969552577,0.4583894799,0.04417451475
1889,18.890000,0.4651622064,0.04809482023,3.815628588e-06,-2.96998769e-06,-2.96998769e-06,1.17328018e-05,0,3.59472e-11,2.82535e-06,0.03815180063,-0.02969552577,0.4654346923,0.04392569319
1890,18.900000,0.4712059312,0.04760785308,3.815628588e-06,-2.96998769e-06,-2.96998769e-06,1.17328018e-05,0,3.59472e-11,2.82535e-06,0.03815180063,-0.02969552577,0.4713853706,0.04422506572
1891,18.910000,0.4757811725,0.04735484533,3.815628588e-06,-2.96998769e-06,-2.96998769e-06,1.17328018e-05,0,3.59472e-11,2.82535e-06,0.03815180063,-0.02969552577,0.4762023983,0.04461909132
1892,18.920000,0.4791354239,0.047250879,3.815628588e-06,-2.96998769e-06,-2.96998769e-06,1.17328018e-05,0,3.59472e-11,2.82535e-06,0.03815180063,-0.02969552577,0.4798572117,0.04516469326
1893,18.930000,0.4804679602,0.04743406549,3.815628588e-06,-2.96998769e-06,-2.96998769e-06,1.17328018e-05,0,3.59472e-11,2.82535e-06,0.03815180063,-0.02969552577,0.4823320022,0.04523073515
1894,18.940000,0.4816018492,0.04754873738,3.815628588e-06,-2.96998769e-06,-2.96998769e-06,1.17328018e-05,0,3.59472e-11,2.82535e-06,0.03815180063,-0.02969552577,0.4836197986,0.04490005848
1895,18.950000,0.4816843569,0.04729743768,3.815628588e-06,-2.96998769e-06,-2.96998769e-06,1.17328018e-05,0,3.59472e-11,2.82535e-06,0.03815180063,-0.02969552577,0.4837244313,0.04467691672
1896,18.960000,0.4799232595,0.04719222989,3.815628588e-06,-2.96998769e-06,-2.96998769e-06,1.17328018e-05,0,3.59472e-11,2.82535e-06,0.03815180063,-0.02969552577,0.4826603762,0.04456089035
1897,18.970000,0.4777206928,0.04672457371,3.815628588e-06,-2.96998769e-06,-2.96998769e-06,1.17328018e-05,0,3.59472e-11,2.82535e-06,0.03815180063,-0.02969552577,0.4804524829,0.04462144552
1898,18.980000,0.4734644108,0.04716244619,3.815628588e-06,-2.96998769e-06,-2.96998769e-06,1.17328018e-05,0,3.59472e-11,2.82535e-06,0.03815180063,-0.02969552577,0.4771355886,0.04466403981
1899,18.990000,0.468104545,0.04707318917,3.815628588e-06,-2.96998769e-06,-2.96998769e-06,1.17328018e-05,0,3.59472e-11,2.82535e-06,0.03815180063,-0.02969552577,0.4727540245,0.0445202311
1900,19.000000,0.4616167173,0.04714520555,3.815628588e-06,-2.96998769e-06,-2.96998769e-06,1.17328018e-05,0,3.59472e-11,2.82535e-06,0.03815180063,-0.02969552577,0.4673610178,0.04437439312
1901,19.010000,0.4564467743,0.04601458646,3.815628588e-06,-2.96998769e-06,-2.96998769e-06,1.17328018e-05,0,3.59472e-11,2.82535e-06,0.03815180063,-0.02969552577,0.4610179994,0.04429207572
1902,19.020000,0.4500772022,0.04516236391,3.815628588e-06,-2.96998769e-06,-2.96998769e-06,1.17328018e-05,0,3.59472e-11,2.82535e-06,0.03815180063,-0.02969552577,0.4537938224,0.04394834856
1903,19.030000,0.4413620606,0.04525307287,3.815628588e-06,-2.96998769e-06,-2.96998769e-06,1.17328018e-05,0,3.59472e-11,2.82535e-06,0.03815180063,-0.02969552577,0.4457639034,0.04428015619
1904,19.040000,0.4328661375,0.0449527977,3.815628588e-06,-2.96998769e-06,-2.96998769e-06,1.17328018e-05,0,3.59472e-11,2.82535e-06,0.03815180063,-0.02969552577,0.4370092939,0.04427341503
1905,19.050000,0.4232373796,0.04472137149,3.815628588e-06,-2.96998769e-06,-2.96998769e-06,1.17328018e-05,0,3.59472e-11,2.82535e-06,0.03815180063,-0.02969552577,0.4276156953,0.04463809002
1906,19.060000,0.4134404287,0.04423221294,3.815628588e-06,-2.96998769e-06,-2.96998769e-06,1.17328018e-05,0,3.59472e-11,2.82535e-06,0.03815180063,-0.02969552577,0.4176724257,0.04449677061
1907,19.070000,0.402672112,0.04410503712,3.815628588e-06,-2.96998769e-06,-2.96998769e-06,1.17328018e-05,0,3.59472e-11,2.82535e-06,0.03815180063,-0.02969552577,0.4072713537,0.0442713897
1908,19.080000,0.392017778,0.04397990275,3.815628588e-06,-2.96998769e-06,-2.96998769e-06,1.17328018e-05,0,3.59472e-11,2.82535e-06,0.03815180063,-0.02969552577,0.3965058089,0.04412465983
1909,19.090000,0.3808252774,0.04394562729,3.815628588e-06,-2.96998769e-06,-2.96998769e-06,1.17328018e-05,0,3.59472e-11,2.82535e-06,0.03815180063,-0.02969552577,0.3854694834,0.04375362647
1910,19.100000,0.3698661029,0.04371085763,3.815628588e-06,-2.96998769e-06,-2.96998769e-06,1.17328018e-05,0,3.59472e-11,2.82535e-06,0.03815180063,-0.02969552577,0.3742553354,0.04350460978
1911,19.110000,0.3588701114,0.0431363564,3.815628588e-06,-2.96998769e-06,-2.96998769e-06,1.17328018e-05,0,3.59472e-11,2.82535e-06,0.03815180063,-0.02969552577,0.3629545089,0.04349751126
1912,19.120000,0.3475091495,0.04330489505,3.815628588e-06,-2.96998769e-06,-2.96998769e-06,1.17328018e-05,0,3.59472e-11,2.82535e-06,0.03815180063,-0.02969552577,0.3516552812,0.04322644362
1913,19.130000,0.3371536881,0.04285119567,3.815628588e-06,-2.96998769e-06,-2.96998769e-06,1.17328018e-05,0,3.59472e-11,2.82535e-06,0.03815180063,-0.02969552577,0.3404420495,0.04332789926
1914,19.140000,0.3257900551,0.0427254783,3.815628588e-06,-2.96998769e-06,-2.96998769e-06,1.17328018e-05,0,3.59472e-11,2.82535e-06,0.03815180063,-0.02969552577,0.3293943699,0.04328841839
1915,19.150000,0.3155980334,0.04254714027,3.815628588e-06,-2.96998769e-06,-2.96998769e-06,1.17328018e-05,0,3.59472e-11,2.82535e-06,0.03815180063,-0.02969552577,0.3185860582,0.04297797285
1916,19.160000,0.3046447001,0.0428714538,3.815628588e-06,-2.96998769e-06,-2.96998769e-06,1.17328018e-05,0,3.59472e-11,2.82535e-06,0.03815180063,-0.02969552577,0.3080843636,0.04358220341
1917,19.170000,0.2951808013,0.04282659851,3.815628588e-06,-2.96998769e-06,-2.96998769e-06,1.17328018e-05,0,3.59472e-11,2.82535e-06,0.03815180063,-0.02969552577,0.2979492242,0.04332687268
1918,19.180000,0.2858618945,0.04271711316,3.815628588e-06,-2.96998769e-06,-2.96998769e-06,1.17328018e-05,0,3.59472e-11,2.82535e-06,0.03815180063,-0.02969552577,0.2882326133,0.04341751005
1919,19.190000,0.2772526629,0.0423767101,3.815628588e-06,-2.96998769e-06,-2.96998769e-06,1.17328018e-05,0,3.59472e-11,2.82535e-06,0.03815180063,-0.02969552577,0.2789779829,0.04371615554
1920,19.200000,0.2688992992,0.04214166477,3.815628588e-06,-2.96998769e-06,-2.96998769e-06,1.17328018e-05,0,3.59472e-11,2.82535e-06,0.03815180063,-0.02969552577,0.270219812,0.0441638538
1921,19.210000,0.2604996003,0.04223689716,3.815628588e-06,-2.96998769e-06,-2.96998769e-06,1.17328018e-05,0,3.59472e-11,2.82535e-06,0.03815180063,-0.02969552577,0.2619832639,0.04394257403
1922,19.220000,0.2531376891,0.0423287563,3.815628588e-06,-2.96998769e-06,-2.96998769e-06,1.17328018e-05,0,3.59472e-11,2.82535e-06,0.03815180063,-0.02969552577,0.254283956,0.04392813167
1923,19.230000,0.2462263629,0.04253111314,3.815628588e-06,-2.96998769e-06,-2.96998769e-06,1.17328018e-05,0,3.59472e-11,2.82535e-06,0.03815180063,-0.02969552577,0.2471278455,0.0442875086
1924,19.240000,0.239793513,0.04262228776,3.815628588e-06,-2.96998769e-06,-2.96998769e-06,1.17328018e-05,0,3.59472e-11,2.82535e-06,0.03815180063,-0.02969552577,0.2405112314,0.04419088966
1925,19.250000,0.2341762856,0.04212028999,3.815628588e-06,-2.96998769e-06,-2.96998769e-06,1.17328018e-05,0,3.59472e-11,2.82535e-06,0.03815180063,-0.02969552577,0.2344208732,0.04440156299
1926,19.260000,0.2287640199,0.042310399,3.815628588e-06,-2.96998769e-06,-2.96998769e-06,1.17328018e-05,0,3.59472e-11,2.82535e-06,0.03815180063,-0.02969552577,0.228834224,0.04453015296
1927,19.270000,0.2248240374,0.04189802054,3.815628588e-06,-2.96998769e-06,-2.96998769e-06,1.17328018e-05,0,3.59472e-11,2.82535e-06,0.03815180063,-0.02969552577,0.2237197761,0.04477661397
1928,19.280000,0.2192337699,0.04241079744,3.815628588e-06,-2.96998769e-06,-2.96998769e-06,1.17328018e-05,0,3.59472e-11,2.82535e-06,0.03815180063,-0.02969552577,0.2190375143,0.04506217366
1929,19.290000,0.2144668363,0.04239880294,3.815628588e-06,-2.96998769e-06,-2.96998769e-06,1.17328018e-05,0,3.59472e-11,2.82535e-06,0.03815180063,-0.02969552577,0.2147394712,0.04499015146
1930,19.300000,0.2112008221,0.0424717553,3.815628588e-06,-2.96998769e-06,-2.96998769e-06,1.17328018e-05,0,3.59472e-11,2.82535e-06,0.03815180063,-0.02969552577,0.2107703791,0.04481425953
1931,19.310000,0.2071478404,0.04272420052,3.815628588e-06,-2.96998769e-06,-2.96998769e-06,1.17328018e-05,0,3.59472e-11,2.82535e-06,0.03815180063,-0.02969552577,0.2070684097,0.04455245069
1932,19.320000,0.2041616999,0.04275476839,3.815628588e-06,-2.96998769e-06,-2.96998769e-06,1.17328018e-05,0,3.59472e-11,2.82535e-06,0.03815180063,-0.02969552577,0.2035659933,0.04477146164
1933,19.330000,0.2005152442,0.04314468708,3.815628588e-06,-2.96998769e-06,-2.96998769e-06,1.17328018e-05,0,3.59472e-11,2.82535e-06,0.03815180063,-0.02969552577,0.2001907084,0.04484860839
1934,19.340000,0.1975786798,0.0427077394,3.815628588e-06,-2.96998769e-06,-2.96998769e-06,1.17328018e-05,0,3.59472e-11,2.82535e-06,0.03815180063,-0.02969552577,0.19686623,0.0444219661
1935,19.350000,0.1949242279,0.04211958218,3.815628588e-06,-2.96998769e-06,-2.96998769e-06,1.17328018e-05,0,3.59472e-11,2.82535e-06,0.03815180063,-0.02969552577,0.1935133266,0.0444497947
1936,19.360000,0.1906559765,0.0428300174,3.815628588e-06,-2.96998769e-06,-2.96998769e-06,1.17328018e-05,0,3.59472e-11,2.82535e-06,0.03815180063,-0.02969552577,0.1900508945,0.04460128406
1937,19.370000,0.1869963482,0.04250708316,3.815628588e-06,-2.96998769e-06,-2.96998769e-06,1.17328018e-05,0,3.59472e-11,2.82535e-06,0.03815180063,-0.02969552577,0.1863970158,0.04438539962
1938,19.380000,0.1825850904,0.04262890667,3.815628588e-06,-2.96998769e-06,-2.96998769e-06,1.17328018e-05,0,3.59472e-11,2.82535e-06,0.03815180063,-0.02969552577,0.1824700291,0.04420449916
1939,19.390000,0.1778936796,0.04274608288,3.815628588e-06,-2.96998769e-06,-2.96998769e-06,1.17328018e-05,0,3.59472e-11,2.82535e-06,0.03815180063,-0.02969552577,0.1781896,0.04397317398
1940,19.400000,0.1733167656,0.04253386334,3.815628588e-06,-2.96998769e-06,-2.96998769e-06,1.17328018e-05,0,3.59472e-11,2.82535e-06,0.03815180063,-0.02969552577,0.1734777783,0.043944879
1941,19.410000,0.1679065153,0.04257271811,3.815628588e-06,-2.96998769e-06,-2.96998769e-06,1.17328018e-05,0,3.59472e-11,2.82535e-06,0.03815180063,-0.02969552577,0.1682600305,0.0433390374
1942,19.420000,0.161422383,0.04265578277,3.815628588e-06,-2.96998769e-06,-2.96998769e-06,1.17328018e-05,0,3.59472e-11,2.82535e-06,0.03815180063,-0.02969552577,0.1624662348,0.04319477037
1943,19.430000,0.1544908397,0.04270193726,3.815628588e-06,-2.96998769e-06,-2.96998769e-06,1.17328018e-05,0,3.59472e-11,2.82535e-06,0.03815180063,-0.02969552577,0.1560316267,0.04320532107
1944,19.440000,0.1472937427,0.0426143175,3.815628588e-06,-2.96998769e-06,-2.96998769e-06,1.17328018e-05,0,3.59472e-11,2.82535e-06,0.03815180063,-0.02969552577,0.1488976854,0.0434152988
1945,19.450000,0.1398975737,0.04225380439,3.815628588e-06,-2.96998769e-06,-2.96998769e-06,1.17328018e-05,0,3.59472e-11,2.82535e-06,0.03815180063,-0.02969552577,0.1410129482,0.04349925978
1946,19.460000,0.1299696378,0.04291248135,3.815628588e-06,-2.96998769e-06,-2.96998769e-06,1.17328018e-05,0,3.59472e-11,2.82535e-06,0.03815180063,-0.02969552577,0.1323337465,0.04313227243
1947,19.470000,0.1204763316,0.04277366307,3.815628588e-06,-2.96998769e-06,-2.96998769e-06,1.17328018e-05,0,3.59472e-11,2.82535e-06,0.03815180063,-0.02969552577,0.1228248509,0.04343077503
1948,19.480000,0.1103352122,0.04234747682,3.815628588e-06,-2.96998769e-06,-2.96998769e-06,1.17328018e-05,0,3.59472e-11,2.82535e-06,0.03815180063,-0.02969552577,0.1124600211,0.04328960625
1949,19.490000,0.09872687981,0.04244628176,3.815628588e-06,-2.96998769e-06,-2.96998769e-06,1.17328018e-05,0,3.59472e-11,2.82535e-06,0.03815180063,-0.02969552577,0.1012224521,0.04295877046
1950,19.500000,0.08617921546,0.04262572154,3.815628588e-06,-2.96998769e-06,-2.96998769e-06,1.17328018e-05,0,3.59472e-11,2.82535e-06,0.03815180063,-0.02969552577,0.08910511148,0.04315356832
1951,19.510000,0.07213756442,0.04266086593,3.815628588e-06,-2.96998769e-06,-2.96998769e-06,1.17328018e-05,0,3.59472e-11,2.82535e-06,0.03815180063,-0.02969552577,0.07611096398,0.04343337847
1952,19.520000,0.05802694708,0.04238395113,3.815628588e-06,-2.96998769e-06,-2.96998769e-06,1.17328018e-05,0,3.59472e-11,2.82535e-06,0.03815180063,-0.02969552577,0.06225308049,0.04291272613
1953,19.530000,0.04289649799,0.0423767902,3.815628588e-06,-2.96998769e-06,-2.96998769e-06,1.17328018e-05,0,3.59472e-11,2.82535e-06,0.03815180063,-0.02969552577,0.04755462949,0.04331567009
1954,19.540000,0.02684412897,0.04243118502,3.815628588e-06,-2.96998769e-06,-2.96998769e-06,1.17328018e-05,0,3.59472e-11,2.82535e-06,0.03815180063,-0.02969552577,0.0320487511,0.04299825117
1955,19.550000,0.01015003026,0.04234843701,3.815628588e-06,-2.96998769e-06,-2.96998769e-06,1.17328018e-05,0,3.59472e-11,2.82535e-06,0.03815180063,-0.02969552577,0.01577831464,0.04297643365
1956,19.560000,-0.007865544409,0.04288119078,3.815628588e-06,-2.96998769e-06,-2.96998769e-06,1.17328018e-05,0,3.59472e-11,2.82535e-06,0.03815180063,-0.02969552577,-0.001204437678,0.04357471577
1957,19.570000,-0.02515032515,0.04257355258,3.815628588e-06,-2.96998769e-06,-2.96998769e-06,1.17328018e-05,0,3.59472e-11,2.82535e-06,0.03815180063,-0.02969552577,-0.01883835733,0.04324021549
1958,19.580000,-0.04329336807,0.04262105841,3.815628588e-06,-2.96998769e-06,-2.96998769e-06,1.17328018e-05,0,3.59472e-11,2.82535e-06,0.03815180063,-0.02969552577,-0.03705396109,0.04301064816
1959,19.590000,-0.06180769578,0.04236534704,3.815628588e-06,-2.96998769e-06,-2.96998769e-06,1.17328018e-05,0,3.59472e-11,2.82535e-06,0.03815180063,-0.02969552577,-0.0557741016,0.04263541421
1960,19.600000,-0.08240435272,0.04287249874,3.815628588e-06,-2.96998769e-06,-2.96998769e-06,1.17328018e-05,0,3.59472e-11,2.82535e-06,0.03815180063,-0.02969552577,-0.07491472943,0.04266448356
1961,19.610000,-0.1010312401,0.04242196586,3.815628588e-06,-2.96998769e-06,-2.96998769e-06,1.17328018e-05,0,3.59472e-11,2.82535e-06,0.03815180063,-0.02969552577,-0.0943857382,0.04256839344
1962,19.620000,-0.1203066036,0.04227320757,3.815628588e-06,-2.96998769e-06,-2.96998769e-06,1.17328018e-05,0,3.59472e-11,2.82535e-06,0.03815180063,-0.02969552577,-0.1140918833,0.04286761754
1963,19.630000,-0.1398820169,0.04194497876,3.815628588e-06,-2.96998769e-06,-2.96998769e-06,1.17328018e-05,0,3.59472e-11,2.82535e-06,0.03815180063,-0.02969552577,-0.1339337644,0.0427886319
1964,19.640000,-0.1591596119,0.04163980484,3.815628588e-06,-2.96998769e-06,-2.96998769e-06,1.17328018e-05,0,3.59472e-11,2.82535e-06,0.03815180063,-0.02969552577,-0.1538088594,0.04276765648
1965,19.650000,-0.1784431599,0.04121427983,3.815628588e-06,-2.96998769e-06,-2.96998769e-06,1.17328018e-05,0,3.59472e-11,2.82535e-06,0.03815180063,-0.02969552577,-0.1736126008,0.04262805062
1966,19.660000,-0.1979437284,0.04125460051,3.815628588e-06,-2.96998769e-06,-2.96998769e-06,1.17328018e-05,0,3.59472e-11,2.82535e-06,0.03815180063,-0.02969552577,-0.193239479,0.04334873518
1967,19.670000,-0.2171641476,0.04113082215,3.815628588e-06,-2.96998769e-06,-2.96998769e-06,1.17328018e-05,0,3.59472e-11,2.82535e-06,0.03815180063,-0.02969552577,-0.2125841636,0.04389738156
1968,19.680000,-0.2357763536,0.04112126399,3.815628588e-06,-2.96998769e-06,-2.96998769e-06,1.17328018e-05,0,3.59472e-11,2.82535e-06,0.03815180063,-0.02969552577,-0.2315426269,0.04348454147
1969,19.690000,-0.2529908232,0.04048325866,3.815628588e-06,-2.96998769e-06,-2.96998769e-06,1.17328018e-05,0,3.59472e-11,2.82535e-06,0.03815180063,-0.02969552577,-0.2500132597,0.04361241959
1970,19.700000,-0.2705101594,0.04069645796,3.815628588e-06,-2.96998769e-06,-2.96998769e-06,1.17328018e-05,0,3.59472e-11,2.82535e-06,0.03815180063,-0.02969552577,-0.2678979646,0.04344978388
1971,19.710000,-0.2875918038,0.04118309729,3.815628588e-06,-2.96998769e-06,-2.96998769e-06,1.17328018e-05,0,3.59472e-11,2.82535e-06,0.03815180063,-0.02969552577,-0.2851032157,0.043200884
1972,19.720000,-0.3041876294,0.04137948249,3.815628588e-06,-2.96998769e-06,-2.96998769e-06,1.17328018e-05,0,3.59472e-11,2.82535e-06,0.03815180063,-0.02969552577,-0.3015410724,0.04335323231
1973,19.730000,-0.318422325,0.04093092121,3.815628588e-06,-2.96998769e-06,-2.96998769e-06,1.17328018e-05,0,3.59472e-11,2.82535e-06,0.03815180063,-0.02969552577,-0.3171301355,0.04276169031
1974,19.740000,-0.3319981135,0.04082110338,3.815628588e-06,-2.96998769e-06,-2.96998769e-06,1.17328018e-05,0,3.59472e-11,2.82535e-06,0.03815180063,-0.02969552577,-0.3317964353,0.04310448922
1975,19.750000,-0.3462069295,0.04158180486,3.815628588e-06,-2.96998769e-06,-2.96998769e-06,1.17328018e-05,0,3.59472e-11,2.82535e-06,0.03815180063,-0.02969552577,-0.3454742411,0.04314967402
1976,19.760000,-0.358030241,0.04147631861,3.815628588e-06,-2.96998769e-06,-2.96998769e-06,1.17328018e-05,0,3.59472e-11,2.82535e-06,0.03815180063,-0.02969552577,-0.3581067831,0.04305458345
1977,19.770000,-0.3693790883,0.04163168464,3.815628588e-06,-2.96998769e-06,-2.96998769e-06,1.17328018e-05,0,3.59472e-11,2.82535e-06,0.03815180063,-0.02969552577,-0.3696468786,0.04288694619
1978,19.780000,-0.378230162,0.04112581071,3.815628588e-06,-2.96998769e-06,-2.96998769e-06,1.17328018e-05,0,3.59472e-11,2.82535e-06,0.03815180063,-0.02969552577,-0.3800574549,0.04247766858
1979,19.790000,-0.3867095932,0.04132871144,3.815628588e-06,-2.96998769e-06,-2.96998769e-06,1.17328018e-05,0,3.59472e-11,2.82535e-06,0.03815180063,-0.02969552577,-0.3893119634,0.0424188937
1980,19.800000,-0.3945116065,0.04151087161,3.815628588e-06,-2.96998769e-06,-2.96998769e-06,1.17328018e-05,0,3.59472e-11,2.82535e-06,0.03815180063,-0.02969552577,-0.3973946799,0.04222743782
1981,19.810000,-0.3997231424,0.04089799896,3.815628588e-06,-2.96998769e-06,-2.96998769e-06,1.17328018e-05,0,3.59472e-11,2.82535e-06,0.03815180063,-0.02969552577,-0.4043008877,0.04211965599
1982,19.820000,-0.4042759761,0.04083654471,3.815628588e-06,-2.96998769e-06,-2.96998769e-06,1.17328018e-05,0,3.59472e-11,2.82535e-06,0.03815180063,-0.02969552577,-0.4100369409,0.04210835081
1983,19.830000,-0.4086458124,0.04128690809,3.815628588e-06,-2.96998769e-06,-2.96998769e-06,1.17328018e-05,0,3.59472e-11,2.82535e-06,0.03815180063,-0.02969552577,-0.4146202076,0.0423494546
1984,19.840000,-0.4120117761,0.04114321619,3.815628588e-06,-2.96998769e-06,-2.96998769e-06,1.17328018e-05,0,3.59472e-11,2.82535e-06,0.03815180063,-0.02969552577,-0.4180788935,0.04222498646
1985,19.850000,-0.4135745093,0.04080979433,3.815628588e-06,-2.96998769e-06,-2.96998769e-06,1.17328018e-05,0,3.59472e-11,2.82535e-06,0.03815180063,-0.02969552577,-0.4204517472,0.04197336581
1986,19.860000,-0.4144987874,0.04100376926,3.815628588e-06,-2.96998769e-06,-2.96998769e-06,1.17328018e-05,0,3.59472e-11,2.82535e-06,0.03815180063,-0.02969552577,-0.4217876514,0.04185217
1987,19.870000,-0.4144676253,0.0409520492,3.815628588e-06,-2.96998769e-06,-2.96998769e-06,1.17328018e-05,0,3.59472e-11,2.82535e-06,0.03815180063,-0.02969552577,-0.4221451028,0.04175623896
1988,19.880000,-0.414314542,0.04141679127,3.815628588e-06,-2.96998769e-06,-2.96998769e-06,1.17328018e-05,0,3.59472e-11,2.82535e-06,0.03815180063,-0.02969552577,-0.4215915893,0.04220868375
1989,19.890000,-0.412600413,0.04156719893,3.815628588e-06,-2.96998769e-06,-2.96998769e-06,1.17328018e-05,0,3.59472e-11,2.82535e-06,0.03815180063,-0.02969552577,-0.4202028673,0.04161198209
1990,19.900000,-0.4100094847,0.04175017215,3.815628588e-06,-2.96998769e-06,-2.96998769e-06,1.17328018e-05,0,3.59472e-11,2.82535e-06,0.03815180063,-0.02969552577,-0.418062152,0.04182322051
1991,19.910000,-0.407362584,0.04248867184,3.815628588e-06,-2.96998769e-06,-2.96998769e-06,1.17328018e-05,0,3.59472e-11,2.82535e-06,0.03815180063,-0.02969552577,-0.4152592249,0.04154109543
1992,19.920000,-0.4045554698,0.04297401849,3.815628588e-06,-2.96998769e-06,-2.96998769e-06,1.17328018e-05,0,3.59472e-11,2.82535e-06,0.03815180063,-0.02969552577,-0.4118894725,0.04146653827
1993,19.930000,-0.400460165,0.04305960145,3.815628588e-06,-2.96998769e-06,-2.96998769e-06,1.17328018e-05,0,3.59472e-11,2.82535e-06,0.03815180063,-0.02969552577,-0.4080528635,0.04141027249
1994,19.940000,-0.3963759206,0.04320979584,3.815628588e-06,-2.96998769e-06,-2.96998769e-06,1.17328018e-05,0,3.59472e-11,2.82535e-06,0.03815180063,-0.02969552577,-0.4038528793,0.04094697465
1995,19.950000,-0.3918137439,0.0431127809,3.815628588e-06,-2.96998769e-06,-2.96998769e-06,1.17328018e-05,0,3.59472e-11,2.82535e-06,0.03815180063,-0.02969552577,-0.3993954062,0.04090426978
1996,19.960000,-0.3875621222,0.04347605165,3.815628588e-06,-2.96998769e-06,-2.96998769e-06,1.17328018e-05,0,3.59472e-11,2.82535e-06,0.03815180063,-0.02969552577,-0.3947876046,0.04145476395
1997,19.970000,-0.3827434629,0.04347078316,3.815628588e-06,-2.96998769e-06,-2.96998769e-06,1.17328018e-05,0,3.59472e-11,2.82535e-06,0.03815180063,-0.02969552577,-0.3901367663,0.04090060388
1998,19.980000,-0.377982866,0.04359896295,3.815628588e-06,-2.96998769e-06,-2.96998769e-06,1.17328018e-05,0,3.59472e-11,2.82535e-06,0.03815180063,-0.02969552577,-0.3855491723,0.04108397499
1999,19.990000,-0.3750210367,0.04459347855,3.815628588e-06,-2.96998769e-06,-2.96998769e-06,1.17328018e-05,0,3.59472e-11,2.82535e-06,0.03815180063,-0.02969552577,-0.3811289655,0.04148368856
