k,t,angle,bias,p00,p01,p10,p11,sym_resid,det,lambda_min,k0,k1,true_angle,true_bias
0,0.000000,0.3252166659,-0.0007865186781,0.0001000165939,-2.384185791e-07,-2.384185791e-07,0.2499938607,0,2.50035e-05,0.000100017,0.9998999955,-0.002499684691,0.3321631364,0.02966706565
1,0.010000,0.3412679136,-0.1212705141,5.561113358e-05,-0.001110732555,-0.001110732555,0.2222279906,0,1.11246e-05,5.00583e-05,0.5557320621,-11.1056394,0.3419201442,0.02933050891
2,0.020000,0.3515089303,-0.1250376068,5.000829697e-05,-0.001665532589,-0.001665532589,0.1667248607,0,5.56363e-06,3.33668e-05,0.500297796,-16.65247171,0.3508253296,0.02915111728
3,0.030000,0.3593226634,-0.08655001968,5.000829697e-05,-0.001665890217,-0.001665890217,0.111213088,0,2.78639e-06,2.50489e-05,0.5001489427,-16.65624069,0.3588144492,0.02924680783
4,0.040000,0.3619766086,0.06064364314,4.857778549e-05,-0.001428127289,-0.001428127289,0.07154595852,0,1.436e-06,2.0063e-05,0.4859068627,-14.2791054,0.3658309542,0.02873635328
5,0.050000,0.3614051864,0.223547807,4.577636719e-05,-0.001162171364,-0.001162171364,0.04663848877,0,7.84298e-07,1.68061e-05,0.4578352179,-11.61970921,0.3718267185,0.02867816537
6,0.060000,0.3767031655,-0.05465009902,4.243850708e-05,-0.0009371638298,-0.0009371638298,0.03137880564,0,4.53394e-07,1.44362e-05,0.4245541841,-9.370027438,0.376762676,0.0289598765
7,0.070000,0.3820945658,-0.06614768319,3.916025162e-05,-0.0007607936859,-0.0007607936859,0.02186340094,0,2.77369e-07,1.26711e-05,0.3918086262,-7.606741577,0.380609358,0.02917989197
8,0.080000,0.3831507117,-0.03026262857,3.618001938e-05,-0.0006251335144,-0.0006251335144,0.0157418251,0,1.78748e-07,1.13371e-05,0.3617345002,-6.250285283,0.3833473249,0.02876948329
9,0.090000,0.3865855485,-0.0638178261,3.349781036e-05,-0.0005204677582,-0.0005204677582,0.01166975498,0,1.20025e-07,1.02647e-05,0.3349187477,-5.203725725,0.3849674875,0.02899060667
10,0.100000,0.3863803633,-0.04257053044,3.111362457e-05,-0.0004389286041,-0.0004389286041,0.008873820305,0,8.34384e-08,9.37979e-06,0.311165846,-4.388341546,0.385471313,0.0290045583
11,0.110000,0.388157621,-0.07835918013,2.902746201e-05,-0.0003743767738,-0.0003743767738,0.006898641586,0,6.00921e-08,8.6851e-06,0.2904862575,-3.743340388,0.3848709138,0.02931577587
12,0.120000,0.3834438697,-0.03581174742,2.717971802e-05,-0.0003228783607,-0.0003228783607,0.005467534065,0,4.43556e-08,8.08431e-06,0.271701389,-3.228298604,0.3831890168,0.02927022695
13,0.130000,0.3821151033,-0.04784179479,2.551078796e-05,-0.0002811551094,-0.0002811551094,0.004406273365,0,3.33593e-08,7.54012e-06,0.2552152686,-2.811362624,0.3804588148,0.02948110981
14,0.140000,0.3813687041,-0.07236097474,2.408027649e-05,-0.0002469420433,-0.0002469420433,0.003603518009,0,2.57933e-08,7.1243e-06,0.2407239815,-2.468778282,0.3767237,0.02932200267
15,0.150000,0.3749261387,-0.05009030644,2.27689743e-05,-0.000218629837,-0.000218629837,0.00298500061,0,2.01664e-08,6.71978e-06,0.2274401477,-2.186003685,0.3720368825,0.02939313549
16,0.160000,0.3753932938,-0.09649872594,2.163648605e-05,-0.0001947283745,-0.0001947283745,0.002501249313,0,1.61991e-08,6.43729e-06,0.2162540872,-1.947220922,0.3664608987,0.02971306703
17,0.170000,0.3697664626,-0.09534826316,2.056360245e-05,-0.0001745223999,-0.0001745223999,0.002117931843,0,1.30942e-08,6.14074e-06,0.2058684332,-1.744912446,0.3600670134,0.02977534348
18,0.180000,0.3629193678,-0.09440623876,1.960992813e-05,-0.0001573562622,-0.0001573562622,0.001810252666,0,1.07379e-08,5.8871e-06,0.1959750839,-1.57307139,0.3529345242,0.02999140013
19,0.190000,0.3542828225,-0.08167005703,1.871585846e-05,-0.0001426339149,-0.0001426339149,0.001560091972,0,8.85403e-09,5.62811e-06,0.1870155036,-1.426356584,0.3451499732,0.0300111348
20,0.200000,0.3435568549,-0.05648119375,1.794099808e-05,-0.000129878521,-0.000129878521,0.001354753971,0,7.43721e-09,5.43952e-06,0.1794621022,-1.298288509,0.3368062767,0.03001418672
21,0.210000,0.3335539624,-0.03967980295,1.722574234e-05,-0.0001187324524,-0.0001187324524,0.00118458271,0,6.30792e-09,5.27182e-06,0.1721756291,-1.186975822,0.3280017819,0.030542506
22,0.220000,0.3233802952,-0.0322911609,1.657009125e-05,-0.0001089572906,-0.0001089572906,0.001042425632,0,5.4014e-09,5.12529e-06,0.165589259,-1.089507714,0.3188392603,0.03073780746
23,0.230000,0.3116822243,-0.013444704,1.591444016e-05,-0.0001003742218,-0.0001003742218,0.0009227395058,0,4.6099e-09,4.93715e-06,0.1593186371,-1.003507018,0.3094248505,0.03095593739
24,0.240000,0.3001202382,0.001514949836,1.531839371e-05,-9.280443192e-05,-9.280443192e-05,0.0008212327957,0,3.9673e-09,4.76965e-06,0.1533804238,-0.9278506488,0.2998669599,0.03132054147
25,0.250000,0.290304102,0.004366722889,1.484155655e-05,-8.606910706e-05,-8.606910706e-05,0.0007344484329,0,3.49247e-09,4.6904e-06,0.1482233498,-0.8604060858,0.2902751402,0.0308684604
26,0.260000,0.2814482413,0.004873738624,1.436471939e-05,-7.998943329e-05,-7.998943329e-05,0.0006598830223,0,3.08073e-09,4.60052e-06,0.1434405306,-0.7998979092,0.2807589468,0.03105817102
27,0.270000,0.2734210491,-0.0001145955175,1.388788223e-05,-7.456541061e-05,-7.456541061e-05,0.000595510006,0,2.71037e-09,4.48057e-06,0.1390456641,-0.7455105186,0.2714267963,0.03153106165
28,0.280000,0.2650486417,0.001358574256,1.353025436e-05,-6.967782974e-05,-6.967782974e-05,0.0005395412445,0,2.44513e-09,4.45692e-06,0.1350515466,-0.6963917464,0.2623848341,0.03155858174
29,0.290000,0.2580840774,-0.0009682150558,1.31726265e-05,-6.520748138e-05,-6.520748138e-05,0.0004906058311,0,2.21055e-09,4.42684e-06,0.131469979,-0.6521739066,0.2537358252,0.03120582176
30,0.300000,0.25150574,-0.004002201371,1.281499863e-05,-6.115436554e-05,-6.115436554e-05,0.0004478693008,0,1.99959e-09,4.38216e-06,0.1278586276,-0.6112266183,0.2455780804,0.03114331556
31,0.310000,0.2437183969,0.0005892682821,1.239776611e-05,-5.745887756e-05,-5.745887756e-05,0.00041025877,0,1.78477e-09,4.2658e-06,0.1242171191,-0.5746346563,0.2380044294,0.03134826957
32,0.320000,0.2369273305,0.003568910062,1.204013824e-05,-5.412101746e-05,-5.412101746e-05,0.0003771185875,0,1.61148e-09,4.18595e-06,0.1205450734,-0.5414046049,0.231101253,0.03105417792
33,0.330000,0.2279889025,0.01839645859,1.174211502e-05,-5.108118057e-05,-5.108118057e-05,0.000347673893,0,1.47314e-09,4.14654e-06,0.1173066804,-0.5107837915,0.2249475854,0.0315835482
34,0.340000,0.2228528596,0.02192464471,1.14440918e-05,-4.827976227e-05,-4.827976227e-05,0.0003214478493,0,1.34774e-09,4.09906e-06,0.1145118736,-0.4828495979,0.2196142948,0.03147865988
35,0.350000,0.2190732546,0.02126252465,1.114606857e-05,-4.571676254e-05,-4.571676254e-05,0.0002980232239,0,1.23176e-09,4.03682e-06,0.111699312,-0.4573848546,0.2151633538,0.03096849217
36,0.360000,0.2163500972,0.02048636135,1.090764999e-05,-4.33921814e-05,-4.33921814e-05,0.0002771019936,0,1.13965e-09,4.0129e-06,0.1088688262,-0.4338821024,0.2116472066,0.03066032634
37,0.370000,0.2134350687,0.02384023741,1.066923141e-05,-4.124641418e-05,-4.124641418e-05,0.0002582073212,0,1.05361e-09,3.97739e-06,0.1064962726,-0.412140578,0.2091082391,0.03049017655
38,0.380000,0.2115179673,0.025880876,1.043081284e-05,-3.921985626e-05,-3.921985626e-05,0.0002411603928,0,9.77302e-10,3.94638e-06,0.1041110521,-0.3924185783,0.2075783601,0.03042356994
39,0.390000,0.2122749016,0.02169329952,1.019239426e-05,-3.737211227e-05,-3.737211227e-05,0.0002257227898,0,9.03981e-10,3.89615e-06,0.1021936862,-0.3734617382,0.2070786955,0.03022350979
40,0.400000,0.2116816118,0.02737977728,9.953975677e-06,-3.570318222e-05,-3.570318222e-05,0.0002117753029,0,8.33289e-10,3.82409e-06,0.09978540801,-0.3567596525,0.2076194013,0.03007280427
41,0.410000,0.2130066268,0.02981147915,9.715557098e-06,-3.415346146e-05,-3.415346146e-05,0.0001989603043,0,7.66551e-10,3.74045e-06,0.0973641742,-0.3415814936,0.2091995959,0.030295565
42,0.420000,0.2153769955,0.03114220407,9.536743164e-06,-3.266334534e-05,-3.266334534e-05,0.0001872777939,0,7.19126e-10,3.7243e-06,0.09541779011,-0.3266846389,0.2118074121,0.02981613177
43,0.430000,0.2184822224,0.0354245333,9.35792923e-06,-3.129243851e-05,-3.129243851e-05,0.0001766085625,0,6.73474e-10,3.69489e-06,0.09346299339,-0.3128038943,0.2154201701,0.02959923005
44,0.440000,0.2238022275,0.03467469011,9.179115295e-06,-3.004074097e-05,-3.004074097e-05,0.0001667141914,0,6.27843e-10,3.64499e-06,0.09199134167,-0.3003246784,0.220004667,0.02986841553
45,0.450000,0.2297424786,0.03394203447,9.000301361e-06,-2.884864807e-05,-2.884864807e-05,0.0001577734947,0,5.87765e-10,3.60212e-06,0.09002169222,-0.2885032594,0.2255175814,0.0303305498
46,0.460000,0.2355280332,0.03657801915,8.881092072e-06,-2.771615982e-05,-2.771615982e-05,0.0001494884491,0,5.59435e-10,3.61498e-06,0.08853883762,-0.2770233601,0.2319059867,0.03051829799
47,0.470000,0.2422193624,0.03999469336,8.761882782e-06,-2.664327621e-05,-2.664327621e-05,0.0001417398453,0,5.32044e-10,3.62232e-06,0.08754757978,-0.2664491534,0.2391079691,0.03066740791
48,0.480000,0.2499747165,0.03950032778,8.583068848e-06,-2.562999725e-05,-2.562999725e-05,0.0001346468925,0,4.98787e-10,3.57147e-06,0.08605664503,-0.2565359473,0.247053342,0.03060026015
49,0.490000,0.2593036816,0.03922563046,8.463859558e-06,-2.473592758e-05,-2.473592758e-05,0.0001280903816,0,4.72273e-10,3.55083e-06,0.08456082921,-0.2471358478,0.2556644483,0.03036719012
50,0.500000,0.2689892985,0.0390379196,8.285045624e-06,-2.384185791e-05,-2.384185791e-05,0.0001220107079,0,4.4243e-10,3.48901e-06,0.08306010906,-0.2382513732,0.2648570434,0.03016283812
51,0.510000,0.2785746641,0.04055285081,8.165836334e-06,-2.300739288e-05,-2.300739288e-05,0.0001163482666,0,4.20741e-10,3.4761e-06,0.08155446127,-0.2298850566,0.2745412464,0.03007147511
52,0.520000,0.2886915244,0.04084615875,8.046627045e-06,-2.22325325e-05,-2.22325325e-05,0.0001111030579,0,3.99719e-10,3.45495e-06,0.08054794557,-0.2224657536,0.2846225509,0.03009672976
53,0.530000,0.299654521,0.04008697812,7.927417755e-06,-2.151727676e-05,-2.151727676e-05,0.0001062750816,0,3.79494e-10,3.42575e-06,0.07953922078,-0.2150301635,0.2950028822,0.03005692309
54,0.540000,0.3101579733,0.03947461583,7.86781311e-06,-2.080202103e-05,-2.080202103e-05,0.000101685524,0,3.67319e-10,3.4623e-06,0.0785282813,-0.2081274092,0.3055816905,0.02971052266
55,0.550000,0.3204452731,0.04070608784,7.748603821e-06,-2.014636993e-05,-2.014636993e-05,9.739398956e-05,0,3.48791e-10,3.42916e-06,0.07751511782,-0.2012094557,0.3162570664,0.02983368425
56,0.560000,0.3302761316,0.04225520696,7.629394531e-06,-1.949071884e-05,-1.949071884e-05,9.340047836e-05,0,3.32701e-10,3.40806e-06,0.07649972476,-0.1948266327,0.3269268672,0.0301834009
57,0.570000,0.3395347707,0.04489287362,7.510185242e-06,-1.889467239e-05,-1.889467239e-05,8.964538574e-05,0,3.16245e-10,3.37207e-06,0.07497243676,-0.1890849024,0.3374898403,0.03108892053
58,0.580000,0.3489088565,0.04729538225,7.390975952e-06,-1.829862595e-05,-1.829862595e-05,8.61287117e-05,0,3.01736e-10,3.34617e-06,0.07395143528,-0.1832229644,0.3478467318,0.03058587344
59,0.590000,0.3586590774,0.04750222433,7.271766663e-06,-1.776218414e-05,-1.776218414e-05,8.285045624e-05,0,2.86974e-10,3.30552e-06,0.07292817719,-0.1773480624,0.3579013682,0.0303835641
60,0.600000,0.3684022054,0.04658963718,7.212162018e-06,-1.728534698e-05,-1.728534698e-05,7.975101471e-05,0,2.76394e-10,3.3038e-06,0.07190265507,-0.1725663692,0.3675616969,0.03051780015
61,0.610000,0.3762875348,0.04862394836,7.152557373e-06,-1.674890518e-05,-1.674890518e-05,7.683038712e-05,0,2.69008e-10,3.33561e-06,0.07138904277,-0.167681247,0.3767407772,0.03062105865
62,0.620000,0.3851847574,0.0469910996,7.092952728e-06,-1.627206802e-05,-1.627206802e-05,7.402896881e-05,0,2.60304e-10,3.34688e-06,0.07087486144,-0.1627907008,0.3853577078,0.03041931799
63,0.630000,0.3938676342,0.04471465107,7.033348083e-06,-1.579523087e-05,-1.579523087e-05,7.146596909e-05,0,2.53156e-10,3.36958e-06,0.07036011107,-0.1578947306,0.3933384816,0.02986875625
64,0.640000,0.3997575566,0.04575770162,6.973743439e-06,-1.537799835e-05,-1.537799835e-05,6.902217865e-05,0,2.4486e-10,3.3716e-06,0.0698447898,-0.1535476744,0.4006167588,0.02971752405
65,0.650000,0.4063112177,0.04389844649,6.914138794e-06,-1.496076584e-05,-1.496076584e-05,6.681680679e-05,0,2.38156e-10,3.38552e-06,0.0693288967,-0.1497504115,0.4071345486,0.0296724589
66,0.660000,0.4109136425,0.04489987716,6.854534149e-06,-1.454353333e-05,-1.454353333e-05,6.467103958e-05,0,2.31775e-10,3.40229e-06,0.06881243084,-0.1453940123,0.4128427931,0.02926328745
67,0.670000,0.4151186869,0.04488117062,6.794929504e-06,-1.418590546e-05,-1.418590546e-05,6.264448166e-05,0,2.24425e-10,3.39826e-06,0.06777777802,-0.1416666657,0.4177018459,0.02950422435
68,0.680000,0.4168659151,0.04686789494,6.675720215e-06,-1.382827759e-05,-1.382827759e-05,6.073713303e-05,0,2.14243e-10,3.34394e-06,0.06674082298,-0.1384872049,0.4216818414,0.02935063485
69,0.690000,0.4187769815,0.04680283554,6.556510925e-06,-1.347064972e-05,-1.347064972e-05,5.882978439e-05,0,2.0426e-10,3.28937e-06,0.06570155919,-0.1347438693,0.4247629497,0.02942340441
70,0.700000,0.4185008481,0.05005546845,6.437301636e-06,-1.31726265e-05,-1.31726265e-05,5.710124969e-05,0,1.9406e-10,3.2171e-06,0.06465997733,-0.1315496117,0.4269355153,0.02913875964
71,0.710000,0.4201011509,0.04859494325,6.377696991e-06,-1.287460327e-05,-1.287460327e-05,5.543231964e-05,0,1.87775e-10,3.20403e-06,0.06361607183,-0.12890625,0.4282000787,0.02917873336
72,0.720000,0.4212441705,0.04700673372,6.318092346e-06,-1.257658005e-05,-1.257658005e-05,5.394220352e-05,0,1.82641e-10,3.2009e-06,0.0630932441,-0.1256281435,0.4285672788,0.02935061867
73,0.730000,0.4192313254,0.04874820914,6.258487701e-06,-1.227855682e-05,-1.227855682e-05,5.24520874e-05,0,1.77508e-10,3.19759e-06,0.06256983243,-0.1229050308,0.4280576408,0.02937711671
74,0.740000,0.4172585085,0.04897175077,6.198883057e-06,-1.204013824e-05,-1.204013824e-05,5.102157593e-05,0,1.71312e-10,3.16945e-06,0.06204583589,-0.1201788783,0.4267012492,0.02963918558
75,0.750000,0.415896412,0.04674189351,6.139278412e-06,-1.180171967e-05,-1.180171967e-05,4.96506691e-05,0,1.65539e-10,3.1444e-06,0.06152125262,-0.1180089414,0.4245373122,0.02961350435
76,0.760000,0.412626043,0.04554439988,6.079673767e-06,-1.150369644e-05,-1.150369644e-05,4.827976227e-05,0,1.6119e-10,3.14751e-06,0.06099608261,-0.1152770072,0.4216136213,0.02971158825
77,0.770000,0.4080145136,0.04537333082,6.020069122e-06,-1.126527786e-05,-1.126527786e-05,4.696846008e-05,0,1.55847e-10,3.1255e-06,0.06047032494,-0.1125419885,0.4179859139,0.02999334309
78,0.780000,0.4045781866,0.04401994497,6.020069122e-06,-1.102685928e-05,-1.102685928e-05,4.571676254e-05,0,1.53626e-10,3.16272e-06,0.05994397774,-0.1103641391,0.4137171447,0.02961872399
79,0.790000,0.400410343,0.04226662032,6.020069122e-06,-1.07884407e-05,-1.07884407e-05,4.458427429e-05,0,1.5201e-10,3.20715e-06,0.05994397774,-0.1081232429,0.4088766766,0.02983150548
80,0.800000,0.3949857987,0.04220153019,6.020069122e-06,-1.055002213e-05,-1.055002213e-05,4.351139069e-05,0,1.50639e-10,3.2552e-06,0.05994397774,-0.1053221226,0.4035393989,0.03005978299
81,0.810000,0.3896356821,0.04128905945,6.020069122e-06,-1.031160355e-05,-1.031160355e-05,4.249811172e-05,0,1.49512e-10,3.30698e-06,0.05994397774,-0.1030812263,0.3977847847,0.02968847557
82,0.820000,0.3836855926,0.04011560511,6.020069122e-06,-1.007318497e-05,-1.007318497e-05,4.154443741e-05,0,1.48631e-10,3.36255e-06,0.05994397774,-0.1008403301,0.3916958964,0.02964365034
83,0.830000,0.3777924143,0.03867964447,6.020069122e-06,-9.834766388e-06,-9.834766388e-06,4.065036774e-05,0,1.47995e-10,3.42198e-06,0.05994397774,-0.0985994339,0.3853583539,0.0296248173
84,0.840000,0.3720869906,0.03704992961,6.020069122e-06,-9.655952454e-06,-9.655952454e-06,3.975629807e-05,0,1.46098e-10,3.45186e-06,0.05994397774,-0.09635853767,0.3788592744,0.02974246906
85,0.850000,0.3659560941,0.03677660227,6.020069122e-06,-9.477138519e-06,-9.477138519e-06,3.892183304e-05,0,1.44496e-10,3.48549e-06,0.05994397774,-0.09467786551,0.372286199,0.02961541682
86,0.860000,0.3590703532,0.03657188267,6.020069122e-06,-9.298324585e-06,-9.298324585e-06,3.82065773e-05,0,1.43547e-10,3.52699e-06,0.05994397774,-0.09299719334,0.3657260166,0.02962357009
87,0.870000,0.3518811353,0.03764889948,6.020069122e-06,-9.059906006e-06,-9.059906006e-06,3.743171692e-05,0,1.4326e-10,3.5943e-06,0.05994397774,-0.09075629711,0.3592638981,0.02917756938
88,0.880000,0.3467745148,0.03671063855,6.020069122e-06,-8.881092072e-06,-8.881092072e-06,3.671646118e-05,0,1.42162e-10,3.63578e-06,0.05994397774,-0.08851540089,0.352982255,0.02902882538
89,0.890000,0.3409326263,0.03718337324,5.960464478e-06,-8.702278137e-06,-8.702278137e-06,3.612041473e-05,0,1.39565e-10,3.62966e-06,0.05941704009,-0.08688341081,0.346959731,0.02919356991
90,0.900000,0.3346146569,0.03793076053,5.900859833e-06,-8.523464203e-06,-8.523464203e-06,3.546476364e-05,0,1.36623e-10,3.61953e-06,0.05888951197,-0.08524957299,0.3412702428,0.02886998371
91,0.910000,0.330224026,0.03704231791,5.781650543e-06,-8.344650269e-06,-8.344650269e-06,3.492832184e-05,0,1.3231e-10,3.56168e-06,0.05783267785,-0.08366087079,0.335982077,0.02898630354
92,0.920000,0.325978782,0.03670104593,5.662441254e-06,-8.225440979e-06,-8.225440979e-06,3.433227539e-05,0,1.26747e-10,3.47018e-06,0.05677346792,-0.08206857741,0.3311570568,0.02925020996
93,0.930000,0.3224531934,0.03577369917,5.543231964e-06,-8.106231689e-06,-8.106231689e-06,3.373622894e-05,0,1.21297e-10,3.37866e-06,0.05571187381,-0.0810354501,0.3268497867,0.02856828895
94,0.940000,0.3186445087,0.03576651402,5.483627319e-06,-7.9870224e-06,-7.9870224e-06,3.325939178e-05,0,1.1859e-10,3.35072e-06,0.05464788713,-0.07999999821,0.3231069838,0.02880345453
95,0.950000,0.3154770695,0.03551474959,5.424022675e-06,-7.86781311e-06,-7.86781311e-06,3.272294998e-05,0,1.15588e-10,3.31879e-06,0.05411499459,-0.07891769707,0.3199669047,0.02948967284
96,0.960000,0.3139849044,0.03495473228,5.36441803e-06,-7.748603821e-06,-7.748603821e-06,3.218650818e-05,0,1.12621e-10,3.28685e-06,0.05358150043,-0.07727016509,0.3174588739,0.0292951135
97,0.970000,0.3122676685,0.0347443847,5.304813385e-06,-7.629394531e-06,-7.629394531e-06,3.176927567e-05,0,1.10322e-10,3.2629e-06,0.05304740369,-0.07618510723,0.3156029192,0.02975300711
98,0.980000,0.3111931272,0.03492645361,5.24520874e-06,-7.510185242e-06,-7.510185242e-06,3.129243851e-05,0,1.07732e-10,3.23495e-06,0.05251270439,-0.07509881258,0.3144095184,0.02971930596
99,0.990000,0.3103999011,0.0356363263,5.185604095e-06,-7.390975952e-06,-7.390975952e-06,3.081560135e-05,0,1.05171e-10,3.207e-06,0.05197740067,-0.07401129603,0.3138794611,0.0295360107
100,1.000000,0.3111791834,0.03563842829,5.125999451e-06,-7.271766663e-06,-7.271766663e-06,3.045797348e-05,0,1.03249e-10,3.18699e-06,0.05144149251,-0.07292255759,0.3140038261,0.02924520196
101,1.010000,0.3127748482,0.03472316731,5.066394806e-06,-7.212162018e-06,-7.212162018e-06,3.004074097e-05,0,1.00183e-10,3.13328e-06,0.05090497714,-0.07183258235,0.314764076,0.02936015258
102,1.020000,0.3148159869,0.03494004905,5.066394806e-06,-7.152557373e-06,-7.152557373e-06,2.962350845e-05,0,9.89253e-11,3.13502e-06,0.05036785547,-0.07130730152,0.3161322663,0.02976020741
103,1.030000,0.3169057965,0.03464775905,5.066394806e-06,-7.092952728e-06,-7.092952728e-06,2.91466713e-05,0,9.73586e-11,3.13245e-06,0.05036785547,-0.07074137032,0.3180713694,0.02997698869
104,1.040000,0.3201958574,0.0334451599,5.066394806e-06,-7.033348083e-06,-7.033348083e-06,2.866983414e-05,0,9.57847e-11,3.12953e-06,0.05036785547,-0.07017543912,0.3205357065,0.03035452531
105,1.050000,0.3231810629,0.03371447418,5.066394806e-06,-6.973743439e-06,-6.973743439e-06,2.819299698e-05,0,9.42038e-11,3.12625e-06,0.05036785547,-0.06960950792,0.3234714853,0.03015932868
106,1.060000,0.3273971342,0.03298269305,5.066394806e-06,-6.914138794e-06,-6.914138794e-06,2.783536911e-05,0,9.32197e-11,3.13128e-06,0.05036785547,-0.06904357672,0.3268174359,0.0299855635
107,1.070000,0.3313781321,0.03285360243,5.066394806e-06,-6.854534149e-06,-6.854534149e-06,2.747774124e-05,0,9.22284e-11,3.13617e-06,0.05036785547,-0.06847764552,0.3305055385,0.02998107597
108,1.080000,0.3356076553,0.03217913769,5.066394806e-06,-6.794929504e-06,-6.794929504e-06,2.712011337e-05,0,9.12301e-11,3.14093e-06,0.05036785547,-0.06791171432,0.3344618335,0.03012516091
109,1.090000,0.340398781,0.03183186613,5.066394806e-06,-6.73532486e-06,-6.73532486e-06,2.67624855e-05,0,9.02247e-11,3.14554e-06,0.05036785547,-0.06734578311,0.338607306,0.02993434437
110,1.100000,0.3440965116,0.03222557437,5.066394806e-06,-6.61611557e-06,-6.61611557e-06,2.634525299e-05,0,8.97025e-11,3.17704e-06,0.05036785547,-0.06621392071,0.3428588336,0.03019245721
111,1.110000,0.3480894305,0.03230716195,5.066394806e-06,-6.496906281e-06,-6.496906281e-06,2.604722977e-05,0,8.97558e-11,3.2175e-06,0.05036785547,-0.06508205831,0.3471301872,0.03021871037
112,1.120000,0.3509453833,0.03377191722,5.066394806e-06,-6.377696991e-06,-6.377696991e-06,2.574920654e-05,0,8.97806e-11,3.25792e-06,0.05036785547,-0.06395019591,0.3513330729,0.02989711366
113,1.130000,0.3549946807,0.03307328932,5.066394806e-06,-6.258487701e-06,-6.258487701e-06,2.545118332e-05,0,8.97771e-11,3.29829e-06,0.05036785547,-0.06281833351,0.3553782034,0.03003067795
114,1.140000,0.3592071608,0.03233330976,5.066394806e-06,-6.198883057e-06,-6.198883057e-06,2.509355545e-05,0,8.87077e-11,3.30297e-06,0.05036785547,-0.0616864711,0.3591763867,0.02945129592
115,1.150000,0.3623418845,0.03244675603,5.066394806e-06,-6.139278412e-06,-6.139278412e-06,2.473592758e-05,0,8.76312e-11,3.30748e-06,0.05036785547,-0.0611205399,0.3626396181,0.0297335211
116,1.160000,0.3661973216,0.03136379644,5.066394806e-06,-6.079673767e-06,-6.079673767e-06,2.4497509e-05,0,8.71516e-11,3.32095e-06,0.05036785547,-0.0605546087,0.3656821658,0.02989282332
117,1.170000,0.3683732003,0.03143582027,5.066394806e-06,-6.020069122e-06,-6.020069122e-06,2.425909042e-05,0,8.66649e-11,3.33441e-06,0.05036785547,-0.0599886775,0.3682216341,0.02994208306
118,1.180000,0.3707850762,0.03075998556,5.066394806e-06,-5.960464478e-06,-5.960464478e-06,2.402067184e-05,0,8.61711e-11,3.34785e-06,0.05036785547,-0.0594227463,0.3701799948,0.02972002146
119,1.190000,0.371765729,0.03111865837,5.066394806e-06,-5.900859833e-06,-5.900859833e-06,2.378225327e-05,0,8.56701e-11,3.36128e-06,0.05036785547,-0.0588568151,0.3714845732,0.02960536462
120,1.200000,0.3729683459,0.03004335519,5.066394806e-06,-5.841255188e-06,-5.841255188e-06,2.354383469e-05,0,8.51621e-11,3.37469e-06,0.05036785547,-0.0582908839,0.3720689778,0.02966148656
121,1.210000,0.3727411292,0.03014157806,5.066394806e-06,-5.781650543e-06,-5.781650543e-06,2.330541611e-05,0,8.4647e-11,3.38808e-06,0.05036785547,-0.0577249527,0.3718739628,0.02950889907
122,1.220000,0.3708819188,0.03000262845,5.066394806e-06,-5.722045898e-06,-5.722045898e-06,2.300739288e-05,0,8.38227e-11,3.3968e-06,0.05036785547,-0.0571590215,0.3708482129,0.02958277313
123,1.230000,0.3681024536,0.03011834808,5.066394806e-06,-5.662441254e-06,-5.662441254e-06,2.270936966e-05,0,8.29914e-11,3.40543e-06,0.05036785547,-0.0565930903,0.3689490428,0.02972421879
124,1.240000,0.3648072444,0.02947144676,5.066394806e-06,-5.602836609e-06,-5.602836609e-06,2.241134644e-05,0,8.2153e-11,3.41397e-06,0.05036785547,-0.05602715909,0.3661430006,0.02950220149
125,1.250000,0.3616277054,0.02846842166,5.066394806e-06,-5.543231964e-06,-5.543231964e-06,2.22325325e-05,0,8.19114e-11,3.432e-06,0.05036785547,-0.05546122789,0.3624063705,0.02995564238
126,1.260000,0.3560737781,0.02877017111,5.066394806e-06,-5.483627319e-06,-5.483627319e-06,2.205371857e-05,0,8.16627e-11,3.45004e-06,0.05036785547,-0.05489529669,0.3577255667,0.03044337086
127,1.270000,0.3504919112,0.02828800306,5.066394806e-06,-5.424022675e-06,-5.424022675e-06,2.187490463e-05,0,8.14069e-11,3.46807e-06,0.05036785547,-0.05432936549,0.3520974154,0.03048923589
128,1.280000,0.3428328186,0.02850455791,5.066394806e-06,-5.36441803e-06,-5.36441803e-06,2.16960907e-05,0,8.1144e-11,3.48611e-06,0.05036785547,-0.05376343429,0.3455293204,0.03069977058
129,1.290000,0.3360575885,0.02725411486,5.066394806e-06,-5.304813385e-06,-5.304813385e-06,2.151727676e-05,0,8.0874e-11,3.50414e-06,0.05036785547,-0.05319750309,0.3380393102,0.03019566112
130,1.300000,0.3276368417,0.02664492372,5.066394806e-06,-5.24520874e-06,-5.24520874e-06,2.133846283e-05,0,8.05969e-11,3.52218e-06,0.05036785547,-0.05263157189,0.3296559659,0.02996119898
131,1.310000,0.3183250241,0.02611449547,5.066394806e-06,-5.185604095e-06,-5.185604095e-06,2.11596489e-05,0,8.03126e-11,3.54021e-06,0.05036785547,-0.05206564069,0.3204182309,0.02984899169
132,1.320000,0.3079760708,0.02655937988,5.066394806e-06,-5.125999451e-06,-5.125999451e-06,2.092123032e-05,0,7.97193e-11,3.55348e-06,0.05036785547,-0.05149972439,0.3103751029,0.03062259943
133,1.330000,0.2970408127,0.02654408012,5.066394806e-06,-5.066394806e-06,-5.066394806e-06,2.068281174e-05,0,7.91189e-11,3.56673e-06,0.05036785547,-0.05093379319,0.2995852131,0.03087658284
134,1.340000,0.2838572152,0.02751717996,5.066394806e-06,-5.006790161e-06,-5.006790161e-06,2.056360245e-05,0,7.91154e-11,3.58956e-06,0.05036785547,-0.04980193079,0.2881162954,0.03102885063
135,1.350000,0.2724995278,0.02641544491,5.066394806e-06,-4.947185516e-06,-4.947185516e-06,2.044439316e-05,0,7.91047e-11,3.61234e-06,0.05036785547,-0.04923599958,0.2760445525,0.03061836804
136,1.360000,0.2604351677,0.02584663313,5.066394806e-06,-4.887580872e-06,-4.887580872e-06,2.032518387e-05,0,7.9087e-11,3.6351e-06,0.05036785547,-0.04867006838,0.2634539257,0.03045946799
137,1.370000,0.2481163032,0.02479935158,5.066394806e-06,-4.827976227e-06,-4.827976227e-06,2.020597458e-05,0,7.90621e-11,3.65782e-06,0.05036785547,-0.04810413718,0.2504352752,0.03066641656
138,1.380000,0.2338154987,0.02535304893,5.066394806e-06,-4.768371582e-06,-4.768371582e-06,2.008676529e-05,0,7.90301e-11,3.6805e-06,0.05036785547,-0.04753820598,0.2370854813,0.03061366863
139,1.390000,0.2207236774,0.02478935663,5.066394806e-06,-4.708766937e-06,-4.708766937e-06,1.9967556e-05,0,7.8991e-11,3.70314e-06,0.05036785547,-0.04697227478,0.2235064759,0.03053155256
140,1.400000,0.2073920965,0.02431614045,5.066394806e-06,-4.649162292e-06,-4.649162292e-06,1.984834671e-05,0,7.89449e-11,3.72575e-06,0.05036785547,-0.04640634358,0.209804215,0.03069929315
141,1.410000,0.1935564838,0.02401183359,5.066394806e-06,-4.589557648e-06,-4.589557648e-06,1.972913742e-05,0,7.88916e-11,3.74831e-06,0.05036785547,-0.04584041238,0.1960876029,0.03085350741
142,1.420000,0.1801083088,0.02438671328,5.066394806e-06,-4.529953003e-06,-4.529953003e-06,1.955032349e-05,0,7.85292e-11,3.76631e-06,0.05036785547,-0.04527448118,0.1824673814,0.0311353281
143,1.430000,0.1665523425,0.02473598719,5.066394806e-06,-4.470348358e-06,-4.470348358e-06,1.937150955e-05,0,7.81597e-11,3.78432e-06,0.05036785547,-0.04470854998,0.1690549954,0.03093803974
144,1.440000,0.1537980102,0.02447235305,5.066394806e-06,-4.410743713e-06,-4.410743713e-06,1.931190491e-05,0,7.83871e-11,3.8113e-06,0.05036785547,-0.04414261878,0.1559614473,0.03133168568
145,1.450000,0.1420224309,0.02419122029,5.066394806e-06,-4.351139069e-06,-4.351139069e-06,1.925230026e-05,0,7.86073e-11,3.83815e-06,0.05036785547,-0.04357668757,0.1432961539,0.03206144065
146,1.460000,0.1304696947,0.02397195436,5.066394806e-06,-4.291534424e-06,-4.291534424e-06,1.919269562e-05,0,7.88205e-11,3.86484e-06,0.05036785547,-0.04301075637,0.1311658172,0.03162406575
147,1.470000,0.1193515845,0.02370816004,5.066394806e-06,-4.231929779e-06,-4.231929779e-06,1.913309097e-05,0,7.90266e-11,3.89138e-06,0.05036785547,-0.04244482517,0.1196733234,0.03156823038
148,1.480000,0.1079979092,0.02449326776,5.066394806e-06,-4.172325134e-06,-4.172325134e-06,1.907348633e-05,0,7.92255e-11,3.91777e-06,0.05036785547,-0.04187889397,0.1089166808,0.03105614024
149,1.490000,0.09865335375,0.02413472999,5.066394806e-06,-4.11272049e-06,-4.11272049e-06,1.901388168e-05,0,7.94174e-11,3.94399e-06,0.05036785547,-0.04131296277,0.09898800861,0.03081487718
150,1.500000,0.09056514129,0.02360359672,5.066394806e-06,-4.053115845e-06,-4.053115845e-06,1.895427704e-05,0,7.96021e-11,3.97006e-06,0.05036785547,-0.04074703157,0.08997258888,0.03084051152
151,1.510000,0.08322292566,0.02348881122,5.066394806e-06,-3.9935112e-06,-3.9935112e-06,1.889467239e-05,0,7.97797e-11,3.99596e-06,0.05036785547,-0.04018110037,0.08194799153,0.03086657375
152,1.520000,0.07837047428,0.02265921514,5.066394806e-06,-3.933906555e-06,-3.933906555e-06,1.883506775e-05,0,7.99503e-11,4.02169e-06,0.05036785547,-0.03961516917,0.07498328177,0.03007374084
153,1.530000,0.0746242702,0.02206564881,5.066394806e-06,-3.933906555e-06,-3.933906555e-06,1.87754631e-05,0,7.96483e-11,4.01775e-06,0.05036785547,-0.03904923797,0.06913831935,0.03043969226
154,1.540000,0.07034366578,0.02242308948,5.066394806e-06,-3.933906555e-06,-3.933906555e-06,1.871585846e-05,0,7.93463e-11,4.01378e-06,0.05036785547,-0.03904923797,0.06446315713,0.03062835036
155,1.550000,0.06724776328,0.02283407655,5.066394806e-06,-3.933906555e-06,-3.933906555e-06,1.865625381e-05,0,7.90443e-11,4.00978e-06,0.05036785547,-0.03904923797,0.06099754555,0.03060484605
156,1.560000,0.06588276476,0.02327993419,5.066394806e-06,-3.933906555e-06,-3.933906555e-06,1.859664917e-05,0,7.87423e-11,4.00576e-06,0.05036785547,-0.03904923797,0.05877054866,0.03049035599
157,1.570000,0.06472650543,0.0238237856,5.066394806e-06,-3.933906555e-06,-3.933906555e-06,1.853704453e-05,0,7.84404e-11,4.00171e-06,0.05036785547,-0.03904923797,0.05780027561,0.03010071029
158,1.580000,0.06674162671,0.02335586492,5.066394806e-06,-3.933906555e-06,-3.933906555e-06,1.847743988e-05,0,7.81384e-11,3.99762e-06,0.05036785547,-0.03904923797,0.0580937308,0.03027510922
159,1.590000,0.06909087673,0.02359956689,5.066394806e-06,-3.933906555e-06,-3.933906555e-06,1.841783524e-05,0,7.78364e-11,3.99351e-06,0.05036785547,-0.03904923797,0.059646784,0.03017452982
160,1.600000,0.07294353843,0.02344130632,5.066394806e-06,-3.933906555e-06,-3.933906555e-06,1.835823059e-05,0,7.75344e-11,3.98937e-06,0.05036785547,-0.03904923797,0.06244426072,0.02988522363
161,1.610000,0.07728590444,0.02361189108,5.066394806e-06,-3.933906555e-06,-3.933906555e-06,1.829862595e-05,0,7.72324e-11,3.9852e-06,0.05036785547,-0.03904923797,0.06646015173,0.03001597748
162,1.620000,0.08186516166,0.02459993865,5.066394806e-06,-3.933906555e-06,-3.933906555e-06,1.82390213e-05,0,7.69305e-11,3.981e-06,0.05036785547,-0.03904923797,0.07165793918,0.03020016846
163,1.630000,0.08732324466,0.02547973301,5.066394806e-06,-3.933906555e-06,-3.933906555e-06,1.817941666e-05,0,7.66285e-11,3.97677e-06,0.05036785547,-0.03904923797,0.0779910355,0.02999634961
164,1.640000,0.0945693925,0.02587510645,5.066394806e-06,-3.933906555e-06,-3.933906555e-06,1.811981201e-05,0,7.63265e-11,3.9725e-06,0.05036785547,-0.03904923797,0.08540333006,0.03036988451
165,1.650000,0.1023785546,0.02700708248,5.066394806e-06,-3.933906555e-06,-3.933906555e-06,1.806020737e-05,0,7.60245e-11,3.96821e-06,0.05036785547,-0.03904923797,0.09382983723,0.0302789685
166,1.660000,0.1108231731,0.02805129718,5.066394806e-06,-3.933906555e-06,-3.933906555e-06,1.800060272e-05,0,7.57225e-11,3.96388e-06,0.05036785547,-0.03904923797,0.1031974385,0.03062185134
167,1.670000,0.121416226,0.02816119604,5.066394806e-06,-3.933906555e-06,-3.933906555e-06,1.794099808e-05,0,7.54206e-11,3.95953e-06,0.05036785547,-0.03904923797,0.1134257101,0.03021727748
168,1.680000,0.131414406,0.02913261484,5.066394806e-06,-3.933906555e-06,-3.933906555e-06,1.788139343e-05,0,7.51186e-11,3.95514e-06,0.05036785547,-0.03904923797,0.1244278268,0.03072590632
169,1.690000,0.1438265219,0.02882114239,5.066394806e-06,-3.933906555e-06,-3.933906555e-06,1.782178879e-05,0,7.48166e-11,3.95072e-06,0.05036785547,-0.03904923797,0.1361115313,0.03082537784
170,1.700000,0.1565530747,0.02922081389,5.066394806e-06,-3.933906555e-06,-3.933906555e-06,1.776218414e-05,0,7.45146e-11,3.94627e-06,0.05036785547,-0.03904923797,0.1483801588,0.03032464122
171,1.710000,0.1692085452,0.0297434628,5.066394806e-06,-3.933906555e-06,-3.933906555e-06,1.77025795e-05,0,7.42126e-11,3.94178e-06,0.05036785547,-0.03904923797,0.1611337046,0.0302527954
172,1.720000,0.1822604835,0.03038216755,5.066394806e-06,-3.933906555e-06,-3.933906555e-06,1.764297485e-05,0,7.39107e-11,3.93726e-06,0.05036785547,-0.03904923797,0.1742699223,0.03035679654
173,1.730000,0.1955893561,0.03060397133,5.066394806e-06,-3.933906555e-06,-3.933906555e-06,1.758337021e-05,0,7.36087e-11,3.9327e-06,0.05036785547,-0.03904923797,0.1876854415,0.03045175994
174,1.740000,0.2084217668,0.03099570051,5.066394806e-06,-3.933906555e-06,-3.933906555e-06,1.752376556e-05,0,7.33067e-11,3.92812e-06,0.05036785547,-0.03904923797,0.2012768907,0.02976213069
175,1.750000,0.2215236239,0.03139402531,5.066394806e-06,-3.933906555e-06,-3.933906555e-06,1.746416092e-05,0,7.30047e-11,3.9235e-06,0.05036785547,-0.03904923797,0.2149420144,0.02995330151
176,1.760000,0.2347376496,0.03160268348,5.066394806e-06,-3.933906555e-06,-3.933906555e-06,1.740455627e-05,0,7.27027e-11,3.91884e-06,0.05036785547,-0.03904923797,0.2285807698,0.02947979593
177,1.770000,0.2480374277,0.03165972047,5.066394806e-06,-3.933906555e-06,-3.933906555e-06,1.734495163e-05,0,7.24008e-11,3.91415e-06,0.05036785547,-0.03904923797,0.2420963931,0.02963149332
178,1.780000,0.2598753944,0.03263214976,5.066394806e-06,-3.933906555e-06,-3.933906555e-06,1.728534698e-05,0,7.20988e-11,3.90942e-06,0.05036785547,-0.03904923797,0.2553964211,0.02931688932
179,1.790000,0.2724691741,0.03284287825,5.066394806e-06,-3.933906555e-06,-3.933906555e-06,1.722574234e-05,0,7.17968e-11,3.90466e-06,0.05036785547,-0.03904923797,0.2683936587,0.0288162887
180,1.800000,0.2848983631,0.03256609105,5.066394806e-06,-3.933906555e-06,-3.933906555e-06,1.71661377e-05,0,7.14948e-11,3.89986e-06,0.05036785547,-0.03904923797,0.28100708,0.02886517019
181,1.810000,0.2979232743,0.03162772767,5.066394806e-06,-3.933906555e-06,-3.933906555e-06,1.710653305e-05,0,7.11928e-11,3.89502e-06,0.05036785547,-0.03904923797,0.2931626532,0.0286313435
182,1.820000,0.3086310998,0.03179472871,5.066394806e-06,-3.933906555e-06,-3.933906555e-06,1.704692841e-05,0,7.08908e-11,3.89015e-06,0.05036785547,-0.03904923797,0.3047940812,0.0286504842
183,1.830000,0.3195790276,0.03161592502,5.066394806e-06,-3.933906555e-06,-3.933906555e-06,1.698732376e-05,0,7.05889e-11,3.88524e-06,0.05036785547,-0.03904923797,0.3158434481,0.02863176277
184,1.840000,0.3297602348,0.0315166926,5.066394806e-06,-3.933906555e-06,-3.933906555e-06,1.692771912e-05,0,7.02869e-11,3.88029e-06,0.05036785547,-0.03904923797,0.3262617657,0.02827629965
185,1.850000,0.3398295864,0.03123376146,5.066394806e-06,-3.933906555e-06,-3.933906555e-06,1.686811447e-05,0,6.99849e-11,3.8753e-06,0.05036785547,-0.03904923797,0.3360094136,0.02854141
186,1.860000,0.3487612642,0.03115958627,5.066394806e-06,-3.933906555e-06,-3.933906555e-06,1.680850983e-05,0,6.96829e-11,3.87028e-06,0.05036785547,-0.03904923797,0.3450564676,0.0286386969
187,1.870000,0.3561777286,0.03118499555,5.066394806e-06,-3.933906555e-06,-3.933906555e-06,1.674890518e-05,0,6.93809e-11,3.86522e-06,0.05036785547,-0.03904923797,0.3533829148,0.02879363388
188,1.880000,0.3642967194,0.03097041231,5.066394806e-06,-3.933906555e-06,-3.933906555e-06,1.668930054e-05,0,6.9079e-11,3.86011e-06,0.05036785547,-0.03904923797,0.3609787502,0.02834716422
189,1.890000,0.3702720441,0.03118031006,5.066394806e-06,-3.933906555e-06,-3.933906555e-06,1.662969589e-05,0,6.8777e-11,3.85497e-06,0.05036785547,-0.03904923797,0.3678439575,0.02863102967
190,1.900000,0.3757007383,0.0312410621,5.066394806e-06,-3.933906555e-06,-3.933906555e-06,1.657009125e-05,0,6.8475e-11,3.84979e-06,0.05036785547,-0.03904923797,0.3739883716,0.0290507475
191,1.910000,0.3794229105,0.03200676851,5.066394806e-06,-3.933906555e-06,-3.933906555e-06,1.65104866e-05,0,6.8173e-11,3.84456e-06,0.05036785547,-0.03904923797,0.3794314266,0.02918732878
192,1.920000,0.3837562203,0.03200875688,5.066394806e-06,-3.933906555e-06,-3.933906555e-06,1.645088196e-05,0,6.7871e-11,3.8393e-06,0.05036785547,-0.03904923797,0.3842017919,0.02965226936
193,1.930000,0.3883510567,0.0312211467,5.066394806e-06,-3.933906555e-06,-3.933906555e-06,1.639127731e-05,0,6.75691e-11,3.83399e-06,0.05036785547,-0.03904923797,0.3883369006,0.03011636534
194,1.940000,0.3918116912,0.03116248362,5.066394806e-06,-3.933906555e-06,-3.933906555e-06,1.633167267e-05,0,6.72671e-11,3.82864e-06,0.05036785547,-0.03904923797,0.3918823765,0.03016227488
195,1.950000,0.394842498,0.03115481511,5.066394806e-06,-3.933906555e-06,-3.933906555e-06,1.627206802e-05,0,6.69651e-11,3.82325e-06,0.05036785547,-0.03904923797,0.394891366,0.02990836501
196,1.960000,0.3974687271,0.03093723115,5.066394806e-06,-3.933906555e-06,-3.933906555e-06,1.621246338e-05,0,6.66631e-11,3.81782e-06,0.05036785547,-0.03904923797,0.397423783,0.02977397408
197,1.970000,0.3997046426,0.03094060719,5.066394806e-06,-3.933906555e-06,-3.933906555e-06,1.615285873e-05,0,6.63611e-11,3.81234e-06,0.05036785547,-0.03904923797,0.3995454766,0.03016706149
198,1.980000,0.4012974016,0.03116755374,5.066394806e-06,-3.933906555e-06,-3.933906555e-06,1.609325409e-05,0,6.60592e-11,3.80682e-06,0.05036785547,-0.03904923797,0.4013273297,0.03031496999
199,1.990000,0.4017461278,0.03107060306,5.066394806e-06,-3.933906555e-06,-3.933906555e-06,1.603364944e-05,0,6.57572e-11,3.80126e-06,0.05036785547,-0.03904923797,0.4028443011,0.03046448586
200,2.000000,0.4037759826,0.03046744317,5.066394806e-06,-3.933906555e-06,-3.933906555e-06,1.59740448e-05,0,6.54552e-11,3.79565e-06,0.05036785547,-0.03904923797,0.4041744204,0.03000690024
201,2.010000,0.4039900154,0.03104117326,5.066394806e-06,-3.933906555e-06,-3.933906555e-06,1.591444016e-05,0,6.51532e-11,3.79e-06,0.05036785547,-0.03904923797,0.4053977496,0.03027025516
202,2.020000,0.4051652849,0.03113909997,5.066394806e-06,-3.933906555e-06,-3.933906555e-06,1.585483551e-05,0,6.48512e-11,3.7843e-06,0.05036785547,-0.03904923797,0.4065953216,0.03018695865
203,2.030000,0.4069127627,0.03104463965,5.066394806e-06,-3.933906555e-06,-3.933906555e-06,1.579523087e-05,0,6.45493e-11,3.77855e-06,0.05036785547,-0.03904923797,0.4078480694,0.02994976333
204,2.040000,0.4083094783,0.03053669725,5.066394806e-06,-3.933906555e-06,-3.933906555e-06,1.573562622e-05,0,6.42473e-11,3.77276e-06,0.05036785547,-0.03904923797,0.409235758,0.02981297883
205,2.050000,0.4101714641,0.0305963112,5.066394806e-06,-3.933906555e-06,-3.933906555e-06,1.567602158e-05,0,6.39453e-11,3.76692e-06,0.05036785547,-0.03904923797,0.4108359312,0.03005919806
206,2.060000,0.4114671163,0.03133577295,5.066394806e-06,-3.933906555e-06,-3.933906555e-06,1.561641693e-05,0,6.36433e-11,3.76103e-06,0.05036785547,-0.03904923797,0.4127228869,0.03001296982
207,2.070000,0.4140831828,0.03109025583,5.066394806e-06,-3.933906555e-06,-3.933906555e-06,1.555681229e-05,0,6.33413e-11,3.75509e-06,0.05036785547,-0.03904923797,0.4149666906,0.02955676021
208,2.080000,0.4179256186,0.03050937504,5.066394806e-06,-3.933906555e-06,-3.933906555e-06,1.549720764e-05,0,6.30394e-11,3.74911e-06,0.05036785547,-0.03904923797,0.4176322419,0.02987017045
209,2.090000,0.4213265032,0.03099288885,5.066394806e-06,-3.933906555e-06,-3.933906555e-06,1.5437603e-05,0,6.27374e-11,3.74307e-06,0.05036785547,-0.03904923797,0.4207784011,0.02965939403
210,2.100000,0.4260458015,0.0307303695,5.066394806e-06,-3.933906555e-06,-3.933906555e-06,1.537799835e-05,0,6.24354e-11,3.73699e-06,0.05036785547,-0.03904923797,0.4244571898,0.02972807352
211,2.110000,0.4295598306,0.03166414145,5.066394806e-06,-3.933906555e-06,-3.933906555e-06,1.531839371e-05,0,6.21334e-11,3.73085e-06,0.05036785547,-0.03904923797,0.4287130724,0.02937003239
212,2.120000,0.4341794476,0.0316054346,5.066394806e-06,-3.933906555e-06,-3.933906555e-06,1.525878906e-05,0,6.18314e-11,3.72467e-06,0.05036785547,-0.03904923797,0.4335823278,0.02941919135
213,2.130000,0.439938806,0.03163470328,5.066394806e-06,-3.933906555e-06,-3.933906555e-06,1.519918442e-05,0,6.15294e-11,3.71843e-06,0.05036785547,-0.03904923797,0.4390925193,0.0295823839
214,2.140000,0.4458676465,0.03218187857,5.066394806e-06,-3.933906555e-06,-3.933906555e-06,1.513957977e-05,0,6.12275e-11,3.71214e-06,0.05036785547,-0.03904923797,0.4452620675,0.029524485
215,2.150000,0.452789586,0.03198461886,5.066394806e-06,-3.933906555e-06,-3.933906555e-06,1.507997513e-05,0,6.09255e-11,3.7058e-06,0.05036785547,-0.03904923797,0.4520999334,0.02957530286
216,2.160000,0.4607976601,0.03209632635,5.066394806e-06,-3.933906555e-06,-3.933906555e-06,1.502037048e-05,0,6.06235e-11,3.69941e-06,0.05036785547,-0.03904923797,0.4596054131,0.02920613613
217,2.170000,0.4690052085,0.03246163763,5.066394806e-06,-3.933906555e-06,-3.933906555e-06,1.496076584e-05,0,6.03215e-11,3.69296e-06,0.05036785547,-0.03904923797,0.467768049,0.0292191602
218,2.180000,0.4783946611,0.03227511607,5.066394806e-06,-3.933906555e-06,-3.933906555e-06,1.490116119e-05,0,6.00195e-11,3.68645e-06,0.05036785547,-0.03904923797,0.4765676569,0.0293879619
219,2.190000,0.4875482805,0.03233447857,5.066394806e-06,-3.87430191e-06,-3.87430191e-06,1.484155655e-05,0,6.0183e-11,3.7171e-06,0.05036785547,-0.03848330677,0.4859744697,0.02921581239
220,2.200000,0.4967386052,0.03304489423,5.066394806e-06,-3.814697266e-06,-3.814697266e-06,1.472234726e-05,0,6.00373e-11,3.74122e-06,0.05036785547,-0.03791737556,0.4959493963,0.02923586453
221,2.210000,0.5077352338,0.03299604449,5.066394806e-06,-3.755092621e-06,-3.755092621e-06,1.472234726e-05,0,6.04885e-11,3.77799e-06,0.05036785547,-0.03735144436,0.506444393,0.0287069938
222,2.220000,0.5188726373,0.03309906088,5.066394806e-06,-3.695487976e-06,-3.695487976e-06,1.472234726e-05,0,6.09326e-11,3.81441e-06,0.05036785547,-0.03678551316,0.5174029418,0.02851294199
223,2.230000,0.5297921225,0.03351023328,5.066394806e-06,-3.635883331e-06,-3.635883331e-06,1.472234726e-05,0,6.13696e-11,3.85045e-06,0.05036785547,-0.03621958196,0.528760633,0.02890912949
224,2.240000,0.5424520411,0.03301437944,5.066394806e-06,-3.576278687e-06,-3.576278687e-06,1.472234726e-05,0,6.17995e-11,3.88612e-06,0.05036785547,-0.03565365076,0.5404458427,0.02858157936
225,2.250000,0.5542442761,0.03334620874,5.066394806e-06,-3.516674042e-06,-3.516674042e-06,1.472234726e-05,0,6.22222e-11,3.9214e-06,0.05036785547,-0.03508771956,0.5523805002,0.02859893421
226,2.260000,0.5656347275,0.03340962809,5.066394806e-06,-3.457069397e-06,-3.457069397e-06,1.472234726e-05,0,6.26379e-11,3.9563e-06,0.05036785547,-0.03452178836,0.5644809335,0.02857384822
227,2.270000,0.578311976,0.03303155676,5.066394806e-06,-3.397464752e-06,-3.397464752e-06,1.472234726e-05,0,6.30465e-11,3.9908e-06,0.05036785547,-0.03395585716,0.576658787,0.02834073329
228,2.280000,0.5901181176,0.03287163563,5.066394806e-06,-3.337860107e-06,-3.337860107e-06,1.472234726e-05,0,6.34479e-11,4.0249e-06,0.05036785547,-0.03338992596,0.588821998,0.02792946019
229,2.290000,0.6020309404,0.03260412998,5.066394806e-06,-3.278255463e-06,-3.278255463e-06,1.472234726e-05,0,6.38423e-11,4.05859e-06,0.05036785547,-0.03282399476,0.6008758217,0.02819732201
230,2.300000,0.6141747236,0.03244803473,5.066394806e-06,-3.218650818e-06,-3.218650818e-06,1.472234726e-05,0,6.42295e-11,4.09187e-06,0.05036785547,-0.03225806355,0.6127238944,0.02867796687
231,2.310000,0.6250543706,0.03260354977,5.066394806e-06,-3.159046173e-06,-3.159046173e-06,1.472234726e-05,0,6.46097e-11,4.12472e-06,0.05036785547,-0.03169213235,0.6242693202,0.0284108428
232,2.320000,0.6355273388,0.03269211482,5.066394806e-06,-3.099441528e-06,-3.099441528e-06,1.472234726e-05,0,6.49827e-11,4.15713e-06,0.05036785547,-0.03112620115,0.6354157714,0.02860822952
233,2.330000,0.6460818015,0.03289923631,5.066394806e-06,-3.039836884e-06,-3.039836884e-06,1.472234726e-05,0,6.53486e-11,4.18911e-06,0.05036785547,-0.03056026995,0.6460685881,0.02848798655
234,2.340000,0.6557033956,0.03293252736,5.066394806e-06,-2.980232239e-06,-2.980232239e-06,1.466274261e-05,0,6.54055e-11,4.21618e-06,0.05036785547,-0.02999433875,0.6561358652,0.02873406553
235,2.350000,0.6648629718,0.03290933277,5.006790161e-06,-2.920627594e-06,-2.920627594e-06,1.460313797e-05,0,6.45848e-11,4.1878e-06,0.04983012471,-0.02944506705,0.6655295144,0.0291854247
236,2.360000,0.6722614802,0.03335318435,4.947185516e-06,-2.861022949e-06,-2.861022949e-06,1.466274261e-05,0,6.43539e-11,4.16728e-06,0.04929178488,-0.0288951844,0.6741662884,0.02906251472
237,2.370000,0.6798003055,0.03307097871,4.827976227e-06,-2.861022949e-06,-2.861022949e-06,1.472234726e-05,0,6.28937e-11,4.06026e-06,0.04821327329,-0.02836075425,0.6819687561,0.02966562576
238,2.380000,0.687038973,0.03291001171,4.708766937e-06,-2.861022949e-06,-2.861022949e-06,1.47819519e-05,0,6.14193e-11,3.95289e-06,0.04713231139,-0.02839295566,0.6888662176,0.02984053131
239,2.390000,0.6930412203,0.03263208177,4.589557648e-06,-2.861022949e-06,-2.861022949e-06,1.484155655e-05,0,5.99307e-11,3.84518e-06,0.04604889173,-0.02842524648,0.6947955476,0.02984252434
240,2.400000,0.6975507848,0.03244662471,4.470348358e-06,-2.861022949e-06,-2.861022949e-06,1.490116119e-05,0,5.84279e-11,3.73715e-06,0.044963005,-0.0284575969,0.6997019582,0.02950051816
241,2.410000,0.7015144005,0.03214931302,4.410743713e-06,-2.861022949e-06,-2.861022949e-06,1.496076584e-05,0,5.78027e-11,3.68482e-06,0.04387464374,-0.02849002182,0.703539672,0.02978577799
242,2.420000,0.7036795691,0.03207930643,4.410743713e-06,-2.920627594e-06,-2.920627594e-06,1.502037048e-05,0,5.77209e-11,3.65989e-06,0.04387464374,-0.02905982733,0.7062724978,0.0294770431
243,2.430000,0.7044303529,0.03246969078,4.410743713e-06,-2.980232239e-06,-2.980232239e-06,1.496076584e-05,0,5.71063e-11,3.62708e-06,0.04387464374,-0.02962963283,0.7078743014,0.02970374762
244,2.440000,0.7039328292,0.03259761166,4.410743713e-06,-3.039836884e-06,-3.039836884e-06,1.496076584e-05,0,5.67475e-11,3.59754e-06,0.04387464374,-0.03019942343,0.7083293667,0.02932797366
245,2.450000,0.702676259,0.0325764874,4.470348358e-06,-3.099441528e-06,-3.099441528e-06,1.496076584e-05,0,5.72733e-11,3.62304e-06,0.04441913404,-0.03075170517,0.707632643,0.02950796789
246,2.460000,0.7010533288,0.03231789451,4.470348358e-06,-3.159046173e-06,-3.159046173e-06,1.496076584e-05,0,5.69003e-11,3.5925e-06,0.044963005,-0.03130336106,0.705789874,0.02942132242
247,2.470000,0.6978377961,0.03242277075,4.470348358e-06,-3.159046173e-06,-3.159046173e-06,1.496076584e-05,0,5.69003e-11,3.5925e-06,0.044963005,-0.03187251091,0.7028176083,0.02918259422
248,2.480000,0.6939143687,0.03207619581,4.470348358e-06,-3.159046173e-06,-3.159046173e-06,1.496076584e-05,0,5.69003e-11,3.5925e-06,0.044963005,-0.03187251091,0.6987430902,0.02913890128
249,2.490000,0.6869930401,0.03260067012,4.470348358e-06,-3.159046173e-06,-3.159046173e-06,1.496076584e-05,0,5.69003e-11,3.5925e-06,0.044963005,-0.03187251091,0.693604032,0.02903959359
250,2.500000,0.680899445,0.03215071186,4.470348358e-06,-3.159046173e-06,-3.159046173e-06,1.496076584e-05,0,5.69003e-11,3.5925e-06,0.044963005,-0.03187251091,0.6874482704,0.02898889749
251,2.510000,0.6735892594,0.03224115446,4.470348358e-06,-3.159046173e-06,-3.159046173e-06,1.496076584e-05,0,5.69003e-11,3.5925e-06,0.044963005,-0.03187251091,0.6803333093,0.02892359588
252,2.520000,0.6651350744,0.03202418145,4.470348358e-06,-3.159046173e-06,-3.159046173e-06,1.496076584e-05,0,5.69003e-11,3.5925e-06,0.044963005,-0.03187251091,0.6723257565,0.02904219272
253,2.530000,0.6553768143,0.03221935406,4.470348358e-06,-3.159046173e-06,-3.159046173e-06,1.496076584e-05,0,5.69003e-11,3.5925e-06,0.044963005,-0.03187251091,0.6635006571,0.02846093436
254,2.540000,0.6465888992,0.03133621253,4.470348358e-06,-3.159046173e-06,-3.159046173e-06,1.496076584e-05,0,5.69003e-11,3.5925e-06,0.044963005,-0.03187251091,0.6539407341,0.02865883035
255,2.550000,0.6369772628,0.03063903376,4.470348358e-06,-3.159046173e-06,-3.159046173e-06,1.496076584e-05,0,5.69003e-11,3.5925e-06,0.044963005,-0.03187251091,0.6437355423,0.02866098937
256,2.560000,0.6254946105,0.03065754008,4.470348358e-06,-3.159046173e-06,-3.159046173e-06,1.496076584e-05,0,5.69003e-11,3.5925e-06,0.044963005,-0.03187251091,0.6329805453,0.0289296375
257,2.570000,0.6145274565,0.03028532118,4.470348358e-06,-3.159046173e-06,-3.159046173e-06,1.496076584e-05,0,5.69003e-11,3.5925e-06,0.044963005,-0.03187251091,0.6217761271,0.02875462373
258,2.580000,0.6030661575,0.02996467426,4.470348358e-06,-3.159046173e-06,-3.159046173e-06,1.496076584e-05,0,5.69003e-11,3.5925e-06,0.044963005,-0.03187251091,0.6102265472,0.02936355199
259,2.590000,0.5924757794,0.02927872166,4.470348358e-06,-3.159046173e-06,-3.159046173e-06,1.496076584e-05,0,5.69003e-11,3.5925e-06,0.044963005,-0.03187251091,0.5984388527,0.0298457988
260,2.600000,0.5813553892,0.02910984587,4.470348358e-06,-3.159046173e-06,-3.159046173e-06,1.496076584e-05,0,5.69003e-11,3.5925e-06,0.044963005,-0.03187251091,0.5865217577,0.0298095024
261,2.610000,0.5694127046,0.02914969157,4.470348358e-06,-3.159046173e-06,-3.159046173e-06,1.496076584e-05,0,5.69003e-11,3.5925e-06,0.044963005,-0.03187251091,0.5745845042,0.02947516519
262,2.620000,0.5583151244,0.02872451488,4.470348358e-06,-3.159046173e-06,-3.159046173e-06,1.496076584e-05,0,5.69003e-11,3.5925e-06,0.044963005,-0.03187251091,0.5627357157,0.02918499151
263,2.630000,0.546567101,0.02893270832,4.470348358e-06,-3.159046173e-06,-3.159046173e-06,1.496076584e-05,0,5.69003e-11,3.5925e-06,0.044963005,-0.03187251091,0.5510822575,0.02961563812
264,2.640000,0.535998825,0.02832162101,4.470348358e-06,-3.159046173e-06,-3.159046173e-06,1.496076584e-05,0,5.69003e-11,3.5925e-06,0.044963005,-0.03187251091,0.5397281149,0.02933917597
265,2.650000,0.5254004002,0.02837308962,4.470348358e-06,-3.159046173e-06,-3.159046173e-06,1.496076584e-05,0,5.69003e-11,3.5925e-06,0.044963005,-0.03187251091,0.5287733037,0.02971502365
266,2.660000,0.5144489892,0.02841230482,4.470348358e-06,-3.159046173e-06,-3.159046173e-06,1.496076584e-05,0,5.69003e-11,3.5925e-06,0.044963005,-0.03187251091,0.5183128229,0.02947889075
267,2.670000,0.5048390813,0.02839898784,4.470348358e-06,-3.159046173e-06,-3.159046173e-06,1.496076584e-05,0,5.69003e-11,3.5925e-06,0.044963005,-0.03187251091,0.5084356637,0.02939050664
268,2.680000,0.4964989945,0.02828978281,4.470348358e-06,-3.159046173e-06,-3.159046173e-06,1.496076584e-05,0,5.69003e-11,3.5925e-06,0.044963005,-0.03187251091,0.499223883,0.02988952814
269,2.690000,0.48866909,0.02839843929,4.470348358e-06,-3.159046173e-06,-3.159046173e-06,1.496076584e-05,0,5.69003e-11,3.5925e-06,0.044963005,-0.03187251091,0.4907517549,0.02993286971
270,2.700000,0.4808953069,0.02865524963,4.470348358e-06,-3.159046173e-06,-3.159046173e-06,1.496076584e-05,0,5.69003e-11,3.5925e-06,0.044963005,-0.03187251091,0.4830850061,0.03001355381
271,2.710000,0.4738811143,0.02877361048,4.470348358e-06,-3.159046173e-06,-3.159046173e-06,1.496076584e-05,0,5.69003e-11,3.5925e-06,0.044963005,-0.03187251091,0.4762801472,0.02970288526
272,2.720000,0.4682404734,0.02875239309,4.470348358e-06,-3.159046173e-06,-3.159046173e-06,1.496076584e-05,0,5.69003e-11,3.5925e-06,0.044963005,-0.03187251091,0.4703839041,0.02996977001
273,2.730000,0.4643943235,0.02849228587,4.470348358e-06,-3.159046173e-06,-3.159046173e-06,1.496076584e-05,0,5.69003e-11,3.5925e-06,0.044963005,-0.03187251091,0.4654327583,0.02959954143
274,2.740000,0.4603440762,0.02855544724,4.470348358e-06,-3.159046173e-06,-3.159046173e-06,1.496076584e-05,0,5.69003e-11,3.5925e-06,0.044963005,-0.03187251091,0.461452599,0.02964375542
275,2.750000,0.4573885724,0.02892019507,4.470348358e-06,-3.159046173e-06,-3.159046173e-06,1.496076584e-05,0,5.69003e-11,3.5925e-06,0.044963005,-0.03187251091,0.4584584923,0.02977830398
276,2.760000,0.4556975625,0.02869629115,4.470348358e-06,-3.159046173e-06,-3.159046173e-06,1.496076584e-05,0,5.69003e-11,3.5925e-06,0.044963005,-0.03187251091,0.4564545697,0.02975657849
277,2.770000,0.4543288834,0.02880695928,4.470348358e-06,-3.159046173e-06,-3.159046173e-06,1.496076584e-05,0,5.69003e-11,3.5925e-06,0.044963005,-0.03187251091,0.4554340357,0.0297771047
278,2.780000,0.4549282379,0.02820257004,4.470348358e-06,-3.159046173e-06,-3.159046173e-06,1.496076584e-05,0,5.69003e-11,3.5925e-06,0.044963005,-0.03187251091,0.455379296,0.02998314513
279,2.790000,0.4562530518,0.02835207805,4.470348358e-06,-3.159046173e-06,-3.159046173e-06,1.496076584e-05,0,5.69003e-11,3.5925e-06,0.044963005,-0.03187251091,0.4562622038,0.02921821406
280,2.800000,0.458165843,0.0283058593,4.470348358e-06,-3.159046173e-06,-3.159046173e-06,1.496076584e-05,0,5.69003e-11,3.5925e-06,0.044963005,-0.03187251091,0.4580444208,0.02895006442
281,2.810000,0.4604679905,0.02865123656,4.470348358e-06,-3.159046173e-06,-3.159046173e-06,1.496076584e-05,0,5.69003e-11,3.5925e-06,0.044963005,-0.03187251091,0.4606778898,0.02917027471
282,2.820000,0.464667853,0.02832950093,4.470348358e-06,-3.159046173e-06,-3.159046173e-06,1.496076584e-05,0,5.69003e-11,3.5925e-06,0.044963005,-0.03187251091,0.4641054123,0.02902470022
283,2.830000,0.4682765827,0.02852526773,4.470348358e-06,-3.159046173e-06,-3.159046173e-06,1.496076584e-05,0,5.69003e-11,3.5925e-06,0.044963005,-0.03187251091,0.4682613255,0.02928339654
284,2.840000,0.4733800851,0.02879922278,4.470348358e-06,-3.159046173e-06,-3.159046173e-06,1.496076584e-05,0,5.69003e-11,3.5925e-06,0.044963005,-0.03187251091,0.4730722697,0.02930402768
285,2.850000,0.4789946452,0.0289989626,4.470348358e-06,-3.159046173e-06,-3.159046173e-06,1.496076584e-05,0,5.69003e-11,3.5925e-06,0.044963005,-0.03187251091,0.478458038,0.0288356478
286,2.860000,0.4845988378,0.02908655722,4.470348358e-06,-3.159046173e-06,-3.159046173e-06,1.496076584e-05,0,5.69003e-11,3.5925e-06,0.044963005,-0.03187251091,0.4843324994,0.02903508278
287,2.870000,0.4910030402,0.02942980174,4.470348358e-06,-3.159046173e-06,-3.159046173e-06,1.496076584e-05,0,5.69003e-11,3.5925e-06,0.044963005,-0.03187251091,0.4906045819,0.02900549395
288,2.880000,0.4980196059,0.0293926578,4.470348358e-06,-3.159046173e-06,-3.159046173e-06,1.496076584e-05,0,5.69003e-11,3.5925e-06,0.044963005,-0.03187251091,0.4971793087,0.02895801722
289,2.890000,0.5048311874,0.02953909338,4.470348358e-06,-3.159046173e-06,-3.159046173e-06,1.496076584e-05,0,5.69003e-11,3.5925e-06,0.044963005,-0.03187251091,0.5039588713,0.02954050598
290,2.900000,0.5116951801,0.02964262199,4.470348358e-06,-3.159046173e-06,-3.159046173e-06,1.496076584e-05,0,5.69003e-11,3.5925e-06,0.044963005,-0.03187251091,0.51084373,0.0295330838
291,2.910000,0.5188604109,0.02962236386,4.470348358e-06,-3.159046173e-06,-3.159046173e-06,1.496076584e-05,0,5.69003e-11,3.5925e-06,0.044963005,-0.03187251091,0.5177337295,0.02931855599
292,2.920000,0.5244079754,0.02999165747,4.470348358e-06,-3.159046173e-06,-3.159046173e-06,1.496076584e-05,0,5.69003e-11,3.5925e-06,0.044963005,-0.03187251091,0.5245292143,0.02920903717
293,2.930000,0.5313024931,0.03011563607,4.470348358e-06,-3.159046173e-06,-3.159046173e-06,1.496076584e-05,0,5.69003e-11,3.5925e-06,0.044963005,-0.03187251091,0.5311321343,0.02919008207
294,2.940000,0.537164811,0.03016703762,4.470348358e-06,-3.159046173e-06,-3.159046173e-06,1.496076584e-05,0,5.69003e-11,3.5925e-06,0.044963005,-0.03187251091,0.5374471263,0.02916279994
295,2.950000,0.5429603085,0.03009311296,4.470348358e-06,-3.159046173e-06,-3.159046173e-06,1.496076584e-05,0,5.69003e-11,3.5925e-06,0.044963005,-0.03187251091,0.5433825597,0.02918498618
296,2.960000,0.5482012555,0.02988222521,4.470348358e-06,-3.159046173e-06,-3.159046173e-06,1.496076584e-05,0,5.69003e-11,3.5925e-06,0.044963005,-0.03187251091,0.5488515346,0.02896616195
297,2.970000,0.5533483922,0.02963474207,4.470348358e-06,-3.159046173e-06,-3.159046173e-06,1.496076584e-05,0,5.69003e-11,3.5925e-06,0.044963005,-0.03187251091,0.5537728208,0.02872364698
298,2.980000,0.5574362651,0.02950645983,4.470348358e-06,-3.159046173e-06,-3.159046173e-06,1.496076584e-05,0,5.69003e-11,3.5925e-06,0.044963005,-0.03187251091,0.558071728,0.02942158275
299,2.990000,0.5611146949,0.02925386652,4.470348358e-06,-3.159046173e-06,-3.159046173e-06,1.496076584e-05,0,5.69003e-11,3.5925e-06,0.044963005,-0.03187251091,0.5616808958,0.02985882178
300,3.000000,0.5636123978,0.02950598858,4.470348358e-06,-3.159046173e-06,-3.159046173e-06,1.496076584e-05,0,5.69003e-11,3.5925e-06,0.044963005,-0.03187251091,0.5645409966,0.02969533601
301,3.010000,0.5642730854,0.03014367912,4.470348358e-06,-3.159046173e-06,-3.159046173e-06,1.496076584e-05,0,5.69003e-11,3.5925e-06,0.044963005,-0.03187251091,0.5666013422,0.02998522538
302,3.020000,0.5652499385,0.0300309509,4.470348358e-06,-3.159046173e-06,-3.159046173e-06,1.496076584e-05,0,5.69003e-11,3.5925e-06,0.044963005,-0.03187251091,0.5678203882,0.02972357836
303,3.030000,0.5645919815,0.03029278945,4.470348358e-06,-3.159046173e-06,-3.159046173e-06,1.496076584e-05,0,5.69003e-11,3.5925e-06,0.044963005,-0.03187251091,0.5681661297,0.0298763372
304,3.040000,0.5645535029,0.030001726,4.470348358e-06,-3.159046173e-06,-3.159046173e-06,1.496076584e-05,0,5.69003e-11,3.5925e-06,0.044963005,-0.03187251091,0.5676163858,0.03006265533
305,3.050000,0.5624405257,0.03024936561,4.470348358e-06,-3.159046173e-06,-3.159046173e-06,1.496076584e-05,0,5.69003e-11,3.5925e-06,0.044963005,-0.03187251091,0.5661589673,0.03036458462
306,3.060000,0.560052786,0.03002248704,4.470348358e-06,-3.159046173e-06,-3.159046173e-06,1.496076584e-05,0,5.69003e-11,3.5925e-06,0.044963005,-0.03187251091,0.5637917287,0.03008358468
307,3.070000,0.5572755113,0.02932755277,4.470348358e-06,-3.159046173e-06,-3.159046173e-06,1.496076584e-05,0,5.69003e-11,3.5925e-06,0.044963005,-0.03187251091,0.5605225022,0.03017773823
308,3.080000,0.5527289473,0.0292892037,4.470348358e-06,-3.159046173e-06,-3.159046173e-06,1.496076584e-05,0,5.69003e-11,3.5925e-06,0.044963005,-0.03187251091,0.5563689157,0.03009790089
309,3.090000,0.5483968109,0.02871079836,4.470348358e-06,-3.159046173e-06,-3.159046173e-06,1.496076584e-05,0,5.69003e-11,3.5925e-06,0.044963005,-0.03187251091,0.5513580965,0.03067051205
310,3.100000,0.5415064208,0.02915145829,4.470348358e-06,-3.159046173e-06,-3.159046173e-06,1.496076584e-05,0,5.69003e-11,3.5925e-06,0.044963005,-0.03187251091,0.5455262655,0.03088792369
311,3.110000,0.5351537056,0.02850650251,4.470348358e-06,-3.159046173e-06,-3.159046173e-06,1.496076584e-05,0,5.69003e-11,3.5925e-06,0.044963005,-0.03187251091,0.5389182248,0.03104937479
312,3.120000,0.5271951556,0.02866344992,4.470348358e-06,-3.159046173e-06,-3.159046173e-06,1.496076584e-05,0,5.69003e-11,3.5925e-06,0.044963005,-0.03187251091,0.5315867478,0.03083944514
313,3.130000,0.5203350298,0.02765056584,4.470348358e-06,-3.159046173e-06,-3.159046173e-06,1.496076584e-05,0,5.69003e-11,3.5925e-06,0.044963005,-0.03187251091,0.5235918756,0.03092978411
314,3.140000,0.5117129311,0.02786682453,4.470348358e-06,-3.159046173e-06,-3.159046173e-06,1.496076584e-05,0,5.69003e-11,3.5925e-06,0.044963005,-0.03187251091,0.5150001313,0.03114810753
315,3.150000,0.5029287972,0.02779099345,4.470348358e-06,-3.159046173e-06,-3.159046173e-06,1.496076584e-05,0,5.69003e-11,3.5925e-06,0.044963005,-0.03187251091,0.505883659,0.03152289219
316,3.160000,0.4934933595,0.02737143915,4.470348358e-06,-3.159046173e-06,-3.159046173e-06,1.496076584e-05,0,5.69003e-11,3.5925e-06,0.044963005,-0.03187251091,0.4963192992,0.03155570473
317,3.170000,0.4837842062,0.02715866081,4.470348358e-06,-3.159046173e-06,-3.159046173e-06,1.496076584e-05,0,5.69003e-11,3.5925e-06,0.044963005,-0.03187251091,0.4863876105,0.03150982326
318,3.180000,0.4739074782,0.02677789144,4.470348358e-06,-3.159046173e-06,-3.159046173e-06,1.496076584e-05,0,5.69003e-11,3.5925e-06,0.044963005,-0.03187251091,0.4761718497,0.03180910525
319,3.190000,0.4630389698,0.02705299947,4.470348358e-06,-3.159046173e-06,-3.159046173e-06,1.496076584e-05,0,5.69003e-11,3.5925e-06,0.044963005,-0.03187251091,0.4657569218,0.03204228503
320,3.200000,0.4525791444,0.0267338939,4.470348358e-06,-3.159046173e-06,-3.159046173e-06,1.496076584e-05,0,5.69003e-11,3.5925e-06,0.044963005,-0.03187251091,0.4552283128,0.03177852438
321,3.210000,0.4427713826,0.02657070849,4.470348358e-06,-3.159046173e-06,-3.159046173e-06,1.496076584e-05,0,5.69003e-11,3.5925e-06,0.044963005,-0.03187251091,0.4446710168,0.03165907248
322,3.220000,0.4321362935,0.02686299291,4.470348358e-06,-3.159046173e-06,-3.159046173e-06,1.496076584e-05,0,5.69003e-11,3.5925e-06,0.044963005,-0.03187251091,0.434168471,0.03171374809
323,3.230000,0.4220420606,0.02689965349,4.470348358e-06,-3.159046173e-06,-3.159046173e-06,1.496076584e-05,0,5.69003e-11,3.5925e-06,0.044963005,-0.03187251091,0.4238015107,0.03174385485
324,3.240000,0.4126480445,0.02627892699,4.470348358e-06,-3.159046173e-06,-3.159046173e-06,1.496076584e-05,0,5.69003e-11,3.5925e-06,0.044963005,-0.03187251091,0.4136473555,0.03194244951
325,3.250000,0.4024300463,0.02651391365,4.470348358e-06,-3.159046173e-06,-3.159046173e-06,1.496076584e-05,0,5.69003e-11,3.5925e-06,0.044963005,-0.03187251091,0.4037786406,0.03186819678
326,3.260000,0.3925857767,0.02646699827,4.470348358e-06,-3.159046173e-06,-3.159046173e-06,1.496076584e-05,0,5.69003e-11,3.5925e-06,0.044963005,-0.03187251091,0.3942625031,0.03159897449
327,3.270000,0.3840417862,0.02617841493,4.470348358e-06,-3.159046173e-06,-3.159046173e-06,1.496076584e-05,0,5.69003e-11,3.5925e-06,0.044963005,-0.03187251091,0.3851597335,0.03121199519
328,3.280000,0.3761706874,0.02625619154,4.470348358e-06,-3.159046173e-06,-3.159046173e-06,1.496076584e-05,0,5.69003e-11,3.5925e-06,0.044963005,-0.03187251091,0.3765240045,0.03099429286
329,3.290000,0.3674599975,0.02672077902,4.470348358e-06,-3.159046173e-06,-3.159046173e-06,1.496076584e-05,0,5.69003e-11,3.5925e-06,0.044963005,-0.03187251091,0.3684011839,0.03089576488
330,3.300000,0.3613134511,0.02651070803,4.470348358e-06,-3.159046173e-06,-3.159046173e-06,1.496076584e-05,0,5.69003e-11,3.5925e-06,0.044963005,-0.03187251091,0.3608287408,0.03109302646
331,3.310000,0.3551866785,0.02602997515,4.470348358e-06,-3.159046173e-06,-3.159046173e-06,1.496076584e-05,0,5.69003e-11,3.5925e-06,0.044963005,-0.03187251091,0.3538352521,0.03097688728
332,3.320000,0.3501688056,0.0254806336,4.470348358e-06,-3.159046173e-06,-3.159046173e-06,1.496076584e-05,0,5.69003e-11,3.5925e-06,0.044963005,-0.03187251091,0.3474400155,0.03061466769
333,3.330000,0.3438076749,0.02610683441,4.470348358e-06,-3.159046173e-06,-3.159046173e-06,1.496076584e-05,0,5.69003e-11,3.5925e-06,0.044963005,-0.03187251091,0.3416527721,0.03068066216
334,3.340000,0.3390512131,0.02604326513,4.470348358e-06,-3.159046173e-06,-3.159046173e-06,1.496076584e-05,0,5.69003e-11,3.5925e-06,0.044963005,-0.03187251091,0.3364735439,0.03095867323
335,3.350000,0.33462907,0.02624637075,4.470348358e-06,-3.159046173e-06,-3.159046173e-06,1.496076584e-05,0,5.69003e-11,3.5925e-06,0.044963005,-0.03187251091,0.3318925871,0.03039784294
336,3.360000,0.329995133,0.02674922347,4.470348358e-06,-3.159046173e-06,-3.159046173e-06,1.496076584e-05,0,5.69003e-11,3.5925e-06,0.044963005,-0.03187251091,0.3278904628,0.03100869629
337,3.370000,0.3266687691,0.02679855376,4.470348358e-06,-3.159046173e-06,-3.159046173e-06,1.496076584e-05,0,5.69003e-11,3.5925e-06,0.044963005,-0.03187251091,0.3244382229,0.03102970911
338,3.380000,0.324342709,0.02695317846,4.470348358e-06,-3.159046173e-06,-3.159046173e-06,1.496076584e-05,0,5.69003e-11,3.5925e-06,0.044963005,-0.03187251091,0.321497711,0.03076861073
339,3.390000,0.321239505,0.02719644457,4.470348358e-06,-3.159046173e-06,-3.159046173e-06,1.496076584e-05,0,5.69003e-11,3.5925e-06,0.044963005,-0.03187251091,0.3190219744,0.03088250437
340,3.400000,0.3190486059,0.02744069137,4.470348358e-06,-3.159046173e-06,-3.159046173e-06,1.496076584e-05,0,5.69003e-11,3.5925e-06,0.044963005,-0.03187251091,0.316955782,0.03127234406
341,3.410000,0.3179709278,0.02734362613,4.470348358e-06,-3.159046173e-06,-3.159046173e-06,1.496076584e-05,0,5.69003e-11,3.5925e-06,0.044963005,-0.03187251091,0.3152362434,0.03129028773
342,3.420000,0.3169121444,0.0273290677,4.470348358e-06,-3.159046173e-06,-3.159046173e-06,1.496076584e-05,0,5.69003e-11,3.5925e-06,0.044963005,-0.03187251091,0.3137935212,0.03074149161
343,3.430000,0.3152398281,0.02761805244,4.470348358e-06,-3.159046173e-06,-3.159046173e-06,1.496076584e-05,0,5.69003e-11,3.5925e-06,0.044963005,-0.03187251091,0.3125516295,0.03057018471
344,3.440000,0.3138592243,0.02779447474,4.470348358e-06,-3.159046173e-06,-3.159046173e-06,1.496076584e-05,0,5.69003e-11,3.5925e-06,0.044963005,-0.03187251091,0.3114293082,0.03041794623
345,3.450000,0.3123991452,0.02809881326,4.470348358e-06,-3.159046173e-06,-3.159046173e-06,1.496076584e-05,0,5.69003e-11,3.5925e-06,0.044963005,-0.03187251091,0.3103409652,0.03021515788
346,3.460000,0.3111210577,0.02814988885,4.470348358e-06,-3.159046173e-06,-3.159046173e-06,1.496076584e-05,0,5.69003e-11,3.5925e-06,0.044963005,-0.03187251091,0.3091976738,0.03016342867
347,3.470000,0.3095839806,0.02815082669,4.470348358e-06,-3.159046173e-06,-3.159046173e-06,1.496076584e-05,0,5.69003e-11,3.5925e-06,0.044963005,-0.03187251091,0.3079082147,0.03032804591
348,3.480000,0.3077264093,0.02812129445,4.470348358e-06,-3.159046173e-06,-3.159046173e-06,1.496076584e-05,0,5.69003e-11,3.5925e-06,0.044963005,-0.03187251091,0.3063801511,0.03040072121
349,3.490000,0.3059227429,0.02826566808,4.470348358e-06,-3.159046173e-06,-3.159046173e-06,1.496076584e-05,0,5.69003e-11,3.5925e-06,0.044963005,-0.03187251091,0.3045209248,0.0300413901
350,3.500000,0.3022500686,0.02881053183,4.470348358e-06,-3.159046173e-06,-3.159046173e-06,1.496076584e-05,0,5.69003e-11,3.5925e-06,0.044963005,-0.03187251091,0.302238959,0.03021126857
351,3.510000,0.2990154289,0.02877196856,4.470348358e-06,-3.159046173e-06,-3.159046173e-06,1.496076584e-05,0,5.69003e-11,3.5925e-06,0.044963005,-0.03187251091,0.2994447577,0.02990881528
352,3.520000,0.2957668602,0.02828552108,4.470348358e-06,-3.159046173e-06,-3.159046173e-06,1.496076584e-05,0,5.69003e-11,3.5925e-06,0.044963005,-0.03187251091,0.2960519874,0.03009057691
353,3.530000,0.2914586551,0.02836783789,4.470348358e-06,-3.159046173e-06,-3.159046173e-06,1.496076584e-05,0,5.69003e-11,3.5925e-06,0.044963005,-0.03187251091,0.2919785288,0.03001822035
354,3.540000,0.2858853899,0.02877642587,4.470348358e-06,-3.159046173e-06,-3.159046173e-06,1.496076584e-05,0,5.69003e-11,3.5925e-06,0.044963005,-0.03187251091,0.2871474876,0.02980054296
355,3.550000,0.2796693407,0.02887268458,4.470348358e-06,-3.159046173e-06,-3.159046173e-06,1.496076584e-05,0,5.69003e-11,3.5925e-06,0.044963005,-0.03187251091,0.2814881509,0.02959912516
356,3.560000,0.2723782435,0.02900294308,4.470348358e-06,-3.159046173e-06,-3.159046173e-06,1.496076584e-05,0,5.69003e-11,3.5925e-06,0.044963005,-0.03187251091,0.2749368803,0.03027360985
357,3.570000,0.2644913979,0.02894416451,4.470348358e-06,-3.159046173e-06,-3.159046173e-06,1.496076584e-05,0,5.69003e-11,3.5925e-06,0.044963005,-0.03187251091,0.2674379291,0.03037303598
358,3.580000,0.2556415088,0.02908556722,4.470348358e-06,-3.159046173e-06,-3.159046173e-06,1.496076584e-05,0,5.69003e-11,3.5925e-06,0.044963005,-0.03187251091,0.2589441763,0.03028997706
359,3.590000,0.2460382916,0.02871095482,4.470348358e-06,-3.159046173e-06,-3.159046173e-06,1.496076584e-05,0,5.69003e-11,3.5925e-06,0.044963005,-0.03187251091,0.2494177668,0.03036631395
360,3.600000,0.2350697443,0.02833596803,4.470348358e-06,-3.159046173e-06,-3.159046173e-06,1.496076584e-05,0,5.69003e-11,3.5925e-06,0.044963005,-0.03187251091,0.2388306524,0.03041223445
361,3.610000,0.2241072841,0.02778099384,4.470348358e-06,-3.159046173e-06,-3.159046173e-06,1.496076584e-05,0,5.69003e-11,3.5925e-06,0.044963005,-0.03187251091,0.2271650252,0.03093459435
362,3.620000,0.2105102837,0.02772602625,4.470348358e-06,-3.159046173e-06,-3.159046173e-06,1.496076584e-05,0,5.69003e-11,3.5925e-06,0.044963005,-0.03187251091,0.2144136397,0.0311656628
363,3.630000,0.1960812919,0.0274812961,4.470348358e-06,-3.159046173e-06,-3.159046173e-06,1.496076584e-05,0,5.69003e-11,3.5925e-06,0.044963005,-0.03187251091,0.200580019,0.03086543544
364,3.640000,0.1806023046,0.02735002711,4.470348358e-06,-3.159046173e-06,-3.159046173e-06,1.496076584e-05,0,5.69003e-11,3.5925e-06,0.044963005,-0.03187251091,0.1856785427,0.03057868919
365,3.650000,0.1644690335,0.0270492835,4.470348358e-06,-3.159046173e-06,-3.159046173e-06,1.496076584e-05,0,5.69003e-11,3.5925e-06,0.044963005,-0.03187251091,0.1697344147,0.03034322448
366,3.660000,0.1487198286,0.02585114911,4.470348358e-06,-3.159046173e-06,-3.159046173e-06,1.496076584e-05,0,5.69003e-11,3.5925e-06,0.044963005,-0.03187251091,0.1527835128,0.03040305792
367,3.670000,0.1308550276,0.0257254215,4.470348358e-06,-3.159046173e-06,-3.159046173e-06,1.496076584e-05,0,5.69003e-11,3.5925e-06,0.044963005,-0.03187251091,0.1348721182,0.03008519545
368,3.680000,0.112360388,0.0252422262,4.470348358e-06,-3.159046173e-06,-3.159046173e-06,1.496076584e-05,0,5.69003e-11,3.5925e-06,0.044963005,-0.03187251091,0.1160565318,0.03013194393
369,3.690000,0.09299520403,0.02469737828,4.470348358e-06,-3.159046173e-06,-3.159046173e-06,1.496076584e-05,0,5.69003e-11,3.5925e-06,0.044963005,-0.03187251091,0.09640257745,0.02997806256
370,3.700000,0.07176410034,0.02486824524,4.470348358e-06,-3.159046173e-06,-3.159046173e-06,1.496076584e-05,0,5.69003e-11,3.5925e-06,0.044963005,-0.03187251091,0.07598500058,0.03042362449
371,3.710000,0.05039319023,0.02514570858,4.470348358e-06,-3.159046173e-06,-3.159046173e-06,1.496076584e-05,0,5.69003e-11,3.5925e-06,0.044963005,-0.03187251091,0.05488676669,0.03041494937
372,3.720000,0.02894490585,0.02497727424,4.470348358e-06,-3.159046173e-06,-3.159046173e-06,1.496076584e-05,0,5.69003e-11,3.5925e-06,0.044963005,-0.03187251091,0.03319826852,0.03085690954
373,3.730000,0.006281740963,0.02472433727,4.470348358e-06,-3.159046173e-06,-3.159046173e-06,1.496076584e-05,0,5.69003e-11,3.5925e-06,0.044963005,-0.03187251091,0.01101645006,0.03044500995
374,3.740000,-0.01637182012,0.02476555761,4.470348358e-06,-3.159046173e-06,-3.159046173e-06,1.496076584e-05,0,5.69003e-11,3.5925e-06,0.044963005,-0.03187251091,-0.01155614277,0.0301106794
375,3.750000,-0.03956816345,0.02477527689,4.470348358e-06,-3.159046173e-06,-3.159046173e-06,1.496076584e-05,0,5.69003e-11,3.5925e-06,0.044963005,-0.03187251091,-0.03441237429,0.0296910039
376,3.760000,-0.06265385821,0.02495243214,4.470348358e-06,-3.159046173e-06,-3.159046173e-06,1.496076584e-05,0,5.69003e-11,3.5925e-06,0.044963005,-0.03187251091,-0.05744158297,0.03001768733
377,3.770000,-0.0859731324,0.02488069702,4.470348358e-06,-3.159046173e-06,-3.159046173e-06,1.496076584e-05,0,5.69003e-11,3.5925e-06,0.044963005,-0.03187251091,-0.08053068523,0.03023104631
378,3.780000,-0.1093953289,0.02507636137,4.470348358e-06,-3.159046173e-06,-3.159046173e-06,1.496076584e-05,0,5.69003e-11,3.5925e-06,0.044963005,-0.03187251091,-0.1035653069,0.03023127497
379,3.790000,-0.1319356859,0.02473023441,4.470348358e-06,-3.159046173e-06,-3.159046173e-06,1.496076584e-05,0,5.69003e-11,3.5925e-06,0.044963005,-0.03187251091,-0.12643093,0.03048151366
380,3.800000,-0.1540137231,0.02440668084,4.470348358e-06,-3.159046173e-06,-3.159046173e-06,1.496076584e-05,0,5.69003e-11,3.5925e-06,0.044963005,-0.03187251091,-0.1490140414,0.03009146247
381,3.810000,-0.1757977754,0.02424714249,4.470348358e-06,-3.159046173e-06,-3.159046173e-06,1.496076584e-05,0,5.69003e-11,3.5925e-06,0.044963005,-0.03187251091,-0.1712032722,0.03024928738
382,3.820000,-0.1962987632,0.02360855602,4.470348358e-06,-3.159046173e-06,-3.159046173e-06,1.496076584e-05,0,5.69003e-11,3.5925e-06,0.044963005,-0.03187251091,-0.1928905129,0.03044925407
383,3.830000,-0.2171214968,0.02423355449,4.470348358e-06,-3.159046173e-06,-3.159046173e-06,1.496076584e-05,0,5.69003e-11,3.5925e-06,0.044963005,-0.03187251091,-0.2139719941,0.03039832417
384,3.840000,-0.2366421446,0.0239524981,4.470348358e-06,-3.159046173e-06,-3.159046173e-06,1.496076584e-05,0,5.69003e-11,3.5925e-06,0.044963005,-0.03187251091,-0.2343493196,0.03041216724
385,3.850000,-0.255527243,0.02395599987,4.470348358e-06,-3.159046173e-06,-3.159046173e-06,1.496076584e-05,0,5.69003e-11,3.5925e-06,0.044963005,-0.03187251091,-0.2539304409,0.03066465355
386,3.860000,-0.2740596533,0.02407139819,4.470348358e-06,-3.159046173e-06,-3.159046173e-06,1.496076584e-05,0,5.69003e-11,3.5925e-06,0.044963005,-0.03187251091,-0.2726305619,0.03122804411
387,3.870000,-0.2922688797,0.02449339908,4.470348358e-06,-3.159046173e-06,-3.159046173e-06,1.496076584e-05,0,5.69003e-11,3.5925e-06,0.044963005,-0.03187251091,-0.2903729643,0.03095480612
388,3.880000,-0.3082549721,0.02448151633,4.470348358e-06,-3.159046173e-06,-3.159046173e-06,1.496076584e-05,0,5.69003e-11,3.5925e-06,0.044963005,-0.03187251091,-0.3070897443,0.03172130081
389,3.890000,-0.3227960244,0.02419032808,4.470348358e-06,-3.159046173e-06,-3.159046173e-06,1.496076584e-05,0,5.69003e-11,3.5925e-06,0.044963005,-0.03187251091,-0.3227224529,0.03128983822
390,3.900000,-0.3375995271,0.02454755083,4.470348358e-06,-3.159046173e-06,-3.159046173e-06,1.496076584e-05,0,5.69003e-11,3.5925e-06,0.044963005,-0.03187251091,-0.3372226318,0.03159407534
391,3.910000,-0.3503314219,0.02497686353,4.470348358e-06,-3.159046173e-06,-3.159046173e-06,1.496076584e-05,0,5.69003e-11,3.5925e-06,0.044963005,-0.03187251091,-0.3505522406,0.03120776752
392,3.920000,-0.3625808731,0.02526303753,4.470348358e-06,-3.159046173e-06,-3.159046173e-06,1.496076584e-05,0,5.69003e-11,3.5925e-06,0.044963005,-0.03187251091,-0.3626839694,0.03149200239
393,3.930000,-0.3734449148,0.02534985729,4.470348358e-06,-3.159046173e-06,-3.159046173e-06,1.496076584e-05,0,5.69003e-11,3.5925e-06,0.044963005,-0.03187251091,-0.3736014339,0.03134468598
394,3.940000,-0.3817904703,0.02468473371,4.470348358e-06,-3.159046173e-06,-3.159046173e-06,1.496076584e-05,0,5.69003e-11,3.5925e-06,0.044963005,-0.03187251091,-0.3832992516,0.03160971202
395,3.950000,-0.3896263577,0.02461915463,4.470348358e-06,-3.159046173e-06,-3.159046173e-06,1.496076584e-05,0,5.69003e-11,3.5925e-06,0.044963005,-0.03187251091,-0.3917829976,0.03174735259
396,3.960000,-0.3963666074,0.02433681116,4.470348358e-06,-3.159046173e-06,-3.159046173e-06,1.496076584e-05,0,5.69003e-11,3.5925e-06,0.044963005,-0.03187251091,-0.3990690412,0.03197693308
397,3.970000,-0.4028072357,0.02512369491,4.470348358e-06,-3.159046173e-06,-3.159046173e-06,1.496076584e-05,0,5.69003e-11,3.5925e-06,0.044963005,-0.03187251091,-0.4051842653,0.03264268356
398,3.980000,-0.4072402418,0.02527392562,4.470348358e-06,-3.159046173e-06,-3.159046173e-06,1.496076584e-05,0,5.69003e-11,3.5925e-06,0.044963005,-0.03187251091,-0.410165672,0.03275504678
399,3.990000,-0.4103190377,0.02520181239,4.470348358e-06,-3.159046173e-06,-3.159046173e-06,1.496076584e-05,0,5.69003e-11,3.5925e-06,0.044963005,-0.03187251091,-0.4140598791,0.03317948423
400,4.000000,-0.4126802236,0.02538589016,4.470348358e-06,-3.159046173e-06,-3.159046173e-06,1.496076584e-05,0,5.69003e-11,3.5925e-06,0.044963005,-0.03187251091,-0.4169225135,0.03278780003
401,4.010000,-0.4141101725,0.02561078966,4.470348358e-06,-3.159046173e-06,-3.159046173e-06,1.496076584e-05,0,5.69003e-11,3.5925e-06,0.044963005,-0.03187251091,-0.4188175081,0.03310943203
402,4.020000,-0.4148013815,0.02573029045,4.470348358e-06,-3.159046173e-06,-3.159046173e-06,1.496076584e-05,0,5.69003e-11,3.5925e-06,0.044963005,-0.03187251091,-0.4198163108,0.03340824536
403,4.030000,-0.4142059758,0.02563446201,4.470348358e-06,-3.159046173e-06,-3.159046173e-06,1.496076584e-05,0,5.69003e-11,3.5925e-06,0.044963005,-0.03187251091,-0.4199970153,0.03379122606
404,4.040000,-0.413694419,0.02565790433,4.470348358e-06,-3.159046173e-06,-3.159046173e-06,1.496076584e-05,0,5.69003e-11,3.5925e-06,0.044963005,-0.03187251091,-0.4194434215,0.0340834684
405,4.050000,-0.4129252546,0.02601821721,4.470348358e-06,-3.159046173e-06,-3.159046173e-06,1.496076584e-05,0,5.69003e-11,3.5925e-06,0.044963005,-0.03187251091,-0.4182440398,0.03386679035
406,4.060000,-0.4114711434,0.02650772873,4.470348358e-06,-3.159046173e-06,-3.159046173e-06,1.496076584e-05,0,5.69003e-11,3.5925e-06,0.044963005,-0.03187251091,-0.416491047,0.03367763673
407,4.070000,-0.4094900601,0.0271159457,4.470348358e-06,-3.159046173e-06,-3.159046173e-06,1.496076584e-05,0,5.69003e-11,3.5925e-06,0.044963005,-0.03187251091,-0.4142792084,0.0330625327
408,4.080000,-0.4069637507,0.02709873486,4.470348358e-06,-3.159046173e-06,-3.159046173e-06,1.496076584e-05,0,5.69003e-11,3.5925e-06,0.044963005,-0.03187251091,-0.4117047777,0.032810258
409,4.090000,-0.404392194,0.02739035059,4.470348358e-06,-3.159046173e-06,-3.159046173e-06,1.496076584e-05,0,5.69003e-11,3.5925e-06,0.044963005,-0.03187251091,-0.4088643863,0.03318107744
410,4.100000,-0.401625663,0.0273918733,4.470348358e-06,-3.159046173e-06,-3.159046173e-06,1.496076584e-05,0,5.69003e-11,3.5925e-06,0.044963005,-0.03187251091,-0.4058539359,0.03332800546
411,4.110000,-0.3996919915,0.02814315353,4.470348358e-06,-3.159046173e-06,-3.159046173e-06,1.496076584e-05,0,5.69003e-11,3.5925e-06,0.044963005,-0.03187251091,-0.4027675065,0.03311600763
412,4.120000,-0.3965499662,0.02828386799,4.470348358e-06,-3.159046173e-06,-3.159046173e-06,1.496076584e-05,0,5.69003e-11,3.5925e-06,0.044963005,-0.03187251091,-0.3996962923,0.03288749617
413,4.130000,-0.3944121078,0.0284688985,4.470348358e-06,-3.159046173e-06,-3.159046173e-06,1.496076584e-05,0,5.69003e-11,3.5925e-06,0.044963005,-0.03187251091,-0.3967275772,0.0330178744
414,4.140000,-0.3903495409,0.02785340138,4.470348358e-06,-3.159046173e-06,-3.159046173e-06,1.496076584e-05,0,5.69003e-11,3.5925e-06,0.044963005,-0.03187251091,-0.3939437623,0.03317693663
415,4.150000,-0.3885094561,0.02843388543,4.470348358e-06,-3.159046173e-06,-3.159046173e-06,1.496076584e-05,0,5.69003e-11,3.5925e-06,0.044963005,-0.03187251091,-0.391421455,0.03373994458
416,4.160000,-0.3855940625,0.02807938773,4.470348358e-06,-3.159046173e-06,-3.159046173e-06,1.496076584e-05,0,5.69003e-11,3.5925e-06,0.044963005,-0.03187251091,-0.3892306322,0.03333142069
417,4.170000,-0.384050373,0.02800104022,4.470348358e-06,-3.159046173e-06,-3.159046173e-06,1.496076584e-05,0,5.69003e-11,3.5925e-06,0.044963005,-0.03187251091,-0.3874338842,0.03299143067
418,4.180000,-0.3834588118,0.02818641067,4.470348358e-06,-3.159046173e-06,-3.159046173e-06,1.496076584e-05,0,5.69003e-11,3.5925e-06,0.044963005,-0.03187251091,-0.3860857508,0.03350082488
419,4.190000,-0.3831267171,0.02846610639,4.470348358e-06,-3.159046173e-06,-3.159046173e-06,1.496076584e-05,0,5.69003e-11,3.5925e-06,0.044963005,-0.03187251091,-0.385232154,0.03370895271
420,4.200000,-0.3831065632,0.02892163582,4.470348358e-06,-3.159046173e-06,-3.159046173e-06,1.496076584e-05,0,5.69003e-11,3.5925e-06,0.044963005,-0.03187251091,-0.384909936,0.03319926749
421,4.210000,-0.3835866936,0.02890607715,4.470348358e-06,-3.159046173e-06,-3.159046173e-06,1.496076584e-05,0,5.69003e-11,3.5925e-06,0.044963005,-0.03187251091,-0.3851465064,0.03269182095
422,4.220000,-0.3850409798,0.02901957184,4.470348358e-06,-3.159046173e-06,-3.159046173e-06,1.496076584e-05,0,5.69003e-11,3.5925e-06,0.044963005,-0.03187251091,-0.3859596028,0.03269815083
423,4.230000,-0.3868896514,0.02850895934,4.470348358e-06,-3.159046173e-06,-3.159046173e-06,1.496076584e-05,0,5.69003e-11,3.5925e-06,0.044963005,-0.03187251091,-0.3873571666,0.03238885409
424,4.240000,-0.3885728195,0.02796669677,4.470348358e-06,-3.159046173e-06,-3.159046173e-06,1.496076584e-05,0,5.69003e-11,3.5925e-06,0.044963005,-0.03187251091,-0.3893373365,0.03284187254
425,4.250000,-0.3903337903,0.02721664682,4.470348358e-06,-3.159046173e-06,-3.159046173e-06,1.496076584e-05,0,5.69003e-11,3.5925e-06,0.044963005,-0.03187251091,-0.3918885585,0.03319302319
426,4.260000,-0.3941016123,0.02725576237,4.470348358e-06,-3.159046173e-06,-3.159046173e-06,1.496076584e-05,0,5.69003e-11,3.5925e-06,0.044963005,-0.03187251091,-0.3949898108,0.03340634679
427,4.270000,-0.3972484581,0.02692207415,4.470348358e-06,-3.159046173e-06,-3.159046173e-06,1.496076584e-05,0,5.69003e-11,3.5925e-06,0.044963005,-0.03187251091,-0.3986109417,0.03353012297
428,4.280000,-0.4015628919,0.02700303774,4.470348358e-06,-3.159046173e-06,-3.159046173e-06,1.496076584e-05,0,5.69003e-11,3.5925e-06,0.044963005,-0.03187251091,-0.4027131159,0.03351842008
429,4.290000,-0.4059924036,0.0269308351,4.470348358e-06,-3.159046173e-06,-3.159046173e-06,1.496076584e-05,0,5.69003e-11,3.5925e-06,0.044963005,-0.03187251091,-0.4072493629,0.03364936671
430,4.300000,-0.4108882956,0.02725494001,4.470348358e-06,-3.159046173e-06,-3.159046173e-06,1.496076584e-05,0,5.69003e-11,3.5925e-06,0.044963005,-0.03187251091,-0.4121652227,0.03390962041
431,4.310000,-0.4168008082,0.02753266227,4.470348358e-06,-3.159046173e-06,-3.159046173e-06,1.496076584e-05,0,5.69003e-11,3.5925e-06,0.044963005,-0.03187251091,-0.4173994801,0.03388735961
432,4.320000,-0.4208241217,0.02692454774,4.470348358e-06,-3.159046173e-06,-3.159046173e-06,1.496076584e-05,0,5.69003e-11,3.5925e-06,0.044963005,-0.03187251091,-0.4228849782,0.03360868478
433,4.330000,-0.425191626,0.02635229845,4.470348358e-06,-3.159046173e-06,-3.159046173e-06,1.496076584e-05,0,5.69003e-11,3.5925e-06,0.044963005,-0.03187251091,-0.4285495039,0.033574165
434,4.340000,-0.4313065633,0.02661619429,4.470348358e-06,-3.159046173e-06,-3.159046173e-06,1.496076584e-05,0,5.69003e-11,3.5925e-06,0.044963005,-0.03187251091,-0.434316732,0.03316705998
435,4.350000,-0.4373432845,0.02704643644,4.470348358e-06,-3.159046173e-06,-3.159046173e-06,1.496076584e-05,0,5.69003e-11,3.5925e-06,0.044963005,-0.03187251091,-0.440107219,0.03359532431
436,4.360000,-0.4428976439,0.02720220387,4.470348358e-06,-3.159046173e-06,-3.159046173e-06,1.496076584e-05,0,5.69003e-11,3.5925e-06,0.044963005,-0.03187251091,-0.4458394341,0.0339253031
437,4.370000,-0.448080752,0.02688797563,4.470348358e-06,-3.159046173e-06,-3.159046173e-06,1.496076584e-05,0,5.69003e-11,3.5925e-06,0.044963005,-0.03187251091,-0.4514308154,0.03384842291
438,4.380000,-0.4540853612,0.02722879872,4.470348358e-06,-3.159046173e-06,-3.159046173e-06,1.496076584e-05,0,5.69003e-11,3.5925e-06,0.044963005,-0.03187251091,-0.4567988389,0.03390678881
439,4.390000,-0.4584842734,0.02716367133,4.470348358e-06,-3.159046173e-06,-3.159046173e-06,1.496076584e-05,0,5.69003e-11,3.5925e-06,0.044963005,-0.03187251091,-0.4618620878,0.03387327702
440,4.400000,-0.4629270695,0.02696622536,4.470348358e-06,-3.159046173e-06,-3.159046173e-06,1.496076584e-05,0,5.69003e-11,3.5925e-06,0.044963005,-0.03187251091,-0.4665413097,0.03363437794
441,4.410000,-0.4667196535,0.02691967599,4.470348358e-06,-3.159046173e-06,-3.159046173e-06,1.496076584e-05,0,5.69003e-11,3.5925e-06,0.044963005,-0.03187251091,-0.4707604489,0.03376675002
442,4.420000,-0.4707826413,0.02744884975,4.470348358e-06,-3.159046173e-06,-3.159046173e-06,1.496076584e-05,0,5.69003e-11,3.5925e-06,0.044963005,-0.03187251091,-0.4744476425,0.03370222295
443,4.430000,-0.4742485918,0.02778003272,4.470348358e-06,-3.159046173e-06,-3.159046173e-06,1.496076584e-05,0,5.69003e-11,3.5925e-06,0.044963005,-0.03187251091,-0.4775361679,0.03331916078
444,4.440000,-0.4758527577,0.02754959278,4.470348358e-06,-3.159046173e-06,-3.159046173e-06,1.496076584e-05,0,5.69003e-11,3.5925e-06,0.044963005,-0.03187251091,-0.4799653302,0.03349133964
445,4.450000,-0.4776936024,0.02805570979,4.470348358e-06,-3.159046173e-06,-3.159046173e-06,1.496076584e-05,0,5.69003e-11,3.5925e-06,0.044963005,-0.03187251091,-0.4816812808,0.03346130658
446,4.460000,-0.4782142527,0.02799536567,4.470348358e-06,-3.159046173e-06,-3.159046173e-06,1.496076584e-05,0,5.69003e-11,3.5925e-06,0.044963005,-0.03187251091,-0.4826377553,0.03382179425
447,4.470000,-0.478005901,0.02833453566,4.470348358e-06,-3.159046173e-06,-3.159046173e-06,1.496076584e-05,0,5.69003e-11,3.5925e-06,0.044963005,-0.03187251091,-0.4827967236,0.0336627057
448,4.480000,-0.4770482928,0.0284905592,4.470348358e-06,-3.159046173e-06,-3.159046173e-06,1.496076584e-05,0,5.69003e-11,3.5925e-06,0.044963005,-0.03187251091,-0.4821289438,0.03316299998
449,4.490000,-0.4758712538,0.0285672294,4.470348358e-06,-3.159046173e-06,-3.159046173e-06,1.496076584e-05,0,5.69003e-11,3.5925e-06,0.044963005,-0.03187251091,-0.4806144136,0.03284835915
450,4.500000,-0.4744388238,0.02938702982,4.470348358e-06,-3.159046173e-06,-3.159046173e-06,1.496076584e-05,0,5.69003e-11,3.5925e-06,0.044963005,-0.03187251091,-0.4782427133,0.03255506138
451,4.510000,-0.4710212313,0.02911314927,4.470348358e-06,-3.159046173e-06,-3.159046173e-06,1.496076584e-05,0,5.69003e-11,3.5925e-06,0.044963005,-0.03187251091,-0.4750132367,0.03283263954
452,4.520000,-0.4662520252,0.02925848402,4.470348358e-06,-3.159046173e-06,-3.159046173e-06,1.496076584e-05,0,5.69003e-11,3.5925e-06,0.044963005,-0.03187251091,-0.4709353066,0.03331468747
453,4.530000,-0.4606488161,0.02924385387,4.470348358e-06,-3.159046173e-06,-3.159046173e-06,1.496076584e-05,0,5.69003e-11,3.5925e-06,0.044963005,-0.03187251091,-0.4660281736,0.03312072789
454,4.540000,-0.4542197697,0.02933796495,4.470348358e-06,-3.159046173e-06,-3.159046173e-06,1.496076584e-05,0,5.69003e-11,3.5925e-06,0.044963005,-0.03187251091,-0.4603208981,0.03325230837
455,4.550000,-0.4481032901,0.02959931456,4.470348358e-06,-3.159046173e-06,-3.159046173e-06,1.496076584e-05,0,5.69003e-11,3.5925e-06,0.044963005,-0.03187251091,-0.4538521159,0.03338369633
456,4.560000,-0.4411256574,0.02965007816,4.470348358e-06,-3.159046173e-06,-3.159046173e-06,1.496076584e-05,0,5.69003e-11,3.5925e-06,0.044963005,-0.03187251091,-0.4466696909,0.03335550315
457,4.570000,-0.4320348725,0.02961752005,4.470348358e-06,-3.159046173e-06,-3.159046173e-06,1.496076584e-05,0,5.69003e-11,3.5925e-06,0.044963005,-0.03187251091,-0.4388302571,0.03314426273
458,4.580000,-0.4235152081,0.02997189108,4.470348358e-06,-3.159046173e-06,-3.159046173e-06,1.496076584e-05,0,5.69003e-11,3.5925e-06,0.044963005,-0.03187251091,-0.4303986573,0.03358158037
459,4.590000,-0.4143025167,0.030116654,4.470348358e-06,-3.159046173e-06,-3.159046173e-06,1.496076584e-05,0,5.69003e-11,3.5925e-06,0.044963005,-0.03187251091,-0.4214472818,0.0333794998
460,4.600000,-0.4050634131,0.03054203186,4.470348358e-06,-3.159046173e-06,-3.159046173e-06,1.496076584e-05,0,5.69003e-11,3.5925e-06,0.044963005,-0.03187251091,-0.4120553172,0.03282696162
461,4.610000,-0.3946044035,0.03027494438,4.470348358e-06,-3.159046173e-06,-3.159046173e-06,1.496076584e-05,0,5.69003e-11,3.5925e-06,0.044963005,-0.03187251091,-0.4023079115,0.03271577605
462,4.620000,-0.3852229714,0.03076283261,4.470348358e-06,-3.159046173e-06,-3.159046173e-06,1.496076584e-05,0,5.69003e-11,3.5925e-06,0.044963005,-0.03187251091,-0.3922952663,0.03275690105
463,4.630000,-0.3753140382,0.0310902074,4.470348358e-06,-3.159046173e-06,-3.159046173e-06,1.496076584e-05,0,5.69003e-11,3.5925e-06,0.044963005,-0.03187251091,-0.3821116662,0.0327477967
464,4.640000,-0.3646245934,0.03099345788,4.470348358e-06,-3.159046173e-06,-3.159046173e-06,1.496076584e-05,0,5.69003e-11,3.5925e-06,0.044963005,-0.03187251091,-0.3718544553,0.03261197577
465,4.650000,-0.3549662605,0.03155682608,4.470348358e-06,-3.159046173e-06,-3.159046173e-06,1.496076584e-05,0,5.69003e-11,3.5925e-06,0.044963005,-0.03187251091,-0.3616229734,0.03239058774
466,4.660000,-0.3458324447,0.03198385984,4.470348358e-06,-3.159046173e-06,-3.159046173e-06,1.496076584e-05,0,5.69003e-11,3.5925e-06,0.044963005,-0.03187251091,-0.3515174638,0.03263106938
467,4.670000,-0.3371300288,0.03247851599,4.470348358e-06,-3.159046173e-06,-3.159046173e-06,1.496076584e-05,0,5.69003e-11,3.5925e-06,0.044963005,-0.03187251091,-0.3416379647,0.03277227688
468,4.680000,-0.3280522563,0.03270543646,4.470348358e-06,-3.159046173e-06,-3.159046173e-06,1.496076584e-05,0,5.69003e-11,3.5925e-06,0.044963005,-0.03187251091,-0.3320831973,0.03233269891
469,4.690000,-0.3191602342,0.0332261771,4.470348358e-06,-3.159046173e-06,-3.159046173e-06,1.496076584e-05,0,5.69003e-11,3.5925e-06,0.044963005,-0.03187251091,-0.3229494627,0.03251957649
470,4.700000,-0.3103242368,0.03279201686,4.470348358e-06,-3.159046173e-06,-3.159046173e-06,1.496076584e-05,0,5.69003e-11,3.5925e-06,0.044963005,-0.03187251091,-0.3143295606,0.0330575548
471,4.710000,-0.3031195663,0.03342811484,4.470348358e-06,-3.159046173e-06,-3.159046173e-06,1.496076584e-05,0,5.69003e-11,3.5925e-06,0.044963005,-0.03187251091,-0.3063117417,0.03263494529
472,4.720000,-0.2964794487,0.03373531159,4.470348358e-06,-3.159046173e-06,-3.159046173e-06,1.496076584e-05,0,5.69003e-11,3.5925e-06,0.044963005,-0.03187251091,-0.2989787067,0.03308404382
473,4.730000,-0.29179487,0.03441589326,4.470348358e-06,-3.159046173e-06,-3.159046173e-06,1.496076584e-05,0,5.69003e-11,3.5925e-06,0.044963005,-0.03187251091,-0.2924066621,0.03306735416
474,4.740000,-0.2863871381,0.0343608968,4.470348358e-06,-3.159046173e-06,-3.159046173e-06,1.496076584e-05,0,5.69003e-11,3.5925e-06,0.044963005,-0.03187251091,-0.2866644442,0.03278712534
475,4.750000,-0.2829408683,0.03500055801,4.470348358e-06,-3.159046173e-06,-3.159046173e-06,1.496076584e-05,0,5.69003e-11,3.5925e-06,0.044963005,-0.03187251091,-0.2818127221,0.03278268911
476,4.760000,-0.2786277048,0.0342943389,4.470348358e-06,-3.159046173e-06,-3.159046173e-06,1.496076584e-05,0,5.69003e-11,3.5925e-06,0.044963005,-0.03187251091,-0.2779032871,0.03264991007
477,4.770000,-0.2759040259,0.03384218086,4.470348358e-06,-3.159046173e-06,-3.159046173e-06,1.496076584e-05,0,5.69003e-11,3.5925e-06,0.044963005,-0.03187251091,-0.2749784391,0.03278487449
478,4.780000,-0.2742290832,0.0336758215,4.470348358e-06,-3.159046173e-06,-3.159046173e-06,1.496076584e-05,0,5.69003e-11,3.5925e-06,0.044963005,-0.03187251091,-0.2730704743,0.03217206889
479,4.790000,-0.2746233381,0.0338882897,4.470348358e-06,-3.159046173e-06,-3.159046173e-06,1.496076584e-05,0,5.69003e-11,3.5925e-06,0.044963005,-0.03187251091,-0.272201283,0.03224992512
480,4.800000,-0.2757196911,0.03405574057,4.470348358e-06,-3.159046173e-06,-3.159046173e-06,1.496076584e-05,0,5.69003e-11,3.5925e-06,0.044963005,-0.03187251091,-0.2723820603,0.03180933825
481,4.810000,-0.2776224948,0.03407040983,4.470348358e-06,-3.159046173e-06,-3.159046173e-06,1.496076584e-05,0,5.69003e-11,3.5925e-06,0.044963005,-0.03187251091,-0.2736131335,0.03209795316
482,4.820000,-0.2811027281,0.03430870082,4.470348358e-06,-3.159046173e-06,-3.159046173e-06,1.496076584e-05,0,5.69003e-11,3.5925e-06,0.044963005,-0.03187251091,-0.2758839095,0.03209296873
483,4.830000,-0.2842899971,0.03415898234,4.470348358e-06,-3.159046173e-06,-3.159046173e-06,1.496076584e-05,0,5.69003e-11,3.5925e-06,0.044963005,-0.03187251091,-0.2791729415,0.03162601723
484,4.840000,-0.2888991944,0.03408792336,4.470348358e-06,-3.159046173e-06,-3.159046173e-06,1.496076584e-05,0,5.69003e-11,3.5925e-06,0.044963005,-0.03187251091,-0.2834481153,0.03136634591
485,4.850000,-0.2947400399,0.03403181117,4.470348358e-06,-3.159046173e-06,-3.159046173e-06,1.496076584e-05,0,5.69003e-11,3.5925e-06,0.044963005,-0.03187251091,-0.2886669528,0.03148747102
486,4.860000,-0.3012616746,0.03391384427,4.470348358e-06,-3.159046173e-06,-3.159046173e-06,1.496076584e-05,0,5.69003e-11,3.5925e-06,0.044963005,-0.03187251091,-0.2947770304,0.03212650817
487,4.870000,-0.3083644919,0.03359403741,4.470348358e-06,-3.159046173e-06,-3.159046173e-06,1.496076584e-05,0,5.69003e-11,3.5925e-06,0.044963005,-0.03187251091,-0.3017165066,0.03221238242
488,4.880000,-0.3155112378,0.03271382116,4.470348358e-06,-3.159046173e-06,-3.159046173e-06,1.496076584e-05,0,5.69003e-11,3.5925e-06,0.044963005,-0.03187251091,-0.3094147539,0.03213749262
489,4.890000,-0.3246261477,0.03304302972,4.470348358e-06,-3.159046173e-06,-3.159046173e-06,1.496076584e-05,0,5.69003e-11,3.5925e-06,0.044963005,-0.03187251091,-0.3177930874,0.03236792095
490,4.900000,-0.3336569443,0.03279861622,4.470348358e-06,-3.159046173e-06,-3.159046173e-06,1.496076584e-05,0,5.69003e-11,3.5925e-06,0.044963005,-0.03187251091,-0.3267655832,0.032196638
491,4.910000,-0.341888316,0.03188761789,4.470348358e-06,-3.159046173e-06,-3.159046173e-06,1.496076584e-05,0,5.69003e-11,3.5925e-06,0.044963005,-0.03187251091,-0.3362399754,0.03203878428
492,4.920000,-0.3515159115,0.03157327231,4.470348358e-06,-3.159046173e-06,-3.159046173e-06,1.496076584e-05,0,5.69003e-11,3.5925e-06,0.044963005,-0.03187251091,-0.3461186249,0.03182983516
493,4.930000,-0.3611894287,0.03151824046,4.470348358e-06,-3.159046173e-06,-3.159046173e-06,1.496076584e-05,0,5.69003e-11,3.5925e-06,0.044963005,-0.03187251091,-0.356299546,0.03206607964
494,4.940000,-0.3723458275,0.03182645701,4.470348358e-06,-3.159046173e-06,-3.159046173e-06,1.496076584e-05,0,5.69003e-11,3.5925e-06,0.044963005,-0.03187251091,-0.3666774818,0.031901753
495,4.950000,-0.3828103207,0.03210210614,4.470348358e-06,-3.159046173e-06,-3.159046173e-06,1.496076584e-05,0,5.69003e-11,3.5925e-06,0.044963005,-0.03187251091,-0.3771450152,0.03214580776
496,4.960000,-0.3930610754,0.03199559171,4.470348358e-06,-3.159046173e-06,-3.159046173e-06,1.496076584e-05,0,5.69003e-11,3.5925e-06,0.044963005,-0.03187251091,-0.3875937032,0.03252679361
497,4.970000,-0.4029130712,0.03178677801,4.470348358e-06,-3.159046173e-06,-3.159046173e-06,1.496076584e-05,0,5.69003e-11,3.5925e-06,0.044963005,-0.03187251091,-0.3979152234,0.03259427495
498,4.980000,-0.412383385,0.03176986612,4.470348358e-06,-3.159046173e-06,-3.159046173e-06,1.496076584e-05,0,5.69003e-11,3.5925e-06,0.044963005,-0.03187251091,-0.4080025169,0.0328395953
499,4.990000,-0.4225467481,0.03198940028,4.470348358e-06,-3.159046173e-06,-3.159046173e-06,1.496076584e-05,0,5.69003e-11,3.5925e-06,0.044963005,-0.03187251091,-0.4177509182,0.03294243394
500,5.000000,-0.4315739311,0.03165639285,4.470348358e-06,-3.159046173e-06,-3.159046173e-06,1.496076584e-05,0,5.69003e-11,3.5925e-06,0.044963005,-0.03187251091,-0.4270592576,0.03277075205
501,5.010000,-0.4397354349,0.03140529152,4.470348358e-06,-3.159046173e-06,-3.159046173e-06,1.496076584e-05,0,5.69003e-11,3.5925e-06,0.044963005,-0.03187251091,-0.4358309239,0.03306994741
502,5.020000,-0.4483378753,0.03189205378,4.470348358e-06,-3.159046173e-06,-3.159046173e-06,1.496076584e-05,0,5.69003e-11,3.5925e-06,0.044963005,-0.03187251091,-0.4439748767,0.0336512132
503,5.030000,-0.4544935264,0.03120635264,4.470348358e-06,-3.159046173e-06,-3.159046173e-06,1.496076584e-05,0,5.69003e-11,3.5925e-06,0.044963005,-0.03187251091,-0.4514065958,0.0334285512
504,5.040000,-0.4611365572,0.03134666011,4.470348358e-06,-3.159046173e-06,-3.159046173e-06,1.496076584e-05,0,5.69003e-11,3.5925e-06,0.044963005,-0.03187251091,-0.4580489579,0.03346663562
505,5.050000,-0.4668192156,0.03164734691,4.470348358e-06,-3.159046173e-06,-3.159046173e-06,1.496076584e-05,0,5.69003e-11,3.5925e-06,0.044963005,-0.03187251091,-0.4638330312,0.03342774206
506,5.060000,-0.471503254,0.03166573029,4.470348358e-06,-3.159046173e-06,-3.159046173e-06,1.496076584e-05,0,5.69003e-11,3.5925e-06,0.044963005,-0.03187251091,-0.4686987782,0.0336522009
507,5.070000,-0.4741402343,0.03114075121,4.470348358e-06,-3.159046173e-06,-3.159046173e-06,1.496076584e-05,0,5.69003e-11,3.5925e-06,0.044963005,-0.03187251091,-0.4725956597,0.03434297097
508,5.080000,-0.4772005789,0.03118424304,4.470348358e-06,-3.159046173e-06,-3.159046173e-06,1.496076584e-05,0,5.69003e-11,3.5925e-06,0.044963005,-0.03187251091,-0.4754831329,0.03466330191
509,5.090000,-0.4780684337,0.03097343538,4.470348358e-06,-3.159046173e-06,-3.159046173e-06,1.496076584e-05,0,5.69003e-11,3.5925e-06,0.044963005,-0.03187251091,-0.4773310393,0.03470018438
510,5.100000,-0.4788953289,0.0311446907,4.470348358e-06,-3.159046173e-06,-3.159046173e-06,1.496076584e-05,0,5.69003e-11,3.5925e-06,0.044963005,-0.03187251091,-0.4781198767,0.03467677146
511,5.110000,-0.478081502,0.03102391493,4.470348358e-06,-3.159046173e-06,-3.159046173e-06,1.496076584e-05,0,5.69003e-11,3.5925e-06,0.044963005,-0.03187251091,-0.4778409532,0.03479340201
512,5.120000,-0.4757615067,0.03089124803,4.470348358e-06,-3.159046173e-06,-3.159046173e-06,1.496076584e-05,0,5.69003e-11,3.5925e-06,0.044963005,-0.03187251091,-0.4764964223,0.03456087238
513,5.130000,-0.4716705903,0.03037671652,4.470348358e-06,-3.159046173e-06,-3.159046173e-06,1.496076584e-05,0,5.69003e-11,3.5925e-06,0.044963005,-0.03187251091,-0.4740991977,0.0348948009
514,5.140000,-0.4672976695,0.02990386449,4.470348358e-06,-3.159046173e-06,-3.159046173e-06,1.496076584e-05,0,5.69003e-11,3.5925e-06,0.044963005,-0.03187251091,-0.47067275,0.03459597583
515,5.150000,-0.4621730708,0.02960241586,4.470348358e-06,-3.159046173e-06,-3.159046173e-06,1.496076584e-05,0,5.69003e-11,3.5925e-06,0.044963005,-0.03187251091,-0.4662507876,0.03416225312
516,5.160000,-0.456412185,0.02938473877,4.470348358e-06,-3.159046173e-06,-3.159046173e-06,1.496076584e-05,0,5.69003e-11,3.5925e-06,0.044963005,-0.03187251091,-0.4608768251,0.03460116029
517,5.170000,-0.4495281652,0.02953699045,4.470348358e-06,-3.159046173e-06,-3.159046173e-06,1.496076584e-05,0,5.69003e-11,3.5925e-06,0.044963005,-0.03187251091,-0.454603645,0.03504131702
518,5.180000,-0.4426362664,0.03023521136,4.470348358e-06,-3.159046173e-06,-3.159046173e-06,1.496076584e-05,0,5.69003e-11,3.5925e-06,0.044963005,-0.03187251091,-0.4474926585,0.03502251348
519,5.190000,-0.4350634031,0.03086425178,4.470348358e-06,-3.159046173e-06,-3.159046173e-06,1.496076584e-05,0,5.69003e-11,3.5925e-06,0.044963005,-0.03187251091,-0.4396131736,0.03521121164
520,5.200000,-0.4268101677,0.03113272507,4.470348358e-06,-3.159046173e-06,-3.159046173e-06,1.496076584e-05,0,5.69003e-11,3.5925e-06,0.044963005,-0.03187251091,-0.4310415779,0.03525973199
521,5.210000,-0.417723719,0.03180988599,4.470348358e-06,-3.159046173e-06,-3.159046173e-06,1.496076584e-05,0,5.69003e-11,3.5925e-06,0.044963005,-0.03187251091,-0.4218604465,0.0351163843
522,5.220000,-0.4079443067,0.03188589308,4.470348358e-06,-3.159046173e-06,-3.159046173e-06,1.496076584e-05,0,5.69003e-11,3.5925e-06,0.044963005,-0.03187251091,-0.4121575847,0.03609917916
523,5.230000,-0.3984978534,0.03237962257,4.470348358e-06,-3.159046173e-06,-3.159046173e-06,1.496076584e-05,0,5.69003e-11,3.5925e-06,0.044963005,-0.03187251091,-0.4020250167,0.03604405308
524,5.240000,-0.3886951171,0.0328325294,4.470348358e-06,-3.159046173e-06,-3.159046173e-06,1.496076584e-05,0,5.69003e-11,3.5925e-06,0.044963005,-0.03187251091,-0.3915579324,0.03655161525
525,5.250000,-0.3772700764,0.03230095934,4.470348358e-06,-3.159046173e-06,-3.159046173e-06,1.496076584e-05,0,5.69003e-11,3.5925e-06,0.044963005,-0.03187251091,-0.3808536029,0.03643090848
526,5.260000,-0.3668045253,0.03245462198,4.470348358e-06,-3.159046173e-06,-3.159046173e-06,1.496076584e-05,0,5.69003e-11,3.5925e-06,0.044963005,-0.03187251091,-0.3700102794,0.03676971735
527,5.270000,-0.3572496511,0.03349331301,4.470348358e-06,-3.159046173e-06,-3.159046173e-06,1.496076584e-05,0,5.69003e-11,3.5925e-06,0.044963005,-0.03187251091,-0.3591260858,0.03661247532
528,5.280000,-0.3465442918,0.03340926114,4.470348358e-06,-3.159046173e-06,-3.159046173e-06,1.496076584e-05,0,5.69003e-11,3.5925e-06,0.044963005,-0.03187251091,-0.3482979191,0.0368493295
529,5.290000,-0.3349775001,0.03319383692,4.470348358e-06,-3.159046173e-06,-3.159046173e-06,1.496076584e-05,0,5.69003e-11,3.5925e-06,0.044963005,-0.03187251091,-0.3376203694,0.03670978078
530,5.300000,-0.3247172385,0.03299153131,4.470348358e-06,-3.159046173e-06,-3.159046173e-06,1.496076584e-05,0,5.69003e-11,3.5925e-06,0.044963005,-0.03187251091,-0.3271846728,0.03739159177
531,5.310000,-0.3144544624,0.03312981129,4.470348358e-06,-3.159046173e-06,-3.159046173e-06,1.496076584e-05,0,5.69003e-11,3.5925e-06,0.044963005,-0.03187251091,-0.3170777069,0.03694012784
532,5.320000,-0.3053565323,0.03343337122,4.470348358e-06,-3.159046173e-06,-3.159046173e-06,1.496076584e-05,0,5.69003e-11,3.5925e-06,0.044963005,-0.03187251091,-0.3073810435,0.03716230671
533,5.330000,-0.2967354767,0.03351029474,4.470348358e-06,-3.159046173e-06,-3.159046173e-06,1.496076584e-05,0,5.69003e-11,3.5925e-06,0.044963005,-0.03187251091,-0.2981700664,0.03668367333
534,5.340000,-0.2883381061,0.03336917423,4.470348358e-06,-3.159046173e-06,-3.159046173e-06,1.496076584e-05,0,5.69003e-11,3.5925e-06,0.044963005,-0.03187251091,-0.2895131655,0.03668855043
535,5.350000,-0.2814721689,0.03399085626,4.470348358e-06,-3.159046173e-06,-3.159046173e-06,1.496076584e-05,0,5.69003e-11,3.5925e-06,0.044963005,-0.03187251091,-0.2814710166,0.03643633567
536,5.360000,-0.2745099328,0.03398677241,4.470348358e-06,-3.159046173e-06,-3.159046173e-06,1.496076584e-05,0,5.69003e-11,3.5925e-06,0.044963005,-0.03187251091,-0.274095954,0.03610932673
537,5.370000,-0.2684333585,0.03399833944,4.470348358e-06,-3.159046173e-06,-3.159046173e-06,1.496076584e-05,0,5.69003e-11,3.5925e-06,0.044963005,-0.03187251091,-0.2674314438,0.03583820667
538,5.380000,-0.2629608512,0.0342113534,4.470348358e-06,-3.159046173e-06,-3.159046173e-06,1.496076584e-05,0,5.69003e-11,3.5925e-06,0.044963005,-0.03187251091,-0.2615116633,0.03597607489
539,5.390000,-0.2579507791,0.03411871754,4.470348358e-06,-3.159046173e-06,-3.159046173e-06,1.496076584e-05,0,5.69003e-11,3.5925e-06,0.044963005,-0.03187251091,-0.2563611915,0.03645023891
540,5.400000,-0.2536861859,0.03402073495,4.470348358e-06,-3.159046173e-06,-3.159046173e-06,1.496076584e-05,0,5.69003e-11,3.5925e-06,0.044963005,-0.03187251091,-0.2519948132,0.03635708938
541,5.410000,-0.2504339069,0.03370326944,4.470348358e-06,-3.159046173e-06,-3.159046173e-06,1.496076584e-05,0,5.69003e-11,3.5925e-06,0.044963005,-0.03187251091,-0.24841744,0.03616295518
542,5.420000,-0.2482359409,0.03362096939,4.470348358e-06,-3.159046173e-06,-3.159046173e-06,1.496076584e-05,0,5.69003e-11,3.5925e-06,0.044963005,-0.03187251091,-0.2456241476,0.03608414875
543,5.430000,-0.2465101704,0.03334122896,4.470348358e-06,-3.159046173e-06,-3.159046173e-06,1.496076584e-05,0,5.69003e-11,3.5925e-06,0.044963005,-0.03187251091,-0.2436003301,0.03615835092
544,5.440000,-0.2462503873,0.03368759714,4.470348358e-06,-3.159046173e-06,-3.159046173e-06,1.496076584e-05,0,5.69003e-11,3.5925e-06,0.044963005,-0.03187251091,-0.242321968,0.03615075919
545,5.450000,-0.2455879711,0.03353816085,4.470348358e-06,-3.159046173e-06,-3.159046173e-06,1.496076584e-05,0,5.69003e-11,3.5925e-06,0.044963005,-0.03187251091,-0.2417560072,0.03630625304
546,5.460000,-0.2464048602,0.03367586154,4.470348358e-06,-3.159046173e-06,-3.159046173e-06,1.496076584e-05,0,5.69003e-11,3.5925e-06,0.044963005,-0.03187251091,-0.2418608447,0.03686005799
547,5.470000,-0.2464921698,0.03336970508,4.470348358e-06,-3.159046173e-06,-3.159046173e-06,1.496076584e-05,0,5.69003e-11,3.5925e-06,0.044963005,-0.03187251091,-0.2425869149,0.03683905142
548,5.480000,-0.2477890104,0.03352088574,4.470348358e-06,-3.159046173e-06,-3.159046173e-06,1.496076584e-05,0,5.69003e-11,3.5925e-06,0.044963005,-0.03187251091,-0.2438773692,0.03679656388
549,5.490000,-0.2499327026,0.03348750062,4.470348358e-06,-3.159046173e-06,-3.159046173e-06,1.496076584e-05,0,5.69003e-11,3.5925e-06,0.044963005,-0.03187251091,-0.2456688415,0.03657739055
550,5.500000,-0.2526307777,0.03366338275,4.470348358e-06,-3.159046173e-06,-3.159046173e-06,1.496076584e-05,0,5.69003e-11,3.5925e-06,0.044963005,-0.03187251091,-0.2478922901,0.0360885605
551,5.510000,-0.2561349161,0.03391514905,4.470348358e-06,-3.159046173e-06,-3.159046173e-06,1.496076584e-05,0,5.69003e-11,3.5925e-06,0.044963005,-0.03187251091,-0.2504739064,0.03633178339
552,5.520000,-0.2585913874,0.03369073849,4.470348358e-06,-3.159046173e-06,-3.159046173e-06,1.496076584e-05,0,5.69003e-11,3.5925e-06,0.044963005,-0.03187251091,-0.2533360798,0.03643267577
553,5.530000,-0.2622649632,0.03382411506,4.470348358e-06,-3.159046173e-06,-3.159046173e-06,1.496076584e-05,0,5.69003e-11,3.5925e-06,0.044963005,-0.03187251091,-0.2563984065,0.03664387178
554,5.540000,-0.2649997436,0.03353803791,4.470348358e-06,-3.159046173e-06,-3.159046173e-06,1.496076584e-05,0,5.69003e-11,3.5925e-06,0.044963005,-0.03187251091,-0.2595787325,0.03731330902
555,5.550000,-0.2667324841,0.03279376589,4.470348358e-06,-3.159046173e-06,-3.159046173e-06,1.496076584e-05,0,5.69003e-11,3.5925e-06,0.044963005,-0.03187251091,-0.2627942156,0.03747098882
556,5.560000,-0.269672025,0.03281453438,4.470348358e-06,-3.159046173e-06,-3.159046173e-06,1.496076584e-05,0,5.69003e-11,3.5925e-06,0.044963005,-0.03187251091,-0.2659623973,0.03770691494
557,5.570000,-0.2723884471,0.0325749889,4.470348358e-06,-3.159046173e-06,-3.159046173e-06,1.496076584e-05,0,5.69003e-11,3.5925e-06,0.044963005,-0.03187251091,-0.2690022691,0.03745146207
558,5.580000,-0.2741696946,0.03182146233,4.470348358e-06,-3.159046173e-06,-3.159046173e-06,1.496076584e-05,0,5.69003e-11,3.5925e-06,0.044963005,-0.03187251091,-0.2718353226,0.03722790492
559,5.590000,-0.2753442004,0.0309118256,4.470348358e-06,-3.159046173e-06,-3.159046173e-06,1.496076584e-05,0,5.69003e-11,3.5925e-06,0.044963005,-0.03187251091,-0.2743865703,0.03724380593
560,5.600000,-0.2769775167,0.03069266304,4.470348358e-06,-3.159046173e-06,-3.159046173e-06,1.496076584e-05,0,5.69003e-11,3.5925e-06,0.044963005,-0.03187251091,-0.2765855253,0.03760446274
561,5.610000,-0.2779042125,0.03003041167,4.470348358e-06,-3.159046173e-06,-3.159046173e-06,1.496076584e-05,0,5.69003e-11,3.5925e-06,0.044963005,-0.03187251091,-0.2783671284,0.03771775075
562,5.620000,-0.2792464457,0.02980730496,4.470348358e-06,-3.159046173e-06,-3.159046173e-06,1.496076584e-05,0,5.69003e-11,3.5925e-06,0.044963005,-0.03187251091,-0.2796726116,0.03778054553
563,5.630000,-0.2790215313,0.02953010239,4.470348358e-06,-3.159046173e-06,-3.159046173e-06,1.496076584e-05,0,5.69003e-11,3.5925e-06,0.044963005,-0.03187251091,-0.2804502884,0.03806096236
564,5.640000,-0.2779285796,0.02908342984,4.470348358e-06,-3.159046173e-06,-3.159046173e-06,1.496076584e-05,0,5.69003e-11,3.5925e-06,0.044963005,-0.03187251091,-0.28065626,0.03798082683
565,5.650000,-0.2772985771,0.02929689735,4.470348358e-06,-3.159046173e-06,-3.159046173e-06,1.496076584e-05,0,5.69003e-11,3.5925e-06,0.044963005,-0.03187251091,-0.2802550318,0.03774889953
566,5.660000,-0.2750041299,0.02892944589,4.470348358e-06,-3.159046173e-06,-3.159046173e-06,1.496076584e-05,0,5.69003e-11,3.5925e-06,0.044963005,-0.03187251091,-0.2792200292,0.03813943648
567,5.670000,-0.274045106,0.02952397708,4.470348358e-06,-3.159046173e-06,-3.159046173e-06,1.496076584e-05,0,5.69003e-11,3.5925e-06,0.044963005,-0.03187251091,-0.2775340101,0.03811292137
568,5.680000,-0.2716275305,0.02971463278,4.470348358e-06,-3.159046173e-06,-3.159046173e-06,1.496076584e-05,0,5.69003e-11,3.5925e-06,0.044963005,-0.03187251091,-0.2751893668,0.03797486635
569,5.690000,-0.2684547193,0.0300426688,4.470348358e-06,-3.159046173e-06,-3.159046173e-06,1.496076584e-05,0,5.69003e-11,3.5925e-06,0.044963005,-0.03187251091,-0.272188314,0.03832311943
570,5.700000,-0.2648788653,0.03023489192,4.470348358e-06,-3.159046173e-06,-3.159046173e-06,1.496076584e-05,0,5.69003e-11,3.5925e-06,0.044963005,-0.03187251091,-0.268542961,0.03867252701
571,5.710000,-0.2607665323,0.03050435334,4.470348358e-06,-3.159046173e-06,-3.159046173e-06,1.496076584e-05,0,5.69003e-11,3.5925e-06,0.044963005,-0.03187251091,-0.2642752673,0.03827600483
572,5.720000,-0.2549571916,0.03009349015,4.470348358e-06,-3.159046173e-06,-3.159046173e-06,1.496076584e-05,0,5.69003e-11,3.5925e-06,0.044963005,-0.03187251091,-0.2594168798,0.03892559834
573,5.730000,-0.2497609407,0.03047758993,4.470348358e-06,-3.159046173e-06,-3.159046173e-06,1.496076584e-05,0,5.69003e-11,3.5925e-06,0.044963005,-0.03187251091,-0.2540088561,0.03964888794
574,5.740000,-0.2437407523,0.03051546775,4.470348358e-06,-3.159046173e-06,-3.159046173e-06,1.496076584e-05,0,5.69003e-11,3.5925e-06,0.044963005,-0.03187251091,-0.2481012743,0.03972978167
575,5.750000,-0.2363859005,0.02992170304,4.470348358e-06,-3.159046173e-06,-3.159046173e-06,1.496076584e-05,0,5.69003e-11,3.5925e-06,0.044963005,-0.03187251091,-0.2417527357,0.03936737178
576,5.760000,-0.2294555604,0.02980700973,4.470348358e-06,-3.159046173e-06,-3.159046173e-06,1.496076584e-05,0,5.69003e-11,3.5925e-06,0.044963005,-0.03187251091,-0.2350297633,0.0395238192
577,5.770000,-0.2225144841,0.02978874091,4.470348358e-06,-3.159046173e-06,-3.159046173e-06,1.496076584e-05,0,5.69003e-11,3.5925e-06,0.044963005,-0.03187251091,-0.2280061054,0.03973516749
578,5.780000,-0.2153679356,0.02955214214,4.470348358e-06,-3.159046173e-06,-3.159046173e-06,1.496076584e-05,0,5.69003e-11,3.5925e-06,0.044963005,-0.03187251091,-0.2207619501,0.03953441021
579,5.790000,-0.2082589045,0.02967696264,4.470348358e-06,-3.159046173e-06,-3.159046173e-06,1.496076584e-05,0,5.69003e-11,3.5925e-06,0.044963005,-0.03187251091,-0.2133830606,0.03990908869
580,5.800000,-0.2009646147,0.02982577961,4.470348358e-06,-3.159046173e-06,-3.159046173e-06,1.496076584e-05,0,5.69003e-11,3.5925e-06,0.044963005,-0.03187251091,-0.2059598405,0.039941956
581,5.810000,-0.1941744648,0.03002256528,4.470348358e-06,-3.159046173e-06,-3.159046173e-06,1.496076584e-05,0,5.69003e-11,3.5925e-06,0.044963005,-0.03187251091,-0.1985863395,0.04048389125
582,5.820000,-0.1871549822,0.0301646553,4.470348358e-06,-3.159046173e-06,-3.159046173e-06,1.496076584e-05,0,5.69003e-11,3.5925e-06,0.044963005,-0.03187251091,-0.1913592112,0.04042329664
583,5.830000,-0.1815811619,0.0307693202,4.470348358e-06,-3.159046173e-06,-3.159046173e-06,1.496076584e-05,0,5.69003e-11,3.5925e-06,0.044963005,-0.03187251091,-0.184376634,0.040554494
584,5.840000,-0.1757873483,0.03126383014,4.470348358e-06,-3.159046173e-06,-3.159046173e-06,1.496076584e-05,0,5.69003e-11,3.5925e-06,0.044963005,-0.03187251091,-0.1777372088,0.04087099498
585,5.850000,-0.1702943072,0.03156147711,4.470348358e-06,-3.159046173e-06,-3.159046173e-06,1.496076584e-05,0,5.69003e-11,3.5925e-06,0.044963005,-0.03187251091,-0.1715388436,0.0408863905
586,5.860000,-0.1653118096,0.0318012815,4.470348358e-06,-3.159046173e-06,-3.159046173e-06,1.496076584e-05,0,5.69003e-11,3.5925e-06,0.044963005,-0.03187251091,-0.1658776402,0.04103120468
587,5.870000,-0.160960149,0.0322061358,4.470348358e-06,-3.159046173e-06,-3.159046173e-06,1.496076584e-05,0,5.69003e-11,3.5925e-06,0.044963005,-0.03187251091,-0.1608467937,0.0406363935
588,5.880000,-0.156631656,0.03231256641,4.470348358e-06,-3.159046173e-06,-3.159046173e-06,1.496076584e-05,0,5.69003e-11,3.5925e-06,0.044963005,-0.03187251091,-0.1565355187,0.04113568421
589,5.890000,-0.1541436873,0.03230091278,4.470348358e-06,-3.159046173e-06,-3.159046173e-06,1.496076584e-05,0,5.69003e-11,3.5925e-06,0.044963005,-0.03187251091,-0.153028013,0.04078681522
590,5.900000,-0.1516111828,0.03195696324,4.470348358e-06,-3.159046173e-06,-3.159046173e-06,1.496076584e-05,0,5.69003e-11,3.5925e-06,0.044963005,-0.03187251091,-0.1504024726,0.0408352813
591,5.910000,-0.1491576098,0.03120342083,4.470348358e-06,-3.159046173e-06,-3.159046173e-06,1.496076584e-05,0,5.69003e-11,3.5925e-06,0.044963005,-0.03187251091,-0.1487301669,0.04075163641
592,5.920000,-0.1487642713,0.03119693417,4.470348358e-06,-3.159046173e-06,-3.159046173e-06,1.496076584e-05,0,5.69003e-11,3.5925e-06,0.044963005,-0.03187251091,-0.1480745867,0.04082931416
593,5.930000,-0.1503159069,0.03165926691,4.470348358e-06,-3.159046173e-06,-3.159046173e-06,1.496076584e-05,0,5.69003e-11,3.5925e-06,0.044963005,-0.03187251091,-0.1484906736,0.04099281947
594,5.940000,-0.1527525261,0.03167661466,4.470348358e-06,-3.159046173e-06,-3.159046173e-06,1.496076584e-05,0,5.69003e-11,3.5925e-06,0.044963005,-0.03187251091,-0.1500241403,0.04053007248
595,5.950000,-0.1561542079,0.03184062149,4.470348358e-06,-3.159046173e-06,-3.159046173e-06,1.496076584e-05,0,5.69003e-11,3.5925e-06,0.044963005,-0.03187251091,-0.1527108888,0.04039938824
596,5.960000,-0.1602372751,0.03182023671,4.470348358e-06,-3.159046173e-06,-3.159046173e-06,1.496076584e-05,0,5.69003e-11,3.5925e-06,0.044963005,-0.03187251091,-0.1565765349,0.04082014662
597,5.970000,-0.1657847837,0.03183465824,4.470348358e-06,-3.159046173e-06,-3.159046173e-06,1.496076584e-05,0,5.69003e-11,3.5925e-06,0.044963005,-0.03187251091,-0.1616360418,0.04061603331
598,5.980000,-0.1720947064,0.03121419717,4.470348358e-06,-3.159046173e-06,-3.159046173e-06,1.496076584e-05,0,5.69003e-11,3.5925e-06,0.044963005,-0.03187251091,-0.1678934708,0.04092003495
599,5.990000,-0.1801413447,0.03116511647,4.470348358e-06,-3.159046173e-06,-3.159046173e-06,1.496076584e-05,0,5.69003e-11,3.5925e-06,0.044963005,-0.03187251091,-0.1753418483,0.04088156761
600,6.000000,-0.1891932711,0.03117549326,4.470348358e-06,-3.159046173e-06,-3.159046173e-06,1.496076584e-05,0,5.69003e-11,3.5925e-06,0.044963005,-0.03187251091,-0.1839631538,0.04095820542
601,6.010000,-0.1983738765,0.03068525344,4.470348358e-06,-3.159046173e-06,-3.159046173e-06,1.496076584e-05,0,5.69003e-11,3.5925e-06,0.044963005,-0.03187251091,-0.1937284274,0.04121772452
602,6.020000,-0.2090401426,0.03018055391,4.470348358e-06,-3.159046173e-06,-3.159046173e-06,1.496076584e-05,0,5.69003e-11,3.5925e-06,0.044963005,-0.03187251091,-0.2045979968,0.04120936008
603,6.030000,-0.2218101546,0.03049420565,4.470348358e-06,-3.159046173e-06,-3.159046173e-06,1.496076584e-05,0,5.69003e-11,3.5925e-06,0.044963005,-0.03187251091,-0.2165218206,0.04137081096
604,6.040000,-0.2352909558,0.03028032556,4.470348358e-06,-3.159046173e-06,-3.159046173e-06,1.496076584e-05,0,5.69003e-11,3.5925e-06,0.044963005,-0.03187251091,-0.2294399452,0.0410409906
605,6.050000,-0.2493342794,0.03007682879,4.470348358e-06,-3.159046173e-06,-3.159046173e-06,1.496076584e-05,0,5.69003e-11,3.5925e-06,0.044963005,-0.03187251091,-0.2432830695,0.04120139514
606,6.060000,-0.2646844722,0.03012454882,4.470348358e-06,-3.159046173e-06,-3.159046173e-06,1.496076584e-05,0,5.69003e-11,3.5925e-06,0.044963005,-0.03187251091,-0.2579732113,0.0417074994
607,6.070000,-0.2801980115,0.02966663335,4.470348358e-06,-3.159046173e-06,-3.159046173e-06,1.496076584e-05,0,5.69003e-11,3.5925e-06,0.044963005,-0.03187251091,-0.2734244693,0.04194540593
608,6.080000,-0.2957140245,0.02901198063,4.470348358e-06,-3.159046173e-06,-3.159046173e-06,1.496076584e-05,0,5.69003e-11,3.5925e-06,0.044963005,-0.03187251091,-0.2895438698,0.04190661475
609,6.090000,-0.3127326109,0.02927973215,4.470348358e-06,-3.159046173e-06,-3.159046173e-06,1.496076584e-05,0,5.69003e-11,3.5925e-06,0.044963005,-0.03187251091,-0.3062322917,0.04179784394
610,6.100000,-0.3297899924,0.0291195577,4.470348358e-06,-3.159046173e-06,-3.159046173e-06,1.496076584e-05,0,5.69003e-11,3.5925e-06,0.044963005,-0.03187251091,-0.3233854576,0.04199179679
611,6.110000,-0.3467546552,0.0288216453,4.470348358e-06,-3.159046173e-06,-3.159046173e-06,1.496076584e-05,0,5.69003e-11,3.5925e-06,0.044963005,-0.03187251091,-0.3408949799,0.04226553875
612,6.120000,-0.3632435389,0.0281849457,4.470348358e-06,-3.159046173e-06,-3.159046173e-06,1.496076584e-05,0,5.69003e-11,3.5925e-06,0.044963005,-0.03187251091,-0.3586494522,0.04209726696
613,6.130000,-0.3811660558,0.02840550523,4.470348358e-06,-3.159046173e-06,-3.159046173e-06,1.496076584e-05,0,5.69003e-11,3.5925e-06,0.044963005,-0.03187251091,-0.3765355714,0.04200125474
614,6.140000,-0.3989383951,0.02809346002,4.470348358e-06,-3.159046173e-06,-3.159046173e-06,1.496076584e-05,0,5.69003e-11,3.5925e-06,0.044963005,-0.03187251091,-0.3944392804,0.04185748641
615,6.150000,-0.4162978716,0.02798185963,4.470348358e-06,-3.159046173e-06,-3.159046173e-06,1.496076584e-05,0,5.69003e-11,3.5925e-06,0.044963005,-0.03187251091,-0.4122469165,0.04173286992
616,6.160000,-0.4340948761,0.02804133482,4.470348358e-06,-3.159046173e-06,-3.159046173e-06,1.496076584e-05,0,5.69003e-11,3.5925e-06,0.044963005,-0.03187251091,-0.4298463547,0.0412382562
617,6.170000,-0.450240802,0.02792832162,4.470348358e-06,-3.159046173e-06,-3.159046173e-06,1.496076584e-05,0,5.69003e-11,3.5925e-06,0.044963005,-0.03187251091,-0.4471281319,0.04092971844
618,6.180000,-0.4669517279,0.02789910603,4.470348358e-06,-3.159046173e-06,-3.159046173e-06,1.496076584e-05,0,5.69003e-11,3.5925e-06,0.044963005,-0.03187251091,-0.4639865401,0.04113309339
619,6.190000,-0.4830803759,0.02777407318,4.470348358e-06,-3.159046173e-06,-3.159046173e-06,1.496076584e-05,0,5.69003e-11,3.5925e-06,0.044963005,-0.03187251091,-0.4803206766,0.04157617909
620,6.200000,-0.4986155704,0.02747127786,4.470348358e-06,-3.159046173e-06,-3.159046173e-06,1.496076584e-05,0,5.69003e-11,3.5925e-06,0.044963005,-0.03187251091,-0.496035439,0.0416507509
621,6.210000,-0.5134561248,0.02775708307,4.470348358e-06,-3.159046173e-06,-3.159046173e-06,1.496076584e-05,0,5.69003e-11,3.5925e-06,0.044963005,-0.03187251091,-0.5110424545,0.04158787637
622,6.220000,-0.5273676589,0.02788546029,4.470348358e-06,-3.159046173e-06,-3.159046173e-06,1.496076584e-05,0,5.69003e-11,3.5925e-06,0.044963005,-0.03187251091,-0.5252609335,0.04197175972
623,6.230000,-0.5395874269,0.02791483607,4.470348358e-06,-3.159046173e-06,-3.159046173e-06,1.496076584e-05,0,5.69003e-11,3.5925e-06,0.044963005,-0.03187251091,-0.538618437,0.04205068325
624,6.240000,-0.5504838526,0.0272889249,4.470348358e-06,-3.159046173e-06,-3.159046173e-06,1.496076584e-05,0,5.69003e-11,3.5925e-06,0.044963005,-0.03187251091,-0.5510515512,0.04191515238
625,6.250000,-0.5612449124,0.02735422365,4.470348358e-06,-3.159046173e-06,-3.159046173e-06,1.496076584e-05,0,5.69003e-11,3.5925e-06,0.044963005,-0.03187251091,-0.5625064596,0.0421254351
626,6.260000,-0.5721434318,0.02792863175,4.470348358e-06,-3.159046173e-06,-3.159046173e-06,1.496076584e-05,0,5.69003e-11,3.5925e-06,0.044963005,-0.03187251091,-0.5729394092,0.04179853461
627,6.270000,-0.5810623616,0.02824202459,4.470348358e-06,-3.159046173e-06,-3.159046173e-06,1.496076584e-05,0,5.69003e-11,3.5925e-06,0.044963005,-0.03187251091,-0.5823170628,0.04165962475
628,6.280000,-0.5884994827,0.02792131808,4.470348358e-06,-3.159046173e-06,-3.159046173e-06,1.496076584e-05,0,5.69003e-11,3.5925e-06,0.044963005,-0.03187251091,-0.5906167368,0.04158339796
629,6.290000,-0.5952817053,0.02783201728,4.470348358e-06,-3.159046173e-06,-3.159046173e-06,1.496076584e-05,0,5.69003e-11,3.5925e-06,0.044963005,-0.03187251091,-0.5978265192,0.04118792104
630,6.300000,-0.6014908925,0.02830367628,4.470348358e-06,-3.159046173e-06,-3.159046173e-06,1.496076584e-05,0,5.69003e-11,3.5925e-06,0.044963005,-0.03187251091,-0.6039452689,0.04060570776
631,6.310000,-0.606131129,0.02850673813,4.470348358e-06,-3.159046173e-06,-3.159046173e-06,1.496076584e-05,0,5.69003e-11,3.5925e-06,0.044963005,-0.03187251091,-0.6089824957,0.04102431439
632,6.320000,-0.6084649526,0.02852564212,4.470348358e-06,-3.159046173e-06,-3.159046173e-06,1.496076584e-05,0,5.69003e-11,3.5925e-06,0.044963005,-0.03187251091,-0.6129581228,0.0411034522
633,6.330000,-0.6108173355,0.02848783229,4.470348358e-06,-3.159046173e-06,-3.159046173e-06,1.496076584e-05,0,5.69003e-11,3.5925e-06,0.044963005,-0.03187251091,-0.6159021344,0.04124401073
634,6.340000,-0.6132785454,0.02917812578,4.470348358e-06,-3.159046173e-06,-3.159046173e-06,1.496076584e-05,0,5.69003e-11,3.5925e-06,0.044963005,-0.03187251091,-0.6178541139,0.0414272583
635,6.350000,-0.6144315414,0.02968104463,4.470348358e-06,-3.159046173e-06,-3.159046173e-06,1.496076584e-05,0,5.69003e-11,3.5925e-06,0.044963005,-0.03187251091,-0.6188626761,0.04131349669
636,6.360000,-0.6141192615,0.02977740578,4.470348358e-06,-3.159046173e-06,-3.159046173e-06,1.496076584e-05,0,5.69003e-11,3.5925e-06,0.044963005,-0.03187251091,-0.6189848029,0.04057422601
637,6.370000,-0.6127229482,0.02969889157,4.470348358e-06,-3.159046173e-06,-3.159046173e-06,1.496076584e-05,0,5.69003e-11,3.5925e-06,0.044963005,-0.03187251091,-0.6182850877,0.04031471541
638,6.380000,-0.6104576439,0.02977900021,4.470348358e-06,-3.159046173e-06,-3.159046173e-06,1.496076584e-05,0,5.69003e-11,3.5925e-06,0.044963005,-0.03187251091,-0.6168348987,0.04055796975
639,6.390000,-0.60839938,0.03026985377,4.470348358e-06,-3.159046173e-06,-3.159046173e-06,1.496076584e-05,0,5.69003e-11,3.5925e-06,0.044963005,-0.03187251091,-0.614711471,0.04010734883
640,6.400000,-0.6049743593,0.03040230181,4.470348358e-06,-3.159046173e-06,-3.159046173e-06,1.496076584e-05,0,5.69003e-11,3.5925e-06,0.044963005,-0.03187251091,-0.6119969369,0.04030087303
641,6.410000,-0.6024368666,0.03115035594,4.470348358e-06,-3.159046173e-06,-3.159046173e-06,1.496076584e-05,0,5.69003e-11,3.5925e-06,0.044963005,-0.03187251091,-0.608777307,0.04011788031
642,6.420000,-0.5986867249,0.0314560188,4.470348358e-06,-3.159046173e-06,-3.159046173e-06,1.496076584e-05,0,5.69003e-11,3.5925e-06,0.044963005,-0.03187251091,-0.6051414129,0.03994990875
643,6.430000,-0.5956799127,0.03208122868,4.470348358e-06,-3.159046173e-06,-3.159046173e-06,1.496076584e-05,0,5.69003e-11,3.5925e-06,0.044963005,-0.03187251091,-0.6011798239,0.04003650032
644,6.440000,-0.5912065692,0.03235525731,4.470348358e-06,-3.159046173e-06,-3.159046173e-06,1.496076584e-05,0,5.69003e-11,3.5925e-06,0.044963005,-0.03187251091,-0.5969837506,0.0399162404
645,6.450000,-0.5859667808,0.03189297486,4.470348358e-06,-3.159046173e-06,-3.159046173e-06,1.496076584e-05,0,5.69003e-11,3.5925e-06,0.044963005,-0.03187251091,-0.5926439471,0.03972237149
646,6.460000,-0.58204237,0.03239882737,4.470348358e-06,-3.159046173e-06,-3.159046173e-06,1.496076584e-05,0,5.69003e-11,3.5925e-06,0.044963005,-0.03187251091,-0.5882496259,0.03974809166
647,6.470000,-0.5778219029,0.0331451539,4.470348358e-06,-3.159046173e-06,-3.159046173e-06,1.496076584e-05,0,5.69003e-11,3.5925e-06,0.044963005,-0.03187251091,-0.5838873962,0.0390338383
648,6.480000,-0.5741981938,0.03325776663,4.470348358e-06,-3.159046173e-06,-3.159046173e-06,1.496076584e-05,0,5.69003e-11,3.5925e-06,0.044963005,-0.03187251091,-0.5796402388,0.03915384778
649,6.490000,-0.5708162561,0.03391788714,4.470348358e-06,-3.159046173e-06,-3.159046173e-06,1.496076584e-05,0,5.69003e-11,3.5925e-06,0.044963005,-0.03187251091,-0.5755865294,0.03932845973
650,6.500000,-0.5684269406,0.0347895287,4.470348358e-06,-3.159046173e-06,-3.159046173e-06,1.496076584e-05,0,5.69003e-11,3.5925e-06,0.044963005,-0.03187251091,-0.5717991208,0.03938580006
651,6.510000,-0.5649574436,0.03464216553,4.470348358e-06,-3.159046173e-06,-3.159046173e-06,1.496076584e-05,0,5.69003e-11,3.5925e-06,0.044963005,-0.03187251091,-0.5683444952,0.03965503081
652,6.520000,-0.5619086176,0.03474370111,4.470348358e-06,-3.159046173e-06,-3.159046173e-06,1.496076584e-05,0,5.69003e-11,3.5925e-06,0.044963005,-0.03187251091,-0.5652819952,0.03993003139
653,6.530000,-0.5600091554,0.0350732943,4.470348358e-06,-3.159046173e-06,-3.159046173e-06,1.496076584e-05,0,5.69003e-11,3.5925e-06,0.044963005,-0.03187251091,-0.562663144,0.03968235883
654,6.540000,-0.5585992113,0.03548694681,4.470348358e-06,-3.159046173e-06,-3.159046173e-06,1.496076584e-05,0,5.69003e-11,3.5925e-06,0.044963005,-0.03187251091,-0.56053106,0.0397928394
655,6.550000,-0.5583032444,0.03593853675,4.470348358e-06,-3.159046173e-06,-3.159046173e-06,1.496076584e-05,0,5.69003e-11,3.5925e-06,0.044963005,-0.03187251091,-0.5589199755,0.03952433433
656,6.560000,-0.5577690974,0.03620138858,4.470348358e-06,-3.159046173e-06,-3.159046173e-06,1.496076584e-05,0,5.69003e-11,3.5925e-06,0.044963005,-0.03187251091,-0.5578548613,0.03908706107
657,6.570000,-0.5576890446,0.03630377911,4.470348358e-06,-3.159046173e-06,-3.159046173e-06,1.496076584e-05,0,5.69003e-11,3.5925e-06,0.044963005,-0.03187251091,-0.557351165,0.03950827314
658,6.580000,-0.5583979078,0.03622767422,4.470348358e-06,-3.159046173e-06,-3.159046173e-06,1.496076584e-05,0,5.69003e-11,3.5925e-06,0.044963005,-0.03187251091,-0.5574146634,0.04048228158
659,6.590000,-0.5586890355,0.03606794216,4.470348358e-06,-3.159046173e-06,-3.159046173e-06,1.496076584e-05,0,5.69003e-11,3.5925e-06,0.044963005,-0.03187251091,-0.558041431,0.0399937025
660,6.600000,-0.5613536276,0.03660265729,4.470348358e-06,-3.159046173e-06,-3.159046173e-06,1.496076584e-05,0,5.69003e-11,3.5925e-06,0.044963005,-0.03187251091,-0.5592179257,0.03966378974
661,6.610000,-0.5638500527,0.03694691882,4.470348358e-06,-3.159046173e-06,-3.159046173e-06,1.496076584e-05,0,5.69003e-11,3.5925e-06,0.044963005,-0.03187251091,-0.5609211899,0.03912486001
662,6.620000,-0.5651294738,0.03670891002,4.470348358e-06,-3.159046173e-06,-3.159046173e-06,1.496076584e-05,0,5.69003e-11,3.5925e-06,0.044963005,-0.03187251091,-0.5631191642,0.0393376419
663,6.630000,-0.5674023256,0.03641859069,4.470348358e-06,-3.159046173e-06,-3.159046173e-06,1.496076584e-05,0,5.69003e-11,3.5925e-06,0.044963005,-0.03187251091,-0.565771111,0.03892634586
664,6.640000,-0.569926016,0.03567729238,4.470348358e-06,-3.159046173e-06,-3.159046173e-06,1.496076584e-05,0,5.69003e-11,3.5925e-06,0.044963005,-0.03187251091,-0.5688281415,0.03856098257
665,6.650000,-0.5734767318,0.03542198986,4.470348358e-06,-3.159046173e-06,-3.159046173e-06,1.496076584e-05,0,5.69003e-11,3.5925e-06,0.044963005,-0.03187251091,-0.5722338415,0.03849590893
666,6.660000,-0.5781023428,0.03582957201,4.470348358e-06,-3.159046173e-06,-3.159046173e-06,1.496076584e-05,0,5.69003e-11,3.5925e-06,0.044963005,-0.03187251091,-0.5759249871,0.03874019234
667,6.670000,-0.5818306692,0.03585949447,4.470348358e-06,-3.159046173e-06,-3.159046173e-06,1.496076584e-05,0,5.69003e-11,3.5925e-06,0.044963005,-0.03187251091,-0.5798323432,0.03939803889
668,6.680000,-0.5861669146,0.03591224272,4.470348358e-06,-3.159046173e-06,-3.159046173e-06,1.496076584e-05,0,5.69003e-11,3.5925e-06,0.044963005,-0.03187251091,-0.5838815345,0.03972339429
669,6.690000,-0.590238627,0.03575336374,4.470348358e-06,-3.159046173e-06,-3.159046173e-06,1.496076584e-05,0,5.69003e-11,3.5925e-06,0.044963005,-0.03187251091,-0.5879939793,0.04000606527
670,6.700000,-0.594044175,0.03536645696,4.470348358e-06,-3.159046173e-06,-3.159046173e-06,1.496076584e-05,0,5.69003e-11,3.5925e-06,0.044963005,-0.03187251091,-0.592087875,0.04009787819
671,6.710000,-0.5975219458,0.03508277796,4.470348358e-06,-3.159046173e-06,-3.159046173e-06,1.496076584e-05,0,5.69003e-11,3.5925e-06,0.044963005,-0.03187251091,-0.5960792237,0.04015393727
672,6.720000,-0.6009895094,0.03472918179,4.470348358e-06,-3.159046173e-06,-3.159046173e-06,1.496076584e-05,0,5.69003e-11,3.5925e-06,0.044963005,-0.03187251091,-0.5998828865,0.04060032191
673,6.730000,-0.604503382,0.03502863739,4.470348358e-06,-3.159046173e-06,-3.159046173e-06,1.496076584e-05,0,5.69003e-11,3.5925e-06,0.044963005,-0.03187251091,-0.603413653,0.04102376974
674,6.740000,-0.6075264402,0.03480424825,4.470348358e-06,-3.159046173e-06,-3.159046173e-06,1.496076584e-05,0,5.69003e-11,3.5925e-06,0.044963005,-0.03187251091,-0.606587315,0.04105084053
675,6.750000,-0.6092258357,0.03458396625,4.470348358e-06,-3.159046173e-06,-3.159046173e-06,1.496076584e-05,0,5.69003e-11,3.5925e-06,0.044963005,-0.03187251091,-0.6093217306,0.04100308698
676,6.760000,-0.6111159883,0.03460560553,4.470348358e-06,-3.159046173e-06,-3.159046173e-06,1.496076584e-05,0,5.69003e-11,3.5925e-06,0.044963005,-0.03187251091,-0.6115378667,0.04001143652
677,6.770000,-0.6119126864,0.03433896787,4.470348358e-06,-3.159046173e-06,-3.159046173e-06,1.496076584e-05,0,5.69003e-11,3.5925e-06,0.044963005,-0.03187251091,-0.6131608081,0.03991873027
678,6.780000,-0.6122506075,0.03425291087,4.470348358e-06,-3.159046173e-06,-3.159046173e-06,1.496076584e-05,0,5.69003e-11,3.5925e-06,0.044963005,-0.03187251091,-0.6141207207,0.04025071928
679,6.790000,-0.6125079989,0.0346148517,4.470348358e-06,-3.159046173e-06,-3.159046173e-06,1.496076584e-05,0,5.69003e-11,3.5925e-06,0.044963005,-0.03187251091,-0.6143537579,0.04116224515
680,6.800000,-0.6117099524,0.03478962183,4.470348358e-06,-3.159046173e-06,-3.159046173e-06,1.496076584e-05,0,5.69003e-11,3.5925e-06,0.044963005,-0.03187251091,-0.6138028995,0.04063488311
681,6.810000,-0.6099638753,0.03497401439,4.470348358e-06,-3.159046173e-06,-3.159046173e-06,1.496076584e-05,0,5.69003e-11,3.5925e-06,0.044963005,-0.03187251091,-0.612418713,0.04010559012
682,6.820000,-0.6070808806,0.03525886778,4.470348358e-06,-3.159046173e-06,-3.159046173e-06,1.496076584e-05,0,5.69003e-11,3.5925e-06,0.044963005,-0.03187251091,-0.6101600284,0.04020865035
683,6.830000,-0.6031250842,0.03526691161,4.470348358e-06,-3.159046173e-06,-3.159046173e-06,1.496076584e-05,0,5.69003e-11,3.5925e-06,0.044963005,-0.03187251091,-0.6069945192,0.04069970812
684,6.840000,-0.5988199003,0.03551123012,4.470348358e-06,-3.159046173e-06,-3.159046173e-06,1.496076584e-05,0,5.69003e-11,3.5925e-06,0.044963005,-0.03187251091,-0.6028991807,0.0405204122
685,6.850000,-0.5936378129,0.03551451769,4.470348358e-06,-3.159046173e-06,-3.159046173e-06,1.496076584e-05,0,5.69003e-11,3.5925e-06,0.044963005,-0.03187251091,-0.5978607027,0.0407866466
686,6.860000,-0.5872550085,0.0358176399,4.470348358e-06,-3.159046173e-06,-3.159046173e-06,1.496076584e-05,0,5.69003e-11,3.5925e-06,0.044963005,-0.03187251091,-0.591875729,0.04054415699
687,6.870000,-0.5799643472,0.03545256425,4.470348358e-06,-3.159046173e-06,-3.159046173e-06,1.496076584e-05,0,5.69003e-11,3.5925e-06,0.044963005,-0.03187251091,-0.5849510029,0.04072773118
688,6.880000,-0.5726606734,0.03617463447,4.470348358e-06,-3.159046173e-06,-3.159046173e-06,1.496076584e-05,0,5.69003e-11,3.5925e-06,0.044963005,-0.03187251091,-0.5771033949,0.04054259617
689,6.890000,-0.5639225058,0.03635470755,4.470348358e-06,-3.159046173e-06,-3.159046173e-06,1.496076584e-05,0,5.69003e-11,3.5925e-06,0.044963005,-0.03187251091,-0.5683598141,0.04038374925
690,6.900000,-0.5537203662,0.03667866904,4.470348358e-06,-3.159046173e-06,-3.159046173e-06,1.496076584e-05,0,5.69003e-11,3.5925e-06,0.044963005,-0.03187251091,-0.5587570009,0.04008847722
691,6.910000,-0.5431516506,0.03710424155,4.470348358e-06,-3.159046173e-06,-3.159046173e-06,1.496076584e-05,0,5.69003e-11,3.5925e-06,0.044963005,-0.03187251091,-0.5483412067,0.04010289382
692,6.920000,-0.5321659558,0.03751490731,4.470348358e-06,-3.159046173e-06,-3.159046173e-06,1.496076584e-05,0,5.69003e-11,3.5925e-06,0.044963005,-0.03187251091,-0.5371677609,0.04038666523
693,6.930000,-0.5195605867,0.03716346435,4.470348358e-06,-3.159046173e-06,-3.159046173e-06,1.496076584e-05,0,5.69003e-11,3.5925e-06,0.044963005,-0.03187251091,-0.525300532,0.04049636667
694,6.940000,-0.5072079562,0.03769882768,4.470348358e-06,-3.159046173e-06,-3.159046173e-06,1.496076584e-05,0,5.69003e-11,3.5925e-06,0.044963005,-0.03187251091,-0.5128112873,0.03989360589
695,6.950000,-0.4934258014,0.0371911414,4.470348358e-06,-3.159046173e-06,-3.159046173e-06,1.496076584e-05,0,5.69003e-11,3.5925e-06,0.044963005,-0.03187251091,-0.4997789593,0.03977808353
696,6.960000,-0.4803080671,0.0375422677,4.470348358e-06,-3.159046173e-06,-3.159046173e-06,1.496076584e-05,0,5.69003e-11,3.5925e-06,0.044963005,-0.03187251091,-0.4862888259,0.04031182958
697,6.970000,-0.4673131593,0.03802929912,4.470348358e-06,-3.159046173e-06,-3.159046173e-06,1.496076584e-05,0,5.69003e-11,3.5925e-06,0.044963005,-0.03187251091,-0.4724316145,0.03995363323
698,6.980000,-0.4534386396,0.03829611186,4.470348358e-06,-3.159046173e-06,-3.159046173e-06,1.496076584e-05,0,5.69003e-11,3.5925e-06,0.044963005,-0.03187251091,-0.4583025398,0.04026214269
699,6.990000,-0.4391995557,0.03804062586,4.470348358e-06,-3.159046173e-06,-3.159046173e-06,1.496076584e-05,0,5.69003e-11,3.5925e-06,0.044963005,-0.03187251091,-0.4440002849,0.04018632208
700,7.000000,-0.425414715,0.03805681411,4.470348358e-06,-3.159046173e-06,-3.159046173e-06,1.496076584e-05,0,5.69003e-11,3.5925e-06,0.044963005,-0.03187251091,-0.4296259392,0.03994590038
701,7.010000,-0.4111552387,0.03795923479,4.470348358e-06,-3.159046173e-06,-3.159046173e-06,1.496076584e-05,0,5.69003e-11,3.5925e-06,0.044963005,-0.03187251091,-0.4152819034,0.03976447265
702,7.020000,-0.3966723606,0.03778563067,4.470348358e-06,-3.159046173e-06,-3.159046173e-06,1.496076584e-05,0,5.69003e-11,3.5925e-06,0.044963005,-0.03187251091,-0.4010707746,0.03946676487
703,7.030000,-0.3823129423,0.03759292234,4.470348358e-06,-3.159046173e-06,-3.159046173e-06,1.496076584e-05,0,5.69003e-11,3.5925e-06,0.044963005,-0.03187251091,-0.3870942238,0.03928350374
704,7.040000,-0.3691298105,0.03784856107,4.470348358e-06,-3.159046173e-06,-3.159046173e-06,1.496076584e-05,0,5.69003e-11,3.5925e-06,0.044963005,-0.03187251091,-0.373451879,0.03996737112
705,7.050000,-0.3561685681,0.0380563736,4.470348358e-06,-3.159046173e-06,-3.159046173e-06,1.496076584e-05,0,5.69003e-11,3.5925e-06,0.044963005,-0.03187251091,-0.3602402259,0.03991854362
706,7.060000,-0.3430561572,0.03763705399,4.470348358e-06,-3.159046173e-06,-3.159046173e-06,1.496076584e-05,0,5.69003e-11,3.5925e-06,0.044963005,-0.03187251091,-0.3475515391,0.03996303458
707,7.070000,-0.3317885101,0.03796238918,4.470348358e-06,-3.159046173e-06,-3.159046173e-06,1.496076584e-05,0,5.69003e-11,3.5925e-06,0.044963005,-0.03187251091,-0.3354728555,0.0401858689
708,7.080000,-0.320146203,0.03759526275,4.470348358e-06,-3.159046173e-06,-3.159046173e-06,1.496076584e-05,0,5.69003e-11,3.5925e-06,0.044963005,-0.03187251091,-0.3240850021,0.03988245101
709,7.090000,-0.3110105358,0.03794661816,4.470348358e-06,-3.159046173e-06,-3.159046173e-06,1.496076584e-05,0,5.69003e-11,3.5925e-06,0.044963005,-0.03187251091,-0.313461689,0.04008271054
710,7.100000,-0.3013595901,0.03791141044,4.470348358e-06,-3.159046173e-06,-3.159046173e-06,1.496076584e-05,0,5.69003e-11,3.5925e-06,0.044963005,-0.03187251091,-0.3036686774,0.04014734571
711,7.110000,-0.2932675555,0.03835297655,4.470348358e-06,-3.159046173e-06,-3.159046173e-06,1.496076584e-05,0,5.69003e-11,3.5925e-06,0.044963005,-0.03187251091,-0.2947630331,0.04016973575
712,7.120000,-0.2855699919,0.03816304542,4.470348358e-06,-3.159046173e-06,-3.159046173e-06,1.496076584e-05,0,5.69003e-11,3.5925e-06,0.044963005,-0.03187251091,-0.2867924734,0.04057346458
713,7.130000,-0.2793329209,0.03816705104,4.470348358e-06,-3.159046173e-06,-3.159046173e-06,1.496076584e-05,0,5.69003e-11,3.5925e-06,0.044963005,-0.03187251091,-0.2797948146,0.04050163347
714,7.140000,-0.2730994858,0.03818950243,4.470348358e-06,-3.159046173e-06,-3.159046173e-06,1.496076584e-05,0,5.69003e-11,3.5925e-06,0.044963005,-0.03187251091,-0.2737975273,0.04048783265
715,7.150000,-0.2702263147,0.03918109369,4.470348358e-06,-3.159046173e-06,-3.159046173e-06,1.496076584e-05,0,5.69003e-11,3.5925e-06,0.044963005,-0.03187251091,-0.2688174039,0.0405698438
716,7.160000,-0.2663059048,0.03870690893,4.470348358e-06,-3.159046173e-06,-3.159046173e-06,1.496076584e-05,0,5.69003e-11,3.5925e-06,0.044963005,-0.03187251091,-0.2648603427,0.04053261399
717,7.170000,-0.2629354037,0.03822720144,4.470348358e-06,-3.159046173e-06,-3.159046173e-06,1.496076584e-05,0,5.69003e-11,3.5925e-06,0.044963005,-0.03187251091,-0.2619212506,0.04003105531
718,7.180000,-0.2611052655,0.0381954927,4.470348358e-06,-3.159046173e-06,-3.159046173e-06,1.496076584e-05,0,5.69003e-11,3.5925e-06,0.044963005,-0.03187251091,-0.259984066,0.04023991073
719,7.190000,-0.2598663829,0.03785662446,4.470348358e-06,-3.159046173e-06,-3.159046173e-06,1.496076584e-05,0,5.69003e-11,3.5925e-06,0.044963005,-0.03187251091,-0.2590219022,0.04025180026
720,7.200000,-0.2600958832,0.03763537481,4.470348358e-06,-3.159046173e-06,-3.159046173e-06,1.496076584e-05,0,5.69003e-11,3.5925e-06,0.044963005,-0.03187251091,-0.2589973087,0.04051743459
721,7.210000,-0.2613911182,0.03763977159,4.470348358e-06,-3.159046173e-06,-3.159046173e-06,1.496076584e-05,0,5.69003e-11,3.5925e-06,0.044963005,-0.03187251091,-0.2598626485,0.0406242551
722,7.220000,-0.2629934065,0.03743993305,4.470348358e-06,-3.159046173e-06,-3.159046173e-06,1.496076584e-05,0,5.69003e-11,3.5925e-06,0.044963005,-0.03187251091,-0.261560587,0.0404377399
723,7.230000,-0.2658401243,0.03743558191,4.470348358e-06,-3.159046173e-06,-3.159046173e-06,1.496076584e-05,0,5.69003e-11,3.5925e-06,0.044963005,-0.03187251091,-0.2640246871,0.04074154094
724,7.240000,-0.2696538605,0.0376051208,4.470348358e-06,-3.159046173e-06,-3.159046173e-06,1.496076584e-05,0,5.69003e-11,3.5925e-06,0.044963005,-0.03187251091,-0.2671801042,0.04069165736
725,7.250000,-0.2739133127,0.03769886028,4.470348358e-06,-3.159046173e-06,-3.159046173e-06,1.496076584e-05,0,5.69003e-11,3.5925e-06,0.044963005,-0.03187251091,-0.2709443723,0.04052177936
726,7.260000,-0.277392704,0.03732249048,4.470348358e-06,-3.159046173e-06,-3.159046173e-06,1.496076584e-05,0,5.69003e-11,3.5925e-06,0.044963005,-0.03187251091,-0.2752282748,0.04072960535
727,7.270000,-0.2826242559,0.03792328201,4.470348358e-06,-3.159046173e-06,-3.159046173e-06,1.496076584e-05,0,5.69003e-11,3.5925e-06,0.044963005,-0.03187251091,-0.279936787,0.04011822279
728,7.280000,-0.28837974,0.03815960698,4.470348358e-06,-3.159046173e-06,-3.159046173e-06,1.496076584e-05,0,5.69003e-11,3.5925e-06,0.044963005,-0.03187251091,-0.2849700834,0.04021010721
729,7.290000,-0.2940325849,0.03843413666,4.470348358e-06,-3.159046173e-06,-3.159046173e-06,1.496076584e-05,0,5.69003e-11,3.5925e-06,0.044963005,-0.03187251091,-0.2902245954,0.04030313
730,7.300000,-0.2999660186,0.03878205083,4.470348358e-06,-3.159046173e-06,-3.159046173e-06,1.496076584e-05,0,5.69003e-11,3.5925e-06,0.044963005,-0.03187251091,-0.2955941101,0.03998830731
731,7.310000,-0.3047793321,0.03831416368,4.470348358e-06,-3.159046173e-06,-3.159046173e-06,1.496076584e-05,0,5.69003e-11,3.5925e-06,0.044963005,-0.03187251091,-0.3009708962,0.04042430158
732,7.320000,-0.3084414639,0.037403333,4.470348358e-06,-3.159046173e-06,-3.159046173e-06,1.496076584e-05,0,5.69003e-11,3.5925e-06,0.044963005,-0.03187251091,-0.3062468455,0.04026396909
733,7.330000,-0.3136137836,0.03746515326,4.470348358e-06,-3.159046173e-06,-3.159046173e-06,1.496076584e-05,0,5.69003e-11,3.5925e-06,0.044963005,-0.03187251091,-0.3113146166,0.03973552269
734,7.340000,-0.3176478967,0.03690089658,4.470348358e-06,-3.159046173e-06,-3.159046173e-06,1.496076584e-05,0,5.69003e-11,3.5925e-06,0.044963005,-0.03187251091,-0.3160687691,0.03937403791
735,7.350000,-0.3213219419,0.03691730555,4.470348358e-06,-3.159046173e-06,-3.159046173e-06,1.496076584e-05,0,5.69003e-11,3.5925e-06,0.044963005,-0.03187251091,-0.3204068742,0.03917001109
736,7.360000,-0.3246262483,0.03668595757,4.470348358e-06,-3.159046173e-06,-3.159046173e-06,1.496076584e-05,0,5.69003e-11,3.5925e-06,0.044963005,-0.03187251091,-0.3242305902,0.03935889642
737,7.370000,-0.3277091272,0.03675879072,4.470348358e-06,-3.159046173e-06,-3.159046173e-06,1.496076584e-05,0,5.69003e-11,3.5925e-06,0.044963005,-0.03187251091,-0.3274466918,0.03934863345
738,7.380000,-0.3301894628,0.03694152646,4.470348358e-06,-3.159046173e-06,-3.159046173e-06,1.496076584e-05,0,5.69003e-11,3.5925e-06,0.044963005,-0.03187251091,-0.3299680396,0.03930995768
739,7.390000,-0.3311021514,0.03682723176,4.470348358e-06,-3.159046173e-06,-3.159046173e-06,1.496076584e-05,0,5.69003e-11,3.5925e-06,0.044963005,-0.03187251091,-0.3317144812,0.03943269523
740,7.400000,-0.3314845785,0.03689852543,4.470348358e-06,-3.159046173e-06,-3.159046173e-06,1.496076584e-05,0,5.69003e-11,3.5925e-06,0.044963005,-0.03187251091,-0.3326136728,0.03931486266
741,7.410000,-0.3308465369,0.03723631799,4.470348358e-06,-3.159046173e-06,-3.159046173e-06,1.496076584e-05,0,5.69003e-11,3.5925e-06,0.044963005,-0.03187251091,-0.3326018126,0.04003086831
742,7.420000,-0.3291604519,0.03721211199,4.470348358e-06,-3.159046173e-06,-3.159046173e-06,1.496076584e-05,0,5.69003e-11,3.5925e-06,0.044963005,-0.03187251091,-0.3316242778,0.04017986094
743,7.430000,-0.3271187581,0.03741622809,4.470348358e-06,-3.159046173e-06,-3.159046173e-06,1.496076584e-05,0,5.69003e-11,3.5925e-06,0.044963005,-0.03187251091,-0.3296361582,0.04056207529
744,7.440000,-0.3237870038,0.03744622599,4.470348358e-06,-3.159046173e-06,-3.159046173e-06,1.496076584e-05,0,5.69003e-11,3.5925e-06,0.044963005,-0.03187251091,-0.3266026816,0.04108154309
745,7.450000,-0.3199876174,0.03764350619,4.470348358e-06,-3.159046173e-06,-3.159046173e-06,1.496076584e-05,0,5.69003e-11,3.5925e-06,0.044963005,-0.03187251091,-0.3224995244,0.04095969697
746,7.460000,-0.3145149089,0.03775604721,4.470348358e-06,-3.159046173e-06,-3.159046173e-06,1.496076584e-05,0,5.69003e-11,3.5925e-06,0.044963005,-0.03187251091,-0.3173130066,0.0407324372
747,7.470000,-0.3079933338,0.03785658255,4.470348358e-06,-3.159046173e-06,-3.159046173e-06,1.496076584e-05,0,5.69003e-11,3.5925e-06,0.044963005,-0.03187251091,-0.3110401671,0.04104432007
748,7.480000,-0.3004248478,0.03811328486,4.470348358e-06,-3.159046173e-06,-3.159046173e-06,1.496076584e-05,0,5.69003e-11,3.5925e-06,0.044963005,-0.03187251091,-0.3036887204,0.0411409894
749,7.490000,-0.291926723,0.0383505011,4.470348358e-06,-3.159046173e-06,-3.159046173e-06,1.496076584e-05,0,5.69003e-11,3.5925e-06,0.044963005,-0.03187251091,-0.2952768947,0.04101909023
750,7.500000,-0.2816866189,0.03828315996,4.470348358e-06,-3.159046173e-06,-3.159046173e-06,1.496076584e-05,0,5.69003e-11,3.5925e-06,0.044963005,-0.03187251091,-0.2858331531,0.04097874405
751,7.510000,-0.27028374,0.03791928198,4.470348358e-06,-3.159046173e-06,-3.159046173e-06,1.496076584e-05,0,5.69003e-11,3.5925e-06,0.044963005,-0.03187251091,-0.2753958029,0.04023067465
752,7.520000,-0.2585740685,0.03802611027,4.470348358e-06,-3.159046173e-06,-3.159046173e-06,1.496076584e-05,0,5.69003e-11,3.5925e-06,0.044963005,-0.03187251091,-0.2640124953,0.03996593858
753,7.530000,-0.2464950867,0.03858849965,4.470348358e-06,-3.159046173e-06,-3.159046173e-06,1.496076584e-05,0,5.69003e-11,3.5925e-06,0.044963005,-0.03187251091,-0.2517396242,0.03995307045
754,7.540000,-0.2326440141,0.03874449804,4.470348358e-06,-3.159046173e-06,-3.159046173e-06,1.496076584e-05,0,5.69003e-11,3.5925e-06,0.044963005,-0.03187251091,-0.238641629,0.03959179525
755,7.550000,-0.2182848863,0.03886394948,4.470348358e-06,-3.159046173e-06,-3.159046173e-06,1.496076584e-05,0,5.69003e-11,3.5925e-06,0.044963005,-0.03187251091,-0.2247902106,0.03996830639
756,7.560000,-0.2036723904,0.03916588239,4.470348358e-06,-3.159046173e-06,-3.159046173e-06,1.496076584e-05,0,5.69003e-11,3.5925e-06,0.044963005,-0.03187251091,-0.2102634697,0.03967589483
757,7.570000,-0.1886874139,0.03919218015,4.470348358e-06,-3.159046173e-06,-3.159046173e-06,1.496076584e-05,0,5.69003e-11,3.5925e-06,0.044963005,-0.03187251091,-0.195144977,0.03938685407
758,7.580000,-0.1728965007,0.03917802218,4.470348358e-06,-3.159046173e-06,-3.159046173e-06,1.496076584e-05,0,5.69003e-11,3.5925e-06,0.044963005,-0.03187251091,-0.1795227867,0.03954273114
759,7.590000,-0.1561363861,0.03864052426,4.470348358e-06,-3.159046173e-06,-3.159046173e-06,1.496076584e-05,0,5.69003e-11,3.5925e-06,0.044963005,-0.03187251091,-0.1634884041,0.03975328783
760,7.600000,-0.1411332041,0.03949598502,4.470348358e-06,-3.159046173e-06,-3.159046173e-06,1.496076584e-05,0,5.69003e-11,3.5925e-06,0.044963005,-0.03187251091,-0.1471357197,0.04011810642
761,7.610000,-0.1247738712,0.03979766183,4.470348358e-06,-3.159046173e-06,-3.159046173e-06,1.496076584e-05,0,5.69003e-11,3.5925e-06,0.044963005,-0.03187251091,-0.1305599219,0.03999116263
762,7.620000,-0.1077913828,0.03986943513,4.470348358e-06,-3.159046173e-06,-3.159046173e-06,1.496076584e-05,0,5.69003e-11,3.5925e-06,0.044963005,-0.03187251091,-0.1138564003,0.04010132965
763,7.630000,-0.09209740162,0.04030663893,4.470348358e-06,-3.159046173e-06,-3.159046173e-06,1.496076584e-05,0,5.69003e-11,3.5925e-06,0.044963005,-0.03187251091,-0.09711965386,0.04034630127
764,7.640000,-0.07531554252,0.04040680826,4.470348358e-06,-3.159046173e-06,-3.159046173e-06,1.496076584e-05,0,5.69003e-11,3.5925e-06,0.044963005,-0.03187251091,-0.08044221413,0.04016295435
765,7.650000,-0.05937729403,0.0406277338,4.470348358e-06,-3.159046173e-06,-3.159046173e-06,1.496076584e-05,0,5.69003e-11,3.5925e-06,0.044963005,-0.03187251091,-0.06391359792,0.04005527039
766,7.660000,-0.04366874322,0.04082627129,4.470348358e-06,-3.159046173e-06,-3.159046173e-06,1.496076584e-05,0,5.69003e-11,3.5925e-06,0.044963005,-0.03187251091,-0.04761930026,0.04036279166
767,7.670000,-0.02758834139,0.04094536323,4.470348358e-06,-3.159046173e-06,-3.159046173e-06,1.496076584e-05,0,5.69003e-11,3.5925e-06,0.044963005,-0.03187251091,-0.03163983959,0.04046311464
768,7.680000,-0.01252533868,0.0411767317,4.470348358e-06,-3.159046173e-06,-3.159046173e-06,1.496076584e-05,0,5.69003e-11,3.5925e-06,0.044963005,-0.03187251091,-0.01604986604,0.04046027943
769,7.690000,0.001842964441,0.04112423025,4.470348358e-06,-3.159046173e-06,-3.159046173e-06,1.496076584e-05,0,5.69003e-11,3.5925e-06,0.044963005,-0.03187251091,-0.0009173429548,0.04016207478
770,7.700000,0.01511675119,0.04176824726,4.470348358e-06,-3.159046173e-06,-3.159046173e-06,1.496076584e-05,0,5.69003e-11,3.5925e-06,0.044963005,-0.03187251091,0.01369718903,0.04020157449
771,7.710000,0.02946489304,0.04145254474,4.470348358e-06,-3.159046173e-06,-3.159046173e-06,1.496076584e-05,0,5.69003e-11,3.5925e-06,0.044963005,-0.03187251091,0.02774125696,0.04022530059
772,7.720000,0.04341694713,0.04104672279,4.470348358e-06,-3.159046173e-06,-3.159046173e-06,1.496076584e-05,0,5.69003e-11,3.5925e-06,0.044963005,-0.03187251091,0.0411710023,0.04080631382
773,7.730000,0.05603369698,0.04111131746,4.470348358e-06,-3.159046173e-06,-3.159046173e-06,1.496076584e-05,0,5.69003e-11,3.5925e-06,0.044963005,-0.03187251091,0.05395162325,0.04120934484
774,7.740000,0.06863696501,0.0408492852,4.470348358e-06,-3.159046173e-06,-3.159046173e-06,1.496076584e-05,0,5.69003e-11,3.5925e-06,0.044963005,-0.03187251091,0.06605770762,0.04117431164
775,7.750000,0.07956091687,0.04117287323,4.470348358e-06,-3.159046173e-06,-3.159046173e-06,1.496076584e-05,0,5.69003e-11,3.5925e-06,0.044963005,-0.03187251091,0.07747345273,0.04096340033
776,7.760000,0.09003422782,0.04131298419,4.470348358e-06,-3.159046173e-06,-3.159046173e-06,1.496076584e-05,0,5.69003e-11,3.5925e-06,0.044963005,-0.03187251091,0.0881927697,0.04090832899
777,7.770000,0.09987486154,0.04143347498,4.470348358e-06,-3.159046173e-06,-3.159046173e-06,1.496076584e-05,0,5.69003e-11,3.5925e-06,0.044963005,-0.03187251091,0.09821927126,0.04086925104
778,7.780000,0.109184593,0.04133742489,4.470348358e-06,-3.159046173e-06,-3.159046173e-06,1.496076584e-05,0,5.69003e-11,3.5925e-06,0.044963005,-0.03187251091,0.1075661433,0.04087209832
779,7.790000,0.1176137403,0.04155643005,4.470348358e-06,-3.159046173e-06,-3.159046173e-06,1.496076584e-05,0,5.69003e-11,3.5925e-06,0.044963005,-0.03187251091,0.1162559016,0.0408281708
780,7.800000,0.1252883971,0.0415259283,4.470348358e-06,-3.159046173e-06,-3.159046173e-06,1.496076584e-05,0,5.69003e-11,3.5925e-06,0.044963005,-0.03187251091,0.1243200373,0.04110728638
781,7.810000,0.1320493817,0.041616817,4.470348358e-06,-3.159046173e-06,-3.159046173e-06,1.496076584e-05,0,5.69003e-11,3.5925e-06,0.044963005,-0.03187251091,0.1317985543,0.0409712609
782,7.820000,0.1385758929,0.04174315091,4.470348358e-06,-3.159046173e-06,-3.159046173e-06,1.496076584e-05,0,5.69003e-11,3.5925e-06,0.044963005,-0.03187251091,0.1387394051,0.04113610514
783,7.830000,0.145163551,0.04159787577,4.470348358e-06,-3.159046173e-06,-3.159046173e-06,1.496076584e-05,0,5.69003e-11,3.5925e-06,0.044963005,-0.03187251091,0.1451978312,0.04115225377
784,7.840000,0.1520826966,0.04096382577,4.470348358e-06,-3.159046173e-06,-3.159046173e-06,1.496076584e-05,0,5.69003e-11,3.5925e-06,0.044963005,-0.03187251091,0.1512356157,0.04112325956
785,7.850000,0.156862922,0.04098056443,4.470348358e-06,-3.159046173e-06,-3.159046173e-06,1.496076584e-05,0,5.69003e-11,3.5925e-06,0.044963005,-0.03187251091,0.1569202575,0.04100189682
786,7.860000,0.1622729935,0.04079959728,4.470348358e-06,-3.159046173e-06,-3.159046173e-06,1.496076584e-05,0,5.69003e-11,3.5925e-06,0.044963005,-0.03187251091,0.1623240756,0.04039595015
787,7.870000,0.1665652767,0.04098666273,4.470348358e-06,-3.159046173e-06,-3.159046173e-06,1.496076584e-05,0,5.69003e-11,3.5925e-06,0.044963005,-0.03187251091,0.1675232556,0.04038242382
788,7.880000,0.1719062328,0.04090835061,4.470348358e-06,-3.159046173e-06,-3.159046173e-06,1.496076584e-05,0,5.69003e-11,3.5925e-06,0.044963005,-0.03187251091,0.172596848,0.04002298588
789,7.890000,0.1772995889,0.04074888024,4.470348358e-06,-3.159046173e-06,-3.159046173e-06,1.496076584e-05,0,5.69003e-11,3.5925e-06,0.044963005,-0.03187251091,0.1776257311,0.03983828404
790,7.900000,0.1823603474,0.0405711811,4.470348358e-06,-3.159046173e-06,-3.159046173e-06,1.496076584e-05,0,5.69003e-11,3.5925e-06,0.044963005,-0.03187251091,0.1826915495,0.039689264
791,7.910000,0.1872584596,0.04093075637,4.470348358e-06,-3.159046173e-06,-3.159046173e-06,1.496076584e-05,0,5.69003e-11,3.5925e-06,0.044963005,-0.03187251091,0.1878756422,0.03961257195
792,7.920000,0.1928031482,0.04107889161,4.470348358e-06,-3.159046173e-06,-3.159046173e-06,1.496076584e-05,0,5.69003e-11,3.5925e-06,0.044963005,-0.03187251091,0.1932579713,0.03980149653
793,7.930000,0.1978883408,0.04132938758,4.470348358e-06,-3.159046173e-06,-3.159046173e-06,1.496076584e-05,0,5.69003e-11,3.5925e-06,0.044963005,-0.03187251091,0.1989160647,0.03929908212
794,7.940000,0.2031610981,0.04143513553,4.470348358e-06,-3.159046173e-06,-3.159046173e-06,1.496076584e-05,0,5.69003e-11,3.5925e-06,0.044963005,-0.03187251091,0.2049239848,0.03946457648
795,7.950000,0.2097907849,0.04148942418,4.470348358e-06,-3.159046173e-06,-3.159046173e-06,1.496076584e-05,0,5.69003e-11,3.5925e-06,0.044963005,-0.03187251091,0.2113513354,0.03953485136
796,7.960000,0.2173786983,0.0408623796,4.470348358e-06,-3.159046173e-06,-3.159046173e-06,1.496076584e-05,0,5.69003e-11,3.5925e-06,0.044963005,-0.03187251091,0.218262319,0.0393471459
797,7.970000,0.2258480936,0.04053052887,4.470348358e-06,-3.159046173e-06,-3.159046173e-06,1.496076584e-05,0,5.69003e-11,3.5925e-06,0.044963005,-0.03187251091,0.2257148539,0.0396923076
798,7.980000,0.2341503128,0.04033576977,4.470348358e-06,-3.159046173e-06,-3.159046173e-06,1.496076584e-05,0,5.69003e-11,3.5925e-06,0.044963005,-0.03187251091,0.2337597642,0.03956387948
799,7.990000,0.2430899367,0.04046180099,4.470348358e-06,-3.159046173e-06,-3.159046173e-06,1.496076584e-05,0,5.69003e-11,3.5925e-06,0.044963005,-0.03187251091,0.2424400497,0.03994602817
800,8.000000,0.2524501123,0.04029885866,4.470348358e-06,-3.159046173e-06,-3.159046173e-06,1.496076584e-05,0,5.69003e-11,3.5925e-06,0.044963005,-0.03187251091,0.2517902454,0.04011614676
801,8.010000,0.2628932148,0.04083329532,4.470348358e-06,-3.159046173e-06,-3.159046173e-06,1.496076584e-05,0,5.69003e-11,3.5925e-06,0.044963005,-0.03187251091,0.2618358791,0.04013086015
802,8.020000,0.273316469,0.04104712605,4.470348358e-06,-3.159046173e-06,-3.159046173e-06,1.496076584e-05,0,5.69003e-11,3.5925e-06,0.044963005,-0.03187251091,0.2725930321,0.04032711652
803,8.030000,0.2855289094,0.04071126599,4.470348358e-06,-3.159046173e-06,-3.159046173e-06,1.496076584e-05,0,5.69003e-11,3.5925e-06,0.044963005,-0.03187251091,0.284068009,0.04010576959
804,8.040000,0.2976143956,0.04099962953,4.470348358e-06,-3.159046173e-06,-3.159046173e-06,1.496076584e-05,0,5.69003e-11,3.5925e-06,0.044963005,-0.03187251091,0.2962571216,0.0404398723
805,8.050000,0.3110527545,0.04079914,4.470348358e-06,-3.159046173e-06,-3.159046173e-06,1.496076584e-05,0,5.69003e-11,3.5925e-06,0.044963005,-0.03187251091,0.3091465878,0.04025082975
806,8.060000,0.324677486,0.04113697633,4.470348358e-06,-3.159046173e-06,-3.159046173e-06,1.496076584e-05,0,5.69003e-11,3.5925e-06,0.044963005,-0.03187251091,0.3227125486,0.04052915412
807,8.070000,0.3389799334,0.04159707483,4.470348358e-06,-3.159046173e-06,-3.159046173e-06,1.496076584e-05,0,5.69003e-11,3.5925e-06,0.044963005,-0.03187251091,0.336921203,0.04096261129
808,8.080000,0.3540866449,0.04159333371,4.470348358e-06,-3.159046173e-06,-3.159046173e-06,1.496076584e-05,0,5.69003e-11,3.5925e-06,0.044963005,-0.03187251091,0.351729059,0.04049666461
809,8.090000,0.3693031445,0.04182337411,4.470348358e-06,-3.159046173e-06,-3.159046173e-06,1.496076584e-05,0,5.69003e-11,3.5925e-06,0.044963005,-0.03187251091,0.3670832986,0.04033279296
810,8.100000,0.3853332698,0.04153969884,4.470348358e-06,-3.159046173e-06,-3.159046173e-06,1.496076584e-05,0,5.69003e-11,3.5925e-06,0.044963005,-0.03187251091,0.3829222528,0.03980848639
811,8.110000,0.4026486464,0.04120397195,4.470348358e-06,-3.159046173e-06,-3.159046173e-06,1.496076584e-05,0,5.69003e-11,3.5925e-06,0.044963005,-0.03187251091,0.3991759819,0.03995784196
812,8.120000,0.4192488566,0.0414684955,4.470348358e-06,-3.159046173e-06,-3.159046173e-06,1.496076584e-05,0,5.69003e-11,3.5925e-06,0.044963005,-0.03187251091,0.4157669542,0.04036586391
813,8.130000,0.435536027,0.04147431813,4.470348358e-06,-3.159046173e-06,-3.159046173e-06,1.496076584e-05,0,5.69003e-11,3.5925e-06,0.044963005,-0.03187251091,0.4326108154,0.04099684538
814,8.140000,0.4528635293,0.04129036237,4.470348358e-06,-3.159046173e-06,-3.159046173e-06,1.496076584e-05,0,5.69003e-11,3.5925e-06,0.044963005,-0.03187251091,0.4496172421,0.04124611206
815,8.150000,0.4694442302,0.04150526226,4.470348358e-06,-3.159046173e-06,-3.159046173e-06,1.496076584e-05,0,5.69003e-11,3.5925e-06,0.044963005,-0.03187251091,0.4666908667,0.04089995489
816,8.160000,0.4858372733,0.04180625826,4.470348358e-06,-3.159046173e-06,-3.159046173e-06,1.496076584e-05,0,5.69003e-11,3.5925e-06,0.044963005,-0.03187251091,0.4837322664,0.04101179552
817,8.170000,0.5025588237,0.04176547937,4.470348358e-06,-3.159046173e-06,-3.159046173e-06,1.496076584e-05,0,5.69003e-11,3.5925e-06,0.044963005,-0.03187251091,0.5006390038,0.04121001843
818,8.180000,0.520309899,0.04123893008,4.470348358e-06,-3.159046173e-06,-3.159046173e-06,1.496076584e-05,0,5.69003e-11,3.5925e-06,0.044963005,-0.03187251091,0.5173067074,0.04124548657
819,8.190000,0.5360672437,0.04163881112,4.470348358e-06,-3.159046173e-06,-3.159046173e-06,1.496076584e-05,0,5.69003e-11,3.5925e-06,0.044963005,-0.03187251091,0.5336301808,0.0412546022
820,8.200000,0.5519644581,0.04138483293,4.470348358e-06,-3.159046173e-06,-3.159046173e-06,1.496076584e-05,0,5.69003e-11,3.5925e-06,0.044963005,-0.03187251091,0.5495045268,0.04117889438
821,8.210000,0.5661660917,0.04179090913,4.470348358e-06,-3.159046173e-06,-3.159046173e-06,1.496076584e-05,0,5.69003e-11,3.5925e-06,0.044963005,-0.03187251091,0.5648262752,0.04107245348
822,8.220000,0.579696849,0.04221992753,4.470348358e-06,-3.159046173e-06,-3.159046173e-06,1.496076584e-05,0,5.69003e-11,3.5925e-06,0.044963005,-0.03187251091,0.5794945004,0.0410605632
823,8.230000,0.5927087814,0.04256208334,4.470348358e-06,-3.159046173e-06,-3.159046173e-06,1.496076584e-05,0,5.69003e-11,3.5925e-06,0.044963005,-0.03187251091,0.593411917,0.04118098371
824,8.240000,0.6059712134,0.04213309381,4.470348358e-06,-3.159046173e-06,-3.159046173e-06,1.496076584e-05,0,5.69003e-11,3.5925e-06,0.044963005,-0.03187251091,0.6064859407,0.04130110492
825,8.250000,0.6164198034,0.04262322001,4.470348358e-06,-3.159046173e-06,-3.159046173e-06,1.496076584e-05,0,5.69003e-11,3.5925e-06,0.044963005,-0.03187251091,0.6186297024,0.04111255343
826,8.260000,0.6278662495,0.04211764038,4.470348358e-06,-3.159046173e-06,-3.159046173e-06,1.496076584e-05,0,5.69003e-11,3.5925e-06,0.044963005,-0.03187251091,0.6297630043,0.04155901945
827,8.270000,0.6374936849,0.04220051412,4.470348358e-06,-3.159046173e-06,-3.159046173e-06,1.496076584e-05,0,5.69003e-11,3.5925e-06,0.044963005,-0.03187251091,0.6398132073,0.04158611486
828,8.280000,0.6452446729,0.04264201969,4.470348358e-06,-3.159046173e-06,-3.159046173e-06,1.496076584e-05,0,5.69003e-11,3.5925e-06,0.044963005,-0.03187251091,0.6487160387,0.04136615786
829,8.290000,0.6526731774,0.0427409932,4.470348358e-06,-3.159046173e-06,-3.159046173e-06,1.496076584e-05,0,5.69003e-11,3.5925e-06,0.044963005,-0.03187251091,0.6564163127,0.04135485011
830,8.300000,0.6580184475,0.04329013359,4.470348358e-06,-3.159046173e-06,-3.159046173e-06,1.496076584e-05,0,5.69003e-11,3.5925e-06,0.044963005,-0.03187251091,0.6628685537,0.0412797488
831,8.310000,0.6624595709,0.04328557942,4.470348358e-06,-3.159046173e-06,-3.159046173e-06,1.496076584e-05,0,5.69003e-11,3.5925e-06,0.044963005,-0.03187251091,0.6680375167,0.04194747059
832,8.320000,0.6658807509,0.04329064675,4.470348358e-06,-3.159046173e-06,-3.159046173e-06,1.496076584e-05,0,5.69003e-11,3.5925e-06,0.044963005,-0.03187251091,0.6718985978,0.04158350581
833,8.330000,0.6672568358,0.0434865905,4.470348358e-06,-3.159046173e-06,-3.159046173e-06,1.496076584e-05,0,5.69003e-11,3.5925e-06,0.044963005,-0.03187251091,0.6744381312,0.0417013316
834,8.340000,0.6676628627,0.04347692057,4.470348358e-06,-3.159046173e-06,-3.159046173e-06,1.496076584e-05,0,5.69003e-11,3.5925e-06,0.044963005,-0.03187251091,0.6756535677,0.04167864794
835,8.350000,0.6679079607,0.04266440962,4.470348358e-06,-3.159046173e-06,-3.159046173e-06,1.496076584e-05,0,5.69003e-11,3.5925e-06,0.044963005,-0.03187251091,0.6755535349,0.04130861401
836,8.360000,0.6659581549,0.04228036851,4.470348358e-06,-3.159046173e-06,-3.159046173e-06,1.496076584e-05,0,5.69003e-11,3.5925e-06,0.044963005,-0.03187251091,0.6741577752,0.04113173552
837,8.370000,0.6627196148,0.04232444707,4.470348358e-06,-3.159046173e-06,-3.159046173e-06,1.496076584e-05,0,5.69003e-11,3.5925e-06,0.044963005,-0.03187251091,0.671496966,0.04126517253
838,8.380000,0.6585580036,0.04260855168,4.470348358e-06,-3.159046173e-06,-3.159046173e-06,1.496076584e-05,0,5.69003e-11,3.5925e-06,0.044963005,-0.03187251091,0.66761242,0.04122005838
839,8.390000,0.6541484222,0.04202059656,4.470348358e-06,-3.159046173e-06,-3.159046173e-06,1.496076584e-05,0,5.69003e-11,3.5925e-06,0.044963005,-0.03187251091,0.6625556721,0.04110422066
840,8.400000,0.6478763483,0.04133010283,4.470348358e-06,-3.159046173e-06,-3.159046173e-06,1.496076584e-05,0,5.69003e-11,3.5925e-06,0.044963005,-0.03187251091,0.6563879562,0.04128045114
841,8.410000,0.6417640783,0.04022891074,4.470348358e-06,-3.159046173e-06,-3.159046173e-06,1.496076584e-05,0,5.69003e-11,3.5925e-06,0.044963005,-0.03187251091,0.6491795771,0.04132989718
842,8.420000,0.6342197508,0.03979540803,4.470348358e-06,-3.159046173e-06,-3.159046173e-06,1.496076584e-05,0,5.69003e-11,3.5925e-06,0.044963005,-0.03187251091,0.6410091852,0.04173494051
843,8.430000,0.624933295,0.03962223604,4.470348358e-06,-3.159046173e-06,-3.159046173e-06,1.496076584e-05,0,5.69003e-11,3.5925e-06,0.044963005,-0.03187251091,0.6319629627,0.04225771272
844,8.440000,0.6151147485,0.03967467975,4.470348358e-06,-3.159046173e-06,-3.159046173e-06,1.496076584e-05,0,5.69003e-11,3.5925e-06,0.044963005,-0.03187251091,0.6221337289,0.04216936508
845,8.450000,0.6049281955,0.03916257899,4.470348358e-06,-3.159046173e-06,-3.159046173e-06,1.496076584e-05,0,5.69003e-11,3.5925e-06,0.044963005,-0.03187251091,0.6116199751,0.04199806903
846,8.460000,0.5943453759,0.03857979365,4.470348358e-06,-3.159046173e-06,-3.159046173e-06,1.496076584e-05,0,5.69003e-11,3.5925e-06,0.044963005,-0.03187251091,0.6005248411,0.04206037831
847,8.470000,0.5830081031,0.03832797613,4.470348358e-06,-3.159046173e-06,-3.159046173e-06,1.496076584e-05,0,5.69003e-11,3.5925e-06,0.044963005,-0.03187251091,0.5889550425,0.04179252115
848,8.480000,0.5715692639,0.03779968992,4.470348358e-06,-3.159046173e-06,-3.159046173e-06,1.496076584e-05,0,5.69003e-11,3.5925e-06,0.044963005,-0.03187251091,0.5770197624,0.04185142108
849,8.490000,0.5592789426,0.03786635399,4.470348358e-06,-3.159046173e-06,-3.159046173e-06,1.496076584e-05,0,5.69003e-11,3.5925e-06,0.044963005,-0.03187251091,0.5648295199,0.04203403507
850,8.500000,0.5475216396,0.037342689,4.470348358e-06,-3.159046173e-06,-3.159046173e-06,1.496076584e-05,0,5.69003e-11,3.5925e-06,0.044963005,-0.03187251091,0.5524950263,0.04175048224
851,8.510000,0.5349259749,0.03723702021,4.470348358e-06,-3.159046173e-06,-3.159046173e-06,1.496076584e-05,0,5.69003e-11,3.5925e-06,0.044963005,-0.03187251091,0.5401260443,0.04161862042
852,8.520000,0.5232210159,0.0368173616,4.470348358e-06,-3.159046173e-06,-3.159046173e-06,1.496076584e-05,0,5.69003e-11,3.5925e-06,0.044963005,-0.03187251091,0.5278302605,0.04142974596
853,8.530000,0.5119662918,0.03650203533,4.470348358e-06,-3.159046173e-06,-3.159046173e-06,1.496076584e-05,0,5.69003e-11,3.5925e-06,0.044963005,-0.03187251091,0.515712185,0.0413896572
854,8.540000,0.5001668558,0.03680035844,4.470348358e-06,-3.159046173e-06,-3.159046173e-06,1.496076584e-05,0,5.69003e-11,3.5925e-06,0.044963005,-0.03187251091,0.5038720906,0.04065785158
855,8.550000,0.48931849,0.03652496543,4.470348358e-06,-3.159046173e-06,-3.159046173e-06,1.496076584e-05,0,5.69003e-11,3.5925e-06,0.044963005,-0.03187251091,0.4924050024,0.04102422254
856,8.560000,0.4795397371,0.0359732816,4.470348358e-06,-3.159046173e-06,-3.159046173e-06,1.496076584e-05,0,5.69003e-11,3.5925e-06,0.044963005,-0.03187251091,0.4813997494,0.04105285335
857,8.570000,0.4690956436,0.03594036214,4.470348358e-06,-3.159046173e-06,-3.159046173e-06,1.496076584e-05,0,5.69003e-11,3.5925e-06,0.044963005,-0.03187251091,0.4709380886,0.04095471931
858,8.580000,0.4595336765,0.03593029361,4.470348358e-06,-3.159046173e-06,-3.159046173e-06,1.496076584e-05,0,5.69003e-11,3.5925e-06,0.044963005,-0.03187251091,0.4610939119,0.04113614684
859,8.590000,0.4499932155,0.0367784081,4.470348358e-06,-3.159046173e-06,-3.159046173e-06,1.496076584e-05,0,5.69003e-11,3.5925e-06,0.044963005,-0.03187251091,0.4519325432,0.04139819649
860,8.600000,0.4422499351,0.03674389608,4.470348358e-06,-3.159046173e-06,-3.159046173e-06,1.496076584e-05,0,5.69003e-11,3.5925e-06,0.044963005,-0.03187251091,0.4435101338,0.04130719113
861,8.610000,0.4351363555,0.03675098997,4.470348358e-06,-3.159046173e-06,-3.159046173e-06,1.496076584e-05,0,5.69003e-11,3.5925e-06,0.044963005,-0.03187251091,0.4358731641,0.04171151059
862,8.620000,0.4294322245,0.03644397669,4.470348358e-06,-3.159046173e-06,-3.159046173e-06,1.496076584e-05,0,5.69003e-11,3.5925e-06,0.044963005,-0.03187251091,0.4290580539,0.04145513545
863,8.630000,0.42375971,0.03645872511,4.470348358e-06,-3.159046173e-06,-3.159046173e-06,1.496076584e-05,0,5.69003e-11,3.5925e-06,0.044963005,-0.03187251091,0.4230908893,0.04153166733
864,8.640000,0.4196722955,0.03629517928,4.470348358e-06,-3.159046173e-06,-3.159046173e-06,1.496076584e-05,0,5.69003e-11,3.5925e-06,0.044963005,-0.03187251091,0.4179872649,0.04158516165
865,8.650000,0.4151691608,0.03669907711,4.470348358e-06,-3.159046173e-06,-3.159046173e-06,1.496076584e-05,0,5.69003e-11,3.5925e-06,0.044963005,-0.03187251091,0.413752246,0.04141089532
866,8.660000,0.411901243,0.03713410161,4.470348358e-06,-3.159046173e-06,-3.159046173e-06,1.496076584e-05,0,5.69003e-11,3.5925e-06,0.044963005,-0.03187251091,0.4103804493,0.04208443515
867,8.670000,0.4097866863,0.03706637304,4.470348358e-06,-3.159046173e-06,-3.159046173e-06,1.496076584e-05,0,5.69003e-11,3.5925e-06,0.044963005,-0.03187251091,0.4078562412,0.04221134371
868,8.680000,0.4084092416,0.03714688588,4.470348358e-06,-3.159046173e-06,-3.159046173e-06,1.496076584e-05,0,5.69003e-11,3.5925e-06,0.044963005,-0.03187251091,0.4061540508,0.04163995071
869,8.690000,0.4071757235,0.03737660032,4.470348358e-06,-3.159046173e-06,-3.159046173e-06,1.496076584e-05,0,5.69003e-11,3.5925e-06,0.044963005,-0.03187251091,0.4052387942,0.0415496957
870,8.700000,0.4065488577,0.03777312208,4.470348358e-06,-3.159046173e-06,-3.159046173e-06,1.496076584e-05,0,5.69003e-11,3.5925e-06,0.044963005,-0.03187251091,0.4050664054,0.04206395524
871,8.710000,0.4072207361,0.03766525537,4.470348358e-06,-3.159046173e-06,-3.159046173e-06,1.496076584e-05,0,5.69003e-11,3.5925e-06,0.044963005,-0.03187251091,0.4055844654,0.04198263485
872,8.720000,0.4086129628,0.03789972235,4.470348358e-06,-3.159046173e-06,-3.159046173e-06,1.496076584e-05,0,5.69003e-11,3.5925e-06,0.044963005,-0.03187251091,0.406732925,0.0420012659
873,8.730000,0.4097708799,0.03842042107,4.470348358e-06,-3.159046173e-06,-3.159046173e-06,1.496076584e-05,0,5.69003e-11,3.5925e-06,0.044963005,-0.03187251091,0.4084449099,0.04191150499
874,8.740000,0.4116447046,0.03865105845,4.470348358e-06,-3.159046173e-06,-3.159046173e-06,1.496076584e-05,0,5.69003e-11,3.5925e-06,0.044963005,-0.03187251091,0.4106476008,0.04178189341
875,8.750000,0.4139994681,0.03919113986,4.470348358e-06,-3.159046173e-06,-3.159046173e-06,1.496076584e-05,0,5.69003e-11,3.5925e-06,0.044963005,-0.03187251091,0.413263177,0.04159076825
876,8.760000,0.4178003892,0.03851150535,4.470348358e-06,-3.159046173e-06,-3.159046173e-06,1.496076584e-05,0,5.69003e-11,3.5925e-06,0.044963005,-0.03187251091,0.4162098132,0.04217928339
877,8.770000,0.422111351,0.03791113943,4.470348358e-06,-3.159046173e-06,-3.159046173e-06,1.496076584e-05,0,5.69003e-11,3.5925e-06,0.044963005,-0.03187251091,0.4194027166,0.04211445053
878,8.780000,0.4247051328,0.03855419811,4.470348358e-06,-3.159046173e-06,-3.159046173e-06,1.496076584e-05,0,5.69003e-11,3.5925e-06,0.044963005,-0.03187251091,0.422755195,0.04217450708
879,8.790000,0.4292300567,0.03816035949,4.470348358e-06,-3.159046173e-06,-3.159046173e-06,1.496076584e-05,0,5.69003e-11,3.5925e-06,0.044963005,-0.03187251091,0.4261797393,0.04214873599
880,8.800000,0.4326671995,0.03802387882,4.470348358e-06,-3.159046173e-06,-3.159046173e-06,1.496076584e-05,0,5.69003e-11,3.5925e-06,0.044963005,-0.03187251091,0.4295891127,0.04301600524
881,8.810000,0.4364469983,0.0375192957,4.470348358e-06,-3.159046173e-06,-3.159046173e-06,1.496076584e-05,0,5.69003e-11,3.5925e-06,0.044963005,-0.03187251091,0.4328974297,0.04324584895
882,8.820000,0.4387073331,0.03791556321,4.470348358e-06,-3.159046173e-06,-3.159046173e-06,1.496076584e-05,0,5.69003e-11,3.5925e-06,0.044963005,-0.03187251091,0.4360212156,0.04346037929
883,8.830000,0.4413511343,0.03818859439,4.470348358e-06,-3.159046173e-06,-3.159046173e-06,1.496076584e-05,0,5.69003e-11,3.5925e-06,0.044963005,-0.03187251091,0.4388804319,0.04306928409
884,8.840000,0.4439493418,0.038032596,4.470348358e-06,-3.159046173e-06,-3.159046173e-06,1.496076584e-05,0,5.69003e-11,3.5925e-06,0.044963005,-0.03187251091,0.4413994577,0.04300267246
885,8.850000,0.4450277723,0.03841996845,4.470348358e-06,-3.159046173e-06,-3.159046173e-06,1.496076584e-05,0,5.69003e-11,3.5925e-06,0.044963005,-0.03187251091,0.4435080144,0.04272774106
886,8.860000,0.4463738799,0.03860189021,4.470348358e-06,-3.159046173e-06,-3.159046173e-06,1.496076584e-05,0,5.69003e-11,3.5925e-06,0.044963005,-0.03187251091,0.4451420241,0.04305373857
887,8.870000,0.4463659786,0.03899668157,4.470348358e-06,-3.159046173e-06,-3.159046173e-06,1.496076584e-05,0,5.69003e-11,3.5925e-06,0.044963005,-0.03187251091,0.4462443903,0.04277260703
888,8.880000,0.4460448697,0.03948923852,4.470348358e-06,-3.159046173e-06,-3.159046173e-06,1.496076584e-05,0,5.69003e-11,3.5925e-06,0.044963005,-0.03187251091,0.4467656945,0.0430850877
889,8.890000,0.4466953091,0.03903253749,4.470348358e-06,-3.159046173e-06,-3.159046173e-06,1.496076584e-05,0,5.69003e-11,3.5925e-06,0.044963005,-0.03187251091,0.4466647976,0.04278305752
890,8.900000,0.4462524131,0.03888498247,4.470348358e-06,-3.159046173e-06,-3.159046173e-06,1.496076584e-05,0,5.69003e-11,3.5925e-06,0.044963005,-0.03187251091,0.4459093416,0.04239840462
891,8.910000,0.444894094,0.03861030564,4.470348358e-06,-3.159046173e-06,-3.159046173e-06,1.496076584e-05,0,5.69003e-11,3.5925e-06,0.044963005,-0.03187251091,0.4444761449,0.0427253279
892,8.920000,0.4428706355,0.03831542935,4.470348358e-06,-3.159046173e-06,-3.159046173e-06,1.496076584e-05,0,5.69003e-11,3.5925e-06,0.044963005,-0.03187251091,0.4423514867,0.04258404346
893,8.930000,0.4387552626,0.03872148413,4.470348358e-06,-3.159046173e-06,-3.159046173e-06,1.496076584e-05,0,5.69003e-11,3.5925e-06,0.044963005,-0.03187251091,0.4395312772,0.04224009451
894,8.940000,0.4344926439,0.03903632332,4.470348358e-06,-3.159046173e-06,-3.159046173e-06,1.496076584e-05,0,5.69003e-11,3.5925e-06,0.044963005,-0.03187251091,0.4360211124,0.04184342834
895,8.950000,0.4306778722,0.03854583856,4.470348358e-06,-3.159046173e-06,-3.159046173e-06,1.496076584e-05,0,5.69003e-11,3.5925e-06,0.044963005,-0.03187251091,0.4318362115,0.04164550997
896,8.960000,0.425302729,0.03866851889,4.470348358e-06,-3.159046173e-06,-3.159046173e-06,1.496076584e-05,0,5.69003e-11,3.5925e-06,0.044963005,-0.03187251091,0.4270012398,0.04151986262
897,8.970000,0.4191434309,0.0386837367,4.470348358e-06,-3.159046173e-06,-3.159046173e-06,1.496076584e-05,0,5.69003e-11,3.5925e-06,0.044963005,-0.03187251091,0.4215500165,0.04160290608
898,8.980000,0.4129913263,0.03868296836,4.470348358e-06,-3.159046173e-06,-3.159046173e-06,1.496076584e-05,0,5.69003e-11,3.5925e-06,0.044963005,-0.03187251091,0.4155251136,0.04118184273
899,8.990000,0.4052955136,0.03896380309,4.470348358e-06,-3.159046173e-06,-3.159046173e-06,1.496076584e-05,0,5.69003e-11,3.5925e-06,0.044963005,-0.03187251091,0.4089773483,0.04145531809
900,9.000000,0.3987192176,0.03876811266,4.470348358e-06,-3.159046173e-06,-3.159046173e-06,1.496076584e-05,0,5.69003e-11,3.5925e-06,0.044963005,-0.03187251091,0.4019651766,0.04152804848
901,9.010000,0.3919650316,0.03806020413,4.470348358e-06,-3.159046173e-06,-3.159046173e-06,1.496076584e-05,0,5.69003e-11,3.5925e-06,0.044963005,-0.03187251091,0.3945539937,0.04154070883
902,9.020000,0.3840801343,0.03779541422,4.470348358e-06,-3.159046173e-06,-3.159046173e-06,1.496076584e-05,0,5.69003e-11,3.5925e-06,0.044963005,-0.03187251091,0.3868153503,0.04180757992
903,9.030000,0.3756783046,0.03796601854,4.470348358e-06,-3.159046173e-06,-3.159046173e-06,1.496076584e-05,0,5.69003e-11,3.5925e-06,0.044963005,-0.03187251091,0.3788260933,0.0420306132
904,9.040000,0.3677789792,0.03739855904,4.470348358e-06,-3.159046173e-06,-3.159046173e-06,1.496076584e-05,0,5.69003e-11,3.5925e-06,0.044963005,-0.03187251091,0.370667442,0.04197615175
905,9.050000,0.3590239957,0.03806407563,4.470348358e-06,-3.159046173e-06,-3.159046173e-06,1.496076584e-05,0,5.69003e-11,3.5925e-06,0.044963005,-0.03187251091,0.3624240083,0.04237813166
906,9.060000,0.3515214622,0.03787704185,4.470348358e-06,-3.159046173e-06,-3.159046173e-06,1.496076584e-05,0,5.69003e-11,3.5925e-06,0.044963005,-0.03187251091,0.3541827753,0.04263359221
907,9.070000,0.34347561,0.03808988072,4.470348358e-06,-3.159046173e-06,-3.159046173e-06,1.496076584e-05,0,5.69003e-11,3.5925e-06,0.044963005,-0.03187251091,0.3460320429,0.0421768144
908,9.080000,0.3359063379,0.03804701194,4.470348358e-06,-3.159046173e-06,-3.159046173e-06,1.496076584e-05,0,5.69003e-11,3.5925e-06,0.044963005,-0.03187251091,0.338060356,0.04269949308
909,9.090000,0.328308899,0.03810098767,4.470348358e-06,-3.159046173e-06,-3.159046173e-06,1.496076584e-05,0,5.69003e-11,3.5925e-06,0.044963005,-0.03187251091,0.3303554247,0.04258644072
910,9.100000,0.321391657,0.03814666532,4.470348358e-06,-3.159046173e-06,-3.159046173e-06,1.496076584e-05,0,5.69003e-11,3.5925e-06,0.044963005,-0.03187251091,0.323003051,0.04293290451
911,9.110000,0.3153904565,0.03799794521,4.470348358e-06,-3.159046173e-06,-3.159046173e-06,1.496076584e-05,0,5.69003e-11,3.5925e-06,0.044963005,-0.03187251091,0.3160860742,0.04294440311
912,9.120000,0.3080790602,0.03871177696,4.470348358e-06,-3.159046173e-06,-3.159046173e-06,1.496076584e-05,0,5.69003e-11,3.5925e-06,0.044963005,-0.03187251091,0.3096833467,0.04307057465
913,9.130000,0.3028819896,0.03895526566,4.470348358e-06,-3.159046173e-06,-3.159046173e-06,1.496076584e-05,0,5.69003e-11,3.5925e-06,0.044963005,-0.03187251091,0.3038687527,0.04297254796
914,9.140000,0.2980842628,0.03926828876,4.470348358e-06,-3.159046173e-06,-3.159046173e-06,1.496076584e-05,0,5.69003e-11,3.5925e-06,0.044963005,-0.03187251091,0.2987102805,0.04329043372
915,9.150000,0.2935767211,0.03943912126,4.470348358e-06,-3.159046173e-06,-3.159046173e-06,1.496076584e-05,0,5.69003e-11,3.5925e-06,0.044963005,-0.03187251091,0.294269161,0.04329893151
916,9.160000,0.2897621617,0.03975685034,4.470348358e-06,-3.159046173e-06,-3.159046173e-06,1.496076584e-05,0,5.69003e-11,3.5925e-06,0.044963005,-0.03187251091,0.2905990805,0.0429828669
917,9.170000,0.2872846387,0.04003037885,4.470348358e-06,-3.159046173e-06,-3.159046173e-06,1.496076584e-05,0,5.69003e-11,3.5925e-06,0.044963005,-0.03187251091,0.2877454781,0.04302489275
918,9.180000,0.2853189483,0.04037005268,4.470348358e-06,-3.159046173e-06,-3.159046173e-06,1.496076584e-05,0,5.69003e-11,3.5925e-06,0.044963005,-0.03187251091,0.285744936,0.04293787712
919,9.190000,0.2852354199,0.03990529943,4.470348358e-06,-3.159046173e-06,-3.159046173e-06,1.496076584e-05,0,5.69003e-11,3.5925e-06,0.044963005,-0.03187251091,0.2846246701,0.04298354842
920,9.200000,0.2854462415,0.03978441097,4.470348358e-06,-3.159046173e-06,-3.159046173e-06,1.496076584e-05,0,5.69003e-11,3.5925e-06,0.044963005,-0.03187251091,0.2844021262,0.04252209132
921,9.210000,0.2872744389,0.03950311802,4.470348358e-06,-3.159046173e-06,-3.159046173e-06,1.496076584e-05,0,5.69003e-11,3.5925e-06,0.044963005,-0.03187251091,0.2850846878,0.04263199764
922,9.220000,0.2890208066,0.0400028713,4.470348358e-06,-3.159046173e-06,-3.159046173e-06,1.496076584e-05,0,5.69003e-11,3.5925e-06,0.044963005,-0.03187251091,0.2866694986,0.0430345848
923,9.230000,0.2915793993,0.04041945003,4.470348358e-06,-3.159046173e-06,-3.159046173e-06,1.496076584e-05,0,5.69003e-11,3.5925e-06,0.044963005,-0.03187251091,0.2891434017,0.04307728057
924,9.240000,0.2954123914,0.04049328249,4.470348358e-06,-3.159046173e-06,-3.159046173e-06,1.496076584e-05,0,5.69003e-11,3.5925e-06,0.044963005,-0.03187251091,0.2924829972,0.04337811271
925,9.250000,0.3000504486,0.04050792847,4.470348358e-06,-3.159046173e-06,-3.159046173e-06,1.496076584e-05,0,5.69003e-11,3.5925e-06,0.044963005,-0.03187251091,0.2966548179,0.04295158059
926,9.260000,0.3056370579,0.04025569279,4.470348358e-06,-3.159046173e-06,-3.159046173e-06,1.496076584e-05,0,5.69003e-11,3.5925e-06,0.044963005,-0.03187251091,0.3016156199,0.04284748259
927,9.270000,0.3116796911,0.04026788566,4.470348358e-06,-3.159046173e-06,-3.159046173e-06,1.496076584e-05,0,5.69003e-11,3.5925e-06,0.044963005,-0.03187251091,0.3073127877,0.04259747269
928,9.280000,0.3181692921,0.0404324634,4.470348358e-06,-3.159046173e-06,-3.159046173e-06,1.496076584e-05,0,5.69003e-11,3.5925e-06,0.044963005,-0.03187251091,0.3136848471,0.04263836808
929,9.290000,0.3240598068,0.04103733227,4.470348358e-06,-3.159046173e-06,-3.159046173e-06,1.496076584e-05,0,5.69003e-11,3.5925e-06,0.044963005,-0.03187251091,0.3206620814,0.0424528282
930,9.300000,0.331660267,0.04135425482,4.470348358e-06,-3.159046173e-06,-3.159046173e-06,1.496076584e-05,0,5.69003e-11,3.5925e-06,0.044963005,-0.03187251091,0.3281672444,0.04261290703
931,9.310000,0.3403558023,0.04133836459,4.470348358e-06,-3.159046173e-06,-3.159046173e-06,1.496076584e-05,0,5.69003e-11,3.5925e-06,0.044963005,-0.03187251091,0.3361163616,0.04254867105
932,9.320000,0.348297067,0.04163641855,4.470348358e-06,-3.159046173e-06,-3.159046173e-06,1.496076584e-05,0,5.69003e-11,3.5925e-06,0.044963005,-0.03187251091,0.3444196114,0.04234794157
933,9.330000,0.3561663404,0.04240490217,4.470348358e-06,-3.159046173e-06,-3.159046173e-06,1.496076584e-05,0,5.69003e-11,3.5925e-06,0.044963005,-0.03187251091,0.3529822758,0.04259912981
934,9.340000,0.3644611463,0.04262340162,4.470348358e-06,-3.159046173e-06,-3.159046173e-06,1.496076584e-05,0,5.69003e-11,3.5925e-06,0.044963005,-0.03187251091,0.3617057513,0.04272178104
935,9.350000,0.3729435392,0.04291903228,4.470348358e-06,-3.159046173e-06,-3.159046173e-06,1.496076584e-05,0,5.69003e-11,3.5925e-06,0.044963005,-0.03187251091,0.3704886071,0.04262151949
936,9.360000,0.3833372369,0.04196075816,4.470348358e-06,-3.159046173e-06,-3.159046173e-06,1.496076584e-05,0,5.69003e-11,3.5925e-06,0.044963005,-0.03187251091,0.3792276799,0.04239926274
937,9.370000,0.3917039596,0.04197688773,4.470348358e-06,-3.159046173e-06,-3.159046173e-06,1.496076584e-05,0,5.69003e-11,3.5925e-06,0.044963005,-0.03187251091,0.3878191924,0.04208700358
938,9.380000,0.4007156231,0.04171752371,4.470348358e-06,-3.159046173e-06,-3.159046173e-06,1.496076584e-05,0,5.69003e-11,3.5925e-06,0.044963005,-0.03187251091,0.3961598836,0.04249157383
939,9.390000,0.4081353806,0.04185324255,4.470348358e-06,-3.159046173e-06,-3.159046173e-06,1.496076584e-05,0,5.69003e-11,3.5925e-06,0.044963005,-0.03187251091,0.404148138,0.04260666586
940,9.400000,0.4151857868,0.04230803903,4.470348358e-06,-3.159046173e-06,-3.159046173e-06,1.496076584e-05,0,5.69003e-11,3.5925e-06,0.044963005,-0.03187251091,0.4116850998,0.04256364907
941,9.410000,0.4208940454,0.04293201119,4.470348358e-06,-3.159046173e-06,-3.159046173e-06,1.496076584e-05,0,5.69003e-11,3.5925e-06,0.044963005,-0.03187251091,0.418675762,0.04294723858
942,9.420000,0.4267092608,0.04281614255,4.470348358e-06,-3.159046173e-06,-3.159046173e-06,1.496076584e-05,0,5.69003e-11,3.5925e-06,0.044963005,-0.03187251091,0.4250300158,0.04327185297
943,9.430000,0.4323745631,0.0428117346,4.470348358e-06,-3.159046173e-06,-3.159046173e-06,1.496076584e-05,0,5.69003e-11,3.5925e-06,0.044963005,-0.03187251091,0.4306636498,0.04312669399
944,9.440000,0.4358564653,0.0434267614,4.470348358e-06,-3.159046173e-06,-3.159046173e-06,1.496076584e-05,0,5.69003e-11,3.5925e-06,0.044963005,-0.03187251091,0.435499287,0.04296228573
945,9.450000,0.4396361485,0.04369908012,4.470348358e-06,-3.159046173e-06,-3.159046173e-06,1.496076584e-05,0,5.69003e-11,3.5925e-06,0.044963005,-0.03187251091,0.4394672502,0.04318509239
946,9.460000,0.4423166439,0.04380300734,4.470348358e-06,-3.159046173e-06,-3.159046173e-06,1.496076584e-05,0,5.69003e-11,3.5925e-06,0.044963005,-0.03187251091,0.4425063439,0.04296169606
947,9.470000,0.4433893859,0.04405880347,4.470348358e-06,-3.159046173e-06,-3.159046173e-06,1.496076584e-05,0,5.69003e-11,3.5925e-06,0.044963005,-0.03187251091,0.4445645461,0.04309837697
948,9.480000,0.4441580623,0.04384638555,4.470348358e-06,-3.159046173e-06,-3.159046173e-06,1.496076584e-05,0,5.69003e-11,3.5925e-06,0.044963005,-0.03187251091,0.4455996012,0.04248480255
949,9.490000,0.4436574727,0.04400356393,4.470348358e-06,-3.159046173e-06,-3.159046173e-06,1.496076584e-05,0,5.69003e-11,3.5925e-06,0.044963005,-0.03187251091,0.4455795068,0.04237013098
950,9.500000,0.4414106421,0.04449536838,4.470348358e-06,-3.159046173e-06,-3.159046173e-06,1.496076584e-05,0,5.69003e-11,3.5925e-06,0.044963005,-0.03187251091,0.4444828892,0.04206880408
951,9.510000,0.4382172972,0.04469397105,4.470348358e-06,-3.159046173e-06,-3.159046173e-06,1.496076584e-05,0,5.69003e-11,3.5925e-06,0.044963005,-0.03187251091,0.4422992646,0.04210258548
952,9.520000,0.4354186058,0.04422582127,4.470348358e-06,-3.159046173e-06,-3.159046173e-06,1.496076584e-05,0,5.69003e-11,3.5925e-06,0.044963005,-0.03187251091,0.4390291804,0.04164426879
953,9.530000,0.430962652,0.04373503756,4.470348358e-06,-3.159046173e-06,-3.159046173e-06,1.496076584e-05,0,5.69003e-11,3.5925e-06,0.044963005,-0.03187251091,0.4346842377,0.04205943841
954,9.540000,0.4254184216,0.04332889151,4.470348358e-06,-3.159046173e-06,-3.159046173e-06,1.496076584e-05,0,5.69003e-11,3.5925e-06,0.044963005,-0.03187251091,0.4292869924,0.04225131396
955,9.550000,0.4183428027,0.04349269904,4.470348358e-06,-3.159046173e-06,-3.159046173e-06,1.496076584e-05,0,5.69003e-11,3.5925e-06,0.044963005,-0.03187251091,0.4228707376,0.04214416721
956,9.560000,0.4102416188,0.04394370317,4.470348358e-06,-3.159046173e-06,-3.159046173e-06,1.496076584e-05,0,5.69003e-11,3.5925e-06,0.044963005,-0.03187251091,0.415479169,0.04240945702
957,9.570000,0.4017353468,0.04388461914,4.470348358e-06,-3.159046173e-06,-3.159046173e-06,1.496076584e-05,0,5.69003e-11,3.5925e-06,0.044963005,-0.03187251091,0.4071659372,0.04239998342
958,9.580000,0.3920070566,0.04360653274,4.470348358e-06,-3.159046173e-06,-3.159046173e-06,1.496076584e-05,0,5.69003e-11,3.5925e-06,0.044963005,-0.03187251091,0.397994091,0.04244599557
959,9.590000,0.3816584907,0.04356198572,4.470348358e-06,-3.159046173e-06,-3.159046173e-06,1.496076584e-05,0,5.69003e-11,3.5925e-06,0.044963005,-0.03187251091,0.3880354198,0.04231208738
960,9.600000,0.3718290888,0.0428934712,4.470348358e-06,-3.159046173e-06,-3.159046173e-06,1.496076584e-05,0,5.69003e-11,3.5925e-06,0.044963005,-0.03187251091,0.3773697006,0.04237304727
961,9.610000,0.3596271165,0.04318697937,4.470348358e-06,-3.159046173e-06,-3.159046173e-06,1.496076584e-05,0,5.69003e-11,3.5925e-06,0.044963005,-0.03187251091,0.3660838591,0.04205023578
962,9.620000,0.348379951,0.04243564326,4.470348358e-06,-3.159046173e-06,-3.159046173e-06,1.496076584e-05,0,5.69003e-11,3.5925e-06,0.044963005,-0.03187251091,0.3542710538,0.04186041878
963,9.630000,0.3353204392,0.04296269733,4.470348358e-06,-3.159046173e-06,-3.159046173e-06,1.496076584e-05,0,5.69003e-11,3.5925e-06,0.044963005,-0.03187251091,0.3420296933,0.04194289867
964,9.640000,0.3241094314,0.04222958349,4.470348358e-06,-3.159046173e-06,-3.159046173e-06,1.496076584e-05,0,5.69003e-11,3.5925e-06,0.044963005,-0.03187251091,0.3294623983,0.04236045852
965,9.650000,0.3113327846,0.0421829503,4.470348358e-06,-3.159046173e-06,-3.159046173e-06,1.496076584e-05,0,5.69003e-11,3.5925e-06,0.044963005,-0.03187251091,0.3166749197,0.04230866978
966,9.660000,0.2992381752,0.04153943807,4.470348358e-06,-3.159046173e-06,-3.159046173e-06,1.496076584e-05,0,5.69003e-11,3.5925e-06,0.044963005,-0.03187251091,0.3037750242,0.04209934566
967,9.670000,0.285764724,0.04190863203,4.470348358e-06,-3.159046173e-06,-3.159046173e-06,1.496076584e-05,0,5.69003e-11,3.5925e-06,0.044963005,-0.03187251091,0.2908713613,0.04202748769
968,9.680000,0.2729157917,0.04213374108,4.470348358e-06,-3.159046173e-06,-3.159046173e-06,1.496076584e-05,0,5.69003e-11,3.5925e-06,0.044963005,-0.03187251091,0.2780723225,0.04174887715
969,9.690000,0.2605244145,0.04210654646,4.470348358e-06,-3.159046173e-06,-3.159046173e-06,1.496076584e-05,0,5.69003e-11,3.5925e-06,0.044963005,-0.03187251091,0.2654849075,0.04189239053
970,9.700000,0.2483974025,0.04216585308,4.470348358e-06,-3.159046173e-06,-3.159046173e-06,1.496076584e-05,0,5.69003e-11,3.5925e-06,0.044963005,-0.03187251091,0.2532136081,0.04230168025
971,9.710000,0.2363890372,0.0423825141,4.470348358e-06,-3.159046173e-06,-3.159046173e-06,1.496076584e-05,0,5.69003e-11,3.5925e-06,0.044963005,-0.03187251091,0.2413593238,0.04277231688
972,9.720000,0.2260590903,0.04208897054,4.470348358e-06,-3.159046173e-06,-3.159046173e-06,1.496076584e-05,0,5.69003e-11,3.5925e-06,0.044963005,-0.03187251091,0.2300183204,0.04300859183
973,9.730000,0.2153050415,0.04233125784,4.470348358e-06,-3.159046173e-06,-3.159046173e-06,1.496076584e-05,0,5.69003e-11,3.5925e-06,0.044963005,-0.03187251091,0.2192812426,0.04281541046
974,9.740000,0.2055769451,0.04240095895,4.470348358e-06,-3.159046173e-06,-3.159046173e-06,1.496076584e-05,0,5.69003e-11,3.5925e-06,0.044963005,-0.03187251091,0.209232193,0.04313661672
975,9.750000,0.1974979416,0.04206060432,4.470348358e-06,-3.159046173e-06,-3.159046173e-06,1.496076584e-05,0,5.69003e-11,3.5925e-06,0.044963005,-0.03187251091,0.1999478871,0.04311087724
976,9.760000,0.1890618987,0.04239684902,4.470348358e-06,-3.159046173e-06,-3.159046173e-06,1.496076584e-05,0,5.69003e-11,3.5925e-06,0.044963005,-0.03187251091,0.1914968922,0.04292661462
977,9.770000,0.1815967187,0.04244290851,4.470348358e-06,-3.159046173e-06,-3.159046173e-06,1.496076584e-05,0,5.69003e-11,3.5925e-06,0.044963005,-0.03187251091,0.1839389609,0.04312047769
978,9.780000,0.17595312,0.04241520911,4.470348358e-06,-3.159046173e-06,-3.159046173e-06,1.496076584e-05,0,5.69003e-11,3.5925e-06,0.044963005,-0.03187251091,0.1773244654,0.04289496131
979,9.790000,0.1704999916,0.0425324738,4.470348358e-06,-3.159046173e-06,-3.159046173e-06,1.496076584e-05,0,5.69003e-11,3.5925e-06,0.044963005,-0.03187251091,0.1716939375,0.04306009064
980,9.800000,0.1668194085,0.04243483115,4.470348358e-06,-3.159046173e-06,-3.159046173e-06,1.496076584e-05,0,5.69003e-11,3.5925e-06,0.044963005,-0.03187251091,0.1670777218,0.04286328011
981,9.810000,0.1632553153,0.04286886007,4.470348358e-06,-3.159046173e-06,-3.159046173e-06,1.496076584e-05,0,5.69003e-11,3.5925e-06,0.044963005,-0.03187251091,0.1634957432,0.04259408104
982,9.820000,0.1614860147,0.04279846139,4.470348358e-06,-3.159046173e-06,-3.159046173e-06,1.496076584e-05,0,5.69003e-11,3.5925e-06,0.044963005,-0.03187251091,0.1609573928,0.04253486276
983,9.830000,0.1605051942,0.04268067144,4.470348358e-06,-3.159046173e-06,-3.159046173e-06,1.496076584e-05,0,5.69003e-11,3.5925e-06,0.044963005,-0.03187251091,0.1594615324,0.04231252126
984,9.840000,0.1600850411,0.04303872865,4.470348358e-06,-3.159046173e-06,-3.159046173e-06,1.496076584e-05,0,5.69003e-11,3.5925e-06,0.044963005,-0.03187251091,0.1589966169,0.04242182606
985,9.850000,0.1605328508,0.04334036447,4.470348358e-06,-3.159046173e-06,-3.159046173e-06,1.496076584e-05,0,5.69003e-11,3.5925e-06,0.044963005,-0.03187251091,0.1595409338,0.04246351183
986,9.860000,0.1614682823,0.0437061768,4.470348358e-06,-3.159046173e-06,-3.159046173e-06,1.496076584e-05,0,5.69003e-11,3.5925e-06,0.044963005,-0.03187251091,0.161062956,0.04222837399
987,9.870000,0.1643403061,0.04421506822,4.470348358e-06,-3.159046173e-06,-3.159046173e-06,1.496076584e-05,0,5.69003e-11,3.5925e-06,0.044963005,-0.03187251091,0.1635218038,0.04239593505
988,9.880000,0.1676499434,0.04483233858,4.470348358e-06,-3.159046173e-06,-3.159046173e-06,1.496076584e-05,0,5.69003e-11,3.5925e-06,0.044963005,-0.03187251091,0.1668678109,0.04256936236
989,9.890000,0.1716477089,0.04533885885,4.470348358e-06,-3.159046173e-06,-3.159046173e-06,1.496076584e-05,0,5.69003e-11,3.5925e-06,0.044963005,-0.03187251091,0.1710431866,0.04335658856
990,9.900000,0.1769263856,0.04553839844,4.470348358e-06,-3.159046173e-06,-3.159046173e-06,1.496076584e-05,0,5.69003e-11,3.5925e-06,0.044963005,-0.03187251091,0.1759827678,0.0440476655
991,9.910000,0.183080174,0.04532310925,4.470348358e-06,-3.159046173e-06,-3.159046173e-06,1.496076584e-05,0,5.69003e-11,3.5925e-06,0.044963005,-0.03187251091,0.1816148505,0.04413622688
992,9.920000,0.18982362,0.04496567231,4.470348358e-06,-3.159046173e-06,-3.159046173e-06,1.496076584e-05,0,5.69003e-11,3.5925e-06,0.044963005,-0.03187251091,0.1878620927,0.04444094977
993,9.930000,0.1968676262,0.04471783713,4.470348358e-06,-3.159046173e-06,-3.159046173e-06,1.496076584e-05,0,5.69003e-11,3.5925e-06,0.044963005,-0.03187251091,0.1946424757,0.04452946576
994,9.940000,0.2038886026,0.04508876614,4.470348358e-06,-3.159046173e-06,-3.159046173e-06,1.496076584e-05,0,5.69003e-11,3.5925e-06,0.044963005,-0.03187251091,0.2018703157,0.04440488895
995,9.950000,0.2111637034,0.04538784362,4.470348358e-06,-3.159046173e-06,-3.159046173e-06,1.496076584e-05,0,5.69003e-11,3.5925e-06,0.044963005,-0.03187251091,0.2094573111,0.04448167034
996,9.960000,0.2197340652,0.04517433979,4.470348358e-06,-3.159046173e-06,-3.159046173e-06,1.496076584e-05,0,5.69003e-11,3.5925e-06,0.044963005,-0.03187251091,0.2173136148,0.04454523173
997,9.970000,0.2274654061,0.04520131834,4.470348358e-06,-3.159046173e-06,-3.159046173e-06,1.496076584e-05,0,5.69003e-11,3.5925e-06,0.044963005,-0.03187251091,0.2253489195,0.04428222052
998,9.980000,0.2357821465,0.0449638674,4.470348358e-06,-3.159046173e-06,-3.159046173e-06,1.496076584e-05,0,5.69003e-11,3.5925e-06,0.044963005,-0.03187251091,0.2334735414,0.04442637495
999,9.990000,0.2439722009,0.04488597065,4.470348358e-06,-3.159046173e-06,-3.159046173e-06,1.496076584e-05,0,5.69003e-11,3.5925e-06,0.044963005,-0.03187251091,0.2415994921,0.04439815234
1000,10.000000,0.2522474304,0.04465747811,4.470348358e-06,-3.159046173e-06,-3.159046173e-06,1.496076584e-05,0,5.69003e-11,3.5925e-06,0.044963005,-0.03187251091,0.2496415247,0.04470366209
1001,10.010000,0.259780176,0.04482008889,4.470348358e-06,-3.159046173e-06,-3.159046173e-06,1.496076584e-05,0,5.69003e-11,3.5925e-06,0.044963005,-0.03187251091,0.257518143,0.04497211174
1002,10.020000,0.2670746073,0.04468601942,4.470348358e-06,-3.159046173e-06,-3.159046173e-06,1.496076584e-05,0,5.69003e-11,3.5925e-06,0.044963005,-0.03187251091,0.2651525611,0.04447483042
1003,10.030000,0.2739953101,0.04449827876,4.470348358e-06,-3.159046173e-06,-3.159046173e-06,1.496076584e-05,0,5.69003e-11,3.5925e-06,0.044963005,-0.03187251091,0.2724736035,0.0446162647
1004,10.040000,0.2820925936,0.04366826732,4.470348358e-06,-3.159046173e-06,-3.159046173e-06,1.496076584e-05,0,5.69003e-11,3.5925e-06,0.044963005,-0.03187251091,0.2794165345,0.04490713541
1005,10.050000,0.2890191302,0.04323433526,4.470348358e-06,-3.159046173e-06,-3.159046173e-06,1.496076584e-05,0,5.69003e-11,3.5925e-06,0.044963005,-0.03187251091,0.2859238076,0.0444137981
1006,10.060000,0.2948269695,0.04334782902,4.470348358e-06,-3.159046173e-06,-3.159046173e-06,1.496076584e-05,0,5.69003e-11,3.5925e-06,0.044963005,-0.03187251091,0.2919457263,0.04502764496
1007,10.070000,0.2993331663,0.04383539408,4.470348358e-06,-3.159046173e-06,-3.159046173e-06,1.496076584e-05,0,5.69003e-11,3.5925e-06,0.044963005,-0.03187251091,0.2974410086,0.04489801488
1008,10.080000,0.3040904254,0.04364722595,4.470348358e-06,-3.159046173e-06,-3.159046173e-06,1.496076584e-05,0,5.69003e-11,3.5925e-06,0.044963005,-0.03187251091,0.3023772493,0.04467164797
1009,10.090000,0.3087821268,0.04312969651,4.470348358e-06,-3.159046173e-06,-3.159046173e-06,1.496076584e-05,0,5.69003e-11,3.5925e-06,0.044963005,-0.03187251091,0.3067312731,0.04433665177
1010,10.100000,0.3129509874,0.04284357559,4.470348358e-06,-3.159046173e-06,-3.159046173e-06,1.496076584e-05,0,5.69003e-11,3.5925e-06,0.044963005,-0.03187251091,0.3104893772,0.04478656798
1011,10.110000,0.3142650351,0.04349913076,4.470348358e-06,-3.159046173e-06,-3.159046173e-06,1.496076584e-05,0,5.69003e-11,3.5925e-06,0.044963005,-0.03187251091,0.3136474579,0.04465768715
1012,10.120000,0.316305656,0.04357494507,4.470348358e-06,-3.159046173e-06,-3.159046173e-06,1.496076584e-05,0,5.69003e-11,3.5925e-06,0.044963005,-0.03187251091,0.3162110214,0.04498264456
1013,10.130000,0.3177600317,0.043783064,4.470348358e-06,-3.159046173e-06,-3.159046173e-06,1.496076584e-05,0,5.69003e-11,3.5925e-06,0.044963005,-0.03187251091,0.3181950784,0.04501329634
1014,10.140000,0.3183396496,0.04406772647,4.470348358e-06,-3.159046173e-06,-3.159046173e-06,1.496076584e-05,0,5.69003e-11,3.5925e-06,0.044963005,-0.03187251091,0.3196239231,0.04518666834
1015,10.150000,0.3187192045,0.04403866455,4.470348358e-06,-3.159046173e-06,-3.159046173e-06,1.496076584e-05,0,5.69003e-11,3.5925e-06,0.044963005,-0.03187251091,0.3205308009,0.04453222135
1016,10.160000,0.3189829402,0.04381837603,4.470348358e-06,-3.159046173e-06,-3.159046173e-06,1.496076584e-05,0,5.69003e-11,3.5925e-06,0.044963005,-0.03187251091,0.3209574658,0.04480417444
1017,10.170000,0.3182933927,0.04381557275,4.470348358e-06,-3.159046173e-06,-3.159046173e-06,1.496076584e-05,0,5.69003e-11,3.5925e-06,0.044963005,-0.03187251091,0.320953636,0.04534069402
1018,10.180000,0.3172063455,0.04407228436,4.470348358e-06,-3.159046173e-06,-3.159046173e-06,1.496076584e-05,0,5.69003e-11,3.5925e-06,0.044963005,-0.03187251091,0.3205763514,0.04538255954
1019,10.190000,0.3169781864,0.04410917219,4.470348358e-06,-3.159046173e-06,-3.159046173e-06,1.496076584e-05,0,5.69003e-11,3.5925e-06,0.044963005,-0.03187251091,0.3198892416,0.04579056363
1020,10.200000,0.3168669641,0.0437069023,4.470348358e-06,-3.159046173e-06,-3.159046173e-06,1.496076584e-05,0,5.69003e-11,3.5925e-06,0.044963005,-0.03187251091,0.3189617134,0.0457086303
1021,10.210000,0.3157427721,0.04380101711,4.470348358e-06,-3.159046173e-06,-3.159046173e-06,1.496076584e-05,0,5.69003e-11,3.5925e-06,0.044963005,-0.03187251091,0.3178680654,0.0451170269
1022,10.220000,0.3141404688,0.04390987474,4.470348358e-06,-3.159046173e-06,-3.159046173e-06,1.496076584e-05,0,5.69003e-11,3.5925e-06,0.044963005,-0.03187251091,0.3166865424,0.04518368854
1023,10.230000,0.3132997788,0.04369487986,4.470348358e-06,-3.159046173e-06,-3.159046173e-06,1.496076584e-05,0,5.69003e-11,3.5925e-06,0.044963005,-0.03187251091,0.3154983387,0.04498017584
1024,10.240000,0.3121551275,0.04293782823,4.470348358e-06,-3.159046173e-06,-3.159046173e-06,1.496076584e-05,0,5.69003e-11,3.5925e-06,0.044963005,-0.03187251091,0.3143865624,0.04490113177
1025,10.250000,0.3121084273,0.04271464795,4.470348358e-06,-3.159046173e-06,-3.159046173e-06,1.496076584e-05,0,5.69003e-11,3.5925e-06,0.044963005,-0.03187251091,0.3134351734,0.04513127249
1026,10.260000,0.3115559965,0.04262842238,4.470348358e-06,-3.159046173e-06,-3.159046173e-06,1.496076584e-05,0,5.69003e-11,3.5925e-06,0.044963005,-0.03187251091,0.3127279065,0.04520414362
1027,10.270000,0.3104878031,0.0429574335,4.470348358e-06,-3.159046173e-06,-3.159046173e-06,1.496076584e-05,0,5.69003e-11,3.5925e-06,0.044963005,-0.03187251091,0.3123471929,0.04526413271
1028,10.280000,0.310134124,0.04315592069,4.470348358e-06,-3.159046173e-06,-3.159046173e-06,1.496076584e-05,0,5.69003e-11,3.5925e-06,0.044963005,-0.03187251091,0.3123730915,0.04578259999
1029,10.290000,0.3106474392,0.04322672822,4.470348358e-06,-3.159046173e-06,-3.159046173e-06,1.496076584e-05,0,5.69003e-11,3.5925e-06,0.044963005,-0.03187251091,0.3128822447,0.04566077219
1030,10.300000,0.3116099387,0.04356556945,4.470348358e-06,-3.159046173e-06,-3.159046173e-06,1.496076584e-05,0,5.69003e-11,3.5925e-06,0.044963005,-0.03187251091,0.3139468681,0.04541837361
1031,10.310000,0.3130431995,0.04417486768,4.470348358e-06,-3.159046173e-06,-3.159046173e-06,1.496076584e-05,0,5.69003e-11,3.5925e-06,0.044963005,-0.03187251091,0.3156337879,0.04507731737
1032,10.320000,0.3156381175,0.04406852555,4.470348358e-06,-3.159046173e-06,-3.159046173e-06,1.496076584e-05,0,5.69003e-11,3.5925e-06,0.044963005,-0.03187251091,0.3180035367,0.04544840043
1033,10.330000,0.3196382932,0.04412006959,4.470348358e-06,-3.159046173e-06,-3.159046173e-06,1.496076584e-05,0,5.69003e-11,3.5925e-06,0.044963005,-0.03187251091,0.3211095182,0.04506406298
1034,10.340000,0.3236514628,0.04408903327,4.470348358e-06,-3.159046173e-06,-3.159046173e-06,1.496076584e-05,0,5.69003e-11,3.5925e-06,0.044963005,-0.03187251091,0.3249972507,0.04469635315
1035,10.350000,0.3297465853,0.0440590214,4.470348358e-06,-3.159046173e-06,-3.159046173e-06,1.496076584e-05,0,5.69003e-11,3.5925e-06,0.044963005,-0.03187251091,0.3297036984,0.04512765694
1036,10.360000,0.3358022086,0.04421008378,4.470348358e-06,-3.159046173e-06,-3.159046173e-06,1.496076584e-05,0,5.69003e-11,3.5925e-06,0.044963005,-0.03187251091,0.3352566984,0.04493081131
1037,10.370000,0.3423724249,0.0445958795,4.470348358e-06,-3.159046173e-06,-3.159046173e-06,1.496076584e-05,0,5.69003e-11,3.5925e-06,0.044963005,-0.03187251091,0.3416744906,0.04435718759
1038,10.380000,0.3500145115,0.04493082687,4.470348358e-06,-3.159046173e-06,-3.159046173e-06,1.496076584e-05,0,5.69003e-11,3.5925e-06,0.044963005,-0.03187251091,0.3489653556,0.04452128192
1039,10.390000,0.3591791205,0.04471484944,4.470348358e-06,-3.159046173e-06,-3.159046173e-06,1.496076584e-05,0,5.69003e-11,3.5925e-06,0.044963005,-0.03187251091,0.3571273656,0.04440662096
1040,10.400000,0.3683172017,0.04468091764,4.470348358e-06,-3.159046173e-06,-3.159046173e-06,1.496076584e-05,0,5.69003e-11,3.5925e-06,0.044963005,-0.03187251091,0.3661482513,0.04455540456
1041,10.410000,0.3787123747,0.04462371673,4.470348358e-06,-3.159046173e-06,-3.159046173e-06,1.496076584e-05,0,5.69003e-11,3.5925e-06,0.044963005,-0.03187251091,0.3760053863,0.04481318232
1042,10.420000,0.3895221353,0.04462928604,4.470348358e-06,-3.159046173e-06,-3.159046173e-06,1.496076584e-05,0,5.69003e-11,3.5925e-06,0.044963005,-0.03187251091,0.3866658908,0.04467974614
1043,10.430000,0.4012984782,0.04476536531,4.470348358e-06,-3.159046173e-06,-3.159046173e-06,1.496076584e-05,0,5.69003e-11,3.5925e-06,0.044963005,-0.03187251091,0.3980868516,0.04475313208
1044,10.440000,0.413732335,0.04456020333,4.470348358e-06,-3.159046173e-06,-3.159046173e-06,1.496076584e-05,0,5.69003e-11,3.5925e-06,0.044963005,-0.03187251091,0.4102156588,0.04459830493
1045,10.450000,0.4263973422,0.04485524725,4.470348358e-06,-3.159046173e-06,-3.159046173e-06,1.496076584e-05,0,5.69003e-11,3.5925e-06,0.044963005,-0.03187251091,0.4229904534,0.04488891102
1046,10.460000,0.4396910556,0.04507812671,4.470348358e-06,-3.159046173e-06,-3.159046173e-06,1.496076584e-05,0,5.69003e-11,3.5925e-06,0.044963005,-0.03187251091,0.4363406827,0.04465066052
1047,10.470000,0.4539560452,0.04476899374,4.470348358e-06,-3.159046173e-06,-3.159046173e-06,1.496076584e-05,0,5.69003e-11,3.5925e-06,0.044963005,-0.03187251091,0.4501877567,0.04449478374
1048,10.480000,0.4677564949,0.04531405494,4.470348358e-06,-3.159046173e-06,-3.159046173e-06,1.496076584e-05,0,5.69003e-11,3.5925e-06,0.044963005,-0.03187251091,0.4644457982,0.04366190269
1049,10.490000,0.4813140258,0.04582263622,4.470348358e-06,-3.159046173e-06,-3.159046173e-06,1.496076584e-05,0,5.69003e-11,3.5925e-06,0.044963005,-0.03187251091,0.4790224795,0.04370483663
1050,10.500000,0.4959579818,0.04587829672,4.470348358e-06,-3.159046173e-06,-3.159046173e-06,1.496076584e-05,0,5.69003e-11,3.5925e-06,0.044963005,-0.03187251091,0.4938199345,0.04348271939
1051,10.510000,0.510264542,0.04611753952,4.470348358e-06,-3.159046173e-06,-3.159046173e-06,1.496076584e-05,0,5.69003e-11,3.5925e-06,0.044963005,-0.03187251091,0.5087357386,0.0428763816
1052,10.520000,0.5258061923,0.045804956,4.470348358e-06,-3.159046173e-06,-3.159046173e-06,1.496076584e-05,0,5.69003e-11,3.5925e-06,0.044963005,-0.03187251091,0.5236639435,0.04319314878
1053,10.530000,0.5403384827,0.04572917148,4.470348358e-06,-3.159046173e-06,-3.159046173e-06,1.496076584e-05,0,5.69003e-11,3.5925e-06,0.044963005,-0.03187251091,0.5384961561,0.04303548457
1054,10.540000,0.5545833334,0.04584465362,4.470348358e-06,-3.159046173e-06,-3.159046173e-06,1.496076584e-05,0,5.69003e-11,3.5925e-06,0.044963005,-0.03187251091,0.5531226498,0.04295763373
1055,10.550000,0.5683101751,0.04617771599,4.470348358e-06,-3.159046173e-06,-3.159046173e-06,1.496076584e-05,0,5.69003e-11,3.5925e-06,0.044963005,-0.03187251091,0.5674334958,0.04295332837
1056,10.560000,0.5823621564,0.04625305161,4.470348358e-06,-3.159046173e-06,-3.159046173e-06,1.496076584e-05,0,5.69003e-11,3.5925e-06,0.044963005,-0.03187251091,0.5813197005,0.04269984193
1057,10.570000,0.5953846723,0.04626095947,4.470348358e-06,-3.159046173e-06,-3.159046173e-06,1.496076584e-05,0,5.69003e-11,3.5925e-06,0.044963005,-0.03187251091,0.5946743389,0.04284029666
1058,10.580000,0.6081254296,0.04602917749,4.470348358e-06,-3.159046173e-06,-3.159046173e-06,1.496076584e-05,0,5.69003e-11,3.5925e-06,0.044963005,-0.03187251091,0.607393668,0.04291507179
1059,10.590000,0.6202398092,0.04560517333,4.470348358e-06,-3.159046173e-06,-3.159046173e-06,1.496076584e-05,0,5.69003e-11,3.5925e-06,0.044963005,-0.03187251091,0.6193782105,0.04266895074
1060,10.600000,0.631214723,0.04521842953,4.470348358e-06,-3.159046173e-06,-3.159046173e-06,1.496076584e-05,0,5.69003e-11,3.5925e-06,0.044963005,-0.03187251091,0.6305337958,0.04301252179
1061,10.610000,0.6410990171,0.0452138409,4.470348358e-06,-3.159046173e-06,-3.159046173e-06,1.496076584e-05,0,5.69003e-11,3.5925e-06,0.044963005,-0.03187251091,0.6407725454,0.04353481015
1062,10.620000,0.6487440616,0.04548605159,4.470348358e-06,-3.159046173e-06,-3.159046173e-06,1.496076584e-05,0,5.69003e-11,3.5925e-06,0.044963005,-0.03187251091,0.6500137938,0.04350709036
1063,10.630000,0.6567126848,0.04536646605,4.470348358e-06,-3.159046173e-06,-3.159046173e-06,1.496076584e-05,0,5.69003e-11,3.5925e-06,0.044963005,-0.03187251091,0.6581849325,0.04336622182
1064,10.640000,0.6625212878,0.0461508166,4.470348358e-06,-3.159046173e-06,-3.159046173e-06,1.496076584e-05,0,5.69003e-11,3.5925e-06,0.044963005,-0.03187251091,0.6652221695,0.04291994682
1065,10.650000,0.668653246,0.04560920503,4.470348358e-06,-3.159046173e-06,-3.159046173e-06,1.496076584e-05,0,5.69003e-11,3.5925e-06,0.044963005,-0.03187251091,0.6710711943,0.0430428468
1066,10.660000,0.6722143963,0.04601222556,4.470348358e-06,-3.159046173e-06,-3.159046173e-06,1.496076584e-05,0,5.69003e-11,3.5925e-06,0.044963005,-0.03187251091,0.6756877413,0.04321876865
1067,10.670000,0.6749792174,0.04590230435,4.470348358e-06,-3.159046173e-06,-3.159046173e-06,1.496076584e-05,0,5.69003e-11,3.5925e-06,0.044963005,-0.03187251091,0.6790380464,0.0439109321
1068,10.680000,0.6762962788,0.04604942817,4.470348358e-06,-3.159046173e-06,-3.159046173e-06,1.496076584e-05,0,5.69003e-11,3.5925e-06,0.044963005,-0.03187251091,0.6810991897,0.04360850651
1069,10.690000,0.676034905,0.04619411286,4.470348358e-06,-3.159046173e-06,-3.159046173e-06,1.496076584e-05,0,5.69003e-11,3.5925e-06,0.044963005,-0.03187251091,0.6818593221,0.04385701315
1070,10.700000,0.6754524149,0.04589562956,4.470348358e-06,-3.159046173e-06,-3.159046173e-06,1.496076584e-05,0,5.69003e-11,3.5925e-06,0.044963005,-0.03187251091,0.6813177727,0.04350566537
1071,10.710000,0.6727358662,0.04581213929,4.470348358e-06,-3.159046173e-06,-3.159046173e-06,1.496076584e-05,0,5.69003e-11,3.5925e-06,0.044963005,-0.03187251091,0.6794850352,0.04339313329
1072,10.720000,0.668982368,0.04562511668,4.470348358e-06,-3.159046173e-06,-3.159046173e-06,1.496076584e-05,0,5.69003e-11,3.5925e-06,0.044963005,-0.03187251091,0.6763826353,0.04349455813
1073,10.730000,0.6643609144,0.045569079,4.470348358e-06,-3.159046173e-06,-3.159046173e-06,1.496076584e-05,0,5.69003e-11,3.5925e-06,0.044963005,-0.03187251091,0.6720428777,0.04323532103
1074,10.740000,0.6592767201,0.04489966482,4.470348358e-06,-3.159046173e-06,-3.159046173e-06,1.496076584e-05,0,5.69003e-11,3.5925e-06,0.044963005,-0.03187251091,0.6665084786,0.04372338174
1075,10.750000,0.652183719,0.0450712461,4.470348358e-06,-3.159046173e-06,-3.159046173e-06,1.496076584e-05,0,5.69003e-11,3.5925e-06,0.044963005,-0.03187251091,0.6598320856,0.04358071611
1076,10.760000,0.6442326456,0.04502589162,4.470348358e-06,-3.159046173e-06,-3.159046173e-06,1.496076584e-05,0,5.69003e-11,3.5925e-06,0.044963005,-0.03187251091,0.652075692,0.04366682239
1077,10.770000,0.634488374,0.0452279076,4.470348358e-06,-3.159046173e-06,-3.159046173e-06,1.496076584e-05,0,5.69003e-11,3.5925e-06,0.044963005,-0.03187251091,0.6433099505,0.04345954688
1078,10.780000,0.6249441952,0.04502931423,4.470348358e-06,-3.159046173e-06,-3.159046173e-06,1.496076584e-05,0,5.69003e-11,3.5925e-06,0.044963005,-0.03187251091,0.6336133958,0.04311129316
1079,10.790000,0.6140853874,0.04491886217,4.470348358e-06,-3.159046173e-06,-3.159046173e-06,1.496076584e-05,0,5.69003e-11,3.5925e-06,0.044963005,-0.03187251091,0.6230715833,0.04326463955
1080,10.800000,0.6025618948,0.04478997737,4.470348358e-06,-3.159046173e-06,-3.159046173e-06,1.496076584e-05,0,5.69003e-11,3.5925e-06,0.044963005,-0.03187251091,0.6117761544,0.04290065646
1081,10.810000,0.5921517052,0.04371515475,4.470348358e-06,-3.159046173e-06,-3.159046173e-06,1.496076584e-05,0,5.69003e-11,3.5925e-06,0.044963005,-0.03187251091,0.5998238393,0.04286331252
1082,10.820000,0.5788796358,0.04373783525,4.470348358e-06,-3.159046173e-06,-3.159046173e-06,1.496076584e-05,0,5.69003e-11,3.5925e-06,0.044963005,-0.03187251091,0.5873154069,0.04259126403
1083,10.830000,0.5672547929,0.04262527451,4.470348358e-06,-3.159046173e-06,-3.159046173e-06,1.496076584e-05,0,5.69003e-11,3.5925e-06,0.044963005,-0.03187251091,0.5743545759,0.04241504185
1084,10.840000,0.5541812256,0.04240793362,4.470348358e-06,-3.159046173e-06,-3.159046173e-06,1.496076584e-05,0,5.69003e-11,3.5925e-06,0.044963005,-0.03187251091,0.5610468969,0.04252409604
1085,10.850000,0.5410755463,0.04215553496,4.470348358e-06,-3.159046173e-06,-3.159046173e-06,1.496076584e-05,0,5.69003e-11,3.5925e-06,0.044963005,-0.03187251091,0.5474986201,0.04241127449
1086,10.860000,0.5276585631,0.04217238631,4.470348358e-06,-3.159046173e-06,-3.159046173e-06,1.496076584e-05,0,5.69003e-11,3.5925e-06,0.044963005,-0.03187251091,0.5338155599,0.04238350324
1087,10.870000,0.5146833621,0.0418372862,4.470348358e-06,-3.159046173e-06,-3.159046173e-06,1.496076584e-05,0,5.69003e-11,3.5925e-06,0.044963005,-0.03187251091,0.5201019703,0.04257950331
1088,10.880000,0.5010137893,0.04171277117,4.470348358e-06,-3.159046173e-06,-3.159046173e-06,1.496076584e-05,0,5.69003e-11,3.5925e-06,0.044963005,-0.03187251091,0.5064594418,0.04262059423
1089,10.890000,0.4880657904,0.04151661135,4.470348358e-06,-3.159046173e-06,-3.159046173e-06,1.496076584e-05,0,5.69003e-11,3.5925e-06,0.044963005,-0.03187251091,0.4929858346,0.04293050545
1090,10.900000,0.4747506119,0.04169568978,4.470348358e-06,-3.159046173e-06,-3.159046173e-06,1.496076584e-05,0,5.69003e-11,3.5925e-06,0.044963005,-0.03187251091,0.4797742581,0.04364644068
1091,10.910000,0.4621522911,0.04162051808,4.470348358e-06,-3.159046173e-06,-3.159046173e-06,1.496076584e-05,0,5.69003e-11,3.5925e-06,0.044963005,-0.03187251091,0.4669121085,0.04329754622
1092,10.920000,0.4505263008,0.04124722537,4.470348358e-06,-3.159046173e-06,-3.159046173e-06,1.496076584e-05,0,5.69003e-11,3.5925e-06,0.044963005,-0.03187251091,0.4544801758,0.04326739721
1093,10.930000,0.4392999262,0.04085038044,4.470348358e-06,-3.159046173e-06,-3.159046173e-06,1.496076584e-05,0,5.69003e-11,3.5925e-06,0.044963005,-0.03187251091,0.4425518295,0.04298525711
1094,10.940000,0.4285237715,0.04098412674,4.470348358e-06,-3.159046173e-06,-3.159046173e-06,1.496076584e-05,0,5.69003e-11,3.5925e-06,0.044963005,-0.03187251091,0.431192292,0.04311111661
1095,10.950000,0.4193354994,0.04029551614,4.470348358e-06,-3.159046173e-06,-3.159046173e-06,1.496076584e-05,0,5.69003e-11,3.5925e-06,0.044963005,-0.03187251091,0.420458008,0.04303075652
1096,10.960000,0.4089693502,0.04044883419,4.470348358e-06,-3.159046173e-06,-3.159046173e-06,1.496076584e-05,0,5.69003e-11,3.5925e-06,0.044963005,-0.03187251091,0.4103961161,0.04297530558
1097,10.970000,0.4005730376,0.03974151239,4.470348358e-06,-3.159046173e-06,-3.159046173e-06,1.496076584e-05,0,5.69003e-11,3.5925e-06,0.044963005,-0.03187251091,0.4010440298,0.04283947558
1098,10.980000,0.3924838901,0.03920030408,4.470348358e-06,-3.159046173e-06,-3.159046173e-06,1.496076584e-05,0,5.69003e-11,3.5925e-06,0.044963005,-0.03187251091,0.39242913,0.04292228246
1099,10.990000,0.3846780472,0.03933514003,4.470348358e-06,-3.159046173e-06,-3.159046173e-06,1.496076584e-05,0,5.69003e-11,3.5925e-06,0.044963005,-0.03187251091,0.3845685747,0.04279367733
1100,11.000000,0.3776408657,0.03956404421,4.470348358e-06,-3.159046173e-06,-3.159046173e-06,1.496076584e-05,0,5.69003e-11,3.5925e-06,0.044963005,-0.03187251091,0.3774692258,0.04300710514
1101,11.010000,0.3725199848,0.03863334376,4.470348358e-06,-3.159046173e-06,-3.159046173e-06,1.496076584e-05,0,5.69003e-11,3.5925e-06,0.044963005,-0.03187251091,0.3711276943,0.0426011348
1102,11.020000,0.3681672104,0.03814864159,4.470348358e-06,-3.159046173e-06,-3.159046173e-06,1.496076584e-05,0,5.69003e-11,3.5925e-06,0.044963005,-0.03187251091,0.3655305037,0.04245520404
1103,11.030000,0.3635868244,0.03837673925,4.470348358e-06,-3.159046173e-06,-3.159046173e-06,1.496076584e-05,0,5.69003e-11,3.5925e-06,0.044963005,-0.03187251091,0.3606543675,0.04208637014
1104,11.040000,0.3597986922,0.03813267313,4.470348358e-06,-3.159046173e-06,-3.159046173e-06,1.496076584e-05,0,5.69003e-11,3.5925e-06,0.044963005,-0.03187251091,0.3564665799,0.04221289969
1105,11.050000,0.3565490432,0.03837713506,4.470348358e-06,-3.159046173e-06,-3.159046173e-06,1.496076584e-05,0,5.69003e-11,3.5925e-06,0.044963005,-0.03187251091,0.3529255121,0.04204700569
1106,11.060000,0.3536685072,0.03866407461,4.470348358e-06,-3.159046173e-06,-3.159046173e-06,1.496076584e-05,0,5.69003e-11,3.5925e-06,0.044963005,-0.03187251091,0.3499812109,0.04173140923
1107,11.070000,0.3506834209,0.03926800005,4.470348358e-06,-3.159046173e-06,-3.159046173e-06,1.496076584e-05,0,5.69003e-11,3.5925e-06,0.044963005,-0.03187251091,0.3475760904,0.04122885737
1108,11.080000,0.3484080955,0.04013983347,4.470348358e-06,-3.159046173e-06,-3.159046173e-06,1.496076584e-05,0,5.69003e-11,3.5925e-06,0.044963005,-0.03187251091,0.3456457097,0.04161178838
1109,11.090000,0.3467682749,0.04030511994,4.470348358e-06,-3.159046173e-06,-3.159046173e-06,1.496076584e-05,0,5.69003e-11,3.5925e-06,0.044963005,-0.03187251091,0.3441196268,0.04149453695
1110,11.100000,0.3456732072,0.04009500425,4.470348358e-06,-3.159046173e-06,-3.159046173e-06,1.496076584e-05,0,5.69003e-11,3.5925e-06,0.044963005,-0.03187251091,0.3429223195,0.04165926356
1111,11.110000,0.3452079073,0.0398390824,4.470348358e-06,-3.159046173e-06,-3.159046173e-06,1.496076584e-05,0,5.69003e-11,3.5925e-06,0.044963005,-0.03187251091,0.3419741614,0.04180533866
1112,11.120000,0.3440205231,0.03983585443,4.470348358e-06,-3.159046173e-06,-3.159046173e-06,1.496076584e-05,0,5.69003e-11,3.5925e-06,0.044963005,-0.03187251091,0.3411924427,0.04165113119
1113,11.130000,0.3428903371,0.04051067401,4.470348358e-06,-3.159046173e-06,-3.159046173e-06,1.496076584e-05,0,5.69003e-11,3.5925e-06,0.044963005,-0.03187251091,0.3404924226,0.04196304304
1114,11.140000,0.3425906524,0.04051899072,4.470348358e-06,-3.159046173e-06,-3.159046173e-06,1.496076584e-05,0,5.69003e-11,3.5925e-06,0.044963005,-0.03187251091,0.3397884026,0.04239118898
1115,11.150000,0.340788994,0.04087574873,4.470348358e-06,-3.159046173e-06,-3.159046173e-06,1.496076584e-05,0,5.69003e-11,3.5925e-06,0.044963005,-0.03187251091,0.3389948066,0.04250274831
1116,11.160000,0.3391434066,0.04117805697,4.470348358e-06,-3.159046173e-06,-3.159046173e-06,1.496076584e-05,0,5.69003e-11,3.5925e-06,0.044963005,-0.03187251091,0.3380272567,0.04229198915
1117,11.170000,0.337518204,0.04137866572,4.470348358e-06,-3.159046173e-06,-3.159046173e-06,1.496076584e-05,0,5.69003e-11,3.5925e-06,0.044963005,-0.03187251091,0.3368036306,0.04159437067
1118,11.180000,0.336115405,0.04096679296,4.470348358e-06,-3.159046173e-06,-3.159046173e-06,1.496076584e-05,0,5.69003e-11,3.5925e-06,0.044963005,-0.03187251091,0.3352450901,0.04204521963
1119,11.190000,0.3342435695,0.04094452225,4.470348358e-06,-3.159046173e-06,-3.159046173e-06,1.496076584e-05,0,5.69003e-11,3.5925e-06,0.044963005,-0.03187251091,0.3332770674,0.04216061407
1120,11.200000,0.3310149722,0.04138844181,4.470348358e-06,-3.159046173e-06,-3.159046173e-06,1.496076584e-05,0,5.69003e-11,3.5925e-06,0.044963005,-0.03187251091,0.3308301982,0.04308589333
1121,11.210000,0.3280277364,0.04110214394,4.470348358e-06,-3.159046173e-06,-3.159046173e-06,1.496076584e-05,0,5.69003e-11,3.5925e-06,0.044963005,-0.03187251091,0.3278411906,0.04318399045
1122,11.220000,0.3246708699,0.04113508016,4.470348358e-06,-3.159046173e-06,-3.159046173e-06,1.496076584e-05,0,5.69003e-11,3.5925e-06,0.044963005,-0.03187251091,0.3242536209,0.04314256583
1123,11.230000,0.3204357736,0.0408741124,4.470348358e-06,-3.159046173e-06,-3.159046173e-06,1.496076584e-05,0,5.69003e-11,3.5925e-06,0.044963005,-0.03187251091,0.3200186443,0.043212895
1124,11.240000,0.3152805753,0.04094975628,4.470348358e-06,-3.159046173e-06,-3.159046173e-06,1.496076584e-05,0,5.69003e-11,3.5925e-06,0.044963005,-0.03187251091,0.3150956159,0.04348119492
1125,11.250000,0.3090925217,0.0413205903,4.470348358e-06,-3.159046173e-06,-3.159046173e-06,1.496076584e-05,0,5.69003e-11,3.5925e-06,0.044963005,-0.03187251091,0.3094526117,0.04346276381
1126,11.260000,0.3023912944,0.04107197654,4.470348358e-06,-3.159046173e-06,-3.159046173e-06,1.496076584e-05,0,5.69003e-11,3.5925e-06,0.044963005,-0.03187251091,0.303066845,0.04374511153
1127,11.270000,0.29425174,0.04158000462,4.470348358e-06,-3.159046173e-06,-3.159046173e-06,1.496076584e-05,0,5.69003e-11,3.5925e-06,0.044963005,-0.03187251091,0.2959249734,0.04349918064
1128,11.280000,0.2850567922,0.04181227461,4.470348358e-06,-3.159046173e-06,-3.159046173e-06,1.496076584e-05,0,5.69003e-11,3.5925e-06,0.044963005,-0.03187251091,0.2880232925,0.04353317483
1129,11.290000,0.2776357308,0.04108547792,4.470348358e-06,-3.159046173e-06,-3.159046173e-06,1.496076584e-05,0,5.69003e-11,3.5925e-06,0.044963005,-0.03187251091,0.2793678135,0.04278374418
1130,11.300000,0.2683379687,0.04116271809,4.470348358e-06,-3.159046173e-06,-3.159046173e-06,1.496076584e-05,0,5.69003e-11,3.5925e-06,0.044963005,-0.03187251091,0.2699742251,0.04260328681
1131,11.310000,0.2576697059,0.04139817227,4.470348358e-06,-3.159046173e-06,-3.159046173e-06,1.496076584e-05,0,5.69003e-11,3.5925e-06,0.044963005,-0.03187251091,0.2598677388,0.04267199616
1132,11.320000,0.2455707788,0.04204743356,4.470348358e-06,-3.159046173e-06,-3.159046173e-06,1.496076584e-05,0,5.69003e-11,3.5925e-06,0.044963005,-0.03187251091,0.2490828203,0.04267515167
1133,11.330000,0.233181376,0.0424216073,4.470348358e-06,-3.159046173e-06,-3.159046173e-06,1.496076584e-05,0,5.69003e-11,3.5925e-06,0.044963005,-0.03187251091,0.237662809,0.04217739075
1134,11.340000,0.221534282,0.04183864873,4.470348358e-06,-3.159046173e-06,-3.159046173e-06,1.496076584e-05,0,5.69003e-11,3.5925e-06,0.044963005,-0.03187251091,0.2256594313,0.04204104369
1135,11.350000,0.2096825615,0.04110901803,4.470348358e-06,-3.159046173e-06,-3.159046173e-06,1.496076584e-05,0,5.69003e-11,3.5925e-06,0.044963005,-0.03187251091,0.2131322121,0.04229227905
1136,11.360000,0.1963236853,0.04103264678,4.470348358e-06,-3.159046173e-06,-3.159046173e-06,1.496076584e-05,0,5.69003e-11,3.5925e-06,0.044963005,-0.03187251091,0.2001477921,0.04298964168
1137,11.370000,0.1826246791,0.04149936419,4.470348358e-06,-3.159046173e-06,-3.159046173e-06,1.496076584e-05,0,5.69003e-11,3.5925e-06,0.044963005,-0.03187251091,0.1867791582,0.0428967015
1138,11.380000,0.1689607017,0.04119323473,4.470348358e-06,-3.159046173e-06,-3.159046173e-06,1.496076584e-05,0,5.69003e-11,3.5925e-06,0.044963005,-0.03187251091,0.1731047958,0.04230420281
1139,11.390000,0.1544788405,0.04145725723,4.470348358e-06,-3.159046173e-06,-3.159046173e-06,1.496076584e-05,0,5.69003e-11,3.5925e-06,0.044963005,-0.03187251091,0.1592077738,0.04225724448
1140,11.400000,0.1402507164,0.04131968878,4.470348358e-06,-3.159046173e-06,-3.159046173e-06,1.496076584e-05,0,5.69003e-11,3.5925e-06,0.044963005,-0.03187251091,0.1451747711,0.04211245984
1141,11.410000,0.1260905564,0.04118308518,4.470348358e-06,-3.159046173e-06,-3.159046173e-06,1.496076584e-05,0,5.69003e-11,3.5925e-06,0.044963005,-0.03187251091,0.1310950577,0.04265199583
1142,11.420000,0.1118158661,0.04139604047,4.470348358e-06,-3.159046173e-06,-3.159046173e-06,1.496076584e-05,0,5.69003e-11,3.5925e-06,0.044963005,-0.03187251091,0.1170594403,0.04261572757
1143,11.430000,0.09837117046,0.04115106538,4.470348358e-06,-3.159046173e-06,-3.159046173e-06,1.496076584e-05,0,5.69003e-11,3.5925e-06,0.044963005,-0.03187251091,0.103159187,0.04331294834
1144,11.440000,0.08465791121,0.04145576339,4.470348358e-06,-3.159046173e-06,-3.159046173e-06,1.496076584e-05,0,5.69003e-11,3.5925e-06,0.044963005,-0.03187251091,0.0894849401,0.0433343747
1145,11.450000,0.07220425829,0.0411217222,4.470348358e-06,-3.159046173e-06,-3.159046173e-06,1.496076584e-05,0,5.69003e-11,3.5925e-06,0.044963005,-0.03187251091,0.07612563349,0.04350795021
1146,11.460000,0.05928424746,0.04109116551,4.470348358e-06,-3.159046173e-06,-3.159046173e-06,1.496076584e-05,0,5.69003e-11,3.5925e-06,0.044963005,-0.03187251091,0.06316742404,0.04385131675
1147,11.470000,0.04652190953,0.04139815457,4.470348358e-06,-3.159046173e-06,-3.159046173e-06,1.496076584e-05,0,5.69003e-11,3.5925e-06,0.044963005,-0.03187251091,0.05069265108,0.04329733122
1148,11.480000,0.03519932181,0.041342468,4.470348358e-06,-3.159046173e-06,-3.159046173e-06,1.496076584e-05,0,5.69003e-11,3.5925e-06,0.044963005,-0.03187251091,0.03877883548,0.04355831564
1149,11.490000,0.02440981939,0.04129935242,4.470348358e-06,-3.159046173e-06,-3.159046173e-06,1.496076584e-05,0,5.69003e-11,3.5925e-06,0.044963005,-0.03187251091,0.0274977301,0.04364044742
1150,11.500000,0.01429079473,0.04095575213,4.470348358e-06,-3.159046173e-06,-3.159046173e-06,1.496076584e-05,0,5.69003e-11,3.5925e-06,0.044963005,-0.03187251091,0.01691443267,0.04383328406
1151,11.510000,0.003848258406,0.04121800512,4.470348358e-06,-3.159046173e-06,-3.159046173e-06,1.496076584e-05,0,5.69003e-11,3.5925e-06,0.044963005,-0.03187251091,0.007086571453,0.04365967513
1152,11.520000,-0.005177598447,0.0411992576,4.470348358e-06,-3.159046173e-06,-3.159046173e-06,1.496076584e-05,0,5.69003e-11,3.5925e-06,0.044963005,-0.03187251091,-0.001936426701,0.04316512937
1153,11.530000,-0.01346047595,0.04122504964,4.470348358e-06,-3.159046173e-06,-3.159046173e-06,1.496076584e-05,0,5.69003e-11,3.5925e-06,0.044963005,-0.03187251091,-0.01011397734,0.0436289982
1154,11.540000,-0.0197984688,0.04086170997,4.470348358e-06,-3.159046173e-06,-3.159046173e-06,1.496076584e-05,0,5.69003e-11,3.5925e-06,0.044963005,-0.03187251091,-0.01741488085,0.044053659
1155,11.550000,-0.02599323541,0.04124148935,4.470348358e-06,-3.159046173e-06,-3.159046173e-06,1.496076584e-05,0,5.69003e-11,3.5925e-06,0.044963005,-0.03187251091,-0.02381775976,0.0441850389
1156,11.560000,-0.0304017067,0.0411784742,4.470348358e-06,-3.159046173e-06,-3.159046173e-06,1.496076584e-05,0,5.69003e-11,3.5925e-06,0.044963005,-0.03187251091,-0.02931138583,0.04394327315
1157,11.570000,-0.03535437584,0.04119730834,4.470348358e-06,-3.159046173e-06,-3.159046173e-06,1.496076584e-05,0,5.69003e-11,3.5925e-06,0.044963005,-0.03187251091,-0.0338948927,0.04419007169
1158,11.580000,-0.03802230209,0.0406263331,4.470348358e-06,-3.159046173e-06,-3.159046173e-06,1.496076584e-05,0,5.69003e-11,3.5925e-06,0.044963005,-0.03187251091,-0.03757787145,0.0449450166
1159,11.590000,-0.03981677815,0.0403412208,4.470348358e-06,-3.159046173e-06,-3.159046173e-06,1.496076584e-05,0,5.69003e-11,3.5925e-06,0.044963005,-0.03187251091,-0.04038034768,0.04471521561
1160,11.600000,-0.04139875621,0.04077946674,4.470348358e-06,-3.159046173e-06,-3.159046173e-06,1.496076584e-05,0,5.69003e-11,3.5925e-06,0.044963005,-0.03187251091,-0.04233263999,0.04496230134
1161,11.610000,-0.04229918495,0.04101112857,4.470348358e-06,-3.159046173e-06,-3.159046173e-06,1.496076584e-05,0,5.69003e-11,3.5925e-06,0.044963005,-0.03187251091,-0.04347510132,0.04482440123
1162,11.620000,-0.04218672961,0.04095326923,4.470348358e-06,-3.159046173e-06,-3.159046173e-06,1.496076584e-05,0,5.69003e-11,3.5925e-06,0.044963005,-0.03187251091,-0.04385774551,0.04491239466
1163,11.630000,-0.04229661077,0.0417525135,4.470348358e-06,-3.159046173e-06,-3.159046173e-06,1.496076584e-05,0,5.69003e-11,3.5925e-06,0.044963005,-0.03187251091,-0.04353976331,0.04446654584
1164,11.640000,-0.04166390747,0.04162457492,4.470348358e-06,-3.159046173e-06,-3.159046173e-06,1.496076584e-05,0,5.69003e-11,3.5925e-06,0.044963005,-0.03187251091,-0.04258893282,0.04459381101
1165,11.650000,-0.03986363485,0.04154900927,4.470348358e-06,-3.159046173e-06,-3.159046173e-06,1.496076584e-05,0,5.69003e-11,3.5925e-06,0.044963005,-0.03187251091,-0.04108093094,0.04466937848
1166,11.660000,-0.03752136603,0.04146893602,4.470348358e-06,-3.159046173e-06,-3.159046173e-06,1.496076584e-05,0,5.69003e-11,3.5925e-06,0.044963005,-0.03187251091,-0.03909855317,0.04478453554
1167,11.670000,-0.03569103405,0.04177002981,4.470348358e-06,-3.159046173e-06,-3.159046173e-06,1.496076584e-05,0,5.69003e-11,3.5925e-06,0.044963005,-0.03187251091,-0.03673085062,0.04463321869
1168,11.680000,-0.03302156553,0.04160167649,4.470348358e-06,-3.159046173e-06,-3.159046173e-06,1.496076584e-05,0,5.69003e-11,3.5925e-06,0.044963005,-0.03187251091,-0.03407219342,0.04488612298
1169,11.690000,-0.03063575923,0.04195144121,4.470348358e-06,-3.159046173e-06,-3.159046173e-06,1.496076584e-05,0,5.69003e-11,3.5925e-06,0.044963005,-0.03187251091,-0.03122127127,0.04498196735
1170,11.700000,-0.02832546085,0.04231154826,4.470348358e-06,-3.159046173e-06,-3.159046173e-06,1.496076584e-05,0,5.69003e-11,3.5925e-06,0.044963005,-0.03187251091,-0.02828004195,0.04511085658
1171,11.710000,-0.02552225441,0.04231879395,4.470348358e-06,-3.159046173e-06,-3.159046173e-06,1.496076584e-05,0,5.69003e-11,3.5925e-06,0.044963005,-0.03187251091,-0.02535263963,0.04483208414
1172,11.720000,-0.02283924446,0.04190692212,4.470348358e-06,-3.159046173e-06,-3.159046173e-06,1.496076584e-05,0,5.69003e-11,3.5925e-06,0.044963005,-0.03187251091,-0.02254425517,0.0442561315
1173,11.730000,-0.02020485699,0.04171959963,4.470348358e-06,-3.159046173e-06,-3.159046173e-06,1.496076584e-05,0,5.69003e-11,3.5925e-06,0.044963005,-0.03187251091,-0.01996000076,0.04383339243
1174,11.740000,-0.01848497242,0.04182152171,4.470348358e-06,-3.159046173e-06,-3.159046173e-06,1.496076584e-05,0,5.69003e-11,3.5925e-06,0.044963005,-0.03187251091,-0.01770377181,0.04360964338
1175,11.750000,-0.01740236953,0.04207865987,4.470348358e-06,-3.159046173e-06,-3.159046173e-06,1.496076584e-05,0,5.69003e-11,3.5925e-06,0.044963005,-0.03187251091,-0.01587711857,0.04381038595
1176,11.760000,-0.01646342129,0.04206604231,4.470348358e-06,-3.159046173e-06,-3.159046173e-06,1.496076584e-05,0,5.69003e-11,3.5925e-06,0.044963005,-0.03187251091,-0.01457814033,0.04367301674
1177,11.770000,-0.01637527719,0.04208098259,4.470348358e-06,-3.159046173e-06,-3.159046173e-06,1.496076584e-05,0,5.69003e-11,3.5925e-06,0.044963005,-0.03187251091,-0.01390041442,0.04382194063
1178,11.780000,-0.01764747873,0.04243232962,4.470348358e-06,-3.159046173e-06,-3.159046173e-06,1.496076584e-05,0,5.69003e-11,3.5925e-06,0.044963005,-0.03187251091,-0.0139319721,0.04359236908
1179,11.790000,-0.01965061575,0.04273875523,4.470348358e-06,-3.159046173e-06,-3.159046173e-06,1.496076584e-05,0,5.69003e-11,3.5925e-06,0.044963005,-0.03187251091,-0.01475433281,0.04394600634
1180,11.800000,-0.02165364474,0.04272284452,4.470348358e-06,-3.159046173e-06,-3.159046173e-06,1.496076584e-05,0,5.69003e-11,3.5925e-06,0.044963005,-0.03187251091,-0.01644160747,0.04404365634
1181,11.810000,-0.02331142873,0.04193474539,4.470348358e-06,-3.159046173e-06,-3.159046173e-06,1.496076584e-05,0,5.69003e-11,3.5925e-06,0.044963005,-0.03187251091,-0.01905968116,0.04388823394
1182,11.820000,-0.02680294961,0.04175147973,4.470348358e-06,-3.159046173e-06,-3.159046173e-06,1.496076584e-05,0,5.69003e-11,3.5925e-06,0.044963005,-0.03187251091,-0.02266548405,0.04353159027
1183,11.830000,-0.03218171373,0.04165345151,4.470348358e-06,-3.159046173e-06,-3.159046173e-06,1.496076584e-05,0,5.69003e-11,3.5925e-06,0.044963005,-0.03187251091,-0.02730635887,0.04374378325
1184,11.840000,-0.03830562532,0.04139184672,4.470348358e-06,-3.159046173e-06,-3.159046173e-06,1.496076584e-05,0,5.69003e-11,3.5925e-06,0.044963005,-0.03187251091,-0.03301953214,0.04408315504
1185,11.850000,-0.04524722323,0.04114039056,4.470348358e-06,-3.159046173e-06,-3.159046173e-06,1.496076584e-05,0,5.69003e-11,3.5925e-06,0.044963005,-0.03187251091,-0.03983169479,0.04427635603
1186,11.860000,-0.05331609398,0.04092403036,4.470348358e-06,-3.159046173e-06,-3.159046173e-06,1.496076584e-05,0,5.69003e-11,3.5925e-06,0.044963005,-0.03187251091,-0.04775869709,0.04416268129
1187,11.870000,-0.0635823682,0.0411907332,4.470348358e-06,-3.159046173e-06,-3.159046173e-06,1.496076584e-05,0,5.69003e-11,3.5925e-06,0.044963005,-0.03187251091,-0.05680536125,0.04424854951
1188,11.880000,-0.07384119928,0.04083636403,4.470348358e-06,-3.159046173e-06,-3.159046173e-06,1.496076584e-05,0,5.69003e-11,3.5925e-06,0.044963005,-0.03187251091,-0.06696541368,0.04450745958
1189,11.890000,-0.08571348339,0.04101873282,4.470348358e-06,-3.159046173e-06,-3.159046173e-06,1.496076584e-05,0,5.69003e-11,3.5925e-06,0.044963005,-0.03187251091,-0.0782215377,0.04455408826
1190,11.900000,-0.09852410108,0.04118909873,4.470348358e-06,-3.159046173e-06,-3.159046173e-06,1.496076584e-05,0,5.69003e-11,3.5925e-06,0.044963005,-0.03187251091,-0.09054554611,0.04438995376
1191,11.910000,-0.112734288,0.04169198032,4.470348358e-06,-3.159046173e-06,-3.159046173e-06,1.496076584e-05,0,5.69003e-11,3.5925e-06,0.044963005,-0.03187251091,-0.1038986716,0.04426243238
1192,11.920000,-0.1259777322,0.04073022492,4.470348358e-06,-3.159046173e-06,-3.159046173e-06,1.496076584e-05,0,5.69003e-11,3.5925e-06,0.044963005,-0.03187251091,-0.1182319716,0.04492595132
1193,11.930000,-0.1409413554,0.03998604324,4.470348358e-06,-3.159046173e-06,-3.159046173e-06,1.496076584e-05,0,5.69003e-11,3.5925e-06,0.044963005,-0.03187251091,-0.1334868432,0.04493679651
1194,11.940000,-0.1567454152,0.03963706549,4.470348358e-06,-3.159046173e-06,-3.159046173e-06,1.496076584e-05,0,5.69003e-11,3.5925e-06,0.044963005,-0.03187251091,-0.1495956422,0.04456852497
1195,11.950000,-0.1735431179,0.03901674319,4.470348358e-06,-3.159046173e-06,-3.159046173e-06,1.496076584e-05,0,5.69003e-11,3.5925e-06,0.044963005,-0.03187251091,-0.1664823995,0.0448055477
1196,11.960000,-0.1910786256,0.03868114855,4.470348358e-06,-3.159046173e-06,-3.159046173e-06,1.496076584e-05,0,5.69003e-11,3.5925e-06,0.044963005,-0.03187251091,-0.1840636256,0.04455147026
1197,11.970000,-0.2090859078,0.03867488727,4.470348358e-06,-3.159046173e-06,-3.159046173e-06,1.496076584e-05,0,5.69003e-11,3.5925e-06,0.044963005,-0.03187251091,-0.2022491967,0.04453780683
1198,11.980000,-0.2274421751,0.03853931371,4.470348358e-06,-3.159046173e-06,-3.159046173e-06,1.496076584e-05,0,5.69003e-11,3.5925e-06,0.044963005,-0.03187251091,-0.2209433091,0.04437051242
1199,11.990000,-0.2456174716,0.03796297405,4.470348358e-06,-3.159046173e-06,-3.159046173e-06,1.496076584e-05,0,5.69003e-11,3.5925e-06,0.044963005,-0.03187251091,-0.2400454939,0.04493151022
1200,12.000000,-0.265076559,0.03783718962,4.470348358e-06,-3.159046173e-06,-3.159046173e-06,1.496076584e-05,0,5.69003e-11,3.5925e-06,0.044963005,-0.03187251091,-0.2594516794,0.04515640677
1201,12.010000,-0.285418313,0.03814627789,4.470348358e-06,-3.159046173e-06,-3.159046173e-06,1.496076584e-05,0,5.69003e-11,3.5925e-06,0.044963005,-0.03187251091,-0.2790552888,0.04546754216
1202,12.020000,-0.304797899,0.03802749328,4.470348358e-06,-3.159046173e-06,-3.159046173e-06,1.496076584e-05,0,5.69003e-11,3.5925e-06,0.044963005,-0.03187251091,-0.298748362,0.0451197094
1203,12.030000,-0.3240457773,0.03798592184,4.470348358e-06,-3.159046173e-06,-3.159046173e-06,1.496076584e-05,0,5.69003e-11,3.5925e-06,0.044963005,-0.03187251091,-0.318422688,0.04437547632
1204,12.040000,-0.3428515121,0.03773078881,4.470348358e-06,-3.159046173e-06,-3.159046173e-06,1.496076584e-05,0,5.69003e-11,3.5925e-06,0.044963005,-0.03187251091,-0.3379709358,0.04431196653
1205,12.050000,-0.3620548658,0.03778606653,4.470348358e-06,-3.159046173e-06,-3.159046173e-06,1.496076584e-05,0,5.69003e-11,3.5925e-06,0.044963005,-0.03187251091,-0.3572877706,0.04425393374
1206,12.060000,-0.3810997605,0.03775942046,4.470348358e-06,-3.159046173e-06,-3.159046173e-06,1.496076584e-05,0,5.69003e-11,3.5925e-06,0.044963005,-0.03187251091,-0.376270943,0.04482413944
1207,12.070000,-0.3988513909,0.0376660414,4.470348358e-06,-3.159046173e-06,-3.159046173e-06,1.496076584e-05,0,5.69003e-11,3.5925e-06,0.044963005,-0.03187251091,-0.3948223395,0.04474402135
1208,12.080000,-0.4160542488,0.03753666952,4.470348358e-06,-3.159046173e-06,-3.159046173e-06,1.496076584e-05,0,5.69003e-11,3.5925e-06,0.044963005,-0.03187251091,-0.4128489817,0.04512126043
1209,12.090000,-0.4328845553,0.03776075598,4.470348358e-06,-3.159046173e-06,-3.159046173e-06,1.496076584e-05,0,5.69003e-11,3.5925e-06,0.044963005,-0.03187251091,-0.4302639638,0.04472222904
1210,12.100000,-0.4492298588,0.03814033139,4.470348358e-06,-3.159046173e-06,-3.159046173e-06,1.496076584e-05,0,5.69003e-11,3.5925e-06,0.044963005,-0.03187251091,-0.4469873179,0.04458102501
1211,12.110000,-0.4652193002,0.03848365415,4.470348358e-06,-3.159046173e-06,-3.159046173e-06,1.496076584e-05,0,5.69003e-11,3.5925e-06,0.044963005,-0.03187251091,-0.4629467966,0.04472219562
1212,12.120000,-0.4802439474,0.0389151955,4.470348358e-06,-3.159046173e-06,-3.159046173e-06,1.496076584e-05,0,5.69003e-11,3.5925e-06,0.044963005,-0.03187251091,-0.4780785662,0.0452515029
1213,12.130000,-0.4937643297,0.03856782895,4.470348358e-06,-3.159046173e-06,-3.159046173e-06,1.496076584e-05,0,5.69003e-11,3.5925e-06,0.044963005,-0.03187251091,-0.4923278007,0.0452566015
1214,12.140000,-0.5067615099,0.03880697023,4.470348358e-06,-3.159046173e-06,-3.159046173e-06,1.496076584e-05,0,5.69003e-11,3.5925e-06,0.044963005,-0.03187251091,-0.5056491719,0.04603878524
1215,12.150000,-0.5191582851,0.03871222027,4.470348358e-06,-3.159046173e-06,-3.159046173e-06,1.496076584e-05,0,5.69003e-11,3.5925e-06,0.044963005,-0.03187251091,-0.518007229,0.04583736254
1216,12.160000,-0.531225089,0.03942421451,4.470348358e-06,-3.159046173e-06,-3.159046173e-06,1.496076584e-05,0,5.69003e-11,3.5925e-06,0.044963005,-0.03187251091,-0.5293766649,0.04597444928
1217,12.170000,-0.5407776311,0.03917840682,4.470348358e-06,-3.159046173e-06,-3.159046173e-06,1.496076584e-05,0,5.69003e-11,3.5925e-06,0.044963005,-0.03187251091,-0.5397424656,0.04600263916
1218,12.180000,-0.5498219132,0.03941036575,4.470348358e-06,-3.159046173e-06,-3.159046173e-06,1.496076584e-05,0,5.69003e-11,3.5925e-06,0.044963005,-0.03187251091,-0.5490999416,0.04652195951
1219,12.190000,-0.5570652373,0.03918948863,4.470348358e-06,-3.159046173e-06,-3.159046173e-06,1.496076584e-05,0,5.69003e-11,3.5925e-06,0.044963005,-0.03187251091,-0.5574546414,0.04677927619
1220,12.200000,-0.5638736673,0.03932346031,4.470348358e-06,-3.159046173e-06,-3.159046173e-06,1.496076584e-05,0,5.69003e-11,3.5925e-06,0.044963005,-0.03187251091,-0.5648221487,0.04732021548
1221,12.210000,-0.5699463375,0.03941419162,4.470348358e-06,-3.159046173e-06,-3.159046173e-06,1.496076584e-05,0,5.69003e-11,3.5925e-06,0.044963005,-0.03187251091,-0.5712277647,0.04734306739
1222,12.220000,-0.5746736601,0.03936886974,4.470348358e-06,-3.159046173e-06,-3.159046173e-06,1.496076584e-05,0,5.69003e-11,3.5925e-06,0.044963005,-0.03187251091,-0.5767060813,0.04744059853
1223,12.230000,-0.5791421123,0.03943427,4.470348358e-06,-3.159046173e-06,-3.159046173e-06,1.496076584e-05,0,5.69003e-11,3.5925e-06,0.044963005,-0.03187251091,-0.5813004489,0.04735511528
1224,12.240000,-0.5829452798,0.03960300516,4.470348358e-06,-3.159046173e-06,-3.159046173e-06,1.496076584e-05,0,5.69003e-11,3.5925e-06,0.044963005,-0.03187251091,-0.5850623463,0.04709031631
1225,12.250000,-0.5842476413,0.03895485774,4.470348358e-06,-3.159046173e-06,-3.159046173e-06,1.496076584e-05,0,5.69003e-11,3.5925e-06,0.044963005,-0.03187251091,-0.5880506588,0.04688249959
1226,12.260000,-0.5861958377,0.03929512389,4.470348358e-06,-3.159046173e-06,-3.159046173e-06,1.496076584e-05,0,5.69003e-11,3.5925e-06,0.044963005,-0.03187251091,-0.5903308753,0.0465864058
1227,12.270000,-0.5860694088,0.03828903753,4.470348358e-06,-3.159046173e-06,-3.159046173e-06,1.496076584e-05,0,5.69003e-11,3.5925e-06,0.044963005,-0.03187251091,-0.5919742108,0.04634740451
1228,12.280000,-0.5868078731,0.03798281401,4.470348358e-06,-3.159046173e-06,-3.159046173e-06,1.496076584e-05,0,5.69003e-11,3.5925e-06,0.044963005,-0.03187251091,-0.5930566684,0.04645721399
1229,12.290000,-0.5883705765,0.03876540437,4.470348358e-06,-3.159046173e-06,-3.159046173e-06,1.496076584e-05,0,5.69003e-11,3.5925e-06,0.044963005,-0.03187251091,-0.5936580478,0.04612449712
1230,12.300000,-0.5878536776,0.03873873781,4.470348358e-06,-3.159046173e-06,-3.159046173e-06,1.496076584e-05,0,5.69003e-11,3.5925e-06,0.044963005,-0.03187251091,-0.5938609154,0.04606860232
1231,12.310000,-0.587792445,0.0386392409,4.470348358e-06,-3.159046173e-06,-3.159046173e-06,1.496076584e-05,0,5.69003e-11,3.5925e-06,0.044963005,-0.03187251091,-0.593749546,0.04635640929
1232,12.320000,-0.5872608982,0.03894824628,4.470348358e-06,-3.159046173e-06,-3.159046173e-06,1.496076584e-05,0,5.69003e-11,3.5925e-06,0.044963005,-0.03187251091,-0.5934088484,0.04637368612
1233,12.330000,-0.5866898187,0.03914902359,4.470348358e-06,-3.159046173e-06,-3.159046173e-06,1.496076584e-05,0,5.69003e-11,3.5925e-06,0.044963005,-0.03187251091,-0.5929232895,0.04600189515
1234,12.340000,-0.5859737247,0.03927494958,4.470348358e-06,-3.159046173e-06,-3.159046173e-06,1.496076584e-05,0,5.69003e-11,3.5925e-06,0.044963005,-0.03187251091,-0.5923758262,0.0456702268
1235,12.350000,-0.5855574384,0.03922110051,4.470348358e-06,-3.159046173e-06,-3.159046173e-06,1.496076584e-05,0,5.69003e-11,3.5925e-06,0.044963005,-0.03187251091,-0.5918468611,0.04597688039
1236,12.360000,-0.5853403397,0.03927694354,4.470348358e-06,-3.159046173e-06,-3.159046173e-06,1.496076584e-05,0,5.69003e-11,3.5925e-06,0.044963005,-0.03187251091,-0.5914132307,0.04592875628
1237,12.370000,-0.5866259299,0.04043094255,4.470348358e-06,-3.159046173e-06,-3.159046173e-06,1.496076584e-05,0,5.69003e-11,3.5925e-06,0.044963005,-0.03187251091,-0.5911472413,0.04566955416
1238,12.380000,-0.5866592191,0.04052984156,4.470348358e-06,-3.159046173e-06,-3.159046173e-06,1.496076584e-05,0,5.69003e-11,3.5925e-06,0.044963005,-0.03187251091,-0.5911157604,0.04598302272
1239,12.390000,-0.5868436843,0.04052458983,4.470348358e-06,-3.159046173e-06,-3.159046173e-06,1.496076584e-05,0,5.69003e-11,3.5925e-06,0.044963005,-0.03187251091,-0.591379377,0.04682707141
1240,12.400000,-0.5871375278,0.04010510072,4.470348358e-06,-3.159046173e-06,-3.159046173e-06,1.496076584e-05,0,5.69003e-11,3.5925e-06,0.044963005,-0.03187251091,-0.5919916392,0.04694273913
1241,12.410000,-0.5890362971,0.0404048888,4.470348358e-06,-3.159046173e-06,-3.159046173e-06,1.496076584e-05,0,5.69003e-11,3.5925e-06,0.044963005,-0.03187251091,-0.592998378,0.04671299382
1242,12.420000,-0.5906949379,0.04018549621,4.470348358e-06,-3.159046173e-06,-3.159046173e-06,1.496076584e-05,0,5.69003e-11,3.5925e-06,0.044963005,-0.03187251091,-0.5944371256,0.04692008623
1243,12.430000,-0.5928589515,0.04012740869,4.470348358e-06,-3.159046173e-06,-3.159046173e-06,1.496076584e-05,0,5.69003e-11,3.5925e-06,0.044963005,-0.03187251091,-0.5963366345,0.04645163388
1244,12.440000,-0.5958218202,0.04043015931,4.470348358e-06,-3.159046173e-06,-3.159046173e-06,1.496076584e-05,0,5.69003e-11,3.5925e-06,0.044963005,-0.03187251091,-0.5987165039,0.04655735628
1245,12.450000,-0.5988576077,0.04046542197,4.470348358e-06,-3.159046173e-06,-3.159046173e-06,1.496076584e-05,0,5.69003e-11,3.5925e-06,0.044963005,-0.03187251091,-0.6015869166,0.0467213939
1246,12.460000,-0.6023530699,0.04037242476,4.470348358e-06,-3.159046173e-06,-3.159046173e-06,1.496076584e-05,0,5.69003e-11,3.5925e-06,0.044963005,-0.03187251091,-0.6049484907,0.04649299659
1247,12.470000,-0.6059917994,0.03986758832,4.470348358e-06,-3.159046173e-06,-3.159046173e-06,1.496076584e-05,0,5.69003e-11,3.5925e-06,0.044963005,-0.03187251091,-0.6087922464,0.04671937892
1248,12.480000,-0.6109351628,0.04006946273,4.470348358e-06,-3.159046173e-06,-3.159046173e-06,1.496076584e-05,0,5.69003e-11,3.5925e-06,0.044963005,-0.03187251091,-0.6130996906,0.04707557165
1249,12.490000,-0.616225902,0.04033812601,4.470348358e-06,-3.159046173e-06,-3.159046173e-06,1.496076584e-05,0,5.69003e-11,3.5925e-06,0.044963005,-0.03187251091,-0.6178430159,0.04681300275
1250,12.500000,-0.6212223284,0.04014306515,4.470348358e-06,-3.159046173e-06,-3.159046173e-06,1.496076584e-05,0,5.69003e-11,3.5925e-06,0.044963005,-0.03187251091,-0.6229854133,0.04735147617
1251,12.510000,-0.6272180863,0.04068607278,4.470348358e-06,-3.159046173e-06,-3.159046173e-06,1.496076584e-05,0,5.69003e-11,3.5925e-06,0.044963005,-0.03187251091,-0.6284814949,0.04716236407
1252,12.520000,-0.6329888701,0.04050968308,4.470348358e-06,-3.159046173e-06,-3.159046173e-06,1.496076584e-05,0,5.69003e-11,3.5925e-06,0.044963005,-0.03187251091,-0.6342778212,0.04683892338
1253,12.530000,-0.6391905136,0.04036878329,4.470348358e-06,-3.159046173e-06,-3.159046173e-06,1.496076584e-05,0,5.69003e-11,3.5925e-06,0.044963005,-0.03187251091,-0.640313528,0.04663240152
1254,12.540000,-0.6456094719,0.04053283669,4.470348358e-06,-3.159046173e-06,-3.159046173e-06,1.496076584e-05,0,5.69003e-11,3.5925e-06,0.044963005,-0.03187251091,-0.6465210442,0.04641947498
1255,12.550000,-0.651541464,0.04081425071,4.470348358e-06,-3.159046173e-06,-3.159046173e-06,1.496076584e-05,0,5.69003e-11,3.5925e-06,0.044963005,-0.03187251091,-0.6528268938,0.04624467002
1256,12.560000,-0.6572961435,0.04057961982,4.470348358e-06,-3.159046173e-06,-3.159046173e-06,1.496076584e-05,0,5.69003e-11,3.5925e-06,0.044963005,-0.03187251091,-0.6591525721,0.04667695981
1257,12.570000,-0.6643578298,0.0413914891,4.470348358e-06,-3.159046173e-06,-3.159046173e-06,1.496076584e-05,0,5.69003e-11,3.5925e-06,0.044963005,-0.03187251091,-0.6654154861,0.04683928406
1258,12.580000,-0.6699605472,0.04078397341,4.470348358e-06,-3.159046173e-06,-3.159046173e-06,1.496076584e-05,0,5.69003e-11,3.5925e-06,0.044963005,-0.03187251091,-0.6715299484,0.04710541471
1259,12.590000,-0.6753622368,0.04091780353,4.470348358e-06,-3.159046173e-06,-3.159046173e-06,1.496076584e-05,0,5.69003e-11,3.5925e-06,0.044963005,-0.03187251091,-0.6774082131,0.04697531533
1260,12.600000,-0.6809466034,0.04147248529,4.470348358e-06,-3.159046173e-06,-3.159046173e-06,1.496076584e-05,0,5.69003e-11,3.5925e-06,0.044963005,-0.03187251091,-0.6829615416,0.04739767644
1261,12.610000,-0.6853510812,0.04101516958,4.470348358e-06,-3.159046173e-06,-3.159046173e-06,1.496076584e-05,0,5.69003e-11,3.5925e-06,0.044963005,-0.03187251091,-0.6881012869,0.04727334464
1262,12.620000,-0.6904444136,0.04147808161,4.470348358e-06,-3.159046173e-06,-3.159046173e-06,1.496076584e-05,0,5.69003e-11,3.5925e-06,0.044963005,-0.03187251091,-0.692739982,0.04751308195
1263,12.630000,-0.6939006336,0.04143871181,4.470348358e-06,-3.159046173e-06,-3.159046173e-06,1.496076584e-05,0,5.69003e-11,3.5925e-06,0.044963005,-0.03187251091,-0.696792422,0.04754393065
1264,12.640000,-0.6974796951,0.04167957604,4.470348358e-06,-3.159046173e-06,-3.159046173e-06,1.496076584e-05,0,5.69003e-11,3.5925e-06,0.044963005,-0.03187251091,-0.7001767258,0.04768593444
1265,12.650000,-0.6994866356,0.04183343053,4.470348358e-06,-3.159046173e-06,-3.159046173e-06,1.496076584e-05,0,5.69003e-11,3.5925e-06,0.044963005,-0.03187251091,-0.7028153656,0.04749771199
1266,12.660000,-0.7012440525,0.04213690292,4.470348358e-06,-3.159046173e-06,-3.159046173e-06,1.496076584e-05,0,5.69003e-11,3.5925e-06,0.044963005,-0.03187251091,-0.7046361525,0.0478339596
1267,12.670000,-0.7010183036,0.04202210996,4.470348358e-06,-3.159046173e-06,-3.159046173e-06,1.496076584e-05,0,5.69003e-11,3.5925e-06,0.044963005,-0.03187251091,-0.7055731666,0.047730072
1268,12.680000,-0.7002021819,0.04213657789,4.470348358e-06,-3.159046173e-06,-3.159046173e-06,1.496076584e-05,0,5.69003e-11,3.5925e-06,0.044963005,-0.03187251091,-0.70556762,0.04774591533
1269,12.690000,-0.6984926388,0.04214109946,4.470348358e-06,-3.159046173e-06,-3.159046173e-06,1.496076584e-05,0,5.69003e-11,3.5925e-06,0.044963005,-0.03187251091,-0.7045686441,0.04756652626
1270,12.700000,-0.6959608831,0.04193251114,4.470348358e-06,-3.159046173e-06,-3.159046173e-06,1.496076584e-05,0,5.69003e-11,3.5925e-06,0.044963005,-0.03187251091,-0.7025339903,0.04750932636
1271,12.710000,-0.6927536204,0.04225167353,4.470348358e-06,-3.159046173e-06,-3.159046173e-06,1.496076584e-05,0,5.69003e-11,3.5925e-06,0.044963005,-0.03187251091,-0.6994306371,0.04781763476
1272,12.720000,-0.6875011623,0.04223259445,4.470348358e-06,-3.159046173e-06,-3.159046173e-06,1.496076584e-05,0,5.69003e-11,3.5925e-06,0.044963005,-0.03187251091,-0.6952352961,0.04802009639
1273,12.730000,-0.6827780418,0.04258173611,4.470348358e-06,-3.159046173e-06,-3.159046173e-06,1.496076584e-05,0,5.69003e-11,3.5925e-06,0.044963005,-0.03187251091,-0.6899348095,0.04805181054
1274,12.740000,-0.6760798357,0.04266119748,4.470348358e-06,-3.159046173e-06,-3.159046173e-06,1.496076584e-05,0,5.69003e-11,3.5925e-06,0.044963005,-0.03187251091,-0.6835264371,0.04787833695
1275,12.750000,-0.6677843407,0.04237043951,4.470348358e-06,-3.159046173e-06,-3.159046173e-06,1.496076584e-05,0,5.69003e-11,3.5925e-06,0.044963005,-0.03187251091,-0.676018026,0.04804931983
1276,12.760000,-0.6586254798,0.04239916522,4.470348358e-06,-3.159046173e-06,-3.159046173e-06,1.496076584e-05,0,5.69003e-11,3.5925e-06,0.044963005,-0.03187251091,-0.6674280627,0.04849103682
1277,12.770000,-0.6490364559,0.04286644328,4.470348358e-06,-3.159046173e-06,-3.159046173e-06,1.496076584e-05,0,5.69003e-11,3.5925e-06,0.044963005,-0.03187251091,-0.657785607,0.04875572238
1278,12.780000,-0.6390506513,0.0434469115,4.470348358e-06,-3.159046173e-06,-3.159046173e-06,1.496076584e-05,0,5.69003e-11,3.5925e-06,0.044963005,-0.03187251091,-0.6471301059,0.04891249903
1279,12.790000,-0.6264565997,0.04343949817,4.470348358e-06,-3.159046173e-06,-3.159046173e-06,1.496076584e-05,0,5.69003e-11,3.5925e-06,0.044963005,-0.03187251091,-0.6355110917,0.04904798354
1280,12.800000,-0.6120366156,0.04320460744,4.470348358e-06,-3.159046173e-06,-3.159046173e-06,1.496076584e-05,0,5.69003e-11,3.5925e-06,0.044963005,-0.03187251091,-0.6229877662,0.04871336388
1281,12.810000,-0.5989747755,0.04396385513,4.470348358e-06,-3.159046173e-06,-3.159046173e-06,1.496076584e-05,0,5.69003e-11,3.5925e-06,0.044963005,-0.03187251091,-0.6096284756,0.04878855501
1282,12.820000,-0.5838287063,0.04373719916,4.470348358e-06,-3.159046173e-06,-3.159046173e-06,1.496076584e-05,0,5.69003e-11,3.5925e-06,0.044963005,-0.03187251091,-0.595510081,0.04835521206
1283,12.830000,-0.5690822676,0.04396985937,4.470348358e-06,-3.159046173e-06,-3.159046173e-06,1.496076584e-05,0,5.69003e-11,3.5925e-06,0.044963005,-0.03187251091,-0.5807172335,0.04832897989
1284,12.840000,-0.5542421043,0.04433513153,4.470348358e-06,-3.159046173e-06,-3.159046173e-06,1.496076584e-05,0,5.69003e-11,3.5925e-06,0.044963005,-0.03187251091,-0.5653415589,0.04834117404
1285,12.850000,-0.5383503549,0.04463176802,4.470348358e-06,-3.159046173e-06,-3.159046173e-06,1.496076584e-05,0,5.69003e-11,3.5925e-06,0.044963005,-0.03187251091,-0.5494807634,0.04849580899
1286,12.860000,-0.5223699175,0.04521401785,4.470348358e-06,-3.159046173e-06,-3.159046173e-06,1.496076584e-05,0,5.69003e-11,3.5925e-06,0.044963005,-0.03187251091,-0.5332376685,0.0480987439
1287,12.870000,-0.5056549869,0.04564607609,4.470348358e-06,-3.159046173e-06,-3.159046173e-06,1.496076584e-05,0,5.69003e-11,3.5925e-06,0.044963005,-0.03187251091,-0.5167191869,0.04808401085
1288,12.880000,-0.4899340086,0.04633799102,4.470348358e-06,-3.159046173e-06,-3.159046173e-06,1.496076584e-05,0,5.69003e-11,3.5925e-06,0.044963005,-0.03187251091,-0.5000352498,0.0481299786
1289,12.890000,-0.4741945602,0.04708423,4.470348358e-06,-3.159046173e-06,-3.159046173e-06,1.496076584e-05,0,5.69003e-11,3.5925e-06,0.044963005,-0.03187251091,-0.4832976984,0.04817391124
1290,12.900000,-0.458472766,0.04754265863,4.470348358e-06,-3.159046173e-06,-3.159046173e-06,1.496076584e-05,0,5.69003e-11,3.5925e-06,0.044963005,-0.03187251091,-0.466619151,0.04857155547
1291,12.910000,-0.4424764737,0.04770872835,4.470348358e-06,-3.159046173e-06,-3.159046173e-06,1.496076584e-05,0,5.69003e-11,3.5925e-06,0.044963005,-0.03187251091,-0.4501118593,0.04832378873
1292,12.920000,-0.427422829,0.04838752281,4.470348358e-06,-3.159046173e-06,-3.159046173e-06,1.496076584e-05,0,5.69003e-11,3.5925e-06,0.044963005,-0.03187251091,-0.4338865651,0.04877374451
1293,12.930000,-0.4122040384,0.0487493407,4.470348358e-06,-3.159046173e-06,-3.159046173e-06,1.496076584e-05,0,5.69003e-11,3.5925e-06,0.044963005,-0.03187251091,-0.4180513721,0.04875394828
1294,12.940000,-0.3974314705,0.04885751009,4.470348358e-06,-3.159046173e-06,-3.159046173e-06,1.496076584e-05,0,5.69003e-11,3.5925e-06,0.044963005,-0.03187251091,-0.4027106441,0.04851831006
1295,12.950000,-0.3830951974,0.04865060188,4.470348358e-06,-3.159046173e-06,-3.159046173e-06,1.496076584e-05,0,5.69003e-11,3.5925e-06,0.044963005,-0.03187251091,-0.3879639413,0.0486550522
1296,12.960000,-0.3692575805,0.0487441998,4.470348358e-06,-3.159046173e-06,-3.159046173e-06,1.496076584e-05,0,5.69003e-11,3.5925e-06,0.044963005,-0.03187251091,-0.3739050086,0.04898434407
1297,12.970000,-0.3568951003,0.04903310817,4.470348358e-06,-3.159046173e-06,-3.159046173e-06,1.496076584e-05,0,5.69003e-11,3.5925e-06,0.044963005,-0.03187251091,-0.3606208253,0.04927609892
1298,12.980000,-0.3458813801,0.04948121309,4.470348358e-06,-3.159046173e-06,-3.159046173e-06,1.496076584e-05,0,5.69003e-11,3.5925e-06,0.044963005,-0.03187251091,-0.3481907271,0.0493173417
1299,12.990000,-0.3346125484,0.04943286069,4.470348358e-06,-3.159046173e-06,-3.159046173e-06,1.496076584e-05,0,5.69003e-11,3.5925e-06,0.044963005,-0.03187251091,-0.3366856112,0.04936873903
1300,13.000000,-0.3246470802,0.04962973204,4.470348358e-06,-3.159046173e-06,-3.159046173e-06,1.496076584e-05,0,5.69003e-11,3.5925e-06,0.044963005,-0.03187251091,-0.326167232,0.04956203887
1301,13.010000,-0.3158651553,0.04954678006,4.470348358e-06,-3.159046173e-06,-3.159046173e-06,1.496076584e-05,0,5.69003e-11,3.5925e-06,0.044963005,-0.03187251091,-0.3166875964,0.0494757897
1302,13.020000,-0.3074892238,0.04920773301,4.470348358e-06,-3.159046173e-06,-3.159046173e-06,1.496076584e-05,0,5.69003e-11,3.5925e-06,0.044963005,-0.03187251091,-0.3082884644,0.04939965791
1303,13.030000,-0.3013262786,0.04956583213,4.470348358e-06,-3.159046173e-06,-3.159046173e-06,1.496076584e-05,0,5.69003e-11,3.5925e-06,0.044963005,-0.03187251091,-0.3010009608,0.04945042213
1304,13.040000,-0.2957394868,0.04938026424,4.470348358e-06,-3.159046173e-06,-3.159046173e-06,1.496076584e-05,0,5.69003e-11,3.5925e-06,0.044963005,-0.03187251091,-0.294845303,0.0489366037
1305,13.050000,-0.2906875946,0.04911244381,4.470348358e-06,-3.159046173e-06,-3.159046173e-06,1.496076584e-05,0,5.69003e-11,3.5925e-06,0.044963005,-0.03187251091,-0.2898306469,0.04903719449
1306,13.060000,-0.2886575311,0.04980238993,4.470348358e-06,-3.159046173e-06,-3.159046173e-06,1.496076584e-05,0,5.69003e-11,3.5925e-06,0.044963005,-0.03187251091,-0.2859550525,0.04919808205
1307,13.070000,-0.2862374745,0.04938020371,4.470348358e-06,-3.159046173e-06,-3.159046173e-06,1.496076584e-05,0,5.69003e-11,3.5925e-06,0.044963005,-0.03187251091,-0.2832055706,0.0496084173
1308,13.080000,-0.284392707,0.04904943239,4.470348358e-06,-3.159046173e-06,-3.159046173e-06,1.496076584e-05,0,5.69003e-11,3.5925e-06,0.044963005,-0.03187251091,-0.2815584481,0.04997705549
1309,13.090000,-0.2846105583,0.04919040482,4.470348358e-06,-3.159046173e-06,-3.159046173e-06,1.496076584e-05,0,5.69003e-11,3.5925e-06,0.044963005,-0.03187251091,-0.2809794503,0.04995526551
1310,13.100000,-0.2853852734,0.04903698992,4.470348358e-06,-3.159046173e-06,-3.159046173e-06,1.496076584e-05,0,5.69003e-11,3.5925e-06,0.044963005,-0.03187251091,-0.2814242968,0.04977335418
1311,13.110000,-0.2870287299,0.04876156617,4.470348358e-06,-3.159046173e-06,-3.159046173e-06,1.496076584e-05,0,5.69003e-11,3.5925e-06,0.044963005,-0.03187251091,-0.2828392043,0.05039257675
1312,13.120000,-0.2897766121,0.04860659502,4.470348358e-06,-3.159046173e-06,-3.159046173e-06,1.496076584e-05,0,5.69003e-11,3.5925e-06,0.044963005,-0.03187251091,-0.2851615325,0.04948537279
1313,13.130000,-0.2928232402,0.04825190362,4.470348358e-06,-3.159046173e-06,-3.159046173e-06,1.496076584e-05,0,5.69003e-11,3.5925e-06,0.044963005,-0.03187251091,-0.2883205236,0.04947381163
1314,13.140000,-0.296884086,0.04807278048,4.470348358e-06,-3.159046173e-06,-3.159046173e-06,1.496076584e-05,0,5.69003e-11,3.5925e-06,0.044963005,-0.03187251091,-0.2922381281,0.04944566776
1315,13.150000,-0.3012345769,0.04729110375,4.470348358e-06,-3.159046173e-06,-3.159046173e-06,1.496076584e-05,0,5.69003e-11,3.5925e-06,0.044963005,-0.03187251091,-0.2968299075,0.04907916609
1316,13.160000,-0.3066740669,0.04710386507,4.470348358e-06,-3.159046173e-06,-3.159046173e-06,1.496076584e-05,0,5.69003e-11,3.5925e-06,0.044963005,-0.03187251091,-0.3020060028,0.04910780039
1317,13.170000,-0.312782187,0.04728882574,4.470348358e-06,-3.159046173e-06,-3.159046173e-06,1.496076584e-05,0,5.69003e-11,3.5925e-06,0.044963005,-0.03187251091,-0.307672159,0.04895626974
1318,13.180000,-0.3187214099,0.04680728074,4.470348358e-06,-3.159046173e-06,-3.159046173e-06,1.496076584e-05,0,5.69003e-11,3.5925e-06,0.044963005,-0.03187251091,-0.3137307928,0.04903434078
1319,13.190000,-0.3246195018,0.04635786265,4.470348358e-06,-3.159046173e-06,-3.159046173e-06,1.496076584e-05,0,5.69003e-11,3.5925e-06,0.044963005,-0.03187251091,-0.3200820927,0.04827198264
1320,13.200000,-0.3312175572,0.04646654706,4.470348358e-06,-3.159046173e-06,-3.159046173e-06,1.496076584e-05,0,5.69003e-11,3.5925e-06,0.044963005,-0.03187251091,-0.3266251377,0.04796606876
1321,13.210000,-0.3378762528,0.04668603931,4.470348358e-06,-3.159046173e-06,-3.159046173e-06,1.496076584e-05,0,5.69003e-11,3.5925e-06,0.044963005,-0.03187251091,-0.3332590229,0.0477450255
1322,13.220000,-0.3437712416,0.04614815768,4.470348358e-06,-3.159046173e-06,-3.159046173e-06,1.496076584e-05,0,5.69003e-11,3.5925e-06,0.044963005,-0.03187251091,-0.3398839792,0.04761852095
1323,13.230000,-0.3490241952,0.04582831915,4.470348358e-06,-3.159046173e-06,-3.159046173e-06,1.496076584e-05,0,5.69003e-11,3.5925e-06,0.044963005,-0.03187251091,-0.3464024743,0.04743377996
1324,13.240000,-0.3551409692,0.04567787517,4.470348358e-06,-3.159046173e-06,-3.159046173e-06,1.496076584e-05,0,5.69003e-11,3.5925e-06,0.044963005,-0.03187251091,-0.3527202821,0.04770324897
1325,13.250000,-0.3608460799,0.04560123291,4.470348358e-06,-3.159046173e-06,-3.159046173e-06,1.496076584e-05,0,5.69003e-11,3.5925e-06,0.044963005,-0.03187251091,-0.3587475099,0.0473886854
1326,13.260000,-0.3661888391,0.0456957994,4.470348358e-06,-3.159046173e-06,-3.159046173e-06,1.496076584e-05,0,5.69003e-11,3.5925e-06,0.044963005,-0.03187251091,-0.3643995703,0.04745300246
1327,13.270000,-0.3714395165,0.04586635251,4.470348358e-06,-3.159046173e-06,-3.159046173e-06,1.496076584e-05,0,5.69003e-11,3.5925e-06,0.044963005,-0.03187251091,-0.3695980882,0.04740154187
1328,13.280000,-0.3753522113,0.04567466304,4.470348358e-06,-3.159046173e-06,-3.159046173e-06,1.496076584e-05,0,5.69003e-11,3.5925e-06,0.044963005,-0.03187251091,-0.3742717317,0.04731386809
1329,13.290000,-0.3801818974,0.0466643367,4.470348358e-06,-3.159046173e-06,-3.159046173e-06,1.496076584e-05,0,5.69003e-11,3.5925e-06,0.044963005,-0.03187251091,-0.3783569588,0.04769961602
1330,13.300000,-0.3828286715,0.04682171717,4.470348358e-06,-3.159046173e-06,-3.159046173e-06,1.496076584e-05,0,5.69003e-11,3.5925e-06,0.044963005,-0.03187251091,-0.3817986705,0.04764586884
1331,13.310000,-0.3855013624,0.04715748038,4.470348358e-06,-3.159046173e-06,-3.159046173e-06,1.496076584e-05,0,5.69003e-11,3.5925e-06,0.044963005,-0.03187251091,-0.3845507636,0.04716594
1332,13.320000,-0.3879573718,0.04749731719,4.470348358e-06,-3.159046173e-06,-3.159046173e-06,1.496076584e-05,0,5.69003e-11,3.5925e-06,0.044963005,-0.03187251091,-0.3865765781,0.04708518146
1333,13.330000,-0.3892454207,0.04777931143,4.470348358e-06,-3.159046173e-06,-3.159046173e-06,1.496076584e-05,0,5.69003e-11,3.5925e-06,0.044963005,-0.03187251091,-0.3878492323,0.04707526711
1334,13.340000,-0.3887955509,0.04747136682,4.470348358e-06,-3.159046173e-06,-3.159046173e-06,1.496076584e-05,0,5.69003e-11,3.5925e-06,0.044963005,-0.03187251091,-0.3883518438,0.04729118499
1335,13.350000,-0.3881677911,0.04741143808,4.470348358e-06,-3.159046173e-06,-3.159046173e-06,1.496076584e-05,0,5.69003e-11,3.5925e-06,0.044963005,-0.03187251091,-0.388077634,0.04726736087
1336,13.360000,-0.3872687332,0.04775753058,4.470348358e-06,-3.159046173e-06,-3.159046173e-06,1.496076584e-05,0,5.69003e-11,3.5925e-06,0.044963005,-0.03187251091,-0.387029914,0.04673293891
1337,13.370000,-0.384884119,0.04739819095,4.470348358e-06,-3.159046173e-06,-3.159046173e-06,1.496076584e-05,0,5.69003e-11,3.5925e-06,0.044963005,-0.03187251091,-0.3852219538,0.04701317555
1338,13.380000,-0.3820595406,0.04710412677,4.470348358e-06,-3.159046173e-06,-3.159046173e-06,1.496076584e-05,0,5.69003e-11,3.5925e-06,0.044963005,-0.03187251091,-0.3826767356,0.04663034059
1339,13.390000,-0.3777701631,0.04679631535,4.470348358e-06,-3.159046173e-06,-3.159046173e-06,1.496076584e-05,0,5.69003e-11,3.5925e-06,0.044963005,-0.03187251091,-0.3794265952,0.04657811208
1340,13.400000,-0.3734547272,0.04707604274,4.470348358e-06,-3.159046173e-06,-3.159046173e-06,1.496076584e-05,0,5.69003e-11,3.5925e-06,0.044963005,-0.03187251091,-0.375512755,0.04673599017
1341,13.410000,-0.369294811,0.04721373785,4.470348358e-06,-3.159046173e-06,-3.159046173e-06,1.496076584e-05,0,5.69003e-11,3.5925e-06,0.044963005,-0.03187251091,-0.3709847546,0.04664355857
1342,13.420000,-0.363989383,0.04695499875,4.470348358e-06,-3.159046173e-06,-3.159046173e-06,1.496076584e-05,0,5.69003e-11,3.5925e-06,0.044963005,-0.03187251091,-0.3658997864,0.04710027842
1343,13.430000,-0.3573358543,0.04658680409,4.470348358e-06,-3.159046173e-06,-3.159046173e-06,1.496076584e-05,0,5.69003e-11,3.5925e-06,0.044963005,-0.03187251091,-0.3603219428,0.0475725868
1344,13.440000,-0.3515971191,0.04709637817,4.470348358e-06,-3.159046173e-06,-3.159046173e-06,1.496076584e-05,0,5.69003e-11,3.5925e-06,0.044963005,-0.03187251091,-0.3543213855,0.04724313127
1345,13.450000,-0.3450371101,0.04718735628,4.470348358e-06,-3.159046173e-06,-3.159046173e-06,1.496076584e-05,0,5.69003e-11,3.5925e-06,0.044963005,-0.03187251091,-0.3479734452,0.0475245623
1346,13.460000,-0.3384702057,0.04719452467,4.470348358e-06,-3.159046173e-06,-3.159046173e-06,1.496076584e-05,0,5.69003e-11,3.5925e-06,0.044963005,-0.03187251091,-0.3413576632,0.04710756145
1347,13.470000,-0.3317863084,0.04731876124,4.470348358e-06,-3.159046173e-06,-3.159046173e-06,1.496076584e-05,0,5.69003e-11,3.5925e-06,0.044963005,-0.03187251091,-0.334556786,0.04745257821
1348,13.480000,-0.3255936876,0.04790760484,4.470348358e-06,-3.159046173e-06,-3.159046173e-06,1.496076584e-05,0,5.69003e-11,3.5925e-06,0.044963005,-0.03187251091,-0.3276557245,0.04688940447
1349,13.490000,-0.3182751313,0.047544403,4.470348358e-06,-3.159046173e-06,-3.159046173e-06,1.496076584e-05,0,5.69003e-11,3.5925e-06,0.044963005,-0.03187251091,-0.3207404896,0.0469283209
1350,13.500000,-0.3127275109,0.0481823869,4.470348358e-06,-3.159046173e-06,-3.159046173e-06,1.496076584e-05,0,5.69003e-11,3.5925e-06,0.044963005,-0.03187251091,-0.3138971176,0.04672850463
1351,13.510000,-0.3060785756,0.04829531349,4.470348358e-06,-3.159046173e-06,-3.159046173e-06,1.496076584e-05,0,5.69003e-11,3.5925e-06,0.044963005,-0.03187251091,-0.3072105974,0.0467452805
1352,13.520000,-0.2992730737,0.04801696446,4.470348358e-06,-3.159046173e-06,-3.159046173e-06,1.496076584e-05,0,5.69003e-11,3.5925e-06,0.044963005,-0.03187251091,-0.3007638117,0.04676576824
1353,13.530000,-0.2939236984,0.04820380826,4.470348358e-06,-3.159046173e-06,-3.159046173e-06,1.496076584e-05,0,5.69003e-11,3.5925e-06,0.044963005,-0.03187251091,-0.2946365048,0.04657262742
1354,13.540000,-0.288464129,0.04846906569,4.470348358e-06,-3.159046173e-06,-3.159046173e-06,1.496076584e-05,0,5.69003e-11,3.5925e-06,0.044963005,-0.03187251091,-0.2889042896,0.0465396305
1355,13.550000,-0.284937866,0.04912111256,4.470348358e-06,-3.159046173e-06,-3.159046173e-06,1.496076584e-05,0,5.69003e-11,3.5925e-06,0.044963005,-0.03187251091,-0.2836377045,0.04724383198
1356,13.560000,-0.2806626931,0.04912774079,4.470348358e-06,-3.159046173e-06,-3.159046173e-06,1.496076584e-05,0,5.69003e-11,3.5925e-06,0.044963005,-0.03187251091,-0.2789013319,0.04763066364
1357,13.570000,-0.2767023891,0.04900805559,4.470348358e-06,-3.159046173e-06,-3.159046173e-06,1.496076584e-05,0,5.69003e-11,3.5925e-06,0.044963005,-0.03187251091,-0.2747529877,0.04758814539
1358,13.580000,-0.273185797,0.04902575817,4.470348358e-06,-3.159046173e-06,-3.159046173e-06,1.496076584e-05,0,5.69003e-11,3.5925e-06,0.044963005,-0.03187251091,-0.2712429925,0.04723961538
1359,13.590000,-0.2709271312,0.04902342614,4.470348358e-06,-3.159046173e-06,-3.159046173e-06,1.496076584e-05,0,5.69003e-11,3.5925e-06,0.044963005,-0.03187251091,-0.2684135322,0.0475097752
1360,13.600000,-0.2684372514,0.04834785499,4.470348358e-06,-3.159046173e-06,-3.159046173e-06,1.496076584e-05,0,5.69003e-11,3.5925e-06,0.044963005,-0.03187251091,-0.2662981154,0.04712354381
1361,13.610000,-0.2684027664,0.04865722731,4.470348358e-06,-3.159046173e-06,-3.159046173e-06,1.496076584e-05,0,5.69003e-11,3.5925e-06,0.044963005,-0.03187251091,-0.2649211346,0.0473892431
1362,13.620000,-0.2675659694,0.04836039059,4.470348358e-06,-3.159046173e-06,-3.159046173e-06,1.496076584e-05,0,5.69003e-11,3.5925e-06,0.044963005,-0.03187251091,-0.2642975358,0.0469188435
1363,13.630000,-0.2685722485,0.04862896726,4.470348358e-06,-3.159046173e-06,-3.159046173e-06,1.496076584e-05,0,5.69003e-11,3.5925e-06,0.044963005,-0.03187251091,-0.2644326006,0.04665219873
1364,13.640000,-0.2700700611,0.04883620515,4.470348358e-06,-3.159046173e-06,-3.159046173e-06,1.496076584e-05,0,5.69003e-11,3.5925e-06,0.044963005,-0.03187251091,-0.265321844,0.04642334552
1365,13.650000,-0.2722446248,0.04878009949,4.470348358e-06,-3.159046173e-06,-3.159046173e-06,1.496076584e-05,0,5.69003e-11,3.5925e-06,0.044963005,-0.03187251091,-0.2669510279,0.04669137614
1366,13.660000,-0.275068026,0.048770044,4.470348358e-06,-3.159046173e-06,-3.159046173e-06,1.496076584e-05,0,5.69003e-11,3.5925e-06,0.044963005,-0.03187251091,-0.2692962917,0.04654493122
1367,13.670000,-0.2793292515,0.04910290893,4.470348358e-06,-3.159046173e-06,-3.159046173e-06,1.496076584e-05,0,5.69003e-11,3.5925e-06,0.044963005,-0.03187251091,-0.2723243977,0.04588201309
1368,13.680000,-0.2824449502,0.04883832205,4.470348358e-06,-3.159046173e-06,-3.159046173e-06,1.496076584e-05,0,5.69003e-11,3.5925e-06,0.044963005,-0.03187251091,-0.275993089,0.04594747337
1369,13.690000,-0.2860813253,0.04849966336,4.470348358e-06,-3.159046173e-06,-3.159046173e-06,1.496076584e-05,0,5.69003e-11,3.5925e-06,0.044963005,-0.03187251091,-0.2802515552,0.04559490805
1370,13.700000,-0.291858606,0.0488826232,4.470348358e-06,-3.159046173e-06,-3.159046173e-06,1.496076584e-05,0,5.69003e-11,3.5925e-06,0.044963005,-0.03187251091,-0.2850410023,0.04524827252
1371,13.710000,-0.2964212298,0.04826250765,4.470348358e-06,-3.159046173e-06,-3.159046173e-06,1.496076584e-05,0,5.69003e-11,3.5925e-06,0.044963005,-0.03187251091,-0.2902953179,0.04477957807
1372,13.720000,-0.3022860438,0.04803544283,4.470348358e-06,-3.159046173e-06,-3.159046173e-06,1.496076584e-05,0,5.69003e-11,3.5925e-06,0.044963005,-0.03187251091,-0.2959418265,0.04467805069
1373,13.730000,-0.3080199547,0.04817960784,4.470348358e-06,-3.159046173e-06,-3.159046173e-06,1.496076584e-05,0,5.69003e-11,3.5925e-06,0.044963005,-0.03187251091,-0.3019021248,0.04461924807
1374,13.740000,-0.3149963059,0.04871055577,4.470348358e-06,-3.159046173e-06,-3.159046173e-06,1.496076584e-05,0,5.69003e-11,3.5925e-06,0.044963005,-0.03187251091,-0.3080929881,0.04460444829
1375,13.750000,-0.3219122775,0.04893834889,4.470348358e-06,-3.159046173e-06,-3.159046173e-06,1.496076584e-05,0,5.69003e-11,3.5925e-06,0.044963005,-0.03187251091,-0.3144273367,0.04469901108
1376,13.760000,-0.3277488723,0.04859450925,4.470348358e-06,-3.159046173e-06,-3.159046173e-06,1.496076584e-05,0,5.69003e-11,3.5925e-06,0.044963005,-0.03187251091,-0.3208152529,0.04436735653
1377,13.770000,-0.3337001428,0.04829356913,4.470348358e-06,-3.159046173e-06,-3.159046173e-06,1.496076584e-05,0,5.69003e-11,3.5925e-06,0.044963005,-0.03187251091,-0.3271650346,0.04438626449
1378,13.780000,-0.3396352194,0.04823078122,4.470348358e-06,-3.159046173e-06,-3.159046173e-06,1.496076584e-05,0,5.69003e-11,3.5925e-06,0.044963005,-0.03187251091,-0.3333842757,0.04472376072
1379,13.790000,-0.3452812098,0.04788729083,4.470348358e-06,-3.159046173e-06,-3.159046173e-06,1.496076584e-05,0,5.69003e-11,3.5925e-06,0.044963005,-0.03187251091,-0.3393809588,0.04393858298
1380,13.800000,-0.3503507785,0.04796585813,4.470348358e-06,-3.159046173e-06,-3.159046173e-06,1.496076584e-05,0,5.69003e-11,3.5925e-06,0.044963005,-0.03187251091,-0.3450645499,0.04387400694
1381,13.810000,-0.3549878821,0.04724924173,4.470348358e-06,-3.159046173e-06,-3.159046173e-06,1.496076584e-05,0,5.69003e-11,3.5925e-06,0.044963005,-0.03187251091,-0.3503470799,0.04401698788
1382,13.820000,-0.3591462523,0.04718148895,4.470348358e-06,-3.159046173e-06,-3.159046173e-06,1.496076584e-05,0,5.69003e-11,3.5925e-06,0.044963005,-0.03187251091,-0.3551442028,0.04392570262
1383,13.830000,-0.3626502901,0.04679739289,4.470348358e-06,-3.159046173e-06,-3.159046173e-06,1.496076584e-05,0,5.69003e-11,3.5925e-06,0.044963005,-0.03187251091,-0.3593762168,0.04436428586
1384,13.840000,-0.3654614724,0.04652032163,4.470348358e-06,-3.159046173e-06,-3.159046173e-06,1.496076584e-05,0,5.69003e-11,3.5925e-06,0.044963005,-0.03187251091,-0.3629690374,0.04407212753
1385,13.850000,-0.3683769815,0.04685078189,4.470348358e-06,-3.159046173e-06,-3.159046173e-06,1.496076584e-05,0,5.69003e-11,3.5925e-06,0.044963005,-0.03187251091,-0.3658551104,0.04377818128
1386,13.860000,-0.3697006963,0.0464684125,4.470348358e-06,-3.159046173e-06,-3.159046173e-06,1.496076584e-05,0,5.69003e-11,3.5925e-06,0.044963005,-0.03187251091,-0.3679742553,0.04423603337
1387,13.870000,-0.3717344031,0.04697613511,4.470348358e-06,-3.159046173e-06,-3.159046173e-06,1.496076584e-05,0,5.69003e-11,3.5925e-06,0.044963005,-0.03187251091,-0.3692744279,0.04443685126
1388,13.880000,-0.3710564338,0.04668312613,4.470348358e-06,-3.159046173e-06,-3.159046173e-06,1.496076584e-05,0,5.69003e-11,3.5925e-06,0.044963005,-0.03187251091,-0.3697123944,0.04420634765
1389,13.890000,-0.3705026545,0.0466655232,4.470348358e-06,-3.159046173e-06,-3.159046173e-06,1.496076584e-05,0,5.69003e-11,3.5925e-06,0.044963005,-0.03187251091,-0.3692543082,0.04378689469
1390,13.900000,-0.3689449318,0.04666288942,4.470348358e-06,-3.159046173e-06,-3.159046173e-06,1.496076584e-05,0,5.69003e-11,3.5925e-06,0.044963005,-0.03187251091,-0.3678761835,0.04359798037
1391,13.910000,-0.3664503396,0.04640903417,4.470348358e-06,-3.159046173e-06,-3.159046173e-06,1.496076584e-05,0,5.69003e-11,3.5925e-06,0.044963005,-0.03187251091,-0.3655642588,0.04401831633
1392,13.920000,-0.3625552356,0.04634467606,4.470348358e-06,-3.159046173e-06,-3.159046173e-06,1.496076584e-05,0,5.69003e-11,3.5925e-06,0.044963005,-0.03187251091,-0.3623152471,0.04363315965
1393,13.930000,-0.3589599654,0.04657886457,4.470348358e-06,-3.159046173e-06,-3.159046173e-06,1.496076584e-05,0,5.69003e-11,3.5925e-06,0.044963005,-0.03187251091,-0.3581364688,0.04329955145
1394,13.940000,-0.3530871198,0.04637230281,4.470348358e-06,-3.159046173e-06,-3.159046173e-06,1.496076584e-05,0,5.69003e-11,3.5925e-06,0.044963005,-0.03187251091,-0.353045866,0.04355239518
1395,13.950000,-0.34671361,0.04634517897,4.470348358e-06,-3.159046173e-06,-3.159046173e-06,1.496076584e-05,0,5.69003e-11,3.5925e-06,0.044963005,-0.03187251091,-0.3470718977,0.04352065368
1396,13.960000,-0.3383792788,0.04604618717,4.470348358e-06,-3.159046173e-06,-3.159046173e-06,1.496076584e-05,0,5.69003e-11,3.5925e-06,0.044963005,-0.03187251091,-0.3402533161,0.04347273779
1397,13.970000,-0.3305587247,0.0461710915,4.470348358e-06,-3.159046173e-06,-3.159046173e-06,1.496076584e-05,0,5.69003e-11,3.5925e-06,0.044963005,-0.03187251091,-0.3326388278,0.04357323792
1398,13.980000,-0.322092697,0.04593385663,4.470348358e-06,-3.159046173e-06,-3.159046173e-06,1.496076584e-05,0,5.69003e-11,3.5925e-06,0.044963005,-0.03187251091,-0.3242866415,0.04356599475
1399,13.990000,-0.3130557053,0.04632951599,4.470348358e-06,-3.159046173e-06,-3.159046173e-06,1.496076584e-05,0,5.69003e-11,3.5925e-06,0.044963005,-0.03187251091,-0.3152639084,0.04342480374
1400,14.000000,-0.3033213913,0.04677946493,4.470348358e-06,-3.159046173e-06,-3.159046173e-06,1.496076584e-05,0,5.69003e-11,3.5925e-06,0.044963005,-0.03187251091,-0.3056460609,0.04335423687
1401,14.010000,-0.2937092222,0.04719685484,4.470348358e-06,-3.159046173e-06,-3.159046173e-06,1.496076584e-05,0,5.69003e-11,3.5925e-06,0.044963005,-0.03187251091,-0.2955160571,0.04343023451
1402,14.020000,-0.2823253646,0.04695655219,4.470348358e-06,-3.159046173e-06,-3.159046173e-06,1.496076584e-05,0,5.69003e-11,3.5925e-06,0.044963005,-0.03187251091,-0.2849635388,0.04349020308
1403,14.030000,-0.2711877897,0.04695016239,4.470348358e-06,-3.159046173e-06,-3.159046173e-06,1.496076584e-05,0,5.69003e-11,3.5925e-06,0.044963005,-0.03187251091,-0.2740839128,0.04296876534
1404,14.040000,-0.2602374442,0.04711183533,4.470348358e-06,-3.159046173e-06,-3.159046173e-06,1.496076584e-05,0,5.69003e-11,3.5925e-06,0.044963005,-0.03187251091,-0.2629773657,0.04387070112
1405,14.050000,-0.2495322116,0.04707722273,4.470348358e-06,-3.159046173e-06,-3.159046173e-06,1.496076584e-05,0,5.69003e-11,3.5925e-06,0.044963005,-0.03187251091,-0.2517478221,0.04447253789
1406,14.060000,-0.2391446009,0.04742891621,4.470348358e-06,-3.159046173e-06,-3.159046173e-06,1.496076584e-05,0,5.69003e-11,3.5925e-06,0.044963005,-0.03187251091,-0.2405018599,0.04496606086
1407,14.070000,-0.2278253101,0.04750844091,4.470348358e-06,-3.159046173e-06,-3.159046173e-06,1.496076584e-05,0,5.69003e-11,3.5925e-06,0.044963005,-0.03187251091,-0.2293475919,0.04532974817
1408,14.080000,-0.2167476341,0.04717428144,4.470348358e-06,-3.159046173e-06,-3.159046173e-06,1.496076584e-05,0,5.69003e-11,3.5925e-06,0.044963005,-0.03187251091,-0.2183935287,0.04537816069
1409,14.090000,-0.2063645758,0.04714100063,4.470348358e-06,-3.159046173e-06,-3.159046173e-06,1.496076584e-05,0,5.69003e-11,3.5925e-06,0.044963005,-0.03187251091,-0.2077474341,0.04561054491
1410,14.100000,-0.1972253211,0.04771432932,4.470348358e-06,-3.159046173e-06,-3.159046173e-06,1.496076584e-05,0,5.69003e-11,3.5925e-06,0.044963005,-0.03187251091,-0.1975151861,0.04556655308
1411,14.110000,-0.1872487515,0.04792149458,4.470348358e-06,-3.159046173e-06,-3.159046173e-06,1.496076584e-05,0,5.69003e-11,3.5925e-06,0.044963005,-0.03187251091,-0.1877996562,0.04600833168
1412,14.120000,-0.1787214391,0.04810454883,4.470348358e-06,-3.159046173e-06,-3.159046173e-06,1.496076584e-05,0,5.69003e-11,3.5925e-06,0.044963005,-0.03187251091,-0.1786996197,0.04584485425
1413,14.130000,-0.170292411,0.04771358147,4.470348358e-06,-3.159046173e-06,-3.159046173e-06,1.496076584e-05,0,5.69003e-11,3.5925e-06,0.044963005,-0.03187251091,-0.1703087088,0.04591544004
1414,14.140000,-0.1640400663,0.048194387,4.470348358e-06,-3.159046173e-06,-3.159046173e-06,1.496076584e-05,0,5.69003e-11,3.5925e-06,0.044963005,-0.03187251091,-0.1627144203,0.04612916394
1415,14.150000,-0.156848602,0.04778106604,4.470348358e-06,-3.159046173e-06,-3.159046173e-06,1.496076584e-05,0,5.69003e-11,3.5925e-06,0.044963005,-0.03187251091,-0.1559971889,0.04642010021
1416,14.160000,-0.1519867554,0.04793072399,4.470348358e-06,-3.159046173e-06,-3.159046173e-06,1.496076584e-05,0,5.69003e-11,3.5925e-06,0.044963005,-0.03187251091,-0.150229537,0.04593248187
1417,14.170000,-0.1474473737,0.04772682115,4.470348358e-06,-3.159046173e-06,-3.159046173e-06,1.496076584e-05,0,5.69003e-11,3.5925e-06,0.044963005,-0.03187251091,-0.1454753088,0.04554573275
1418,14.180000,-0.1447519511,0.04786974285,4.470348358e-06,-3.159046173e-06,-3.159046173e-06,1.496076584e-05,0,5.69003e-11,3.5925e-06,0.044963005,-0.03187251091,-0.1417889998,0.04550698127
1419,14.190000,-0.1425854415,0.04771469999,4.470348358e-06,-3.159046173e-06,-3.159046173e-06,1.496076584e-05,0,5.69003e-11,3.5925e-06,0.044963005,-0.03187251091,-0.1392151865,0.04517045413
1420,14.200000,-0.1421877481,0.04780681338,4.470348358e-06,-3.159046173e-06,-3.159046173e-06,1.496076584e-05,0,5.69003e-11,3.5925e-06,0.044963005,-0.03187251091,-0.1377880642,0.04600571174
1421,14.210000,-0.1421387307,0.04731968418,4.470348358e-06,-3.159046173e-06,-3.159046173e-06,1.496076584e-05,0,5.69003e-11,3.5925e-06,0.044963005,-0.03187251091,-0.1375310978,0.04630680328
1422,14.220000,-0.143463105,0.04725564271,4.470348358e-06,-3.159046173e-06,-3.159046173e-06,1.496076584e-05,0,5.69003e-11,3.5925e-06,0.044963005,-0.03187251091,-0.1384567886,0.04608798421
1423,14.230000,-0.1466991045,0.04763741791,4.470348358e-06,-3.159046173e-06,-3.159046173e-06,1.496076584e-05,0,5.69003e-11,3.5925e-06,0.044963005,-0.03187251091,-0.1405665605,0.04577384716
1424,14.240000,-0.1504508145,0.04776474368,4.470348358e-06,-3.159046173e-06,-3.159046173e-06,1.496076584e-05,0,5.69003e-11,3.5925e-06,0.044963005,-0.03187251091,-0.1438507667,0.04560503128
1425,14.250000,-0.1555075459,0.04769162089,4.470348358e-06,-3.159046173e-06,-3.159046173e-06,1.496076584e-05,0,5.69003e-11,3.5925e-06,0.044963005,-0.03187251091,-0.1482888157,0.04512826417
1426,14.260000,-0.1613983214,0.04719562456,4.470348358e-06,-3.159046173e-06,-3.159046173e-06,1.496076584e-05,0,5.69003e-11,3.5925e-06,0.044963005,-0.03187251091,-0.1538494165,0.04521164387
1427,14.270000,-0.1690713316,0.04751465283,4.470348358e-06,-3.159046173e-06,-3.159046173e-06,1.496076584e-05,0,5.69003e-11,3.5925e-06,0.044963005,-0.03187251091,-0.1604909389,0.04496691683
1428,14.280000,-0.1764040552,0.04688479565,4.470348358e-06,-3.159046173e-06,-3.159046173e-06,1.496076584e-05,0,5.69003e-11,3.5925e-06,0.044963005,-0.03187251091,-0.1681618853,0.04510684275
1429,14.290000,-0.1844424233,0.04630522523,4.470348358e-06,-3.159046173e-06,-3.159046173e-06,1.496076584e-05,0,5.69003e-11,3.5925e-06,0.044963005,-0.03187251091,-0.1768014686,0.04510137572
1430,14.300000,-0.1944635361,0.04611176532,4.470348358e-06,-3.159046173e-06,-3.159046173e-06,1.496076584e-05,0,5.69003e-11,3.5925e-06,0.044963005,-0.03187251091,-0.1863402897,0.04535351808
1431,14.310000,-0.2041608095,0.04583312664,4.470348358e-06,-3.159046173e-06,-3.159046173e-06,1.496076584e-05,0,5.69003e-11,3.5925e-06,0.044963005,-0.03187251091,-0.1967011058,0.04562306224
1432,14.320000,-0.2153798938,0.04547062423,4.470348358e-06,-3.159046173e-06,-3.159046173e-06,1.496076584e-05,0,5.69003e-11,3.5925e-06,0.044963005,-0.03187251091,-0.2077996821,0.04584333007
1433,14.330000,-0.2269714661,0.04534750525,4.470348358e-06,-3.159046173e-06,-3.159046173e-06,1.496076584e-05,0,5.69003e-11,3.5925e-06,0.044963005,-0.03187251091,-0.2195457166,0.04621830089
1434,14.340000,-0.2394641042,0.04515209422,4.470348358e-06,-3.159046173e-06,-3.159046173e-06,1.496076584e-05,0,5.69003e-11,3.5925e-06,0.044963005,-0.03187251091,-0.2318438278,0.04584023992
1435,14.350000,-0.2519331127,0.04505689163,4.470348358e-06,-3.159046173e-06,-3.159046173e-06,1.496076584e-05,0,5.69003e-11,3.5925e-06,0.044963005,-0.03187251091,-0.2445945929,0.04577931491
1436,14.360000,-0.2660029307,0.04521922302,4.470348358e-06,-3.159046173e-06,-3.159046173e-06,1.496076584e-05,0,5.69003e-11,3.5925e-06,0.044963005,-0.03187251091,-0.2576956262,0.04617636695
1437,14.370000,-0.2788203172,0.04482835066,4.470348358e-06,-3.159046173e-06,-3.159046173e-06,1.496076584e-05,0,5.69003e-11,3.5925e-06,0.044963005,-0.03187251091,-0.2710426857,0.04612095276
1438,14.380000,-0.2910846882,0.04432631657,4.470348358e-06,-3.159046173e-06,-3.159046173e-06,1.496076584e-05,0,5.69003e-11,3.5925e-06,0.044963005,-0.03187251091,-0.2845307928,0.04682552008
1439,14.390000,-0.3051665574,0.04457532987,4.470348358e-06,-3.159046173e-06,-3.159046173e-06,1.496076584e-05,0,5.69003e-11,3.5925e-06,0.044963005,-0.03187251091,-0.2980553561,0.04723192795
1440,14.400000,-0.3182975836,0.04436631035,4.470348358e-06,-3.159046173e-06,-3.159046173e-06,1.496076584e-05,0,5.69003e-11,3.5925e-06,0.044963005,-0.03187251091,-0.3115132836,0.04763889644
1441,14.410000,-0.3308198005,0.0441298224,4.470348358e-06,-3.159046173e-06,-3.159046173e-06,1.496076584e-05,0,5.69003e-11,3.5925e-06,0.044963005,-0.03187251091,-0.3248040724,0.04785892833
1442,14.420000,-0.3432930857,0.04376510531,4.470348358e-06,-3.159046173e-06,-3.159046173e-06,1.496076584e-05,0,5.69003e-11,3.5925e-06,0.044963005,-0.03187251091,-0.3378308631,0.04772147829
1443,14.430000,-0.3546482585,0.04323268682,4.470348358e-06,-3.159046173e-06,-3.159046173e-06,1.496076584e-05,0,5.69003e-11,3.5925e-06,0.044963005,-0.03187251091,-0.3505014475,0.04762387294
1444,14.440000,-0.3670036234,0.04343696125,4.470348358e-06,-3.159046173e-06,-3.159046173e-06,1.496076584e-05,0,5.69003e-11,3.5925e-06,0.044963005,-0.03187251091,-0.3627292172,0.04760502684
1445,14.450000,-0.3779080957,0.04291989841,4.470348358e-06,-3.159046173e-06,-3.159046173e-06,1.496076584e-05,0,5.69003e-11,3.5925e-06,0.044963005,-0.03187251091,-0.3744340441,0.04834100037
1446,14.460000,-0.3896143474,0.04333416186,4.470348358e-06,-3.159046173e-06,-3.159046173e-06,1.496076584e-05,0,5.69003e-11,3.5925e-06,0.044963005,-0.03187251091,-0.3855430816,0.04890099115
1447,14.470000,-0.399597656,0.04318412114,4.470348358e-06,-3.159046173e-06,-3.159046173e-06,1.496076584e-05,0,5.69003e-11,3.5925e-06,0.044963005,-0.03187251091,-0.3959914783,0.04936087012
1448,14.480000,-0.4078035504,0.04264904838,4.470348358e-06,-3.159046173e-06,-3.159046173e-06,1.496076584e-05,0,5.69003e-11,3.5925e-06,0.044963005,-0.03187251091,-0.4057229964,0.04956683452
1449,14.490000,-0.4163017198,0.04219866451,4.470348358e-06,-3.159046173e-06,-3.159046173e-06,1.496076584e-05,0,5.69003e-11,3.5925e-06,0.044963005,-0.03187251091,-0.4146905275,0.04964300075
1450,14.500000,-0.4244831502,0.0421390431,4.470348358e-06,-3.159046173e-06,-3.159046173e-06,1.496076584e-05,0,5.69003e-11,3.5925e-06,0.044963005,-0.03187251091,-0.4228565004,0.04970469099
1451,14.510000,-0.4311961271,0.04221856315,4.470348358e-06,-3.159046173e-06,-3.159046173e-06,1.496076584e-05,0,5.69003e-11,3.5925e-06,0.044963005,-0.03187251091,-0.4301931768,0.04984448205
1452,14.520000,-0.4372626506,0.04241933301,4.470348358e-06,-3.159046173e-06,-3.159046173e-06,1.496076584e-05,0,5.69003e-11,3.5925e-06,0.044963005,-0.03187251091,-0.4366828319,0.04988906736
1453,14.530000,-0.4416849539,0.0420417944,4.470348358e-06,-3.159046173e-06,-3.159046173e-06,1.496076584e-05,0,5.69003e-11,3.5925e-06,0.044963005,-0.03187251091,-0.4423178173,0.05046842224
1454,14.540000,-0.4458524995,0.0421028696,4.470348358e-06,-3.159046173e-06,-3.159046173e-06,1.496076584e-05,0,5.69003e-11,3.5925e-06,0.044963005,-0.03187251091,-0.4471005066,0.05045762698
1455,14.550000,-0.4488735609,0.04182552453,4.470348358e-06,-3.159046173e-06,-3.159046173e-06,1.496076584e-05,0,5.69003e-11,3.5925e-06,0.044963005,-0.03187251091,-0.4510431248,0.05046766273
1456,14.560000,-0.4511856176,0.04142518062,4.470348358e-06,-3.159046173e-06,-3.159046173e-06,1.496076584e-05,0,5.69003e-11,3.5925e-06,0.044963005,-0.03187251091,-0.4541674625,0.05054536372
1457,14.570000,-0.4533373415,0.04167084489,4.470348358e-06,-3.159046173e-06,-3.159046173e-06,1.496076584e-05,0,5.69003e-11,3.5925e-06,0.044963005,-0.03187251091,-0.4565044806,0.05012115907
1458,14.580000,-0.4539039284,0.04117988609,4.470348358e-06,-3.159046173e-06,-3.159046173e-06,1.496076584e-05,0,5.69003e-11,3.5925e-06,0.044963005,-0.03187251091,-0.458093808,0.0504858535
1459,14.590000,-0.4547129944,0.04178572074,4.470348358e-06,-3.159046173e-06,-3.159046173e-06,1.496076584e-05,0,5.69003e-11,3.5925e-06,0.044963005,-0.03187251091,-0.4589831398,0.05064901993
1460,14.600000,-0.4550563768,0.04220210575,4.470348358e-06,-3.159046173e-06,-3.159046173e-06,1.496076584e-05,0,5.69003e-11,3.5925e-06,0.044963005,-0.03187251091,-0.4592275436,0.05051038465
1461,14.610000,-0.4555697814,0.04285534099,4.470348358e-06,-3.159046173e-06,-3.159046173e-06,1.496076584e-05,0,5.69003e-11,3.5925e-06,0.044963005,-0.03187251091,-0.4588886802,0.05082421557
1462,14.620000,-0.4542005993,0.04266408738,4.470348358e-06,-3.159046173e-06,-3.159046173e-06,1.496076584e-05,0,5.69003e-11,3.5925e-06,0.044963005,-0.03187251091,-0.4580339504,0.05096274687
1463,14.630000,-0.452669099,0.04261977226,4.470348358e-06,-3.159046173e-06,-3.159046173e-06,1.496076584e-05,0,5.69003e-11,3.5925e-06,0.044963005,-0.03187251091,-0.4567355759,0.05036758031
1464,14.640000,-0.4518696852,0.04315186199,4.470348358e-06,-3.159046173e-06,-3.159046173e-06,1.496076584e-05,0,5.69003e-11,3.5925e-06,0.044963005,-0.03187251091,-0.4550696263,0.05036247363
1465,14.650000,-0.4497435652,0.04307722207,4.470348358e-06,-3.159046173e-06,-3.159046173e-06,1.496076584e-05,0,5.69003e-11,3.5925e-06,0.044963005,-0.03187251091,-0.4531150035,0.05027720393
1466,14.660000,-0.4479552507,0.0431104647,4.470348358e-06,-3.159046173e-06,-3.159046173e-06,1.496076584e-05,0,5.69003e-11,3.5925e-06,0.044963005,-0.03187251091,-0.4509523947,0.05070823231
1467,14.670000,-0.4460575879,0.04356674291,4.470348358e-06,-3.159046173e-06,-3.159046173e-06,1.496076584e-05,0,5.69003e-11,3.5925e-06,0.044963005,-0.03187251091,-0.4486632078,0.0506112516
1468,14.680000,-0.4445259087,0.04420467373,4.470348358e-06,-3.159046173e-06,-3.159046173e-06,1.496076584e-05,0,5.69003e-11,3.5925e-06,0.044963005,-0.03187251091,-0.4463284993,0.05081348128
1469,14.690000,-0.4431924149,0.04475038964,4.470348358e-06,-3.159046173e-06,-3.159046173e-06,1.496076584e-05,0,5.69003e-11,3.5925e-06,0.044963005,-0.03187251091,-0.4440279101,0.0506832695
1470,14.700000,-0.4409683608,0.04459969793,4.470348358e-06,-3.159046173e-06,-3.159046173e-06,1.496076584e-05,0,5.69003e-11,3.5925e-06,0.044963005,-0.03187251091,-0.4418386192,0.0499465157
1471,14.710000,-0.4388652146,0.0445561409,4.470348358e-06,-3.159046173e-06,-3.159046173e-06,1.496076584e-05,0,5.69003e-11,3.5925e-06,0.044963005,-0.03187251091,-0.439834329,0.05001138397
1472,14.720000,-0.436603494,0.04465383105,4.470348358e-06,-3.159046173e-06,-3.159046173e-06,1.496076584e-05,0,5.69003e-11,3.5925e-06,0.044963005,-0.03187251091,-0.4380842937,0.05005768012
1473,14.730000,-0.4349176511,0.04443538189,4.470348358e-06,-3.159046173e-06,-3.159046173e-06,1.496076584e-05,0,5.69003e-11,3.5925e-06,0.044963005,-0.03187251091,-0.4366524018,0.04965836456
1474,14.740000,-0.4346024916,0.04479972925,4.470348358e-06,-3.159046173e-06,-3.159046173e-06,1.496076584e-05,0,5.69003e-11,3.5925e-06,0.044963005,-0.03187251091,-0.4355963241,0.04942835344
1475,14.750000,-0.4339941293,0.04497885983,4.470348358e-06,-3.159046173e-06,-3.159046173e-06,1.496076584e-05,0,5.69003e-11,3.5925e-06,0.044963005,-0.03187251091,-0.434966737,0.04942187662
1476,14.760000,-0.4344740137,0.04507335275,4.470348358e-06,-3.159046173e-06,-3.159046173e-06,1.496076584e-05,0,5.69003e-11,3.5925e-06,0.044963005,-0.03187251091,-0.4348066294,0.04944242328
1477,14.770000,-0.4342103936,0.04477403685,4.470348358e-06,-3.159046173e-06,-3.159046173e-06,1.496076584e-05,0,5.69003e-11,3.5925e-06,0.044963005,-0.03187251091,-0.4351507031,0.0499198501
1478,14.780000,-0.4359982759,0.04512968007,4.470348358e-06,-3.159046173e-06,-3.159046173e-06,1.496076584e-05,0,5.69003e-11,3.5925e-06,0.044963005,-0.03187251091,-0.4360248719,0.04938769481
1479,14.790000,-0.4385004044,0.04555941653,4.470348358e-06,-3.159046173e-06,-3.159046173e-06,1.496076584e-05,0,5.69003e-11,3.5925e-06,0.044963005,-0.03187251091,-0.4374458671,0.04957941165
1480,14.800000,-0.4408341199,0.04577292874,4.470348358e-06,-3.159046173e-06,-3.159046173e-06,1.496076584e-05,0,5.69003e-11,3.5925e-06,0.044963005,-0.03187251091,-0.4394209523,0.04909308703
1481,14.810000,-0.4440716729,0.04595256876,4.470348358e-06,-3.159046173e-06,-3.159046173e-06,1.496076584e-05,0,5.69003e-11,3.5925e-06,0.044963005,-0.03187251091,-0.4419477524,0.04908875769
1482,14.820000,-0.4476501681,0.0460251756,4.470348358e-06,-3.159046173e-06,-3.159046173e-06,1.496076584e-05,0,5.69003e-11,3.5925e-06,0.044963005,-0.03187251091,-0.4450141991,0.04916680251
1483,14.830000,-0.4509007446,0.04573440552,4.470348358e-06,-3.159046173e-06,-3.159046173e-06,1.496076584e-05,0,5.69003e-11,3.5925e-06,0.044963005,-0.03187251091,-0.4485985915,0.04935015433
1484,14.840000,-0.4557449967,0.04595567659,4.470348358e-06,-3.159046173e-06,-3.159046173e-06,1.496076584e-05,0,5.69003e-11,3.5925e-06,0.044963005,-0.03187251091,-0.452669775,0.04945737929
1485,14.850000,-0.4599898495,0.04589613155,4.470348358e-06,-3.159046173e-06,-3.159046173e-06,1.496076584e-05,0,5.69003e-11,3.5925e-06,0.044963005,-0.03187251091,-0.4571874321,0.04951250182
1486,14.860000,-0.464880161,0.0455209706,4.470348358e-06,-3.159046173e-06,-3.159046173e-06,1.496076584e-05,0,5.69003e-11,3.5925e-06,0.044963005,-0.03187251091,-0.4621024865,0.0502505458
1487,14.870000,-0.4702653773,0.04523916077,4.470348358e-06,-3.159046173e-06,-3.159046173e-06,1.496076584e-05,0,5.69003e-11,3.5925e-06,0.044963005,-0.03187251091,-0.4673576123,0.05029426315
1488,14.880000,-0.475383956,0.04496504366,4.470348358e-06,-3.159046173e-06,-3.159046173e-06,1.496076584e-05,0,5.69003e-11,3.5925e-06,0.044963005,-0.03187251091,-0.472887845,0.04988450206
1489,14.890000,-0.4815611541,0.04528592806,4.470348358e-06,-3.159046173e-06,-3.159046173e-06,1.496076584e-05,0,5.69003e-11,3.5925e-06,0.044963005,-0.03187251091,-0.4786212859,0.04998997634
1490,14.900000,-0.4877369888,0.04555835295,4.470348358e-06,-3.159046173e-06,-3.159046173e-06,1.496076584e-05,0,5.69003e-11,3.5925e-06,0.044963005,-0.03187251091,-0.4844798932,0.05021304962
1491,14.910000,-0.492965918,0.04565818608,4.470348358e-06,-3.159046173e-06,-3.159046173e-06,1.496076584e-05,0,5.69003e-11,3.5925e-06,0.044963005,-0.03187251091,-0.4903803499,0.05025709286
1492,14.920000,-0.4977374338,0.04528060183,4.470348358e-06,-3.159046173e-06,-3.159046173e-06,1.496076584e-05,0,5.69003e-11,3.5925e-06,0.044963005,-0.03187251091,-0.4962349988,0.0502278341
1493,14.930000,-0.5033818148,0.04546624236,4.470348358e-06,-3.159046173e-06,-3.159046173e-06,1.496076584e-05,0,5.69003e-11,3.5925e-06,0.044963005,-0.03187251091,-0.5019528347,0.050135809
1494,14.940000,-0.5083451569,0.04516804684,4.470348358e-06,-3.159046173e-06,-3.159046173e-06,1.496076584e-05,0,5.69003e-11,3.5925e-06,0.044963005,-0.03187251091,-0.5074405413,0.04962689402
1495,14.950000,-0.5135527924,0.04531362932,4.470348358e-06,-3.159046173e-06,-3.159046173e-06,1.496076584e-05,0,5.69003e-11,3.5925e-06,0.044963005,-0.03187251091,-0.512603562,0.04961924038
1496,14.960000,-0.5175772421,0.04494764935,4.470348358e-06,-3.159046173e-06,-3.159046173e-06,1.496076584e-05,0,5.69003e-11,3.5925e-06,0.044963005,-0.03187251091,-0.5173471916,0.04951442003
1497,14.970000,-0.521964021,0.04514801688,4.470348358e-06,-3.159046173e-06,-3.159046173e-06,1.496076584e-05,0,5.69003e-11,3.5925e-06,0.044963005,-0.03187251091,-0.5215776774,0.04869998475
1498,14.980000,-0.5255267322,0.0453318134,4.470348358e-06,-3.159046173e-06,-3.159046173e-06,1.496076584e-05,0,5.69003e-11,3.5925e-06,0.044963005,-0.03187251091,-0.5252033152,0.04814308133
1499,14.990000,-0.528015174,0.04519485403,4.470348358e-06,-3.159046173e-06,-3.159046173e-06,1.496076584e-05,0,5.69003e-11,3.5925e-06,0.044963005,-0.03187251091,-0.5281355306,0.04837996688
1500,15.000000,-0.5300349295,0.04528399836,4.470348358e-06,-3.159046173e-06,-3.159046173e-06,1.496076584e-05,0,5.69003e-11,3.5925e-06,0.044963005,-0.03187251091,-0.5302899297,0.04873273398
1501,15.010000,-0.530751843,0.04528860282,4.470348358e-06,-3.159046173e-06,-3.159046173e-06,1.496076584e-05,0,5.69003e-11,3.5925e-06,0.044963005,-0.03187251091,-0.5315873097,0.04828910548
1502,15.020000,-0.5310073495,0.04550741334,4.470348358e-06,-3.159046173e-06,-3.159046173e-06,1.496076584e-05,0,5.69003e-11,3.5925e-06,0.044963005,-0.03187251091,-0.531954617,0.04832634085
1503,15.030000,-0.5300545394,0.04537651595,4.470348358e-06,-3.159046173e-06,-3.159046173e-06,1.496076584e-05,0,5.69003e-11,3.5925e-06,0.044963005,-0.03187251091,-0.5313258408,0.04851367056
1504,15.040000,-0.5286137797,0.04587950092,4.470348358e-06,-3.159046173e-06,-3.159046173e-06,1.496076584e-05,0,5.69003e-11,3.5925e-06,0.044963005,-0.03187251091,-0.5296428337,0.04858820372
1505,15.050000,-0.5248023085,0.0458928952,4.470348358e-06,-3.159046173e-06,-3.159046173e-06,1.496076584e-05,0,5.69003e-11,3.5925e-06,0.044963005,-0.03187251091,-0.5268560477,0.04817747261
1506,15.060000,-0.5206348896,0.04602747224,4.470348358e-06,-3.159046173e-06,-3.159046173e-06,1.496076584e-05,0,5.69003e-11,3.5925e-06,0.044963005,-0.03187251091,-0.5229251785,0.048056756
1507,15.070000,-0.5154750012,0.04653855786,4.470348358e-06,-3.159046173e-06,-3.159046173e-06,1.496076584e-05,0,5.69003e-11,3.5925e-06,0.044963005,-0.03187251091,-0.5178197101,0.04837935552
1508,15.080000,-0.5091308914,0.04697758425,4.470348358e-06,-3.159046173e-06,-3.159046173e-06,1.496076584e-05,0,5.69003e-11,3.5925e-06,0.044963005,-0.03187251091,-0.5115193528,0.04812721855
1509,15.090000,-0.501185514,0.04722100869,4.470348358e-06,-3.159046173e-06,-3.159046173e-06,1.496076584e-05,0,5.69003e-11,3.5925e-06,0.044963005,-0.03187251091,-0.5040143704,0.04843037351
1510,15.100000,-0.4932072163,0.04770573135,4.470348358e-06,-3.159046173e-06,-3.159046173e-06,1.496076584e-05,0,5.69003e-11,3.5925e-06,0.044963005,-0.03187251091,-0.4953057914,0.04869205139
1511,15.110000,-0.4825375229,0.04762445576,4.470348358e-06,-3.159046173e-06,-3.159046173e-06,1.496076584e-05,0,5.69003e-11,3.5925e-06,0.044963005,-0.03187251091,-0.4854055022,0.04881562065
1512,15.120000,-0.471778661,0.04817050602,4.470348358e-06,-3.159046173e-06,-3.159046173e-06,1.496076584e-05,0,5.69003e-11,3.5925e-06,0.044963005,-0.03187251091,-0.4743362216,0.04864792434
1513,15.130000,-0.4605344795,0.04903004318,4.470348358e-06,-3.159046173e-06,-3.159046173e-06,1.496076584e-05,0,5.69003e-11,3.5925e-06,0.044963005,-0.03187251091,-0.4621313547,0.04861466052
1514,15.140000,-0.4460802153,0.04904370289,4.470348358e-06,-3.159046173e-06,-3.159046173e-06,1.496076584e-05,0,5.69003e-11,3.5925e-06,0.044963005,-0.03187251091,-0.4488347298,0.0490895465
1515,15.150000,-0.4319343343,0.04927351233,4.470348358e-06,-3.159046173e-06,-3.159046173e-06,1.496076584e-05,0,5.69003e-11,3.5925e-06,0.044963005,-0.03187251091,-0.4345002195,0.0489566402
1516,15.160000,-0.4171049446,0.04959417973,4.470348358e-06,-3.159046173e-06,-3.159046173e-06,1.496076584e-05,0,5.69003e-11,3.5925e-06,0.044963005,-0.03187251091,-0.4191912504,0.04922091466
1517,15.170000,-0.3994155936,0.04884383734,4.470348358e-06,-3.159046173e-06,-3.159046173e-06,1.496076584e-05,0,5.69003e-11,3.5925e-06,0.044963005,-0.03187251091,-0.4029802068,0.04872054921
1518,15.180000,-0.3817088641,0.04899958055,4.470348358e-06,-3.159046173e-06,-3.159046173e-06,1.496076584e-05,0,5.69003e-11,3.5925e-06,0.044963005,-0.03187251091,-0.3859477353,0.04815921997
1519,15.190000,-0.3639707491,0.04918881785,4.470348358e-06,-3.159046173e-06,-3.159046173e-06,1.496076584e-05,0,5.69003e-11,3.5925e-06,0.044963005,-0.03187251091,-0.3681819566,0.04830084415
1520,15.200000,-0.3460097313,0.04963909741,4.470348358e-06,-3.159046173e-06,-3.159046173e-06,1.496076584e-05,0,5.69003e-11,3.5925e-06,0.044963005,-0.03187251091,-0.3497775943,0.04798541343
1521,15.210000,-0.327459611,0.04990549013,4.470348358e-06,-3.159046173e-06,-3.159046173e-06,1.496076584e-05,0,5.69003e-11,3.5925e-06,0.044963005,-0.03187251091,-0.3308350304,0.04800889515
1522,15.220000,-0.307581719,0.04991398752,4.470348358e-06,-3.159046173e-06,-3.159046173e-06,1.496076584e-05,0,5.69003e-11,3.5925e-06,0.044963005,-0.03187251091,-0.3114592966,0.048107739
1523,15.230000,-0.2882962525,0.05037329346,4.470348358e-06,-3.159046173e-06,-3.159046173e-06,1.496076584e-05,0,5.69003e-11,3.5925e-06,0.044963005,-0.03187251091,-0.2917590145,0.04844318391
1524,15.240000,-0.2689381801,0.05107240006,4.470348358e-06,-3.159046173e-06,-3.159046173e-06,1.496076584e-05,0,5.69003e-11,3.5925e-06,0.044963005,-0.03187251091,-0.2718452942,0.04837573101
1525,15.250000,-0.2486324236,0.05100531317,4.470348358e-06,-3.159046173e-06,-3.159046173e-06,1.496076584e-05,0,5.69003e-11,3.5925e-06,0.044963005,-0.03187251091,-0.2518306058,0.04789328206
1526,15.260000,-0.2293496802,0.05145561695,4.470348358e-06,-3.159046173e-06,-3.159046173e-06,1.496076584e-05,0,5.69003e-11,3.5925e-06,0.044963005,-0.03187251091,-0.2318276345,0.04798002243
1527,15.270000,-0.2105132788,0.05215220619,4.470348358e-06,-3.159046173e-06,-3.159046173e-06,1.496076584e-05,0,5.69003e-11,3.5925e-06,0.044963005,-0.03187251091,-0.2119481329,0.04763341802
1528,15.280000,-0.192158591,0.05270472448,4.470348358e-06,-3.159046173e-06,-3.159046173e-06,1.496076584e-05,0,5.69003e-11,3.5925e-06,0.044963005,-0.03187251091,-0.1923017835,0.04737707749
1529,15.290000,-0.174097117,0.05292200297,4.470348358e-06,-3.159046173e-06,-3.159046173e-06,1.496076584e-05,0,5.69003e-11,3.5925e-06,0.044963005,-0.03187251091,-0.1729950827,0.04729385001
1530,15.300000,-0.1549987979,0.05262667127,4.470348358e-06,-3.159046173e-06,-3.159046173e-06,1.496076584e-05,0,5.69003e-11,3.5925e-06,0.044963005,-0.03187251091,-0.1541302606,0.04746881249
1531,15.310000,-0.1362504624,0.05267608538,4.470348358e-06,-3.159046173e-06,-3.159046173e-06,1.496076584e-05,0,5.69003e-11,3.5925e-06,0.044963005,-0.03187251091,-0.1358042472,0.04771741943
1532,15.320000,-0.1190597676,0.05235059932,4.470348358e-06,-3.159046173e-06,-3.159046173e-06,1.496076584e-05,0,5.69003e-11,3.5925e-06,0.044963005,-0.03187251091,-0.1181076964,0.04805407833
1533,15.330000,-0.102643121,0.0521355113,4.470348358e-06,-3.159046173e-06,-3.159046173e-06,1.496076584e-05,0,5.69003e-11,3.5925e-06,0.044963005,-0.03187251091,-0.10112408,0.04738427006
1534,15.340000,-0.0866827406,0.0520647848,4.470348358e-06,-3.159046173e-06,-3.159046173e-06,1.496076584e-05,0,5.69003e-11,3.5925e-06,0.044963005,-0.03187251091,-0.08492886017,0.04725333774
1535,15.350000,-0.07212721184,0.05216221884,4.470348358e-06,-3.159046173e-06,-3.159046173e-06,1.496076584e-05,0,5.69003e-11,3.5925e-06,0.044963005,-0.03187251091,-0.06958875046,0.04719872927
1536,15.360000,-0.05779202282,0.05165058002,4.470348358e-06,-3.159046173e-06,-3.159046173e-06,1.496076584e-05,0,5.69003e-11,3.5925e-06,0.044963005,-0.03187251091,-0.05516107297,0.04758323714
1537,15.370000,-0.04449660704,0.05162549205,4.470348358e-06,-3.159046173e-06,-3.159046173e-06,1.496076584e-05,0,5.69003e-11,3.5925e-06,0.044963005,-0.03187251091,-0.04169321934,0.04795219313
1538,15.380000,-0.03288317472,0.05169648211,4.470348358e-06,-3.159046173e-06,-3.159046173e-06,1.496076584e-05,0,5.69003e-11,3.5925e-06,0.044963005,-0.03187251091,-0.02922222083,0.04762246256
1539,15.390000,-0.02198730782,0.05200377386,4.470348358e-06,-3.159046173e-06,-3.159046173e-06,1.496076584e-05,0,5.69003e-11,3.5925e-06,0.044963005,-0.03187251091,-0.0177744325,0.04722642568
1540,15.400000,-0.01423219219,0.05304839369,4.470348358e-06,-3.159046173e-06,-3.159046173e-06,1.496076584e-05,0,5.69003e-11,3.5925e-06,0.044963005,-0.03187251091,-0.007365334784,0.0473581381
1541,15.410000,-0.00499952957,0.05284113716,4.470348358e-06,-3.159046173e-06,-3.159046173e-06,1.496076584e-05,0,5.69003e-11,3.5925e-06,0.044963005,-0.03187251091,0.002000545562,0.04785104464
1542,15.420000,0.002979140729,0.05262675975,4.470348358e-06,-3.159046173e-06,-3.159046173e-06,1.496076584e-05,0,5.69003e-11,3.5925e-06,0.044963005,-0.03187251091,0.01032959438,0.048080085
1543,15.430000,0.01034780219,0.05228878651,4.470348358e-06,-3.159046173e-06,-3.159046173e-06,1.496076584e-05,0,5.69003e-11,3.5925e-06,0.044963005,-0.03187251091,0.01763894956,0.04818779953
1544,15.440000,0.01687930897,0.05189446453,4.470348358e-06,-3.159046173e-06,-3.159046173e-06,1.496076584e-05,0,5.69003e-11,3.5925e-06,0.044963005,-0.03187251091,0.02395622309,0.04798857134
1545,15.450000,0.0225677453,0.05124892015,4.470348358e-06,-3.159046173e-06,-3.159046173e-06,1.496076584e-05,0,5.69003e-11,3.5925e-06,0.044963005,-0.03187251091,0.02931910895,0.04818233953
1546,15.460000,0.02659388632,0.05124859978,4.470348358e-06,-3.159046173e-06,-3.159046173e-06,1.496076584e-05,0,5.69003e-11,3.5925e-06,0.044963005,-0.03187251091,0.03377488154,0.04799719431
1547,15.470000,0.02983196452,0.05099102855,4.470348358e-06,-3.159046173e-06,-3.159046173e-06,1.496076584e-05,0,5.69003e-11,3.5925e-06,0.044963005,-0.03187251091,0.03737979045,0.04816303382
1548,15.480000,0.03267886862,0.05088675022,4.470348358e-06,-3.159046173e-06,-3.159046173e-06,1.496076584e-05,0,5.69003e-11,3.5925e-06,0.044963005,-0.03187251091,0.04019835857,0.04866963054
1549,15.490000,0.03473540395,0.0504639633,4.470348358e-06,-3.159046173e-06,-3.159046173e-06,1.496076584e-05,0,5.69003e-11,3.5925e-06,0.044963005,-0.03187251091,0.04230259174,0.04823543083
1550,15.500000,0.03572308645,0.05052006338,4.470348358e-06,-3.159046173e-06,-3.159046173e-06,1.496076584e-05,0,5.69003e-11,3.5925e-06,0.044963005,-0.03187251091,0.04377110884,0.04802623064
1551,15.510000,0.03664733469,0.05030383728,4.470348358e-06,-3.159046173e-06,-3.159046173e-06,1.496076584e-05,0,5.69003e-11,3.5925e-06,0.044963005,-0.03187251091,0.04468820257,0.04831832918
1552,15.520000,0.03676594421,0.05062348582,4.470348358e-06,-3.159046173e-06,-3.159046173e-06,1.496076584e-05,0,5.69003e-11,3.5925e-06,0.044963005,-0.03187251091,0.04514284135,0.04833390021
1553,15.530000,0.0376601629,0.04980287049,4.470348358e-06,-3.159046173e-06,-3.159046173e-06,1.496076584e-05,0,5.69003e-11,3.5925e-06,0.044963005,-0.03187251091,0.04522762406,0.04894288917
1554,15.540000,0.0371610783,0.04997310322,4.470348358e-06,-3.159046173e-06,-3.159046173e-06,1.496076584e-05,0,5.69003e-11,3.5925e-06,0.044963005,-0.03187251091,0.04503769931,0.04922949288
1555,15.550000,0.03771314025,0.04931088258,4.470348358e-06,-3.159046173e-06,-3.159046173e-06,1.496076584e-05,0,5.69003e-11,3.5925e-06,0.044963005,-0.03187251091,0.04466966172,0.04939158519
1556,15.560000,0.0378405191,0.04913483467,4.470348358e-06,-3.159046173e-06,-3.159046173e-06,1.496076584e-05,0,5.69003e-11,3.5925e-06,0.044963005,-0.03187251091,0.04422043764,0.04933018606
1557,15.570000,0.03745720163,0.04915609024,4.470348358e-06,-3.159046173e-06,-3.159046173e-06,1.496076584e-05,0,5.69003e-11,3.5925e-06,0.044963005,-0.03187251091,0.04378617309,0.04884737656
1558,15.580000,0.03717669845,0.04927297588,4.470348358e-06,-3.159046173e-06,-3.159046173e-06,1.496076584e-05,0,5.69003e-11,3.5925e-06,0.044963005,-0.03187251091,0.04346113643,0.04945228963
1559,15.590000,0.0377997756,0.04865908436,4.470348358e-06,-3.159046173e-06,-3.159046173e-06,1.496076584e-05,0,5.69003e-11,3.5925e-06,0.044963005,-0.03187251091,0.04333664829,0.04970494274
1560,15.600000,0.03825786337,0.04844880942,4.470348358e-06,-3.159046173e-06,-3.159046173e-06,1.496076584e-05,0,5.69003e-11,3.5925e-06,0.044963005,-0.03187251091,0.04350005081,0.04984839477
1561,15.610000,0.04006933421,0.04761750065,4.470348358e-06,-3.159046173e-06,-3.159046173e-06,1.496076584e-05,0,5.69003e-11,3.5925e-06,0.044963005,-0.03187251091,0.04403372788,0.04961883527
1562,15.620000,0.04101406038,0.04725882504,4.470348358e-06,-3.159046173e-06,-3.159046173e-06,1.496076584e-05,0,5.69003e-11,3.5925e-06,0.044963005,-0.03187251091,0.04501418732,0.0497930871
1563,15.630000,0.0424740836,0.04750401247,4.470348358e-06,-3.159046173e-06,-3.159046173e-06,1.496076584e-05,0,5.69003e-11,3.5925e-06,0.044963005,-0.03187251091,0.04651121558,0.04934978753
1564,15.640000,0.04543172941,0.04721644893,4.470348358e-06,-3.159046173e-06,-3.159046173e-06,1.496076584e-05,0,5.69003e-11,3.5925e-06,0.044963005,-0.03187251091,0.04858711403,0.04917047464
1565,15.650000,0.04772238806,0.04776759911,4.470348358e-06,-3.159046173e-06,-3.159046173e-06,1.496076584e-05,0,5.69003e-11,3.5925e-06,0.044963005,-0.03187251091,0.05129602584,0.04935524015
1566,15.660000,0.05148223042,0.04794347938,4.470348358e-06,-3.159046173e-06,-3.159046173e-06,1.496076584e-05,0,5.69003e-11,3.5925e-06,0.044963005,-0.03187251091,0.05468336061,0.04956656991
1567,15.670000,0.05534223095,0.04817613028,4.470348358e-06,-3.159046173e-06,-3.159046173e-06,1.496076584e-05,0,5.69003e-11,3.5925e-06,0.044963005,-0.03187251091,0.05878532324,0.04944522401
1568,15.680000,0.06232536957,0.04719941691,4.470348358e-06,-3.159046173e-06,-3.159046173e-06,1.496076584e-05,0,5.69003e-11,3.5925e-06,0.044963005,-0.03187251091,0.0636285522,0.04924765706
1569,15.690000,0.06840021536,0.04739183281,4.470348358e-06,-3.159046173e-06,-3.159046173e-06,1.496076584e-05,0,5.69003e-11,3.5925e-06,0.044963005,-0.03187251091,0.06922987112,0.04926031204
1570,15.700000,0.07542904466,0.04725519475,4.470348358e-06,-3.159046173e-06,-3.159046173e-06,1.496076584e-05,0,5.69003e-11,3.5925e-06,0.044963005,-0.03187251091,0.07559615623,0.0488098923
1571,15.710000,0.08243084326,0.04775459506,4.470348358e-06,-3.159046173e-06,-3.159046173e-06,1.496076584e-05,0,5.69003e-11,3.5925e-06,0.044963005,-0.03187251091,0.08272432099,0.04850503457
1572,15.720000,0.09121082351,0.04717662185,4.470348358e-06,-3.159046173e-06,-3.159046173e-06,1.496076584e-05,0,5.69003e-11,3.5925e-06,0.044963005,-0.03187251091,0.09060141783,0.04865377058
1573,15.730000,0.09956285357,0.04767118767,4.470348358e-06,-3.159046173e-06,-3.159046173e-06,1.496076584e-05,0,5.69003e-11,3.5925e-06,0.044963005,-0.03187251091,0.09920485547,0.04887980804
1574,15.740000,0.1091061011,0.04749652743,4.470348358e-06,-3.159046173e-06,-3.159046173e-06,1.496076584e-05,0,5.69003e-11,3.5925e-06,0.044963005,-0.03187251091,0.1085027293,0.04884727593
1575,15.750000,0.1194036715,0.04760430567,4.470348358e-06,-3.159046173e-06,-3.159046173e-06,1.496076584e-05,0,5.69003e-11,3.5925e-06,0.044963005,-0.03187251091,0.1184542604,0.04871584953
1576,15.760000,0.1292133778,0.04809898324,4.470348358e-06,-3.159046173e-06,-3.159046173e-06,1.496076584e-05,0,5.69003e-11,3.5925e-06,0.044963005,-0.03187251091,0.1290103384,0.04866908629
1577,15.770000,0.1401241198,0.048458267,4.470348358e-06,-3.159046173e-06,-3.159046173e-06,1.496076584e-05,0,5.69003e-11,3.5925e-06,0.044963005,-0.03187251091,0.1401141614,0.04911867767
1578,15.780000,0.151165884,0.04884307645,4.470348358e-06,-3.159046173e-06,-3.159046173e-06,1.496076584e-05,0,5.69003e-11,3.5925e-06,0.044963005,-0.03187251091,0.1517019651,0.04912578972
1579,15.790000,0.1639583521,0.04843889363,4.470348358e-06,-3.159046173e-06,-3.159046173e-06,1.496076584e-05,0,5.69003e-11,3.5925e-06,0.044963005,-0.03187251091,0.1637038329,0.04963965399
1580,15.800000,0.1758669354,0.04872090556,4.470348358e-06,-3.159046173e-06,-3.159046173e-06,1.496076584e-05,0,5.69003e-11,3.5925e-06,0.044963005,-0.03187251091,0.1760445781,0.04958155585
1581,15.810000,0.1882232688,0.04894704744,4.470348358e-06,-3.159046173e-06,-3.159046173e-06,1.496076584e-05,0,5.69003e-11,3.5925e-06,0.044963005,-0.03187251091,0.1886446857,0.04969091133
1582,15.820000,0.2015243992,0.04866850376,4.470348358e-06,-3.159046173e-06,-3.159046173e-06,1.496076584e-05,0,5.69003e-11,3.5925e-06,0.044963005,-0.03187251091,0.2014213053,0.04954462772
1583,15.830000,0.2135331593,0.04935063329,4.470348358e-06,-3.159046173e-06,-3.159046173e-06,1.496076584e-05,0,5.69003e-11,3.5925e-06,0.044963005,-0.03187251091,0.2142892819,0.04953850209
1584,15.840000,0.2259653881,0.0494540846,4.470348358e-06,-3.159046173e-06,-3.159046173e-06,1.496076584e-05,0,5.69003e-11,3.5925e-06,0.044963005,-0.03187251091,0.2271622124,0.04968911487
1585,15.850000,0.2385493219,0.04926820286,4.470348358e-06,-3.159046173e-06,-3.159046173e-06,1.496076584e-05,0,5.69003e-11,3.5925e-06,0.044963005,-0.03187251091,0.2399535171,0.04894858156
1586,15.860000,0.2510158718,0.04929840658,4.470348358e-06,-3.159046173e-06,-3.159046173e-06,1.496076584e-05,0,5.69003e-11,3.5925e-06,0.044963005,-0.03187251091,0.2525775116,0.04905062604
1587,15.870000,0.2633193061,0.04918241687,4.470348358e-06,-3.159046173e-06,-3.159046173e-06,1.496076584e-05,0,5.69003e-11,3.5925e-06,0.044963005,-0.03187251091,0.2649504677,0.04900507172
1588,15.880000,0.2750629112,0.04898932111,4.470348358e-06,-3.159046173e-06,-3.159046173e-06,1.496076584e-05,0,5.69003e-11,3.5925e-06,0.044963005,-0.03187251091,0.2769916512,0.04898704064
1589,15.890000,0.2871027105,0.04846945498,4.470348358e-06,-3.159046173e-06,-3.159046173e-06,1.496076584e-05,0,5.69003e-11,3.5925e-06,0.044963005,-0.03187251091,0.288624323,0.04852396573
1590,15.900000,0.2972795218,0.04869339336,4.470348358e-06,-3.159046173e-06,-3.159046173e-06,1.496076584e-05,0,5.69003e-11,3.5925e-06,0.044963005,-0.03187251091,0.299776694,0.04850360548
1591,15.910000,0.3085507788,0.0479759369,4.470348358e-06,-3.159046173e-06,-3.159046173e-06,1.496076584e-05,0,5.69003e-11,3.5925e-06,0.044963005,-0.03187251091,0.3103828205,0.04879507778
1592,15.920000,0.318634741,0.04770925362,4.470348358e-06,-3.159046173e-06,-3.159046173e-06,1.496076584e-05,0,5.69003e-11,3.5925e-06,0.044963005,-0.03187251091,0.3203834305,0.04912500248
1593,15.930000,0.3280301616,0.04738389235,4.470348358e-06,-3.159046173e-06,-3.159046173e-06,1.496076584e-05,0,5.69003e-11,3.5925e-06,0.044963005,-0.03187251091,0.3297266719,0.0489891981
1594,15.940000,0.3367138728,0.04720222764,4.470348358e-06,-3.159046173e-06,-3.159046173e-06,1.496076584e-05,0,5.69003e-11,3.5925e-06,0.044963005,-0.03187251091,0.3383687722,0.04864643824
1595,15.950000,0.3451186344,0.04691956379,4.470348358e-06,-3.159046173e-06,-3.159046173e-06,1.496076584e-05,0,5.69003e-11,3.5925e-06,0.044963005,-0.03187251091,0.3462746035,0.04821171624
1596,15.960000,0.3525466695,0.04645757936,4.470348358e-06,-3.159046173e-06,-3.159046173e-06,1.496076584e-05,0,5.69003e-11,3.5925e-06,0.044963005,-0.03187251091,0.3534181451,0.048823731
1597,15.970000,0.3589072824,0.04601588007,4.470348358e-06,-3.159046173e-06,-3.159046173e-06,1.496076584e-05,0,5.69003e-11,3.5925e-06,0.044963005,-0.03187251091,0.3597828382,0.0488840718
1598,15.980000,0.3636496291,0.04635643307,4.470348358e-06,-3.159046173e-06,-3.159046173e-06,1.496076584e-05,0,5.69003e-11,3.5925e-06,0.044963005,-0.03187251091,0.3653618297,0.04846999796
1599,15.990000,0.3676831275,0.04610842001,4.470348358e-06,-3.159046173e-06,-3.159046173e-06,1.496076584e-05,0,5.69003e-11,3.5925e-06,0.044963005,-0.03187251091,0.3701581,0.04921689425
1600,16.000000,0.3711492717,0.04604723491,4.470348358e-06,-3.159046173e-06,-3.159046173e-06,1.496076584e-05,0,5.69003e-11,3.5925e-06,0.044963005,-0.03187251091,0.3741844749,0.04930792858
1601,16.010000,0.3745999001,0.04565760307,4.470348358e-06,-3.159046173e-06,-3.159046173e-06,1.496076584e-05,0,5.69003e-11,3.5925e-06,0.044963005,-0.03187251091,0.3774635204,0.04928461296
1602,16.020000,0.3767125085,0.04570883326,4.470348358e-06,-3.159046173e-06,-3.159046173e-06,1.496076584e-05,0,5.69003e-11,3.5925e-06,0.044963005,-0.03187251091,0.3800273217,0.04930018992
1603,16.030000,0.3796239421,0.04515793268,4.470348358e-06,-3.159046173e-06,-3.159046173e-06,1.496076584e-05,0,5.69003e-11,3.5925e-06,0.044963005,-0.03187251091,0.3819171488,0.04969177395
1604,16.040000,0.3804193884,0.04525387287,4.470348358e-06,-3.159046173e-06,-3.159046173e-06,1.496076584e-05,0,5.69003e-11,3.5925e-06,0.044963005,-0.03187251091,0.3831830122,0.04989992735
1605,16.050000,0.3813692704,0.04511503968,4.470348358e-06,-3.159046173e-06,-3.159046173e-06,1.496076584e-05,0,5.69003e-11,3.5925e-06,0.044963005,-0.03187251091,0.3838831133,0.05009526851
1606,16.060000,0.3813148066,0.04520413652,4.470348358e-06,-3.159046173e-06,-3.159046173e-06,1.496076584e-05,0,5.69003e-11,3.5925e-06,0.044963005,-0.03187251091,0.3840831967,0.05022178316
1607,16.070000,0.3808740079,0.04508590885,4.470348358e-06,-3.159046173e-06,-3.159046173e-06,1.496076584e-05,0,5.69003e-11,3.5925e-06,0.044963005,-0.03187251091,0.3838558107,0.05013262035
1608,16.080000,0.3797632307,0.04525224026,4.470348358e-06,-3.159046173e-06,-3.159046173e-06,1.496076584e-05,0,5.69003e-11,3.5925e-06,0.044963005,-0.03187251091,0.3832794841,0.05015021439
1609,16.090000,0.3790249266,0.0450257957,4.470348358e-06,-3.159046173e-06,-3.159046173e-06,1.496076584e-05,0,5.69003e-11,3.5925e-06,0.044963005,-0.03187251091,0.3824378302,0.05029867558
1610,16.100000,0.3784718066,0.04477402382,4.470348358e-06,-3.159046173e-06,-3.159046173e-06,1.496076584e-05,0,5.69003e-11,3.5925e-06,0.044963005,-0.03187251091,0.3814185862,0.05040418955
1611,16.110000,0.3778368458,0.04449765384,4.470348358e-06,-3.159046173e-06,-3.159046173e-06,1.496076584e-05,0,5.69003e-11,3.5925e-06,0.044963005,-0.03187251091,0.3803126002,0.05052205824
1612,16.120000,0.3781556748,0.04368260968,4.470348358e-06,-3.159046173e-06,-3.159046173e-06,1.496076584e-05,0,5.69003e-11,3.5925e-06,0.044963005,-0.03187251091,0.3792127769,0.05040660216
1613,16.130000,0.3771912493,0.04388782196,4.470348358e-06,-3.159046173e-06,-3.159046173e-06,1.496076584e-05,0,5.69003e-11,3.5925e-06,0.044963005,-0.03187251091,0.3782129942,0.05025029573
1614,16.140000,0.3769234642,0.04347432591,4.470348358e-06,-3.159046173e-06,-3.159046173e-06,1.496076584e-05,0,5.69003e-11,3.5925e-06,0.044963005,-0.03187251091,0.3774070022,0.05077283574
1615,16.150000,0.3771103881,0.04330319911,4.470348358e-06,-3.159046173e-06,-3.159046173e-06,1.496076584e-05,0,5.69003e-11,3.5925e-06,0.044963005,-0.03187251091,0.376887319,0.05106895381
1616,16.160000,0.3763948008,0.04403258208,4.470348358e-06,-3.159046173e-06,-3.159046173e-06,1.496076584e-05,0,5.69003e-11,3.5925e-06,0.044963005,-0.03187251091,0.3767441339,0.05129749788
1617,16.170000,0.3763160817,0.04444132838,4.470348358e-06,-3.159046173e-06,-3.159046173e-06,1.496076584e-05,0,5.69003e-11,3.5925e-06,0.044963005,-0.03187251091,0.3770642318,0.05138426046
1618,16.180000,0.3777147532,0.04453761969,4.470348358e-06,-3.159046173e-06,-3.159046173e-06,1.496076584e-05,0,5.69003e-11,3.5925e-06,0.044963005,-0.03187251091,0.3779299509,0.0511482654
1619,16.190000,0.3795978501,0.04419491719,4.470348358e-06,-3.159046173e-06,-3.159046173e-06,1.496076584e-05,0,5.69003e-11,3.5925e-06,0.044963005,-0.03187251091,0.3794181853,0.0510362488
1620,16.200000,0.3828312419,0.04379113019,4.470348358e-06,-3.159046173e-06,-3.159046173e-06,1.496076584e-05,0,5.69003e-11,3.5925e-06,0.044963005,-0.03187251091,0.3815994448,0.05089590053
1621,16.210000,0.3863687217,0.04350217059,4.470348358e-06,-3.159046173e-06,-3.159046173e-06,1.496076584e-05,0,5.69003e-11,3.5925e-06,0.044963005,-0.03187251091,0.3845369815,0.05118504236
1622,16.220000,0.3901706748,0.04399319924,4.470348358e-06,-3.159046173e-06,-3.159046173e-06,1.496076584e-05,0,5.69003e-11,3.5925e-06,0.044963005,-0.03187251091,0.3882859944,0.05140799678
1623,16.230000,0.394935064,0.04416150693,4.470348358e-06,-3.159046173e-06,-3.159046173e-06,1.496076584e-05,0,5.69003e-11,3.5925e-06,0.044963005,-0.03187251091,0.3928929214,0.05117070508
1624,16.240000,0.4017630331,0.04410650861,4.470348358e-06,-3.159046173e-06,-3.159046173e-06,1.496076584e-05,0,5.69003e-11,3.5925e-06,0.044963005,-0.03187251091,0.3983948251,0.05111561839
1625,16.250000,0.4078883082,0.04444026295,4.470348358e-06,-3.159046173e-06,-3.159046173e-06,1.496076584e-05,0,5.69003e-11,3.5925e-06,0.044963005,-0.03187251091,0.4048188818,0.05142736375
1626,16.260000,0.415475674,0.04459507763,4.470348358e-06,-3.159046173e-06,-3.159046173e-06,1.496076584e-05,0,5.69003e-11,3.5925e-06,0.044963005,-0.03187251091,0.4121819787,0.0513820429
1627,16.270000,0.4242848307,0.04482201301,4.470348358e-06,-3.159046173e-06,-3.159046173e-06,1.496076584e-05,0,5.69003e-11,3.5925e-06,0.044963005,-0.03187251091,0.4204904242,0.05141438227
1628,16.280000,0.4336500354,0.04517982993,4.470348358e-06,-3.159046173e-06,-3.159046173e-06,1.496076584e-05,0,5.69003e-11,3.5925e-06,0.044963005,-0.03187251091,0.4297397744,0.05110952606
1629,16.290000,0.4441684671,0.04520330392,4.470348358e-06,-3.159046173e-06,-3.159046173e-06,1.496076584e-05,0,5.69003e-11,3.5925e-06,0.044963005,-0.03187251091,0.439914779,0.05121058896
1630,16.300000,0.4554389492,0.04533988424,4.470348358e-06,-3.159046173e-06,-3.159046173e-06,1.496076584e-05,0,5.69003e-11,3.5925e-06,0.044963005,-0.03187251091,0.4509894464,0.05108813654
1631,16.310000,0.4677138813,0.04518739507,4.470348358e-06,-3.159046173e-06,-3.159046173e-06,1.496076584e-05,0,5.69003e-11,3.5925e-06,0.044963005,-0.03187251091,0.4629272291,0.05124194077
1632,16.320000,0.4811568558,0.04508170858,4.470348358e-06,-3.159046173e-06,-3.159046173e-06,1.496076584e-05,0,5.69003e-11,3.5925e-06,0.044963005,-0.03187251091,0.4756813248,0.05098133482
1633,16.330000,0.4949624687,0.04508361593,4.470348358e-06,-3.159046173e-06,-3.159046173e-06,1.496076584e-05,0,5.69003e-11,3.5925e-06,0.044963005,-0.03187251091,0.4891950934,0.05123426465
1634,16.340000,0.5094625019,0.045141818,4.470348358e-06,-3.159046173e-06,-3.159046173e-06,1.496076584e-05,0,5.69003e-11,3.5925e-06,0.044963005,-0.03187251091,0.5034025831,0.05164892467
1635,16.350000,0.5249021426,0.04505044315,4.470348358e-06,-3.159046173e-06,-3.159046173e-06,1.496076584e-05,0,5.69003e-11,3.5925e-06,0.044963005,-0.03187251091,0.5182291602,0.05128496601
1636,16.360000,0.5402046107,0.04575014394,4.470348358e-06,-3.159046173e-06,-3.159046173e-06,1.496076584e-05,0,5.69003e-11,3.5925e-06,0.044963005,-0.03187251091,0.5335922372,0.05143584614
1637,16.370000,0.5558945313,0.04618790559,4.470348358e-06,-3.159046173e-06,-3.159046173e-06,1.496076584e-05,0,5.69003e-11,3.5925e-06,0.044963005,-0.03187251091,0.5494020889,0.05123387008
1638,16.380000,0.5719980039,0.0461235391,4.470348358e-06,-3.159046173e-06,-3.159046173e-06,1.496076584e-05,0,5.69003e-11,3.5925e-06,0.044963005,-0.03187251091,0.5655627499,0.05173560823
1639,16.390000,0.5885746777,0.04613342416,4.470348358e-06,-3.159046173e-06,-3.159046173e-06,1.496076584e-05,0,5.69003e-11,3.5925e-06,0.044963005,-0.03187251091,0.5819729817,0.05209142199
1640,16.400000,0.6045763418,0.04672110546,4.470348358e-06,-3.159046173e-06,-3.159046173e-06,1.496076584e-05,0,5.69003e-11,3.5925e-06,0.044963005,-0.03187251091,0.5985273001,0.05205941066
1641,16.410000,0.6215736941,0.04682134744,4.470348358e-06,-3.159046173e-06,-3.159046173e-06,1.496076584e-05,0,5.69003e-11,3.5925e-06,0.044963005,-0.03187251091,0.6151170499,0.05227235938
1642,16.420000,0.6381672062,0.04689868726,4.470348358e-06,-3.159046173e-06,-3.159046173e-06,1.496076584e-05,0,5.69003e-11,3.5925e-06,0.044963005,-0.03187251091,0.6316315172,0.05205456345
1643,16.430000,0.6541235931,0.04677623883,4.470348358e-06,-3.159046173e-06,-3.159046173e-06,1.496076584e-05,0,5.69003e-11,3.5925e-06,0.044963005,-0.03187251091,0.6479590649,0.05206419398
1644,16.440000,0.6694888547,0.047250784,4.470348358e-06,-3.159046173e-06,-3.159046173e-06,1.496076584e-05,0,5.69003e-11,3.5925e-06,0.044963005,-0.03187251091,0.66398828,0.05206808176
1645,16.450000,0.684354011,0.04740067758,4.470348358e-06,-3.159046173e-06,-3.159046173e-06,1.496076584e-05,0,5.69003e-11,3.5925e-06,0.044963005,-0.03187251091,0.6796091193,0.05206843218
1646,16.460000,0.6989232264,0.04751761816,4.470348358e-06,-3.159046173e-06,-3.159046173e-06,1.496076584e-05,0,5.69003e-11,3.5925e-06,0.044963005,-0.03187251091,0.6947140412,0.05225090241
1647,16.470000,0.7131871842,0.04742429871,4.470348358e-06,-3.159046173e-06,-3.159046173e-06,1.496076584e-05,0,5.69003e-11,3.5925e-06,0.044963005,-0.03187251091,0.7091991111,0.05263633547
1648,16.480000,0.7270927764,0.04712127335,4.470348358e-06,-3.159046173e-06,-3.159046173e-06,1.496076584e-05,0,5.69003e-11,3.5925e-06,0.044963005,-0.03187251091,0.7229650676,0.05280227148
1649,16.490000,0.7399337217,0.04699882865,4.470348358e-06,-3.159046173e-06,-3.159046173e-06,1.496076584e-05,0,5.69003e-11,3.5925e-06,0.044963005,-0.03187251091,0.7359183382,0.05261369744
1650,16.500000,0.7515592016,0.04726469889,4.470348358e-06,-3.159046173e-06,-3.159046173e-06,1.496076584e-05,0,5.69003e-11,3.5925e-06,0.044963005,-0.03187251091,0.7479719926,0.05283505848
1651,16.510000,0.7609080635,0.04782371502,4.470348358e-06,-3.159046173e-06,-3.159046173e-06,1.496076584e-05,0,5.69003e-11,3.5925e-06,0.044963005,-0.03187251091,0.7590466241,0.05248268445
1652,16.520000,0.7699731328,0.04793166742,4.470348358e-06,-3.159046173e-06,-3.159046173e-06,1.496076584e-05,0,5.69003e-11,3.5925e-06,0.044963005,-0.03187251091,0.7690711486,0.05230395651
1653,16.530000,0.7794287428,0.04734929372,4.470348358e-06,-3.159046173e-06,-3.159046173e-06,1.496076584e-05,0,5.69003e-11,3.5925e-06,0.044963005,-0.03187251091,0.7779835117,0.05218271531
1654,16.540000,0.7867807671,0.04703904595,4.470348358e-06,-3.159046173e-06,-3.159046173e-06,1.496076584e-05,0,5.69003e-11,3.5925e-06,0.044963005,-0.03187251091,0.7857312982,0.05233788151
1655,16.550000,0.7919171304,0.04732126556,4.470348358e-06,-3.159046173e-06,-3.159046173e-06,1.496076584e-05,0,5.69003e-11,3.5925e-06,0.044963005,-0.03187251091,0.7922722353,0.05211615431
1656,16.560000,0.7964196503,0.04724073596,4.470348358e-06,-3.159046173e-06,-3.159046173e-06,1.496076584e-05,0,5.69003e-11,3.5925e-06,0.044963005,-0.03187251091,0.7975745848,0.05221429888
1657,16.570000,0.7992594056,0.04712014645,4.470348358e-06,-3.159046173e-06,-3.159046173e-06,1.496076584e-05,0,5.69003e-11,3.5925e-06,0.044963005,-0.03187251091,0.8016174204,0.05173615642
1658,16.580000,0.8020692617,0.04682983551,4.470348358e-06,-3.159046173e-06,-3.159046173e-06,1.496076584e-05,0,5.69003e-11,3.5925e-06,0.044963005,-0.03187251091,0.8043907868,0.05173498668
1659,16.590000,0.802557271,0.04747169279,4.470348358e-06,-3.159046173e-06,-3.159046173e-06,1.496076584e-05,0,5.69003e-11,3.5925e-06,0.044963005,-0.03187251091,0.8058957391,0.0517866371
1660,16.600000,0.8013127372,0.0481417682,4.470348358e-06,-3.159046173e-06,-3.159046173e-06,1.496076584e-05,0,5.69003e-11,3.5925e-06,0.044963005,-0.03187251091,0.8061442621,0.05196524556
1661,16.610000,0.7986503951,0.04887801874,4.470348358e-06,-3.159046173e-06,-3.159046173e-06,1.496076584e-05,0,5.69003e-11,3.5925e-06,0.044963005,-0.03187251091,0.8051590709,0.05164687886
1662,16.620000,0.7975395508,0.04808260594,4.470348358e-06,-3.159046173e-06,-3.159046173e-06,1.496076584e-05,0,5.69003e-11,3.5925e-06,0.044963005,-0.03187251091,0.8029732958,0.05191308672
1663,16.630000,0.7944091707,0.04778554011,4.470348358e-06,-3.159046173e-06,-3.159046173e-06,1.496076584e-05,0,5.69003e-11,3.5925e-06,0.044963005,-0.03187251091,0.7996300531,0.05175173762
1664,16.640000,0.789493382,0.04774425458,4.470348358e-06,-3.159046173e-06,-3.159046173e-06,1.496076584e-05,0,5.69003e-11,3.5925e-06,0.044963005,-0.03187251091,0.7951819104,0.05173690889
1665,16.650000,0.784102641,0.04704813194,4.470348358e-06,-3.159046173e-06,-3.159046173e-06,1.496076584e-05,0,5.69003e-11,3.5925e-06,0.044963005,-0.03187251091,0.7896902489,0.0513348112
1666,16.660000,0.7771215439,0.04695730563,4.470348358e-06,-3.159046173e-06,-3.159046173e-06,1.496076584e-05,0,5.69003e-11,3.5925e-06,0.044963005,-0.03187251091,0.7832245328,0.05111844827
1667,16.670000,0.7685768083,0.04739597067,4.470348358e-06,-3.159046173e-06,-3.159046173e-06,1.496076584e-05,0,5.69003e-11,3.5925e-06,0.044963005,-0.03187251091,0.7758614932,0.05082680638
1668,16.680000,0.7608806118,0.04693096783,4.470348358e-06,-3.159046173e-06,-3.159046173e-06,1.496076584e-05,0,5.69003e-11,3.5925e-06,0.044963005,-0.03187251091,0.7676842357,0.05075889729
1669,16.690000,0.7513107806,0.04672225285,4.470348358e-06,-3.159046173e-06,-3.159046173e-06,1.496076584e-05,0,5.69003e-11,3.5925e-06,0.044963005,-0.03187251091,0.7587812823,0.05119396271
1670,16.700000,0.7419718802,0.04642979335,4.470348358e-06,-3.159046173e-06,-3.159046173e-06,1.496076584e-05,0,5.69003e-11,3.5925e-06,0.044963005,-0.03187251091,0.7492455588,0.05097832499
1671,16.710000,0.7322314344,0.04596689064,4.470348358e-06,-3.159046173e-06,-3.159046173e-06,1.496076584e-05,0,5.69003e-11,3.5925e-06,0.044963005,-0.03187251091,0.7391733391,0.05075267479
1672,16.720000,0.7211180441,0.04620440584,4.470348358e-06,-3.159046173e-06,-3.159046173e-06,1.496076584e-05,0,5.69003e-11,3.5925e-06,0.044963005,-0.03187251091,0.7286631573,0.05084984182
1673,16.730000,0.7101435885,0.04587295279,4.470348358e-06,-3.159046173e-06,-3.159046173e-06,1.496076584e-05,0,5.69003e-11,3.5925e-06,0.044963005,-0.03187251091,0.7178147031,0.05036732333
1674,16.740000,0.6992685832,0.04573911149,4.470348358e-06,-3.159046173e-06,-3.159046173e-06,1.496076584e-05,0,5.69003e-11,3.5925e-06,0.044963005,-0.03187251091,0.7067277088,0.05045136964
1675,16.750000,0.6888369247,0.04511887487,4.470348358e-06,-3.159046173e-06,-3.159046173e-06,1.496076584e-05,0,5.69003e-11,3.5925e-06,0.044963005,-0.03187251091,0.6955008448,0.05127152094
1676,16.760000,0.6776154153,0.04528200533,4.470348358e-06,-3.159046173e-06,-3.159046173e-06,1.496076584e-05,0,5.69003e-11,3.5925e-06,0.044963005,-0.03187251091,0.684230633,0.05102017049
1677,16.770000,0.6666004136,0.04538358003,4.470348358e-06,-3.159046173e-06,-3.159046173e-06,1.496076584e-05,0,5.69003e-11,3.5925e-06,0.044963005,-0.03187251091,0.6730103921,0.05130896051
1678,16.780000,0.6563768387,0.0450223228,4.470348358e-06,-3.159046173e-06,-3.159046173e-06,1.496076584e-05,0,5.69003e-11,3.5925e-06,0.044963005,-0.03187251091,0.6619292259,0.05141450051
1679,16.790000,0.645499751,0.04496172909,4.470348358e-06,-3.159046173e-06,-3.159046173e-06,1.496076584e-05,0,5.69003e-11,3.5925e-06,0.044963005,-0.03187251091,0.6510710671,0.05129966089
1680,16.800000,0.6354063489,0.04474232346,4.470348358e-06,-3.159046173e-06,-3.159046173e-06,1.496076584e-05,0,5.69003e-11,3.5925e-06,0.044963005,-0.03187251091,0.6405137861,0.05105304551
1681,16.810000,0.6254611164,0.04466714431,4.470348358e-06,-3.159046173e-06,-3.159046173e-06,1.496076584e-05,0,5.69003e-11,3.5925e-06,0.044963005,-0.03187251091,0.6303283755,0.05108020735
1682,16.820000,0.6162284054,0.04417619202,4.470348358e-06,-3.159046173e-06,-3.159046173e-06,1.496076584e-05,0,5.69003e-11,3.5925e-06,0.044963005,-0.03187251091,0.6205782194,0.05101378736
1683,16.830000,0.6066489033,0.04480157979,4.470348358e-06,-3.159046173e-06,-3.159046173e-06,1.496076584e-05,0,5.69003e-11,3.5925e-06,0.044963005,-0.03187251091,0.6113184561,0.05071642775
1684,16.840000,0.5974687412,0.04538211133,4.470348358e-06,-3.159046173e-06,-3.159046173e-06,1.496076584e-05,0,5.69003e-11,3.5925e-06,0.044963005,-0.03187251091,0.6025954402,0.05038193059
1685,16.850000,0.5898017287,0.04520632327,4.470348358e-06,-3.159046173e-06,-3.159046173e-06,1.496076584e-05,0,5.69003e-11,3.5925e-06,0.044963005,-0.03187251091,0.5944463107,0.04999648049
1686,16.860000,0.581957031,0.04544607457,4.470348358e-06,-3.159046173e-06,-3.159046173e-06,1.496076584e-05,0,5.69003e-11,3.5925e-06,0.044963005,-0.03187251091,0.5868986708,0.05046050606
1687,16.870000,0.5750834495,0.0456711622,4.470348358e-06,-3.159046173e-06,-3.159046173e-06,1.496076584e-05,0,5.69003e-11,3.5925e-06,0.044963005,-0.03187251091,0.5799703801,0.0499494873
1688,16.880000,0.5690144822,0.04556261469,4.470348358e-06,-3.159046173e-06,-3.159046173e-06,1.496076584e-05,0,5.69003e-11,3.5925e-06,0.044963005,-0.03187251091,0.5736694649,0.0501569688
1689,16.890000,0.5638224743,0.04526374117,4.470348358e-06,-3.159046173e-06,-3.159046173e-06,1.496076584e-05,0,5.69003e-11,3.5925e-06,0.044963005,-0.03187251091,0.5679941439,0.05000864122
1690,16.900000,0.5600340627,0.04452942498,4.470348358e-06,-3.159046173e-06,-3.159046173e-06,1.496076584e-05,0,5.69003e-11,3.5925e-06,0.044963005,-0.03187251091,0.5629329717,0.05019061276
1691,16.910000,0.5562683716,0.04438077845,4.470348358e-06,-3.159046173e-06,-3.159046173e-06,1.496076584e-05,0,5.69003e-11,3.5925e-06,0.044963005,-0.03187251091,0.558465096,0.05001617055
1692,16.920000,0.5522989929,0.04466580041,4.470348358e-06,-3.159046173e-06,-3.159046173e-06,1.496076584e-05,0,5.69003e-11,3.5925e-06,0.044963005,-0.03187251091,0.5545606267,0.04975659897
1693,16.930000,0.5496709906,0.04422797635,4.470348358e-06,-3.159046173e-06,-3.159046173e-06,1.496076584e-05,0,5.69003e-11,3.5925e-06,0.044963005,-0.03187251091,0.5511811113,0.04955748382
1694,16.940000,0.5473866872,0.04417650495,4.470348358e-06,-3.159046173e-06,-3.159046173e-06,1.496076584e-05,0,5.69003e-11,3.5925e-06,0.044963005,-0.03187251091,0.5482801121,0.04943084656
1695,16.950000,0.54548347,0.04397035949,4.470348358e-06,-3.159046173e-06,-3.159046173e-06,1.496076584e-05,0,5.69003e-11,3.5925e-06,0.044963005,-0.03187251091,0.5458038772,0.04894632641
1696,16.960000,0.5437509976,0.04414280783,4.470348358e-06,-3.159046173e-06,-3.159046173e-06,1.496076584e-05,0,5.69003e-11,3.5925e-06,0.044963005,-0.03187251091,0.5436920976,0.04873010335
1697,16.970000,0.5413898453,0.04427358042,4.470348358e-06,-3.159046173e-06,-3.159046173e-06,1.496076584e-05,0,5.69003e-11,3.5925e-06,0.044963005,-0.03187251091,0.5418787426,0.04891696076
1698,16.980000,0.5405984931,0.04387455061,4.470348358e-06,-3.159046173e-06,-3.159046173e-06,1.496076584e-05,0,5.69003e-11,3.5925e-06,0.044963005,-0.03187251091,0.5402929612,0.04891159726
1699,16.990000,0.5390384123,0.04430239741,4.470348358e-06,-3.159046173e-06,-3.159046173e-06,1.496076584e-05,0,5.69003e-11,3.5925e-06,0.044963005,-0.03187251091,0.5388600418,0.0492014213
1700,17.000000,0.5380059667,0.04432864115,4.470348358e-06,-3.159046173e-06,-3.159046173e-06,1.496076584e-05,0,5.69003e-11,3.5925e-06,0.044963005,-0.03187251091,0.5375024163,0.04883554081
1701,17.010000,0.5357844569,0.04503752943,4.470348358e-06,-3.159046173e-06,-3.159046173e-06,1.496076584e-05,0,5.69003e-11,3.5925e-06,0.044963005,-0.03187251091,0.536140699,0.04900198825
1702,17.020000,0.5348818302,0.04470020626,4.470348358e-06,-3.159046173e-06,-3.159046173e-06,1.496076584e-05,0,5.69003e-11,3.5925e-06,0.044963005,-0.03187251091,0.5346947462,0.0492387926
1703,17.030000,0.5334411599,0.04452738632,4.470348358e-06,-3.159046173e-06,-3.159046173e-06,1.496076584e-05,0,5.69003e-11,3.5925e-06,0.044963005,-0.03187251091,0.5330847254,0.04922156979
1704,17.040000,0.5319864899,0.044019375,4.470348358e-06,-3.159046173e-06,-3.159046173e-06,1.496076584e-05,0,5.69003e-11,3.5925e-06,0.044963005,-0.03187251091,0.5312321812,0.04864281416
1705,17.050000,0.5300673731,0.04409696255,4.470348358e-06,-3.159046173e-06,-3.159046173e-06,1.496076584e-05,0,5.69003e-11,3.5925e-06,0.044963005,-0.03187251091,0.5290610852,0.04896772132
1706,17.060000,0.5277995616,0.0434254976,4.470348358e-06,-3.159046173e-06,-3.159046173e-06,1.496076584e-05,0,5.69003e-11,3.5925e-06,0.044963005,-0.03187251091,0.5264988574,0.04914159723
1707,17.070000,0.525627207,0.04306191858,4.470348358e-06,-3.159046173e-06,-3.159046173e-06,1.496076584e-05,0,5.69003e-11,3.5925e-06,0.044963005,-0.03187251091,0.5234773483,0.04868138966
1708,17.080000,0.521742478,0.04317012988,4.470348358e-06,-3.159046173e-06,-3.159046173e-06,1.496076584e-05,0,5.69003e-11,3.5925e-06,0.044963005,-0.03187251091,0.5199337679,0.04859341551
1709,17.090000,0.5173664056,0.04307044949,4.470348358e-06,-3.159046173e-06,-3.159046173e-06,1.496076584e-05,0,5.69003e-11,3.5925e-06,0.044963005,-0.03187251091,0.5158115534,0.04814671392
1710,17.100000,0.5121725872,0.0433525797,4.470348358e-06,-3.159046173e-06,-3.159046173e-06,1.496076584e-05,0,5.69003e-11,3.5925e-06,0.044963005,-0.03187251091,0.511061163,0.04801132817
1711,17.110000,0.5073987246,0.04296563007,4.470348358e-06,-3.159046173e-06,-3.159046173e-06,1.496076584e-05,0,5.69003e-11,3.5925e-06,0.044963005,-0.03187251091,0.5056407881,0.04810070094
1712,17.120000,0.5011756681,0.04300902225,4.470348358e-06,-3.159046173e-06,-3.159046173e-06,1.496076584e-05,0,5.69003e-11,3.5925e-06,0.044963005,-0.03187251091,0.4995169745,0.04871540271
1713,17.130000,0.4952504374,0.04225527588,4.470348358e-06,-3.159046173e-06,-3.159046173e-06,1.496076584e-05,0,5.69003e-11,3.5925e-06,0.044963005,-0.03187251091,0.4926651451,0.04898758336
1714,17.140000,0.4869306311,0.04228410404,4.470348358e-06,-3.159046173e-06,-3.159046173e-06,1.496076584e-05,0,5.69003e-11,3.5925e-06,0.044963005,-0.03187251091,0.4850700191,0.04819939496
1715,17.150000,0.478772115,0.04224604368,4.470348358e-06,-3.159046173e-06,-3.159046173e-06,1.496076584e-05,0,5.69003e-11,3.5925e-06,0.044963005,-0.03187251091,0.4767259206,0.04810060418
1716,17.160000,0.4708751813,0.04150081612,4.470348358e-06,-3.159046173e-06,-3.159046173e-06,1.496076584e-05,0,5.69003e-11,3.5925e-06,0.044963005,-0.03187251091,0.4676369753,0.04811420211
1717,17.170000,0.4597521462,0.04213636275,4.470348358e-06,-3.159046173e-06,-3.159046173e-06,1.496076584e-05,0,5.69003e-11,3.5925e-06,0.044963005,-0.03187251091,0.4578171898,0.04780800841
1718,17.180000,0.4494636729,0.04195256624,4.470348358e-06,-3.159046173e-06,-3.159046173e-06,1.496076584e-05,0,5.69003e-11,3.5925e-06,0.044963005,-0.03187251091,0.4472904152,0.04800373215
1719,17.190000,0.4372055903,0.04244869296,4.470348358e-06,-3.159046173e-06,-3.159046173e-06,1.496076584e-05,0,5.69003e-11,3.5925e-06,0.044963005,-0.03187251091,0.4360901933,0.04740227797
1720,17.200000,0.4254058339,0.04218772892,4.470348358e-06,-3.159046173e-06,-3.159046173e-06,1.496076584e-05,0,5.69003e-11,3.5925e-06,0.044963005,-0.03187251091,0.4242594871,0.04679418286
1721,17.210000,0.412721049,0.04189307801,4.470348358e-06,-3.159046173e-06,-3.159046173e-06,1.496076584e-05,0,5.69003e-11,3.5925e-06,0.044963005,-0.03187251091,0.4118503001,0.04654792388
1722,17.220000,0.3998799995,0.04189097974,4.470348358e-06,-3.159046173e-06,-3.159046173e-06,1.496076584e-05,0,5.69003e-11,3.5925e-06,0.044963005,-0.03187251091,0.3989231855,0.04693414663
1723,17.230000,0.386498265,0.04200008605,4.470348358e-06,-3.159046173e-06,-3.159046173e-06,1.496076584e-05,0,5.69003e-11,3.5925e-06,0.044963005,-0.03187251091,0.3855466536,0.04634201689
1724,17.240000,0.3732011355,0.0418342175,4.470348358e-06,-3.159046173e-06,-3.159046173e-06,1.496076584e-05,0,5.69003e-11,3.5925e-06,0.044963005,-0.03187251091,0.3717964827,0.04627776358
1725,17.250000,0.358183451,0.04205404781,4.470348358e-06,-3.159046173e-06,-3.159046173e-06,1.496076584e-05,0,5.69003e-11,3.5925e-06,0.044963005,-0.03187251091,0.3577549404,0.04592042053
1726,17.260000,0.3435984589,0.04209590796,4.470348358e-06,-3.159046173e-06,-3.159046173e-06,1.496076584e-05,0,5.69003e-11,3.5925e-06,0.044963005,-0.03187251091,0.343509926,0.04573485093
1727,17.270000,0.3301213048,0.04175420105,4.470348358e-06,-3.159046173e-06,-3.159046173e-06,1.496076584e-05,0,5.69003e-11,3.5925e-06,0.044963005,-0.03187251091,0.3291540415,0.0452831024
1728,17.280000,0.3161826432,0.04173423443,4.470348358e-06,-3.159046173e-06,-3.159046173e-06,1.496076584e-05,0,5.69003e-11,3.5925e-06,0.044963005,-0.03187251091,0.3147836032,0.04519511475
1729,17.290000,0.3020287678,0.04202017654,4.470348358e-06,-3.159046173e-06,-3.159046173e-06,1.496076584e-05,0,5.69003e-11,3.5925e-06,0.044963005,-0.03187251091,0.3004976044,0.04518622537
1730,17.300000,0.2878599539,0.04207364097,4.470348358e-06,-3.159046173e-06,-3.159046173e-06,1.496076584e-05,0,5.69003e-11,3.5925e-06,0.044963005,-0.03187251091,0.286396641,0.04474891659
1731,17.310000,0.2743486576,0.04215716571,4.470348358e-06,-3.159046173e-06,-3.159046173e-06,1.496076584e-05,0,5.69003e-11,3.5925e-06,0.044963005,-0.03187251091,0.2725818121,0.044370782
1732,17.320000,0.2614826784,0.04159973934,4.470348358e-06,-3.159046173e-06,-3.159046173e-06,1.496076584e-05,0,5.69003e-11,3.5925e-06,0.044963005,-0.03187251091,0.2591536082,0.04426702722
1733,17.330000,0.2484753244,0.04172657989,4.470348358e-06,-3.159046173e-06,-3.159046173e-06,1.496076584e-05,0,5.69003e-11,3.5925e-06,0.044963005,-0.03187251091,0.2462107998,0.04418934495
1734,17.340000,0.2355242223,0.04246689659,4.470348358e-06,-3.159046173e-06,-3.159046173e-06,1.496076584e-05,0,5.69003e-11,3.5925e-06,0.044963005,-0.03187251091,0.2338493385,0.04423193936
1735,17.350000,0.2244520225,0.04205258563,4.470348358e-06,-3.159046173e-06,-3.159046173e-06,1.496076584e-05,0,5.69003e-11,3.5925e-06,0.044963005,-0.03187251091,0.2221612836,0.04409075376
1736,17.360000,0.2150903046,0.04158922844,4.470348358e-06,-3.159046173e-06,-3.159046173e-06,1.496076584e-05,0,5.69003e-11,3.5925e-06,0.044963005,-0.03187251091,0.2112337665,0.04382887431
1737,17.370000,0.2051153667,0.04148678016,4.470348358e-06,-3.159046173e-06,-3.159046173e-06,1.496076584e-05,0,5.69003e-11,3.5925e-06,0.044963005,-0.03187251091,0.2011480041,0.04387104374
1738,17.380000,0.1953881197,0.04202607274,4.470348358e-06,-3.159046173e-06,-3.159046173e-06,1.496076584e-05,0,5.69003e-11,3.5925e-06,0.044963005,-0.03187251091,0.1919783734,0.04414931869
1739,17.390000,0.1879344992,0.04200781044,4.470348358e-06,-3.159046173e-06,-3.159046173e-06,1.496076584e-05,0,5.69003e-11,3.5925e-06,0.044963005,-0.03187251091,0.1837915567,0.04437702003
1740,17.400000,0.1813762933,0.0419853311,4.470348358e-06,-3.159046173e-06,-3.159046173e-06,1.496076584e-05,0,5.69003e-11,3.5925e-06,0.044963005,-0.03187251091,0.1766457691,0.04447685869
1741,17.410000,0.1750754677,0.04265998397,4.470348358e-06,-3.159046173e-06,-3.159046173e-06,1.496076584e-05,0,5.69003e-11,3.5925e-06,0.044963005,-0.03187251091,0.1705900747,0.04468723303
1742,17.420000,0.1706508584,0.04284538794,4.470348358e-06,-3.159046173e-06,-3.159046173e-06,1.496076584e-05,0,5.69003e-11,3.5925e-06,0.044963005,-0.03187251091,0.1656638019,0.0450626255
1743,17.430000,0.1672800481,0.04318813421,4.470348358e-06,-3.159046173e-06,-3.159046173e-06,1.496076584e-05,0,5.69003e-11,3.5925e-06,0.044963005,-0.03187251091,0.1618960624,0.04457306877
1744,17.440000,0.1647133976,0.0434244955,4.470348358e-06,-3.159046173e-06,-3.159046173e-06,1.496076584e-05,0,5.69003e-11,3.5925e-06,0.044963005,-0.03187251091,0.1593053817,0.04420865708
1745,17.450000,0.163178429,0.04370448366,4.470348358e-06,-3.159046173e-06,-3.159046173e-06,1.496076584e-05,0,5.69003e-11,3.5925e-06,0.044963005,-0.03187251091,0.1578994436,0.04430803428
1746,17.460000,0.1640100628,0.04384666681,4.470348358e-06,-3.159046173e-06,-3.159046173e-06,1.496076584e-05,0,5.69003e-11,3.5925e-06,0.044963005,-0.03187251091,0.1576749523,0.04397235681
1747,17.470000,0.1648538038,0.04382646829,4.470348358e-06,-3.159046173e-06,-3.159046173e-06,1.496076584e-05,0,5.69003e-11,3.5925e-06,0.044963005,-0.03187251091,0.1586176149,0.04383153552
1748,17.480000,0.1671285592,0.04427139554,4.470348358e-06,-3.159046173e-06,-3.159046173e-06,1.496076584e-05,0,5.69003e-11,3.5925e-06,0.044963005,-0.03187251091,0.1607022435,0.04386054646
1749,17.490000,0.1711055599,0.04383717664,4.470348358e-06,-3.159046173e-06,-3.159046173e-06,1.496076584e-05,0,5.69003e-11,3.5925e-06,0.044963005,-0.03187251091,0.1638929759,0.0444136505
1750,17.500000,0.1742528118,0.04475367907,4.470348358e-06,-3.159046173e-06,-3.159046173e-06,1.496076584e-05,0,5.69003e-11,3.5925e-06,0.044963005,-0.03187251091,0.1681436139,0.0441463356
1751,17.510000,0.179820314,0.04481460527,4.470348358e-06,-3.159046173e-06,-3.159046173e-06,1.496076584e-05,0,5.69003e-11,3.5925e-06,0.044963005,-0.03187251091,0.1733980739,0.04407306308
1752,17.520000,0.1861527972,0.04503737669,4.470348358e-06,-3.159046173e-06,-3.159046173e-06,1.496076584e-05,0,5.69003e-11,3.5925e-06,0.044963005,-0.03187251091,0.1795909467,0.04400199452
1753,17.530000,0.1924306452,0.04566960037,4.470348358e-06,-3.159046173e-06,-3.159046173e-06,1.496076584e-05,0,5.69003e-11,3.5925e-06,0.044963005,-0.03187251091,0.1866481583,0.0445021966
1754,17.540000,0.2005308531,0.04549223185,4.470348358e-06,-3.159046173e-06,-3.159046173e-06,1.496076584e-05,0,5.69003e-11,3.5925e-06,0.044963005,-0.03187251091,0.1944877267,0.04432519397
1755,17.550000,0.2087131925,0.04563380312,4.470348358e-06,-3.159046173e-06,-3.159046173e-06,1.496076584e-05,0,5.69003e-11,3.5925e-06,0.044963005,-0.03187251091,0.2030206042,0.04464272962
1756,17.560000,0.2179898731,0.04564040899,4.470348358e-06,-3.159046173e-06,-3.159046173e-06,1.496076584e-05,0,5.69003e-11,3.5925e-06,0.044963005,-0.03187251091,0.2121515981,0.04449221138
1757,17.570000,0.2274468876,0.04596573301,4.470348358e-06,-3.159046173e-06,-3.159046173e-06,1.496076584e-05,0,5.69003e-11,3.5925e-06,0.044963005,-0.03187251091,0.2217803571,0.04506753759
1758,17.580000,0.2375885211,0.04615031183,4.470348358e-06,-3.159046173e-06,-3.159046173e-06,1.496076584e-05,0,5.69003e-11,3.5925e-06,0.044963005,-0.03187251091,0.231802415,0.04497222362
1759,17.590000,0.2476603054,0.04618228041,4.470348358e-06,-3.159046173e-06,-3.159046173e-06,1.496076584e-05,0,5.69003e-11,3.5925e-06,0.044963005,-0.03187251091,0.2421102782,0.04544373181
1760,17.600000,0.2577396333,0.04645494465,4.470348358e-06,-3.159046173e-06,-3.159046173e-06,1.496076584e-05,0,5.69003e-11,3.5925e-06,0.044963005,-0.03187251091,0.2525945454,0.04522531069
1761,17.610000,0.2685452811,0.04619436432,4.470348358e-06,-3.159046173e-06,-3.159046173e-06,1.496076584e-05,0,5.69003e-11,3.5925e-06,0.044963005,-0.03187251091,0.2631450486,0.04529733611
1762,17.620000,0.2784944996,0.04641620629,4.470348358e-06,-3.159046173e-06,-3.159046173e-06,1.496076584e-05,0,5.69003e-11,3.5925e-06,0.044963005,-0.03187251091,0.2736519995,0.04508464302
1763,17.630000,0.2878287286,0.04696180485,4.470348358e-06,-3.159046173e-06,-3.159046173e-06,1.496076584e-05,0,5.69003e-11,3.5925e-06,0.044963005,-0.03187251091,0.284007132,0.0455037628
1764,17.640000,0.2983784713,0.04653238319,4.470348358e-06,-3.159046173e-06,-3.159046173e-06,1.496076584e-05,0,5.69003e-11,3.5925e-06,0.044963005,-0.03187251091,0.2941048261,0.04560256497
1765,17.650000,0.3080643453,0.04644314386,4.470348358e-06,-3.159046173e-06,-3.159046173e-06,1.496076584e-05,0,5.69003e-11,3.5925e-06,0.044963005,-0.03187251091,0.3038432007,0.04587796063
1766,17.660000,0.3165066801,0.04694002308,4.470348358e-06,-3.159046173e-06,-3.159046173e-06,1.496076584e-05,0,5.69003e-11,3.5925e-06,0.044963005,-0.03187251091,0.3131251642,0.04578912457
1767,17.670000,0.324530039,0.04740760289,4.470348358e-06,-3.159046173e-06,-3.159046173e-06,1.496076584e-05,0,5.69003e-11,3.5925e-06,0.044963005,-0.03187251091,0.321859411,0.04601708874
1768,17.680000,0.3318912499,0.04772218317,4.470348358e-06,-3.159046173e-06,-3.159046173e-06,1.496076584e-05,0,5.69003e-11,3.5925e-06,0.044963005,-0.03187251091,0.3299613512,0.04573937442
1769,17.690000,0.3394928426,0.04729061667,4.470348358e-06,-3.159046173e-06,-3.159046173e-06,1.496076584e-05,0,5.69003e-11,3.5925e-06,0.044963005,-0.03187251091,0.3373539665,0.04594337269
1770,17.700000,0.345510751,0.04760970641,4.470348358e-06,-3.159046173e-06,-3.159046173e-06,1.496076584e-05,0,5.69003e-11,3.5925e-06,0.044963005,-0.03187251091,0.3439685794,0.04559970876
1771,17.710000,0.3501909673,0.04792268202,4.470348358e-06,-3.159046173e-06,-3.159046173e-06,1.496076584e-05,0,5.69003e-11,3.5925e-06,0.044963005,-0.03187251091,0.3497455295,0.04542709148
1772,17.720000,0.354295861,0.04809267353,4.470348358e-06,-3.159046173e-06,-3.159046173e-06,1.496076584e-05,0,5.69003e-11,3.5925e-06,0.044963005,-0.03187251091,0.3546347487,0.04508046178
1773,17.730000,0.3583326712,0.04788395856,4.470348358e-06,-3.159046173e-06,-3.159046173e-06,1.496076584e-05,0,5.69003e-11,3.5925e-06,0.044963005,-0.03187251091,0.3585962293,0.04490262758
1774,17.740000,0.3599965721,0.04838806763,4.470348358e-06,-3.159046173e-06,-3.159046173e-06,1.496076584e-05,0,5.69003e-11,3.5925e-06,0.044963005,-0.03187251091,0.3616003794,0.04488619117
1775,17.750000,0.3624432944,0.04790541716,4.470348358e-06,-3.159046173e-06,-3.159046173e-06,1.496076584e-05,0,5.69003e-11,3.5925e-06,0.044963005,-0.03187251091,0.3636282625,0.0443517979
1776,17.760000,0.3630809709,0.047973671,4.470348358e-06,-3.159046173e-06,-3.159046173e-06,1.496076584e-05,0,5.69003e-11,3.5925e-06,0.044963005,-0.03187251091,0.3646717186,0.04376391061
1777,17.770000,0.3618565314,0.04823068343,4.470348358e-06,-3.159046173e-06,-3.159046173e-06,1.496076584e-05,0,5.69003e-11,3.5925e-06,0.044963005,-0.03187251091,0.3647333658,0.04363845499
1778,17.780000,0.3604523055,0.04840746149,4.470348358e-06,-3.159046173e-06,-3.159046173e-06,1.496076584e-05,0,5.69003e-11,3.5925e-06,0.044963005,-0.03187251091,0.3638264819,0.04314644948
1779,17.790000,0.3588759229,0.04787833616,4.470348358e-06,-3.159046173e-06,-3.159046173e-06,1.496076584e-05,0,5.69003e-11,3.5925e-06,0.044963005,-0.03187251091,0.3619747691,0.0433519487
1780,17.800000,0.3564626649,0.04740945809,4.470348358e-06,-3.159046173e-06,-3.159046173e-06,1.496076584e-05,0,5.69003e-11,3.5925e-06,0.044963005,-0.03187251091,0.3592120028,0.04345677582
1781,17.810000,0.3530032076,0.04709231481,4.470348358e-06,-3.159046173e-06,-3.159046173e-06,1.496076584e-05,0,5.69003e-11,3.5925e-06,0.044963005,-0.03187251091,0.355581571,0.04331485271
1782,17.820000,0.3486242667,0.046827727,4.470348358e-06,-3.159046173e-06,-3.159046173e-06,1.496076584e-05,0,5.69003e-11,3.5925e-06,0.044963005,-0.03187251091,0.3511359071,0.04302112332
1783,17.830000,0.3423773386,0.04710041452,4.470348358e-06,-3.159046173e-06,-3.159046173e-06,1.496076584e-05,0,5.69003e-11,3.5925e-06,0.044963005,-0.03187251091,0.345935825,0.04255711525
1784,17.840000,0.3358303048,0.04708520416,4.470348358e-06,-3.159046173e-06,-3.159046173e-06,1.496076584e-05,0,5.69003e-11,3.5925e-06,0.044963005,-0.03187251091,0.3400497638,0.04286181739
1785,17.850000,0.3298293017,0.04671093635,4.470348358e-06,-3.159046173e-06,-3.159046173e-06,1.496076584e-05,0,5.69003e-11,3.5925e-06,0.044963005,-0.03187251091,0.333552949,0.04322212816
1786,17.860000,0.322268039,0.04667133745,4.470348358e-06,-3.159046173e-06,-3.159046173e-06,1.496076584e-05,0,5.69003e-11,3.5925e-06,0.044963005,-0.03187251091,0.3265264832,0.04349364571
1787,17.870000,0.3153914101,0.04608142097,4.470348358e-06,-3.159046173e-06,-3.159046173e-06,1.496076584e-05,0,5.69003e-11,3.5925e-06,0.044963005,-0.03187251091,0.3190563738,0.04342977793
1788,17.880000,0.3070470542,0.04617277719,4.470348358e-06,-3.159046173e-06,-3.159046173e-06,1.496076584e-05,0,5.69003e-11,3.5925e-06,0.044963005,-0.03187251091,0.3112325102,0.04329894555
1789,17.890000,0.2986337543,0.04651368689,4.470348358e-06,-3.159046173e-06,-3.159046173e-06,1.496076584e-05,0,5.69003e-11,3.5925e-06,0.044963005,-0.03187251091,0.3031476031,0.04325081924
1790,17.900000,0.2903572842,0.04629250802,4.470348358e-06,-3.159046173e-06,-3.159046173e-06,1.496076584e-05,0,5.69003e-11,3.5925e-06,0.044963005,-0.03187251091,0.2948960959,0.04316580038
1791,17.910000,0.2813089117,0.04609329347,4.470348358e-06,-3.159046173e-06,-3.159046173e-06,1.496076584e-05,0,5.69003e-11,3.5925e-06,0.044963005,-0.03187251091,0.2865730628,0.04313966685
1792,17.920000,0.2742493339,0.04552095663,4.470348358e-06,-3.159046173e-06,-3.159046173e-06,1.496076584e-05,0,5.69003e-11,3.5925e-06,0.044963005,-0.03187251091,0.2782731047,0.04298587845
1793,17.930000,0.2655128576,0.04578674491,4.470348358e-06,-3.159046173e-06,-3.159046173e-06,1.496076584e-05,0,5.69003e-11,3.5925e-06,0.044963005,-0.03187251091,0.270089257,0.04302934715
1794,17.940000,0.2575521357,0.04605023749,4.470348358e-06,-3.159046173e-06,-3.159046173e-06,1.496076584e-05,0,5.69003e-11,3.5925e-06,0.044963005,-0.03187251091,0.2621119203,0.04278803038
1795,17.950000,0.249695994,0.04636624735,4.470348358e-06,-3.159046173e-06,-3.159046173e-06,1.496076584e-05,0,5.69003e-11,3.5925e-06,0.044963005,-0.03187251091,0.2544278265,0.04258768606
1796,17.960000,0.2436414883,0.04568777047,4.470348358e-06,-3.159046173e-06,-3.159046173e-06,1.496076584e-05,0,5.69003e-11,3.5925e-06,0.044963005,-0.03187251091,0.2471190536,0.04221719061
1797,17.970000,0.2368643656,0.04580014013,4.470348358e-06,-3.159046173e-06,-3.159046173e-06,1.496076584e-05,0,5.69003e-11,3.5925e-06,0.044963005,-0.03187251091,0.2402620977,0.04256438301
1798,17.980000,0.2312403955,0.045646335,4.470348358e-06,-3.159046173e-06,-3.159046173e-06,1.496076584e-05,0,5.69003e-11,3.5925e-06,0.044963005,-0.03187251091,0.2339270156,0.0421480128
1799,17.990000,0.2268202342,0.04488314036,4.470348358e-06,-3.159046173e-06,-3.159046173e-06,1.496076584e-05,0,5.69003e-11,3.5925e-06,0.044963005,-0.03187251091,0.2281766453,0.04216102567
1800,18.000000,0.2218419611,0.04512805119,4.470348358e-06,-3.159046173e-06,-3.159046173e-06,1.496076584e-05,0,5.69003e-11,3.5925e-06,0.044963005,-0.03187251091,0.2230659149,0.04234719128
1801,18.010000,0.2179514319,0.04497679509,4.470348358e-06,-3.159046173e-06,-3.159046173e-06,1.496076584e-05,0,5.69003e-11,3.5925e-06,0.044963005,-0.03187251091,0.2186412463,0.04180378592
1802,18.020000,0.2148224115,0.04492155463,4.470348358e-06,-3.159046173e-06,-3.159046173e-06,1.496076584e-05,0,5.69003e-11,3.5925e-06,0.044963005,-0.03187251091,0.2149400622,0.04214109206
1803,18.030000,0.2124568112,0.04472237546,4.470348358e-06,-3.159046173e-06,-3.159046173e-06,1.496076584e-05,0,5.69003e-11,3.5925e-06,0.044963005,-0.03187251091,0.2119903996,0.04205612055
1804,18.040000,0.2103208527,0.04492292833,4.470348358e-06,-3.159046173e-06,-3.159046173e-06,1.496076584e-05,0,5.69003e-11,3.5925e-06,0.044963005,-0.03187251091,0.2098106359,0.04261768611
1805,18.050000,0.2089250758,0.04515366815,4.470348358e-06,-3.159046173e-06,-3.159046173e-06,1.496076584e-05,0,5.69003e-11,3.5925e-06,0.044963005,-0.03187251091,0.2084093301,0.04299878549
1806,18.060000,0.2079233117,0.04533632379,4.470348358e-06,-3.159046173e-06,-3.159046173e-06,1.496076584e-05,0,5.69003e-11,3.5925e-06,0.044963005,-0.03187251091,0.2077851797,0.04335463302
1807,18.070000,0.2091625258,0.04496967327,4.470348358e-06,-3.159046173e-06,-3.159046173e-06,1.496076584e-05,0,5.69003e-11,3.5925e-06,0.044963005,-0.03187251091,0.2079270955,0.0430503608
1808,18.080000,0.2108643875,0.04502450489,4.470348358e-06,-3.159046173e-06,-3.159046173e-06,1.496076584e-05,0,5.69003e-11,3.5925e-06,0.044963005,-0.03187251091,0.2088143913,0.04291226643
1809,18.090000,0.2128428333,0.04519870691,4.470348358e-06,-3.159046173e-06,-3.159046173e-06,1.496076584e-05,0,5.69003e-11,3.5925e-06,0.044963005,-0.03187251091,0.2104170877,0.04325377083
1810,18.100000,0.2155228741,0.04501907993,4.470348358e-06,-3.159046173e-06,-3.159046173e-06,1.496076584e-05,0,5.69003e-11,3.5925e-06,0.044963005,-0.03187251091,0.2126963251,0.04322486952
1811,18.110000,0.21763267,0.04581051879,4.470348358e-06,-3.159046173e-06,-3.159046173e-06,1.496076584e-05,0,5.69003e-11,3.5925e-06,0.044963005,-0.03187251091,0.2156048819,0.04328812284
1812,18.120000,0.2218441367,0.04565531854,4.470348358e-06,-3.159046173e-06,-3.159046173e-06,1.496076584e-05,0,5.69003e-11,3.5925e-06,0.044963005,-0.03187251091,0.2190877912,0.04377608874
1813,18.130000,0.2260852493,0.04526139144,4.470348358e-06,-3.159046173e-06,-3.159046173e-06,1.496076584e-05,0,5.69003e-11,3.5925e-06,0.044963005,-0.03187251091,0.2230830484,0.04356524115
1814,18.140000,0.230402939,0.04532609973,4.470348358e-06,-3.159046173e-06,-3.159046173e-06,1.496076584e-05,0,5.69003e-11,3.5925e-06,0.044963005,-0.03187251091,0.2275224027,0.04342561652
1815,18.150000,0.2353489697,0.04516776744,4.470348358e-06,-3.159046173e-06,-3.159046173e-06,1.496076584e-05,0,5.69003e-11,3.5925e-06,0.044963005,-0.03187251091,0.2323322214,0.04383791922
1816,18.160000,0.2406501696,0.0451855259,4.470348358e-06,-3.159046173e-06,-3.159046173e-06,1.496076584e-05,0,5.69003e-11,3.5925e-06,0.044963005,-0.03187251091,0.2374344186,0.04367216596
1817,18.170000,0.2467517555,0.04461333342,4.470348358e-06,-3.159046173e-06,-3.159046173e-06,1.496076584e-05,0,5.69003e-11,3.5925e-06,0.044963005,-0.03187251091,0.2427474357,0.04372242316
1818,18.180000,0.2522153594,0.0446004644,4.470348358e-06,-3.159046173e-06,-3.159046173e-06,1.496076584e-05,0,5.69003e-11,3.5925e-06,0.044963005,-0.03187251091,0.248187264,0.04341045662
1819,18.190000,0.2575780451,0.04448642023,4.470348358e-06,-3.159046173e-06,-3.159046173e-06,1.496076584e-05,0,5.69003e-11,3.5925e-06,0.044963005,-0.03187251091,0.2536684959,0.04394679692
1820,18.200000,0.2632009387,0.04449165985,4.470348358e-06,-3.159046173e-06,-3.159046173e-06,1.496076584e-05,0,5.69003e-11,3.5925e-06,0.044963005,-0.03187251091,0.2591053933,0.04415860779
1821,18.210000,0.2666031346,0.04521093983,4.470348358e-06,-3.159046173e-06,-3.159046173e-06,1.496076584e-05,0,5.69003e-11,3.5925e-06,0.044963005,-0.03187251091,0.2644129607,0.04383331438
1822,18.220000,0.2721139342,0.04523529019,4.470348358e-06,-3.159046173e-06,-3.159046173e-06,1.496076584e-05,0,5.69003e-11,3.5925e-06,0.044963005,-0.03187251091,0.2695080098,0.04376316149
1823,18.230000,0.2778994776,0.04473288264,4.470348358e-06,-3.159046173e-06,-3.159046173e-06,1.496076584e-05,0,5.69003e-11,3.5925e-06,0.044963005,-0.03187251091,0.2743102039,0.04423995706
1824,18.240000,0.2815141045,0.04536125436,4.470348358e-06,-3.159046173e-06,-3.159046173e-06,1.496076584e-05,0,5.69003e-11,3.5925e-06,0.044963005,-0.03187251091,0.2787430694,0.04420097721
1825,18.250000,0.2851514965,0.04564560764,4.470348358e-06,-3.159046173e-06,-3.159046173e-06,1.496076584e-05,0,5.69003e-11,3.5925e-06,0.044963005,-0.03187251091,0.2827349628,0.0437888427
1826,18.260000,0.2885990739,0.04532127175,4.470348358e-06,-3.159046173e-06,-3.159046173e-06,1.496076584e-05,0,5.69003e-11,3.5925e-06,0.044963005,-0.03187251091,0.2862199815,0.04410404543
1827,18.270000,0.2904095054,0.04566206969,4.470348358e-06,-3.159046173e-06,-3.159046173e-06,1.496076584e-05,0,5.69003e-11,3.5925e-06,0.044963005,-0.03187251091,0.2891388086,0.04466281554
1828,18.280000,0.2929560654,0.04514169227,4.470348358e-06,-3.159046173e-06,-3.159046173e-06,1.496076584e-05,0,5.69003e-11,3.5925e-06,0.044963005,-0.03187251091,0.2914394802,0.0450449206
1829,18.290000,0.2941231914,0.04533938039,4.470348358e-06,-3.159046173e-06,-3.159046173e-06,1.496076584e-05,0,5.69003e-11,3.5925e-06,0.044963005,-0.03187251091,0.2930780679,0.04588886182
1830,18.300000,0.2943773344,0.04553054739,4.470348358e-06,-3.159046173e-06,-3.159046173e-06,1.496076584e-05,0,5.69003e-11,3.5925e-06,0.044963005,-0.03187251091,0.2940192671,0.04603080838
1831,18.310000,0.2946740761,0.04553854559,4.470348358e-06,-3.159046173e-06,-3.159046173e-06,1.496076584e-05,0,5.69003e-11,3.5925e-06,0.044963005,-0.03187251091,0.2942368849,0.04583617074
1832,18.320000,0.2942426391,0.0454821866,4.470348358e-06,-3.159046173e-06,-3.159046173e-06,1.496076584e-05,0,5.69003e-11,3.5925e-06,0.044963005,-0.03187251091,0.2937142207,0.04553799504
1833,18.330000,0.2926919907,0.04531416856,4.470348358e-06,-3.159046173e-06,-3.159046173e-06,1.496076584e-05,0,5.69003e-11,3.5925e-06,0.044963005,-0.03187251091,0.2924443369,0.04593018084
1834,18.340000,0.2904338725,0.04529232625,4.470348358e-06,-3.159046173e-06,-3.159046173e-06,1.496076584e-05,0,5.69003e-11,3.5925e-06,0.044963005,-0.03187251091,0.2904302135,0.04540570619
1835,18.350000,0.2872557677,0.04505899362,4.470348358e-06,-3.159046173e-06,-3.159046173e-06,1.496076584e-05,0,5.69003e-11,3.5925e-06,0.044963005,-0.03187251091,0.2876847874,0.04504245629
1836,18.360000,0.2839726768,0.04484144785,4.470348358e-06,-3.159046173e-06,-3.159046173e-06,1.496076584e-05,0,5.69003e-11,3.5925e-06,0.044963005,-0.03187251091,0.2842308734,0.04529794005
1837,18.370000,0.2788241655,0.0453806622,4.470348358e-06,-3.159046173e-06,-3.159046173e-06,1.496076584e-05,0,5.69003e-11,3.5925e-06,0.044963005,-0.03187251091,0.2801009692,0.04514254037
1838,18.380000,0.2735183313,0.0457782438,4.470348358e-06,-3.159046173e-06,-3.159046173e-06,1.496076584e-05,0,5.69003e-11,3.5925e-06,0.044963005,-0.03187251091,0.2753369453,0.04519437797
1839,18.390000,0.2678950578,0.04589193873,4.470348358e-06,-3.159046173e-06,-3.159046173e-06,1.496076584e-05,0,5.69003e-11,3.5925e-06,0.044963005,-0.03187251091,0.2699896234,0.04520582759
1840,18.400000,0.2623098418,0.04575860593,4.470348358e-06,-3.159046173e-06,-3.159046173e-06,1.496076584e-05,0,5.69003e-11,3.5925e-06,0.044963005,-0.03187251091,0.2641182489,0.04487077685
1841,18.410000,0.2560263015,0.04515676759,4.470348358e-06,-3.159046173e-06,-3.159046173e-06,1.496076584e-05,0,5.69003e-11,3.5925e-06,0.044963005,-0.03187251091,0.2577898612,0.04480688818
1842,18.420000,0.249260895,0.04488866497,4.470348358e-06,-3.159046173e-06,-3.159046173e-06,1.496076584e-05,0,5.69003e-11,3.5925e-06,0.044963005,-0.03187251091,0.2510785706,0.04494285154
1843,18.430000,0.2420703992,0.04489405453,4.470348358e-06,-3.159046173e-06,-3.159046173e-06,1.496076584e-05,0,5.69003e-11,3.5925e-06,0.044963005,-0.03187251091,0.2440647494,0.04535903075
1844,18.440000,0.2340770699,0.04502410069,4.470348358e-06,-3.159046173e-06,-3.159046173e-06,1.496076584e-05,0,5.69003e-11,3.5925e-06,0.044963005,-0.03187251091,0.2368341455,0.04516667279
1845,18.450000,0.2263998687,0.04520820361,4.470348358e-06,-3.159046173e-06,-3.159046173e-06,1.496076584e-05,0,5.69003e-11,3.5925e-06,0.044963005,-0.03187251091,0.2294769299,0.04481051346
1846,18.460000,0.2187334821,0.0452584764,4.470348358e-06,-3.159046173e-06,-3.159046173e-06,1.496076584e-05,0,5.69003e-11,3.5925e-06,0.044963005,-0.03187251091,0.2220866873,0.04492839525
1847,18.470000,0.2110800892,0.04553206358,4.470348358e-06,-3.159046173e-06,-3.159046173e-06,1.496076584e-05,0,5.69003e-11,3.5925e-06,0.044963005,-0.03187251091,0.2147593621,0.04467860844
1848,18.480000,0.2039364912,0.04611100443,4.470348358e-06,-3.159046173e-06,-3.159046173e-06,1.496076584e-05,0,5.69003e-11,3.5925e-06,0.044963005,-0.03187251091,0.2075921714,0.04413699906
1849,18.490000,0.1972142756,0.04612917081,4.470348358e-06,-3.159046173e-06,-3.159046173e-06,1.496076584e-05,0,5.69003e-11,3.5925e-06,0.044963005,-0.03187251091,0.2006824978,0.04427082608
1850,18.500000,0.1904687583,0.0464492524,4.470348358e-06,-3.159046173e-06,-3.159046173e-06,1.496076584e-05,0,5.69003e-11,3.5925e-06,0.044963005,-0.03187251091,0.1941267734,0.04496686157
1851,18.510000,0.1846122928,0.04647292476,4.470348358e-06,-3.159046173e-06,-3.159046173e-06,1.496076584e-05,0,5.69003e-11,3.5925e-06,0.044963005,-0.03187251091,0.188019369,0.04492704758
1852,18.520000,0.1793971993,0.0464535784,4.470348358e-06,-3.159046173e-06,-3.159046173e-06,1.496076584e-05,0,5.69003e-11,3.5925e-06,0.044963005,-0.03187251091,0.1824515005,0.04497381799
1853,18.530000,0.1750542894,0.04644607846,4.470348358e-06,-3.159046173e-06,-3.159046173e-06,1.496076584e-05,0,5.69003e-11,3.5925e-06,0.044963005,-0.03187251091,0.1775101644,0.04441208478
1854,18.540000,0.1725317463,0.04561755527,4.470348358e-06,-3.159046173e-06,-3.159046173e-06,1.496076584e-05,0,5.69003e-11,3.5925e-06,0.044963005,-0.03187251091,0.173277116,0.0442717823
1855,18.550000,0.1697989814,0.04552037548,4.470348358e-06,-3.159046173e-06,-3.159046173e-06,1.496076584e-05,0,5.69003e-11,3.5925e-06,0.044963005,-0.03187251091,0.1698279003,0.04448411568
1856,18.560000,0.1676715501,0.04555644095,4.470348358e-06,-3.159046173e-06,-3.159046173e-06,1.496076584e-05,0,5.69003e-11,3.5925e-06,0.044963005,-0.03187251091,0.1672309481,0.04469428703
1857,18.570000,0.1661748663,0.04559275322,4.470348358e-06,-3.159046173e-06,-3.159046173e-06,1.496076584e-05,0,5.69003e-11,3.5925e-06,0.044963005,-0.03187251091,0.1655467461,0.04448552895
1858,18.580000,0.1651334204,0.04599619098,4.470348358e-06,-3.159046173e-06,-3.159046173e-06,1.496076584e-05,0,5.69003e-11,3.5925e-06,0.044963005,-0.03187251091,0.1648270927,0.04426623469
1859,18.590000,0.1662455499,0.04601051006,4.470348358e-06,-3.159046173e-06,-3.159046173e-06,1.496076584e-05,0,5.69003e-11,3.5925e-06,0.044963005,-0.03187251091,0.1651144456,0.04478688917
1860,18.600000,0.1674308293,0.04627026618,4.470348358e-06,-3.159046173e-06,-3.159046173e-06,1.496076584e-05,0,5.69003e-11,3.5925e-06,0.044963005,-0.03187251091,0.1664413708,0.04470361637
1861,18.610000,0.1701448187,0.04622146674,4.470348358e-06,-3.159046173e-06,-3.159046173e-06,1.496076584e-05,0,5.69003e-11,3.5925e-06,0.044963005,-0.03187251091,0.168830098,0.04454419812
1862,18.620000,0.1748457998,0.0456264643,4.470348358e-06,-3.159046173e-06,-3.159046173e-06,1.496076584e-05,0,5.69003e-11,3.5925e-06,0.044963005,-0.03187251091,0.1722921886,0.04414607258
1863,18.630000,0.1797036007,0.04566830304,4.470348358e-06,-3.159046173e-06,-3.159046173e-06,1.496076584e-05,0,5.69003e-11,3.5925e-06,0.044963005,-0.03187251091,0.1768283194,0.04462028685
1864,18.640000,0.1856835224,0.04550184589,4.470348358e-06,-3.159046173e-06,-3.159046173e-06,1.496076584e-05,0,5.69003e-11,3.5925e-06,0.044963005,-0.03187251091,0.182428185,0.04449306078
1865,18.650000,0.1933293752,0.04518786259,4.470348358e-06,-3.159046173e-06,-3.159046173e-06,1.496076584e-05,0,5.69003e-11,3.5925e-06,0.044963005,-0.03187251091,0.1890705208,0.04484226433
1866,18.660000,0.2017698213,0.04515415989,4.470348358e-06,-3.159046173e-06,-3.159046173e-06,1.496076584e-05,0,5.69003e-11,3.5925e-06,0.044963005,-0.03187251091,0.1967232453,0.04423611183
1867,18.670000,0.211055588,0.04499739595,4.470348358e-06,-3.159046173e-06,-3.159046173e-06,1.496076584e-05,0,5.69003e-11,3.5925e-06,0.044963005,-0.03187251091,0.2053437211,0.04368901408
1868,18.680000,0.2210048251,0.04481333867,4.470348358e-06,-3.159046173e-06,-3.159046173e-06,1.496076584e-05,0,5.69003e-11,3.5925e-06,0.044963005,-0.03187251091,0.214879132,0.04392830405
1869,18.690000,0.2322770245,0.04441133421,4.470348358e-06,-3.159046173e-06,-3.159046173e-06,1.496076584e-05,0,5.69003e-11,3.5925e-06,0.044963005,-0.03187251091,0.2252669714,0.0441643919
1870,18.700000,0.2433184236,0.04463633243,4.470348358e-06,-3.159046173e-06,-3.159046173e-06,1.496076584e-05,0,5.69003e-11,3.5925e-06,0.044963005,-0.03187251091,0.2364356373,0.04431087074
1871,18.710000,0.2547103427,0.04507507756,4.470348358e-06,-3.159046173e-06,-3.159046173e-06,1.496076584e-05,0,5.69003e-11,3.5925e-06,0.044963005,-0.03187251091,0.2483051273,0.04372164422
1872,18.720000,0.2671625763,0.04557511862,4.470348358e-06,-3.159046173e-06,-3.159046173e-06,1.496076584e-05,0,5.69003e-11,3.5925e-06,0.044963005,-0.03187251091,0.2607878256,0.04465408138
1873,18.730000,0.2801997252,0.04602421261,4.470348358e-06,-3.159046173e-06,-3.159046173e-06,1.496076584e-05,0,5.69003e-11,3.5925e-06,0.044963005,-0.03187251091,0.273789374,0.04467696143
1874,18.740000,0.2938932441,0.04618936591,4.470348358e-06,-3.159046173e-06,-3.159046173e-06,1.496076584e-05,0,5.69003e-11,3.5925e-06,0.044963005,-0.03187251091,0.2872096162,0.04441215571
1875,18.750000,0.3071619123,0.0468356479,4.470348358e-06,-3.159046173e-06,-3.159046173e-06,1.496076584e-05,0,5.69003e-11,3.5925e-06,0.044963005,-0.03187251091,0.3009436059,0.04399315365
1876,18.760000,0.3213928528,0.04673205595,4.470348358e-06,-3.159046173e-06,-3.159046173e-06,1.496076584e-05,0,5.69003e-11,3.5925e-06,0.044963005,-0.03187251091,0.3148826676,0.04375643472
1877,18.770000,0.335044235,0.04701500107,4.470348358e-06,-3.159046173e-06,-3.159046173e-06,1.496076584e-05,0,5.69003e-11,3.5925e-06,0.044963005,-0.03187251091,0.3289154968,0.04383282729
1878,18.780000,0.3485429622,0.04700711276,4.470348358e-06,-3.159046173e-06,-3.159046173e-06,1.496076584e-05,0,5.69003e-11,3.5925e-06,0.044963005,-0.03187251091,0.3429292899,0.04366432676
1879,18.790000,0.3623324111,0.0468146801,4.470348358e-06,-3.159046173e-06,-3.159046173e-06,1.496076584e-05,0,5.69003e-11,3.5925e-06,0.044963005,-0.03187251091,0.3568108885,0.04392368101
1880,18.800000,0.3747734204,0.04714098573,4.470348358e-06,-3.159046173e-06,-3.159046173e-06,1.496076584e-05,0,5.69003e-11,3.5925e-06,0.044963005,-0.03187251091,0.3704479279,0.04429505585
1881,18.810000,0.387414515,0.04753820319,4.470348358e-06,-3.159046173e-06,-3.159046173e-06,1.496076584e-05,0,5.69003e-11,3.5925e-06,0.044963005,-0.03187251091,0.3837299751,0.04414573999
1882,18.820000,0.399328921,0.04803983867,4.470348358e-06,-3.159046173e-06,-3.159046173e-06,1.496076584e-05,0,5.69003e-11,3.5925e-06,0.044963005,-0.03187251091,0.3965496447,0.04393103607
1883,18.830000,0.4117627442,0.04780362919,4.470348358e-06,-3.159046173e-06,-3.159046173e-06,1.496076584e-05,0,5.69003e-11,3.5925e-06,0.044963005,-0.03187251091,0.4088036803,0.04418674101
1884,18.840000,0.42274547,0.04782494064,4.470348358e-06,-3.159046173e-06,-3.159046173e-06,1.496076584e-05,0,5.69003e-11,3.5925e-06,0.044963005,-0.03187251091,0.4203939887,0.04398713292
1885,18.850000,0.4327600487,0.04809555411,4.470348358e-06,-3.159046173e-06,-3.159046173e-06,1.496076584e-05,0,5.69003e-11,3.5925e-06,0.044963005,-0.03187251091,0.4312286169,0.04407439416
1886,18.860000,0.4422739446,0.04794753436,4.470348358e-06,-3.159046173e-06,-3.159046173e-06,1.496076584e-05,0,5.69003e-11,3.5925e-06,0.044963005,-0.03187251091,0.4412226588,0.04428605884
1887,18.870000,0.4507009387,0.04799681157,4.470348358e-06,-3.159046173e-06,-3.159046173e-06,1.496076584e-05,0,5.69003e-11,3.5925e-06,0.044963005,-0.03187251091,0.4502990844,0.04416306142
1888,18.880000,0.4588911682,0.0476208739,4.470348358e-06,-3.159046173e-06,-3.159046173e-06,1.496076584e-05,0,5.69003e-11,3.5925e-06,0.044963005,-0.03187251091,0.4583894799,0.04417451475
1889,18.890000,0.4647786655,0.04812448192,4.470348358e-06,-3.159046173e-06,-3.159046173e-06,1.496076584e-05,0,5.69003e-11,3.5925e-06,0.044963005,-0.03187251091,0.4654346923,0.04392569319
1890,18.900000,0.4709510468,0.04758958146,4.470348358e-06,-3.159046173e-06,-3.159046173e-06,1.496076584e-05,0,5.69003e-11,3.5925e-06,0.044963005,-0.03187251091,0.4713853706,0.04422506572
1891,18.910000,0.4755959548,0.04730990715,4.470348358e-06,-3.159046173e-06,-3.159046173e-06,1.496076584e-05,0,5.69003e-11,3.5925e-06,0.044963005,-0.03187251091,0.4762023983,0.04461909132
1892,18.920000,0.4789828099,0.04719243012,4.470348358e-06,-3.159046173e-06,-3.159046173e-06,1.496076584e-05,0,5.69003e-11,3.5925e-06,0.044963005,-0.03187251091,0.4798572117,0.04516469326
1893,18.930000,0.4802807495,0.04738420062,4.470348358e-06,-3.159046173e-06,-3.159046173e-06,1.496076584e-05,0,5.69003e-11,3.5925e-06,0.044963005,-0.03187251091,0.4823320022,0.04523073515
1894,18.940000,0.4813972302,0.0475013284,4.470348358e-06,-3.159046173e-06,-3.159046173e-06,1.496076584e-05,0,5.69003e-11,3.5925e-06,0.044963005,-0.03187251091,0.4836197986,0.04490005848
1895,18.950000,0.4815470316,0.04722509906,4.470348358e-06,-3.159046173e-06,-3.159046173e-06,1.496076584e-05,0,5.69003e-11,3.5925e-06,0.044963005,-0.03187251091,0.4837244313,0.04467691672
1896,18.960000,0.4798169322,0.04710782506,4.470348358e-06,-3.159046173e-06,-3.159046173e-06,1.496076584e-05,0,5.69003e-11,3.5925e-06,0.044963005,-0.03187251091,0.4826603762,0.04456089035
1897,18.970000,0.4777272195,0.04660252295,4.470348358e-06,-3.159046173e-06,-3.159046173e-06,1.496076584e-05,0,5.69003e-11,3.5925e-06,0.044963005,-0.03187251091,0.4804524829,0.04462144552
1898,18.980000,0.4733713754,0.04707274213,4.470348358e-06,-3.159046173e-06,-3.159046173e-06,1.496076584e-05,0,5.69003e-11,3.5925e-06,0.044963005,-0.03187251091,0.4771355886,0.04466403981
1899,18.990000,0.4680370204,0.04697400518,4.470348358e-06,-3.159046173e-06,-3.159046173e-06,1.496076584e-05,0,5.69003e-11,3.5925e-06,0.044963005,-0.03187251091,0.4727540245,0.0445202311
1900,19.000000,0.4615366571,0.0470491806,4.470348358e-06,-3.159046173e-06,-3.159046173e-06,1.496076584e-05,0,5.69003e-11,3.5925e-06,0.044963005,-0.03187251091,0.4673610178,0.04437439312
1901,19.010000,0.4566305615,0.04583315458,4.470348358e-06,-3.159046173e-06,-3.159046173e-06,1.496076584e-05,0,5.69003e-11,3.5925e-06,0.044963005,-0.03187251091,0.4610179994,0.04429207572
1902,19.020000,0.4504499286,0.04492437094,4.470348358e-06,-3.159046173e-06,-3.159046173e-06,1.496076584e-05,0,5.69003e-11,3.5925e-06,0.044963005,-0.03187251091,0.4537938224,0.04394834856
1903,19.030000,0.4416994937,0.04503368493,4.470348358e-06,-3.159046173e-06,-3.159046173e-06,1.496076584e-05,0,5.69003e-11,3.5925e-06,0.044963005,-0.03187251091,0.4457639034,0.04428015619
1904,19.040000,0.4332593642,0.04472222086,4.470348358e-06,-3.159046173e-06,-3.159046173e-06,1.496076584e-05,0,5.69003e-11,3.5925e-06,0.044963005,-0.03187251091,0.4370092939,0.04427341503
1905,19.050000,0.4236682057,0.04448643513,4.470348358e-06,-3.159046173e-06,-3.159046173e-06,1.496076584e-05,0,5.69003e-11,3.5925e-06,0.044963005,-0.03187251091,0.4276156953,0.04463809002
1906,19.060000,0.4139663205,0.04397522192,4.470348358e-06,-3.159046173e-06,-3.159046173e-06,1.496076584e-05,0,5.69003e-11,3.5925e-06,0.044963005,-0.03187251091,0.4176724257,0.04449677061
1907,19.070000,0.4032059833,0.0438555656,4.470348358e-06,-3.159046173e-06,-3.159046173e-06,1.496076584e-05,0,5.69003e-11,3.5925e-06,0.044963005,-0.03187251091,0.4072713537,0.0442713897
1908,19.080000,0.3925587311,0.04373835307,4.470348358e-06,-3.159046173e-06,-3.159046173e-06,1.496076584e-05,0,5.69003e-11,3.5925e-06,0.044963005,-0.03187251091,0.3965058089,0.04412465983
1909,19.090000,0.3813520744,0.04371888377,4.470348358e-06,-3.159046173e-06,-3.159046173e-06,1.496076584e-05,0,5.69003e-11,3.5925e-06,0.044963005,-0.03187251091,0.3854694834,0.04375362647
1910,19.100000,0.3704252318,0.0434837658,4.470348358e-06,-3.159046173e-06,-3.159046173e-06,1.496076584e-05,0,5.69003e-11,3.5925e-06,0.044963005,-0.03187251091,0.3742553354,0.04350460978
1911,19.110000,0.3595380448,0.04288504086,4.470348358e-06,-3.159046173e-06,-3.159046173e-06,1.496076584e-05,0,5.69003e-11,3.5925e-06,0.044963005,-0.03187251091,0.3629545089,0.04349751126
1912,19.120000,0.348110795,0.04308730457,4.470348358e-06,-3.159046173e-06,-3.159046173e-06,1.496076584e-05,0,5.69003e-11,3.5925e-06,0.044963005,-0.03187251091,0.3516552812,0.04322644362
1913,19.130000,0.3378344253,0.04261958972,4.470348358e-06,-3.159046173e-06,-3.159046173e-06,1.496076584e-05,0,5.69003e-11,3.5925e-06,0.044963005,-0.03187251091,0.3404420495,0.04332789926
1914,19.140000,0.3264712319,0.0425064275,4.470348358e-06,-3.159046173e-06,-3.159046173e-06,1.496076584e-05,0,5.69003e-11,3.5925e-06,0.044963005,-0.03187251091,0.3293943699,0.04328841839
1915,19.150000,0.3162915781,0.04233679641,4.470348358e-06,-3.159046173e-06,-3.159046173e-06,1.496076584e-05,0,5.69003e-11,3.5925e-06,0.044963005,-0.03187251091,0.3185860582,0.04297797285
1916,19.160000,0.3052346818,0.04270705767,4.470348358e-06,-3.159046173e-06,-3.159046173e-06,1.496076584e-05,0,5.69003e-11,3.5925e-06,0.044963005,-0.03187251091,0.3080843636,0.04358220341
1917,19.170000,0.2957561128,0.04267777037,4.470348358e-06,-3.159046173e-06,-3.159046173e-06,1.496076584e-05,0,5.69003e-11,3.5925e-06,0.044963005,-0.03187251091,0.2979492242,0.04332687268
1918,19.180000,0.2864378691,0.04257864226,4.470348358e-06,-3.159046173e-06,-3.159046173e-06,1.496076584e-05,0,5.69003e-11,3.5925e-06,0.044963005,-0.03187251091,0.2882326133,0.04341751005
1919,19.190000,0.2778821401,0.04223168641,4.470348358e-06,-3.159046173e-06,-3.159046173e-06,1.496076584e-05,0,5.69003e-11,3.5925e-06,0.044963005,-0.03187251091,0.2789779829,0.04371615554
1920,19.200000,0.2695557699,0.04199951887,4.470348358e-06,-3.159046173e-06,-3.159046173e-06,1.496076584e-05,0,5.69003e-11,3.5925e-06,0.044963005,-0.03187251091,0.270219812,0.0441638538
1921,19.210000,0.2611060664,0.04212270118,4.470348358e-06,-3.159046173e-06,-3.159046173e-06,1.496076584e-05,0,5.69003e-11,3.5925e-06,0.044963005,-0.03187251091,0.2619832639,0.04394257403
1922,19.220000,0.2536969073,0.04224066064,4.470348358e-06,-3.159046173e-06,-3.159046173e-06,1.496076584e-05,0,5.69003e-11,3.5925e-06,0.044963005,-0.03187251091,0.254283956,0.04392813167
1923,19.230000,0.2467148639,0.0424757041,4.470348358e-06,-3.159046173e-06,-3.159046173e-06,1.496076584e-05,0,5.69003e-11,3.5925e-06,0.044963005,-0.03187251091,0.2471278455,0.0442875086
1924,19.240000,0.2402396649,0.04258915037,4.470348358e-06,-3.159046173e-06,-3.159046173e-06,1.496076584e-05,0,5.69003e-11,3.5925e-06,0.044963005,-0.03187251091,0.2405112314,0.04419088966
1925,19.250000,0.2347178385,0.04206458107,4.470348358e-06,-3.159046173e-06,-3.159046173e-06,1.496076584e-05,0,5.69003e-11,3.5925e-06,0.044963005,-0.03187251091,0.2344208732,0.04440156299
1926,19.260000,0.2292381525,0.04228590522,4.470348358e-06,-3.159046173e-06,-3.159046173e-06,1.496076584e-05,0,5.69003e-11,3.5925e-06,0.044963005,-0.03187251091,0.228834224,0.04453015296
1927,19.270000,0.22537167,0.04185841512,4.470348358e-06,-3.159046173e-06,-3.159046173e-06,1.496076584e-05,0,5.69003e-11,3.5925e-06,0.044963005,-0.03187251091,0.2237197761,0.04477661397
1928,19.280000,0.2196395472,0.04242625087,4.470348358e-06,-3.159046173e-06,-3.159046173e-06,1.496076584e-05,0,5.69003e-11,3.5925e-06,0.044963005,-0.03187251091,0.2190375143,0.04506217366
1929,19.290000,0.2148569673,0.04242630489,4.470348358e-06,-3.159046173e-06,-3.159046173e-06,1.496076584e-05,0,5.69003e-11,3.5925e-06,0.044963005,-0.03187251091,0.2147394712,0.04499015146
1930,19.300000,0.2115564123,0.04251703061,4.470348358e-06,-3.159046173e-06,-3.159046173e-06,1.496076584e-05,0,5.69003e-11,3.5925e-06,0.044963005,-0.03187251091,0.2107703791,0.04481425953
1931,19.310000,0.207429111,0.04279930238,4.470348358e-06,-3.159046173e-06,-3.159046173e-06,1.496076584e-05,0,5.69003e-11,3.5925e-06,0.044963005,-0.03187251091,0.2070684097,0.04455245069
1932,19.320000,0.2044225968,0.04284105264,4.470348358e-06,-3.159046173e-06,-3.159046173e-06,1.496076584e-05,0,5.69003e-11,3.5925e-06,0.044963005,-0.03187251091,0.2035659933,0.04477146164
1933,19.330000,0.2006741501,0.04326784424,4.470348358e-06,-3.159046173e-06,-3.159046173e-06,1.496076584e-05,0,5.69003e-11,3.5925e-06,0.044963005,-0.03187251091,0.2001907084,0.04484860839
1934,19.340000,0.1978294887,0.04280388914,4.470348358e-06,-3.159046173e-06,-3.159046173e-06,1.496076584e-05,0,5.69003e-11,3.5925e-06,0.044963005,-0.03187251091,0.19686623,0.0444219661
1935,19.350000,0.1952977404,0.04218057729,4.470348358e-06,-3.159046173e-06,-3.159046173e-06,1.496076584e-05,0,5.69003e-11,3.5925e-06,0.044963005,-0.03187251091,0.1935133266,0.0444497947
1936,19.360000,0.1908491626,0.0429549804,4.470348358e-06,-3.159046173e-06,-3.159046173e-06,1.496076584e-05,0,5.69003e-11,3.5925e-06,0.044963005,-0.03187251091,0.1900508945,0.04460128406
1937,19.370000,0.1872537285,0.04261448979,4.470348358e-06,-3.159046173e-06,-3.159046173e-06,1.496076584e-05,0,5.69003e-11,3.5925e-06,0.044963005,-0.03187251091,0.1863970158,0.04438539962
1938,19.380000,0.1828019284,0.04275341332,4.470348358e-06,-3.159046173e-06,-3.159046173e-06,1.496076584e-05,0,5.69003e-11,3.5925e-06,0.044963005,-0.03187251091,0.1824700291,0.04420449916
1939,19.390000,0.1780727021,0.04288605042,4.470348358e-06,-3.159046173e-06,-3.159046173e-06,1.496076584e-05,0,5.69003e-11,3.5925e-06,0.044963005,-0.03187251091,0.1781896,0.04397317398
1940,19.400000,0.1735350788,0.04266393464,4.470348358e-06,-3.159046173e-06,-3.159046173e-06,1.496076584e-05,0,5.69003e-11,3.5925e-06,0.044963005,-0.03187251091,0.1734777783,0.043944879
1941,19.410000,0.1681048535,0.04271255434,4.470348358e-06,-3.159046173e-06,-3.159046173e-06,1.496076584e-05,0,5.69003e-11,3.5925e-06,0.044963005,-0.03187251091,0.1682600305,0.0433390374
1942,19.420000,0.1615914181,0.0428079851,4.470348358e-06,-3.159046173e-06,-3.159046173e-06,1.496076584e-05,0,5.69003e-11,3.5925e-06,0.044963005,-0.03187251091,0.1624662348,0.04319477037
1943,19.430000,0.154640235,0.04286286235,4.470348358e-06,-3.159046173e-06,-3.159046173e-06,1.496076584e-05,0,5.69003e-11,3.5925e-06,0.044963005,-0.03187251091,0.1560316267,0.04320532107
1944,19.440000,0.1474549808,0.04277352896,4.470348358e-06,-3.159046173e-06,-3.159046173e-06,1.496076584e-05,0,5.69003e-11,3.5925e-06,0.044963005,-0.03187251091,0.1488976854,0.0434152988
1945,19.450000,0.1401327327,0.04239167552,4.470348358e-06,-3.159046173e-06,-3.159046173e-06,1.496076584e-05,0,5.69003e-11,3.5925e-06,0.044963005,-0.03187251091,0.1410129482,0.04349925978
1946,19.460000,0.1300418265,0.04310609121,4.470348358e-06,-3.159046173e-06,-3.159046173e-06,1.496076584e-05,0,5.69003e-11,3.5925e-06,0.044963005,-0.03187251091,0.1323337465,0.04313227243
1947,19.470000,0.1205752641,0.04295933526,4.470348358e-06,-3.159046173e-06,-3.159046173e-06,1.496076584e-05,0,5.69003e-11,3.5925e-06,0.044963005,-0.03187251091,0.1228248509,0.04343077503
1948,19.480000,0.1105256751,0.04250499979,4.470348358e-06,-3.159046173e-06,-3.159046173e-06,1.496076584e-05,0,5.69003e-11,3.5925e-06,0.044963005,-0.03187251091,0.1124600211,0.04328960625
1949,19.490000,0.0988846086,0.04261706769,4.470348358e-06,-3.159046173e-06,-3.159046173e-06,1.496076584e-05,0,5.69003e-11,3.5925e-06,0.044963005,-0.03187251091,0.1012224521,0.04295877046
1950,19.500000,0.08628706634,0.04281463474,4.470348358e-06,-3.159046173e-06,-3.159046173e-06,1.496076584e-05,0,5.69003e-11,3.5925e-06,0.044963005,-0.03187251091,0.08910511148,0.04315356832
1951,19.510000,0.07223070413,0.04285573307,4.470348358e-06,-3.159046173e-06,-3.159046173e-06,1.496076584e-05,0,5.69003e-11,3.5925e-06,0.044963005,-0.03187251091,0.07611096398,0.04343337847
1952,19.520000,0.05817755312,0.0425614249,4.470348358e-06,-3.159046173e-06,-3.159046173e-06,1.496076584e-05,0,5.69003e-11,3.5925e-06,0.044963005,-0.03187251091,0.06225308049,0.04291272613
1953,19.530000,0.04304028302,0.04255848285,4.470348358e-06,-3.159046173e-06,-3.159046173e-06,1.496076584e-05,0,5.69003e-11,3.5925e-06,0.044963005,-0.03187251091,0.04755462949,0.04331567009
1954,19.540000,0.02696724236,0.04262138996,4.470348358e-06,-3.159046173e-06,-3.159046173e-06,1.496076584e-05,0,5.69003e-11,3.5925e-06,0.044963005,-0.03187251091,0.0320487511,0.04299825117
1955,19.550000,0.01028477028,0.04253643937,4.470348358e-06,-3.159046173e-06,-3.159046173e-06,1.496076584e-05,0,5.69003e-11,3.5925e-06,0.044963005,-0.03187251091,0.01577831464,0.04297643365
1956,19.560000,-0.007860854268,0.04311248474,4.470348358e-06,-3.159046173e-06,-3.159046173e-06,1.496076584e-05,0,5.69003e-11,3.5925e-06,0.044963005,-0.03187251091,-0.001204437678,0.04357471577
1957,19.570000,-0.025077492,0.04278237,4.470348358e-06,-3.159046173e-06,-3.159046173e-06,1.496076584e-05,0,5.69003e-11,3.5925e-06,0.044963005,-0.03187251091,-0.01883835733,0.04324021549
1958,19.580000,-0.04323670268,0.04283561371,4.470348358e-06,-3.159046173e-06,-3.159046173e-06,1.496076584e-05,0,5.69003e-11,3.5925e-06,0.044963005,-0.03187251091,-0.03705396109,0.04301064816
1959,19.590000,-0.06169697642,0.04256289452,4.470348358e-06,-3.159046173e-06,-3.159046173e-06,1.496076584e-05,0,5.69003e-11,3.5925e-06,0.044963005,-0.03187251091,-0.0557741016,0.04263541421
1960,19.600000,-0.08241682127,0.04311069101,4.470348358e-06,-3.159046173e-06,-3.159046173e-06,1.496076584e-05,0,5.69003e-11,3.5925e-06,0.044963005,-0.03187251091,-0.07491472943,0.04266448356
1961,19.610000,-0.1009420827,0.04262665659,4.470348358e-06,-3.159046173e-06,-3.159046173e-06,1.496076584e-05,0,5.69003e-11,3.5925e-06,0.044963005,-0.03187251091,-0.0943857382,0.04256839344
1962,19.620000,-0.1201892868,0.04246976972,4.470348358e-06,-3.159046173e-06,-3.159046173e-06,1.496076584e-05,0,5.69003e-11,3.5925e-06,0.044963005,-0.03187251091,-0.1140918833,0.04286761754
1963,19.630000,-0.1396965683,0.04212115519,4.470348358e-06,-3.159046173e-06,-3.159046173e-06,1.496076584e-05,0,5.69003e-11,3.5925e-06,0.044963005,-0.03187251091,-0.1339337644,0.0427886319
1964,19.640000,-0.1589141861,0.04179946333,4.470348358e-06,-3.159046173e-06,-3.159046173e-06,1.496076584e-05,0,5.69003e-11,3.5925e-06,0.044963005,-0.03187251091,-0.1538088594,0.04276765648
1965,19.650000,-0.1781126931,0.04135051463,4.470348358e-06,-3.159046173e-06,-3.159046173e-06,1.496076584e-05,0,5.69003e-11,3.5925e-06,0.044963005,-0.03187251091,-0.1736126008,0.04262805062
1966,19.660000,-0.1976386644,0.04140428081,4.470348358e-06,-3.159046173e-06,-3.159046173e-06,1.496076584e-05,0,5.69003e-11,3.5925e-06,0.044963005,-0.03187251091,-0.193239479,0.04334873518
1967,19.670000,-0.2168458365,0.04128110316,4.470348358e-06,-3.159046173e-06,-3.159046173e-06,1.496076584e-05,0,5.69003e-11,3.5925e-06,0.044963005,-0.03187251091,-0.2125841636,0.04389738156
1968,19.680000,-0.2354715988,0.04128094111,4.470348358e-06,-3.159046173e-06,-3.159046173e-06,1.496076584e-05,0,5.69003e-11,3.5925e-06,0.044963005,-0.03187251091,-0.2315426269,0.04348454147
1969,19.690000,-0.2525549568,0.04060582537,4.470348358e-06,-3.159046173e-06,-3.159046173e-06,1.496076584e-05,0,5.69003e-11,3.5925e-06,0.044963005,-0.03187251091,-0.2500132597,0.04361241959
1970,19.700000,-0.2701439634,0.04084850755,4.470348358e-06,-3.159046173e-06,-3.159046173e-06,1.496076584e-05,0,5.69003e-11,3.5925e-06,0.044963005,-0.03187251091,-0.2678979646,0.04344978388
1971,19.710000,-0.2873551473,0.04138244502,4.470348358e-06,-3.159046173e-06,-3.159046173e-06,1.496076584e-05,0,5.69003e-11,3.5925e-06,0.044963005,-0.03187251091,-0.2851032157,0.043200884
1972,19.720000,-0.3040085621,0.04160070699,4.470348358e-06,-3.159046173e-06,-3.159046173e-06,1.496076584e-05,0,5.69003e-11,3.5925e-06,0.044963005,-0.03187251091,-0.3015410724,0.04335323231
1973,19.730000,-0.3181505352,0.04112489801,4.470348358e-06,-3.159046173e-06,-3.159046173e-06,1.496076584e-05,0,5.69003e-11,3.5925e-06,0.044963005,-0.03187251091,-0.3171301355,0.04276169031
1974,19.740000,-0.3317152113,0.04101562966,4.470348358e-06,-3.159046173e-06,-3.159046173e-06,1.496076584e-05,0,5.69003e-11,3.5925e-06,0.044963005,-0.03187251091,-0.3317964353,0.04310448922
1975,19.750000,-0.3461130857,0.04184105247,4.470348358e-06,-3.159046173e-06,-3.159046173e-06,1.496076584e-05,0,5.69003e-11,3.5925e-06,0.044963005,-0.03187251091,-0.3454742411,0.04314967402
1976,19.760000,-0.3579188995,0.04173074197,4.470348358e-06,-3.159046173e-06,-3.159046173e-06,1.496076584e-05,0,5.69003e-11,3.5925e-06,0.044963005,-0.03187251091,-0.3581067831,0.04305458345
1977,19.770000,-0.3693108186,0.04190096632,4.470348358e-06,-3.159046173e-06,-3.159046173e-06,1.496076584e-05,0,5.69003e-11,3.5925e-06,0.044963005,-0.03187251091,-0.3696468786,0.04288694619
1978,19.780000,-0.3780515008,0.04136009607,4.470348358e-06,-3.159046173e-06,-3.159046173e-06,1.496076584e-05,0,5.69003e-11,3.5925e-06,0.044963005,-0.03187251091,-0.3800574549,0.04247766858
1979,19.790000,-0.3865877427,0.04158349149,4.470348358e-06,-3.159046173e-06,-3.159046173e-06,1.496076584e-05,0,5.69003e-11,3.5925e-06,0.044963005,-0.03187251091,-0.3893119634,0.0424188937
1980,19.800000,-0.3944394514,0.04178280849,4.470348358e-06,-3.159046173e-06,-3.159046173e-06,1.496076584e-05,0,5.69003e-11,3.5925e-06,0.044963005,-0.03187251091,-0.3973946799,0.04222743782
1981,19.810000,-0.3995162584,0.04112721886,4.470348358e-06,-3.159046173e-06,-3.159046173e-06,1.496076584e-05,0,5.69003e-11,3.5925e-06,0.044963005,-0.03187251091,-0.4043008877,0.04211965599
1982,19.820000,-0.4040664881,0.04106778,4.470348358e-06,-3.159046173e-06,-3.159046173e-06,1.496076584e-05,0,5.69003e-11,3.5925e-06,0.044963005,-0.03187251091,-0.4100369409,0.04210835081
1983,19.830000,-0.4085512497,0.04155776277,4.470348358e-06,-3.159046173e-06,-3.159046173e-06,1.496076584e-05,0,5.69003e-11,3.5925e-06,0.044963005,-0.03187251091,-0.4146202076,0.0423494546
1984,19.840000,-0.4118910916,0.04140646476,4.470348358e-06,-3.159046173e-06,-3.159046173e-06,1.496076584e-05,0,5.69003e-11,3.5925e-06,0.044963005,-0.03187251091,-0.4180788935,0.04222498646
1985,19.850000,-0.4133852907,0.04105236195,4.470348358e-06,-3.159046173e-06,-3.159046173e-06,1.496076584e-05,0,5.69003e-11,3.5925e-06,0.044963005,-0.03187251091,-0.4204517472,0.04197336581
1986,19.860000,-0.4143648855,0.04126651026,4.470348358e-06,-3.159046173e-06,-3.159046173e-06,1.496076584e-05,0,5.69003e-11,3.5925e-06,0.044963005,-0.03187251091,-0.4217876514,0.04185217
1987,19.870000,-0.4143303931,0.04121518228,4.470348358e-06,-3.159046173e-06,-3.159046173e-06,1.496076584e-05,0,5.69003e-11,3.5925e-06,0.044963005,-0.03187251091,-0.4221451028,0.04175623896
1988,19.880000,-0.4142925926,0.0417182846,4.470348358e-06,-3.159046173e-06,-3.159046173e-06,1.496076584e-05,0,5.69003e-11,3.5925e-06,0.044963005,-0.03187251091,-0.4215915893,0.04220868375
1989,19.890000,-0.4126168303,0.04188032169,4.470348358e-06,-3.159046173e-06,-3.159046173e-06,1.496076584e-05,0,5.69003e-11,3.5925e-06,0.044963005,-0.03187251091,-0.4202028673,0.04161198209
1990,19.900000,-0.410070125,0.04207608569,4.470348358e-06,-3.159046173e-06,-3.159046173e-06,1.496076584e-05,0,5.69003e-11,3.5925e-06,0.044963005,-0.03187251091,-0.418062152,0.04182322051
1991,19.910000,-0.4075930007,0.04286668822,4.470348358e-06,-3.159046173e-06,-3.159046173e-06,1.496076584e-05,0,5.69003e-11,3.5925e-06,0.044963005,-0.03187251091,-0.4152592249,0.04154109543
1992,19.920000,-0.404890459,0.0433801515,4.470348358e-06,-3.159046173e-06,-3.159046173e-06,1.496076584e-05,0,5.69003e-11,3.5925e-06,0.044963005,-0.03187251091,-0.4118894725,0.04146653827
1993,19.930000,-0.4008035995,0.04346120264,4.470348358e-06,-3.159046173e-06,-3.159046173e-06,1.496076584e-05,0,5.69003e-11,3.5925e-06,0.044963005,-0.03187251091,-0.4080528635,0.04141027249
1994,19.940000,-0.3967421986,0.04361133277,4.470348358e-06,-3.159046173e-06,-3.159046173e-06,1.496076584e-05,0,5.69003e-11,3.5925e-06,0.044963005,-0.03187251091,-0.4038528793,0.04094697465
1995,19.950000,-0.3921451345,0.0434954036,4.470348358e-06,-3.159046173e-06,-3.159046173e-06,1.496076584e-05,0,5.69003e-11,3.5925e-06,0.044963005,-0.03187251091,-0.3993954062,0.04090426978
1996,19.960000,-0.387965586,0.04387462139,4.470348358e-06,-3.159046173e-06,-3.159046173e-06,1.496076584e-05,0,5.69003e-11,3.5925e-06,0.044963005,-0.03187251091,-0.3947876046,0.04145476395
1997,19.970000,-0.3831313848,0.04385598004,4.470348358e-06,-3.159046173e-06,-3.159046173e-06,1.496076584e-05,0,5.69003e-11,3.5925e-06,0.044963005,-0.03187251091,-0.3901367663,0.04090060388
1998,19.980000,-0.3783864267,0.04398107063,4.470348358e-06,-3.159046173e-06,-3.159046173e-06,1.496076584e-05,0,5.69003e-11,3.5925e-06,0.044963005,-0.03187251091,-0.3855491723,0.04108397499
1999,19.990000,-0.375638213,0.04503551032,4.470348358e-06,-3.159046173e-06,-3.159046173e-06,1.496076584e-05,0,5.69003e-11,3.5925e-06,0.044963005,-0.03187251091,-0.3811289655,0.04148368856
