k,t,angle,bias,p00,p01,p10,p11,sym_resid,det,lambda_min,k0,k1,true_angle,true_bias
0,0.000000,0.3501977473,-0.0004314016551,0.0001000165939,-1.192092896e-07,-1.192092896e-07,0.2499985099,0,2.5004e-05,0.000100017,0.9998999937,-0.0012498945,0.3321631364,0.02976457986
1,0.005000,0.3397028893,0.1831180956,5.155801773e-05,-0.0006058812141,-0.0006058812141,0.2424254417,0,1.21319e-05,5.00435e-05,0.5153090702,-6.058058932,0.337143824,0.02952618409
2,0.010000,0.3493422531,0.02007007599,3.892183304e-05,-0.001110136509,-0.001110136509,0.2222468853,0,7.41785e-06,3.33758e-05,0.3893740904,-11.09934498,0.3419201442,0.02939892084
3,0.015000,0.3513752855,0.1180997789,3.576278687e-05,-0.001427590847,-0.001427590847,0.190540731,0,4.77625e-06,2.50654e-05,0.3573343549,-14.27345845,0.3464834012,0.02946617007
4,0.020000,0.3511816934,0.2821350321,3.546476364e-05,-0.001536786556,-0.001536786556,0.1539660692,0,3.09866e-06,2.01236e-05,0.3543670643,-15.3655252,0.3508253296,0.02910480998
5,0.025000,0.3480265848,0.5141255762,3.534555435e-05,-0.001490950584,-0.001490950584,0.1195807457,0,2.00371e-06,1.67536e-05,0.3536209557,-14.90716487,0.3549381213,0.0290632507
6,0.030000,0.3525194041,0.4043574231,3.47495079e-05,-0.001362800598,-0.001362800598,0.09111899137,0,1.30911e-06,1.43639e-05,0.3475894248,-13.6255832,0.3588144492,0.02926203634
7,0.035000,0.3550770804,0.3730925247,3.36766243e-05,-0.00120651722,-0.00120651722,0.06918299198,0,8.74166e-07,1.26317e-05,0.3364966391,-12.06326611,0.3624474918,0.02941719656
8,0.040000,0.3582618125,0.3165661218,3.218650818e-05,-0.001052498817,-0.001052498817,0.05284667015,0,5.93196e-07,1.12204e-05,0.3220202019,-10.52323233,0.3658309542,0.02912657958
9,0.045000,0.3656176217,0.1471251613,3.057718277e-05,-0.0009141564369,-0.0009141564369,0.04081207514,0,4.12236e-07,1.00958e-05,0.3057509307,-9.139842778,0.3689590897,0.02928252321
10,0.050000,0.3659907021,0.1942900838,2.896785736e-05,-0.0007940530777,-0.0007940530777,0.03193384409,0,2.94535e-07,9.21758e-06,0.2898857389,-7.939483702,0.3718267185,0.02929197429
11,0.055000,0.3635315113,0.3032561438,2.74181366e-05,-0.0006921887398,-0.0006921887398,0.02533334494,0,2.15468e-07,8.49896e-06,0.2742214529,-6.920847744,0.3744292454,0.02951162413
12,0.060000,0.3691399843,0.1869535549,2.592802048e-05,-0.0006063580513,-0.0006063580513,0.02036893368,0,1.60456e-07,7.87051e-06,0.2594880844,-6.062665492,0.376762676,0.02947900197
13,0.065000,0.3752113432,0.08181087207,2.455711365e-05,-0.0005343556404,-0.0005343556404,0.01658523083,0,1.21749e-07,7.33322e-06,0.245503597,-5.342625901,0.3788236308,0.02962770445
14,0.070000,0.3800203316,0.01755065285,2.330541611e-05,-0.0004733800888,-0.0004733800888,0.01366370916,0,9.43497e-08,6.89685e-06,0.2330895793,-4.733089581,0.380609358,0.0295147845
15,0.075000,0.3845080361,-0.0427337233,2.211332321e-05,-0.0004217624664,-0.0004217624664,0.01137936115,0,7.37519e-08,6.4723e-06,0.2213457078,-4.217169374,0.3821177444,0.02956466879
16,0.080000,0.3815057352,0.04782618117,2.104043961e-05,-0.0003780126572,-0.0003780126572,0.009570240974,0,5.84685e-08,6.09989e-06,0.2103529414,-3.779294118,0.3833473249,0.02979048033
17,0.085000,0.3813192323,0.06647163071,2.008676529e-05,-0.000340282917,-0.000340282917,0.008121311665,0,4.73384e-08,5.81869e-06,0.2009523809,-3.402380958,0.384297289,0.02983410222
18,0.090000,0.3797320276,0.1006926699,1.919269562e-05,-0.0003076791763,-0.0003076791763,0.006949603558,0,3.87152e-08,5.55994e-06,0.1921039959,-3.076552719,0.3849674875,0.02998646313
19,0.095000,0.3767951988,0.1443845965,1.841783524e-05,-0.0002794861794,-0.0002794861794,0.0059928298,0,3.22624e-08,5.37181e-06,0.1838521399,-2.794260696,0.3853584351,0.03000000344
20,0.100000,0.377255436,0.1262739506,1.764297485e-05,-0.0002549290657,-0.0002549290657,0.005204021931,0,2.68256e-08,5.14243e-06,0.1762395678,-2.548846349,0.385471313,0.03000174725
21,0.105000,0.3769011162,0.1186014377,1.692771912e-05,-0.0002334117889,-0.0002334117889,0.004548370838,0,2.25125e-08,4.93656e-06,0.1693069311,-2.333663359,0.3853079687,0.03037491119
22,0.110000,0.3769290522,0.1045604646,1.627206802e-05,-0.0002145171165,-0.0002145171165,0.003998994827,0,1.90543e-08,4.75109e-06,0.1626746505,-2.144710585,0.3848709138,0.03051259596
23,0.115000,0.3790519238,0.05890313908,1.567602158e-05,-0.0001977086067,-0.0001977086067,0.003535509109,0,1.6334e-08,4.60557e-06,0.1567839198,-1.976884425,0.3841633207,0.0306664229
24,0.120000,0.3789500371,0.04163791053,1.513957977e-05,-0.0001828074455,-0.0001828074455,0.003141880035,0,1.41482e-08,4.48788e-06,0.1512392517,-1.828022256,0.3831890168,0.0309238227
25,0.125000,0.3753075078,0.06673160754,1.460313797e-05,-0.0001695156097,-0.0001695156097,0.002805352211,0,1.22314e-08,4.34414e-06,0.1460559797,-1.695165396,0.381952477,0.0306037389
26,0.130000,0.3736381307,0.06530014426,1.406669617e-05,-0.0001576542854,-0.0001576542854,0.00251609087,0,1.05382e-08,4.17192e-06,0.1408090116,-1.576548904,0.3804588148,0.03073747035
27,0.135000,0.3744478673,0.03625291958,1.358985901e-05,-0.0001471042633,-0.0001471042633,0.002265870571,0,9.1532e-09,4.02261e-06,0.1359423278,-1.47064881,0.3787137707,0.03107144031
28,0.140000,0.3726719394,0.03266874701,1.31726265e-05,-0.0001376271248,-0.0001376271248,0.00204795599,0,8.03573e-09,3.90611e-06,0.131469979,-1.375776395,0.3767237,0.03109048574
29,0.145000,0.3713896424,0.02345494181,1.281499863e-05,-0.0001289844513,-0.0001289844513,0.001857340336,0,7.16483e-09,3.83902e-06,0.1278586276,-1.289501041,0.3744955577,0.03084063255
30,0.150000,0.3708958849,0.005756536499,1.245737076e-05,-0.0001210570335,-0.0001210570335,0.001690030098,0,6.39853e-09,3.76667e-06,0.12467397,-1.210224316,0.3720368825,0.03079601978
31,0.155000,0.3682796583,0.005055111833,1.209974289e-05,-0.0001138448715,-0.0001138448715,0.001542568207,0,5.70402e-09,3.67767e-06,0.1210057624,-1.138292298,0.3693557792,0.03094052993
32,0.160000,0.3658803031,0.0009580245242,1.180171967e-05,-0.000107228756,-0.000107228756,0.001412332058,0,5.16994e-09,3.63954e-06,0.1177707678,-1.072029442,0.3664608987,0.03073216152
33,0.165000,0.3626898862,-0.002000869252,1.150369644e-05,-0.0001011490822,-0.0001011490822,0.001296877861,0,4.68775e-09,3.59273e-06,0.114978903,-1.011075944,0.3633614171,0.03110606862
34,0.170000,0.3581805602,0.008419311605,1.114606857e-05,-9.560585022e-05,-9.560585022e-05,0.001194000244,0,4.16793e-09,3.46843e-06,0.111699312,-0.9560614079,0.3600670134,0.03103148717
35,0.175000,0.3563776389,-0.00441183988,1.090764999e-05,-9.047985077e-05,-9.047985077e-05,0.001102149487,0,3.83526e-09,3.45643e-06,0.1088688262,-0.9049389213,0.3565878454,0.0306703299
36,0.180000,0.3529865555,-0.004715890624,1.066923141e-05,-8.577108383e-05,-8.577108383e-05,0.001020014286,0,3.52609e-09,3.43255e-06,0.1064962726,-0.8572949916,0.3529345242,0.03045200954
37,0.185000,0.3483022004,0.00234541297,1.043081284e-05,-8.141994476e-05,-8.141994476e-05,0.0009459853172,0,3.23819e-09,3.39782e-06,0.1041110521,-0.8142018169,0.3491180878,0.03033128126
38,0.190000,0.3444922492,0.001541843638,1.019239426e-05,-7.736682892e-05,-7.736682892e-05,0.000879406929,0,2.97764e-09,3.35985e-06,0.1017130623,-0.7735546082,0.3451499732,0.03028376906
39,0.195000,0.3399003856,0.008103303611,9.953975677e-06,-7.367134094e-05,-7.367134094e-05,0.0008192658424,0,2.72749e-09,3.30237e-06,0.0993022006,-0.7364465892,0.3410419872,0.03014189096
40,0.200000,0.3365051486,0.0008301958442,9.715557098e-06,-7.021427155e-05,-7.021427155e-05,0.0007647275925,0,2.49971e-09,3.24132e-06,0.0973641742,-0.7019903213,0.3368062767,0.03003491185
41,0.205000,0.3322660588,0.0003076735884,9.477138519e-06,-6.699562073e-05,-6.699562073e-05,0.0007151961327,0,2.2896e-09,3.17339e-06,0.09492988139,-0.6699029058,0.3324552974,0.03019201326
42,0.210000,0.3276869394,0.0018490972,9.298324585e-06,-6.401538849e-05,-6.401538849e-05,0.0006700158119,0,2.13205e-09,3.15318e-06,0.09297297336,-0.6400000006,0.3280017819,0.02985258855
43,0.215000,0.3224209137,0.006042801775,9.119510651e-06,-6.121397018e-05,-6.121397018e-05,0.0006288290024,0,1.98746e-09,3.13076e-06,0.09100758377,-0.6121343374,0.323458707,0.02969880167
44,0.220000,0.3170921989,0.01212378219,8.881092072e-06,-5.865097046e-05,-5.865097046e-05,0.0005911588669,0,1.8102e-09,3.03212e-06,0.08903365862,-0.586319223,0.3188392603,0.02988873033
45,0.225000,0.3140099831,0.003088247031,8.702278137e-06,-5.626678467e-05,-5.626678467e-05,0.0005565285683,0,1.67712e-09,2.98287e-06,0.08705114294,-0.5625680089,0.314156806,0.03021509439
46,0.230000,0.3085225262,0.007913434878,8.583068848e-06,-5.400180817e-05,-5.400180817e-05,0.000524699688,0,1.58734e-09,2.99334e-06,0.08555858303,-0.5400545001,0.3094248505,0.0303474382
47,0.235000,0.3034384996,0.009343298152,8.463859558e-06,-5.185604095e-05,-5.185604095e-05,0.0004954338074,0,1.50423e-09,3.00309e-06,0.08456082921,-0.5182760507,0.3046570068,0.03045246062
48,0.240000,0.2992333211,0.007022745907,8.285045624e-06,-4.982948303e-05,-4.982948303e-05,0.0004683732986,0,1.39752e-09,2.95016e-06,0.08306010906,-0.4983606488,0.2998669599,0.03040456577
49,0.245000,0.2948207259,0.006013351493,8.106231689e-06,-4.79221344e-05,-4.79221344e-05,0.0004434585571,0,1.29825e-09,2.89354e-06,0.08105147909,-0.4791894853,0.2950684306,0.03023934616
50,0.250000,0.2894168235,0.0108922217,7.927417755e-06,-4.613399506e-05,-4.613399506e-05,0.0004203915596,0,1.20427e-09,2.83033e-06,0.07953922078,-0.4613274783,0.2902751402,0.03009443326
51,0.255000,0.2848368958,0.01016540546,7.808208466e-06,-4.4465065e-05,-4.4465065e-05,0.0003989934921,0,1.13828e-09,2.81764e-06,0.07802197803,-0.4445054978,0.2855007742,0.03002941564
52,0.260000,0.2797471061,0.01310752984,7.688999176e-06,-4.285573959e-05,-4.285573959e-05,0.0003791451454,0,1.07863e-09,2.80875e-06,0.07700770069,-0.4284928441,0.2807589468,0.03004685916
53,0.265000,0.274882663,0.01554730441,7.629394531e-06,-4.136562347e-05,-4.136562347e-05,0.0003606677055,0,1.04056e-09,2.84734e-06,0.07599118911,-0.4135462493,0.2760631658,0.03001829738
54,0.270000,0.2704507113,0.01584233437,7.510185242e-06,-3.9935112e-05,-3.9935112e-05,0.0003435015678,0,9.84947e-10,2.82882e-06,0.07497243676,-0.3991179764,0.2714267963,0.02977294108
55,0.275000,0.2657923624,0.01675885823,7.331371307e-06,-3.862380981e-05,-3.862380981e-05,0.0003274679184,0,9.0899e-10,2.73741e-06,0.07344008796,-0.3859746009,0.2668630268,0.02985961526
56,0.280000,0.2605466135,0.02089518402,7.212162018e-06,-3.731250763e-05,-3.731250763e-05,0.0003125071526,0,8.61629e-10,2.71806e-06,0.07190265507,-0.373340711,0.2623848341,0.03010648806
57,0.285000,0.2561535425,0.02031154092,7.092952728e-06,-3.612041473e-05,-3.612041473e-05,0.0002986192703,0,8.13408e-10,2.68427e-06,0.07087486144,-0.3610188216,0.2580049494,0.03074637292
58,0.290000,0.2519518696,0.01934670657,6.973743439e-06,-3.498792648e-05,-3.498792648e-05,0.0002854466438,0,7.66477e-10,2.64507e-06,0.0698447898,-0.3497782648,0.2537358252,0.03039025069
59,0.295000,0.2486675903,0.01565659977,6.854534149e-06,-3.391504288e-05,-3.391504288e-05,0.000273168087,0,7.2221e-10,2.60332e-06,0.06881243084,-0.3390676975,0.2495896028,0.03024678217
60,0.300000,0.2455838285,0.01244814135,6.794929504e-06,-3.290176392e-05,-3.290176392e-05,0.0002616047859,0,6.9506e-10,2.61513e-06,0.06777777802,-0.3288888931,0.2455780804,0.03034128718
61,0.305000,0.2409011759,0.01593602821,6.73532486e-06,-3.188848495e-05,-3.188848495e-05,0.0002507567406,0,6.72053e-10,2.637e-06,0.06725958828,-0.319066152,0.2417126823,0.03041388776
62,0.310000,0.2370745987,0.01809592173,6.675720215e-06,-3.093481064e-05,-3.093481064e-05,0.0002405047417,0,6.4858e-10,2.65237e-06,0.06674082298,-0.3092324734,0.2380044294,0.03027082135
63,0.315000,0.2347896881,0.01440964546,6.61611557e-06,-2.998113632e-05,-2.998113632e-05,0.0002309083939,0,6.28848e-10,2.67769e-06,0.06622148026,-0.2999443561,0.23446391,0.0298811012
64,0.320000,0.230807431,0.01722465828,6.556510925e-06,-2.908706665e-05,-2.908706665e-05,0.0002219080925,0,6.08885e-10,2.69696e-06,0.06570155919,-0.2906458825,0.231101253,0.02977374967
65,0.325000,0.2277753018,0.01829133369,6.437301636e-06,-2.825260162e-05,-2.825260162e-05,0.0002134442329,0,5.75795e-10,2.65061e-06,0.06465997733,-0.2826087028,0.227926101,0.02974146959
66,0.330000,0.2243306637,0.02023396082,6.318092346e-06,-2.747774124e-05,-2.747774124e-05,0.0002055168152,0,5.43448e-10,2.59728e-06,0.0630932441,-0.2747068703,0.2249475854,0.02945172746
67,0.335000,0.2211001515,0.02263396978,6.198883057e-06,-2.670288086e-05,-2.670288086e-05,0.0001979470253,0,5.14007e-10,2.54968e-06,0.06204583589,-0.2671883702,0.2221743033,0.02962168137
68,0.340000,0.2185961604,0.02136002388,6.079673767e-06,-2.604722977e-05,-2.604722977e-05,0.0001907944679,0,4.8151e-10,2.47694e-06,0.06099608261,-0.2602126449,0.2196142948,0.02951266297
69,0.345000,0.2153747864,0.02524826396,6.020069122e-06,-2.539157867e-05,-2.539157867e-05,0.0001839995384,0,4.62958e-10,2.46843e-06,0.05994397774,-0.2537815124,0.2172750228,0.02956370461
70,0.350000,0.2132821716,0.02295145672,5.960464478e-06,-2.473592758e-05,-2.473592758e-05,0.0001775622368,0,4.46487e-10,2.46601e-06,0.05941704009,-0.2471973151,0.2151633538,0.02936201615
71,0.355000,0.2116598785,0.02274170332,5.900859833e-06,-2.413988113e-05,-2.413988113e-05,0.0001714229584,0,4.28809e-10,2.45214e-06,0.05888951197,-0.2411665767,0.2132855407,0.02938986763
72,0.360000,0.2095421031,0.02568539884,5.841255188e-06,-2.354383469e-05,-2.354383469e-05,0.0001655817032,0,4.12893e-10,2.44345e-06,0.05836139154,-0.2351290733,0.2116472066,0.02951099468
73,0.365000,0.2075752206,0.02666600049,5.781650543e-06,-2.294778824e-05,-2.294778824e-05,0.0001600384712,0,3.98686e-10,2.44024e-06,0.05783267785,-0.2296462655,0.2102533314,0.02952931741
74,0.370000,0.2065934055,0.02565270662,5.722045898e-06,-2.235174179e-05,-2.235174179e-05,0.0001547932625,0,3.86134e-10,2.44276e-06,0.05730337091,-0.2235955,0.2091082391,0.02971421387
75,0.375000,0.2053988725,0.02811994497,5.662441254e-06,-2.181529999e-05,-2.181529999e-05,0.0001497864723,0,3.7225e-10,2.43275e-06,0.05677346792,-0.2181000561,0.2082155877,0.02969564029
76,0.380000,0.2042203732,0.03075133543,5.602836609e-06,-2.133846283e-05,-2.133846283e-05,0.0001449584961,0,3.56849e-10,2.40866e-06,0.05624296982,-0.2131608576,0.2075783601,0.02976458186
77,0.385000,0.2038929202,0.03034859244,5.543231964e-06,-2.080202103e-05,-2.080202103e-05,0.0001404285431,0,3.45704e-10,2.40802e-06,0.05571187381,-0.2082161009,0.2071988577,0.02996339841
78,0.390000,0.2029616944,0.03398998361,5.543231964e-06,-2.032518387e-05,-2.032518387e-05,0.0001361370087,0,3.41526e-10,2.45301e-06,0.05518017989,-0.2032657713,0.2070786955,0.02969808849
79,0.395000,0.2027128227,0.03629705217,5.543231964e-06,-1.984834671e-05,-1.984834671e-05,0.0001320242882,0,3.37884e-10,2.50163e-06,0.05518017989,-0.1981981993,0.2072187985,0.02984813351
80,0.400000,0.2033646367,0.03516810108,5.543231964e-06,-1.937150955e-05,-1.937150955e-05,0.0001280903816,0,3.34779e-10,2.55402e-06,0.05518017989,-0.1936936975,0.2076194013,0.03000913587
81,0.405000,0.2045694329,0.03366670758,5.543231964e-06,-1.889467239e-05,-1.889467239e-05,0.000124335289,0,3.32211e-10,2.61032e-06,0.05518017989,-0.1891891956,0.2082800482,0.02974616766
82,0.410000,0.2057615221,0.03332877532,5.543231964e-06,-1.841783524e-05,-1.841783524e-05,0.000120818615,0,3.30509e-10,2.67208e-06,0.05518017989,-0.1841216236,0.2091995959,0.02971405722
83,0.415000,0.2076647505,0.03174332622,5.543231964e-06,-1.794099808e-05,-1.794099808e-05,0.0001174807549,0,3.29344e-10,2.73801e-06,0.05518017989,-0.1796171218,0.2103762181,0.02970032604
84,0.420000,0.2092853375,0.03212635871,5.543231964e-06,-1.752376556e-05,-1.752376556e-05,0.0001143217087,0,3.26629e-10,2.78992e-06,0.05518017989,-0.17511262,0.2118074121,0.02978310419
85,0.425000,0.2100110054,0.03523695748,5.483627319e-06,-1.710653305e-05,-1.710653305e-05,0.0001112818718,0,3.17595e-10,2.78643e-06,0.05464788713,-0.1712675989,0.2134900061,0.02969285047
86,0.430000,0.2124582715,0.03361756168,5.36441803e-06,-1.668930054e-05,-1.668930054e-05,0.0001084804535,0,3.03402e-10,2.73054e-06,0.05358150043,-0.1669486761,0.2154201701,0.02969820149
87,0.435000,0.2144716345,0.03319914546,5.24520874e-06,-1.633167267e-05,-1.633167267e-05,0.0001057386398,0,2.87898e-10,2.65769e-06,0.05251270439,-0.1631846428,0.2175934271,0.02938241715
88,0.440000,0.216897618,0.0337044131,5.125999451e-06,-1.59740448e-05,-1.59740448e-05,0.0001031160355,0,2.73403e-10,2.58771e-06,0.05144149251,-0.1599773914,0.220004667,0.02927682505
89,0.445000,0.2191328295,0.03452723846,5.066394806e-06,-1.567602158e-05,-1.567602158e-05,0.0001006126404,0,2.64006e-10,2.56021e-06,0.05036785547,-0.1567628682,0.2226481616,0.02939290281
90,0.450000,0.2215271257,0.03527494986,5.006790161e-06,-1.531839371e-05,-1.531839371e-05,9.81092453e-05,0,2.56559e-10,2.55118e-06,0.04983012471,-0.1534541398,0.2255175814,0.02916367859
91,0.455000,0.225368917,0.03348895907,4.947185516e-06,-1.502037048e-05,-1.502037048e-05,9.578466415e-05,0,2.48253e-10,2.52793e-06,0.04929178488,-0.1501416415,0.2286060145,0.02924551492
92,0.460000,0.2276987471,0.03659189306,4.887580872e-06,-1.472234726e-05,-1.472234726e-05,9.35792923e-05,0,2.40629e-10,2.50761e-06,0.04875283409,-0.1473922879,0.2319059867,0.02943171073
93,0.465000,0.2322919928,0.0339127779,4.827976227e-06,-1.448392868e-05,-1.448392868e-05,9.143352509e-05,0,2.31655e-10,2.46989e-06,0.04821327329,-0.1446398199,0.2354094825,0.02894910555
94,0.470000,0.2355826609,0.03506467305,4.768371582e-06,-1.42455101e-05,-1.42455101e-05,8.934736252e-05,0,2.23107e-10,2.43348e-06,0.04767309874,-0.1424517632,0.2391079691,0.02911497851
95,0.475000,0.2405194975,0.03203831427,4.708766937e-06,-1.394748688e-05,-1.394748688e-05,8.744001389e-05,0,2.17202e-10,2.42067e-06,0.04713231139,-0.1396933496,0.2429924202,0.02959979392
96,0.480000,0.244949013,0.03137789946,4.649162292e-06,-1.37090683e-05,-1.37090683e-05,8.553266525e-05,0,2.09717e-10,2.38876e-06,0.04659090936,-0.1369318217,0.247053342,0.02946180548
97,0.485000,0.2492006272,0.03147283103,4.589557648e-06,-1.347064972e-05,-1.347064972e-05,8.362531662e-05,0,2.02345e-10,2.35673e-06,0.04604889173,-0.1347356439,0.2512808002,0.02978517094
98,0.490000,0.2536573112,0.03111166973,4.529953003e-06,-1.323223114e-05,-1.323223114e-05,8.177757263e-05,0,1.95357e-10,2.32619e-06,0.04550625756,-0.1325369775,0.2556644483,0.02976092641
99,0.495000,0.258786805,0.02877695207,4.470348358e-06,-1.305341721e-05,-1.305341721e-05,8.004903793e-05,0,1.87455e-10,2.27937e-06,0.044963005,-0.1303357929,0.2601935568,0.02963090288
100,0.500000,0.2636095658,0.02833329327,4.470348358e-06,-1.287460327e-05,-1.287460327e-05,7.838010788e-05,0,1.84631e-10,2.29188e-06,0.04441913404,-0.1287015975,0.2648570434,0.02942485583
101,0.505000,0.2686801627,0.02831519768,4.470348358e-06,-1.269578934e-05,-1.269578934e-05,7.677078247e-05,0,1.82009e-10,2.3058e-06,0.04441913404,-0.1269931644,0.2696435044,0.02950572398
102,0.510000,0.274018649,0.02699307073,4.470348358e-06,-1.245737076e-05,-1.245737076e-05,7.522106171e-05,0,1.81078e-10,2.34101e-06,0.04441913404,-0.1247152686,0.2745412464,0.02978819125
103,0.515000,0.2781279609,0.02976776846,4.470348358e-06,-1.221895218e-05,-1.221895218e-05,7.373094559e-05,0,1.803e-10,2.3779e-06,0.04441913404,-0.1224373579,0.2795383197,0.02994106455
104,0.520000,0.2834075615,0.03026635386,4.470348358e-06,-1.204013824e-05,-1.204013824e-05,7.230043411e-05,0,1.78243e-10,2.39657e-06,0.04441913404,-0.1201594472,0.2846225509,0.03020760904
105,0.525000,0.2884595692,0.03041348048,4.470348358e-06,-1.186132431e-05,-1.186132431e-05,7.086992264e-05,0,1.76122e-10,2.41511e-06,0.04441913404,-0.1184510291,0.2897815775,0.03006916997
106,0.530000,0.2942721322,0.02951765247,4.470348358e-06,-1.168251038e-05,-1.168251038e-05,6.949901581e-05,0,1.74204e-10,2.43525e-06,0.04441913404,-0.116742596,0.2950028822,0.02994588522
107,0.535000,0.2991826832,0.03065607604,4.470348358e-06,-1.150369644e-05,-1.150369644e-05,6.818771362e-05,0,1.72488e-10,2.45706e-06,0.04441913404,-0.115034163,0.3002738274,0.02994229784
108,0.540000,0.3044845052,0.03127235733,4.470348358e-06,-1.132488251e-05,-1.132488251e-05,6.687641144e-05,0,1.70708e-10,2.47877e-06,0.04441913404,-0.1133257449,0.3055816905,0.03004376706
109,0.545000,0.3092415966,0.03307602834,4.470348358e-06,-1.114606857e-05,-1.114606857e-05,6.56247139e-05,0,1.6913e-10,2.50219e-06,0.04441913404,-0.1116173118,0.3109136991,0.02990842518
110,0.550000,0.3149133399,0.03199867159,4.470348358e-06,-1.096725464e-05,-1.096725464e-05,6.4432621e-05,0,1.67756e-10,2.52737e-06,0.04441913404,-0.1099088788,0.3162570664,0.03009052431
111,0.555000,0.3208546266,0.03049968369,4.470348358e-06,-1.07884407e-05,-1.07884407e-05,6.330013275e-05,0,1.66583e-10,2.55432e-06,0.04441913404,-0.107630983,0.3215990259,0.03010867388
112,0.560000,0.3257388882,0.03040329088,4.470348358e-06,-1.060962677e-05,-1.060962677e-05,6.21676445e-05,0,1.65347e-10,2.58126e-06,0.04441913404,-0.10592255,0.3269268672,0.02988085645
113,0.565000,0.3304148987,0.03233020473,4.470348358e-06,-1.043081284e-05,-1.043081284e-05,6.109476089e-05,0,1.64313e-10,2.61e-06,0.04441913404,-0.1042141169,0.3322279702,0.02997488645
114,0.570000,0.3357293494,0.0326813329,4.470348358e-06,-1.02519989e-05,-1.02519989e-05,6.014108658e-05,0,1.63748e-10,2.64242e-06,0.04441913404,-0.1025056988,0.3374898403,0.02956478728
115,0.575000,0.340824075,0.0327435853,4.470348358e-06,-1.007318497e-05,-1.007318497e-05,5.912780762e-05,0,1.62853e-10,2.673e-06,0.04441913404,-0.1007972658,0.3427001417,0.02976393641
116,0.580000,0.3472721949,0.03055627272,4.470348358e-06,-9.894371033e-06,-9.894371033e-06,5.81741333e-05,0,1.6216e-10,2.70542e-06,0.04441913404,-0.09908883274,0.3478467318,0.02987616587
117,0.585000,0.3528552093,0.02928917296,4.470348358e-06,-9.715557098e-06,-9.715557098e-06,5.722045898e-05,0,1.61403e-10,2.73783e-06,0.04441913404,-0.09738041461,0.3529176937,0.02991058355
118,0.590000,0.3576192521,0.03018611576,4.470348358e-06,-9.596347809e-06,-9.596347809e-06,5.632638931e-05,0,1.59709e-10,2.75145e-06,0.04441913404,-0.09567198157,0.3579013682,0.02975314807
119,0.595000,0.3618010432,0.03131579887,4.470348358e-06,-9.477138519e-06,-9.477138519e-06,5.543231964e-05,0,1.57986e-10,2.765e-06,0.04441913404,-0.09453302622,0.3627863858,0.02967165923
120,0.600000,0.3665991984,0.03194945306,4.470348358e-06,-9.35792923e-06,-9.35792923e-06,5.465745926e-05,0,1.56767e-10,2.78224e-06,0.04441913404,-0.09339407086,0.3675616969,0.02971092922
121,0.605000,0.3714671321,0.03131739981,4.470348358e-06,-9.23871994e-06,-9.23871994e-06,5.382299423e-05,0,1.55254e-10,2.79758e-06,0.04441913404,-0.09225513041,0.3722166014,0.02960261936
122,0.610000,0.3764096648,0.03040316701,4.470348358e-06,-9.119510651e-06,-9.119510651e-06,5.298852921e-05,0,1.53712e-10,2.81286e-06,0.04441913404,-0.09111617506,0.3767407772,0.029654442
123,0.615000,0.3804780506,0.03076391667,4.470348358e-06,-8.940696716e-06,-8.940696716e-06,5.221366882e-05,0,1.53477e-10,2.85099e-06,0.04441913404,-0.08940774202,0.3811243077,0.02975404497
124,0.620000,0.3847685903,0.03088863753,4.470348358e-06,-8.761882782e-06,-8.761882782e-06,5.143880844e-05,0,1.53179e-10,2.88907e-06,0.04441913404,-0.08769932389,0.3853577078,0.02959664082
125,0.625000,0.3892683126,0.03056919668,4.470348358e-06,-8.583068848e-06,-8.583068848e-06,5.07235527e-05,0,1.53083e-10,2.92898e-06,0.04441913404,-0.08599089086,0.3894319487,0.02991685773
126,0.630000,0.3930175714,0.03042382281,4.470348358e-06,-8.404254913e-06,-8.404254913e-06,5.012750626e-05,0,1.53456e-10,2.97249e-06,0.04441913404,-0.08428245783,0.3933384816,0.03026131964
127,0.635000,0.3967987634,0.03042982705,4.470348358e-06,-8.285045624e-06,-8.285045624e-06,4.941225052e-05,0,1.52248e-10,2.99165e-06,0.04441913404,-0.0825740248,0.3970692597,0.0302933369
128,0.640000,0.4007327482,0.02929539047,4.470348358e-06,-8.165836334e-06,-8.165836334e-06,4.869699478e-05,0,1.51012e-10,3.01081e-06,0.04441913404,-0.08143508434,0.4006167588,0.03044179319
129,0.645000,0.4049579464,0.0283375755,4.470348358e-06,-8.046627045e-06,-8.046627045e-06,4.810094833e-05,0,1.5028e-10,3.03365e-06,0.04441913404,-0.08029612899,0.4039739962,0.03008491976
130,0.650000,0.407603845,0.02942917403,4.470348358e-06,-7.927417755e-06,-7.927417755e-06,4.750490189e-05,0,1.4952e-10,3.05649e-06,0.04441913404,-0.07915717363,0.4071345486,0.02991871577
131,0.655000,0.4104083404,0.02980386652,4.470348358e-06,-7.808208466e-06,-7.808208466e-06,4.684925079e-05,0,1.48464e-10,3.07748e-06,0.04441913404,-0.07801821828,0.4100925674,0.02983895902
132,0.660000,0.4127747752,0.02990128379,4.470348358e-06,-7.688999176e-06,-7.688999176e-06,4.631280899e-05,0,1.47914e-10,3.10215e-06,0.04441913404,-0.07687927783,0.4128427931,0.03038556809
133,0.665000,0.4160419069,0.02839806024,4.470348358e-06,-7.569789886e-06,-7.569789886e-06,4.577636719e-05,0,1.47335e-10,3.1268e-06,0.04441913404,-0.07574032247,0.4153805679,0.03056474727
134,0.670000,0.4174027406,0.02903358825,4.470348358e-06,-7.450580597e-06,-7.450580597e-06,4.518032074e-05,0,1.46461e-10,3.14962e-06,0.04441913404,-0.07460136712,0.4177018459,0.03067200264
135,0.675000,0.4197518043,0.02907271218,4.470348358e-06,-7.331371307e-06,-7.331371307e-06,4.470348358e-05,0,1.46091e-10,3.17605e-06,0.04441913404,-0.07346241176,0.4198032026,0.0303813334
136,0.680000,0.4216339365,0.02917325683,4.470348358e-06,-7.212162018e-06,-7.212162018e-06,4.422664642e-05,0,1.45693e-10,3.20243e-06,0.04441913404,-0.07232345641,0.4216818414,0.03026855989
137,0.685000,0.4239905737,0.02849971037,4.470348358e-06,-7.092952728e-06,-7.092952728e-06,4.369020462e-05,0,1.45e-10,3.227e-06,0.04441913404,-0.07118451595,0.4233355992,0.03041448041
138,0.690000,0.4254096001,0.02786919102,4.470348358e-06,-7.033348083e-06,-7.033348083e-06,4.315376282e-05,0,1.43444e-10,3.23125e-06,0.04441913404,-0.0700455606,0.4247629497,0.03037676778
139,0.695000,0.4262773693,0.02851588652,4.470348358e-06,-6.973743439e-06,-6.973743439e-06,4.27365303e-05,0,1.42414e-10,3.23905e-06,0.04441913404,-0.06947608292,0.425963005,0.03031828874
140,0.700000,0.427268479,0.02856483962,4.470348358e-06,-6.914138794e-06,-6.914138794e-06,4.231929779e-05,0,1.41377e-10,3.24684e-06,0.04441913404,-0.06890660524,0.4269355153,0.03043648503
141,0.705000,0.4279818013,0.02857818082,4.470348358e-06,-6.854534149e-06,-6.854534149e-06,4.190206528e-05,0,1.40332e-10,3.25462e-06,0.04441913404,-0.06833712757,0.4276808671,0.03054511677
142,0.710000,0.4284674414,0.02814334724,4.470348358e-06,-6.794929504e-06,-6.794929504e-06,4.148483276e-05,0,1.39281e-10,3.26239e-06,0.04441913404,-0.06776764989,0.4282000787,0.03074397987
143,0.715000,0.4286697432,0.02781740669,4.470348358e-06,-6.675720215e-06,-6.675720215e-06,4.100799561e-05,0,1.38755e-10,3.28885e-06,0.04441913404,-0.06662869453,0.4284947948,0.03060406172
144,0.720000,0.4282464348,0.02851820551,4.470348358e-06,-6.556510925e-06,-6.556510925e-06,4.053115845e-05,0,1.38201e-10,3.31526e-06,0.04441913404,-0.06548975408,0.4285672788,0.03088199722
145,0.725000,0.4285185561,0.02792389877,4.470348358e-06,-6.437301636e-06,-6.437301636e-06,4.017353058e-05,0,1.38151e-10,3.34516e-06,0.04441913404,-0.06435079873,0.4284204037,0.03139759769
146,0.730000,0.4279204234,0.02825473808,4.470348358e-06,-6.318092346e-06,-6.318092346e-06,3.981590271e-05,0,1.38073e-10,3.37493e-06,0.04441913404,-0.06321184337,0.4280576408,0.03108791273
147,0.735000,0.4275229424,0.02804625127,4.470348358e-06,-6.198883057e-06,-6.198883057e-06,3.93986702e-05,0,1.377e-10,3.40283e-06,0.04441913404,-0.06207288802,0.4274830467,0.03104801694
148,0.740000,0.4263655953,0.02789491229,4.470348358e-06,-6.079673767e-06,-6.079673767e-06,3.898143768e-05,0,1.37298e-10,3.43064e-06,0.04441913404,-0.06093394756,0.4267012492,0.03068550032
149,0.745000,0.4248378985,0.02873700764,4.470348358e-06,-5.960464478e-06,-5.960464478e-06,3.868341446e-05,0,1.37401e-10,3.46168e-06,0.04441913404,-0.05979499221,0.425717431,0.03051448736
150,0.750000,0.4238442332,0.02873909939,4.410743713e-06,-5.841255188e-06,-5.841255188e-06,3.838539124e-05,0,1.35188e-10,3.43451e-06,0.04387464374,-0.05868946016,0.4245373122,0.03053219936
151,0.755000,0.4227741584,0.02834136132,4.351139069e-06,-5.781650543e-06,-5.781650543e-06,3.808736801e-05,0,1.32296e-10,3.3878e-06,0.04332953226,-0.05758266151,0.4231671305,0.03055021393
152,0.760000,0.4216205962,0.02835853025,4.231929779e-06,-5.722045898e-06,-5.722045898e-06,3.772974014e-05,0,1.26928e-10,3.28147e-06,0.04223744292,-0.05707763135,0.4216136213,0.02998918219
153,0.765000,0.4199588485,0.02874161769,4.11272049e-06,-5.662441254e-06,-5.662441254e-06,3.737211227e-05,0,1.21638e-10,3.17512e-06,0.0411428567,-0.05657142401,0.4198839951,0.0302475347
154,0.770000,0.417970892,0.02868121117,3.9935112e-06,-5.602836609e-06,-5.602836609e-06,3.71336937e-05,0,1.16902e-10,3.0719e-06,0.04004576616,-0.05606406927,0.4179859139,0.03038052191
155,0.775000,0.4159645326,0.02839521132,3.87430191e-06,-5.543231964e-06,-5.543231964e-06,3.689527512e-05,0,1.12216e-10,2.9686e-06,0.03894616291,-0.05555555224,0.415927467,0.03036348764
156,0.780000,0.4125695191,0.02991081215,3.814697266e-06,-5.483627319e-06,-5.483627319e-06,3.665685654e-05,0,1.09765e-10,2.9233e-06,0.03784403671,-0.05504587293,0.4137171447,0.03028211673
157,0.785000,0.4100407921,0.02987247985,3.755092621e-06,-5.424022675e-06,-5.424022675e-06,3.641843796e-05,0,1.07335e-10,2.87794e-06,0.03729202505,-0.05450372398,0.4113638112,0.0300061814
158,0.790000,0.4086219594,0.02883565053,3.695487976e-06,-5.424022675e-06,-5.424022675e-06,3.618001938e-05,0,1.04283e-10,2.81376e-06,0.0367393801,-0.05396096408,0.4088766766,0.03012908585
159,0.795000,0.4060843177,0.02875817474,3.635883331e-06,-5.424022675e-06,-5.424022675e-06,3.59416008e-05,0,1.01259e-10,2.74953e-06,0.03618609998,-0.0539919585,0.4062652679,0.03005755127
160,0.800000,0.403246548,0.02931587957,3.576278687e-06,-5.424022675e-06,-5.424022675e-06,3.570318222e-05,0,9.82645e-11,2.68525e-06,0.03563218378,-0.05402298272,0.4035393989,0.02985256668
161,0.805000,0.4006355852,0.02912589908,3.516674042e-06,-5.424022675e-06,-5.424022675e-06,3.546476364e-05,0,9.5298e-11,2.62092e-06,0.03507763054,-0.05405405164,0.4007091397,0.0299446094
162,0.810000,0.396856308,0.02994512487,3.457069397e-06,-5.424022675e-06,-5.424022675e-06,3.522634506e-05,0,9.23599e-11,2.55654e-06,0.03452243935,-0.05408515036,0.3977847847,0.03007443788
163,0.815000,0.3933259025,0.03030869272,3.397464752e-06,-5.424022675e-06,-5.424022675e-06,3.498792648e-05,0,8.94502e-11,2.49212e-06,0.03396660928,-0.05411629379,0.3947768212,0.02992990197
164,0.820000,0.3900142536,0.03061293904,3.337860107e-06,-5.424022675e-06,-5.424022675e-06,3.47495079e-05,0,8.6569e-11,2.42764e-06,0.03341013845,-0.05414746702,0.3916958964,0.03019361682
165,0.825000,0.3864846937,0.03053696733,3.278255463e-06,-5.424022675e-06,-5.424022675e-06,3.451108932e-05,0,8.37161e-11,2.36311e-06,0.03285302594,-0.05417867005,0.3885527846,0.03012891528
166,0.830000,0.3826506026,0.03093963489,3.218650818e-06,-5.424022675e-06,-5.424022675e-06,3.427267075e-05,0,8.08917e-11,2.29853e-06,0.03229527082,-0.05420991778,0.3853583539,0.03037095585
167,0.835000,0.3795798458,0.03081645072,3.159046173e-06,-5.424022675e-06,-5.424022675e-06,3.403425217e-05,0,7.80958e-11,2.2339e-06,0.03173687216,-0.05424119532,0.3821235322,0.03008446472
168,0.840000,0.3761103973,0.03053676989,3.099441528e-06,-5.424022675e-06,-5.424022675e-06,3.379583359e-05,0,7.53282e-11,2.16921e-06,0.03117782902,-0.05427251756,0.3788592744,0.03044370541
169,0.845000,0.3731529526,0.0305249216,3.039836884e-06,-5.424022675e-06,-5.424022675e-06,3.355741501e-05,0,7.2589e-11,2.10447e-06,0.03061813954,-0.05430386961,0.3755765278,0.03051362818
170,0.850000,0.3699398115,0.03032246232,2.980232239e-06,-5.424022675e-06,-5.424022675e-06,3.331899643e-05,0,6.98783e-11,2.03967e-06,0.03005780373,-0.05433526635,0.372286199,0.03015913971
171,0.855000,0.3664879613,0.03045254759,2.920627594e-06,-5.424022675e-06,-5.424022675e-06,3.308057785e-05,0,6.7196e-11,1.97482e-06,0.02949681878,-0.0543666929,0.3689991204,0.03010792282
172,0.860000,0.363338504,0.02993655484,2.920627594e-06,-5.424022675e-06,-5.424022675e-06,3.284215927e-05,0,6.64997e-11,1.96773e-06,0.02893518563,-0.05439814925,0.3657260166,0.03018104852
173,0.865000,0.3603128083,0.02965026349,2.920627594e-06,-5.424022675e-06,-5.424022675e-06,3.260374069e-05,0,6.58034e-11,1.96054e-06,0.02893518563,-0.05439814925,0.362477472,0.03024778357
174,0.870000,0.3572225682,0.02936375327,2.920627594e-06,-5.424022675e-06,-5.424022675e-06,3.236532211e-05,0,6.5107e-11,1.95325e-06,0.02893518563,-0.05439814925,0.3592638981,0.02975972784
175,0.875000,0.3539665751,0.02945834026,2.920627594e-06,-5.424022675e-06,-5.424022675e-06,3.212690353e-05,0,6.44107e-11,1.94584e-06,0.02893518563,-0.05439814925,0.3560955021,0.02989449181
176,0.880000,0.3512159437,0.02887871116,2.920627594e-06,-5.424022675e-06,-5.424022675e-06,3.188848495e-05,0,6.37144e-11,1.93833e-06,0.02893518563,-0.05439814925,0.352982255,0.02955925858
177,0.885000,0.3485752158,0.02836821973,2.920627594e-06,-5.424022675e-06,-5.424022675e-06,3.165006638e-05,0,6.3018e-11,1.9307e-06,0.02893518563,-0.05439814925,0.3499338616,0.02966611063
178,0.890000,0.3457244858,0.0274573965,2.920627594e-06,-5.424022675e-06,-5.424022675e-06,3.14116478e-05,0,6.23217e-11,1.92296e-06,0.02893518563,-0.05439814925,0.346959731,0.02944323779
179,0.895000,0.3429622091,0.02727317438,2.920627594e-06,-5.424022675e-06,-5.424022675e-06,3.117322922e-05,0,6.16254e-11,1.91509e-06,0.02893518563,-0.05439814925,0.3440689474,0.02908884549
180,0.900000,0.3406039514,0.02697800193,2.920627594e-06,-5.424022675e-06,-5.424022675e-06,3.093481064e-05,0,6.0929e-11,1.90711e-06,0.02893518563,-0.05439814925,0.3412702428,0.0291229957
181,0.905000,0.3384569883,0.02715953346,2.920627594e-06,-5.424022675e-06,-5.424022675e-06,3.069639206e-05,0,6.02327e-11,1.89901e-06,0.02893518563,-0.05439814925,0.3385719699,0.02895724105
182,0.910000,0.3354894146,0.02798431087,2.920627594e-06,-5.424022675e-06,-5.424022675e-06,3.045797348e-05,0,5.95364e-11,1.89077e-06,0.02893518563,-0.05439814925,0.335982077,0.02897036136
183,0.915000,0.3325415626,0.02932014409,2.920627594e-06,-5.424022675e-06,-5.424022675e-06,3.02195549e-05,0,5.884e-11,1.88241e-06,0.02893518563,-0.05439814925,0.3335080835,0.02895670909
184,0.920000,0.330431018,0.0292178141,2.920627594e-06,-5.424022675e-06,-5.424022675e-06,2.998113632e-05,0,5.81437e-11,1.87392e-06,0.02893518563,-0.05439814925,0.3311570568,0.0287049445
185,0.925000,0.3281671926,0.02984682843,2.920627594e-06,-5.424022675e-06,-5.424022675e-06,2.974271774e-05,0,5.74474e-11,1.86529e-06,0.02893518563,-0.05439814925,0.3289355911,0.02889199161
186,0.930000,0.3259118795,0.0305009326,2.920627594e-06,-5.36441803e-06,-5.36441803e-06,2.950429916e-05,0,5.73941e-11,1.87894e-06,0.02893518563,-0.05381944776,0.3268497867,0.02896036962
187,0.935000,0.3243437037,0.03001333121,2.920627594e-06,-5.304813385e-06,-5.304813385e-06,2.926588058e-05,0,5.73337e-11,1.89258e-06,0.02893518563,-0.05324074626,0.3249052315,0.0290695124
188,0.940000,0.3224855997,0.0305763362,2.920627594e-06,-5.24520874e-06,-5.24520874e-06,2.902746201e-05,0,5.72662e-11,1.90621e-06,0.02893518563,-0.05266202986,0.3231069838,0.02875339646
189,0.945000,0.3207561038,0.0307454532,2.920627594e-06,-5.185604095e-06,-5.185604095e-06,2.878904343e-05,0,5.71916e-11,1.91984e-06,0.02893518563,-0.05208332837,0.3214595568,0.02895370543
190,0.950000,0.3197485246,0.03001742903,2.920627594e-06,-5.125999451e-06,-5.125999451e-06,2.84910202e-05,0,5.69358e-11,1.93131e-06,0.02893518563,-0.05150462687,0.3199669047,0.02925007654
191,0.955000,0.3179848157,0.03021230828,2.920627594e-06,-5.066394806e-06,-5.066394806e-06,2.831220627e-05,0,5.70211e-11,1.94706e-06,0.02893518563,-0.05092592537,0.3186324101,0.02934623988
192,0.960000,0.3168118857,0.03032974247,2.920627594e-06,-5.006790161e-06,-5.006790161e-06,2.813339233e-05,0,5.70992e-11,1.96276e-06,0.02893518563,-0.05034722388,0.3174588739,0.0296745883
193,0.965000,0.3164356202,0.03007698152,2.920627594e-06,-5.006790161e-06,-5.006790161e-06,2.79545784e-05,0,5.6577e-11,1.95641e-06,0.02893518563,-0.04976852238,0.3164485062,0.0300023395
194,0.970000,0.3157836795,0.02993539628,2.920627594e-06,-5.006790161e-06,-5.006790161e-06,2.777576447e-05,0,5.60547e-11,1.94997e-06,0.02893518563,-0.04976852238,0.3156029192,0.03003438824
195,0.975000,0.3147465512,0.03069722839,2.920627594e-06,-5.006790161e-06,-5.006790161e-06,2.759695053e-05,0,5.55325e-11,1.94345e-06,0.02893518563,-0.04976852238,0.3149231223,0.02985443263
196,0.980000,0.3137990274,0.0317731034,2.920627594e-06,-5.006790161e-06,-5.006790161e-06,2.74181366e-05,0,5.50102e-11,1.93685e-06,0.02893518563,-0.04976852238,0.3144095184,0.02975898968
197,0.985000,0.3137193806,0.0314424457,2.920627594e-06,-5.006790161e-06,-5.006790161e-06,2.723932266e-05,0,5.4488e-11,1.93016e-06,0.02893518563,-0.04976852238,0.3140619023,0.03003653024
198,0.990000,0.3135837801,0.03128954582,2.920627594e-06,-5.006790161e-06,-5.006790161e-06,2.706050873e-05,0,5.39657e-11,1.92338e-06,0.02893518563,-0.04976852238,0.3138794611,0.03014070313
199,0.995000,0.3136676364,0.03128992021,2.920627594e-06,-5.006790161e-06,-5.006790161e-06,2.688169479e-05,0,5.34435e-11,1.91651e-06,0.02893518563,-0.04976852238,0.3138607759,0.0302460126
200,1.000000,0.3137981258,0.031958092,2.920627594e-06,-5.006790161e-06,-5.006790161e-06,2.670288086e-05,0,5.29212e-11,1.90955e-06,0.02893518563,-0.04976852238,0.3140038261,0.0299220365
201,1.005000,0.3139698282,0.03174122609,2.920627594e-06,-5.006790161e-06,-5.006790161e-06,2.652406693e-05,0,5.2399e-11,1.9025e-06,0.02893518563,-0.04976852238,0.3143059947,0.03010784233
202,1.010000,0.3141730949,0.03215787746,2.920627594e-06,-5.006790161e-06,-5.006790161e-06,2.634525299e-05,0,5.18767e-11,1.89535e-06,0.02893518563,-0.04976852238,0.314764076,0.03004852859
203,1.015000,0.3144030459,0.03297044057,2.920627594e-06,-5.006790161e-06,-5.006790161e-06,2.616643906e-05,0,5.13545e-11,1.8881e-06,0.02893518563,-0.04976852238,0.3153742845,0.02988039195
204,1.020000,0.3156918697,0.03257124126,2.920627594e-06,-5.006790161e-06,-5.006790161e-06,2.598762512e-05,0,5.08322e-11,1.88076e-06,0.02893518563,-0.04976852238,0.3161322663,0.02978325649
205,1.025000,0.3167112693,0.03238751646,2.920627594e-06,-5.006790161e-06,-5.006790161e-06,2.580881119e-05,0,5.031e-11,1.87331e-06,0.02893518563,-0.04976852238,0.3170331118,0.02995694557
206,1.030000,0.3173467144,0.03247203305,2.920627594e-06,-5.006790161e-06,-5.006790161e-06,2.562999725e-05,0,4.97877e-11,1.86577e-06,0.02893518563,-0.04976852238,0.3180713694,0.02992384306
207,1.035000,0.3187888265,0.03227378614,2.920627594e-06,-5.006790161e-06,-5.006790161e-06,2.545118332e-05,0,4.92655e-11,1.85811e-06,0.02893518563,-0.04976852238,0.3192410626,0.02960083993
208,1.040000,0.3208212294,0.03161341045,2.920627594e-06,-5.006790161e-06,-5.006790161e-06,2.527236938e-05,0,4.87432e-11,1.85035e-06,0.02893518563,-0.04976852238,0.3205357065,0.02982204022
209,1.045000,0.3219803125,0.03172103502,2.920627594e-06,-5.006790161e-06,-5.006790161e-06,2.509355545e-05,0,4.8221e-11,1.84249e-06,0.02893518563,-0.04976852238,0.3219483279,0.02967258457
210,1.050000,0.3236216232,0.03188210633,2.920627594e-06,-5.006790161e-06,-5.006790161e-06,2.491474152e-05,0,4.76987e-11,1.83451e-06,0.02893518563,-0.04976852238,0.3234714853,0.02972073409
211,1.055000,0.3255045712,0.03070497233,2.920627594e-06,-5.006790161e-06,-5.006790161e-06,2.473592758e-05,0,4.71765e-11,1.82641e-06,0.02893518563,-0.04976852238,0.3250972912,0.02946714657
212,1.060000,0.32710566,0.03104947414,2.920627594e-06,-5.006790161e-06,-5.006790161e-06,2.455711365e-05,0,4.66542e-11,1.8182e-06,0.02893518563,-0.04976852238,0.3268174359,0.02950149299
213,1.065000,0.3286751956,0.03151687793,2.920627594e-06,-5.006790161e-06,-5.006790161e-06,2.437829971e-05,0,4.6132e-11,1.80987e-06,0.02893518563,-0.04976852238,0.3286232115,0.02961647334
214,1.070000,0.3305898756,0.0310415905,2.920627594e-06,-5.006790161e-06,-5.006790161e-06,2.419948578e-05,0,4.56097e-11,1.80143e-06,0.02893518563,-0.04976852238,0.3305055385,0.02957511841
215,1.075000,0.3325633109,0.03124042135,2.920627594e-06,-5.006790161e-06,-5.006790161e-06,2.402067184e-05,0,4.50875e-11,1.79285e-06,0.02893518563,-0.04976852238,0.3324549927,0.02961063785
216,1.080000,0.334818095,0.030785718,2.920627594e-06,-5.006790161e-06,-5.006790161e-06,2.384185791e-05,0,4.45652e-11,1.78416e-06,0.02893518563,-0.04976852238,0.3344618335,0.02934918334
217,1.085000,0.3366459571,0.03091859911,2.920627594e-06,-5.006790161e-06,-5.006790161e-06,2.366304398e-05,0,4.4043e-11,1.77533e-06,0.02893518563,-0.04976852238,0.3365160329,0.02935797854
218,1.090000,0.3385856599,0.03142495174,2.920627594e-06,-5.006790161e-06,-5.006790161e-06,2.348423004e-05,0,4.35207e-11,1.76637e-06,0.02893518563,-0.04976852238,0.338607306,0.02947692516
219,1.095000,0.3407848515,0.03128791973,2.920627594e-06,-5.006790161e-06,-5.006790161e-06,2.330541611e-05,0,4.29985e-11,1.75728e-06,0.02893518563,-0.04976852238,0.3407251415,0.02935478285
220,1.100000,0.3424800634,0.03141264431,2.920627594e-06,-5.006790161e-06,-5.006790161e-06,2.312660217e-05,0,4.24762e-11,1.74805e-06,0.02893518563,-0.04976852238,0.3428588336,0.02936854764
221,1.105000,0.3443009257,0.03202891257,2.920627594e-06,-5.006790161e-06,-5.006790161e-06,2.294778824e-05,0,4.1954e-11,1.73868e-06,0.02893518563,-0.04976852238,0.3449975146,0.02899416535
222,1.110000,0.3464406133,0.03193464037,2.920627594e-06,-5.006790161e-06,-5.006790161e-06,2.27689743e-05,0,4.14317e-11,1.72917e-06,0.02893518563,-0.04976852238,0.3471301872,0.02885653579
223,1.115000,0.348513402,0.03160735499,2.920627594e-06,-5.006790161e-06,-5.006790161e-06,2.259016037e-05,0,4.09095e-11,1.71952e-06,0.02893518563,-0.04976852238,0.3492457584,0.02913626844
224,1.120000,0.3509407192,0.03152367193,2.920627594e-06,-5.006790161e-06,-5.006790161e-06,2.241134644e-05,0,4.03872e-11,1.70971e-06,0.02893518563,-0.04976852238,0.3513330729,0.02890424131
225,1.125000,0.3532726467,0.03071266878,2.920627594e-06,-5.006790161e-06,-5.006790161e-06,2.22325325e-05,0,3.9865e-11,1.69975e-06,0.02893518563,-0.04976852238,0.3533809471,0.02891609882
226,1.130000,0.3553204238,0.03053868748,2.920627594e-06,-5.006790161e-06,-5.006790161e-06,2.205371857e-05,0,3.93428e-11,1.68964e-06,0.02893518563,-0.04976852238,0.3553782034,0.02889794614
227,1.135000,0.3573831618,0.03069094662,2.920627594e-06,-5.006790161e-06,-5.006790161e-06,2.187490463e-05,0,3.88205e-11,1.67937e-06,0.02893518563,-0.04976852238,0.3573137044,0.02873269478
228,1.140000,0.3593531661,0.030631328,2.920627594e-06,-5.006790161e-06,-5.006790161e-06,2.16960907e-05,0,3.82983e-11,1.66893e-06,0.02893518563,-0.04976852238,0.3591763867,0.02844146656
229,1.145000,0.3608977348,0.03126344085,2.920627594e-06,-5.006790161e-06,-5.006790161e-06,2.151727676e-05,0,3.7776e-11,1.65833e-06,0.02893518563,-0.04976852238,0.3609552955,0.02863045926
230,1.150000,0.362610966,0.03132712655,2.920627594e-06,-5.006790161e-06,-5.006790161e-06,2.133846283e-05,0,3.72538e-11,1.64756e-06,0.02893518563,-0.04976852238,0.3626396181,0.02896991229
231,1.155000,0.3641201444,0.0311876107,2.920627594e-06,-5.006790161e-06,-5.006790161e-06,2.11596489e-05,0,3.67315e-11,1.63661e-06,0.02893518563,-0.04976852238,0.3642187176,0.02878061283
232,1.160000,0.365628846,0.03089042008,2.920627594e-06,-5.006790161e-06,-5.006790161e-06,2.098083496e-05,0,3.62093e-11,1.62548e-06,0.02893518563,-0.04976852238,0.3656821658,0.02891977211
233,1.165000,0.3668338321,0.03075255733,2.920627594e-06,-5.006790161e-06,-5.006790161e-06,2.080202103e-05,0,3.5687e-11,1.61418e-06,0.02893518563,-0.04976852238,0.3670197758,0.02883433328
234,1.170000,0.3677979633,0.03096990939,2.920627594e-06,-5.006790161e-06,-5.006790161e-06,2.062320709e-05,0,3.51648e-11,1.60269e-06,0.02893518563,-0.04976852238,0.3682216341,0.02900792318
235,1.175000,0.3688079007,0.03090847656,2.920627594e-06,-5.006790161e-06,-5.006790161e-06,2.044439316e-05,0,3.46425e-11,1.591e-06,0.02893518563,-0.04976852238,0.3692781317,0.02932666809
236,1.180000,0.3691978753,0.03103408124,2.920627594e-06,-5.006790161e-06,-5.006790161e-06,2.026557922e-05,0,3.41203e-11,1.57912e-06,0.02893518563,-0.04976852238,0.3701799948,0.0292393434
237,1.185000,0.3698505424,0.03129048366,2.920627594e-06,-5.006790161e-06,-5.006790161e-06,2.008676529e-05,0,3.3598e-11,1.56705e-06,0.02893518563,-0.04976852238,0.370918314,0.02966539309
238,1.190000,0.3701319806,0.03174521495,2.920627594e-06,-5.006790161e-06,-5.006790161e-06,1.990795135e-05,0,3.30758e-11,1.55476e-06,0.02893518563,-0.04976852238,0.3714845732,0.02978865578
239,1.195000,0.3704787306,0.03191301227,2.920627594e-06,-5.006790161e-06,-5.006790161e-06,1.972913742e-05,0,3.25535e-11,1.54227e-06,0.02893518563,-0.04976852238,0.3718706772,0.02978965085
240,1.200000,0.3707400002,0.0317672696,2.920627594e-06,-5.006790161e-06,-5.006790161e-06,1.955032349e-05,0,3.20313e-11,1.52957e-06,0.02893518563,-0.04976852238,0.3720689778,0.02954740175
241,1.205000,0.3707394227,0.03187518846,2.920627594e-06,-5.006790161e-06,-5.006790161e-06,1.937150955e-05,0,3.1509e-11,1.51664e-06,0.02893518563,-0.04976852238,0.3720722995,0.0297486967
242,1.210000,0.3703646548,0.03197088279,2.920627594e-06,-5.006790161e-06,-5.006790161e-06,1.919269562e-05,0,3.09868e-11,1.50349e-06,0.02893518563,-0.04976852238,0.3718739628,0.02952997395
243,1.215000,0.369506713,0.03196101729,2.920627594e-06,-5.006790161e-06,-5.006790161e-06,1.901388168e-05,0,3.04645e-11,1.49012e-06,0.02893518563,-0.04976852238,0.3714678073,0.02968986404
244,1.220000,0.3688513339,0.03150602058,2.920627594e-06,-5.006790161e-06,-5.006790161e-06,1.883506775e-05,0,2.99423e-11,1.4765e-06,0.02893518563,-0.04976852238,0.3708482129,0.02942373751
245,1.225000,0.3681382537,0.03092672769,2.920627594e-06,-5.006790161e-06,-5.006790161e-06,1.865625381e-05,0,2.942e-11,1.46265e-06,0.02893518563,-0.04976852238,0.3700101189,0.02955059844
246,1.230000,0.3661710024,0.03239394072,2.920627594e-06,-5.006790161e-06,-5.006790161e-06,1.847743988e-05,0,2.88978e-11,1.44854e-06,0.02893518563,-0.04976852238,0.3689490428,0.02948891662
247,1.235000,0.3647812754,0.03204912506,2.920627594e-06,-5.006790161e-06,-5.006790161e-06,1.829862595e-05,0,2.83755e-11,1.43419e-06,0.02893518563,-0.04976852238,0.3676610963,0.02931969608
248,1.240000,0.3634731844,0.03166736104,2.920627594e-06,-5.006790161e-06,-5.006790161e-06,1.811981201e-05,0,2.78533e-11,1.41957e-06,0.02893518563,-0.04976852238,0.3661430006,0.02928838629
249,1.245000,0.361241892,0.03145648073,2.920627594e-06,-5.006790161e-06,-5.006790161e-06,1.794099808e-05,0,2.7331e-11,1.40469e-06,0.02893518563,-0.04976852238,0.3643920995,0.02921775094
250,1.250000,0.3595998436,0.03089594375,2.920627594e-06,-5.006790161e-06,-5.006790161e-06,1.776218414e-05,0,2.68088e-11,1.38954e-06,0.02893518563,-0.04976852238,0.3624063705,0.02918148917
251,1.255000,0.3575997204,0.02996167634,2.920627594e-06,-4.947185516e-06,-4.947185516e-06,1.758337021e-05,0,2.68798e-11,1.40759e-06,0.02893518563,-0.04918982089,0.3601844352,0.02913489974
252,1.260000,0.3555737473,0.0290044453,2.920627594e-06,-4.887580872e-06,-4.887580872e-06,1.740455627e-05,0,2.69438e-11,1.42563e-06,0.02893518563,-0.04861110449,0.3577255667,0.02921834616
253,1.265000,0.3527368568,0.02854841389,2.920627594e-06,-4.827976227e-06,-4.827976227e-06,1.722574234e-05,0,2.70006e-11,1.44368e-06,0.02893518563,-0.04803240299,0.3550296958,0.02880692022
254,1.270000,0.3501841463,0.02840078529,2.920627594e-06,-4.768371582e-06,-4.768371582e-06,1.704692841e-05,0,2.70504e-11,1.46172e-06,0.02893518563,-0.0474537015,0.3520974154,0.0289464396
255,1.275000,0.3473144881,0.02821895294,2.920627594e-06,-4.708766937e-06,-4.708766937e-06,1.686811447e-05,0,2.7093e-11,1.47977e-06,0.02893518563,-0.046875,0.3489299829,0.02894755204
256,1.280000,0.3440829404,0.02749751415,2.920627594e-06,-4.649162292e-06,-4.649162292e-06,1.668930054e-05,0,2.71285e-11,1.49781e-06,0.02893518563,-0.0462962985,0.3455293204,0.02913710074
257,1.285000,0.3403318264,0.02764906455,2.920627594e-06,-4.589557648e-06,-4.589557648e-06,1.65104866e-05,0,2.71569e-11,1.51586e-06,0.02893518563,-0.04571759701,0.3418980141,0.02901293311
258,1.290000,0.3364092186,0.02766831964,2.920627594e-06,-4.529953003e-06,-4.529953003e-06,1.627206802e-05,0,2.70042e-11,1.52878e-06,0.02893518563,-0.04513889551,0.3380393102,0.0294430962
259,1.295000,0.3326324373,0.02752108872,2.920627594e-06,-4.470348358e-06,-4.470348358e-06,1.615285873e-05,0,2.71925e-11,1.55195e-06,0.02893518563,-0.04456017911,0.3339571107,0.02978368197
260,1.300000,0.3290884122,0.02621999662,2.920627594e-06,-4.410743713e-06,-4.410743713e-06,1.603364944e-05,0,2.73737e-11,1.57508e-06,0.02893518563,-0.04398147762,0.3296559659,0.02975760233
261,1.305000,0.3244303092,0.02609951608,2.920627594e-06,-4.351139069e-06,-4.351139069e-06,1.591444016e-05,0,2.75477e-11,1.59819e-06,0.02893518563,-0.04340277612,0.3251410662,0.02952077601
262,1.310000,0.3200827576,0.02567831799,2.920627594e-06,-4.291534424e-06,-4.291534424e-06,1.579523087e-05,0,2.77147e-11,1.62126e-06,0.02893518563,-0.04282407463,0.3204182309,0.02931517802
263,1.315000,0.3147325628,0.02585205343,2.920627594e-06,-4.231929779e-06,-4.231929779e-06,1.567602158e-05,0,2.78746e-11,1.64429e-06,0.02893518563,-0.04224537313,0.3154938967,0.02961927694
264,1.320000,0.3099451214,0.02570962347,2.920627594e-06,-4.172325134e-06,-4.172325134e-06,1.555681229e-05,0,2.80274e-11,1.66729e-06,0.02893518563,-0.04166667163,0.3103751029,0.02942337447
265,1.325000,0.3040489033,0.02629961725,2.920627594e-06,-4.11272049e-06,-4.11272049e-06,1.5437603e-05,0,2.8173e-11,1.69025e-06,0.02893518563,-0.04108797014,0.3050694763,0.0296887247
266,1.330000,0.2981774099,0.02659362089,2.920627594e-06,-4.053115845e-06,-4.053115845e-06,1.531839371e-05,0,2.83116e-11,1.71317e-06,0.02893518563,-0.04050925374,0.2995852131,0.02952133931
267,1.335000,0.2926264517,0.02626435645,2.920627594e-06,-3.9935112e-06,-3.9935112e-06,1.519918442e-05,0,2.8443e-11,1.73605e-06,0.02893518563,-0.03993055224,0.2939310604,0.02945842809
268,1.340000,0.2868807428,0.02610551007,2.920627594e-06,-3.933906555e-06,-3.933906555e-06,1.507997513e-05,0,2.85674e-11,1.75889e-06,0.02893518563,-0.03935185075,0.2881162954,0.02981087536
269,1.345000,0.2806253247,0.02627063822,2.920627594e-06,-3.87430191e-06,-3.87430191e-06,1.496076584e-05,0,2.86846e-11,1.78169e-06,0.02893518563,-0.03877314925,0.2821507029,0.02984110827
270,1.350000,0.2743560262,0.02614504658,2.920627594e-06,-3.814697266e-06,-3.814697266e-06,1.47819519e-05,0,2.86207e-11,1.79972e-06,0.02893518563,-0.03819444776,0.2760445525,0.02989774633
271,1.355000,0.2679169662,0.02618845366,2.920627594e-06,-3.755092621e-06,-3.755092621e-06,1.472234726e-05,0,2.88978e-11,1.82714e-06,0.02893518563,-0.03761574626,0.2698085729,0.02967765628
272,1.360000,0.2611265816,0.02665774059,2.920627594e-06,-3.695487976e-06,-3.695487976e-06,1.466274261e-05,0,2.91678e-11,1.8544e-06,0.02893518563,-0.03703702986,0.2634539257,0.02986595808
273,1.365000,0.2545715123,0.02691195719,2.920627594e-06,-3.635883331e-06,-3.635883331e-06,1.460313797e-05,0,2.94307e-11,1.88148e-06,0.02893518563,-0.03645832837,0.2569921785,0.02960375273
274,1.370000,0.248489514,0.02620705962,2.920627594e-06,-3.576278687e-06,-3.576278687e-06,1.454353333e-05,0,2.96865e-11,1.90839e-06,0.02893518563,-0.03587962687,0.2504352752,0.02963460253
275,1.375000,0.2415402122,0.02625018265,2.920627594e-06,-3.516674042e-06,-3.516674042e-06,1.448392868e-05,0,2.99352e-11,1.93512e-06,0.02893518563,-0.03530092537,0.243795507,0.02972932851
276,1.380000,0.2349344715,0.02626031265,2.920627594e-06,-3.457069397e-06,-3.457069397e-06,1.442432404e-05,0,3.01767e-11,1.96166e-06,0.02893518563,-0.03472222388,0.2370854813,0.02971355206
277,1.385000,0.2279378176,0.02641192731,2.920627594e-06,-3.397464752e-06,-3.397464752e-06,1.436471939e-05,0,3.04112e-11,1.98801e-06,0.02893518563,-0.03414352238,0.2303180897,0.02972765207
278,1.390000,0.2219971381,0.02583575714,2.920627594e-06,-3.337860107e-06,-3.337860107e-06,1.430511475e-05,0,3.06386e-11,2.01416e-06,0.02893518563,-0.03356482089,0.2235064759,0.02987293044
279,1.395000,0.2147762887,0.0261660181,2.920627594e-06,-3.278255463e-06,-3.278255463e-06,1.42455101e-05,0,3.08589e-11,2.04012e-06,0.02893518563,-0.03298610449,0.2166640021,0.02933162827
280,1.400000,0.2087789886,0.02524788957,2.920627594e-06,-3.218650818e-06,-3.218650818e-06,1.418590546e-05,0,3.1072e-11,2.06587e-06,0.02893518563,-0.03240740299,0.209804215,0.02914160364
281,1.405000,0.2015558071,0.0254225973,2.920627594e-06,-3.159046173e-06,-3.159046173e-06,1.412630081e-05,0,3.12781e-11,2.09141e-06,0.02893518563,-0.0318287015,0.2029408113,0.02929690161
282,1.410000,0.1951688193,0.0251836963,2.920627594e-06,-3.099441528e-06,-3.099441528e-06,1.406669617e-05,0,3.1477e-11,2.11673e-06,0.02893518563,-0.03125,0.1960876029,0.02919355069
283,1.415000,0.1882500388,0.02518707886,2.920627594e-06,-3.039836884e-06,-3.039836884e-06,1.400709152e-05,0,3.16689e-11,2.14183e-06,0.02893518563,-0.0306712985,0.1892584811,0.0293760624
284,1.420000,0.1812517159,0.02527474426,2.920627594e-06,-2.980232239e-06,-2.980232239e-06,1.394748688e-05,0,3.18536e-11,2.16671e-06,0.02893518563,-0.03009259701,0.1824673814,0.0293902366
285,1.425000,0.1744717658,0.02524902485,2.920627594e-06,-2.980232239e-06,-2.980232239e-06,1.382827759e-05,0,3.15055e-11,2.15947e-06,0.02893518563,-0.02951389551,0.1757282475,0.0290586278
286,1.430000,0.1687394083,0.02429674659,2.920627594e-06,-2.980232239e-06,-2.980232239e-06,1.37090683e-05,0,3.11573e-11,2.15211e-06,0.02893518563,-0.02951389551,0.1690549954,0.02919923541
287,1.435000,0.1620809585,0.0242193006,2.920627594e-06,-2.980232239e-06,-2.980232239e-06,1.358985901e-05,0,3.08091e-11,2.1446e-06,0.02893518563,-0.02951389551,0.1624614776,0.02917789874
288,1.440000,0.1559345983,0.02397826221,2.920627594e-06,-2.980232239e-06,-2.980232239e-06,1.347064972e-05,0,3.0461e-11,2.13697e-06,0.02893518563,-0.02951389551,0.1559614473,0.0291439134
289,1.445000,0.149898909,0.02362546884,2.920627594e-06,-2.980232239e-06,-2.980232239e-06,1.335144043e-05,0,3.01128e-11,2.12918e-06,0.02893518563,-0.02951389551,0.1495685232,0.02955538094
290,1.450000,0.1434628516,0.0238399487,2.920627594e-06,-2.980232239e-06,-2.980232239e-06,1.323223114e-05,0,2.97646e-11,2.12126e-06,0.02893518563,-0.02951389551,0.1432961539,0.02954971846
291,1.455000,0.1370069236,0.0243021911,2.920627594e-06,-2.980232239e-06,-2.980232239e-06,1.311302185e-05,0,2.94165e-11,2.11318e-06,0.02893518563,-0.02951389551,0.1371575834,0.02939761017
292,1.460000,0.1312654726,0.0239096256,2.920627594e-06,-2.980232239e-06,-2.980232239e-06,1.299381256e-05,0,2.90683e-11,2.10495e-06,0.02893518563,-0.02951389551,0.1311658172,0.02931975446
293,1.465000,0.1252088584,0.02417494077,2.920627594e-06,-2.980232239e-06,-2.980232239e-06,1.287460327e-05,0,2.87201e-11,2.09656e-06,0.02893518563,-0.02951389551,0.125333588,0.02930593696
294,1.470000,0.1194515899,0.02435236238,2.920627594e-06,-2.980232239e-06,-2.980232239e-06,1.275539398e-05,0,2.8372e-11,2.08802e-06,0.02893518563,-0.02951389551,0.1196733234,0.02928623137
295,1.475000,0.1140809059,0.02440664731,2.920627594e-06,-2.980232239e-06,-2.980232239e-06,1.263618469e-05,0,2.80238e-11,2.0793e-06,0.02893518563,-0.02951389551,0.1141971138,0.0293015052
296,1.480000,0.1092201546,0.02422913443,2.920627594e-06,-2.980232239e-06,-2.980232239e-06,1.25169754e-05,0,2.76756e-11,2.07042e-06,0.02893518563,-0.02951389551,0.1089166808,0.02914635889
297,1.485000,0.1046153866,0.02403603122,2.920627594e-06,-2.980232239e-06,-2.980232239e-06,1.239776611e-05,0,2.73275e-11,2.06136e-06,0.02893518563,-0.02951389551,0.1038433474,0.02897446069
298,1.490000,0.09954833612,0.02446386684,2.920627594e-06,-2.980232239e-06,-2.980232239e-06,1.227855682e-05,0,2.69793e-11,2.05212e-06,0.02893518563,-0.02951389551,0.09898800861,0.0294675616
299,1.495000,0.09526582062,0.02441112977,2.920627594e-06,-2.980232239e-06,-2.980232239e-06,1.215934753e-05,0,2.66311e-11,2.04269e-06,0.02893518563,-0.02951389551,0.09436110359,0.02977632207
300,1.500000,0.09082289413,0.02443467919,2.920627594e-06,-2.980232239e-06,-2.980232239e-06,1.204013824e-05,0,2.6283e-11,2.03308e-06,0.02893518563,-0.02951389551,0.08997258888,0.02966030595
301,1.505000,0.0866519697,0.02415887918,2.920627594e-06,-2.980232239e-06,-2.980232239e-06,1.192092896e-05,0,2.59348e-11,2.02327e-06,0.02893518563,-0.02951389551,0.08583191282,0.02986487448
302,1.510000,0.08291785419,0.02418553922,2.920627594e-06,-2.980232239e-06,-2.980232239e-06,1.180171967e-05,0,2.55866e-11,2.01326e-06,0.02893518563,-0.02951389551,0.08194799153,0.02967944789
303,1.515000,0.07940234616,0.02399955131,2.920627594e-06,-2.980232239e-06,-2.980232239e-06,1.168251038e-05,0,2.52385e-11,2.00304e-06,0.02893518563,-0.02951389551,0.07832918616,0.02978705049
304,1.520000,0.07642973214,0.02391309477,2.920627594e-06,-2.980232239e-06,-2.980232239e-06,1.156330109e-05,0,2.48903e-11,1.99261e-06,0.02893518563,-0.02951389551,0.07498328177,0.02991838308
305,1.525000,0.07296669856,0.02425409388,2.920627594e-06,-2.980232239e-06,-2.980232239e-06,1.14440918e-05,0,2.45421e-11,1.98196e-06,0.02893518563,-0.02951389551,0.07191746765,0.03013146512
306,1.530000,0.07019157708,0.02449341584,2.920627594e-06,-2.980232239e-06,-2.980232239e-06,1.132488251e-05,0,2.4194e-11,1.97109e-06,0.02893518563,-0.02951389551,0.06913831935,0.02993235394
307,1.535000,0.06811660528,0.02463308908,2.920627594e-06,-2.980232239e-06,-2.980232239e-06,1.120567322e-05,0,2.38458e-11,1.95999e-06,0.02893518563,-0.02951389551,0.0666517823,0.02999851635
308,1.540000,0.06599703804,0.02468939871,2.920627594e-06,-2.980232239e-06,-2.980232239e-06,1.108646393e-05,0,2.34976e-11,1.94865e-06,0.02893518563,-0.02951389551,0.06446315713,0.02994164861
309,1.545000,0.06464267895,0.02464254946,2.920627594e-06,-2.980232239e-06,-2.980232239e-06,1.096725464e-05,0,2.31495e-11,1.93706e-06,0.02893518563,-0.02951389551,0.06257708683,0.03034613162
310,1.550000,0.06300580874,0.02451572381,2.920627594e-06,-2.980232239e-06,-2.980232239e-06,1.084804535e-05,0,2.28013e-11,1.92523e-06,0.02893518563,-0.02951389551,0.06099754555,0.03049945066
311,1.555000,0.06194355711,0.02483086567,2.920627594e-06,-2.980232239e-06,-2.980232239e-06,1.072883606e-05,0,2.24532e-11,1.91313e-06,0.02893518563,-0.02951389551,0.05972782935,0.03061319961
312,1.560000,0.06096679717,0.02484273911,2.920627594e-06,-2.980232239e-06,-2.980232239e-06,1.060962677e-05,0,2.2105e-11,1.90077e-06,0.02893518563,-0.02951389551,0.05877054866,0.03046434272
313,1.565000,0.06044564024,0.02549456153,2.920627594e-06,-2.980232239e-06,-2.980232239e-06,1.049041748e-05,0,2.17568e-11,1.88814e-06,0.02893518563,-0.02951389551,0.05812762267,0.0305278078
314,1.570000,0.06017947569,0.02540845424,2.920627594e-06,-2.980232239e-06,-2.980232239e-06,1.037120819e-05,0,2.14087e-11,1.87522e-06,0.02893518563,-0.02951389551,0.05780027561,0.03068177156
315,1.575000,0.06001172215,0.02574278787,2.920627594e-06,-2.980232239e-06,-2.980232239e-06,1.02519989e-05,0,2.10605e-11,1.86201e-06,0.02893518563,-0.02951389551,0.05778903482,0.03094637013
316,1.580000,0.06049478427,0.02595927287,2.920627594e-06,-2.980232239e-06,-2.980232239e-06,1.013278961e-05,0,2.07123e-11,1.8485e-06,0.02893518563,-0.02951389551,0.0580937308,0.03096915788
317,1.585000,0.06189441308,0.02543103881,2.920627594e-06,-2.980232239e-06,-2.980232239e-06,1.001358032e-05,0,2.03642e-11,1.83469e-06,0.02893518563,-0.02951389551,0.05871349909,0.03093630057
318,1.590000,0.06325744092,0.025378922,2.920627594e-06,-2.980232239e-06,-2.980232239e-06,9.894371033e-06,0,2.0016e-11,1.82055e-06,0.02893518563,-0.02951389551,0.059646784,0.03114751068
319,1.595000,0.06442361325,0.02540977672,2.920627594e-06,-2.980232239e-06,-2.980232239e-06,9.775161743e-06,0,1.96678e-11,1.8061e-06,0.02893518563,-0.02951389551,0.06089134432,0.03131197947
320,1.600000,0.0661127083,0.02560568973,2.920627594e-06,-2.980232239e-06,-2.980232239e-06,9.655952454e-06,0,1.93197e-11,1.7913e-06,0.02893518563,-0.02951389551,0.06244426072,0.03112505831
321,1.605000,0.06804729253,0.02577370778,2.920627594e-06,-2.980232239e-06,-2.980232239e-06,9.536743164e-06,0,1.89715e-11,1.77615e-06,0.02893518563,-0.02951389551,0.06430194511,0.03104017885
322,1.610000,0.06937342137,0.02656766307,2.920627594e-06,-2.980232239e-06,-2.980232239e-06,9.417533875e-06,0,1.86233e-11,1.76065e-06,0.02893518563,-0.02951389551,0.06646015173,0.03107842613
323,1.615000,0.07187543437,0.02662874572,2.920627594e-06,-2.980232239e-06,-2.980232239e-06,9.298324585e-06,0,1.82752e-11,1.74478e-06,0.02893518563,-0.02951389551,0.06891399001,0.03109930061
324,1.620000,0.07537550852,0.02640775964,2.920627594e-06,-2.980232239e-06,-2.980232239e-06,9.179115295e-06,0,1.7927e-11,1.72853e-06,0.02893518563,-0.02951389551,0.07165793918,0.03123931403
325,1.625000,0.07843724638,0.02635869756,2.920627594e-06,-2.980232239e-06,-2.980232239e-06,9.059906006e-06,0,1.75788e-11,1.71189e-06,0.02893518563,-0.02951389551,0.07468586457,0.0311863952
326,1.630000,0.08174064383,0.02651725337,2.920627594e-06,-2.980232239e-06,-2.980232239e-06,8.940696716e-06,0,1.72307e-11,1.69485e-06,0.02893518563,-0.02951389551,0.0779910355,0.03099561208
327,1.635000,0.08463774994,0.02752821054,2.920627594e-06,-2.980232239e-06,-2.980232239e-06,8.821487427e-06,0,1.68825e-11,1.67739e-06,0.02893518563,-0.02951389551,0.08156614486,0.03072156218
328,1.640000,0.08839005604,0.02770306263,2.920627594e-06,-2.980232239e-06,-2.980232239e-06,8.702278137e-06,0,1.65343e-11,1.65951e-06,0.02893518563,-0.02951389551,0.08540333006,0.03056720918
329,1.645000,0.09215663001,0.02785289846,2.920627594e-06,-2.980232239e-06,-2.980232239e-06,8.583068848e-06,0,1.61862e-11,1.64118e-06,0.02893518563,-0.02951389551,0.08949419567,0.03049712516
330,1.650000,0.09690917283,0.0277102245,2.920627594e-06,-2.980232239e-06,-2.980232239e-06,8.463859558e-06,0,1.5838e-11,1.6224e-06,0.02893518563,-0.02951389551,0.09382983723,0.03063619595
331,1.655000,0.1015379243,0.0281235138,2.920627594e-06,-2.980232239e-06,-2.980232239e-06,8.344650269e-06,0,1.54898e-11,1.60315e-06,0.02893518563,-0.02951389551,0.09840086662,0.03055365893
332,1.660000,0.1068199426,0.02816622425,2.920627594e-06,-2.980232239e-06,-2.980232239e-06,8.225440979e-06,0,1.51417e-11,1.58342e-06,0.02893518563,-0.02951389551,0.1031974385,0.03029711679
333,1.665000,0.1111717261,0.02859740332,2.920627594e-06,-2.980232239e-06,-2.980232239e-06,8.106231689e-06,0,1.47935e-11,1.56319e-06,0.02893518563,-0.02951389551,0.1082092781,0.03034336771
334,1.670000,0.1168374009,0.02834668662,2.920627594e-06,-2.980232239e-06,-2.980232239e-06,7.9870224e-06,0,1.44453e-11,1.54245e-06,0.02893518563,-0.02951389551,0.1134257101,0.03053953701
335,1.675000,0.1219855137,0.02864533756,2.920627594e-06,-2.980232239e-06,-2.980232239e-06,7.86781311e-06,0,1.40972e-11,1.52118e-06,0.02893518563,-0.02951389551,0.1188356883,0.0301425559
336,1.680000,0.1275669001,0.02847460378,2.920627594e-06,-2.980232239e-06,-2.980232239e-06,7.748603821e-06,0,1.3749e-11,1.49937e-06,0.02893518563,-0.02951389551,0.1244278268,0.03057408023
337,1.685000,0.13311667,0.02880164329,2.920627594e-06,-2.980232239e-06,-2.980232239e-06,7.629394531e-06,0,1.34008e-11,1.477e-06,0.02893518563,-0.02951389551,0.1301904311,0.03058852433
338,1.690000,0.1394599229,0.02841722686,2.920627594e-06,-2.980232239e-06,-2.980232239e-06,7.510185242e-06,0,1.30527e-11,1.45405e-06,0.02893518563,-0.02951389551,0.1361115313,0.03040348567
339,1.695000,0.1454764493,0.02844029386,2.920627594e-06,-2.980232239e-06,-2.980232239e-06,7.390975952e-06,0,1.27045e-11,1.43051e-06,0.02893518563,-0.02951389551,0.1421789145,0.03048360643
340,1.700000,0.1516806707,0.02840000764,2.920627594e-06,-2.980232239e-06,-2.980232239e-06,7.271766663e-06,0,1.23563e-11,1.40636e-06,0.02893518563,-0.02951389551,0.1483801588,0.0307588505
341,1.705000,0.1582806595,0.02830869984,2.920627594e-06,-2.980232239e-06,-2.980232239e-06,7.152557373e-06,0,1.20082e-11,1.38158e-06,0.02893518563,-0.02951389551,0.1547026679,0.03077112438
342,1.710000,0.1650550961,0.02809691988,2.920627594e-06,-2.980232239e-06,-2.980232239e-06,7.033348083e-06,0,1.166e-11,1.35616e-06,0.02893518563,-0.02951389551,0.1611337046,0.03038265271
343,1.715000,0.1719432883,0.02765447367,2.920627594e-06,-2.980232239e-06,-2.980232239e-06,6.914138794e-06,0,1.13118e-11,1.33007e-06,0.02893518563,-0.02951389551,0.1676604269,0.03026110622
344,1.720000,0.1782504655,0.02795158606,2.920627594e-06,-2.980232239e-06,-2.980232239e-06,6.794929504e-06,0,1.09637e-11,1.3033e-06,0.02893518563,-0.02951389551,0.1742699223,0.03015304315
345,1.725000,0.1854137406,0.027346869,2.920627594e-06,-2.980232239e-06,-2.980232239e-06,6.675720215e-06,0,1.06155e-11,1.27582e-06,0.02893518563,-0.02951389551,0.180949243,0.03000923591
346,1.730000,0.1921919174,0.02735055331,2.920627594e-06,-2.980232239e-06,-2.980232239e-06,6.556510925e-06,0,1.02673e-11,1.24762e-06,0.02893518563,-0.02951389551,0.1876854415,0.02997224363
347,1.735000,0.1990118623,0.02737763897,2.920627594e-06,-2.980232239e-06,-2.980232239e-06,6.437301636e-06,0,9.91918e-12,1.21869e-06,0.02893518563,-0.02951389551,0.1944656049,0.03008823138
348,1.740000,0.2056626827,0.02761520538,2.920627594e-06,-2.980232239e-06,-2.980232239e-06,6.318092346e-06,0,9.57101e-12,1.18898e-06,0.02893518563,-0.02951389551,0.2012768907,0.03013920637
349,1.745000,0.2119451091,0.02812677063,2.920627594e-06,-2.980232239e-06,-2.980232239e-06,6.198883057e-06,0,9.22284e-12,1.1585e-06,0.02893518563,-0.02951389551,0.2081065605,0.02988470669
350,1.750000,0.217594061,0.02899226546,2.920627594e-06,-2.980232239e-06,-2.980232239e-06,6.079673767e-06,0,8.87468e-12,1.12722e-06,0.02893518563,-0.02951389551,0.2149420144,0.03000441469
351,1.755000,0.2242206745,0.02921072673,2.920627594e-06,-2.980232239e-06,-2.980232239e-06,5.960464478e-06,0,8.52651e-12,1.09511e-06,0.02893518563,-0.02951389551,0.2217708249,0.0297901337
352,1.760000,0.2311632484,0.02937134076,2.920627594e-06,-2.920627594e-06,-2.920627594e-06,5.960464478e-06,0,8.87823e-12,1.1481e-06,0.02893518563,-0.02893517911,0.2285807698,0.02991824437
353,1.765000,0.2380748652,0.02916284464,2.920627594e-06,-2.861022949e-06,-2.861022949e-06,5.960464478e-06,0,9.22284e-12,1.20085e-06,0.02893518563,-0.02835647762,0.2353598643,0.02986666635
354,1.770000,0.2443401702,0.02931872196,2.920627594e-06,-2.801418304e-06,-2.801418304e-06,5.960464478e-06,0,9.56035e-12,1.25337e-06,0.02893518563,-0.02777777612,0.2420963931,0.02971233097
355,1.775000,0.2513786927,0.02886263095,2.920627594e-06,-2.74181366e-06,-2.74181366e-06,5.960464478e-06,0,9.89075e-12,1.30563e-06,0.02893518563,-0.02719907463,0.2487789405,0.02956949287
356,1.780000,0.2577793412,0.02890820242,2.920627594e-06,-2.682209015e-06,-2.682209015e-06,5.960464478e-06,0,1.02141e-11,1.35763e-06,0.02893518563,-0.02662037313,0.2553964211,0.03004601135
357,1.785000,0.2638397738,0.02928689867,2.920627594e-06,-2.62260437e-06,-2.62260437e-06,5.960464478e-06,0,1.05302e-11,1.40934e-06,0.02893518563,-0.02604167163,0.2619381075,0.03011590203
358,1.790000,0.270058617,0.02931699529,2.920627594e-06,-2.562999725e-06,-2.562999725e-06,5.960464478e-06,0,1.08393e-11,1.46076e-06,0.02893518563,-0.02546297014,0.2683936587,0.03005675629
359,1.795000,0.276399821,0.02943519782,2.920627594e-06,-2.503395081e-06,-2.503395081e-06,5.960464478e-06,0,1.11413e-11,1.51187e-06,0.02893518563,-0.02488425374,0.2747531464,0.03011032041
360,1.800000,0.2824548669,0.02969154157,2.920627594e-06,-2.443790436e-06,-2.443790436e-06,5.960464478e-06,0,1.14362e-11,1.56265e-06,0.02893518563,-0.02430555224,0.28100708,0.03014237689
361,1.805000,0.2885447405,0.02992220316,2.920627594e-06,-2.384185791e-06,-2.384185791e-06,5.960464478e-06,0,1.1724e-11,1.61309e-06,0.02893518563,-0.02372685075,0.2871464305,0.0305113269
362,1.810000,0.294428926,0.02994112205,2.920627594e-06,-2.324581146e-06,-2.324581146e-06,5.960464478e-06,0,1.20046e-11,1.66317e-06,0.02893518563,-0.02314814925,0.2931626532,0.03067430276
363,1.815000,0.3006133027,0.02970343735,2.920627594e-06,-2.264976501e-06,-2.264976501e-06,5.960464478e-06,0,1.22782e-11,1.71286e-06,0.02893518563,-0.02256944776,0.2990477085,0.03046159575
364,1.820000,0.3061881587,0.02976297121,2.920627594e-06,-2.205371857e-06,-2.205371857e-06,5.960464478e-06,0,1.25446e-11,1.76215e-06,0.02893518563,-0.02199074626,0.3047940812,0.03025842131
365,1.825000,0.311903771,0.02968246117,2.920627594e-06,-2.145767212e-06,-2.145767212e-06,5.960464478e-06,0,1.2804e-11,1.81101e-06,0.02893518563,-0.02141202986,0.310394799,0.03009150841
366,1.830000,0.3178053647,0.02978805546,2.920627594e-06,-2.086162567e-06,-2.086162567e-06,5.960464478e-06,0,1.30562e-11,1.85942e-06,0.02893518563,-0.02083332837,0.3158434481,0.03013340282
367,1.835000,0.3230537884,0.02975786105,2.920627594e-06,-2.026557922e-06,-2.026557922e-06,5.960464478e-06,0,1.33014e-11,1.90735e-06,0.02893518563,-0.02025462687,0.3211341883,0.0299082259
368,1.840000,0.3281032518,0.02991057187,2.920627594e-06,-1.966953278e-06,-1.966953278e-06,5.960464478e-06,0,1.35394e-11,1.95478e-06,0.02893518563,-0.01967592537,0.3262617657,0.02994086786
369,1.845000,0.3329888694,0.03008380998,2.920627594e-06,-1.907348633e-06,-1.907348633e-06,5.960464478e-06,0,1.37703e-11,2.00167e-06,0.02893518563,-0.01909722388,0.331221524,0.02983164308
370,1.850000,0.3377339244,0.02992884628,2.920627594e-06,-1.847743988e-06,-1.847743988e-06,5.960464478e-06,0,1.39941e-11,2.04799e-06,0.02893518563,-0.01851852238,0.3360094136,0.03014628873
371,1.855000,0.3420220576,0.02990725543,2.920627594e-06,-1.788139343e-06,-1.788139343e-06,5.960464478e-06,0,1.42109e-11,2.09372e-06,0.02893518563,-0.01793982089,0.3406219996,0.03013974028
372,1.860000,0.3463195674,0.02994726133,2.920627594e-06,-1.728534698e-06,-1.728534698e-06,5.960464478e-06,0,1.44205e-11,2.13881e-06,0.02893518563,-0.01736110449,0.3450564676,0.0304518391
373,1.865000,0.3500482477,0.03023502976,2.920627594e-06,-1.668930054e-06,-1.668930054e-06,6.020069122e-06,0,1.47971e-11,2.19286e-06,0.02893518563,-0.01678240299,0.3493106273,0.0301601679
374,1.870000,0.3538352251,0.03027220443,2.920627594e-06,-1.668930054e-06,-1.668930054e-06,6.079673767e-06,0,1.49711e-11,2.20228e-06,0.02893518563,-0.01678240299,0.3533829148,0.02992334628
375,1.875000,0.3573965169,0.03034055419,2.920627594e-06,-1.668930054e-06,-1.668930054e-06,6.139278412e-06,0,1.51452e-11,2.21149e-06,0.02893518563,-0.01678240299,0.357272393,0.02962617668
376,1.880000,0.3606418855,0.03042400815,2.920627594e-06,-1.668930054e-06,-1.668930054e-06,6.198883057e-06,0,1.53193e-11,2.22051e-06,0.02893518563,-0.01678240299,0.3609787502,0.02985676253
377,1.885000,0.3639980368,0.03042650875,2.920627594e-06,-1.668930054e-06,-1.668930054e-06,6.258487701e-06,0,1.54934e-11,2.22933e-06,0.02893518563,-0.01678240299,0.3645022962,0.0300072159
378,1.890000,0.3672489375,0.03028158937,2.920627594e-06,-1.668930054e-06,-1.668930054e-06,6.318092346e-06,0,1.56675e-11,2.23797e-06,0.02893518563,-0.01678240299,0.3678439575,0.03000696337
379,1.895000,0.3703751229,0.03030963894,2.920627594e-06,-1.668930054e-06,-1.668930054e-06,6.377696991e-06,0,1.58416e-11,2.24642e-06,0.02893518563,-0.01678240299,0.3710052703,0.03018349464
380,1.900000,0.3735440485,0.030207281,2.920627594e-06,-1.668930054e-06,-1.668930054e-06,6.437301636e-06,0,1.60156e-11,2.2547e-06,0.02893518563,-0.01678240299,0.3739883716,0.02990727258
381,1.905000,0.3761152327,0.03029587213,2.920627594e-06,-1.668930054e-06,-1.668930054e-06,6.496906281e-06,0,1.61897e-11,2.2628e-06,0.02893518563,-0.01678240299,0.3767959886,0.03001845743
382,1.910000,0.3787385225,0.03044680599,2.920627594e-06,-1.668930054e-06,-1.668930054e-06,6.556510925e-06,0,1.63638e-11,2.27073e-06,0.02893518563,-0.01678240299,0.3794314266,0.03015944102
383,1.915000,0.3805473335,0.03051054198,2.920627594e-06,-1.668930054e-06,-1.668930054e-06,6.61611557e-06,0,1.65379e-11,2.2785e-06,0.02893518563,-0.01678240299,0.381898555,0.03012301393
384,1.920000,0.382601995,0.03068242967,2.920627594e-06,-1.668930054e-06,-1.668930054e-06,6.675720215e-06,0,1.6712e-11,2.2861e-06,0.02893518563,-0.01678240299,0.3842017919,0.03013238824
385,1.925000,0.3843076415,0.03086976893,2.920627594e-06,-1.668930054e-06,-1.668930054e-06,6.73532486e-06,0,1.6886e-11,2.29355e-06,0.02893518563,-0.01678240299,0.3863460864,0.03031050881
386,1.930000,0.3867369592,0.03051146027,2.920627594e-06,-1.668930054e-06,-1.668930054e-06,6.794929504e-06,0,1.70601e-11,2.30085e-06,0.02893518563,-0.01678240299,0.3883369006,0.03070847188
387,1.935000,0.388501592,0.03033662029,2.920627594e-06,-1.668930054e-06,-1.668930054e-06,6.854534149e-06,0,1.72342e-11,2.308e-06,0.02893518563,-0.01678240299,0.3901801889,0.03051484923
388,1.940000,0.3905084506,0.03011243232,2.920627594e-06,-1.668930054e-06,-1.668930054e-06,6.914138794e-06,0,1.74083e-11,2.31501e-06,0.02893518563,-0.01678240299,0.3918823765,0.03105642861
389,1.945000,0.3926106244,0.0298733525,2.920627594e-06,-1.668930054e-06,-1.668930054e-06,6.973743439e-06,0,1.75824e-11,2.32187e-06,0.02893518563,-0.01678240299,0.3934503366,0.03075092428
390,1.950000,0.3939268924,0.02977720648,2.920627594e-06,-1.668930054e-06,-1.668930054e-06,7.033348083e-06,0,1.77565e-11,2.3286e-06,0.02893518563,-0.01678240299,0.394891366,0.03096563819
391,1.955000,0.3951469362,0.02965028118,2.920627594e-06,-1.668930054e-06,-1.668930054e-06,7.092952728e-06,0,1.79305e-11,2.3352e-06,0.02893518563,-0.01678240299,0.3962131593,0.0306920631
392,1.960000,0.3966608234,0.02934312727,2.920627594e-06,-1.668930054e-06,-1.668930054e-06,7.152557373e-06,0,1.81046e-11,2.34166e-06,0.02893518563,-0.01678240299,0.397423783,0.03089263329
393,1.965000,0.3978303075,0.0292533692,2.920627594e-06,-1.668930054e-06,-1.668930054e-06,7.212162018e-06,0,1.82787e-11,2.348e-06,0.02893518563,-0.01678240299,0.398531647,0.03078805064
394,1.970000,0.3993741982,0.02918916009,2.920627594e-06,-1.668930054e-06,-1.668930054e-06,7.271766663e-06,0,1.84528e-11,2.35422e-06,0.02893518563,-0.01678240299,0.3995454766,0.03097503814
395,1.975000,0.4003512226,0.02919448819,2.920627594e-06,-1.668930054e-06,-1.668930054e-06,7.331371307e-06,0,1.86269e-11,2.36032e-06,0.02893518563,-0.01678240299,0.4004742822,0.03107195051
396,1.980000,0.4011244737,0.02936388087,2.920627594e-06,-1.668930054e-06,-1.668930054e-06,7.390975952e-06,0,1.8801e-11,2.3663e-06,0.02893518563,-0.01678240299,0.4013273297,0.03123387422
397,1.985000,0.4018264338,0.02914165333,2.920627594e-06,-1.668930054e-06,-1.668930054e-06,7.450580597e-06,0,1.8975e-11,2.37216e-06,0.02893518563,-0.01678240299,0.4021141087,0.03170421668
398,1.990000,0.4030924402,0.02880463377,2.920627594e-06,-1.668930054e-06,-1.668930054e-06,7.510185242e-06,0,1.91491e-11,2.37792e-06,0.02893518563,-0.01678240299,0.4028443011,0.03178325527
399,1.995000,0.4040028937,0.02874345705,2.920627594e-06,-1.668930054e-06,-1.668930054e-06,7.569789886e-06,0,1.93232e-11,2.38356e-06,0.02893518563,-0.01678240299,0.4035277486,0.03208296365
400,2.000000,0.4047386833,0.0286762584,2.920627594e-06,-1.668930054e-06,-1.668930054e-06,7.629394531e-06,0,1.94973e-11,2.38911e-06,0.02893518563,-0.01678240299,0.4041744204,0.03180558688
401,2.005000,0.4055819139,0.02852570824,2.920627594e-06,-1.668930054e-06,-1.668930054e-06,7.688999176e-06,0,1.96714e-11,2.39454e-06,0.02893518563,-0.01678240299,0.4047943794,0.03203260083
402,2.010000,0.4054646082,0.02896927856,2.920627594e-06,-1.668930054e-06,-1.668930054e-06,7.748603821e-06,0,1.98455e-11,2.39988e-06,0.02893518563,-0.01678240299,0.4053977496,0.03224347955
403,2.015000,0.40580827,0.02923313156,2.920627594e-06,-1.668930054e-06,-1.668930054e-06,7.808208466e-06,0,2.00195e-11,2.40512e-06,0.02893518563,-0.01678240299,0.405994682,0.03251387359
404,2.020000,0.4070590474,0.02893128712,2.920627594e-06,-1.668930054e-06,-1.668930054e-06,7.86781311e-06,0,2.01936e-11,2.41027e-06,0.02893518563,-0.01678240299,0.4065953216,0.03272010592
405,2.025000,0.4078699499,0.02876644116,2.920627594e-06,-1.668930054e-06,-1.668930054e-06,7.927417755e-06,0,2.03677e-11,2.41532e-06,0.02893518563,-0.01678240299,0.4072097734,0.03256647719
406,2.030000,0.40812115,0.0288917236,2.920627594e-06,-1.668930054e-06,-1.668930054e-06,7.9870224e-06,0,2.05418e-11,2.42028e-06,0.02893518563,-0.01678240299,0.4078480694,0.03243231117
407,2.035000,0.4082806036,0.02904442884,2.920627594e-06,-1.668930054e-06,-1.668930054e-06,8.046627045e-06,0,2.07159e-11,2.42515e-06,0.02893518563,-0.01678240299,0.4085201354,0.03199695272
408,2.040000,0.409000311,0.02912928164,2.920627594e-06,-1.668930054e-06,-1.668930054e-06,8.106231689e-06,0,2.089e-11,2.42993e-06,0.02893518563,-0.01678240299,0.409235758,0.03181815335
409,2.045000,0.4095192812,0.02924749907,2.920627594e-06,-1.668930054e-06,-1.668930054e-06,8.165836334e-06,0,2.1064e-11,2.43463e-06,0.02893518563,-0.01678240299,0.4100045526,0.03207994808
410,2.050000,0.4101888351,0.02942126803,2.920627594e-06,-1.668930054e-06,-1.668930054e-06,8.225440979e-06,0,2.12381e-11,2.43925e-06,0.02893518563,-0.01678240299,0.4108359312,0.03218342767
411,2.055000,0.4107666723,0.02940093167,2.920627594e-06,-1.668930054e-06,-1.668930054e-06,8.285045624e-06,0,2.14122e-11,2.44379e-06,0.02893518563,-0.01678240299,0.4117390717,0.03203310835
412,2.060000,0.4117729254,0.02940699272,2.920627594e-06,-1.668930054e-06,-1.668930054e-06,8.344650269e-06,0,2.15863e-11,2.44825e-06,0.02893518563,-0.01678240299,0.4127228869,0.03187111214
413,2.065000,0.412514776,0.0295943236,2.920627594e-06,-1.668930054e-06,-1.668930054e-06,8.404254913e-06,0,2.17604e-11,2.45263e-06,0.02893518563,-0.01678240299,0.4137959949,0.03196288925
414,2.070000,0.4143334515,0.02952667978,2.920627594e-06,-1.668930054e-06,-1.668930054e-06,8.463859558e-06,0,2.19345e-11,2.45694e-06,0.02893518563,-0.01678240299,0.4149666906,0.03207494902
415,2.075000,0.4152741767,0.02958372142,2.920627594e-06,-1.668930054e-06,-1.668930054e-06,8.523464203e-06,0,2.21085e-11,2.46118e-06,0.02893518563,-0.01678240299,0.4162429177,0.03247264154
416,2.080000,0.4171036668,0.02954560332,2.920627594e-06,-1.668930054e-06,-1.668930054e-06,8.583068848e-06,0,2.22826e-11,2.46534e-06,0.02893518563,-0.01678240299,0.4176322419,0.03218335732
417,2.085000,0.4185218737,0.02971226443,2.920627594e-06,-1.668930054e-06,-1.668930054e-06,8.642673492e-06,0,2.24567e-11,2.46943e-06,0.02893518563,-0.01678240299,0.419141825,0.03194253386
418,2.090000,0.420194149,0.02970111556,2.920627594e-06,-1.668930054e-06,-1.668930054e-06,8.702278137e-06,0,2.26308e-11,2.47346e-06,0.02893518563,-0.01678240299,0.4207784011,0.03230231574
419,2.095000,0.4219737463,0.02966601774,2.920627594e-06,-1.668930054e-06,-1.668930054e-06,8.761882782e-06,0,2.28049e-11,2.47742e-06,0.02893518563,-0.01678240299,0.4225482528,0.03244907013
420,2.100000,0.4241314754,0.02942437679,2.920627594e-06,-1.668930054e-06,-1.668930054e-06,8.821487427e-06,0,2.2979e-11,2.48131e-06,0.02893518563,-0.01678240299,0.4244571898,0.03208825404
421,2.105000,0.426918976,0.02907300554,2.920627594e-06,-1.668930054e-06,-1.668930054e-06,8.881092072e-06,0,2.3153e-11,2.48514e-06,0.02893518563,-0.01678240299,0.4265105284,0.03172902094
422,2.110000,0.4290215895,0.02915226202,2.920627594e-06,-1.668930054e-06,-1.668930054e-06,8.940696716e-06,0,2.33271e-11,2.48891e-06,0.02893518563,-0.01678240299,0.4287130724,0.03173308262
423,2.115000,0.4317956455,0.02915591002,2.920627594e-06,-1.668930054e-06,-1.668930054e-06,9.000301361e-06,0,2.35012e-11,2.49262e-06,0.02893518563,-0.01678240299,0.431069096,0.03151396259
424,2.120000,0.4348923862,0.02908079419,2.920627594e-06,-1.668930054e-06,-1.668930054e-06,9.059906006e-06,0,2.36753e-11,2.49627e-06,0.02893518563,-0.01678240299,0.4335823278,0.03183388079
425,2.125000,0.4378238954,0.02928260434,2.920627594e-06,-1.668930054e-06,-1.668930054e-06,9.119510651e-06,0,2.38494e-11,2.49986e-06,0.02893518563,-0.01678240299,0.4362559367,0.03208176759
426,2.130000,0.4409514181,0.0291665988,2.920627594e-06,-1.668930054e-06,-1.668930054e-06,9.179115295e-06,0,2.40234e-11,2.5034e-06,0.02893518563,-0.01678240299,0.4390925193,0.03223219594
427,2.135000,0.4443193264,0.02915120032,2.920627594e-06,-1.668930054e-06,-1.668930054e-06,9.23871994e-06,0,2.41975e-11,2.50687e-06,0.02893518563,-0.01678240299,0.442094089,0.0323193047
428,2.140000,0.4480583593,0.02886189986,2.920627594e-06,-1.668930054e-06,-1.668930054e-06,9.298324585e-06,0,2.43716e-11,2.5103e-06,0.02893518563,-0.01678240299,0.4452620675,0.03231061529
429,2.145000,0.4516127966,0.02883567009,2.920627594e-06,-1.668930054e-06,-1.668930054e-06,9.35792923e-06,0,2.45457e-11,2.51367e-06,0.02893518563,-0.01678240299,0.4485972766,0.03240279433
430,2.150000,0.4553235397,0.02867059223,2.920627594e-06,-1.668930054e-06,-1.668930054e-06,9.417533875e-06,0,2.47198e-11,2.51699e-06,0.02893518563,-0.01678240299,0.4520999334,0.03258640727
431,2.155000,0.4589934461,0.02863505017,2.920627594e-06,-1.668930054e-06,-1.668930054e-06,9.477138519e-06,0,2.48939e-11,2.52026e-06,0.02893518563,-0.01678240299,0.4557696463,0.03257025229
432,2.160000,0.463147264,0.02875884436,2.920627594e-06,-1.668930054e-06,-1.668930054e-06,9.536743164e-06,0,2.50679e-11,2.52348e-06,0.02893518563,-0.01678240299,0.4596054131,0.03237278522
433,2.165000,0.4679711945,0.0285910666,2.920627594e-06,-1.668930054e-06,-1.668930054e-06,9.596347809e-06,0,2.5242e-11,2.52665e-06,0.02893518563,-0.01678240299,0.4636056212,0.03234796184
434,2.170000,0.4714778885,0.02896772325,2.920627594e-06,-1.668930054e-06,-1.668930054e-06,9.655952454e-06,0,2.54161e-11,2.52977e-06,0.02893518563,-0.01678240299,0.467768049,0.0320596809
435,2.175000,0.4755463786,0.02904547751,2.920627594e-06,-1.668930054e-06,-1.668930054e-06,9.715557098e-06,0,2.55902e-11,2.53285e-06,0.02893518563,-0.01678240299,0.4720898698,0.0323620953
436,2.180000,0.4800114706,0.02908638306,2.920627594e-06,-1.668930054e-06,-1.668930054e-06,9.775161743e-06,0,2.57643e-11,2.53588e-06,0.02893518563,-0.01678240299,0.4765676569,0.03259501132
437,2.185000,0.4851272255,0.0290147746,2.920627594e-06,-1.668930054e-06,-1.668930054e-06,9.834766388e-06,0,2.59384e-11,2.53886e-06,0.02893518563,-0.01678240299,0.4811973911,0.03254023461
438,2.190000,0.4899237044,0.02896335535,2.920627594e-06,-1.668930054e-06,-1.668930054e-06,9.894371033e-06,0,2.61124e-11,2.5418e-06,0.02893518563,-0.01678240299,0.4859744697,0.03258109132
439,2.195000,0.4947096296,0.02915681992,2.920627594e-06,-1.668930054e-06,-1.668930054e-06,9.953975677e-06,0,2.62865e-11,2.5447e-06,0.02893518563,-0.01678240299,0.4908937168,0.03255698069
440,2.200000,0.4999426492,0.02921896987,2.920627594e-06,-1.668930054e-06,-1.668930054e-06,1.001358032e-05,0,2.64606e-11,2.54756e-06,0.02893518563,-0.01678240299,0.4959493963,0.03238763932
441,2.205000,0.5049146228,0.02945579402,2.920627594e-06,-1.668930054e-06,-1.668930054e-06,1.007318497e-05,0,2.66347e-11,2.55038e-06,0.02893518563,-0.01678240299,0.501135226,0.0324808263
442,2.210000,0.5102578811,0.02932903916,2.920627594e-06,-1.668930054e-06,-1.668930054e-06,1.013278961e-05,0,2.68088e-11,2.55315e-06,0.02893518563,-0.01678240299,0.506444393,0.03243478456
443,2.215000,0.5153925158,0.02945628203,2.920627594e-06,-1.668930054e-06,-1.668930054e-06,1.019239426e-05,0,2.69829e-11,2.55589e-06,0.02893518563,-0.01678240299,0.5118695715,0.03216350449
444,2.220000,0.521234151,0.02945104241,2.920627594e-06,-1.668930054e-06,-1.668930054e-06,1.02519989e-05,0,2.71569e-11,2.55859e-06,0.02893518563,-0.01678240299,0.5174029418,0.03228483911
445,2.225000,0.5263859928,0.02962819953,2.920627594e-06,-1.668930054e-06,-1.668930054e-06,1.031160355e-05,0,2.7331e-11,2.56125e-06,0.02893518563,-0.01678240299,0.5230362106,0.03226318832
446,2.230000,0.5320288762,0.02978522424,2.920627594e-06,-1.668930054e-06,-1.668930054e-06,1.037120819e-05,0,2.75051e-11,2.56387e-06,0.02893518563,-0.01678240299,0.528760633,0.03251767738
447,2.235000,0.5372265913,0.03010170348,2.920627594e-06,-1.668930054e-06,-1.668930054e-06,1.043081284e-05,0,2.76792e-11,2.56646e-06,0.02893518563,-0.01678240299,0.5345670359,0.03240477058
448,2.240000,0.5433791503,0.02997266036,2.920627594e-06,-1.668930054e-06,-1.668930054e-06,1.049041748e-05,0,2.78533e-11,2.56901e-06,0.02893518563,-0.01678240299,0.5404458427,0.03205101106
449,2.245000,0.549112726,0.03014472313,2.920627594e-06,-1.668930054e-06,-1.668930054e-06,1.055002213e-05,0,2.80274e-11,2.57152e-06,0.02893518563,-0.01678240299,0.5463870991,0.03182811218
450,2.250000,0.5550839938,0.02991948649,2.920627594e-06,-1.668930054e-06,-1.668930054e-06,1.060962677e-05,0,2.82014e-11,2.57401e-06,0.02893518563,-0.01678240299,0.5523805002,0.03162030512
451,2.255000,0.561394725,0.02992504649,2.920627594e-06,-1.668930054e-06,-1.668930054e-06,1.066923141e-05,0,2.83755e-11,2.57645e-06,0.02893518563,-0.01678240299,0.5584154185,0.03181616831
452,2.260000,0.5674705766,0.02993628569,2.920627594e-06,-1.668930054e-06,-1.668930054e-06,1.072883606e-05,0,2.85496e-11,2.57887e-06,0.02893518563,-0.01678240299,0.5644809335,0.03215661346
453,2.265000,0.5735009015,0.03004900739,2.920627594e-06,-1.668930054e-06,-1.668930054e-06,1.07884407e-05,0,2.87237e-11,2.58125e-06,0.02893518563,-0.01678240299,0.5705658616,0.03201904911
454,2.270000,0.5797656327,0.02999579441,2.920627594e-06,-1.668930054e-06,-1.668930054e-06,1.084804535e-05,0,2.88978e-11,2.5836e-06,0.02893518563,-0.01678240299,0.576658787,0.03211167634
455,2.275000,0.5856624506,0.03008490242,2.920627594e-06,-1.668930054e-06,-1.668930054e-06,1.090764999e-05,0,2.90719e-11,2.58592e-06,0.02893518563,-0.01678240299,0.5827480938,0.03220416745
456,2.280000,0.5916028582,0.03021114785,2.920627594e-06,-1.668930054e-06,-1.668930054e-06,1.096725464e-05,0,2.92459e-11,2.58821e-06,0.02893518563,-0.01678240299,0.588821998,0.03218381765
457,2.285000,0.5979572423,0.0301232785,2.920627594e-06,-1.668930054e-06,-1.668930054e-06,1.102685928e-05,0,2.942e-11,2.59047e-06,0.02893518563,-0.01678240299,0.5948685807,0.0320340339
458,2.290000,0.6040757559,0.0300054783,2.920627594e-06,-1.668930054e-06,-1.668930054e-06,1.108646393e-05,0,2.95941e-11,2.5927e-06,0.02893518563,-0.01678240299,0.6008758217,0.03234284996
459,2.295000,0.6098380983,0.03014133312,2.920627594e-06,-1.668930054e-06,-1.668930054e-06,1.114606857e-05,0,2.97682e-11,2.5949e-06,0.02893518563,-0.01678240299,0.6068316333,0.0321995432
460,2.300000,0.6158769391,0.02996957861,2.920627594e-06,-1.668930054e-06,-1.668930054e-06,1.120567322e-05,0,2.99423e-11,2.59708e-06,0.02893518563,-0.01678240299,0.6127238944,0.0318084255
461,2.305000,0.6215265952,0.03024046775,2.920627594e-06,-1.668930054e-06,-1.668930054e-06,1.126527786e-05,0,3.01164e-11,2.59922e-06,0.02893518563,-0.01678240299,0.6185404848,0.03172939121
462,2.310000,0.6270765886,0.03022796661,2.920627594e-06,-1.668930054e-06,-1.668930054e-06,1.132488251e-05,0,3.02904e-11,2.60134e-06,0.02893518563,-0.01678240299,0.6242693202,0.03175805676
463,2.315000,0.6323500723,0.03037032206,2.920627594e-06,-1.668930054e-06,-1.668930054e-06,1.138448715e-05,0,3.04645e-11,2.60343e-06,0.02893518563,-0.01678240299,0.6298983858,0.0317512048
464,2.320000,0.6378920786,0.03044971824,2.920627594e-06,-1.668930054e-06,-1.668930054e-06,1.14440918e-05,0,3.06386e-11,2.6055e-06,0.02893518563,-0.01678240299,0.6354157714,0.03165475069
465,2.325000,0.64307772,0.03040972073,2.920627594e-06,-1.668930054e-06,-1.668930054e-06,1.150369644e-05,0,3.08127e-11,2.60753e-06,0.02893518563,-0.01678240299,0.6408097053,0.03149779149
466,2.330000,0.6484311,0.03022969421,2.920627594e-06,-1.668930054e-06,-1.668930054e-06,1.156330109e-05,0,3.09868e-11,2.60955e-06,0.02893518563,-0.01678240299,0.6460685881,0.03166742348
467,2.335000,0.6528416574,0.03046970349,2.920627594e-06,-1.668930054e-06,-1.668930054e-06,1.162290573e-05,0,3.11609e-11,2.61154e-06,0.02893518563,-0.01678240299,0.6511810263,0.03176685804
468,2.340000,0.6576481536,0.03047671448,2.920627594e-06,-1.668930054e-06,-1.668930054e-06,1.168251038e-05,0,3.13349e-11,2.6135e-06,0.02893518563,-0.01678240299,0.6561358652,0.03145561527
469,2.345000,0.6624610126,0.03026828263,2.920627594e-06,-1.668930054e-06,-1.668930054e-06,1.174211502e-05,0,3.1509e-11,2.61544e-06,0.02893518563,-0.01678240299,0.6609222214,0.03158734346
470,2.350000,0.6673859656,0.03024438396,2.920627594e-06,-1.668930054e-06,-1.668930054e-06,1.180171967e-05,0,3.16831e-11,2.61736e-06,0.02893518563,-0.01678240299,0.6655295144,0.03196733736
471,2.355000,0.6712971069,0.03029041737,2.920627594e-06,-1.668930054e-06,-1.668930054e-06,1.186132431e-05,0,3.18572e-11,2.61925e-06,0.02893518563,-0.01678240299,0.6699474976,0.03166809309
472,2.360000,0.6753775142,0.03023347072,2.920627594e-06,-1.668930054e-06,-1.668930054e-06,1.192092896e-05,0,3.20313e-11,2.62112e-06,0.02893518563,-0.01678240299,0.6741662884,0.03198523949
473,2.365000,0.6788300388,0.03025624063,2.920627594e-06,-1.668930054e-06,-1.668930054e-06,1.19805336e-05,0,3.22053e-11,2.62297e-06,0.02893518563,-0.01678240299,0.6781763973,0.03197302392
474,2.370000,0.6824082769,0.03034368623,2.920627594e-06,-1.668930054e-06,-1.668930054e-06,1.204013824e-05,0,3.23794e-11,2.6248e-06,0.02893518563,-0.01678240299,0.6819687561,0.031774458
475,2.375000,0.6860734411,0.02997335419,2.920627594e-06,-1.668930054e-06,-1.668930054e-06,1.209974289e-05,0,3.25535e-11,2.6266e-06,0.02893518563,-0.01678240299,0.6855347449,0.0317709069
476,2.380000,0.6898055486,0.02992786095,2.920627594e-06,-1.668930054e-06,-1.668930054e-06,1.215934753e-05,0,3.27276e-11,2.62839e-06,0.02893518563,-0.01678240299,0.6888662176,0.03167660372
477,2.385000,0.6929438822,0.02998845186,2.920627594e-06,-1.668930054e-06,-1.668930054e-06,1.221895218e-05,0,3.29017e-11,2.63015e-06,0.02893518563,-0.01678240299,0.6919555271,0.03177162377
478,2.390000,0.6956479661,0.03004469164,2.920627594e-06,-1.668930054e-06,-1.668930054e-06,1.227855682e-05,0,3.30758e-11,2.63189e-06,0.02893518563,-0.01678240299,0.6947955476,0.03133789056
479,2.395000,0.698021993,0.02998694684,2.920627594e-06,-1.668930054e-06,-1.668930054e-06,1.233816147e-05,0,3.32498e-11,2.63361e-06,0.02893518563,-0.01678240299,0.6973796973,0.03139252901
480,2.400000,0.7000265345,0.02999456879,2.920627594e-06,-1.668930054e-06,-1.668930054e-06,1.239776611e-05,0,3.34239e-11,2.63532e-06,0.02893518563,-0.01678240299,0.6997019582,0.03108057283
481,2.405000,0.7018297911,0.03001105599,2.920627594e-06,-1.668930054e-06,-1.668930054e-06,1.245737076e-05,0,3.3598e-11,2.637e-06,0.02893518563,-0.01678240299,0.7017568949,0.03128424018
482,2.410000,0.7029064894,0.0301924292,2.920627594e-06,-1.668930054e-06,-1.668930054e-06,1.25169754e-05,0,3.37721e-11,2.63866e-06,0.02893518563,-0.01678240299,0.703539672,0.03128030144
483,2.415000,0.7047469728,0.02991221938,2.920627594e-06,-1.668930054e-06,-1.668930054e-06,1.257658005e-05,0,3.39462e-11,2.64031e-06,0.02893518563,-0.01678240299,0.7050460698,0.03094970266
484,2.420000,0.7061261125,0.02970345691,2.920627594e-06,-1.668930054e-06,-1.668930054e-06,1.263618469e-05,0,3.41203e-11,2.64193e-06,0.02893518563,-0.01678240299,0.7062724978,0.03076567309
485,2.425000,0.7067273706,0.02976873145,2.920627594e-06,-1.668930054e-06,-1.668930054e-06,1.269578934e-05,0,3.42943e-11,2.64354e-06,0.02893518563,-0.01678240299,0.7072160073,0.03085090727
486,2.430000,0.7072651982,0.02972369455,2.920627594e-06,-1.668930054e-06,-1.668930054e-06,1.275539398e-05,0,3.44684e-11,2.64513e-06,0.02893518563,-0.01678240299,0.7078743014,0.03130236056
487,2.435000,0.7071863674,0.02994230948,2.920627594e-06,-1.668930054e-06,-1.668930054e-06,1.281499863e-05,0,3.46425e-11,2.6467e-06,0.02893518563,-0.01678240299,0.708245744,0.03136266861
488,2.440000,0.7075291388,0.02996191103,2.920627594e-06,-1.668930054e-06,-1.668930054e-06,1.287460327e-05,0,3.48166e-11,2.64826e-06,0.02893518563,-0.01678240299,0.7083293667,0.03130929931
489,2.445000,0.7073402256,0.02966829948,2.920627594e-06,-1.668930054e-06,-1.668930054e-06,1.293420792e-05,0,3.49907e-11,2.6498e-06,0.02893518563,-0.01678240299,0.7081248732,0.03147182253
490,2.450000,0.7071223371,0.02943610679,2.920627594e-06,-1.668930054e-06,-1.668930054e-06,1.299381256e-05,0,3.51648e-11,2.65132e-06,0.02893518563,-0.01678240299,0.707632643,0.03135029298
491,2.455000,0.7066891082,0.02942436468,2.920627594e-06,-1.668930054e-06,-1.668930054e-06,1.305341721e-05,0,3.53388e-11,2.65282e-06,0.02893518563,-0.01678240299,0.7068537324,0.03123825933
492,2.460000,0.706308078,0.02900043689,2.920627594e-06,-1.668930054e-06,-1.668930054e-06,1.311302185e-05,0,3.55129e-11,2.65431e-06,0.02893518563,-0.01678240299,0.705789874,0.03109009578
493,2.465000,0.7044813,0.02916434966,2.920627594e-06,-1.668930054e-06,-1.668930054e-06,1.31726265e-05,0,3.5687e-11,2.65578e-06,0.02893518563,-0.01678240299,0.7044434741,0.03125673164
494,2.470000,0.7020900622,0.02935026865,2.920627594e-06,-1.668930054e-06,-1.668930054e-06,1.323223114e-05,0,3.58611e-11,2.65724e-06,0.02893518563,-0.01678240299,0.7028176083,0.03114012094
495,2.475000,0.6997933649,0.02933464851,2.920627594e-06,-1.668930054e-06,-1.668930054e-06,1.329183578e-05,0,3.60352e-11,2.65868e-06,0.02893518563,-0.01678240299,0.7009160156,0.0313122795
496,2.480000,0.6977848746,0.02914004773,2.920627594e-06,-1.668930054e-06,-1.668930054e-06,1.335144043e-05,0,3.62093e-11,2.66011e-06,0.02893518563,-0.01678240299,0.6987430902,0.03158126297
497,2.485000,0.6956592016,0.0289047407,2.920627594e-06,-1.668930054e-06,-1.668930054e-06,1.341104507e-05,0,3.63833e-11,2.66152e-06,0.02893518563,-0.01678240299,0.6963038713,0.03162856527
498,2.490000,0.6931686141,0.02866971586,2.920627594e-06,-1.668930054e-06,-1.668930054e-06,1.347064972e-05,0,3.65574e-11,2.66291e-06,0.02893518563,-0.01678240299,0.693604032,0.03180161874
499,2.495000,0.689767886,0.02872562129,2.920627594e-06,-1.668930054e-06,-1.668930054e-06,1.353025436e-05,0,3.67315e-11,2.66429e-06,0.02893518563,-0.01678240299,0.6906498656,0.03187392243
500,2.500000,0.686099492,0.02900202945,2.920627594e-06,-1.668930054e-06,-1.668930054e-06,1.358985901e-05,0,3.69056e-11,2.66566e-06,0.02893518563,-0.01678240299,0.6874482704,0.03175211078
501,2.505000,0.6827107817,0.02895645984,2.920627594e-06,-1.668930054e-06,-1.668930054e-06,1.364946365e-05,0,3.70797e-11,2.66701e-06,0.02893518563,-0.01678240299,0.6840067328,0.03196325964
502,2.510000,0.6786555201,0.02888909262,2.920627594e-06,-1.668930054e-06,-1.668930054e-06,1.37090683e-05,0,3.72538e-11,2.66835e-06,0.02893518563,-0.01678240299,0.6803333093,0.03237386241
503,2.515000,0.6752290912,0.02877778746,2.920627594e-06,-1.668930054e-06,-1.668930054e-06,1.376867294e-05,0,3.74278e-11,2.66967e-06,0.02893518563,-0.01678240299,0.6764366058,0.03221600238
504,2.520000,0.6709542871,0.02873295266,2.920627594e-06,-1.668930054e-06,-1.668930054e-06,1.382827759e-05,0,3.76019e-11,2.67099e-06,0.02893518563,-0.01678240299,0.6723257565,0.03224251792
505,2.525000,0.6663195342,0.0287233321,2.920627594e-06,-1.668930054e-06,-1.668930054e-06,1.388788223e-05,0,3.7776e-11,2.67228e-06,0.02893518563,-0.01678240299,0.6680104003,0.0322146018
506,2.530000,0.6618702002,0.0286032455,2.920627594e-06,-1.668930054e-06,-1.668930054e-06,1.394748688e-05,0,3.79501e-11,2.67357e-06,0.02893518563,-0.01678240299,0.6635006571,0.03237290396
507,2.535000,0.6568905786,0.02890485432,2.920627594e-06,-1.668930054e-06,-1.668930054e-06,1.400709152e-05,0,3.81242e-11,2.67484e-06,0.02893518563,-0.01678240299,0.658807101,0.03286093794
508,2.540000,0.6519826315,0.02885600459,2.920627594e-06,-1.668930054e-06,-1.668930054e-06,1.406669617e-05,0,3.82983e-11,2.6761e-06,0.02893518563,-0.01678240299,0.6539407341,0.03308703191
509,2.545000,0.646736823,0.02901890315,2.920627594e-06,-1.668930054e-06,-1.668930054e-06,1.412630081e-05,0,3.84723e-11,2.67735e-06,0.02893518563,-0.01678240299,0.6489129575,0.03311269754
510,2.550000,0.6411823481,0.02913567517,2.920627594e-06,-1.668930054e-06,-1.668930054e-06,1.418590546e-05,0,3.86464e-11,2.67858e-06,0.02893518563,-0.01678240299,0.6437355423,0.03309572789
511,2.555000,0.6358075663,0.02918617334,2.920627594e-06,-1.668930054e-06,-1.668930054e-06,1.42455101e-05,0,3.88205e-11,2.6798e-06,0.02893518563,-0.01678240299,0.6384205987,0.03317778393
512,2.560000,0.6306424476,0.02906192187,2.920627594e-06,-1.668930054e-06,-1.668930054e-06,1.430511475e-05,0,3.89946e-11,2.68101e-06,0.02893518563,-0.01678240299,0.6329805453,0.03301294644
513,2.565000,0.6256296933,0.02895049285,2.920627594e-06,-1.668930054e-06,-1.668930054e-06,1.436471939e-05,0,3.91687e-11,2.68221e-06,0.02893518563,-0.01678240299,0.6274280759,0.03324865535
514,2.570000,0.6200222708,0.02912605368,2.920627594e-06,-1.668930054e-06,-1.668930054e-06,1.442432404e-05,0,3.93428e-11,2.6834e-06,0.02893518563,-0.01678240299,0.6217761271,0.03303693991
515,2.575000,0.614364069,0.0292288959,2.920627594e-06,-1.668930054e-06,-1.668930054e-06,1.448392868e-05,0,3.95168e-11,2.68457e-06,0.02893518563,-0.01678240299,0.6160378442,0.03272983742
516,2.580000,0.6092435457,0.02895590384,2.920627594e-06,-1.668930054e-06,-1.668930054e-06,1.454353333e-05,0,3.96909e-11,2.68573e-06,0.02893518563,-0.01678240299,0.6102265472,0.03303977745
517,2.585000,0.6034824774,0.02889663819,2.920627594e-06,-1.668930054e-06,-1.668930054e-06,1.460313797e-05,0,3.9865e-11,2.68689e-06,0.02893518563,-0.01678240299,0.6043556954,0.03335060104
518,2.590000,0.5974160656,0.02878789697,2.920627594e-06,-1.668930054e-06,-1.668930054e-06,1.466274261e-05,0,4.00391e-11,2.68803e-06,0.02893518563,-0.01678240299,0.5984388527,0.03333689072
519,2.595000,0.5910712965,0.02884823084,2.920627594e-06,-1.668930054e-06,-1.668930054e-06,1.472234726e-05,0,4.02132e-11,2.68916e-06,0.02893518563,-0.01678240299,0.5924896516,0.03346990625
520,2.600000,0.5849460587,0.02890329715,2.920627594e-06,-1.668930054e-06,-1.668930054e-06,1.47819519e-05,0,4.03872e-11,2.69028e-06,0.02893518563,-0.01678240299,0.5865217577,0.03350380111
521,2.605000,0.5790103599,0.02869717684,2.920627594e-06,-1.668930054e-06,-1.668930054e-06,1.484155655e-05,0,4.05613e-11,2.69139e-06,0.02893518563,-0.01678240299,0.5805488339,0.03340202477
522,2.610000,0.5728372112,0.02886288613,2.920627594e-06,-1.668930054e-06,-1.668930054e-06,1.490116119e-05,0,4.07354e-11,2.69248e-06,0.02893518563,-0.01678240299,0.5745845042,0.03409655146
523,2.615000,0.5668809339,0.02875652257,2.920627594e-06,-1.668930054e-06,-1.668930054e-06,1.496076584e-05,0,4.09095e-11,2.69357e-06,0.02893518563,-0.01678240299,0.5686423183,0.03405715723
524,2.620000,0.5608150288,0.02874647826,2.920627594e-06,-1.668930054e-06,-1.668930054e-06,1.502037048e-05,0,4.10836e-11,2.69465e-06,0.02893518563,-0.01678240299,0.5627357157,0.03441564366
525,2.625000,0.5557523742,0.02855831478,2.920627594e-06,-1.668930054e-06,-1.668930054e-06,1.507997513e-05,0,4.12577e-11,2.69572e-06,0.02893518563,-0.01678240299,0.5568779908,0.03432987687
526,2.630000,0.5504044369,0.02831929922,2.920627594e-06,-1.668930054e-06,-1.668930054e-06,1.513957977e-05,0,4.14317e-11,2.69678e-06,0.02893518563,-0.01678240299,0.5510822575,0.03456903671
527,2.635000,0.5442982092,0.02822495438,2.920627594e-06,-1.668930054e-06,-1.668930054e-06,1.519918442e-05,0,4.16058e-11,2.69783e-06,0.02893518563,-0.01678240299,0.5453614152,0.03445743559
528,2.640000,0.5389823541,0.0281397514,2.920627594e-06,-1.668930054e-06,-1.668930054e-06,1.525878906e-05,0,4.17799e-11,2.69886e-06,0.02893518563,-0.01678240299,0.5397281149,0.03462450258
529,2.645000,0.5340700597,0.02794129401,2.920627594e-06,-1.668930054e-06,-1.668930054e-06,1.531839371e-05,0,4.1954e-11,2.69989e-06,0.02893518563,-0.01678240299,0.5341947259,0.03452541252
530,2.650000,0.5287964158,0.02801576816,2.920627594e-06,-1.668930054e-06,-1.668930054e-06,1.537799835e-05,0,4.21281e-11,2.70091e-06,0.02893518563,-0.01678240299,0.5287733037,0.03500711147
531,2.655000,0.5238736123,0.02783702314,2.920627594e-06,-1.668930054e-06,-1.668930054e-06,1.5437603e-05,0,4.23022e-11,2.70192e-06,0.02893518563,-0.01678240299,0.523475558,0.03468746406
532,2.660000,0.5191466734,0.02755886316,2.920627594e-06,-1.668930054e-06,-1.668930054e-06,1.549720764e-05,0,4.24762e-11,2.70293e-06,0.02893518563,-0.01678240299,0.5183128229,0.03484415403
533,2.665000,0.5140149258,0.02767934371,2.920627594e-06,-1.668930054e-06,-1.668930054e-06,1.555681229e-05,0,4.26503e-11,2.70392e-06,0.02893518563,-0.01678240299,0.5132960267,0.03450529491
534,2.670000,0.5091616772,0.02780883387,2.920627594e-06,-1.668930054e-06,-1.668930054e-06,1.561641693e-05,0,4.28244e-11,2.7049e-06,0.02893518563,-0.01678240299,0.5084356637,0.03450832932
535,2.675000,0.5043553971,0.02771386039,2.920627594e-06,-1.668930054e-06,-1.668930054e-06,1.567602158e-05,0,4.29985e-11,2.70588e-06,0.02893518563,-0.01678240299,0.5037417671,0.03432957234
536,2.680000,0.4998707324,0.02776233386,2.920627594e-06,-1.668930054e-06,-1.668930054e-06,1.573562622e-05,0,4.31726e-11,2.70684e-06,0.02893518563,-0.01678240299,0.499223883,0.03409792789
537,2.685000,0.4956956767,0.02772737853,2.920627594e-06,-1.668930054e-06,-1.668930054e-06,1.579523087e-05,0,4.33467e-11,2.7078e-06,0.02893518563,-0.01678240299,0.4948910458,0.03390580284
538,2.690000,0.4915168621,0.02772982977,2.920627594e-06,-1.668930054e-06,-1.668930054e-06,1.585483551e-05,0,4.35207e-11,2.70875e-06,0.02893518563,-0.01678240299,0.4907517549,0.03400287618
539,2.695000,0.4875573777,0.02783604898,2.920627594e-06,-1.668930054e-06,-1.668930054e-06,1.591444016e-05,0,4.36948e-11,2.70969e-06,0.02893518563,-0.01678240299,0.486813953,0.03433774656
540,2.700000,0.4841878228,0.02772348467,2.920627594e-06,-1.668930054e-06,-1.668930054e-06,1.59740448e-05,0,4.38689e-11,2.71063e-06,0.02893518563,-0.01678240299,0.4830850061,0.03427146569
541,2.705000,0.4809638895,0.02773020975,2.920627594e-06,-1.668930054e-06,-1.668930054e-06,1.603364944e-05,0,4.4043e-11,2.71155e-06,0.02893518563,-0.01678240299,0.4795716848,0.03413377786
542,2.710000,0.477398891,0.02797084954,2.920627594e-06,-1.668930054e-06,-1.668930054e-06,1.609325409e-05,0,4.42171e-11,2.71247e-06,0.02893518563,-0.01678240299,0.4762801472,0.03407763909
543,2.715000,0.4741776958,0.02821398154,2.920627594e-06,-1.668930054e-06,-1.668930054e-06,1.615285873e-05,0,4.43912e-11,2.71338e-06,0.02893518563,-0.01678240299,0.4732159238,0.03412969373
544,2.720000,0.4715802893,0.02798720542,2.920627594e-06,-1.668930054e-06,-1.668930054e-06,1.621246338e-05,0,4.45652e-11,2.71428e-06,0.02893518563,-0.01678240299,0.4703839041,0.03412391136
545,2.725000,0.4688946679,0.02813477814,2.920627594e-06,-1.668930054e-06,-1.668930054e-06,1.627206802e-05,0,4.47393e-11,2.71517e-06,0.02893518563,-0.01678240299,0.4677883245,0.03423344789
546,2.730000,0.4663997926,0.02819792088,2.920627594e-06,-1.668930054e-06,-1.668930054e-06,1.633167267e-05,0,4.49134e-11,2.71606e-06,0.02893518563,-0.01678240299,0.4654327583,0.03462463292
547,2.735000,0.4645200484,0.02821716014,2.920627594e-06,-1.668930054e-06,-1.668930054e-06,1.639127731e-05,0,4.50875e-11,2.71694e-06,0.02893518563,-0.01678240299,0.4633201081,0.03460936481
548,2.740000,0.4624177776,0.02833933011,2.920627594e-06,-1.668930054e-06,-1.668930054e-06,1.645088196e-05,0,4.52616e-11,2.71781e-06,0.02893518563,-0.01678240299,0.461452599,0.03457890738
549,2.745000,0.4610721357,0.02822895348,2.920627594e-06,-1.668930054e-06,-1.668930054e-06,1.65104866e-05,0,4.54357e-11,2.71867e-06,0.02893518563,-0.01678240299,0.4598317741,0.03442351421
550,2.750000,0.4594070762,0.02836385649,2.920627594e-06,-1.668930054e-06,-1.668930054e-06,1.657009125e-05,0,4.56097e-11,2.71953e-06,0.02893518563,-0.01678240299,0.4584584923,0.03407744496
551,2.755000,0.4578278586,0.02855334524,2.920627594e-06,-1.668930054e-06,-1.668930054e-06,1.662969589e-05,0,4.57838e-11,2.72038e-06,0.02893518563,-0.01678240299,0.4573329275,0.0342490153
552,2.760000,0.4567689225,0.02876437083,2.920627594e-06,-1.668930054e-06,-1.668930054e-06,1.668930054e-05,0,4.59579e-11,2.72122e-06,0.02893518563,-0.01678240299,0.4564545697,0.03431994277
553,2.765000,0.4567417167,0.02837959956,2.920627594e-06,-1.668930054e-06,-1.668930054e-06,1.674890518e-05,0,4.6132e-11,2.72206e-06,0.02893518563,-0.01678240299,0.4558222279,0.03446886669
554,2.770000,0.4563729092,0.0284965029,2.920627594e-06,-1.668930054e-06,-1.668930054e-06,1.680850983e-05,0,4.63061e-11,2.72289e-06,0.02893518563,-0.01678240299,0.4554340357,0.03494181609
555,2.775000,0.4567243308,0.02852209285,2.920627594e-06,-1.668930054e-06,-1.668930054e-06,1.686811447e-05,0,4.64802e-11,2.72371e-06,0.02893518563,-0.01678240299,0.4552874571,0.03505289833
556,2.780000,0.4571497999,0.02836313937,2.920627594e-06,-1.668930054e-06,-1.668930054e-06,1.692771912e-05,0,4.66542e-11,2.72452e-06,0.02893518563,-0.01678240299,0.455379296,0.03521930907
557,2.785000,0.4576493427,0.02839592099,2.920627594e-06,-1.668930054e-06,-1.668930054e-06,1.698732376e-05,0,4.68283e-11,2.72533e-06,0.02893518563,-0.01678240299,0.4557057063,0.03503826241
558,2.790000,0.4586114809,0.02849430125,2.920627594e-06,-1.668930054e-06,-1.668930054e-06,1.704692841e-05,0,4.70024e-11,2.72613e-06,0.02893518563,-0.01678240299,0.4562622038,0.03487976941
559,2.795000,0.4596305303,0.02876279876,2.920627594e-06,-1.668930054e-06,-1.668930054e-06,1.710653305e-05,0,4.71765e-11,2.72693e-06,0.02893518563,-0.01678240299,0.4570436807,0.03489059891
560,2.800000,0.4606524259,0.02890740708,2.920627594e-06,-1.668930054e-06,-1.668930054e-06,1.71661377e-05,0,4.73506e-11,2.72772e-06,0.02893518563,-0.01678240299,0.4580444208,0.03514520758
561,2.805000,0.461982552,0.02916850056,2.920627594e-06,-1.668930054e-06,-1.668930054e-06,1.722574234e-05,0,4.75247e-11,2.7285e-06,0.02893518563,-0.01678240299,0.4592581169,0.03522490008
562,2.810000,0.4635842927,0.02922649682,2.920627594e-06,-1.668930054e-06,-1.668930054e-06,1.728534698e-05,0,4.76987e-11,2.72928e-06,0.02893518563,-0.01678240299,0.4606778898,0.03526888848
563,2.815000,0.4651403539,0.02945663035,2.920627594e-06,-1.668930054e-06,-1.668930054e-06,1.734495163e-05,0,4.78728e-11,2.73005e-06,0.02893518563,-0.01678240299,0.4622963085,0.03546675891
564,2.820000,0.4671967588,0.02958238218,2.920627594e-06,-1.668930054e-06,-1.668930054e-06,1.740455627e-05,0,4.80469e-11,2.73081e-06,0.02893518563,-0.01678240299,0.4641054123,0.03540968032
565,2.825000,0.4689890668,0.02972304355,2.920627594e-06,-1.668930054e-06,-1.668930054e-06,1.746416092e-05,0,4.8221e-11,2.73157e-06,0.02893518563,-0.01678240299,0.4660967343,0.03524526874
566,2.830000,0.4714698605,0.029792252,2.920627594e-06,-1.668930054e-06,-1.668930054e-06,1.752376556e-05,0,4.83951e-11,2.73232e-06,0.02893518563,-0.01678240299,0.4682613255,0.03552100585
567,2.835000,0.4731743447,0.03004009277,2.920627594e-06,-1.668930054e-06,-1.668930054e-06,1.758337021e-05,0,4.85691e-11,2.73307e-06,0.02893518563,-0.01678240299,0.4705897816,0.03550184262
568,2.840000,0.4753619358,0.0302429311,2.920627594e-06,-1.668930054e-06,-1.668930054e-06,1.764297485e-05,0,4.87432e-11,2.73381e-06,0.02893518563,-0.01678240299,0.4730722697,0.03540380877
569,2.845000,0.477809526,0.03032692336,2.920627594e-06,-1.668930054e-06,-1.668930054e-06,1.77025795e-05,0,4.89173e-11,2.73454e-06,0.02893518563,-0.01678240299,0.4756985564,0.03564964667
570,2.850000,0.4807656147,0.03023978323,2.920627594e-06,-1.668930054e-06,-1.668930054e-06,1.776218414e-05,0,4.90914e-11,2.73527e-06,0.02893518563,-0.01678240299,0.478458038,0.03589630093
571,2.855000,0.4839103669,0.03007993847,2.920627594e-06,-1.668930054e-06,-1.668930054e-06,1.782178879e-05,0,4.92655e-11,2.736e-06,0.02893518563,-0.01678240299,0.4813397702,0.03561550319
572,2.860000,0.4876571409,0.02989629284,2.920627594e-06,-1.668930054e-06,-1.668930054e-06,1.788139343e-05,0,4.94396e-11,2.73671e-06,0.02893518563,-0.01678240299,0.4843324994,0.03607442095
573,2.865000,0.4903485179,0.0300854044,2.920627594e-06,-1.668930054e-06,-1.668930054e-06,1.794099808e-05,0,4.96136e-11,2.73743e-06,0.02893518563,-0.01678240299,0.487424695,0.03658544973
574,2.870000,0.4941002317,0.02982695401,2.920627594e-06,-1.728534698e-06,-1.728534698e-06,1.794099808e-05,0,4.94111e-11,2.72428e-06,0.02893518563,-0.01736110449,0.4906045819,0.03664223601
575,2.875000,0.497137133,0.03030842356,2.920627594e-06,-1.788139343e-06,-1.788139343e-06,1.794099808e-05,0,4.92015e-11,2.71069e-06,0.02893518563,-0.01793982089,0.4938601743,0.03638555931
576,2.880000,0.5006204508,0.03036319558,2.920627594e-06,-1.847743988e-06,-1.847743988e-06,1.794099808e-05,0,4.89848e-11,2.69667e-06,0.02893518563,-0.01851852238,0.4971793087,0.03649577013
577,2.885000,0.504023362,0.03046117909,2.920627594e-06,-1.907348633e-06,-1.907348633e-06,1.794099808e-05,0,4.8761e-11,2.68221e-06,0.02893518563,-0.01909722388,0.5005496792,0.03664480172
578,2.890000,0.5078399926,0.03039510734,2.920627594e-06,-1.966953278e-06,-1.966953278e-06,1.794099808e-05,0,4.85301e-11,2.66732e-06,0.02893518563,-0.01967592537,0.5039588713,0.03650243067
579,2.895000,0.5111724883,0.03051637672,2.920627594e-06,-2.026557922e-06,-2.026557922e-06,1.794099808e-05,0,4.8292e-11,2.65201e-06,0.02893518563,-0.02025462687,0.507394397,0.03676695416
580,2.900000,0.5146261528,0.03054598998,2.920627594e-06,-2.086162567e-06,-2.086162567e-06,1.794099808e-05,0,4.80469e-11,2.63627e-06,0.02893518563,-0.02083332837,0.51084373,0.03678978064
581,2.905000,0.5174577013,0.03100269567,2.920627594e-06,-2.145767212e-06,-2.145767212e-06,1.794099808e-05,0,4.77947e-11,2.6201e-06,0.02893518563,-0.02141202986,0.5142943404,0.03717257252
582,2.910000,0.5211135633,0.03085317463,2.920627594e-06,-2.205371857e-06,-2.205371857e-06,1.794099808e-05,0,4.75353e-11,2.60352e-06,0.02893518563,-0.02199074626,0.5177337295,0.03712931144
583,2.915000,0.5240362771,0.03099659178,2.920627594e-06,-2.264976501e-06,-2.264976501e-06,1.794099808e-05,0,4.72689e-11,2.58652e-06,0.02893518563,-0.02256944776,0.5211494648,0.03722166777
584,2.920000,0.5278125145,0.03046916518,2.920627594e-06,-2.324581146e-06,-2.324581146e-06,1.794099808e-05,0,4.69953e-11,2.5691e-06,0.02893518563,-0.02314814925,0.5245292143,0.03744505355
585,2.925000,0.5310100801,0.03045114316,2.920627594e-06,-2.384185791e-06,-2.384185791e-06,1.794099808e-05,0,4.67146e-11,2.55127e-06,0.02893518563,-0.02372685075,0.5278607806,0.03745552561
586,2.930000,0.5343544595,0.03027307335,2.920627594e-06,-2.443790436e-06,-2.443790436e-06,1.794099808e-05,0,4.64269e-11,2.53303e-06,0.02893518563,-0.02430555224,0.5311321343,0.03755751049
587,2.935000,0.5369020328,0.03060598951,2.920627594e-06,-2.503395081e-06,-2.503395081e-06,1.794099808e-05,0,4.6132e-11,2.51438e-06,0.02893518563,-0.02488425374,0.5343314477,0.03727792261
588,2.940000,0.5397273488,0.03079094552,2.920627594e-06,-2.562999725e-06,-2.562999725e-06,1.794099808e-05,0,4.583e-11,2.49533e-06,0.02893518563,-0.02546297014,0.5374471263,0.03763056024
589,2.945000,0.5427438393,0.03076371551,2.920627594e-06,-2.62260437e-06,-2.62260437e-06,1.794099808e-05,0,4.55209e-11,2.47588e-06,0.02893518563,-0.02604167163,0.5404678413,0.0373834584
590,2.950000,0.5452191569,0.03132405039,2.920627594e-06,-2.682209015e-06,-2.682209015e-06,1.794099808e-05,0,4.52047e-11,2.45603e-06,0.02893518563,-0.02662037313,0.5433825597,0.03741731488
591,2.955000,0.5489646792,0.03084534779,2.920627594e-06,-2.74181366e-06,-2.74181366e-06,1.794099808e-05,0,4.48814e-11,2.43579e-06,0.02893518563,-0.02719907463,0.5461805748,0.0373577548
592,2.960000,0.5514462851,0.03098435234,2.920627594e-06,-2.801418304e-06,-2.801418304e-06,1.794099808e-05,0,4.4551e-11,2.41515e-06,0.02893518563,-0.02777777612,0.5488515346,0.03741226705
593,2.965000,0.5534585714,0.03113138769,2.920627594e-06,-2.861022949e-06,-2.861022949e-06,1.794099808e-05,0,4.42135e-11,2.39413e-06,0.02893518563,-0.02835647762,0.5513854699,0.03752746855
594,2.970000,0.5557210483,0.03114132676,2.920627594e-06,-2.920627594e-06,-2.920627594e-06,1.794099808e-05,0,4.38689e-11,2.37271e-06,0.02893518563,-0.02893517911,0.5537728208,0.0371998428
595,2.975000,0.5576516502,0.03121557552,2.920627594e-06,-2.980232239e-06,-2.980232239e-06,1.782178879e-05,0,4.3169e-11,2.34669e-06,0.02893518563,-0.02951389551,0.5560044623,0.03710702087
596,2.980000,0.5590198748,0.03180751204,2.920627594e-06,-2.980232239e-06,-2.980232239e-06,1.77025795e-05,0,4.28209e-11,2.34239e-06,0.02893518563,-0.02951389551,0.558071728,0.03740412777
597,2.985000,0.5609198213,0.03164019249,2.920627594e-06,-2.980232239e-06,-2.980232239e-06,1.758337021e-05,0,4.24727e-11,2.33804e-06,0.02893518563,-0.02951389551,0.5599664332,0.03725938365
598,2.990000,0.5633824877,0.03112374619,2.920627594e-06,-2.980232239e-06,-2.980232239e-06,1.746416092e-05,0,4.21245e-11,2.33362e-06,0.02893518563,-0.02951389551,0.5616808958,0.03747393105
599,2.995000,0.564965602,0.03092891537,2.920627594e-06,-2.980232239e-06,-2.980232239e-06,1.734495163e-05,0,4.17764e-11,2.32913e-06,0.02893518563,-0.02951389551,0.5632079565,0.03744631632
600,3.000000,0.5663727336,0.03066590149,2.920627594e-06,-2.980232239e-06,-2.980232239e-06,1.722574234e-05,0,4.14282e-11,2.32458e-06,0.02893518563,-0.02951389551,0.5645409966,0.03750009323
601,3.005000,0.5673647523,0.03095882293,2.920627594e-06,-2.980232239e-06,-2.980232239e-06,1.710653305e-05,0,4.108e-11,2.31996e-06,0.02893518563,-0.02951389551,0.5656739548,0.03768318673
602,3.010000,0.5679553077,0.03146120161,2.920627594e-06,-2.980232239e-06,-2.980232239e-06,1.698732376e-05,0,4.07319e-11,2.31527e-06,0.02893518563,-0.02951389551,0.5666013422,0.03767685796
603,3.015000,0.5689430796,0.03079056554,2.920627594e-06,-2.980232239e-06,-2.980232239e-06,1.686811447e-05,0,4.03837e-11,2.31051e-06,0.02893518563,-0.02951389551,0.5673182554,0.03779060676
604,3.020000,0.5693005919,0.03087380622,2.920627594e-06,-2.980232239e-06,-2.980232239e-06,1.674890518e-05,0,4.00355e-11,2.30568e-06,0.02893518563,-0.02951389551,0.5678203882,0.03755697433
605,3.025000,0.5692768656,0.03111047205,2.920627594e-06,-2.980232239e-06,-2.980232239e-06,1.662969589e-05,0,3.96874e-11,2.30078e-06,0.02893518563,-0.02951389551,0.5681040411,0.03766998326
606,3.030000,0.5689894632,0.0312121883,2.920627594e-06,-2.980232239e-06,-2.980232239e-06,1.65104866e-05,0,3.93392e-11,2.2958e-06,0.02893518563,-0.02951389551,0.5681661297,0.03802743879
607,3.035000,0.5687375255,0.03137499373,2.920627594e-06,-2.980232239e-06,-2.980232239e-06,1.639127731e-05,0,3.8991e-11,2.29074e-06,0.02893518563,-0.02951389551,0.5680041906,0.0381952499
608,3.040000,0.5686123185,0.03131706454,2.920627594e-06,-2.980232239e-06,-2.980232239e-06,1.627206802e-05,0,3.86429e-11,2.2856e-06,0.02893518563,-0.02951389551,0.5676163858,0.03816740619
609,3.045000,0.5674238987,0.03150630929,2.920627594e-06,-2.980232239e-06,-2.980232239e-06,1.615285873e-05,0,3.82947e-11,2.28038e-06,0.02893518563,-0.02951389551,0.5670015051,0.03809007939
610,3.050000,0.5668606237,0.03110486362,2.920627594e-06,-2.980232239e-06,-2.980232239e-06,1.603364944e-05,0,3.79465e-11,2.27508e-06,0.02893518563,-0.02951389551,0.5661589673,0.03822681056
611,3.055000,0.5658056699,0.03107712884,2.920627594e-06,-2.980232239e-06,-2.980232239e-06,1.591444016e-05,0,3.75984e-11,2.2697e-06,0.02893518563,-0.02951389551,0.5650888182,0.03841996114
612,3.060000,0.5648234077,0.03099089116,2.920627594e-06,-2.980232239e-06,-2.980232239e-06,1.579523087e-05,0,3.72502e-11,2.26423e-06,0.02893518563,-0.02951389551,0.5637917287,0.0383005608
613,3.065000,0.562907733,0.03107093647,2.920627594e-06,-2.980232239e-06,-2.980232239e-06,1.567602158e-05,0,3.6902e-11,2.25867e-06,0.02893518563,-0.02951389551,0.5622689888,0.03823225569
614,3.070000,0.5612229221,0.03103568591,2.920627594e-06,-2.980232239e-06,-2.980232239e-06,1.555681229e-05,0,3.65539e-11,2.25301e-06,0.02893518563,-0.02951389551,0.5605225022,0.03813018192
615,3.075000,0.5589232631,0.0312828673,2.920627594e-06,-2.980232239e-06,-2.980232239e-06,1.5437603e-05,0,3.62057e-11,2.24727e-06,0.02893518563,-0.02951389551,0.5585547769,0.03804165054
616,3.080000,0.5566279255,0.03118668124,2.920627594e-06,-2.980232239e-06,-2.980232239e-06,1.531839371e-05,0,3.58575e-11,2.24143e-06,0.02893518563,-0.02951389551,0.5563689157,0.03769149161
617,3.085000,0.554086566,0.03126056027,2.920627594e-06,-2.980232239e-06,-2.980232239e-06,1.519918442e-05,0,3.55094e-11,2.2355e-06,0.02893518563,-0.02951389551,0.553968604,0.03747290826
618,3.090000,0.5520383716,0.03056858666,2.920627594e-06,-2.980232239e-06,-2.980232239e-06,1.507997513e-05,0,3.51612e-11,2.22947e-06,0.02893518563,-0.02951389551,0.5513580965,0.03761630185
619,3.095000,0.5490347482,0.03071598336,2.920627594e-06,-2.980232239e-06,-2.980232239e-06,1.496076584e-05,0,3.4813e-11,2.22333e-06,0.02893518563,-0.02951389551,0.5485422018,0.03792919654
620,3.100000,0.5455213487,0.03130087256,2.920627594e-06,-2.980232239e-06,-2.980232239e-06,1.484155655e-05,0,3.44649e-11,2.21709e-06,0.02893518563,-0.02951389551,0.5455262655,0.03798151256
621,3.105000,0.5423416756,0.03096923046,2.920627594e-06,-2.980232239e-06,-2.980232239e-06,1.472234726e-05,0,3.41167e-11,2.21074e-06,0.02893518563,-0.02951389551,0.5423161521,0.03793663934
622,3.110000,0.5391758233,0.03054711688,2.920627594e-06,-2.980232239e-06,-2.980232239e-06,1.460313797e-05,0,3.37685e-11,2.20429e-06,0.02893518563,-0.02951389551,0.5389182248,0.03820767165
623,3.115000,0.5352646895,0.03079548292,2.920627594e-06,-2.980232239e-06,-2.980232239e-06,1.448392868e-05,0,3.34204e-11,2.19772e-06,0.02893518563,-0.02951389551,0.5353393248,0.0382630648
624,3.120000,0.5317824855,0.03088940773,2.920627594e-06,-2.980232239e-06,-2.980232239e-06,1.436471939e-05,0,3.30722e-11,2.19104e-06,0.02893518563,-0.02951389551,0.5315867478,0.03816681578
625,3.125000,0.528006956,0.03068447765,2.920627594e-06,-2.980232239e-06,-2.980232239e-06,1.42455101e-05,0,3.2724e-11,2.18424e-06,0.02893518563,-0.02951389551,0.5276682206,0.0383150939
626,3.130000,0.5239328183,0.03028713819,2.920627594e-06,-2.980232239e-06,-2.980232239e-06,1.412630081e-05,0,3.23759e-11,2.17732e-06,0.02893518563,-0.02951389551,0.5235918756,0.03808352614
627,3.135000,0.5199342035,0.02984561864,2.920627594e-06,-2.980232239e-06,-2.980232239e-06,1.400709152e-05,0,3.20277e-11,2.17028e-06,0.02893518563,-0.02951389551,0.5193662246,0.03798488782
628,3.140000,0.5153939128,0.03024974838,2.920627594e-06,-2.980232239e-06,-2.980232239e-06,1.388788223e-05,0,3.16795e-11,2.1631e-06,0.02893518563,-0.02951389551,0.5150001313,0.03793057313
629,3.145000,0.5111310743,0.03009751439,2.920627594e-06,-2.980232239e-06,-2.980232239e-06,1.376867294e-05,0,3.13314e-11,2.1558e-06,0.02893518563,-0.02951389551,0.5105027824,0.03765051451
630,3.150000,0.5067684352,0.02956081089,2.920627594e-06,-2.980232239e-06,-2.980232239e-06,1.364946365e-05,0,3.09832e-11,2.14837e-06,0.02893518563,-0.02951389551,0.505883659,0.03723841333
631,3.155000,0.5020496249,0.02946516406,2.920627594e-06,-2.980232239e-06,-2.980232239e-06,1.353025436e-05,0,3.06351e-11,2.1408e-06,0.02893518563,-0.02951389551,0.5011525055,0.0375339987
632,3.160000,0.4968819171,0.02988415305,2.920627594e-06,-2.980232239e-06,-2.980232239e-06,1.341104507e-05,0,3.02869e-11,2.13309e-06,0.02893518563,-0.02951389551,0.4963192992,0.03758954337
633,3.165000,0.491623491,0.03035515361,2.920627594e-06,-2.980232239e-06,-2.980232239e-06,1.329183578e-05,0,2.99387e-11,2.12524e-06,0.02893518563,-0.02951389551,0.4913942185,0.03768851905
634,3.170000,0.4860482886,0.03058660589,2.920627594e-06,-2.980232239e-06,-2.980232239e-06,1.31726265e-05,0,2.95906e-11,2.11724e-06,0.02893518563,-0.02951389551,0.4863876105,0.03781768043
635,3.175000,0.480482325,0.03085832205,2.920627594e-06,-2.980232239e-06,-2.980232239e-06,1.305341721e-05,0,2.92424e-11,2.10909e-06,0.02893518563,-0.02951389551,0.4813099587,0.03773682462
636,3.180000,0.475871291,0.03036870714,2.920627594e-06,-2.980232239e-06,-2.980232239e-06,1.293420792e-05,0,2.88942e-11,2.10078e-06,0.02893518563,-0.02951389551,0.4761718497,0.03721366709
637,3.185000,0.4709024392,0.03032872826,2.920627594e-06,-2.980232239e-06,-2.980232239e-06,1.281499863e-05,0,2.85461e-11,2.09231e-06,0.02893518563,-0.02951389551,0.4709839398,0.03702975117
638,3.190000,0.4661471806,0.02995232493,2.920627594e-06,-2.980232239e-06,-2.980232239e-06,1.269578934e-05,0,2.81979e-11,2.08368e-06,0.02893518563,-0.02951389551,0.4657569218,0.03720134375
639,3.195000,0.4603769481,0.03032023553,2.920627594e-06,-2.980232239e-06,-2.980232239e-06,1.257658005e-05,0,2.78497e-11,2.07488e-06,0.02893518563,-0.02951389551,0.4605014912,0.03688229243
640,3.200000,0.4552026019,0.0303142285,2.920627594e-06,-2.980232239e-06,-2.980232239e-06,1.245737076e-05,0,2.75016e-11,2.06591e-06,0.02893518563,-0.02951389551,0.4552283128,0.03701872049
641,3.205000,0.4498581439,0.03006530087,2.920627594e-06,-2.980232239e-06,-2.980232239e-06,1.233816147e-05,0,2.71534e-11,2.05676e-06,0.02893518563,-0.02951389551,0.4499479869,0.03688891088
642,3.210000,0.4448931478,0.02972801588,2.920627594e-06,-2.980232239e-06,-2.980232239e-06,1.221895218e-05,0,2.68052e-11,2.04743e-06,0.02893518563,-0.02951389551,0.4446710168,0.03676972285
643,3.215000,0.4395077899,0.02961293515,2.920627594e-06,-2.980232239e-06,-2.980232239e-06,1.209974289e-05,0,2.64571e-11,2.03791e-06,0.02893518563,-0.02951389551,0.4394077749,0.03683053811
644,3.220000,0.4347886778,0.02908168267,2.920627594e-06,-2.980232239e-06,-2.980232239e-06,1.19805336e-05,0,2.61089e-11,2.0282e-06,0.02893518563,-0.02951389551,0.434168471,0.0367450873
645,3.225000,0.4299171641,0.02924441174,2.920627594e-06,-2.980232239e-06,-2.980232239e-06,1.186132431e-05,0,2.57607e-11,2.01829e-06,0.02893518563,-0.02951389551,0.4289631201,0.03660758706
646,3.230000,0.4247256778,0.02914443985,2.920627594e-06,-2.980232239e-06,-2.980232239e-06,1.174211502e-05,0,2.54126e-11,2.00817e-06,0.02893518563,-0.02951389551,0.4238015107,0.03662535975
647,3.235000,0.4193840735,0.02909564786,2.920627594e-06,-2.980232239e-06,-2.980232239e-06,1.162290573e-05,0,2.50644e-11,1.99785e-06,0.02893518563,-0.02951389551,0.4186931743,0.03611989214
648,3.240000,0.4144090824,0.02913934644,2.920627594e-06,-2.980232239e-06,-2.980232239e-06,1.150369644e-05,0,2.47162e-11,1.98731e-06,0.02893518563,-0.02951389551,0.4136473555,0.03620433745
649,3.245000,0.4091495052,0.02918152697,2.920627594e-06,-2.980232239e-06,-2.980232239e-06,1.138448715e-05,0,2.43681e-11,1.97655e-06,0.02893518563,-0.02951389551,0.4086729828,0.03632739253
650,3.250000,0.4036328457,0.02940441482,2.920627594e-06,-2.980232239e-06,-2.980232239e-06,1.126527786e-05,0,2.40199e-11,1.96557e-06,0.02893518563,-0.02951389551,0.4037786406,0.03636752405
651,3.255000,0.3989094645,0.0295730494,2.920627594e-06,-2.980232239e-06,-2.980232239e-06,1.114606857e-05,0,2.36717e-11,1.95435e-06,0.02893518563,-0.02951389551,0.3989725421,0.03655748473
652,3.260000,0.3943970203,0.02946681622,2.920627594e-06,-2.980232239e-06,-2.980232239e-06,1.102685928e-05,0,2.33236e-11,1.94289e-06,0.02893518563,-0.02951389551,0.3942625031,0.03675152529
653,3.265000,0.3896273933,0.02956827171,2.920627594e-06,-2.980232239e-06,-2.980232239e-06,1.090764999e-05,0,2.29754e-11,1.93118e-06,0.02893518563,-0.02951389551,0.3896559174,0.03657598013
654,3.270000,0.3850256689,0.02954421379,2.920627594e-06,-2.980232239e-06,-2.980232239e-06,1.07884407e-05,0,2.26272e-11,1.91921e-06,0.02893518563,-0.02951389551,0.3851597335,0.03665368747
655,3.275000,0.3807590269,0.02924683411,2.920627594e-06,-2.980232239e-06,-2.980232239e-06,1.066923141e-05,0,2.22791e-11,1.90699e-06,0.02893518563,-0.02951389551,0.3807804319,0.03646341151
656,3.280000,0.3762980886,0.02938667219,2.920627594e-06,-2.980232239e-06,-2.980232239e-06,1.055002213e-05,0,2.19309e-11,1.89449e-06,0.02893518563,-0.02951389551,0.3765240045,0.03615379841
657,3.285000,0.3723130375,0.02927032113,2.920627594e-06,-2.980232239e-06,-2.980232239e-06,1.043081284e-05,0,2.15827e-11,1.88171e-06,0.02893518563,-0.02951389551,0.3723959357,0.03645122611
658,3.290000,0.3682604954,0.02946701087,2.920627594e-06,-2.980232239e-06,-2.980232239e-06,1.031160355e-05,0,2.12346e-11,1.86865e-06,0.02893518563,-0.02951389551,0.3684011839,0.03713953986
659,3.295000,0.3646194749,0.02944521699,2.920627594e-06,-2.980232239e-06,-2.980232239e-06,1.019239426e-05,0,2.08864e-11,1.85529e-06,0.02893518563,-0.02951389551,0.3645441656,0.03679364807
660,3.300000,0.3608867712,0.02917961031,2.920627594e-06,-2.980232239e-06,-2.980232239e-06,1.007318497e-05,0,2.05382e-11,1.84163e-06,0.02893518563,-0.02951389551,0.3608287408,0.0365599503
661,3.305000,0.3569151759,0.02941266634,2.920627594e-06,-2.980232239e-06,-2.980232239e-06,9.953975677e-06,0,2.01901e-11,1.82766e-06,0.02893518563,-0.02951389551,0.3572581997,0.03617845523
662,3.310000,0.3531462438,0.02998769935,2.920627594e-06,-2.980232239e-06,-2.980232239e-06,9.834766388e-06,0,1.98419e-11,1.81337e-06,0.02893518563,-0.02951389551,0.3538352521,0.03632850053
663,3.315000,0.3502945378,0.0298184501,2.920627594e-06,-2.980232239e-06,-2.980232239e-06,9.715557098e-06,0,1.94937e-11,1.79874e-06,0.02893518563,-0.02951389551,0.3505620171,0.0360372561
664,3.320000,0.3475479484,0.03000028618,2.920627594e-06,-2.980232239e-06,-2.980232239e-06,9.596347809e-06,0,1.91456e-11,1.78377e-06,0.02893518563,-0.02951389551,0.3474400155,0.03577849102
665,3.325000,0.344590921,0.03023282718,2.920627594e-06,-2.980232239e-06,-2.980232239e-06,9.477138519e-06,0,1.87974e-11,1.76845e-06,0.02893518563,-0.02951389551,0.3444701644,0.0357320628
666,3.330000,0.341177702,0.03063583095,2.920627594e-06,-2.980232239e-06,-2.980232239e-06,9.35792923e-06,0,1.84492e-11,1.75277e-06,0.02893518563,-0.02951389551,0.3416527721,0.03590438304
667,3.335000,0.3385669701,0.0306241801,2.920627594e-06,-2.980232239e-06,-2.980232239e-06,9.23871994e-06,0,1.81011e-11,1.73671e-06,0.02893518563,-0.02951389551,0.3389875364,0.03636913658
668,3.340000,0.3361146674,0.03058474511,2.920627594e-06,-2.980232239e-06,-2.980232239e-06,9.119510651e-06,0,1.77529e-11,1.72026e-06,0.02893518563,-0.02951389551,0.3364735439,0.03659878338
669,3.345000,0.3340361565,0.03045508079,2.920627594e-06,-2.980232239e-06,-2.980232239e-06,9.000301361e-06,0,1.74047e-11,1.70342e-06,0.02893518563,-0.02951389551,0.3341092709,0.03679824774
670,3.350000,0.3321772851,0.03040570579,2.920627594e-06,-2.980232239e-06,-2.980232239e-06,8.881092072e-06,0,1.70566e-11,1.68617e-06,0.02893518563,-0.02951389551,0.3318925871,0.03686275506
671,3.355000,0.3301925547,0.03057549801,2.920627594e-06,-2.980232239e-06,-2.980232239e-06,8.761882782e-06,0,1.67084e-11,1.6685e-06,0.02893518563,-0.02951389551,0.3298207603,0.0369019806
672,3.360000,0.3288947344,0.03024045005,2.920627594e-06,-2.980232239e-06,-2.980232239e-06,8.642673492e-06,0,1.63602e-11,1.6504e-06,0.02893518563,-0.02951389551,0.3278904628,0.03721720799
673,3.365000,0.3267565593,0.03048093244,2.920627594e-06,-2.980232239e-06,-2.980232239e-06,8.523464203e-06,0,1.60121e-11,1.63185e-06,0.02893518563,-0.02951389551,0.3260977806,0.03751621661
674,3.370000,0.3251477405,0.03065654077,2.920627594e-06,-2.980232239e-06,-2.980232239e-06,8.404254913e-06,0,1.56639e-11,1.61283e-06,0.02893518563,-0.02951389551,0.3244382229,0.03753494433
675,3.375000,0.324088838,0.0304177627,2.920627594e-06,-2.980232239e-06,-2.980232239e-06,8.285045624e-06,0,1.53157e-11,1.59334e-06,0.02893518563,-0.02951389551,0.3229067349,0.03750076326
676,3.380000,0.322761178,0.03042282909,2.920627594e-06,-2.980232239e-06,-2.980232239e-06,8.165836334e-06,0,1.49676e-11,1.57337e-06,0.02893518563,-0.02951389551,0.321497711,0.03679914629
677,3.385000,0.3213555887,0.03082714137,2.920627594e-06,-2.980232239e-06,-2.980232239e-06,8.046627045e-06,0,1.46194e-11,1.55288e-06,0.02893518563,-0.02951389551,0.3202050104,0.03673317885
678,3.390000,0.3199116848,0.03127433825,2.920627594e-06,-2.980232239e-06,-2.980232239e-06,7.927417755e-06,0,1.42713e-11,1.53188e-06,0.02893518563,-0.02951389551,0.3190219744,0.03696751632
679,3.395000,0.3183414899,0.03166111,2.920627594e-06,-2.980232239e-06,-2.980232239e-06,7.808208466e-06,0,1.39231e-11,1.51034e-06,0.02893518563,-0.02951389551,0.3179414442,0.03761164823
680,3.400000,0.3173025139,0.03172157705,2.920627594e-06,-2.980232239e-06,-2.980232239e-06,7.688999176e-06,0,1.35749e-11,1.48825e-06,0.02893518563,-0.02951389551,0.316955782,0.03723833274
681,3.405000,0.3162500151,0.03187943716,2.920627594e-06,-2.980232239e-06,-2.980232239e-06,7.569789886e-06,0,1.32268e-11,1.4656e-06,0.02893518563,-0.02951389551,0.3160568919,0.03686365186
682,3.410000,0.3153696507,0.03188497294,2.920627594e-06,-2.980232239e-06,-2.980232239e-06,7.450580597e-06,0,1.28786e-11,1.44236e-06,0.02893518563,-0.02951389551,0.3152362434,0.03693611224
683,3.415000,0.3144336566,0.0322115561,2.920627594e-06,-2.980232239e-06,-2.980232239e-06,7.331371307e-06,0,1.25304e-11,1.41851e-06,0.02893518563,-0.02951389551,0.3144848952,0.03728292831
684,3.420000,0.3139632419,0.03196857683,2.920627594e-06,-2.980232239e-06,-2.980232239e-06,7.212162018e-06,0,1.21823e-11,1.39405e-06,0.02893518563,-0.02951389551,0.3137935212,0.03715573273
685,3.425000,0.3134103641,0.03201753087,2.920627594e-06,-2.980232239e-06,-2.980232239e-06,7.092952728e-06,0,1.18341e-11,1.36895e-06,0.02893518563,-0.02951389551,0.3131524374,0.03734357467
686,3.430000,0.3125544451,0.0322245406,2.920627594e-06,-2.980232239e-06,-2.980232239e-06,6.973743439e-06,0,1.14859e-11,1.3432e-06,0.02893518563,-0.02951389551,0.3125516295,0.0371716944
687,3.435000,0.3124118373,0.03216992598,2.920627594e-06,-2.980232239e-06,-2.980232239e-06,6.854534149e-06,0,1.11378e-11,1.31677e-06,0.02893518563,-0.02951389551,0.3119807819,0.03730108675
688,3.440000,0.3114026263,0.03229650855,2.920627594e-06,-2.980232239e-06,-2.980232239e-06,6.73532486e-06,0,1.07896e-11,1.28965e-06,0.02893518563,-0.02951389551,0.3114293082,0.03716976231
689,3.445000,0.3113470748,0.03180354834,2.920627594e-06,-2.980232239e-06,-2.980232239e-06,6.61611557e-06,0,1.04414e-11,1.26181e-06,0.02893518563,-0.02951389551,0.3108863812,0.03705702636
690,3.450000,0.3105494082,0.03198044002,2.920627594e-06,-2.980232239e-06,-2.980232239e-06,6.496906281e-06,0,1.00933e-11,1.23325e-06,0.02893518563,-0.02951389551,0.3103409652,0.0368478233
691,3.455000,0.3098950312,0.03192800842,2.920627594e-06,-2.980232239e-06,-2.980232239e-06,6.377696991e-06,0,9.74509e-12,1.20393e-06,0.02893518563,-0.02951389551,0.309781848,0.03685760316
692,3.460000,0.3091996759,0.03189287614,2.920627594e-06,-2.980232239e-06,-2.980232239e-06,6.258487701e-06,0,9.39693e-12,1.17384e-06,0.02893518563,-0.02951389551,0.3091976738,0.03705784563
693,3.465000,0.3086036257,0.03222398274,2.920627594e-06,-2.980232239e-06,-2.980232239e-06,6.139278412e-06,0,9.04876e-12,1.14296e-06,0.02893518563,-0.02951389551,0.3085769767,0.03713500205
694,3.470000,0.3083007187,0.03161936905,2.920627594e-06,-2.980232239e-06,-2.980232239e-06,6.020069122e-06,0,8.7006e-12,1.11127e-06,0.02893518563,-0.02951389551,0.3079082147,0.0367083716
695,3.475000,0.3081472144,0.03149076272,2.920627594e-06,-2.980232239e-06,-2.980232239e-06,5.900859833e-06,0,8.35243e-12,1.07874e-06,0.02893518563,-0.02951389551,0.3071798034,0.03662627074
696,3.480000,0.3072746433,0.0314554479,2.920627594e-06,-2.920627594e-06,-2.920627594e-06,5.900859833e-06,0,8.70415e-12,1.13195e-06,0.02893518563,-0.02893517911,0.3063801511,0.03700327198
697,3.485000,0.3061606027,0.03146702424,2.920627594e-06,-2.861022949e-06,-2.861022949e-06,5.900859833e-06,0,9.04876e-12,1.18493e-06,0.02893518563,-0.02835647762,0.3054976928,0.0367495747
698,3.490000,0.3045812473,0.03195922077,2.920627594e-06,-2.801418304e-06,-2.801418304e-06,5.900859833e-06,0,9.38627e-12,1.23767e-06,0.02893518563,-0.02777777612,0.3045209248,0.03696730962
699,3.495000,0.3038325496,0.03186389338,2.920627594e-06,-2.74181366e-06,-2.74181366e-06,5.900859833e-06,0,9.71667e-12,1.29017e-06,0.02893518563,-0.02719907463,0.3034384394,0.03691328214
700,3.500000,0.3027257472,0.03181655239,2.920627594e-06,-2.682209015e-06,-2.682209015e-06,5.900859833e-06,0,1.004e-11,1.34241e-06,0.02893518563,-0.02662037313,0.302238959,0.03674286411
701,3.505000,0.3009631075,0.03230335563,2.920627594e-06,-2.62260437e-06,-2.62260437e-06,5.900859833e-06,0,1.03562e-11,1.39437e-06,0.02893518563,-0.02604167163,0.3009113703,0.03661416112
702,3.510000,0.2993743084,0.03254381288,2.920627594e-06,-2.562999725e-06,-2.562999725e-06,5.900859833e-06,0,1.06652e-11,1.44605e-06,0.02893518563,-0.02546297014,0.2994447577,0.03640323572
703,3.515000,0.297942739,0.03252615128,2.920627594e-06,-2.503395081e-06,-2.503395081e-06,5.900859833e-06,0,1.09672e-11,1.49742e-06,0.02893518563,-0.02488425374,0.297828437,0.03627323632
704,3.520000,0.2959311008,0.03261188604,2.920627594e-06,-2.443790436e-06,-2.443790436e-06,5.900859833e-06,0,1.12621e-11,1.54848e-06,0.02893518563,-0.02430555224,0.2960519874,0.03675638936
705,3.525000,0.2942759395,0.03227967303,2.920627594e-06,-2.384185791e-06,-2.384185791e-06,5.900859833e-06,0,1.15499e-11,1.5992e-06,0.02893518563,-0.02372685075,0.294105284,0.03672144889
706,3.530000,0.2926906869,0.03207931854,2.920627594e-06,-2.324581146e-06,-2.324581146e-06,5.900859833e-06,0,1.18305e-11,1.64956e-06,0.02893518563,-0.02314814925,0.2919785288,0.03675249453
707,3.535000,0.2904600464,0.03185476456,2.920627594e-06,-2.264976501e-06,-2.264976501e-06,5.900859833e-06,0,1.21041e-11,1.69955e-06,0.02893518563,-0.02256944776,0.2896622812,0.03690964798
708,3.540000,0.2879874483,0.03200427722,2.920627594e-06,-2.205371857e-06,-2.205371857e-06,5.900859833e-06,0,1.23705e-11,1.74914e-06,0.02893518563,-0.02199074626,0.2871474876,0.03669468492
709,3.545000,0.2844068184,0.03245205712,2.920627594e-06,-2.145767212e-06,-2.145767212e-06,5.900859833e-06,0,1.26299e-11,1.79832e-06,0.02893518563,-0.02141202986,0.2844255093,0.03683587558
710,3.550000,0.281373404,0.03250912484,2.920627594e-06,-2.086162567e-06,-2.086162567e-06,5.900859833e-06,0,1.28821e-11,1.84705e-06,0.02893518563,-0.02083332837,0.2814881509,0.03688116533
711,3.555000,0.2775528729,0.03273245506,2.920627594e-06,-2.026557922e-06,-2.026557922e-06,5.900859833e-06,0,1.31273e-11,1.89531e-06,0.02893518563,-0.02025462687,0.2783276855,0.03689658327
712,3.560000,0.274253659,0.03270516265,2.920627594e-06,-1.966953278e-06,-1.966953278e-06,5.900859833e-06,0,1.33653e-11,1.94308e-06,0.02893518563,-0.01967592537,0.2749368803,0.03718164845
713,3.565000,0.2704940885,0.0327318646,2.920627594e-06,-1.907348633e-06,-1.907348633e-06,5.900859833e-06,0,1.35962e-11,1.99033e-06,0.02893518563,-0.01909722388,0.27130902,0.03713044197
714,3.570000,0.2670387253,0.03240112215,2.920627594e-06,-1.847743988e-06,-1.847743988e-06,5.900859833e-06,0,1.38201e-11,2.03701e-06,0.02893518563,-0.01851852238,0.2674379291,0.03712026911
715,3.575000,0.2623388469,0.03228796739,2.920627594e-06,-1.788139343e-06,-1.788139343e-06,5.900859833e-06,0,1.40368e-11,2.08311e-06,0.02893518563,-0.01793982089,0.2633179929,0.03717784553
716,3.580000,0.2584198564,0.03211502545,2.920627594e-06,-1.728534698e-06,-1.728534698e-06,5.900859833e-06,0,1.42464e-11,2.12858e-06,0.02893518563,-0.01736110449,0.2589441763,0.03715110587
717,3.585000,0.2539295331,0.03213504422,2.920627594e-06,-1.668930054e-06,-1.668930054e-06,5.960464478e-06,0,1.4623e-11,2.18323e-06,0.02893518563,-0.01678240299,0.2543120421,0.03679603611
718,3.590000,0.2488092892,0.03219899163,2.920627594e-06,-1.609325409e-06,-1.609325409e-06,6.020069122e-06,0,1.49925e-11,2.23617e-06,0.02893518563,-0.0162037015,0.2494177668,0.03694330498
719,3.595000,0.2438738383,0.03212255612,2.920627594e-06,-1.609325409e-06,-1.609325409e-06,6.079673767e-06,0,1.51665e-11,2.2452e-06,0.02893518563,-0.0162037015,0.244258155,0.03695129793
720,3.600000,0.2379196547,0.03242185153,2.920627594e-06,-1.609325409e-06,-1.609325409e-06,6.139278412e-06,0,1.53406e-11,2.25402e-06,0.02893518563,-0.0162037015,0.2388306524,0.03713871556
721,3.605000,0.2320708521,0.03242458683,2.920627594e-06,-1.609325409e-06,-1.609325409e-06,6.198883057e-06,0,1.55147e-11,2.26266e-06,0.02893518563,-0.0162037015,0.2331333563,0.03721383485
722,3.610000,0.2258569933,0.03255320806,2.920627594e-06,-1.609325409e-06,-1.609325409e-06,6.258487701e-06,0,1.56888e-11,2.2711e-06,0.02893518563,-0.0162037015,0.2271650252,0.03708153447
723,3.615000,0.2195850313,0.03248834144,2.920627594e-06,-1.609325409e-06,-1.609325409e-06,6.318092346e-06,0,1.58629e-11,2.27936e-06,0.02893518563,-0.0162037015,0.220925086,0.03729594004
724,3.620000,0.2131263018,0.0323065361,2.920627594e-06,-1.609325409e-06,-1.609325409e-06,6.377696991e-06,0,1.60369e-11,2.28743e-06,0.02893518563,-0.0162037015,0.2144136397,0.03726025281
725,3.625000,0.2066110522,0.03202639055,2.920627594e-06,-1.609325409e-06,-1.609325409e-06,6.437301636e-06,0,1.6211e-11,2.29534e-06,0.02893518563,-0.0162037015,0.2076314647,0.03713971671
726,3.630000,0.1998917237,0.03188836388,2.920627594e-06,-1.609325409e-06,-1.609325409e-06,6.496906281e-06,0,1.63851e-11,2.30307e-06,0.02893518563,-0.0162037015,0.200580019,0.03728625765
727,3.635000,0.1923162565,0.03172603901,2.920627594e-06,-1.609325409e-06,-1.609325409e-06,6.556510925e-06,0,1.65592e-11,2.31064e-06,0.02893518563,-0.0162037015,0.1932614401,0.03685353069
728,3.640000,0.1849025562,0.03144781105,2.920627594e-06,-1.609325409e-06,-1.609325409e-06,6.61611557e-06,0,1.67333e-11,2.31805e-06,0.02893518563,-0.0162037015,0.1856785427,0.03691808857
729,3.645000,0.1764955521,0.03156350087,2.920627594e-06,-1.609325409e-06,-1.609325409e-06,6.675720215e-06,0,1.69074e-11,2.3253e-06,0.02893518563,-0.0162037015,0.1778348154,0.03698345141
730,3.650000,0.1684699021,0.03128941543,2.920627594e-06,-1.609325409e-06,-1.609325409e-06,6.73532486e-06,0,1.70814e-11,2.3324e-06,0.02893518563,-0.0162037015,0.1697344147,0.03676042393
731,3.655000,0.1606538557,0.03105709609,2.920627594e-06,-1.609325409e-06,-1.609325409e-06,6.794929504e-06,0,1.72555e-11,2.33935e-06,0.02893518563,-0.0162037015,0.1613821578,0.03706830422
732,3.660000,0.1523073055,0.03116270434,2.920627594e-06,-1.609325409e-06,-1.609325409e-06,6.854534149e-06,0,1.74296e-11,2.34616e-06,0.02893518563,-0.0162037015,0.1527835128,0.03695451781
733,3.665000,0.1431766376,0.03122588154,2.920627594e-06,-1.609325409e-06,-1.609325409e-06,6.914138794e-06,0,1.76037e-11,2.35282e-06,0.02893518563,-0.0162037015,0.1439445878,0.03658043557
734,3.670000,0.1341604441,0.03132668696,2.920627594e-06,-1.609325409e-06,-1.609325409e-06,6.973743439e-06,0,1.77778e-11,2.35936e-06,0.02893518563,-0.0162037015,0.1348721182,0.03632441302
735,3.675000,0.1243476234,0.03154960927,2.920627594e-06,-1.609325409e-06,-1.609325409e-06,7.033348083e-06,0,1.79519e-11,2.36575e-06,0.02893518563,-0.0162037015,0.1255734516,0.03617973005
736,3.680000,0.1149174869,0.03153245151,2.920627594e-06,-1.609325409e-06,-1.609325409e-06,7.092952728e-06,0,1.81259e-11,2.37202e-06,0.02893518563,-0.0162037015,0.1160565318,0.03631287794
737,3.685000,0.1049036719,0.03162053041,2.920627594e-06,-1.609325409e-06,-1.609325409e-06,7.152557373e-06,0,1.83e-11,2.37817e-06,0.02893518563,-0.0162037015,0.1063298804,0.03630520671
738,3.690000,0.09487051889,0.03157075867,2.920627594e-06,-1.609325409e-06,-1.609325409e-06,7.212162018e-06,0,1.84741e-11,2.38419e-06,0.02893518563,-0.0162037015,0.09640257745,0.0362774446
739,3.695000,0.08469749615,0.03161113989,2.920627594e-06,-1.609325409e-06,-1.609325409e-06,7.271766663e-06,0,1.86482e-11,2.39009e-06,0.02893518563,-0.0162037015,0.08628424028,0.03636381894
740,3.700000,0.07417854667,0.03168659471,2.920627594e-06,-1.609325409e-06,-1.609325409e-06,7.331371307e-06,0,1.88223e-11,2.39587e-06,0.02893518563,-0.0162037015,0.07598500058,0.03628008452
741,3.705000,0.06329244748,0.03178914078,2.920627594e-06,-1.609325409e-06,-1.609325409e-06,7.390975952e-06,0,1.89964e-11,2.40154e-06,0.02893518563,-0.0162037015,0.06551548041,0.03678596275
742,3.710000,0.05273463205,0.03175916523,2.920627594e-06,-1.609325409e-06,-1.609325409e-06,7.450580597e-06,0,1.91704e-11,2.40711e-06,0.02893518563,-0.0162037015,0.05488676669,0.03689090224
743,3.715000,0.04182795808,0.03176536411,2.920627594e-06,-1.609325409e-06,-1.609325409e-06,7.510185242e-06,0,1.93445e-11,2.41256e-06,0.02893518563,-0.0162037015,0.0441103844,0.03716075438
744,3.720000,0.0309551619,0.03174652625,2.920627594e-06,-1.609325409e-06,-1.609325409e-06,7.569789886e-06,0,1.95186e-11,2.41791e-06,0.02893518563,-0.0162037015,0.03319826852,0.03752765937
745,3.725000,0.01978319883,0.03176628053,2.920627594e-06,-1.609325409e-06,-1.609325409e-06,7.629394531e-06,0,1.96927e-11,2.42316e-06,0.02893518563,-0.0162037015,0.02216273492,0.03744108694
746,3.730000,0.008579630405,0.03177837841,2.920627594e-06,-1.609325409e-06,-1.609325409e-06,7.688999176e-06,0,1.98668e-11,2.42831e-06,0.02893518563,-0.0162037015,0.01101645006,0.0372799758
747,3.735000,-0.002774380147,0.03183147591,2.920627594e-06,-1.609325409e-06,-1.609325409e-06,7.748603821e-06,0,2.00409e-11,2.43336e-06,0.02893518563,-0.0162037015,-0.0002276002066,0.03750009608
748,3.740000,-0.01438554004,0.03193205874,2.920627594e-06,-1.609325409e-06,-1.609325409e-06,7.808208466e-06,0,2.02149e-11,2.43832e-06,0.02893518563,-0.0162037015,-0.01155614277,0.03756803741
749,3.745000,-0.02610404789,0.0320642842,2.920627594e-06,-1.609325409e-06,-1.609325409e-06,7.86781311e-06,0,2.0389e-11,2.44319e-06,0.02893518563,-0.0162037015,-0.02295565017,0.03748142747
750,3.750000,-0.03756654263,0.0321424054,2.920627594e-06,-1.609325409e-06,-1.609325409e-06,7.927417755e-06,0,2.05631e-11,2.44797e-06,0.02893518563,-0.0162037015,-0.03441237429,0.03745248419
751,3.755000,-0.04868219048,0.03212130908,2.920627594e-06,-1.609325409e-06,-1.609325409e-06,7.9870224e-06,0,2.07372e-11,2.45266e-06,0.02893518563,-0.0162037015,-0.0459123806,0.03692310504
752,3.760000,-0.05975648761,0.03190053254,2.920627594e-06,-1.609325409e-06,-1.609325409e-06,8.046627045e-06,0,2.09113e-11,2.45726e-06,0.02893518563,-0.0162037015,-0.05744158297,0.03673549415
753,3.765000,-0.07109061256,0.0316569861,2.920627594e-06,-1.609325409e-06,-1.609325409e-06,8.106231689e-06,0,2.10854e-11,2.46178e-06,0.02893518563,-0.0162037015,-0.06898577893,0.0367259808
754,3.770000,-0.08218029514,0.03143373132,2.920627594e-06,-1.609325409e-06,-1.609325409e-06,8.165836334e-06,0,2.12594e-11,2.46622e-06,0.02893518563,-0.0162037015,-0.08053068523,0.03647010644
755,3.775000,-0.09317174926,0.03118752036,2.920627594e-06,-1.609325409e-06,-1.609325409e-06,8.225440979e-06,0,2.14335e-11,2.47059e-06,0.02893518563,-0.0162037015,-0.09206197363,0.03673592581
756,3.780000,-0.104652755,0.03117129579,2.920627594e-06,-1.609325409e-06,-1.609325409e-06,8.285045624e-06,0,2.16076e-11,2.47487e-06,0.02893518563,-0.0162037015,-0.1035653069,0.0365287454
757,3.785000,-0.116192732,0.03131176159,2.920627594e-06,-1.609325409e-06,-1.609325409e-06,8.344650269e-06,0,2.17817e-11,2.47908e-06,0.02893518563,-0.0162037015,-0.1150263748,0.0363239485
758,3.790000,-0.1269445568,0.03106280044,2.920627594e-06,-1.609325409e-06,-1.609325409e-06,8.404254913e-06,0,2.19558e-11,2.48322e-06,0.02893518563,-0.0162037015,-0.12643093,0.03643375602
759,3.795000,-0.137676619,0.03104230203,2.920627594e-06,-1.609325409e-06,-1.609325409e-06,8.463859558e-06,0,2.21299e-11,2.48728e-06,0.02893518563,-0.0162037015,-0.1377648237,0.03658222787
760,3.800000,-0.1491154917,0.03095784411,2.920627594e-06,-1.609325409e-06,-1.609325409e-06,8.523464203e-06,0,2.23039e-11,2.49128e-06,0.02893518563,-0.0162037015,-0.1490140414,0.03683977935
761,3.805000,-0.1603910513,0.03103547916,2.920627594e-06,-1.609325409e-06,-1.609325409e-06,8.583068848e-06,0,2.2478e-11,2.4952e-06,0.02893518563,-0.0162037015,-0.160164738,0.03674960233
762,3.810000,-0.1715850495,0.03121917602,2.920627594e-06,-1.609325409e-06,-1.609325409e-06,8.642673492e-06,0,2.26521e-11,2.49906e-06,0.02893518563,-0.0162037015,-0.1712032722,0.03682708796
763,3.815000,-0.1827157363,0.03129894193,2.920627594e-06,-1.609325409e-06,-1.609325409e-06,8.702278137e-06,0,2.28262e-11,2.50286e-06,0.02893518563,-0.0162037015,-0.182116241,0.03699989484
764,3.820000,-0.193576932,0.031429708,2.920627594e-06,-1.609325409e-06,-1.609325409e-06,8.761882782e-06,0,2.30003e-11,2.50659e-06,0.02893518563,-0.0162037015,-0.1928905129,0.03686983477
765,3.825000,-0.2040455118,0.03137841541,2.920627594e-06,-1.609325409e-06,-1.609325409e-06,8.821487427e-06,0,2.31744e-11,2.51026e-06,0.02893518563,-0.0162037015,-0.2035132609,0.0367932765
766,3.830000,-0.2143698558,0.0313433921,2.920627594e-06,-1.609325409e-06,-1.609325409e-06,8.881092072e-06,0,2.33484e-11,2.51387e-06,0.02893518563,-0.0162037015,-0.2139719941,0.03701031267
767,3.835000,-0.2245173678,0.03134107497,2.920627594e-06,-1.609325409e-06,-1.609325409e-06,8.940696716e-06,0,2.35225e-11,2.51742e-06,0.02893518563,-0.0162037015,-0.2242545891,0.03708083751
768,3.840000,-0.2351044714,0.03164711315,2.920627594e-06,-1.609325409e-06,-1.609325409e-06,9.000301361e-06,0,2.36966e-11,2.52091e-06,0.02893518563,-0.0162037015,-0.2343493196,0.0370784185
769,3.845000,-0.2445438206,0.03151553869,2.920627594e-06,-1.609325409e-06,-1.609325409e-06,9.059906006e-06,0,2.38707e-11,2.52435e-06,0.02893518563,-0.0162037015,-0.2442448856,0.03686714176
770,3.850000,-0.2545291856,0.0315468749,2.920627594e-06,-1.609325409e-06,-1.609325409e-06,9.119510651e-06,0,2.40448e-11,2.52773e-06,0.02893518563,-0.0162037015,-0.2539304409,0.03689465806
771,3.855000,-0.2637348808,0.03161300533,2.920627594e-06,-1.609325409e-06,-1.609325409e-06,9.179115295e-06,0,2.42188e-11,2.53105e-06,0.02893518563,-0.0162037015,-0.2633956198,0.03691102073
772,3.860000,-0.2722116224,0.0314417677,2.920627594e-06,-1.609325409e-06,-1.609325409e-06,9.23871994e-06,0,2.43929e-11,2.53432e-06,0.02893518563,-0.0162037015,-0.2726305619,0.03732144491
773,3.865000,-0.2811451443,0.03149487544,2.920627594e-06,-1.609325409e-06,-1.609325409e-06,9.298324585e-06,0,2.4567e-11,2.53755e-06,0.02893518563,-0.0162037015,-0.2816259365,0.03760601667
774,3.870000,-0.2894392572,0.03145329095,2.920627594e-06,-1.609325409e-06,-1.609325409e-06,9.35792923e-06,0,2.47411e-11,2.54072e-06,0.02893518563,-0.0162037015,-0.2903729643,0.03758083024
775,3.875000,-0.2978781648,0.03142405115,2.920627594e-06,-1.609325409e-06,-1.609325409e-06,9.417533875e-06,0,2.49152e-11,2.54384e-06,0.02893518563,-0.0162037015,-0.2988634386,0.03743127921
776,3.880000,-0.306139756,0.03150782641,2.920627594e-06,-1.609325409e-06,-1.609325409e-06,9.477138519e-06,0,2.50893e-11,2.54691e-06,0.02893518563,-0.0162037015,-0.3070897443,0.03739192368
777,3.885000,-0.3142461143,0.0316628376,2.920627594e-06,-1.609325409e-06,-1.609325409e-06,9.536743164e-06,0,2.52633e-11,2.54994e-06,0.02893518563,-0.0162037015,-0.3150448759,0.03736387718
778,3.890000,-0.3218771853,0.03178499546,2.920627594e-06,-1.609325409e-06,-1.609325409e-06,9.596347809e-06,0,2.54374e-11,2.55292e-06,0.02893518563,-0.0162037015,-0.3227224529,0.0373654763
779,3.895000,-0.3289544918,0.0316415038,2.920627594e-06,-1.609325409e-06,-1.609325409e-06,9.655952454e-06,0,2.56115e-11,2.55585e-06,0.02893518563,-0.0162037015,-0.3301167345,0.03733400064
780,3.900000,-0.3356815018,0.03154978435,2.920627594e-06,-1.609325409e-06,-1.609325409e-06,9.715557098e-06,0,2.57856e-11,2.55874e-06,0.02893518563,-0.0162037015,-0.3372226318,0.03753095094
781,3.905000,-0.3420619555,0.03137733415,2.920627594e-06,-1.609325409e-06,-1.609325409e-06,9.775161743e-06,0,2.59597e-11,2.56159e-06,0.02893518563,-0.0162037015,-0.3440357187,0.03743435219
782,3.910000,-0.3480923027,0.03115909453,2.920627594e-06,-1.609325409e-06,-1.609325409e-06,9.834766388e-06,0,2.61338e-11,2.5644e-06,0.02893518563,-0.0162037015,-0.3505522406,0.03755050046
783,3.915000,-0.3546439111,0.03150015138,2.920627594e-06,-1.609325409e-06,-1.609325409e-06,9.894371033e-06,0,2.63078e-11,2.56716e-06,0.02893518563,-0.0162037015,-0.3567691216,0.03756150505
784,3.920000,-0.3601269461,0.03159592766,2.920627594e-06,-1.609325409e-06,-1.609325409e-06,9.953975677e-06,0,2.64819e-11,2.56988e-06,0.02893518563,-0.0162037015,-0.3626839694,0.03754058883
785,3.925000,-0.3659382127,0.03180304728,2.920627594e-06,-1.609325409e-06,-1.609325409e-06,1.001358032e-05,0,2.6656e-11,2.57257e-06,0.02893518563,-0.0162037015,-0.368295079,0.0374543582
786,3.930000,-0.3708916195,0.03176925331,2.920627594e-06,-1.609325409e-06,-1.609325409e-06,1.007318497e-05,0,2.68301e-11,2.57521e-06,0.02893518563,-0.0162037015,-0.3736014339,0.03702547498
787,3.935000,-0.3759602197,0.03182906844,2.920627594e-06,-1.609325409e-06,-1.609325409e-06,1.013278961e-05,0,2.70042e-11,2.57782e-06,0.02893518563,-0.0162037015,-0.3786027056,0.03701549622
788,3.940000,-0.380754631,0.03200251516,2.920627594e-06,-1.609325409e-06,-1.609325409e-06,1.019239426e-05,0,2.71783e-11,2.58039e-06,0.02893518563,-0.0162037015,-0.3832992516,0.036760921
789,3.945000,-0.3849658631,0.03205139376,2.920627594e-06,-1.609325409e-06,-1.609325409e-06,1.02519989e-05,0,2.73523e-11,2.58292e-06,0.02893518563,-0.0162037015,-0.3876921107,0.03662990286
790,3.950000,-0.388462387,0.03187453002,2.920627594e-06,-1.609325409e-06,-1.609325409e-06,1.031160355e-05,0,2.75264e-11,2.58541e-06,0.02893518563,-0.0162037015,-0.3917829976,0.03652411557
791,3.955000,-0.3922791965,0.03184970748,2.920627594e-06,-1.609325409e-06,-1.609325409e-06,1.037120819e-05,0,2.77005e-11,2.58787e-06,0.02893518563,-0.0162037015,-0.3955742944,0.03646947188
792,3.960000,-0.3955002166,0.03173397109,2.920627594e-06,-1.609325409e-06,-1.609325409e-06,1.043081284e-05,0,2.78746e-11,2.5903e-06,0.02893518563,-0.0162037015,-0.3990690412,0.03660264752
793,3.965000,-0.3990310542,0.03191067092,2.920627594e-06,-1.609325409e-06,-1.609325409e-06,1.049041748e-05,0,2.80487e-11,2.59269e-06,0.02893518563,-0.0162037015,-0.4022709248,0.03624697267
794,3.970000,-0.4011888616,0.03152135666,2.920627594e-06,-1.609325409e-06,-1.609325409e-06,1.055002213e-05,0,2.82228e-11,2.59505e-06,0.02893518563,-0.0162037015,-0.4051842653,0.03636358065
795,3.975000,-0.403852839,0.0315947691,2.920627594e-06,-1.609325409e-06,-1.609325409e-06,1.060962677e-05,0,2.83968e-11,2.59738e-06,0.02893518563,-0.0162037015,-0.4078140009,0.03641285827
796,3.980000,-0.4060553014,0.03181377705,2.920627594e-06,-1.609325409e-06,-1.609325409e-06,1.066923141e-05,0,2.85709e-11,2.59968e-06,0.02893518563,-0.0162037015,-0.410165672,0.03627971626
797,3.985000,-0.4079286456,0.03190601617,2.920627594e-06,-1.609325409e-06,-1.609325409e-06,1.072883606e-05,0,2.8745e-11,2.60194e-06,0.02893518563,-0.0162037015,-0.4122454022,0.03652336822
798,3.990000,-0.40958656,0.03197792638,2.920627594e-06,-1.609325409e-06,-1.609325409e-06,1.07884407e-05,0,2.89191e-11,2.60418e-06,0.02893518563,-0.0162037015,-0.4140598791,0.03643214161
799,3.995000,-0.4114709236,0.03220846411,2.920627594e-06,-1.609325409e-06,-1.609325409e-06,1.084804535e-05,0,2.90932e-11,2.60638e-06,0.02893518563,-0.0162037015,-0.4156163329,0.03670194733
800,4.000000,-0.4130106308,0.03248655703,2.920627594e-06,-1.609325409e-06,-1.609325409e-06,1.090764999e-05,0,2.92673e-11,2.60855e-06,0.02893518563,-0.0162037015,-0.4169225135,0.03682182513
801,4.005000,-0.4144217335,0.03258150071,2.920627594e-06,-1.609325409e-06,-1.609325409e-06,1.096725464e-05,0,2.94413e-11,2.6107e-06,0.02893518563,-0.0162037015,-0.4179866666,0.03683181485
802,4.010000,-0.4149602987,0.03242623154,2.920627594e-06,-1.609325409e-06,-1.609325409e-06,1.102685928e-05,0,2.96154e-11,2.61282e-06,0.02893518563,-0.0162037015,-0.4188175081,0.03697017485
803,4.015000,-0.4151379801,0.03239617031,2.920627594e-06,-1.609325409e-06,-1.609325409e-06,1.108646393e-05,0,2.97895e-11,2.61491e-06,0.02893518563,-0.0162037015,-0.4194241976,0.03681324472
804,4.020000,-0.4157978892,0.03253088146,2.920627594e-06,-1.609325409e-06,-1.609325409e-06,1.114606857e-05,0,2.99636e-11,2.61697e-06,0.02893518563,-0.0162037015,-0.4198163108,0.03704907679
805,4.025000,-0.4158636108,0.03262435086,2.920627594e-06,-1.609325409e-06,-1.609325409e-06,1.120567322e-05,0,3.01377e-11,2.61901e-06,0.02893518563,-0.0162037015,-0.4200038102,0.03691498931
806,4.030000,-0.4158924408,0.0326123815,2.920627594e-06,-1.609325409e-06,-1.609325409e-06,1.126527786e-05,0,3.03118e-11,2.62102e-06,0.02893518563,-0.0162037015,-0.4199970153,0.03711138015
807,4.035000,-0.4162135907,0.03282240313,2.920627594e-06,-1.609325409e-06,-1.609325409e-06,1.132488251e-05,0,3.04858e-11,2.623e-06,0.02893518563,-0.0162037015,-0.4198065721,0.03741746644
808,4.040000,-0.416076377,0.03303648811,2.920627594e-06,-1.609325409e-06,-1.609325409e-06,1.138448715e-05,0,3.06599e-11,2.62496e-06,0.02893518563,-0.0162037015,-0.4194434215,0.03708757817
809,4.045000,-0.4152526632,0.03286761418,2.920627594e-06,-1.609325409e-06,-1.609325409e-06,1.14440918e-05,0,3.0834e-11,2.62689e-06,0.02893518563,-0.0162037015,-0.4189187665,0.0369712892
810,4.050000,-0.4146523625,0.03308921773,2.920627594e-06,-1.609325409e-06,-1.609325409e-06,1.150369644e-05,0,3.10081e-11,2.6288e-06,0.02893518563,-0.0162037015,-0.4182440398,0.03660013426
811,4.055000,-0.4139628671,0.03336592857,2.920627594e-06,-1.609325409e-06,-1.609325409e-06,1.156330109e-05,0,3.11822e-11,2.63069e-06,0.02893518563,-0.0162037015,-0.4174308698,0.03670533038
812,4.060000,-0.4130976498,0.03339831252,2.920627594e-06,-1.609325409e-06,-1.609325409e-06,1.162290573e-05,0,3.13563e-11,2.63255e-06,0.02893518563,-0.0162037015,-0.416491047,0.03699343125
813,4.065000,-0.4118724875,0.03337665182,2.920627594e-06,-1.609325409e-06,-1.609325409e-06,1.168251038e-05,0,3.15303e-11,2.63439e-06,0.02893518563,-0.0162037015,-0.4154364894,0.03743918831
814,4.070000,-0.41082092,0.0335782757,2.920627594e-06,-1.609325409e-06,-1.609325409e-06,1.174211502e-05,0,3.17044e-11,2.6362e-06,0.02893518563,-0.0162037015,-0.4142792084,0.03761503226
815,4.075000,-0.409589272,0.0335773509,2.920627594e-06,-1.609325409e-06,-1.609325409e-06,1.180171967e-05,0,3.18785e-11,2.638e-06,0.02893518563,-0.0162037015,-0.4130312735,0.03736984796
816,4.080000,-0.4087094255,0.03377591725,2.920627594e-06,-1.609325409e-06,-1.609325409e-06,1.186132431e-05,0,3.20526e-11,2.63977e-06,0.02893518563,-0.0162037015,-0.4117047777,0.03744851702
817,4.085000,-0.4069063291,0.03361060936,2.920627594e-06,-1.609325409e-06,-1.609325409e-06,1.192092896e-05,0,3.22267e-11,2.64152e-06,0.02893518563,-0.0162037015,-0.4103118033,0.03758826757
818,4.090000,-0.4052449912,0.03373813163,2.920627594e-06,-1.609325409e-06,-1.609325409e-06,1.19805336e-05,0,3.24007e-11,2.64325e-06,0.02893518563,-0.0162037015,-0.4088643863,0.03761293312
819,4.095000,-0.4039233848,0.03373953421,2.920627594e-06,-1.609325409e-06,-1.609325409e-06,1.204013824e-05,0,3.25748e-11,2.64496e-06,0.02893518563,-0.0162037015,-0.4073744831,0.03761896463
820,4.100000,-0.4022807553,0.03380789794,2.920627594e-06,-1.609325409e-06,-1.609325409e-06,1.209974289e-05,0,3.27489e-11,2.64665e-06,0.02893518563,-0.0162037015,-0.4058539359,0.0375650169
821,4.105000,-0.4010280967,0.033853353,2.920627594e-06,-1.609325409e-06,-1.609325409e-06,1.215934753e-05,0,3.2923e-11,2.64832e-06,0.02893518563,-0.0162037015,-0.404314439,0.03748933761
822,4.110000,-0.3996399529,0.03380208369,2.920627594e-06,-1.609325409e-06,-1.609325409e-06,1.221895218e-05,0,3.30971e-11,2.64997e-06,0.02893518563,-0.0162037015,-0.4027675065,0.0374805157
823,4.115000,-0.3983977921,0.0338478256,2.920627594e-06,-1.609325409e-06,-1.609325409e-06,1.227855682e-05,0,3.32712e-11,2.6516e-06,0.02893518563,-0.0162037015,-0.4012244389,0.03756525164
824,4.120000,-0.3967621699,0.03393866867,2.920627594e-06,-1.609325409e-06,-1.609325409e-06,1.233816147e-05,0,3.34452e-11,2.65321e-06,0.02893518563,-0.0162037015,-0.3996962923,0.03764977595
825,4.125000,-0.395891197,0.0340924263,2.920627594e-06,-1.609325409e-06,-1.609325409e-06,1.239776611e-05,0,3.36193e-11,2.6548e-06,0.02893518563,-0.0162037015,-0.3981938469,0.0375160357
826,4.130000,-0.3942137957,0.03413005639,2.920627594e-06,-1.609325409e-06,-1.609325409e-06,1.245737076e-05,0,3.37934e-11,2.65638e-06,0.02893518563,-0.0162037015,-0.3967275772,0.03783132064
827,4.135000,-0.3928078674,0.03407646064,2.920627594e-06,-1.609325409e-06,-1.609325409e-06,1.25169754e-05,0,3.39675e-11,2.65793e-06,0.02893518563,-0.0162037015,-0.3953076233,0.03785006577
828,4.140000,-0.3918100484,0.03407570068,2.920627594e-06,-1.609325409e-06,-1.609325409e-06,1.257658005e-05,0,3.41416e-11,2.65947e-06,0.02893518563,-0.0162037015,-0.3939437623,0.03769411847
829,4.145000,-0.3911561742,0.03434700705,2.920627594e-06,-1.609325409e-06,-1.609325409e-06,1.263618469e-05,0,3.43157e-11,2.66099e-06,0.02893518563,-0.0162037015,-0.392645382,0.03768570847
830,4.150000,-0.3905273937,0.03441393934,2.920627594e-06,-1.609325409e-06,-1.609325409e-06,1.269578934e-05,0,3.44897e-11,2.66249e-06,0.02893518563,-0.0162037015,-0.391421455,0.03763218961
831,4.155000,-0.3894087188,0.03434733301,2.920627594e-06,-1.609325409e-06,-1.609325409e-06,1.275539398e-05,0,3.46638e-11,2.66398e-06,0.02893518563,-0.0162037015,-0.3902805148,0.038103926
832,4.160000,-0.3884657919,0.03431679681,2.920627594e-06,-1.609325409e-06,-1.609325409e-06,1.281499863e-05,0,3.48379e-11,2.66545e-06,0.02893518563,-0.0162037015,-0.3892306322,0.03784614982
833,4.165000,-0.38786605,0.03433972597,2.920627594e-06,-1.609325409e-06,-1.609325409e-06,1.287460327e-05,0,3.5012e-11,2.6669e-06,0.02893518563,-0.0162037015,-0.3882793943,0.03792905103
834,4.170000,-0.3868236206,0.03411712032,2.920627594e-06,-1.609325409e-06,-1.609325409e-06,1.293420792e-05,0,3.51861e-11,2.66834e-06,0.02893518563,-0.0162037015,-0.3874338842,0.03791259705
835,4.175000,-0.3856509812,0.03404674307,2.920627594e-06,-1.609325409e-06,-1.609325409e-06,1.299381256e-05,0,3.53602e-11,2.66976e-06,0.02893518563,-0.0162037015,-0.3867006627,0.03765052933
836,4.180000,-0.3853152171,0.03421792854,2.920627594e-06,-1.609325409e-06,-1.609325409e-06,1.305341721e-05,0,3.55342e-11,2.67117e-06,0.02893518563,-0.0162037015,-0.3860857508,0.03752504314
837,4.185000,-0.3853069507,0.03434229922,2.920627594e-06,-1.609325409e-06,-1.609325409e-06,1.311302185e-05,0,3.57083e-11,2.67256e-06,0.02893518563,-0.0162037015,-0.3855946152,0.03761898313
838,4.190000,-0.3848391846,0.03404686134,2.920627594e-06,-1.609325409e-06,-1.609325409e-06,1.31726265e-05,0,3.58824e-11,2.67394e-06,0.02893518563,-0.0162037015,-0.385232154,0.0375866684
839,4.195000,-0.3838836066,0.03372137435,2.920627594e-06,-1.609325409e-06,-1.609325409e-06,1.323223114e-05,0,3.60565e-11,2.6753e-06,0.02893518563,-0.0162037015,-0.3850026851,0.03750434455
840,4.200000,-0.3831126317,0.03345828876,2.920627594e-06,-1.609325409e-06,-1.609325409e-06,1.329183578e-05,0,3.62306e-11,2.67664e-06,0.02893518563,-0.0162037015,-0.384909936,0.0376285441
841,4.205000,-0.3830028512,0.03364643827,2.920627594e-06,-1.609325409e-06,-1.609325409e-06,1.335144043e-05,0,3.64047e-11,2.67798e-06,0.02893518563,-0.0162037015,-0.3849570353,0.03766309352
842,4.210000,-0.3829330243,0.03354668524,2.920627594e-06,-1.609325409e-06,-1.609325409e-06,1.341104507e-05,0,3.65787e-11,2.67929e-06,0.02893518563,-0.0162037015,-0.3851465064,0.03794908819
843,4.215000,-0.383289963,0.03351049125,2.920627594e-06,-1.609325409e-06,-1.609325409e-06,1.347064972e-05,0,3.67528e-11,2.6806e-06,0.02893518563,-0.0162037015,-0.3854802623,0.03831832975
844,4.220000,-0.3844628893,0.03376921453,2.920627594e-06,-1.609325409e-06,-1.609325409e-06,1.353025436e-05,0,3.69269e-11,2.68189e-06,0.02893518563,-0.0162037015,-0.3859596028,0.03825544433
845,4.225000,-0.3852004968,0.03390594758,2.920627594e-06,-1.609325409e-06,-1.609325409e-06,1.358985901e-05,0,3.7101e-11,2.68317e-06,0.02893518563,-0.0162037015,-0.3865852136,0.03813390551
846,4.230000,-0.3858290464,0.03393073659,2.920627594e-06,-1.609325409e-06,-1.609325409e-06,1.364946365e-05,0,3.72751e-11,2.68443e-06,0.02893518563,-0.0162037015,-0.3873571666,0.03817755061
847,4.235000,-0.3867731467,0.03393520135,2.920627594e-06,-1.609325409e-06,-1.609325409e-06,1.37090683e-05,0,3.74492e-11,2.68568e-06,0.02893518563,-0.0162037015,-0.3882749228,0.03798773278
848,4.240000,-0.3874207959,0.03379748855,2.920627594e-06,-1.609325409e-06,-1.609325409e-06,1.376867294e-05,0,3.76232e-11,2.68692e-06,0.02893518563,-0.0162037015,-0.3893373365,0.03802896711
849,4.245000,-0.3892477825,0.0340285534,2.920627594e-06,-1.609325409e-06,-1.609325409e-06,1.382827759e-05,0,3.77973e-11,2.68814e-06,0.02893518563,-0.0162037015,-0.3905426614,0.03815768049
850,4.250000,-0.3902276978,0.03392308298,2.920627594e-06,-1.609325409e-06,-1.609325409e-06,1.388788223e-05,0,3.79714e-11,2.68935e-06,0.02893518563,-0.0162037015,-0.3918885585,0.03795676414
851,4.255000,-0.3917664811,0.03390297107,2.920627594e-06,-1.609325409e-06,-1.609325409e-06,1.394748688e-05,0,3.81455e-11,2.69055e-06,0.02893518563,-0.0162037015,-0.393372106,0.03786310954
852,4.260000,-0.3929840475,0.03374740016,2.920627594e-06,-1.609325409e-06,-1.609325409e-06,1.400709152e-05,0,3.83196e-11,2.69174e-06,0.02893518563,-0.0162037015,-0.3949898108,0.03772914092
853,4.265000,-0.3949126042,0.03389183246,2.920627594e-06,-1.609325409e-06,-1.609325409e-06,1.406669617e-05,0,3.84937e-11,2.69292e-06,0.02893518563,-0.0162037015,-0.396737621,0.03770037967
854,4.270000,-0.3975880332,0.03416581079,2.920627594e-06,-1.609325409e-06,-1.609325409e-06,1.412630081e-05,0,3.86677e-11,2.69408e-06,0.02893518563,-0.0162037015,-0.3986109417,0.03718250074
855,4.275000,-0.3998303153,0.03434286267,2.920627594e-06,-1.609325409e-06,-1.609325409e-06,1.418590546e-05,0,3.88418e-11,2.69523e-06,0.02893518563,-0.0162037015,-0.4006046505,0.03744114992
856,4.280000,-0.4017959684,0.0344148865,2.920627594e-06,-1.609325409e-06,-1.609325409e-06,1.42455101e-05,0,3.90159e-11,2.69637e-06,0.02893518563,-0.0162037015,-0.4027131159,0.03746098075
857,4.285000,-0.4038694315,0.03430340439,2.920627594e-06,-1.609325409e-06,-1.609325409e-06,1.430511475e-05,0,3.919e-11,2.6975e-06,0.02893518563,-0.0162037015,-0.4049302167,0.03739117529
858,4.290000,-0.4062620029,0.03431129642,2.920627594e-06,-1.609325409e-06,-1.609325409e-06,1.436471939e-05,0,3.93641e-11,2.69862e-06,0.02893518563,-0.0162037015,-0.4072493629,0.03751904971
859,4.295000,-0.4092269689,0.03427909035,2.920627594e-06,-1.609325409e-06,-1.609325409e-06,1.442432404e-05,0,3.95382e-11,2.69973e-06,0.02893518563,-0.0162037015,-0.409663518,0.03770393258
860,4.300000,-0.4120668918,0.03445214964,2.920627594e-06,-1.609325409e-06,-1.609325409e-06,1.448392868e-05,0,3.97122e-11,2.70083e-06,0.02893518563,-0.0162037015,-0.4121652227,0.03763916786
861,4.305000,-0.4147152826,0.03446731623,2.920627594e-06,-1.609325409e-06,-1.609325409e-06,1.454353333e-05,0,3.98863e-11,2.70191e-06,0.02893518563,-0.0162037015,-0.4147466198,0.03792465068
862,4.310000,-0.4176013917,0.03470241278,2.920627594e-06,-1.609325409e-06,-1.609325409e-06,1.460313797e-05,0,4.00604e-11,2.70299e-06,0.02893518563,-0.0162037015,-0.4173994801,0.03774295186
863,4.315000,-0.4199823067,0.03451029956,2.920627594e-06,-1.609325409e-06,-1.609325409e-06,1.466274261e-05,0,4.02345e-11,2.70405e-06,0.02893518563,-0.0162037015,-0.4201152296,0.03779665387
864,4.320000,-0.4224740714,0.0344287483,2.920627594e-06,-1.609325409e-06,-1.609325409e-06,1.472234726e-05,0,4.04086e-11,2.70511e-06,0.02893518563,-0.0162037015,-0.4228849782,0.03783406585
865,4.325000,-0.4252703115,0.03428993467,2.920627594e-06,-1.609325409e-06,-1.609325409e-06,1.47819519e-05,0,4.05826e-11,2.70615e-06,0.02893518563,-0.0162037015,-0.425699548,0.03771042673
866,4.330000,-0.4279250987,0.03404665273,2.920627594e-06,-1.609325409e-06,-1.609325409e-06,1.484155655e-05,0,4.07567e-11,2.70719e-06,0.02893518563,-0.0162037015,-0.4285495039,0.0381862771
867,4.335000,-0.4303540662,0.03385000583,2.920627594e-06,-1.609325409e-06,-1.609325409e-06,1.490116119e-05,0,4.09308e-11,2.70822e-06,0.02893518563,-0.0162037015,-0.4314251842,0.03827560079
868,4.340000,-0.4328740686,0.03364875168,2.920627594e-06,-1.609325409e-06,-1.609325409e-06,1.496076584e-05,0,4.11049e-11,2.70923e-06,0.02893518563,-0.0162037015,-0.434316732,0.03787115071
869,4.345000,-0.4362147115,0.03385010641,2.920627594e-06,-1.609325409e-06,-1.609325409e-06,1.502037048e-05,0,4.1279e-11,2.71024e-06,0.02893518563,-0.0162037015,-0.4372141271,0.03780691657
870,4.350000,-0.4393965229,0.03390346561,2.920627594e-06,-1.609325409e-06,-1.609325409e-06,1.507997513e-05,0,4.14531e-11,2.71123e-06,0.02893518563,-0.0162037015,-0.440107219,0.03817013876
871,4.355000,-0.442225121,0.03395111393,2.920627594e-06,-1.609325409e-06,-1.609325409e-06,1.513957977e-05,0,4.16271e-11,2.71222e-06,0.02893518563,-0.0162037015,-0.4429857589,0.03811222234
872,4.360000,-0.4451884702,0.03397198487,2.920627594e-06,-1.609325409e-06,-1.609325409e-06,1.519918442e-05,0,4.18012e-11,2.7132e-06,0.02893518563,-0.0162037015,-0.4458394341,0.03812498228
873,4.365000,-0.4484610036,0.0340799056,2.920627594e-06,-1.609325409e-06,-1.609325409e-06,1.525878906e-05,0,4.19753e-11,2.71417e-06,0.02893518563,-0.0162037015,-0.4486579002,0.03806109751
874,4.370000,-0.4507656693,0.03377300408,2.920627594e-06,-1.609325409e-06,-1.609325409e-06,1.531839371e-05,0,4.21494e-11,2.71513e-06,0.02893518563,-0.0162037015,-0.4514308154,0.03796903407
875,4.375000,-0.4537967779,0.03379429784,2.920627594e-06,-1.609325409e-06,-1.609325409e-06,1.537799835e-05,0,4.23235e-11,2.71608e-06,0.02893518563,-0.0162037015,-0.4541478739,0.03783347396
876,4.380000,-0.4555791095,0.03360155784,2.920627594e-06,-1.609325409e-06,-1.609325409e-06,1.5437603e-05,0,4.24976e-11,2.71703e-06,0.02893518563,-0.0162037015,-0.4567988389,0.03824920279
877,4.385000,-0.4574919343,0.03351286799,2.920627594e-06,-1.609325409e-06,-1.609325409e-06,1.549720764e-05,0,4.26716e-11,2.71796e-06,0.02893518563,-0.0162037015,-0.4593735765,0.03820294482
878,4.390000,-0.4604471698,0.03360773344,2.920627594e-06,-1.609325409e-06,-1.609325409e-06,1.555681229e-05,0,4.28457e-11,2.71889e-06,0.02893518563,-0.0162037015,-0.4618620878,0.038244997
879,4.395000,-0.4627177231,0.03375753015,2.920627594e-06,-1.609325409e-06,-1.609325409e-06,1.561641693e-05,0,4.30198e-11,2.71981e-06,0.02893518563,-0.0162037015,-0.4642545424,0.03822635988
880,4.400000,-0.4647078104,0.03372212499,2.920627594e-06,-1.609325409e-06,-1.609325409e-06,1.567602158e-05,0,4.31939e-11,2.72072e-06,0.02893518563,-0.0162037015,-0.4665413097,0.03883919763
881,4.405000,-0.4668178149,0.03395808581,2.920627594e-06,-1.609325409e-06,-1.609325409e-06,1.573562622e-05,0,4.3368e-11,2.72162e-06,0.02893518563,-0.0162037015,-0.4687129907,0.03900130747
882,4.410000,-0.4686726071,0.03379204031,2.920627594e-06,-1.609325409e-06,-1.609325409e-06,1.579523087e-05,0,4.35421e-11,2.72251e-06,0.02893518563,-0.0162037015,-0.4707604489,0.03915258911
883,4.415000,-0.4700752459,0.03349072207,2.920627594e-06,-1.609325409e-06,-1.609325409e-06,1.585483551e-05,0,4.37161e-11,2.7234e-06,0.02893518563,-0.0162037015,-0.4726748403,0.03887562883
884,4.420000,-0.4720187411,0.03372826334,2.920627594e-06,-1.609325409e-06,-1.609325409e-06,1.591444016e-05,0,4.38902e-11,2.72427e-06,0.02893518563,-0.0162037015,-0.4744476425,0.03882811308
885,4.425000,-0.4740193635,0.03387701511,2.920627594e-06,-1.609325409e-06,-1.609325409e-06,1.59740448e-05,0,4.40643e-11,2.72515e-06,0.02893518563,-0.0162037015,-0.4760706834,0.03863329301
886,4.430000,-0.4757744856,0.03404856566,2.920627594e-06,-1.609325409e-06,-1.609325409e-06,1.603364944e-05,0,4.42384e-11,2.72601e-06,0.02893518563,-0.0162037015,-0.4775361679,0.03886339384
887,4.435000,-0.4768403918,0.0338385189,2.920627594e-06,-1.609325409e-06,-1.609325409e-06,1.609325409e-05,0,4.44125e-11,2.72686e-06,0.02893518563,-0.0162037015,-0.4788367045,0.03866418962
888,4.440000,-0.4783089012,0.03390846401,2.920627594e-06,-1.609325409e-06,-1.609325409e-06,1.615285873e-05,0,4.45866e-11,2.72771e-06,0.02893518563,-0.0162037015,-0.4799653302,0.0388847326
889,4.445000,-0.4792132899,0.03411017638,2.920627594e-06,-1.609325409e-06,-1.609325409e-06,1.621246338e-05,0,4.47606e-11,2.72855e-06,0.02893518563,-0.0162037015,-0.4809155344,0.0386707508
890,4.450000,-0.4793061987,0.03385469783,2.920627594e-06,-1.609325409e-06,-1.609325409e-06,1.627206802e-05,0,4.49347e-11,2.72939e-06,0.02893518563,-0.0162037015,-0.4816812808,0.03839834591
891,4.455000,-0.4795245565,0.03382482845,2.920627594e-06,-1.609325409e-06,-1.609325409e-06,1.633167267e-05,0,4.51088e-11,2.73021e-06,0.02893518563,-0.0162037015,-0.4822570294,0.03862910136
892,4.460000,-0.4796905108,0.03388432786,2.920627594e-06,-1.609325409e-06,-1.609325409e-06,1.639127731e-05,0,4.52829e-11,2.73103e-06,0.02893518563,-0.0162037015,-0.4826377553,0.03852878397
893,4.465000,-0.4807977118,0.03431807272,2.920627594e-06,-1.609325409e-06,-1.609325409e-06,1.645088196e-05,0,4.5457e-11,2.73184e-06,0.02893518563,-0.0162037015,-0.4828189671,0.03828516112
894,4.470000,-0.480811324,0.03427587263,2.920627594e-06,-1.609325409e-06,-1.609325409e-06,1.65104866e-05,0,4.56311e-11,2.73265e-06,0.02893518563,-0.0162037015,-0.4827967236,0.03800426157
895,4.475000,-0.4809265062,0.03469799645,2.920627594e-06,-1.609325409e-06,-1.609325409e-06,1.657009125e-05,0,4.58051e-11,2.73345e-06,0.02893518563,-0.0162037015,-0.4825676484,0.03786389793
896,4.480000,-0.4807592295,0.03485390265,2.920627594e-06,-1.609325409e-06,-1.609325409e-06,1.662969589e-05,0,4.59792e-11,2.73424e-06,0.02893518563,-0.0162037015,-0.4821289438,0.03777463762
897,4.485000,-0.4799350835,0.03479066305,2.920627594e-06,-1.609325409e-06,-1.609325409e-06,1.668930054e-05,0,4.61533e-11,2.73503e-06,0.02893518563,-0.0162037015,-0.4814784016,0.037832944
898,4.490000,-0.4786915183,0.03461593669,2.920627594e-06,-1.609325409e-06,-1.609325409e-06,1.674890518e-05,0,4.63274e-11,2.73581e-06,0.02893518563,-0.0162037015,-0.4806144136,0.03753479304
899,4.495000,-0.4779731408,0.03474272322,2.920627594e-06,-1.609325409e-06,-1.609325409e-06,1.680850983e-05,0,4.65015e-11,2.73658e-06,0.02893518563,-0.0162037015,-0.4795359796,0.03772775511
900,4.500000,-0.4760648943,0.03449807037,2.920627594e-06,-1.609325409e-06,-1.609325409e-06,1.686811447e-05,0,4.66756e-11,2.73734e-06,0.02893518563,-0.0162037015,-0.4782427133,0.03777876905
901,4.505000,-0.474584993,0.03480412811,2.920627594e-06,-1.609325409e-06,-1.609325409e-06,1.692771912e-05,0,4.68496e-11,2.7381e-06,0.02893518563,-0.0162037015,-0.4767348477,0.03778730705
902,4.510000,-0.473247245,0.03514933586,2.920627594e-06,-1.609325409e-06,-1.609325409e-06,1.698732376e-05,0,4.70237e-11,2.73886e-06,0.02893518563,-0.0162037015,-0.4750132367,0.0379755992
903,4.515000,-0.4711582921,0.03503179923,2.920627594e-06,-1.609325409e-06,-1.609325409e-06,1.704692841e-05,0,4.71978e-11,2.73961e-06,0.02893518563,-0.0162037015,-0.473079357,0.03813289333
904,4.520000,-0.4686123356,0.0350413546,2.920627594e-06,-1.609325409e-06,-1.609325409e-06,1.710653305e-05,0,4.73719e-11,2.74035e-06,0.02893518563,-0.0162037015,-0.4709353066,0.03809396906
905,4.525000,-0.4665969573,0.0350191351,2.920627594e-06,-1.609325409e-06,-1.609325409e-06,1.71661377e-05,0,4.7546e-11,2.74108e-06,0.02893518563,-0.0162037015,-0.4685838019,0.03837779756
906,4.530000,-0.4635906443,0.03486807086,2.920627594e-06,-1.609325409e-06,-1.609325409e-06,1.722574234e-05,0,4.77201e-11,2.74181e-06,0.02893518563,-0.0162037015,-0.4660281736,0.03855802124
907,4.535000,-0.4612707496,0.03507071361,2.920627594e-06,-1.609325409e-06,-1.609325409e-06,1.728534698e-05,0,4.78941e-11,2.74254e-06,0.02893518563,-0.0162037015,-0.4632723598,0.03823461634
908,4.540000,-0.458275374,0.03509953711,2.920627594e-06,-1.609325409e-06,-1.609325409e-06,1.734495163e-05,0,4.80682e-11,2.74326e-06,0.02893518563,-0.0162037015,-0.4603208981,0.03860379176
909,4.545000,-0.4552548677,0.03518593311,2.920627594e-06,-1.609325409e-06,-1.609325409e-06,1.740455627e-05,0,4.82423e-11,2.74397e-06,0.02893518563,-0.0162037015,-0.4571789153,0.03852343746
910,4.550000,-0.4517247826,0.03509732429,2.920627594e-06,-1.609325409e-06,-1.609325409e-06,1.746416092e-05,0,4.84164e-11,2.74468e-06,0.02893518563,-0.0162037015,-0.4538521159,0.03876801014
911,4.555000,-0.4482804053,0.0352351889,2.920627594e-06,-1.609325409e-06,-1.609325409e-06,1.752376556e-05,0,4.85905e-11,2.74538e-06,0.02893518563,-0.0162037015,-0.4503467686,0.03877572666
912,4.560000,-0.4446605518,0.03505098354,2.920627594e-06,-1.609325409e-06,-1.609325409e-06,1.758337021e-05,0,4.87645e-11,2.74607e-06,0.02893518563,-0.0162037015,-0.4466696909,0.0388645292
913,4.565000,-0.4412283078,0.03523681406,2.920627594e-06,-1.609325409e-06,-1.609325409e-06,1.764297485e-05,0,4.89386e-11,2.74676e-06,0.02893518563,-0.0162037015,-0.4428282325,0.03879479965
914,4.570000,-0.4371266291,0.03511275724,2.920627594e-06,-1.609325409e-06,-1.609325409e-06,1.77025795e-05,0,4.91127e-11,2.74745e-06,0.02893518563,-0.0162037015,-0.4388302571,0.03901916461
915,4.575000,-0.4325017668,0.03482644539,2.920627594e-06,-1.609325409e-06,-1.609325409e-06,1.776218414e-05,0,4.92868e-11,2.74813e-06,0.02893518563,-0.0162037015,-0.4346841221,0.03902475924
916,4.580000,-0.4286619574,0.03500140086,2.920627594e-06,-1.609325409e-06,-1.609325409e-06,1.782178879e-05,0,4.94609e-11,2.7488e-06,0.02893518563,-0.0162037015,-0.4303986573,0.0388008536
917,4.585000,-0.4244447723,0.0350549696,2.920627594e-06,-1.609325409e-06,-1.609325409e-06,1.788139343e-05,0,4.9635e-11,2.74947e-06,0.02893518563,-0.0162037015,-0.4259831423,0.03883015615
918,4.590000,-0.4202801287,0.03517910559,2.920627594e-06,-1.609325409e-06,-1.609325409e-06,1.794099808e-05,0,4.9809e-11,2.75014e-06,0.02893518563,-0.0162037015,-0.4214472818,0.0387682126
919,4.595000,-0.4153968468,0.03526085895,2.920627594e-06,-1.668930054e-06,-1.668930054e-06,1.800060272e-05,0,4.97877e-11,2.73813e-06,0.02893518563,-0.01678240299,-0.4168011808,0.03880009287
920,4.600000,-0.4103835933,0.03519723658,2.920627594e-06,-1.728534698e-06,-1.728534698e-06,1.800060272e-05,0,4.95852e-11,2.72503e-06,0.02893518563,-0.01736110449,-0.4120553172,0.03847337921
921,4.605000,-0.4060043767,0.03565503564,2.920627594e-06,-1.788139343e-06,-1.788139343e-06,1.800060272e-05,0,4.93756e-11,2.7115e-06,0.02893518563,-0.01793982089,-0.4072205142,0.0385506805
922,4.610000,-0.4008100666,0.03533600923,2.920627594e-06,-1.847743988e-06,-1.847743988e-06,1.800060272e-05,0,4.91589e-11,2.69752e-06,0.02893518563,-0.01851852238,-0.4023079115,0.0388349384
923,4.615000,-0.3959427923,0.03530006483,2.920627594e-06,-1.907348633e-06,-1.907348633e-06,1.800060272e-05,0,4.89351e-11,2.68312e-06,0.02893518563,-0.01909722388,-0.397328935,0.03886471466
924,4.620000,-0.3910561725,0.0354391532,2.920627594e-06,-1.966953278e-06,-1.966953278e-06,1.800060272e-05,0,4.87042e-11,2.66829e-06,0.02893518563,-0.01967592537,-0.3922952663,0.03907702088
925,4.625000,-0.3858405687,0.0354094943,2.920627594e-06,-2.026557922e-06,-2.026557922e-06,1.800060272e-05,0,4.84661e-11,2.65303e-06,0.02893518563,-0.02025462687,-0.387218811,0.03877500292
926,4.630000,-0.3803250156,0.03531226516,2.920627594e-06,-2.086162567e-06,-2.086162567e-06,1.800060272e-05,0,4.8221e-11,2.63735e-06,0.02893518563,-0.02083332837,-0.3821116662,0.0387009803
927,4.635000,-0.3757963441,0.035832447,2.920627594e-06,-2.145767212e-06,-2.145767212e-06,1.800060272e-05,0,4.79687e-11,2.62124e-06,0.02893518563,-0.02141202986,-0.3769860875,0.03852378239
928,4.640000,-0.3707176968,0.03587498795,2.920627594e-06,-2.205371857e-06,-2.205371857e-06,1.800060272e-05,0,4.77094e-11,2.60472e-06,0.02893518563,-0.02199074626,-0.3718544553,0.03855228559
929,4.645000,-0.3655576408,0.03560830839,2.920627594e-06,-2.264976501e-06,-2.264976501e-06,1.800060272e-05,0,4.74429e-11,2.58778e-06,0.02893518563,-0.02256944776,-0.3667292413,0.03842067486
930,4.650000,-0.3605875,0.03561610635,2.920627594e-06,-2.324581146e-06,-2.324581146e-06,1.800060272e-05,0,4.71694e-11,2.57043e-06,0.02893518563,-0.02314814925,-0.3616229734,0.03853345348
931,4.655000,-0.3554490395,0.03564133961,2.920627594e-06,-2.384185791e-06,-2.384185791e-06,1.800060272e-05,0,4.68887e-11,2.55266e-06,0.02893518563,-0.02372685075,-0.3565482018,0.03848761756
932,4.660000,-0.350650847,0.03573598992,2.920627594e-06,-2.443790436e-06,-2.443790436e-06,1.800060272e-05,0,4.66009e-11,2.53449e-06,0.02893518563,-0.02430555224,-0.3515174638,0.03834526618
933,4.665000,-0.3460974917,0.03572003823,2.920627594e-06,-2.503395081e-06,-2.503395081e-06,1.800060272e-05,0,4.63061e-11,2.51591e-06,0.02893518563,-0.02488425374,-0.3465432489,0.03852246887
934,4.670000,-0.3411209881,0.03556534648,2.920627594e-06,-2.562999725e-06,-2.562999725e-06,1.800060272e-05,0,4.60041e-11,2.49692e-06,0.02893518563,-0.02546297014,-0.3416379647,0.03860878218
935,4.675000,-0.3365343213,0.03562991973,2.920627594e-06,-2.62260437e-06,-2.62260437e-06,1.800060272e-05,0,4.5695e-11,2.47754e-06,0.02893518563,-0.02604167163,-0.3368139012,0.03853747234
936,4.680000,-0.3310774453,0.03556845337,2.920627594e-06,-2.682209015e-06,-2.682209015e-06,1.800060272e-05,0,4.53788e-11,2.45776e-06,0.02893518563,-0.02662037313,-0.3320831973,0.03837989887
937,4.685000,-0.3260744549,0.03524031676,2.920627594e-06,-2.74181366e-06,-2.74181366e-06,1.800060272e-05,0,4.50555e-11,2.43759e-06,0.02893518563,-0.02719907463,-0.3274578064,0.03815868409
938,4.690000,-0.3217697106,0.0356423175,2.920627594e-06,-2.801418304e-06,-2.801418304e-06,1.800060272e-05,0,4.47251e-11,2.41702e-06,0.02893518563,-0.02777777612,-0.3229494627,0.03844434424
939,4.695000,-0.3173297793,0.03552921675,2.920627594e-06,-2.861022949e-06,-2.861022949e-06,1.800060272e-05,0,4.43876e-11,2.39607e-06,0.02893518563,-0.02835647762,-0.3185696483,0.03852531238
940,4.700000,-0.314021308,0.03618731722,2.920627594e-06,-2.920627594e-06,-2.920627594e-06,1.800060272e-05,0,4.4043e-11,2.37473e-06,0.02893518563,-0.02893517911,-0.3143295606,0.03849448071
941,4.705000,-0.3102869056,0.03612566646,2.920627594e-06,-2.980232239e-06,-2.980232239e-06,1.788139343e-05,0,4.33431e-11,2.34881e-06,0.02893518563,-0.02951389551,-0.3102400805,0.03876530524
942,4.710000,-0.3064743057,0.03628414217,2.920627594e-06,-2.980232239e-06,-2.980232239e-06,1.776218414e-05,0,4.29949e-11,2.34455e-06,0.02893518563,-0.02951389551,-0.3063117417,0.03899442806
943,4.715000,-0.3027739413,0.03630441241,2.920627594e-06,-2.980232239e-06,-2.980232239e-06,1.764297485e-05,0,4.26468e-11,2.34022e-06,0.02893518563,-0.02951389551,-0.3025547005,0.03889137094
944,4.720000,-0.2994911447,0.03612950724,2.920627594e-06,-2.980232239e-06,-2.980232239e-06,1.752376556e-05,0,4.22986e-11,2.33584e-06,0.02893518563,-0.02951389551,-0.2989787067,0.03877470254
945,4.725000,-0.2962364741,0.03600433655,2.920627594e-06,-2.980232239e-06,-2.980232239e-06,1.740455627e-05,0,4.19504e-11,2.33138e-06,0.02893518563,-0.02951389551,-0.2955930759,0.03893183642
946,4.730000,-0.2929710336,0.03576187789,2.920627594e-06,-2.980232239e-06,-2.980232239e-06,1.728534698e-05,0,4.16023e-11,2.32687e-06,0.02893518563,-0.02951389551,-0.2924066621,0.03877345715
947,4.735000,-0.2900173627,0.0355035346,2.920627594e-06,-2.980232239e-06,-2.980232239e-06,1.71661377e-05,0,4.12541e-11,2.32228e-06,0.02893518563,-0.02951389551,-0.2894278328,0.03886969094
948,4.740000,-0.2871808782,0.03543804865,2.920627594e-06,-2.980232239e-06,-2.980232239e-06,1.704692841e-05,0,4.09059e-11,2.31763e-06,0.02893518563,-0.02951389551,-0.2866644442,0.03843541409
949,4.745000,-0.2847923525,0.03534860909,2.920627594e-06,-2.980232239e-06,-2.980232239e-06,1.692771912e-05,0,4.05578e-11,2.3129e-06,0.02893518563,-0.02951389551,-0.2841238184,0.03835391483
950,4.750000,-0.2826380208,0.03501819447,2.920627594e-06,-2.980232239e-06,-2.980232239e-06,1.680850983e-05,0,4.02096e-11,2.30811e-06,0.02893518563,-0.02951389551,-0.2818127221,0.03814043032
951,4.755000,-0.280612316,0.03474564292,2.920627594e-06,-2.980232239e-06,-2.980232239e-06,1.668930054e-05,0,3.98614e-11,2.30324e-06,0.02893518563,-0.02951389551,-0.279737346,0.03816390317
952,4.760000,-0.2785712369,0.03465084359,2.920627594e-06,-2.980232239e-06,-2.980232239e-06,1.657009125e-05,0,3.95133e-11,2.2983e-06,0.02893518563,-0.02951389551,-0.2779032871,0.03783941011
953,4.765000,-0.2766448893,0.03443376161,2.920627594e-06,-2.980232239e-06,-2.980232239e-06,1.645088196e-05,0,3.91651e-11,2.29328e-06,0.02893518563,-0.02951389551,-0.2763155315,0.03813256515
954,4.770000,-0.2751592398,0.03435224853,2.920627594e-06,-2.980232239e-06,-2.980232239e-06,1.633167267e-05,0,3.88169e-11,2.28818e-06,0.02893518563,-0.02951389551,-0.2749784391,0.03826782744
955,4.775000,-0.2743003145,0.03426507674,2.920627594e-06,-2.980232239e-06,-2.980232239e-06,1.621246338e-05,0,3.84688e-11,2.283e-06,0.02893518563,-0.02951389551,-0.2738957303,0.03819164904
956,4.780000,-0.2740005329,0.03428412788,2.920627594e-06,-2.980232239e-06,-2.980232239e-06,1.609325409e-05,0,3.81206e-11,2.27774e-06,0.02893518563,-0.02951389551,-0.2730704743,0.03837882304
957,4.785000,-0.2738012969,0.0344660813,2.920627594e-06,-2.980232239e-06,-2.980232239e-06,1.59740448e-05,0,3.77725e-11,2.2724e-06,0.02893518563,-0.02951389551,-0.272505079,0.03837170998
958,4.790000,-0.2738677077,0.03478069417,2.920627594e-06,-2.980232239e-06,-2.980232239e-06,1.585483551e-05,0,3.74243e-11,2.26697e-06,0.02893518563,-0.02951389551,-0.272201283,0.03840383128
959,4.795000,-0.2739725858,0.03470437601,2.920627594e-06,-2.980232239e-06,-2.980232239e-06,1.573562622e-05,0,3.70761e-11,2.26146e-06,0.02893518563,-0.02951389551,-0.2721601492,0.03830872967
960,4.800000,-0.2737603448,0.03445957694,2.920627594e-06,-2.980232239e-06,-2.980232239e-06,1.561641693e-05,0,3.6728e-11,2.25585e-06,0.02893518563,-0.02951389551,-0.2723820603,0.03835142061
961,4.805000,-0.2743752524,0.03414739016,2.920627594e-06,-2.980232239e-06,-2.980232239e-06,1.549720764e-05,0,3.63798e-11,2.25016e-06,0.02893518563,-0.02951389551,-0.2728667162,0.0381227442
962,4.810000,-0.275195729,0.03446919005,2.920627594e-06,-2.980232239e-06,-2.980232239e-06,1.537799835e-05,0,3.60316e-11,2.24437e-06,0.02893518563,-0.02951389551,-0.2736131335,0.0379881091
963,4.815000,-0.2763936408,0.03406386264,2.920627594e-06,-2.980232239e-06,-2.980232239e-06,1.525878906e-05,0,3.56835e-11,2.23848e-06,0.02893518563,-0.02951389551,-0.2746196463,0.03804601698
964,4.820000,-0.2779015601,0.03456321266,2.920627594e-06,-2.980232239e-06,-2.980232239e-06,1.513957977e-05,0,3.53353e-11,2.2325e-06,0.02893518563,-0.02951389551,-0.2758839095,0.03834086216
965,4.825000,-0.2794507742,0.03439904284,2.920627594e-06,-2.980232239e-06,-2.980232239e-06,1.502037048e-05,0,3.49871e-11,2.22641e-06,0.02893518563,-0.02951389551,-0.2774029036,0.03830382778
966,4.830000,-0.280561287,0.03393793106,2.920627594e-06,-2.980232239e-06,-2.980232239e-06,1.490116119e-05,0,3.4639e-11,2.22022e-06,0.02893518563,-0.02951389551,-0.2791729415,0.03815539906
967,4.835000,-0.2830240652,0.03394010756,2.920627594e-06,-2.980232239e-06,-2.980232239e-06,1.47819519e-05,0,3.42908e-11,2.21393e-06,0.02893518563,-0.02951389551,-0.281189677,0.03810417359
968,4.840000,-0.2854920067,0.03379509971,2.920627594e-06,-2.980232239e-06,-2.980232239e-06,1.466274261e-05,0,3.39426e-11,2.20753e-06,0.02893518563,-0.02951389551,-0.2834481153,0.03790675198
969,4.845000,-0.288007278,0.03362974059,2.920627594e-06,-2.980232239e-06,-2.980232239e-06,1.454353333e-05,0,3.35945e-11,2.20102e-06,0.02893518563,-0.02951389551,-0.2859426251,0.03800781705
970,4.850000,-0.2908616476,0.03352859896,2.920627594e-06,-2.980232239e-06,-2.980232239e-06,1.442432404e-05,0,3.32463e-11,2.19439e-06,0.02893518563,-0.02951389551,-0.2886669528,0.03829681437
971,4.855000,-0.2940541096,0.03344545048,2.920627594e-06,-2.980232239e-06,-2.980232239e-06,1.430511475e-05,0,3.28981e-11,2.18765e-06,0.02893518563,-0.02951389551,-0.2916142378,0.03862919051
972,4.860000,-0.2966898307,0.03293254599,2.920627594e-06,-2.980232239e-06,-2.980232239e-06,1.418590546e-05,0,3.255e-11,2.18079e-06,0.02893518563,-0.02951389551,-0.2947770304,0.03879584791
973,4.865000,-0.300195124,0.03275339305,2.920627594e-06,-2.980232239e-06,-2.980232239e-06,1.406669617e-05,0,3.22018e-11,2.17381e-06,0.02893518563,-0.02951389551,-0.29814731,0.03865883384
974,4.870000,-0.3037170358,0.03251376003,2.920627594e-06,-2.980232239e-06,-2.980232239e-06,1.394748688e-05,0,3.18536e-11,2.16671e-06,0.02893518563,-0.02951389551,-0.3017165066,0.03888554675
975,4.875000,-0.3074468113,0.03259040788,2.920627594e-06,-2.980232239e-06,-2.980232239e-06,1.382827759e-05,0,3.15055e-11,2.15947e-06,0.02893518563,-0.02951389551,-0.305475522,0.03886693198
976,4.880000,-0.3114996478,0.03237841465,2.920627594e-06,-2.980232239e-06,-2.980232239e-06,1.37090683e-05,0,3.11573e-11,2.15211e-06,0.02893518563,-0.02951389551,-0.3094147539,0.03873622442
977,4.885000,-0.3154884055,0.03212474845,2.920627594e-06,-2.980232239e-06,-2.980232239e-06,1.358985901e-05,0,3.08091e-11,2.1446e-06,0.02893518563,-0.02951389551,-0.3135241206,0.0388728921
978,4.890000,-0.320292376,0.03261463344,2.920627594e-06,-2.980232239e-06,-2.980232239e-06,1.347064972e-05,0,3.0461e-11,2.13697e-06,0.02893518563,-0.02951389551,-0.3177930874,0.03871301372
979,4.895000,-0.3248042911,0.03256868385,2.920627594e-06,-2.980232239e-06,-2.980232239e-06,1.335144043e-05,0,3.01128e-11,2.12918e-06,0.02893518563,-0.02951389551,-0.322210694,0.03882936357
980,4.900000,-0.3288463429,0.03206846677,2.920627594e-06,-2.980232239e-06,-2.980232239e-06,1.323223114e-05,0,2.97646e-11,2.12126e-06,0.02893518563,-0.02951389551,-0.3267655832,0.0386897833
981,4.905000,-0.3335732259,0.03180206008,2.920627594e-06,-2.980232239e-06,-2.980232239e-06,1.311302185e-05,0,2.94165e-11,2.11318e-06,0.02893518563,-0.02951389551,-0.3314460305,0.0384990166
982,4.910000,-0.3386030197,0.03207994159,2.920627594e-06,-2.980232239e-06,-2.980232239e-06,1.299381256e-05,0,2.90683e-11,2.10495e-06,0.02893518563,-0.02951389551,-0.3362399754,0.03845672874
983,4.915000,-0.3433395587,0.03200160246,2.920627594e-06,-2.980232239e-06,-2.980232239e-06,1.287460327e-05,0,2.87201e-11,2.09656e-06,0.02893518563,-0.02951389551,-0.3411350526,0.03829909534
984,4.920000,-0.3489161469,0.03238961846,2.920627594e-06,-2.980232239e-06,-2.980232239e-06,1.275539398e-05,0,2.8372e-11,2.08802e-06,0.02893518563,-0.02951389551,-0.3461186249,0.0383759713
985,4.925000,-0.3538962752,0.03213141579,2.920627594e-06,-2.980232239e-06,-2.980232239e-06,1.263618469e-05,0,2.80238e-11,2.0793e-06,0.02893518563,-0.02951389551,-0.3511778163,0.03840503337
986,4.930000,-0.3591744453,0.03206632379,2.920627594e-06,-2.980232239e-06,-2.980232239e-06,1.25169754e-05,0,2.76756e-11,2.07042e-06,0.02893518563,-0.02951389551,-0.356299546,0.0382383516
987,4.935000,-0.3641184196,0.03153399471,2.920627594e-06,-2.980232239e-06,-2.980232239e-06,1.239776611e-05,0,2.73275e-11,2.06136e-06,0.02893518563,-0.02951389551,-0.3614705633,0.03835642095
988,4.940000,-0.3700506724,0.03191223927,2.920627594e-06,-2.980232239e-06,-2.980232239e-06,1.227855682e-05,0,2.69793e-11,2.05212e-06,0.02893518563,-0.02951389551,-0.3666774818,0.03847863836
989,4.945000,-0.3754805401,0.03183095809,2.920627594e-06,-2.980232239e-06,-2.980232239e-06,1.215934753e-05,0,2.66311e-11,2.04269e-06,0.02893518563,-0.02951389551,-0.3719068158,0.03903487713
990,4.950000,-0.380969055,0.03201664891,2.920627594e-06,-2.980232239e-06,-2.980232239e-06,1.204013824e-05,0,2.6283e-11,2.03308e-06,0.02893518563,-0.02951389551,-0.3771450152,0.0395231281
991,4.955000,-0.3861677311,0.03219805099,2.920627594e-06,-2.980232239e-06,-2.980232239e-06,1.192092896e-05,0,2.59348e-11,2.02327e-06,0.02893518563,-0.02951389551,-0.3823785013,0.03958533625
992,4.960000,-0.3916552439,0.0328026982,2.920627594e-06,-2.980232239e-06,-2.980232239e-06,1.180171967e-05,0,2.55866e-11,2.01326e-06,0.02893518563,-0.02951389551,-0.3875937032,0.03980039365
993,4.965000,-0.3967514485,0.03297941107,2.920627594e-06,-2.980232239e-06,-2.980232239e-06,1.168251038e-05,0,2.52385e-11,2.00304e-06,0.02893518563,-0.02951389551,-0.3927770934,0.0398625697
994,4.970000,-0.4021863081,0.03314753156,2.920627594e-06,-2.980232239e-06,-2.980232239e-06,1.156330109e-05,0,2.48903e-11,1.99261e-06,0.02893518563,-0.02951389551,-0.3979152234,0.03977406638
995,4.975000,-0.4072697125,0.03306294326,2.920627594e-06,-2.980232239e-06,-2.980232239e-06,1.14440918e-05,0,2.45421e-11,1.98196e-06,0.02893518563,-0.02951389551,-0.4029947592,0.0398279448
996,4.980000,-0.4119145125,0.0329592973,2.920627594e-06,-2.980232239e-06,-2.980232239e-06,1.132488251e-05,0,2.4194e-11,1.97109e-06,0.02893518563,-0.02951389551,-0.4080025169,0.03987247528
997,4.985000,-0.4168660976,0.03309868928,2.920627594e-06,-2.980232239e-06,-2.980232239e-06,1.120567322e-05,0,2.38458e-11,1.95999e-06,0.02893518563,-0.02951389551,-0.4129254968,0.03968608406
998,4.990000,-0.4212312922,0.03292131424,2.920627594e-06,-2.980232239e-06,-2.980232239e-06,1.108646393e-05,0,2.34976e-11,1.94865e-06,0.02893518563,-0.02951389551,-0.4177509182,0.03978760242
999,4.995000,-0.4264423735,0.03362406604,2.920627594e-06,-2.980232239e-06,-2.980232239e-06,1.096725464e-05,0,2.31495e-11,1.93706e-06,0.02893518563,-0.02951389551,-0.4224662528,0.0397672318
1000,5.000000,-0.4304046072,0.03328411002,2.920627594e-06,-2.980232239e-06,-2.980232239e-06,1.084804535e-05,0,2.28013e-11,1.92523e-06,0.02893518563,-0.02951389551,-0.4270592576,0.03998284561
1001,5.005000,-0.4346965589,0.03316505812,2.920627594e-06,-2.980232239e-06,-2.980232239e-06,1.072883606e-05,0,2.24532e-11,1.91313e-06,0.02893518563,-0.02951389551,-0.431518007,0.04017225396
1002,5.010000,-0.4381126724,0.03249098547,2.920627594e-06,-2.980232239e-06,-2.980232239e-06,1.060962677e-05,0,2.2105e-11,1.90077e-06,0.02893518563,-0.02951389551,-0.4358309239,0.03982020876
1003,5.015000,-0.4417449124,0.03223319352,2.920627594e-06,-2.980232239e-06,-2.980232239e-06,1.049041748e-05,0,2.17568e-11,1.88814e-06,0.02893518563,-0.02951389551,-0.4399868105,0.03991980368
1004,5.020000,-0.4456879571,0.03291271068,2.920627594e-06,-2.980232239e-06,-2.980232239e-06,1.037120819e-05,0,2.14087e-11,1.87522e-06,0.02893518563,-0.02951389551,-0.4439748767,0.04012506612
1005,5.025000,-0.448772341,0.03265028261,2.920627594e-06,-2.980232239e-06,-2.980232239e-06,1.02519989e-05,0,2.10605e-11,1.86201e-06,0.02893518563,-0.02951389551,-0.4477847688,0.03977580975
1006,5.030000,-0.4514356703,0.03179908078,2.920627594e-06,-2.980232239e-06,-2.980232239e-06,1.013278961e-05,0,2.07123e-11,1.8485e-06,0.02893518563,-0.02951389551,-0.4514065958,0.04020945081
1007,5.035000,-0.4546453357,0.03145111632,2.920627594e-06,-2.980232239e-06,-2.980232239e-06,1.001358032e-05,0,2.03642e-11,1.83469e-06,0.02893518563,-0.02951389551,-0.4548309554,0.04011737429
1008,5.040000,-0.4575668201,0.03145924583,2.920627594e-06,-2.980232239e-06,-2.980232239e-06,9.894371033e-06,0,2.0016e-11,1.82055e-06,0.02893518563,-0.02951389551,-0.4580489579,0.0399568945
1009,5.045000,-0.4595461115,0.03094901238,2.920627594e-06,-2.980232239e-06,-2.980232239e-06,9.775161743e-06,0,1.96678e-11,1.8061e-06,0.02893518563,-0.02951389551,-0.461052249,0.0397196022
1010,5.050000,-0.4617572427,0.03076907154,2.920627594e-06,-2.980232239e-06,-2.980232239e-06,9.655952454e-06,0,1.93197e-11,1.7913e-06,0.02893518563,-0.02951389551,-0.4638330312,0.04003732679
1011,5.055000,-0.4643323906,0.0305482503,2.920627594e-06,-2.980232239e-06,-2.980232239e-06,9.536743164e-06,0,1.89715e-11,1.77615e-06,0.02893518563,-0.02951389551,-0.4663840832,0.03994578007
1012,5.060000,-0.4667332806,0.03076080047,2.920627594e-06,-2.980232239e-06,-2.980232239e-06,9.417533875e-06,0,1.86233e-11,1.76065e-06,0.02893518563,-0.02951389551,-0.4686987782,0.04017514544
1013,5.065000,-0.4688914269,0.03087761346,2.920627594e-06,-2.980232239e-06,-2.980232239e-06,9.298324585e-06,0,1.82752e-11,1.74478e-06,0.02893518563,-0.02951389551,-0.4707711004,0.04019640531
1014,5.070000,-0.4703965224,0.03051558696,2.920627594e-06,-2.980232239e-06,-2.980232239e-06,9.179115295e-06,0,1.7927e-11,1.72853e-06,0.02893518563,-0.02951389551,-0.4725956597,0.04031858361
1015,5.075000,-0.4719519503,0.03065614961,2.920627594e-06,-2.980232239e-06,-2.980232239e-06,9.059906006e-06,0,1.75788e-11,1.71189e-06,0.02893518563,-0.02951389551,-0.4741677043,0.0398554055
1016,5.080000,-0.4730242789,0.0306882849,2.920627594e-06,-2.980232239e-06,-2.980232239e-06,8.940696716e-06,0,1.72307e-11,1.69485e-06,0.02893518563,-0.02951389551,-0.4754831329,0.04004729115
1017,5.085000,-0.4739566855,0.03069041204,2.920627594e-06,-2.980232239e-06,-2.980232239e-06,8.821487427e-06,0,1.68825e-11,1.67739e-06,0.02893518563,-0.02951389551,-0.476538503,0.04042625357
1018,5.090000,-0.4747890159,0.03067626245,2.920627594e-06,-2.980232239e-06,-2.980232239e-06,8.702278137e-06,0,1.65343e-11,1.65951e-06,0.02893518563,-0.02951389551,-0.4773310393,0.04045544275
1019,5.095000,-0.475395225,0.03085654601,2.920627594e-06,-2.980232239e-06,-2.980232239e-06,8.583068848e-06,0,1.61862e-11,1.64118e-06,0.02893518563,-0.02951389551,-0.4778586393,0.040743531
1020,5.100000,-0.4754281603,0.03102544881,2.920627594e-06,-2.980232239e-06,-2.980232239e-06,8.463859558e-06,0,1.5838e-11,1.6224e-06,0.02893518563,-0.02951389551,-0.4781198767,0.04068518117
1021,5.105000,-0.4753267467,0.03100442979,2.920627594e-06,-2.980232239e-06,-2.980232239e-06,8.344650269e-06,0,1.54898e-11,1.60315e-06,0.02893518563,-0.02951389551,-0.4781140043,0.04026644018
1022,5.110000,-0.4759353437,0.0319616301,2.920627594e-06,-2.980232239e-06,-2.980232239e-06,8.225440979e-06,0,1.51417e-11,1.58342e-06,0.02893518563,-0.02951389551,-0.4778409532,0.04031316287
1023,5.115000,-0.4757172987,0.03255889099,2.920627594e-06,-2.980232239e-06,-2.980232239e-06,8.106231689e-06,0,1.47935e-11,1.56319e-06,0.02893518563,-0.02951389551,-0.477301332,0.04016884344
1024,5.120000,-0.4739235044,0.03216599487,2.920627594e-06,-2.980232239e-06,-2.980232239e-06,7.9870224e-06,0,1.44453e-11,1.54245e-06,0.02893518563,-0.02951389551,-0.4764964223,0.04011253663
1025,5.125000,-0.4728288427,0.03242987022,2.920627594e-06,-2.980232239e-06,-2.980232239e-06,7.86781311e-06,0,1.40972e-11,1.52118e-06,0.02893518563,-0.02951389551,-0.475428174,0.04027485649
1026,5.130000,-0.4711386375,0.03226414882,2.920627594e-06,-2.980232239e-06,-2.980232239e-06,7.748603821e-06,0,1.3749e-11,1.49937e-06,0.02893518563,-0.02951389551,-0.4740991977,0.04032596994
1027,5.135000,-0.4691913389,0.03181389067,2.920627594e-06,-2.980232239e-06,-2.980232239e-06,7.629394531e-06,0,1.34008e-11,1.477e-06,0.02893518563,-0.02951389551,-0.4725127554,0.04036797442
1028,5.140000,-0.4674297981,0.03189011104,2.920627594e-06,-2.980232239e-06,-2.980232239e-06,7.510185242e-06,0,1.30527e-11,1.45405e-06,0.02893518563,-0.02951389551,-0.47067275,0.04073417194
1029,5.145000,-0.4652587883,0.03188220691,2.920627594e-06,-2.980232239e-06,-2.980232239e-06,7.390975952e-06,0,1.27045e-11,1.43051e-06,0.02893518563,-0.02951389551,-0.4685837125,0.04064761246
1030,5.150000,-0.4636299871,0.03249646816,2.920627594e-06,-2.980232239e-06,-2.980232239e-06,7.271766663e-06,0,1.23563e-11,1.40636e-06,0.02893518563,-0.02951389551,-0.4662507876,0.04047579657
1031,5.155000,-0.4619022496,0.0330643896,2.920627594e-06,-2.980232239e-06,-2.980232239e-06,7.152557373e-06,0,1.20082e-11,1.38158e-06,0.02893518563,-0.02951389551,-0.4636797177,0.04023421917
1032,5.160000,-0.4591211416,0.03325821273,2.920627594e-06,-2.980232239e-06,-2.980232239e-06,7.033348083e-06,0,1.166e-11,1.35616e-06,0.02893518563,-0.02951389551,-0.4608768251,0.04049620031
1033,5.165000,-0.4559581913,0.03320290521,2.920627594e-06,-2.980232239e-06,-2.980232239e-06,6.914138794e-06,0,1.13118e-11,1.33007e-06,0.02893518563,-0.02951389551,-0.4578489932,0.04022401848
1034,5.170000,-0.4529374838,0.03356579784,2.920627594e-06,-2.980232239e-06,-2.980232239e-06,6.794929504e-06,0,1.09637e-11,1.3033e-06,0.02893518563,-0.02951389551,-0.454603645,0.03996359415
1035,5.175000,-0.4492485747,0.03348575346,2.920627594e-06,-2.980232239e-06,-2.980232239e-06,6.675720215e-06,0,1.06155e-11,1.27582e-06,0.02893518563,-0.02951389551,-0.4511487217,0.04026815777
1036,5.180000,-0.4453009032,0.03323564678,2.920627594e-06,-2.980232239e-06,-2.980232239e-06,6.556510925e-06,0,1.02673e-11,1.24762e-06,0.02893518563,-0.02951389551,-0.4474926585,0.04012855268
1037,5.185000,-0.4411545135,0.03282454796,2.920627594e-06,-2.980232239e-06,-2.980232239e-06,6.437301636e-06,0,9.91918e-12,1.21869e-06,0.02893518563,-0.02951389551,-0.4436443599,0.03972252524
1038,5.190000,-0.4369933046,0.03262321837,2.920627594e-06,-2.980232239e-06,-2.980232239e-06,6.318092346e-06,0,9.57101e-12,1.18898e-06,0.02893518563,-0.02951389551,-0.4396131736,0.03983814324
1039,5.195000,-0.4328010753,0.0329412194,2.920627594e-06,-2.980232239e-06,-2.980232239e-06,6.198883057e-06,0,9.22284e-12,1.1585e-06,0.02893518563,-0.02951389551,-0.4354088627,0.03975665148
1040,5.200000,-0.4277523383,0.03242993355,2.920627594e-06,-2.980232239e-06,-2.980232239e-06,6.079673767e-06,0,8.87468e-12,1.12722e-06,0.02893518563,-0.02951389551,-0.4310415779,0.03986144317
1041,5.205000,-0.4229969271,0.03239814471,2.920627594e-06,-2.980232239e-06,-2.980232239e-06,5.960464478e-06,0,8.52651e-12,1.09511e-06,0.02893518563,-0.02951389551,-0.4265218273,0.04004330535
1042,5.210000,-0.4177546352,0.03197916504,2.920627594e-06,-2.920627594e-06,-2.920627594e-06,5.960464478e-06,0,8.87823e-12,1.1481e-06,0.02893518563,-0.02893517911,-0.4218604465,0.03994853751
1043,5.215000,-0.4126379006,0.0317423502,2.920627594e-06,-2.861022949e-06,-2.861022949e-06,5.960464478e-06,0,9.22284e-12,1.20085e-06,0.02893518563,-0.02835647762,-0.4170685671,0.04000001499
1044,5.220000,-0.4072516561,0.03157548141,2.920627594e-06,-2.801418304e-06,-2.801418304e-06,5.960464478e-06,0,9.56035e-12,1.25337e-06,0.02893518563,-0.02777777612,-0.4121575847,0.03989012145
1045,5.225000,-0.4021752924,0.03149956185,2.920627594e-06,-2.74181366e-06,-2.74181366e-06,5.960464478e-06,0,9.89075e-12,1.30563e-06,0.02893518563,-0.02719907463,-0.4071391262,0.04009519677
1046,5.230000,-0.3973610625,0.03178959619,2.920627594e-06,-2.682209015e-06,-2.682209015e-06,5.960464478e-06,0,1.02141e-11,1.35763e-06,0.02893518563,-0.02662037313,-0.4020250167,0.03992631402
1047,5.235000,-0.392154187,0.03210033011,2.920627594e-06,-2.62260437e-06,-2.62260437e-06,5.960464478e-06,0,1.05302e-11,1.40934e-06,0.02893518563,-0.02604167163,-0.3968272456,0.03981567827
1048,5.240000,-0.3871280067,0.03213045746,2.920627594e-06,-2.562999725e-06,-2.562999725e-06,5.960464478e-06,0,1.08393e-11,1.46076e-06,0.02893518563,-0.02546297014,-0.3915579324,0.03922632822
1049,5.245000,-0.3823621497,0.03243087698,2.920627594e-06,-2.503395081e-06,-2.503395081e-06,5.960464478e-06,0,1.11413e-11,1.51187e-06,0.02893518563,-0.02488425374,-0.3862292926,0.03925627289
1050,5.250000,-0.3765467741,0.03211423941,2.920627594e-06,-2.443790436e-06,-2.443790436e-06,5.960464478e-06,0,1.14362e-11,1.56265e-06,0.02893518563,-0.02430555224,-0.3808536029,0.03909879807
1051,5.255000,-0.3715415299,0.03238615114,2.920627594e-06,-2.384185791e-06,-2.384185791e-06,5.960464478e-06,0,1.1724e-11,1.61309e-06,0.02893518563,-0.02372685075,-0.3754431667,0.03866963829
1052,5.260000,-0.3657992482,0.03236567881,2.920627594e-06,-2.324581146e-06,-2.324581146e-06,5.960464478e-06,0,1.20046e-11,1.66317e-06,0.02893518563,-0.02314814925,-0.3700102794,0.0388932123
1053,5.265000,-0.3601165526,0.03227266669,2.920627594e-06,-2.264976501e-06,-2.264976501e-06,5.960464478e-06,0,1.22782e-11,1.71286e-06,0.02893518563,-0.02256944776,-0.3645671938,0.03878131265
1054,5.270000,-0.3549560867,0.0324744219,2.920627594e-06,-2.205371857e-06,-2.205371857e-06,5.960464478e-06,0,1.25446e-11,1.76215e-06,0.02893518563,-0.02199074626,-0.3591260858,0.03872584958
1055,5.275000,-0.3497056514,0.03247719631,2.920627594e-06,-2.145767212e-06,-2.145767212e-06,5.960464478e-06,0,1.2804e-11,1.81101e-06,0.02893518563,-0.02141202986,-0.3536990206,0.03872239102
1056,5.280000,-0.3444871902,0.03259980027,2.920627594e-06,-2.086162567e-06,-2.086162567e-06,5.960464478e-06,0,1.30562e-11,1.85942e-06,0.02893518563,-0.02083332837,-0.3482979191,0.03854273483
1057,5.285000,-0.3390451372,0.03255701344,2.920627594e-06,-2.026557922e-06,-2.026557922e-06,5.960464478e-06,0,1.33014e-11,1.90735e-06,0.02893518563,-0.02025462687,-0.3429345243,0.0386416371
1058,5.290000,-0.3337940462,0.03271218669,2.920627594e-06,-1.966953278e-06,-1.966953278e-06,5.960464478e-06,0,1.35394e-11,1.95478e-06,0.02893518563,-0.01967592537,-0.3376203694,0.0386940969
1059,5.295000,-0.3283272684,0.03275819588,2.920627594e-06,-1.907348633e-06,-1.907348633e-06,5.960464478e-06,0,1.37703e-11,2.00167e-06,0.02893518563,-0.01909722388,-0.3323667461,0.03851964882
1060,5.300000,-0.3230906129,0.03288385272,2.920627594e-06,-1.847743988e-06,-1.847743988e-06,5.960464478e-06,0,1.39941e-11,2.04799e-06,0.02893518563,-0.01851852238,-0.3271846728,0.03876217602
1061,5.305000,-0.3176849633,0.03269203473,2.920627594e-06,-1.788139343e-06,-1.788139343e-06,5.960464478e-06,0,1.42109e-11,2.09372e-06,0.02893518563,-0.01793982089,-0.3220848652,0.03913107545
1062,5.310000,-0.3127465285,0.03260273021,2.920627594e-06,-1.728534698e-06,-1.728534698e-06,5.960464478e-06,0,1.44205e-11,2.13881e-06,0.02893518563,-0.01736110449,-0.3170777069,0.03911106038
1063,5.315000,-0.3084291704,0.03295616247,2.920627594e-06,-1.668930054e-06,-1.668930054e-06,6.020069122e-06,0,1.47971e-11,2.19286e-06,0.02893518563,-0.01678240299,-0.312173221,0.03901103707
1064,5.320000,-0.3044908084,0.03311124537,2.920627594e-06,-1.668930054e-06,-1.668930054e-06,6.079673767e-06,0,1.49711e-11,2.20228e-06,0.02893518563,-0.01678240299,-0.3073810435,0.03869505878
1065,5.325000,-0.2992093675,0.0329063898,2.920627594e-06,-1.668930054e-06,-1.668930054e-06,6.139278412e-06,0,1.51452e-11,2.21149e-06,0.02893518563,-0.01678240299,-0.302710397,0.03878154797
1066,5.330000,-0.2951168641,0.03295278642,2.920627594e-06,-1.668930054e-06,-1.668930054e-06,6.198883057e-06,0,1.53193e-11,2.22051e-06,0.02893518563,-0.01678240299,-0.2981700664,0.03890552929
1067,5.335000,-0.2905818187,0.03284296114,2.920627594e-06,-1.668930054e-06,-1.668930054e-06,6.258487701e-06,0,1.54934e-11,2.22933e-06,0.02893518563,-0.01678240299,-0.2937683756,0.03939454855
1068,5.340000,-0.2865603827,0.03283967264,2.920627594e-06,-1.668930054e-06,-1.668930054e-06,6.318092346e-06,0,1.56675e-11,2.23797e-06,0.02893518563,-0.01678240299,-0.2895131655,0.03918028715
1069,5.345000,-0.2825264521,0.03272674419,2.920627594e-06,-1.668930054e-06,-1.668930054e-06,6.377696991e-06,0,1.58416e-11,2.24642e-06,0.02893518563,-0.01678240299,-0.285411774,0.03935559367
1070,5.350000,-0.2787489891,0.03283000831,2.920627594e-06,-1.668930054e-06,-1.668930054e-06,6.437301636e-06,0,1.60156e-11,2.2547e-06,0.02893518563,-0.01678240299,-0.2814710166,0.03910673905
1071,5.355000,-0.2758175321,0.03323476762,2.920627594e-06,-1.668930054e-06,-1.668930054e-06,6.496906281e-06,0,1.61897e-11,2.2628e-06,0.02893518563,-0.01678240299,-0.2776971696,0.03902675264
1072,5.360000,-0.2723975889,0.03328372072,2.920627594e-06,-1.668930054e-06,-1.668930054e-06,6.556510925e-06,0,1.63638e-11,2.27073e-06,0.02893518563,-0.01678240299,-0.274095954,0.03909805662
1073,5.365000,-0.2692856379,0.03335438389,2.920627594e-06,-1.668930054e-06,-1.668930054e-06,6.61611557e-06,0,1.65379e-11,2.2785e-06,0.02893518563,-0.01678240299,-0.2706725219,0.0389143341
1074,5.370000,-0.2661143988,0.03351614904,2.920627594e-06,-1.668930054e-06,-1.668930054e-06,6.675720215e-06,0,1.6712e-11,2.2861e-06,0.02893518563,-0.01678240299,-0.2674314438,0.03925903093
1075,5.375000,-0.2632990852,0.03345930204,2.920627594e-06,-1.668930054e-06,-1.668930054e-06,6.73532486e-06,0,1.6886e-11,2.29355e-06,0.02893518563,-0.01678240299,-0.2643766983,0.03915773688
1076,5.380000,-0.2604756616,0.03336477838,2.920627594e-06,-1.668930054e-06,-1.668930054e-06,6.794929504e-06,0,1.70601e-11,2.30085e-06,0.02893518563,-0.01678240299,-0.2615116633,0.039218209
1077,5.385000,-0.2579561695,0.03323082253,2.920627594e-06,-1.668930054e-06,-1.668930054e-06,6.854534149e-06,0,1.72342e-11,2.308e-06,0.02893518563,-0.01678240299,-0.2588391087,0.03907122886
1078,5.390000,-0.2557337545,0.03330501541,2.920627594e-06,-1.668930054e-06,-1.668930054e-06,6.914138794e-06,0,1.74083e-11,2.31501e-06,0.02893518563,-0.01678240299,-0.2563611915,0.03882456208
1079,5.395000,-0.2532405816,0.03307176009,2.920627594e-06,-1.668930054e-06,-1.668930054e-06,6.973743439e-06,0,1.75824e-11,2.32187e-06,0.02893518563,-0.01678240299,-0.2540794522,0.03893258014
1080,5.400000,-0.2509003989,0.03281669226,2.920627594e-06,-1.668930054e-06,-1.668930054e-06,7.033348083e-06,0,1.77565e-11,2.3286e-06,0.02893518563,-0.01678240299,-0.2519948132,0.03867479102
1081,5.405000,-0.2485003546,0.03278081585,2.920627594e-06,-1.668930054e-06,-1.668930054e-06,7.092952728e-06,0,1.79305e-11,2.3352e-06,0.02893518563,-0.01678240299,-0.2501075794,0.03864797065
1082,5.410000,-0.2471998557,0.03285410162,2.920627594e-06,-1.668930054e-06,-1.668930054e-06,7.152557373e-06,0,1.81046e-11,2.34166e-06,0.02893518563,-0.01678240299,-0.24841744,0.0384551891
1083,5.415000,-0.2450869158,0.03277716879,2.920627594e-06,-1.668930054e-06,-1.668930054e-06,7.212162018e-06,0,1.82787e-11,2.348e-06,0.02893518563,-0.01678240299,-0.2469234722,0.038330167
1084,5.420000,-0.2435348146,0.0325864749,2.920627594e-06,-1.668930054e-06,-1.668930054e-06,7.271766663e-06,0,1.84528e-11,2.35422e-06,0.02893518563,-0.01678240299,-0.2456241476,0.03840686574
1085,5.425000,-0.2427181676,0.03273010626,2.920627594e-06,-1.668930054e-06,-1.668930054e-06,7.331371307e-06,0,1.86269e-11,2.36032e-06,0.02893518563,-0.01678240299,-0.244517339,0.03832667464
1086,5.430000,-0.2415079139,0.03243979625,2.920627594e-06,-1.668930054e-06,-1.668930054e-06,7.390975952e-06,0,1.8801e-11,2.3663e-06,0.02893518563,-0.01678240299,-0.2436003301,0.03830662319
1087,5.435000,-0.2405980267,0.03235667385,2.920627594e-06,-1.668930054e-06,-1.668930054e-06,7.450580597e-06,0,1.8975e-11,2.37216e-06,0.02893518563,-0.01678240299,-0.2428698265,0.03844480195
1088,5.440000,-0.2404304668,0.03252174985,2.920627594e-06,-1.668930054e-06,-1.668930054e-06,7.510185242e-06,0,1.91491e-11,2.37792e-06,0.02893518563,-0.01678240299,-0.242321968,0.03847344341
1089,5.445000,-0.240423236,0.03271086048,2.920627594e-06,-1.668930054e-06,-1.668930054e-06,7.569789886e-06,0,1.93232e-11,2.38356e-06,0.02893518563,-0.01678240299,-0.2419523437,0.03869216952
1090,5.450000,-0.2404190302,0.03266405873,2.920627594e-06,-1.668930054e-06,-1.668930054e-06,7.629394531e-06,0,1.94973e-11,2.38911e-06,0.02893518563,-0.01678240299,-0.2417560072,0.03919799796
1091,5.455000,-0.2405822873,0.03271512967,2.920627594e-06,-1.668930054e-06,-1.668930054e-06,7.688999176e-06,0,1.96714e-11,2.39454e-06,0.02893518563,-0.01678240299,-0.2417274949,0.03895087811
1092,5.460000,-0.2411116958,0.0330061214,2.920627594e-06,-1.668930054e-06,-1.668930054e-06,7.748603821e-06,0,1.98455e-11,2.39988e-06,0.02893518563,-0.01678240299,-0.2418608447,0.03892914532
1093,5.465000,-0.2415917665,0.03319620714,2.920627594e-06,-1.668930054e-06,-1.668930054e-06,7.808208466e-06,0,2.00195e-11,2.40512e-06,0.02893518563,-0.01678240299,-0.2421496167,0.03872922793
1094,5.470000,-0.2426038198,0.03342205007,2.920627594e-06,-1.668930054e-06,-1.668930054e-06,7.86781311e-06,0,2.01936e-11,2.41027e-06,0.02893518563,-0.01678240299,-0.2425869149,0.03881780983
1095,5.475000,-0.2426243648,0.03331450839,2.920627594e-06,-1.668930054e-06,-1.668930054e-06,7.927417755e-06,0,2.03677e-11,2.41532e-06,0.02893518563,-0.01678240299,-0.2431654112,0.03876057245
1096,5.480000,-0.2438511774,0.0335175721,2.920627594e-06,-1.668930054e-06,-1.668930054e-06,7.9870224e-06,0,2.05418e-11,2.42028e-06,0.02893518563,-0.01678240299,-0.2438773692,0.0387209485
1097,5.485000,-0.2443457358,0.03355383594,2.920627594e-06,-1.668930054e-06,-1.668930054e-06,8.046627045e-06,0,2.07159e-11,2.42515e-06,0.02893518563,-0.01678240299,-0.2447146706,0.03862448797
1098,5.490000,-0.2450911589,0.03361563012,2.920627594e-06,-1.668930054e-06,-1.668930054e-06,8.106231689e-06,0,2.089e-11,2.42993e-06,0.02893518563,-0.01678240299,-0.2456688415,0.03868262706
1099,5.495000,-0.246175237,0.03356476873,2.920627594e-06,-1.668930054e-06,-1.668930054e-06,8.165836334e-06,0,2.1064e-11,2.43463e-06,0.02893518563,-0.01678240299,-0.2467310811,0.03859127529
1100,5.500000,-0.2474188209,0.03351838049,2.920627594e-06,-1.668930054e-06,-1.668930054e-06,8.225440979e-06,0,2.12381e-11,2.43925e-06,0.02893518563,-0.01678240299,-0.2478922901,0.03874177733
1101,5.505000,-0.2483806871,0.0337012196,2.920627594e-06,-1.668930054e-06,-1.668930054e-06,8.285045624e-06,0,2.14122e-11,2.44379e-06,0.02893518563,-0.01678240299,-0.2491431005,0.03845429873
1102,5.510000,-0.2497067638,0.0339017855,2.920627594e-06,-1.668930054e-06,-1.668930054e-06,8.344650269e-06,0,2.15863e-11,2.44825e-06,0.02893518563,-0.01678240299,-0.2504739064,0.03835069589
1103,5.515000,-0.2511268966,0.03385859076,2.920627594e-06,-1.668930054e-06,-1.668930054e-06,8.404254913e-06,0,2.17604e-11,2.45263e-06,0.02893518563,-0.01678240299,-0.2518748953,0.03808947673
1104,5.520000,-0.2526034266,0.03399549052,2.920627594e-06,-1.668930054e-06,-1.668930054e-06,8.463859558e-06,0,2.19345e-11,2.45694e-06,0.02893518563,-0.01678240299,-0.2533360798,0.03817853242
1105,5.525000,-0.2540723979,0.03392467089,2.920627594e-06,-1.668930054e-06,-1.668930054e-06,8.523464203e-06,0,2.21085e-11,2.46118e-06,0.02893518563,-0.01678240299,-0.25484733,0.03806081343
1106,5.530000,-0.2562784888,0.03424594831,2.920627594e-06,-1.668930054e-06,-1.668930054e-06,8.583068848e-06,0,2.22826e-11,2.46534e-06,0.02893518563,-0.01678240299,-0.2563984065,0.03783723882
1107,5.535000,-0.2583891228,0.03437178396,2.920627594e-06,-1.668930054e-06,-1.668930054e-06,8.642673492e-06,0,2.24567e-11,2.46943e-06,0.02893518563,-0.01678240299,-0.2579789937,0.03748146678
1108,5.540000,-0.2600275949,0.03411307,2.920627594e-06,-1.668930054e-06,-1.668930054e-06,8.702278137e-06,0,2.26308e-11,2.47346e-06,0.02893518563,-0.01678240299,-0.2595787325,0.03775182568
1109,5.545000,-0.2621943131,0.03441824019,2.920627594e-06,-1.668930054e-06,-1.668930054e-06,8.761882782e-06,0,2.28049e-11,2.47742e-06,0.02893518563,-0.01678240299,-0.2611872546,0.03766850218
1110,5.550000,-0.2638792619,0.03458699118,2.920627594e-06,-1.668930054e-06,-1.668930054e-06,8.821487427e-06,0,2.2979e-11,2.48131e-06,0.02893518563,-0.01678240299,-0.2627942156,0.03778456727
1111,5.555000,-0.2651100978,0.03452483192,2.920627594e-06,-1.668930054e-06,-1.668930054e-06,8.881092072e-06,0,2.3153e-11,2.48514e-06,0.02893518563,-0.01678240299,-0.2643893285,0.03788744375
1112,5.560000,-0.2663914412,0.03440939821,2.920627594e-06,-1.668930054e-06,-1.668930054e-06,8.940696716e-06,0,2.33271e-11,2.48891e-06,0.02893518563,-0.01678240299,-0.2659623973,0.03777798839
1113,5.565000,-0.2684656344,0.03452104144,2.920627594e-06,-1.668930054e-06,-1.668930054e-06,9.000301361e-06,0,2.35012e-11,2.49262e-06,0.02893518563,-0.01678240299,-0.2675033494,0.03799812916
1114,5.570000,-0.2698968612,0.03453823179,2.920627594e-06,-1.668930054e-06,-1.668930054e-06,9.059906006e-06,0,2.36753e-11,2.49627e-06,0.02893518563,-0.01678240299,-0.2690022691,0.03830045985
1115,5.575000,-0.2719591521,0.03481355496,2.920627594e-06,-1.668930054e-06,-1.668930054e-06,9.119510651e-06,0,2.38494e-11,2.49986e-06,0.02893518563,-0.01678240299,-0.2704494291,0.03837892999
1116,5.580000,-0.2734555155,0.0348093845,2.920627594e-06,-1.668930054e-06,-1.668930054e-06,9.179115295e-06,0,2.40234e-11,2.5034e-06,0.02893518563,-0.01678240299,-0.2718353226,0.03822948654
1117,5.585000,-0.274862323,0.03482793923,2.920627594e-06,-1.668930054e-06,-1.668930054e-06,9.23871994e-06,0,2.41975e-11,2.50687e-06,0.02893518563,-0.01678240299,-0.2731506943,0.03773578157
1118,5.590000,-0.2761950158,0.03508074488,2.920627594e-06,-1.668930054e-06,-1.668930054e-06,9.298324585e-06,0,2.43716e-11,2.5103e-06,0.02893518563,-0.01678240299,-0.2743865703,0.03805416572
1119,5.595000,-0.2773872539,0.0351627171,2.920627594e-06,-1.668930054e-06,-1.668930054e-06,9.35792923e-06,0,2.45457e-11,2.51367e-06,0.02893518563,-0.01678240299,-0.2755342883,0.0381353477
1120,5.600000,-0.2782409787,0.03492682613,2.920627594e-06,-1.668930054e-06,-1.668930054e-06,9.417533875e-06,0,2.47198e-11,2.51699e-06,0.02893518563,-0.01678240299,-0.2765855253,0.03878920473
1121,5.605000,-0.2791848667,0.03507614974,2.920627594e-06,-1.668930054e-06,-1.668930054e-06,9.477138519e-06,0,2.48939e-11,2.52026e-06,0.02893518563,-0.01678240299,-0.277532326,0.03885815565
1122,5.610000,-0.2796090618,0.03487575147,2.920627594e-06,-1.668930054e-06,-1.668930054e-06,9.536743164e-06,0,2.50679e-11,2.52348e-06,0.02893518563,-0.01678240299,-0.2783671284,0.0388284498
1123,5.615000,-0.2806141935,0.03519246168,2.920627594e-06,-1.668930054e-06,-1.668930054e-06,9.596347809e-06,0,2.5242e-11,2.52665e-06,0.02893518563,-0.01678240299,-0.2790827901,0.03887776582
1124,5.620000,-0.2812683806,0.03525313921,2.920627594e-06,-1.668930054e-06,-1.668930054e-06,9.655952454e-06,0,2.54161e-11,2.52977e-06,0.02893518563,-0.01678240299,-0.2796726116,0.0390670683
1125,5.625000,-0.281337332,0.03493694868,2.920627594e-06,-1.668930054e-06,-1.668930054e-06,9.715557098e-06,0,2.55902e-11,2.53285e-06,0.02893518563,-0.01678240299,-0.2801303597,0.03905362133
1126,5.630000,-0.281453725,0.03495576326,2.920627594e-06,-1.668930054e-06,-1.668930054e-06,9.775161743e-06,0,2.57643e-11,2.53588e-06,0.02893518563,-0.01678240299,-0.2804502884,0.0392528571
1127,5.635000,-0.2813024297,0.03461192548,2.920627594e-06,-1.668930054e-06,-1.668930054e-06,9.834766388e-06,0,2.59384e-11,2.53886e-06,0.02893518563,-0.01678240299,-0.2806271593,0.03907854349
1128,5.640000,-0.2817472219,0.03478760459,2.920627594e-06,-1.668930054e-06,-1.668930054e-06,9.894371033e-06,0,2.61124e-11,2.5418e-06,0.02893518563,-0.01678240299,-0.28065626,0.03910216679
1129,5.645000,-0.2809985019,0.03472699225,2.920627594e-06,-1.668930054e-06,-1.668930054e-06,9.953975677e-06,0,2.62865e-11,2.5447e-06,0.02893518563,-0.01678240299,-0.2805334212,0.03857182509
1130,5.650000,-0.2805063762,0.03461092152,2.920627594e-06,-1.668930054e-06,-1.668930054e-06,1.001358032e-05,0,2.64606e-11,2.54756e-06,0.02893518563,-0.01678240299,-0.2802550318,0.03844380824
1131,5.655000,-0.2803333662,0.03470792528,2.920627594e-06,-1.668930054e-06,-1.668930054e-06,1.007318497e-05,0,2.66347e-11,2.55038e-06,0.02893518563,-0.01678240299,-0.2798180527,0.03849197888
1132,5.660000,-0.2803578973,0.03484450281,2.920627594e-06,-1.668930054e-06,-1.668930054e-06,1.013278961e-05,0,2.68088e-11,2.55315e-06,0.02893518563,-0.01678240299,-0.2792200292,0.03849379595
1133,5.665000,-0.2795065343,0.03465604316,2.920627594e-06,-1.668930054e-06,-1.668930054e-06,1.019239426e-05,0,2.69829e-11,2.55589e-06,0.02893518563,-0.01678240299,-0.2784591008,0.03814141161
1134,5.670000,-0.2780609354,0.03457590099,2.920627594e-06,-1.668930054e-06,-1.668930054e-06,1.02519989e-05,0,2.71569e-11,2.55859e-06,0.02893518563,-0.01678240299,-0.2775340101,0.03804458547
1135,5.675000,-0.2761330903,0.03437484615,2.920627594e-06,-1.668930054e-06,-1.668930054e-06,1.031160355e-05,0,2.7331e-11,2.56125e-06,0.02893518563,-0.01678240299,-0.2764441097,0.03822182148
1136,5.680000,-0.2748709843,0.03441198543,2.920627594e-06,-1.668930054e-06,-1.668930054e-06,1.037120819e-05,0,2.75051e-11,2.56387e-06,0.02893518563,-0.01678240299,-0.2751893668,0.03871451711
1137,5.685000,-0.2736015692,0.03433528077,2.920627594e-06,-1.668930054e-06,-1.668930054e-06,1.043081284e-05,0,2.76792e-11,2.56646e-06,0.02893518563,-0.01678240299,-0.2737703667,0.03864838426
1138,5.690000,-0.2715185694,0.03416485805,2.920627594e-06,-1.668930054e-06,-1.668930054e-06,1.049041748e-05,0,2.78533e-11,2.56901e-06,0.02893518563,-0.01678240299,-0.272188314,0.03822901021
1139,5.695000,-0.2699537575,0.03417085391,2.920627594e-06,-1.668930054e-06,-1.668930054e-06,1.055002213e-05,0,2.80274e-11,2.57152e-06,0.02893518563,-0.01678240299,-0.2704450321,0.03819539144
1140,5.700000,-0.267804984,0.03407476004,2.920627594e-06,-1.668930054e-06,-1.668930054e-06,1.060962677e-05,0,2.82014e-11,2.57401e-06,0.02893518563,-0.01678240299,-0.268542961,0.03809259903
1141,5.705000,-0.2655693255,0.03401763737,2.920627594e-06,-1.668930054e-06,-1.668930054e-06,1.066923141e-05,0,2.83755e-11,2.57645e-06,0.02893518563,-0.01678240299,-0.2664851532,0.03847369437
1142,5.710000,-0.2631600313,0.03381510917,2.920627594e-06,-1.668930054e-06,-1.668930054e-06,1.072883606e-05,0,2.85496e-11,2.57887e-06,0.02893518563,-0.01678240299,-0.2642752673,0.03844763463
1143,5.715000,-0.260774862,0.03388740774,2.920627594e-06,-1.668930054e-06,-1.668930054e-06,1.07884407e-05,0,2.87237e-11,2.58125e-06,0.02893518563,-0.01678240299,-0.2619175607,0.03894022995
1144,5.720000,-0.258405,0.03384669591,2.920627594e-06,-1.668930054e-06,-1.668930054e-06,1.084804535e-05,0,2.88978e-11,2.5836e-06,0.02893518563,-0.01678240299,-0.2594168798,0.03895496646
1145,5.725000,-0.2553117312,0.03371160477,2.920627594e-06,-1.668930054e-06,-1.668930054e-06,1.090764999e-05,0,2.90719e-11,2.58592e-06,0.02893518563,-0.01678240299,-0.2567786487,0.03907728867
1146,5.730000,-0.2522923015,0.03358348086,2.920627594e-06,-1.668930054e-06,-1.668930054e-06,1.096725464e-05,0,2.92459e-11,2.58821e-06,0.02893518563,-0.01678240299,-0.2540088561,0.03931967126
1147,5.735000,-0.2495704405,0.03356971219,2.920627594e-06,-1.668930054e-06,-1.668930054e-06,1.102685928e-05,0,2.942e-11,2.59047e-06,0.02893518563,-0.01678240299,-0.2511140406,0.03892753012
1148,5.740000,-0.2470124923,0.03385883104,2.920627594e-06,-1.668930054e-06,-1.668930054e-06,1.108646393e-05,0,2.95941e-11,2.5927e-06,0.02893518563,-0.01678240299,-0.2481012743,0.03911165976
1149,5.745000,-0.2437500097,0.03380177729,2.920627594e-06,-1.668930054e-06,-1.668930054e-06,1.114606857e-05,0,2.97682e-11,2.5949e-06,0.02893518563,-0.01678240299,-0.2449781449,0.03916932148
1150,5.750000,-0.2404975332,0.03392446134,2.920627594e-06,-1.668930054e-06,-1.668930054e-06,1.120567322e-05,0,2.99423e-11,2.59708e-06,0.02893518563,-0.01678240299,-0.2417527357,0.03930526337
1151,5.755000,-0.2371606305,0.03381833155,2.920627594e-06,-1.668930054e-06,-1.668930054e-06,1.126527786e-05,0,3.01164e-11,2.59922e-06,0.02893518563,-0.01678240299,-0.238433605,0.0391820891
1152,5.760000,-0.2333224639,0.03357075714,2.920627594e-06,-1.668930054e-06,-1.668930054e-06,1.132488251e-05,0,3.02904e-11,2.60134e-06,0.02893518563,-0.01678240299,-0.2350297633,0.03883197823
1153,5.765000,-0.2302214839,0.03377554566,2.920627594e-06,-1.668930054e-06,-1.668930054e-06,1.138448715e-05,0,3.04645e-11,2.60343e-06,0.02893518563,-0.01678240299,-0.2315506495,0.03915956881
1154,5.770000,-0.2263668254,0.03373380471,2.920627594e-06,-1.668930054e-06,-1.668930054e-06,1.14440918e-05,0,3.06386e-11,2.6055e-06,0.02893518563,-0.01678240299,-0.2280061054,0.03945943513
1155,5.775000,-0.2235593759,0.03405741975,2.920627594e-06,-1.668930054e-06,-1.668930054e-06,1.150369644e-05,0,3.08127e-11,2.60753e-06,0.02893518563,-0.01678240299,-0.2244063497,0.03955192053
1156,5.780000,-0.2195829153,0.0339009352,2.920627594e-06,-1.668930054e-06,-1.668930054e-06,1.156330109e-05,0,3.09868e-11,2.60955e-06,0.02893518563,-0.01678240299,-0.2207619501,0.03938055212
1157,5.785000,-0.2160645761,0.03399276454,2.920627594e-06,-1.668930054e-06,-1.668930054e-06,1.162290573e-05,0,3.11609e-11,2.61154e-06,0.02893518563,-0.01678240299,-0.2170837942,0.03955465083
1158,5.790000,-0.2120973654,0.03406526521,2.920627594e-06,-1.668930054e-06,-1.668930054e-06,1.168251038e-05,0,3.13349e-11,2.6135e-06,0.02893518563,-0.01678240299,-0.2133830606,0.04008806328
1159,5.795000,-0.208425194,0.03421831783,2.920627594e-06,-1.668930054e-06,-1.668930054e-06,1.174211502e-05,0,3.1509e-11,2.61544e-06,0.02893518563,-0.01678240299,-0.2096711872,0.03992515522
1160,5.800000,-0.205195751,0.03436236084,2.920627594e-06,-1.668930054e-06,-1.668930054e-06,1.180171967e-05,0,3.16831e-11,2.61736e-06,0.02893518563,-0.01678240299,-0.2059598405,0.04009945701
1161,5.805000,-0.2017795295,0.03446585219,2.920627594e-06,-1.668930054e-06,-1.668930054e-06,1.186132431e-05,0,3.18572e-11,2.61925e-06,0.02893518563,-0.01678240299,-0.2022608828,0.04000153269
1162,5.810000,-0.1979804337,0.03444230929,2.920627594e-06,-1.668930054e-06,-1.668930054e-06,1.192092896e-05,0,3.20313e-11,2.62112e-06,0.02893518563,-0.01678240299,-0.1985863395,0.04006333923
1163,5.815000,-0.1948542185,0.03446218278,2.920627594e-06,-1.668930054e-06,-1.668930054e-06,1.19805336e-05,0,3.22053e-11,2.62297e-06,0.02893518563,-0.01678240299,-0.1949483655,0.03974766229
1164,5.820000,-0.190922875,0.03432131372,2.920627594e-06,-1.668930054e-06,-1.668930054e-06,1.204013824e-05,0,3.23794e-11,2.6248e-06,0.02893518563,-0.01678240299,-0.1913592112,0.03983723814
1165,5.825000,-0.1873863302,0.03435524553,2.920627594e-06,-1.668930054e-06,-1.668930054e-06,1.209974289e-05,0,3.25535e-11,2.6266e-06,0.02893518563,-0.01678240299,-0.187831188,0.0398902582
1166,5.830000,-0.1836314313,0.03422256652,2.920627594e-06,-1.668930054e-06,-1.668930054e-06,1.215934753e-05,0,3.27276e-11,2.62839e-06,0.02893518563,-0.01678240299,-0.184376634,0.03997127233
1167,5.835000,-0.1801283732,0.03403555974,2.920627594e-06,-1.668930054e-06,-1.668930054e-06,1.221895218e-05,0,3.29017e-11,2.63015e-06,0.02893518563,-0.01678240299,-0.1810078788,0.03986386094
1168,5.840000,-0.1767242812,0.03401977848,2.920627594e-06,-1.668930054e-06,-1.668930054e-06,1.227855682e-05,0,3.30758e-11,2.63189e-06,0.02893518563,-0.01678240299,-0.1777372088,0.04004227706
1169,5.845000,-0.173601266,0.03390303534,2.920627594e-06,-1.668930054e-06,-1.668930054e-06,1.233816147e-05,0,3.32498e-11,2.63361e-06,0.02893518563,-0.01678240299,-0.174576832,0.04010963505
1170,5.850000,-0.1713485681,0.03420563601,2.920627594e-06,-1.668930054e-06,-1.668930054e-06,1.239776611e-05,0,3.34239e-11,2.63532e-06,0.02893518563,-0.01678240299,-0.1715388436,0.04020035929
1171,5.855000,-0.1684901826,0.03420270141,2.920627594e-06,-1.668930054e-06,-1.668930054e-06,1.245737076e-05,0,3.3598e-11,2.637e-06,0.02893518563,-0.01678240299,-0.1686351911,0.04000282319
1172,5.860000,-0.1657078452,0.03430756461,2.920627594e-06,-1.668930054e-06,-1.668930054e-06,1.25169754e-05,0,3.37721e-11,2.63866e-06,0.02893518563,-0.01678240299,-0.1658776402,0.03959514896
1173,5.865000,-0.1626749896,0.03408904746,2.920627594e-06,-1.668930054e-06,-1.668930054e-06,1.257658005e-05,0,3.39462e-11,2.64031e-06,0.02893518563,-0.01678240299,-0.1632777408,0.03929581308
1174,5.870000,-0.1609040275,0.03438815102,2.920627594e-06,-1.668930054e-06,-1.668930054e-06,1.263618469e-05,0,3.41203e-11,2.64193e-06,0.02893518563,-0.01678240299,-0.1608467937,0.0391371844
1175,5.875000,-0.1592296511,0.03456891794,2.920627594e-06,-1.668930054e-06,-1.668930054e-06,1.269578934e-05,0,3.42943e-11,2.64354e-06,0.02893518563,-0.01678240299,-0.158595818,0.03927871662
1176,5.880000,-0.1568809263,0.03433914576,2.920627594e-06,-1.668930054e-06,-1.668930054e-06,1.275539398e-05,0,3.44684e-11,2.64513e-06,0.02893518563,-0.01678240299,-0.1565355187,0.03918116771
1177,5.885000,-0.1548062898,0.034132367,2.920627594e-06,-1.668930054e-06,-1.668930054e-06,1.281499863e-05,0,3.46425e-11,2.6467e-06,0.02893518563,-0.01678240299,-0.1546762556,0.03928605859
1178,5.890000,-0.1538000405,0.03428088315,2.920627594e-06,-1.668930054e-06,-1.668930054e-06,1.287460327e-05,0,3.48166e-11,2.64826e-06,0.02893518563,-0.01678240299,-0.153028013,0.03912331277
1179,5.895000,-0.1528745256,0.03434790857,2.920627594e-06,-1.668930054e-06,-1.668930054e-06,1.293420792e-05,0,3.49907e-11,2.6498e-06,0.02893518563,-0.01678240299,-0.1516003701,0.03937295786
1180,5.900000,-0.1523188204,0.03460856341,2.920627594e-06,-1.668930054e-06,-1.668930054e-06,1.299381256e-05,0,3.51648e-11,2.65132e-06,0.02893518563,-0.01678240299,-0.1504024726,0.03944159263
1181,5.905000,-0.1512358412,0.03471810464,2.920627594e-06,-1.668930054e-06,-1.668930054e-06,1.305341721e-05,0,3.53388e-11,2.65282e-06,0.02893518563,-0.01678240299,-0.1494430055,0.03933127818
1182,5.910000,-0.1511536017,0.03504012153,2.920627594e-06,-1.668930054e-06,-1.668930054e-06,1.311302185e-05,0,3.55129e-11,2.65431e-06,0.02893518563,-0.01678240299,-0.1487301669,0.03907867881
1183,5.915000,-0.1507934667,0.03501032759,2.920627594e-06,-1.668930054e-06,-1.668930054e-06,1.31726265e-05,0,3.5687e-11,2.65578e-06,0.02893518563,-0.01678240299,-0.1482716434,0.03922830769
1184,5.920000,-0.1506189778,0.03499062359,2.920627594e-06,-1.668930054e-06,-1.668930054e-06,1.323223114e-05,0,3.58611e-11,2.65724e-06,0.02893518563,-0.01678240299,-0.1480745867,0.03946786557
1185,5.925000,-0.1507242993,0.03497104999,2.920627594e-06,-1.668930054e-06,-1.668930054e-06,1.329183578e-05,0,3.60352e-11,2.65868e-06,0.02893518563,-0.01678240299,-0.1481455911,0.03960406509
1186,5.930000,-0.1511333063,0.03495215811,2.920627594e-06,-1.668930054e-06,-1.668930054e-06,1.335144043e-05,0,3.62093e-11,2.66011e-06,0.02893518563,-0.01678240299,-0.1484906736,0.0395232707
1187,5.935000,-0.1525397934,0.03515537456,2.920627594e-06,-1.668930054e-06,-1.668930054e-06,1.341104507e-05,0,3.63833e-11,2.66152e-06,0.02893518563,-0.01678240299,-0.1491152545,0.03958357448
1188,5.940000,-0.1531881988,0.03498042934,2.920627594e-06,-1.668930054e-06,-1.668930054e-06,1.347064972e-05,0,3.65574e-11,2.66291e-06,0.02893518563,-0.01678240299,-0.1500241403,0.03976623733
1189,5.945000,-0.1547128782,0.03494045604,2.920627594e-06,-1.668930054e-06,-1.668930054e-06,1.353025436e-05,0,3.67315e-11,2.66429e-06,0.02893518563,-0.01678240299,-0.1512215074,0.03979879458
1190,5.950000,-0.1566042975,0.03494114429,2.920627594e-06,-1.668930054e-06,-1.668930054e-06,1.358985901e-05,0,3.69056e-11,2.66566e-06,0.02893518563,-0.01678240299,-0.1527108888,0.03968231975
1191,5.955000,-0.1591301188,0.03500464279,2.920627594e-06,-1.668930054e-06,-1.668930054e-06,1.364946365e-05,0,3.70797e-11,2.66701e-06,0.02893518563,-0.01678240299,-0.1544951613,0.0395917343
1192,5.960000,-0.1606356166,0.0348580787,2.920627594e-06,-1.668930054e-06,-1.668930054e-06,1.37090683e-05,0,3.72538e-11,2.66835e-06,0.02893518563,-0.01678240299,-0.1565765349,0.04006049883
1193,5.965000,-0.1624640748,0.0346491253,2.920627594e-06,-1.668930054e-06,-1.668930054e-06,1.376867294e-05,0,3.74278e-11,2.66967e-06,0.02893518563,-0.01678240299,-0.1589565443,0.04006775332
1194,5.970000,-0.1651121788,0.03459964879,2.920627594e-06,-1.668930054e-06,-1.668930054e-06,1.382827759e-05,0,3.76019e-11,2.67099e-06,0.02893518563,-0.01678240299,-0.1616360418,0.03980693181
1195,5.975000,-0.1674781442,0.03431457561,2.920627594e-06,-1.668930054e-06,-1.668930054e-06,1.388788223e-05,0,3.7776e-11,2.67228e-06,0.02893518563,-0.01678240299,-0.1646151926,0.03997411797
1196,5.980000,-0.1705536582,0.03416373115,2.920627594e-06,-1.668930054e-06,-1.668930054e-06,1.394748688e-05,0,3.79501e-11,2.67357e-06,0.02893518563,-0.01678240299,-0.1678934708,0.03979404388
1197,5.985000,-0.1746311523,0.03430292197,2.920627594e-06,-1.668930054e-06,-1.668930054e-06,1.400709152e-05,0,3.81242e-11,2.67484e-06,0.02893518563,-0.01678240299,-0.171469659,0.03978396816
1198,5.990000,-0.1789027303,0.03443477023,2.920627594e-06,-1.668930054e-06,-1.668930054e-06,1.406669617e-05,0,3.82983e-11,2.6761e-06,0.02893518563,-0.01678240299,-0.1753418483,0.03966525893
1199,5.995000,-0.1832108311,0.03459318075,2.920627594e-06,-1.668930054e-06,-1.668930054e-06,1.412630081e-05,0,3.84723e-11,2.67735e-06,0.02893518563,-0.01678240299,-0.1795074407,0.04006153007
1200,6.000000,-0.1879115589,0.03464537207,2.920627594e-06,-1.668930054e-06,-1.668930054e-06,1.418590546e-05,0,3.86464e-11,2.67858e-06,0.02893518563,-0.01678240299,-0.1839631538,0.04022014173
1201,6.005000,-0.1931090392,0.03465206642,2.920627594e-06,-1.668930054e-06,-1.668930054e-06,1.42455101e-05,0,3.88205e-11,2.6798e-06,0.02893518563,-0.01678240299,-0.1887050265,0.04043973346
1202,6.010000,-0.1981011368,0.03453869093,2.920627594e-06,-1.668930054e-06,-1.668930054e-06,1.430511475e-05,0,3.89946e-11,2.68101e-06,0.02893518563,-0.01678240299,-0.1937284274,0.04019336435
1203,6.015000,-0.2037393861,0.03461710922,2.920627594e-06,-1.668930054e-06,-1.668930054e-06,1.436471939e-05,0,3.91687e-11,2.68221e-06,0.02893518563,-0.01678240299,-0.1990280645,0.03966669787
1204,6.020000,-0.2095407099,0.03472269513,2.920627594e-06,-1.668930054e-06,-1.668930054e-06,1.442432404e-05,0,3.93428e-11,2.6834e-06,0.02893518563,-0.01678240299,-0.2045979968,0.03962137546
1205,6.025000,-0.2153887264,0.03459096514,2.920627594e-06,-1.668930054e-06,-1.668930054e-06,1.448392868e-05,0,3.95168e-11,2.68457e-06,0.02893518563,-0.01678240299,-0.2104316478,0.03957992587
1206,6.030000,-0.2214299962,0.0344557371,2.920627594e-06,-1.668930054e-06,-1.668930054e-06,1.454353333e-05,0,3.96909e-11,2.68573e-06,0.02893518563,-0.01678240299,-0.2165218206,0.03998270797
1207,6.035000,-0.2280567549,0.03455287777,2.920627594e-06,-1.668930054e-06,-1.668930054e-06,1.460313797e-05,0,3.9865e-11,2.68689e-06,0.02893518563,-0.01678240299,-0.2228607149,0.03992564171
1208,6.040000,-0.2347623371,0.03458278067,2.920627594e-06,-1.668930054e-06,-1.668930054e-06,1.466274261e-05,0,4.00391e-11,2.68803e-06,0.02893518563,-0.01678240299,-0.2294399452,0.0401919758
1209,6.045000,-0.2417599373,0.03452653065,2.920627594e-06,-1.668930054e-06,-1.668930054e-06,1.472234726e-05,0,4.02132e-11,2.68916e-06,0.02893518563,-0.01678240299,-0.2362505613,0.03990940379
1210,6.050000,-0.2485710867,0.03418349475,2.920627594e-06,-1.668930054e-06,-1.668930054e-06,1.47819519e-05,0,4.03872e-11,2.69028e-06,0.02893518563,-0.01678240299,-0.2432830695,0.03980914325
1211,6.055000,-0.2559894137,0.03408701345,2.920627594e-06,-1.668930054e-06,-1.668930054e-06,1.484155655e-05,0,4.05613e-11,2.69139e-06,0.02893518563,-0.01678240299,-0.250527456,0.03990855173
1212,6.060000,-0.2634867057,0.03389283642,2.920627594e-06,-1.668930054e-06,-1.668930054e-06,1.490116119e-05,0,4.07354e-11,2.69248e-06,0.02893518563,-0.01678240299,-0.2579732113,0.04028241429
1213,6.065000,-0.2708909549,0.03383423854,2.920627594e-06,-1.668930054e-06,-1.668930054e-06,1.496076584e-05,0,4.09095e-11,2.69357e-06,0.02893518563,-0.01678240299,-0.2656093564,0.04028560533
1214,6.070000,-0.278980542,0.0338622639,2.920627594e-06,-1.668930054e-06,-1.668930054e-06,1.502037048e-05,0,4.10836e-11,2.69465e-06,0.02893518563,-0.01678240299,-0.2734244693,0.04083827854
1215,6.075000,-0.2867381684,0.03372644726,2.920627594e-06,-1.668930054e-06,-1.668930054e-06,1.507997513e-05,0,4.12577e-11,2.69572e-06,0.02893518563,-0.01678240299,-0.281406714,0.04069543697
1216,6.080000,-0.2952995002,0.03366521653,2.920627594e-06,-1.668930054e-06,-1.668930054e-06,1.513957977e-05,0,4.14317e-11,2.69678e-06,0.02893518563,-0.01678240299,-0.2895438698,0.04079195772
1217,6.085000,-0.3038797341,0.03389945999,2.920627594e-06,-1.668930054e-06,-1.668930054e-06,1.519918442e-05,0,4.16058e-11,2.69783e-06,0.02893518563,-0.01678240299,-0.2978233616,0.04081147676
1218,6.090000,-0.3123592846,0.03383212909,2.920627594e-06,-1.668930054e-06,-1.668930054e-06,1.525878906e-05,0,4.17799e-11,2.69886e-06,0.02893518563,-0.01678240299,-0.3062322917,0.04117827749
1219,6.095000,-0.3208664879,0.03389863111,2.920627594e-06,-1.668930054e-06,-1.668930054e-06,1.531839371e-05,0,4.1954e-11,2.69989e-06,0.02893518563,-0.01678240299,-0.3147574722,0.04135981364
1220,6.100000,-0.329305388,0.03374680411,2.920627594e-06,-1.668930054e-06,-1.668930054e-06,1.537799835e-05,0,4.21281e-11,2.70091e-06,0.02893518563,-0.01678240299,-0.3233854576,0.04174190127
1221,6.105000,-0.3374910243,0.03342091199,2.920627594e-06,-1.668930054e-06,-1.668930054e-06,1.5437603e-05,0,4.23022e-11,2.70192e-06,0.02893518563,-0.01678240299,-0.3321025794,0.0417576458
1222,6.110000,-0.3459715545,0.03328698967,2.920627594e-06,-1.668930054e-06,-1.668930054e-06,1.549720764e-05,0,4.24762e-11,2.70293e-06,0.02893518563,-0.01678240299,-0.3408949799,0.04182619651
1223,6.115000,-0.3546241298,0.03318234906,2.920627594e-06,-1.668930054e-06,-1.668930054e-06,1.555681229e-05,0,4.26503e-11,2.70392e-06,0.02893518563,-0.01678240299,-0.3497486476,0.04176533652
1224,6.120000,-0.3637288846,0.03327790275,2.920627594e-06,-1.668930054e-06,-1.668930054e-06,1.561641693e-05,0,4.28244e-11,2.7049e-06,0.02893518563,-0.01678240299,-0.3586494522,0.04157768115
1225,6.125000,-0.3719728254,0.03318041936,2.920627594e-06,-1.668930054e-06,-1.668930054e-06,1.567602158e-05,0,4.29985e-11,2.70588e-06,0.02893518563,-0.01678240299,-0.3675831803,0.04143031833
1226,6.130000,-0.3807830848,0.03304407746,2.920627594e-06,-1.668930054e-06,-1.668930054e-06,1.573562622e-05,0,4.31726e-11,2.70684e-06,0.02893518563,-0.01678240299,-0.3765355714,0.04122053419
1227,6.135000,-0.3890106492,0.03308940027,2.920627594e-06,-1.668930054e-06,-1.668930054e-06,1.579523087e-05,0,4.33467e-11,2.7078e-06,0.02893518563,-0.01678240299,-0.3854923538,0.04105112054
1228,6.140000,-0.3979500309,0.03330372088,2.920627594e-06,-1.668930054e-06,-1.668930054e-06,1.585483551e-05,0,4.35207e-11,2.70875e-06,0.02893518563,-0.01678240299,-0.3944392804,0.04112835336
1229,6.145000,-0.4069838971,0.0331763383,2.920627594e-06,-1.668930054e-06,-1.668930054e-06,1.591444016e-05,0,4.36948e-11,2.70969e-06,0.02893518563,-0.01678240299,-0.4033621647,0.04089267279
1230,6.150000,-0.4154194891,0.03303559311,2.920627594e-06,-1.668930054e-06,-1.668930054e-06,1.59740448e-05,0,4.38689e-11,2.71063e-06,0.02893518563,-0.01678240299,-0.4122469165,0.04085273498
1231,6.155000,-0.4237573855,0.03289964609,2.920627594e-06,-1.668930054e-06,-1.668930054e-06,1.603364944e-05,0,4.4043e-11,2.71155e-06,0.02893518563,-0.01678240299,-0.4210795772,0.04105583103
1232,6.160000,-0.4323823415,0.03282454144,2.920627594e-06,-1.668930054e-06,-1.668930054e-06,1.609325409e-05,0,4.42171e-11,2.71247e-06,0.02893518563,-0.01678240299,-0.4298463547,0.04106763338
1233,6.165000,-0.4412131533,0.03295923304,2.920627594e-06,-1.668930054e-06,-1.668930054e-06,1.615285873e-05,0,4.43912e-11,2.71338e-06,0.02893518563,-0.01678240299,-0.4385336582,0.04080432325
1234,6.170000,-0.4496619962,0.03295864444,2.920627594e-06,-1.668930054e-06,-1.668930054e-06,1.621246338e-05,0,4.45652e-11,2.71428e-06,0.02893518563,-0.01678240299,-0.4471281319,0.0405693841
1235,6.175000,-0.4572855309,0.03261007089,2.920627594e-06,-1.668930054e-06,-1.668930054e-06,1.627206802e-05,0,4.47393e-11,2.71517e-06,0.02893518563,-0.01678240299,-0.4556166881,0.04078580672
1236,6.180000,-0.4650948197,0.03239953239,2.920627594e-06,-1.668930054e-06,-1.668930054e-06,1.633167267e-05,0,4.49134e-11,2.71606e-06,0.02893518563,-0.01678240299,-0.4639865401,0.04075136362
1237,6.185000,-0.4742476903,0.03262401838,2.920627594e-06,-1.668930054e-06,-1.668930054e-06,1.639127731e-05,0,4.50875e-11,2.71694e-06,0.02893518563,-0.01678240299,-0.4722252334,0.04056766583
1238,6.190000,-0.4821402282,0.03259220626,2.920627594e-06,-1.668930054e-06,-1.668930054e-06,1.645088196e-05,0,4.52616e-11,2.71781e-06,0.02893518563,-0.01678240299,-0.4803206766,0.04078890736
1239,6.195000,-0.4898729138,0.03260205779,2.920627594e-06,-1.668930054e-06,-1.668930054e-06,1.65104866e-05,0,4.54357e-11,2.71867e-06,0.02893518563,-0.01678240299,-0.488261171,0.0413853257
1240,6.200000,-0.4973581955,0.03272485081,2.920627594e-06,-1.668930054e-06,-1.668930054e-06,1.657009125e-05,0,4.56097e-11,2.71953e-06,0.02893518563,-0.01678240299,-0.496035439,0.04146670091
1241,6.205000,-0.504843343,0.03267632797,2.920627594e-06,-1.668930054e-06,-1.668930054e-06,1.662969589e-05,0,4.57838e-11,2.72038e-06,0.02893518563,-0.01678240299,-0.5036326516,0.04130383223
1242,6.210000,-0.5120669045,0.03277695738,2.920627594e-06,-1.668930054e-06,-1.668930054e-06,1.668930054e-05,0,4.59579e-11,2.72122e-06,0.02893518563,-0.01678240299,-0.5110424545,0.04144985447
1243,6.215000,-0.5188426971,0.03267107718,2.920627594e-06,-1.668930054e-06,-1.668930054e-06,1.674890518e-05,0,4.6132e-11,2.72206e-06,0.02893518563,-0.01678240299,-0.5182549926,0.04111819442
1244,6.220000,-0.5252827853,0.03235323541,2.920627594e-06,-1.668930054e-06,-1.668930054e-06,1.680850983e-05,0,4.63061e-11,2.72289e-06,0.02893518563,-0.01678240299,-0.5252609335,0.04119253723
1245,6.225000,-0.5318946578,0.03236022871,2.920627594e-06,-1.668930054e-06,-1.668930054e-06,1.686811447e-05,0,4.64802e-11,2.72371e-06,0.02893518563,-0.01678240299,-0.5320514893,0.04130811513
1246,6.230000,-0.5380886942,0.03230199032,2.920627594e-06,-1.668930054e-06,-1.668930054e-06,1.692771912e-05,0,4.66542e-11,2.72452e-06,0.02893518563,-0.01678240299,-0.538618437,0.04114619963
1247,6.235000,-0.5434541292,0.03205437493,2.920627594e-06,-1.668930054e-06,-1.668930054e-06,1.698732376e-05,0,4.68283e-11,2.72533e-06,0.02893518563,-0.01678240299,-0.5449541372,0.0413058619
1248,6.240000,-0.5493456423,0.03198509384,2.920627594e-06,-1.668930054e-06,-1.668930054e-06,1.704692841e-05,0,4.70024e-11,2.72613e-06,0.02893518563,-0.01678240299,-0.5510515512,0.04155731398
1249,6.245000,-0.5556666143,0.03227687348,2.920627594e-06,-1.668930054e-06,-1.668930054e-06,1.710653305e-05,0,4.71765e-11,2.72693e-06,0.02893518563,-0.01678240299,-0.5569042562,0.04137123552
1250,6.250000,-0.5614108741,0.03255402111,2.920627594e-06,-1.668930054e-06,-1.668930054e-06,1.71661377e-05,0,4.73506e-11,2.72772e-06,0.02893518563,-0.01678240299,-0.5625064596,0.04175157951
1251,6.255000,-0.5673443265,0.03281110246,2.920627594e-06,-1.668930054e-06,-1.668930054e-06,1.722574234e-05,0,4.75247e-11,2.7285e-06,0.02893518563,-0.01678240299,-0.5678530103,0.04161744285
1252,6.260000,-0.5723897703,0.03296932951,2.920627594e-06,-1.668930054e-06,-1.668930054e-06,1.728534698e-05,0,4.76987e-11,2.72928e-06,0.02893518563,-0.01678240299,-0.5729394092,0.04138832153
1253,6.265000,-0.5767072067,0.03284340072,2.920627594e-06,-1.668930054e-06,-1.668930054e-06,1.734495163e-05,0,4.78728e-11,2.73005e-06,0.02893518563,-0.01678240299,-0.5777618174,0.04124187431
1254,6.270000,-0.5810828321,0.03279186692,2.920627594e-06,-1.668930054e-06,-1.668930054e-06,1.740455627e-05,0,4.80469e-11,2.73081e-06,0.02893518563,-0.01678240299,-0.5823170628,0.0410908983
1255,6.275000,-0.5856240653,0.03295450658,2.920627594e-06,-1.668930054e-06,-1.668930054e-06,1.746416092e-05,0,4.8221e-11,2.73157e-06,0.02893518563,-0.01678240299,-0.5866026448,0.04096687831
1256,6.280000,-0.5896102451,0.03315076791,2.920627594e-06,-1.668930054e-06,-1.668930054e-06,1.752376556e-05,0,4.83951e-11,2.73232e-06,0.02893518563,-0.01678240299,-0.5906167368,0.04127213913
1257,6.285000,-0.5939261541,0.03330072947,2.920627594e-06,-1.668930054e-06,-1.668930054e-06,1.758337021e-05,0,4.85691e-11,2.73307e-06,0.02893518563,-0.01678240299,-0.5943581874,0.0413865055
1258,6.290000,-0.5973346867,0.03361252043,2.920627594e-06,-1.668930054e-06,-1.668930054e-06,1.764297485e-05,0,4.87432e-11,2.73381e-06,0.02893518563,-0.01678240299,-0.5978265192,0.04157427407
1259,6.295000,-0.5998737067,0.03330948483,2.920627594e-06,-1.668930054e-06,-1.668930054e-06,1.77025795e-05,0,4.89173e-11,2.73454e-06,0.02893518563,-0.01678240299,-0.6010219262,0.0414818657
1260,6.300000,-0.6026031151,0.03312049992,2.920627594e-06,-1.668930054e-06,-1.668930054e-06,1.776218414e-05,0,4.90914e-11,2.73527e-06,0.02893518563,-0.01678240299,-0.6039452689,0.0417801059
1261,6.305000,-0.6047960706,0.03315915167,2.920627594e-06,-1.668930054e-06,-1.668930054e-06,1.782178879e-05,0,4.92655e-11,2.736e-06,0.02893518563,-0.01678240299,-0.6065980679,0.04169177583
1262,6.310000,-0.6070571952,0.03304776642,2.920627594e-06,-1.668930054e-06,-1.668930054e-06,1.788139343e-05,0,4.94396e-11,2.73671e-06,0.02893518563,-0.01678240299,-0.6089824957,0.04186088149
1263,6.315000,-0.6088194214,0.03299300186,2.920627594e-06,-1.668930054e-06,-1.668930054e-06,1.794099808e-05,0,4.96136e-11,2.73743e-06,0.02893518563,-0.01678240299,-0.6111013661,0.0418822806
1264,6.320000,-0.6102874838,0.03280707076,2.920627594e-06,-1.728534698e-06,-1.728534698e-06,1.794099808e-05,0,4.94111e-11,2.72428e-06,0.02893518563,-0.01736110449,-0.6129581228,0.04198227823
1265,6.325000,-0.6117539033,0.0328152962,2.920627594e-06,-1.788139343e-06,-1.788139343e-06,1.794099808e-05,0,4.92015e-11,2.71069e-06,0.02893518563,-0.01793982089,-0.6145568254,0.04184877064
1266,6.330000,-0.6134641878,0.03308114409,2.920627594e-06,-1.847743988e-06,-1.847743988e-06,1.794099808e-05,0,4.89848e-11,2.69667e-06,0.02893518563,-0.01851852238,-0.6159021344,0.0420861194
1267,6.335000,-0.6145556197,0.03329940699,2.920627594e-06,-1.907348633e-06,-1.907348633e-06,1.794099808e-05,0,4.8761e-11,2.68221e-06,0.02893518563,-0.01909722388,-0.6169992941,0.04201224556
1268,6.340000,-0.6149282679,0.03311009612,2.920627594e-06,-1.966953278e-06,-1.966953278e-06,1.794099808e-05,0,4.85301e-11,2.66732e-06,0.02893518563,-0.01967592537,-0.6178541139,0.04202303427
1269,6.345000,-0.6155337282,0.0333007155,2.920627594e-06,-2.026557922e-06,-2.026557922e-06,1.794099808e-05,0,4.8292e-11,2.65201e-06,0.02893518563,-0.02025462687,-0.6184729484,0.04189577283
1270,6.350000,-0.615678221,0.03343153466,2.920627594e-06,-2.086162567e-06,-2.086162567e-06,1.794099808e-05,0,4.80469e-11,2.63627e-06,0.02893518563,-0.02083332837,-0.6188626761,0.04185491218
1271,6.355000,-0.6159293428,0.03355983645,2.920627594e-06,-2.145767212e-06,-2.145767212e-06,1.794099808e-05,0,4.77947e-11,2.6201e-06,0.02893518563,-0.02141202986,-0.6190306758,0.04207250493
1272,6.360000,-0.6158449836,0.03377658222,2.920627594e-06,-2.205371857e-06,-2.205371857e-06,1.794099808e-05,0,4.75353e-11,2.60352e-06,0.02893518563,-0.02199074626,-0.6189848029,0.0422152527
1273,6.365000,-0.6159696393,0.03412617557,2.920627594e-06,-2.264976501e-06,-2.264976501e-06,1.794099808e-05,0,4.72689e-11,2.58652e-06,0.02893518563,-0.02256944776,-0.6187333635,0.04223726378
1274,6.370000,-0.6148104258,0.03375167027,2.920627594e-06,-2.324581146e-06,-2.324581146e-06,1.794099808e-05,0,4.69953e-11,2.5691e-06,0.02893518563,-0.02314814925,-0.6182850877,0.04211418521
1275,6.375000,-0.6143718027,0.0343174506,2.920627594e-06,-2.384185791e-06,-2.384185791e-06,1.794099808e-05,0,4.67146e-11,2.55127e-06,0.02893518563,-0.02372685075,-0.6176491017,0.04223467416
1276,6.380000,-0.6136093587,0.03460912779,2.920627594e-06,-2.443790436e-06,-2.443790436e-06,1.794099808e-05,0,4.64269e-11,2.53303e-06,0.02893518563,-0.02430555224,-0.6168348987,0.04254660102
1277,6.385000,-0.6130742952,0.03500263114,2.920627594e-06,-2.503395081e-06,-2.503395081e-06,1.794099808e-05,0,4.6132e-11,2.51438e-06,0.02893518563,-0.02488425374,-0.6158523095,0.04273334776
1278,6.390000,-0.6121951528,0.03516015224,2.920627594e-06,-2.562999725e-06,-2.562999725e-06,1.794099808e-05,0,4.583e-11,2.49533e-06,0.02893518563,-0.02546297014,-0.614711471,0.04284379138
1279,6.395000,-0.610745281,0.03529053833,2.920627594e-06,-2.62260437e-06,-2.62260437e-06,1.794099808e-05,0,4.55209e-11,2.47588e-06,0.02893518563,-0.02604167163,-0.6134227952,0.04293917918
1280,6.400000,-0.6092077717,0.03563278541,2.920627594e-06,-2.682209015e-06,-2.682209015e-06,1.794099808e-05,0,4.52047e-11,2.45603e-06,0.02893518563,-0.02662037313,-0.6119969369,0.04270215314
1281,6.405000,-0.6083821803,0.03616396058,2.920627594e-06,-2.74181366e-06,-2.74181366e-06,1.794099808e-05,0,4.48814e-11,2.43579e-06,0.02893518563,-0.02719907463,-0.6104447604,0.04275490708
1282,6.410000,-0.6066027619,0.03651459701,2.920627594e-06,-2.801418304e-06,-2.801418304e-06,1.794099808e-05,0,4.4551e-11,2.41515e-06,0.02893518563,-0.02777777612,-0.608777307,0.04244807313
1283,6.415000,-0.6049930751,0.03684647195,2.920627594e-06,-2.861022949e-06,-2.861022949e-06,1.794099808e-05,0,4.42135e-11,2.39413e-06,0.02893518563,-0.02835647762,-0.6070057603,0.04242910997
1284,6.420000,-0.6028980613,0.03668965027,2.920627594e-06,-2.920627594e-06,-2.920627594e-06,1.794099808e-05,0,4.38689e-11,2.37271e-06,0.02893518563,-0.02893517911,-0.6051414129,0.04243731833
1285,6.425000,-0.6004975885,0.03634189814,2.920627594e-06,-2.980232239e-06,-2.980232239e-06,1.782178879e-05,0,4.3169e-11,2.34669e-06,0.02893518563,-0.02951389551,-0.6031956318,0.04254624753
1286,6.430000,-0.5983781405,0.03615587018,2.920627594e-06,-2.980232239e-06,-2.980232239e-06,1.77025795e-05,0,4.28209e-11,2.34239e-06,0.02893518563,-0.02951389551,-0.6011798239,0.0422650659
1287,6.435000,-0.5964991041,0.03637155984,2.920627594e-06,-2.980232239e-06,-2.980232239e-06,1.758337021e-05,0,4.24727e-11,2.33804e-06,0.02893518563,-0.02951389551,-0.5991054021,0.04225423385
1288,6.440000,-0.593923904,0.03572929837,2.920627594e-06,-2.980232239e-06,-2.980232239e-06,1.746416092e-05,0,4.21245e-11,2.33362e-06,0.02893518563,-0.02951389551,-0.5969837506,0.04228632374
1289,6.445000,-0.5918165371,0.03554172255,2.920627594e-06,-2.980232239e-06,-2.980232239e-06,1.734495163e-05,0,4.17764e-11,2.32913e-06,0.02893518563,-0.02951389551,-0.5948261906,0.0423169746
1290,6.450000,-0.5890500695,0.03486965038,2.920627594e-06,-2.980232239e-06,-2.980232239e-06,1.722574234e-05,0,4.14282e-11,2.32458e-06,0.02893518563,-0.02951389551,-0.5926439471,0.04259773732
1291,6.455000,-0.5866102986,0.03472008742,2.920627594e-06,-2.980232239e-06,-2.980232239e-06,1.710653305e-05,0,4.108e-11,2.31996e-06,0.02893518563,-0.02951389551,-0.5904481149,0.04242212556
1292,6.460000,-0.5853493176,0.03541469388,2.920627594e-06,-2.980232239e-06,-2.980232239e-06,1.698732376e-05,0,4.07319e-11,2.31527e-06,0.02893518563,-0.02951389551,-0.5882496259,0.04273987813
1293,6.465000,-0.5833648182,0.03554622829,2.920627594e-06,-2.980232239e-06,-2.980232239e-06,1.686811447e-05,0,4.03837e-11,2.31051e-06,0.02893518563,-0.02951389551,-0.5860592165,0.04272546587
1294,6.470000,-0.5806999654,0.03511020727,2.920627594e-06,-2.980232239e-06,-2.980232239e-06,1.674890518e-05,0,4.00355e-11,2.30568e-06,0.02893518563,-0.02951389551,-0.5838873962,0.04255843027
1295,6.475000,-0.5788876303,0.03570731822,2.920627594e-06,-2.980232239e-06,-2.980232239e-06,1.662969589e-05,0,3.96874e-11,2.30078e-06,0.02893518563,-0.02951389551,-0.5817444159,0.04265470735
1296,6.480000,-0.5768922232,0.03587165475,2.920627594e-06,-2.980232239e-06,-2.980232239e-06,1.65104866e-05,0,3.93392e-11,2.2958e-06,0.02893518563,-0.02951389551,-0.5796402388,0.04288713765
1297,6.485000,-0.5752416886,0.03618718218,2.920627594e-06,-2.980232239e-06,-2.980232239e-06,1.639127731e-05,0,3.8991e-11,2.29074e-06,0.02893518563,-0.02951389551,-0.57758451,0.04309302527
1298,6.490000,-0.5732612386,0.03596735001,2.920627594e-06,-2.980232239e-06,-2.980232239e-06,1.627206802e-05,0,3.86429e-11,2.2856e-06,0.02893518563,-0.02951389551,-0.5755865294,0.0431217741
1299,6.495000,-0.5717514232,0.03647320718,2.920627594e-06,-2.980232239e-06,-2.980232239e-06,1.615285873e-05,0,3.82947e-11,2.28038e-06,0.02893518563,-0.02951389551,-0.5736552236,0.0431577033
1300,6.500000,-0.56955624,0.03602623846,2.920627594e-06,-2.980232239e-06,-2.980232239e-06,1.603364944e-05,0,3.79465e-11,2.27508e-06,0.02893518563,-0.02951389551,-0.5717991208,0.0432939727
1301,6.505000,-0.567628853,0.03593175579,2.920627594e-06,-2.980232239e-06,-2.980232239e-06,1.591444016e-05,0,3.75984e-11,2.2697e-06,0.02893518563,-0.02951389551,-0.5700263254,0.04323257112
1302,6.510000,-0.5658608004,0.0360690048,2.920627594e-06,-2.980232239e-06,-2.980232239e-06,1.579523087e-05,0,3.72502e-11,2.26423e-06,0.02893518563,-0.02951389551,-0.5683444952,0.0431783236
1303,6.515000,-0.5649609454,0.03651135042,2.920627594e-06,-2.980232239e-06,-2.980232239e-06,1.567602158e-05,0,3.6902e-11,2.25867e-06,0.02893518563,-0.02951389551,-0.5667608187,0.04321380511
1304,6.520000,-0.5634275265,0.03653333243,2.920627594e-06,-2.980232239e-06,-2.980232239e-06,1.555681229e-05,0,3.65539e-11,2.25301e-06,0.02893518563,-0.02951389551,-0.5652819952,0.0428500664
1305,6.525000,-0.5624050274,0.03701459244,2.920627594e-06,-2.980232239e-06,-2.980232239e-06,1.5437603e-05,0,3.62057e-11,2.24727e-06,0.02893518563,-0.02951389551,-0.5639142154,0.04292078062
1306,6.530000,-0.5617388934,0.03707481641,2.920627594e-06,-2.980232239e-06,-2.980232239e-06,1.531839371e-05,0,3.58575e-11,2.24143e-06,0.02893518563,-0.02951389551,-0.562663144,0.04303413109
1307,6.535000,-0.5603436604,0.03697976004,2.920627594e-06,-2.980232239e-06,-2.980232239e-06,1.519918442e-05,0,3.55094e-11,2.2355e-06,0.02893518563,-0.02951389551,-0.5615339034,0.04332386771
1308,6.540000,-0.5593956597,0.03715663869,2.920627594e-06,-2.980232239e-06,-2.980232239e-06,1.507997513e-05,0,3.51612e-11,2.22947e-06,0.02893518563,-0.02951389551,-0.56053106,0.04358412007
1309,6.545000,-0.5586352907,0.03706598096,2.920627594e-06,-2.980232239e-06,-2.980232239e-06,1.496076584e-05,0,3.4813e-11,2.22333e-06,0.02893518563,-0.02951389551,-0.5596586115,0.04356829801
1310,6.550000,-0.5586911961,0.03785341885,2.920627594e-06,-2.980232239e-06,-2.980232239e-06,1.484155655e-05,0,3.44649e-11,2.21709e-06,0.02893518563,-0.02951389551,-0.5589199755,0.04343925306
1311,6.555000,-0.5585779548,0.03840008844,2.920627594e-06,-2.980232239e-06,-2.980232239e-06,1.472234726e-05,0,3.41167e-11,2.21074e-06,0.02893518563,-0.02951389551,-0.5583179811,0.04387669533
1312,6.560000,-0.5577754118,0.03800771758,2.920627594e-06,-2.980232239e-06,-2.980232239e-06,1.460313797e-05,0,3.37685e-11,2.20429e-06,0.02893518563,-0.02951389551,-0.5578548613,0.04323479104
1313,6.565000,-0.5576945022,0.03834134806,2.920627594e-06,-2.980232239e-06,-2.980232239e-06,1.448392868e-05,0,3.34204e-11,2.19772e-06,0.02893518563,-0.02951389551,-0.5575322473,0.04322620185
1314,6.570000,-0.5577470623,0.03854770306,2.920627594e-06,-2.980232239e-06,-2.980232239e-06,1.436471939e-05,0,3.30722e-11,2.19104e-06,0.02893518563,-0.02951389551,-0.557351165,0.04320588692
1315,6.575000,-0.5575312078,0.03872899245,2.920627594e-06,-2.980232239e-06,-2.980232239e-06,1.42455101e-05,0,3.2724e-11,2.18424e-06,0.02893518563,-0.02951389551,-0.5573120333,0.04294631689
1316,6.580000,-0.5569750927,0.03802699596,2.920627594e-06,-2.980232239e-06,-2.980232239e-06,1.412630081e-05,0,3.23759e-11,2.17732e-06,0.02893518563,-0.02951389551,-0.5574146634,0.04296615018
1317,6.585000,-0.5574001521,0.03793477081,2.920627594e-06,-2.980232239e-06,-2.980232239e-06,1.400709152e-05,0,3.20277e-11,2.17028e-06,0.02893518563,-0.02951389551,-0.5576582613,0.04285858762
1318,6.590000,-0.5572716184,0.03757189773,2.920627594e-06,-2.980232239e-06,-2.980232239e-06,1.388788223e-05,0,3.16795e-11,2.1631e-06,0.02893518563,-0.02951389551,-0.558041431,0.04291337796
1319,6.595000,-0.5572176278,0.03713402245,2.920627594e-06,-2.980232239e-06,-2.980232239e-06,1.376867294e-05,0,3.13314e-11,2.1558e-06,0.02893518563,-0.02951389551,-0.5585621798,0.04237389514
1320,6.600000,-0.5582706071,0.03732716199,2.920627594e-06,-2.980232239e-06,-2.980232239e-06,1.364946365e-05,0,3.09832e-11,2.14837e-06,0.02893518563,-0.02951389551,-0.5592179257,0.04215716715
1321,6.605000,-0.5592179969,0.03720577527,2.920627594e-06,-2.980232239e-06,-2.980232239e-06,1.353025436e-05,0,3.06351e-11,2.1408e-06,0.02893518563,-0.02951389551,-0.5600055064,0.04200045175
1322,6.610000,-0.5598833971,0.03717518784,2.920627594e-06,-2.980232239e-06,-2.980232239e-06,1.341104507e-05,0,3.02869e-11,2.13309e-06,0.02893518563,-0.02951389551,-0.5609211899,0.04191058531
1323,6.615000,-0.5604564212,0.03681195993,2.920627594e-06,-2.980232239e-06,-2.980232239e-06,1.329183578e-05,0,2.99387e-11,2.12524e-06,0.02893518563,-0.02951389551,-0.5619606867,0.04177953949
1324,6.620000,-0.5614916719,0.0366988359,2.920627594e-06,-2.980232239e-06,-2.980232239e-06,1.31726265e-05,0,2.95906e-11,2.11724e-06,0.02893518563,-0.02951389551,-0.5631191642,0.04196966864
1325,6.625000,-0.5628048331,0.0367147522,2.920627594e-06,-2.980232239e-06,-2.980232239e-06,1.305341721e-05,0,2.92424e-11,2.10909e-06,0.02893518563,-0.02951389551,-0.5643912624,0.04174682439
1326,6.630000,-0.5637227371,0.0361166019,2.920627594e-06,-2.980232239e-06,-2.980232239e-06,1.293420792e-05,0,2.88942e-11,2.10078e-06,0.02893518563,-0.02951389551,-0.565771111,0.04179188921
1327,6.635000,-0.5651391633,0.03587940428,2.920627594e-06,-2.980232239e-06,-2.980232239e-06,1.281499863e-05,0,2.85461e-11,2.09231e-06,0.02893518563,-0.02951389551,-0.5672523483,0.04175508686
1328,6.640000,-0.5662362352,0.03547587246,2.920627594e-06,-2.980232239e-06,-2.980232239e-06,1.269578934e-05,0,2.81979e-11,2.08368e-06,0.02893518563,-0.02951389551,-0.5688281415,0.04169267792
1329,6.645000,-0.5684529245,0.03535059281,2.920627594e-06,-2.980232239e-06,-2.980232239e-06,1.257658005e-05,0,2.78497e-11,2.07488e-06,0.02893518563,-0.02951389551,-0.5704912087,0.04196502869
1330,6.650000,-0.5704974458,0.03552987985,2.920627594e-06,-2.980232239e-06,-2.980232239e-06,1.245737076e-05,0,2.75016e-11,2.06591e-06,0.02893518563,-0.02951389551,-0.5722338415,0.04192660948
1331,6.655000,-0.5727412589,0.03572724201,2.920627594e-06,-2.980232239e-06,-2.980232239e-06,1.233816147e-05,0,2.71534e-11,2.05676e-06,0.02893518563,-0.02951389551,-0.5740479297,0.04158683433
1332,6.660000,-0.5743435398,0.0351972105,2.920627594e-06,-2.980232239e-06,-2.980232239e-06,1.221895218e-05,0,2.68052e-11,2.04743e-06,0.02893518563,-0.02951389551,-0.5759249871,0.0415293152
1333,6.665000,-0.576471597,0.03519270848,2.920627594e-06,-2.980232239e-06,-2.980232239e-06,1.209974289e-05,0,2.64571e-11,2.03791e-06,0.02893518563,-0.02951389551,-0.5778561775,0.04152189049
1334,6.670000,-0.5784381591,0.03538627643,2.920627594e-06,-2.980232239e-06,-2.980232239e-06,1.19805336e-05,0,2.61089e-11,2.0282e-06,0.02893518563,-0.02951389551,-0.5798323432,0.04167415327
1335,6.675000,-0.5804070048,0.03539662436,2.920627594e-06,-2.980232239e-06,-2.980232239e-06,1.186132431e-05,0,2.57607e-11,2.01829e-06,0.02893518563,-0.02951389551,-0.5818440335,0.04165689286
1336,6.680000,-0.5831615441,0.0359186437,2.920627594e-06,-2.980232239e-06,-2.980232239e-06,1.174211502e-05,0,2.54126e-11,2.00817e-06,0.02893518563,-0.02951389551,-0.5838815345,0.04127858525
1337,6.685000,-0.5849819034,0.03594495263,2.920627594e-06,-2.980232239e-06,-2.980232239e-06,1.162290573e-05,0,2.50644e-11,1.99785e-06,0.02893518563,-0.02951389551,-0.5859348993,0.04147632827
1338,6.690000,-0.5865662619,0.03569215629,2.920627594e-06,-2.980232239e-06,-2.980232239e-06,1.150369644e-05,0,2.47162e-11,1.98731e-06,0.02893518563,-0.02951389551,-0.5879939793,0.04120520886
1339,6.695000,-0.5882828124,0.03561669867,2.920627594e-06,-2.980232239e-06,-2.980232239e-06,1.138448715e-05,0,2.43681e-11,1.97655e-06,0.02893518563,-0.02951389551,-0.5900484565,0.04116786351
1340,6.700000,-0.590667069,0.03587174509,2.920627594e-06,-2.980232239e-06,-2.980232239e-06,1.126527786e-05,0,2.40199e-11,1.96557e-06,0.02893518563,-0.02951389551,-0.592087875,0.04127908597
1341,6.705000,-0.592402149,0.03557865974,2.920627594e-06,-2.980232239e-06,-2.980232239e-06,1.114606857e-05,0,2.36717e-11,1.95435e-06,0.02893518563,-0.02951389551,-0.5941016747,0.04121331274
1342,6.710000,-0.5944228694,0.03588428348,2.920627594e-06,-2.980232239e-06,-2.980232239e-06,1.102685928e-05,0,2.33236e-11,1.94289e-06,0.02893518563,-0.02951389551,-0.5960792237,0.04153584823
1343,6.715000,-0.595982112,0.03586688545,2.920627594e-06,-2.980232239e-06,-2.980232239e-06,1.090764999e-05,0,2.29754e-11,1.93118e-06,0.02893518563,-0.02951389551,-0.5980098524,0.04186940648
1344,6.720000,-0.5980914682,0.03589891922,2.920627594e-06,-2.980232239e-06,-2.980232239e-06,1.07884407e-05,0,2.26272e-11,1.91921e-06,0.02893518563,-0.02951389551,-0.5998828865,0.04163603202
1345,6.725000,-0.599832274,0.0359068783,2.920627594e-06,-2.980232239e-06,-2.980232239e-06,1.066923141e-05,0,2.22791e-11,1.90699e-06,0.02893518563,-0.02951389551,-0.6016876808,0.0418346196
1346,6.730000,-0.60132052,0.03579472844,2.920627594e-06,-2.980232239e-06,-2.980232239e-06,1.055002213e-05,0,2.19309e-11,1.89449e-06,0.02893518563,-0.02951389551,-0.603413653,0.04153934126
1347,6.735000,-0.60330173,0.03620518092,2.920627594e-06,-2.980232239e-06,-2.980232239e-06,1.043081284e-05,0,2.15827e-11,1.88171e-06,0.02893518563,-0.02951389551,-0.6050503167,0.04178289074
1348,6.740000,-0.6051125079,0.03622800019,2.920627594e-06,-2.980232239e-06,-2.980232239e-06,1.031160355e-05,0,2.12346e-11,1.86865e-06,0.02893518563,-0.02951389551,-0.606587315,0.04138425255
1349,6.745000,-0.6059787422,0.03603058401,2.920627594e-06,-2.980232239e-06,-2.980232239e-06,1.019239426e-05,0,2.08864e-11,1.85529e-06,0.02893518563,-0.02951389551,-0.6080144531,0.0414113564
1350,6.750000,-0.6076497883,0.03610448912,2.920627594e-06,-2.980232239e-06,-2.980232239e-06,1.007318497e-05,0,2.05382e-11,1.84163e-06,0.02893518563,-0.02951389551,-0.6093217306,0.04126965075
1351,6.755000,-0.6088929623,0.03621838149,2.920627594e-06,-2.980232239e-06,-2.980232239e-06,9.953975677e-06,0,2.01901e-11,1.82766e-06,0.02893518563,-0.02951389551,-0.6104993738,0.04128109887
1352,6.760000,-0.6094907597,0.03608161956,2.920627594e-06,-2.980232239e-06,-2.980232239e-06,9.834766388e-06,0,1.98419e-11,1.81337e-06,0.02893518563,-0.02951389551,-0.6115378667,0.04129517168
1353,6.765000,-0.6105325967,0.03623528127,2.920627594e-06,-2.980232239e-06,-2.980232239e-06,9.715557098e-06,0,1.94937e-11,1.79874e-06,0.02893518563,-0.02951389551,-0.6124279814,0.04115818628
1354,6.770000,-0.6113639288,0.03628144599,2.920627594e-06,-2.980232239e-06,-2.980232239e-06,9.596347809e-06,0,1.91456e-11,1.78377e-06,0.02893518563,-0.02951389551,-0.6131608081,0.04113443972
1355,6.775000,-0.6124744043,0.03649961762,2.920627594e-06,-2.980232239e-06,-2.980232239e-06,9.477138519e-06,0,1.87974e-11,1.76845e-06,0.02893518563,-0.02951389551,-0.6137277839,0.04163197115
1356,6.780000,-0.6127725579,0.03647953738,2.920627594e-06,-2.980232239e-06,-2.980232239e-06,9.35792923e-06,0,1.84492e-11,1.75277e-06,0.02893518563,-0.02951389551,-0.6141207207,0.04190508823
1357,6.785000,-0.6127137616,0.03636243567,2.920627594e-06,-2.980232239e-06,-2.980232239e-06,9.23871994e-06,0,1.81011e-11,1.73671e-06,0.02893518563,-0.02951389551,-0.6143318318,0.04187460907
1358,6.790000,-0.6126055755,0.03630193323,2.920627594e-06,-2.980232239e-06,-2.980232239e-06,9.119510651e-06,0,1.77529e-11,1.72026e-06,0.02893518563,-0.02951389551,-0.6143537579,0.04162774692
1359,6.795000,-0.6127075292,0.0366610717,2.920627594e-06,-2.980232239e-06,-2.980232239e-06,9.000301361e-06,0,1.74047e-11,1.70342e-06,0.02893518563,-0.02951389551,-0.6141795914,0.04181836455
1360,6.800000,-0.611862544,0.03670539148,2.920627594e-06,-2.980232239e-06,-2.980232239e-06,8.881092072e-06,0,1.70566e-11,1.68617e-06,0.02893518563,-0.02951389551,-0.6138028995,0.0415448435
1361,6.805000,-0.6111024059,0.03638483398,2.920627594e-06,-2.980232239e-06,-2.980232239e-06,8.761882782e-06,0,1.67084e-11,1.6685e-06,0.02893518563,-0.02951389551,-0.6132177463,0.04173230706
1362,6.810000,-0.6098763049,0.03620731737,2.920627594e-06,-2.980232239e-06,-2.980232239e-06,8.642673492e-06,0,1.63602e-11,1.6504e-06,0.02893518563,-0.02951389551,-0.612418713,0.0413992701
1363,6.815000,-0.6090708598,0.03629881702,2.920627594e-06,-2.980232239e-06,-2.980232239e-06,8.523464203e-06,0,1.60121e-11,1.63185e-06,0.02893518563,-0.02951389551,-0.6114009167,0.04121030956
1364,6.820000,-0.6077841856,0.03615433909,2.920627594e-06,-2.980232239e-06,-2.980232239e-06,8.404254913e-06,0,1.56639e-11,1.61283e-06,0.02893518563,-0.02951389551,-0.6101600284,0.04104807169
1365,6.825000,-0.6065364331,0.03644331079,2.920627594e-06,-2.980232239e-06,-2.980232239e-06,8.285045624e-06,0,1.53157e-11,1.59334e-06,0.02893518563,-0.02951389551,-0.608692288,0.04123718374
1366,6.830000,-0.6049508564,0.03658154141,2.920627594e-06,-2.980232239e-06,-2.980232239e-06,8.165836334e-06,0,1.49676e-11,1.57337e-06,0.02893518563,-0.02951389551,-0.6069945192,0.04113321733
1367,6.835000,-0.6035949588,0.03694030736,2.920627594e-06,-2.980232239e-06,-2.980232239e-06,8.046627045e-06,0,1.46194e-11,1.55288e-06,0.02893518563,-0.02951389551,-0.6050641413,0.04066404922
1368,6.840000,-0.601208996,0.03688620776,2.920627594e-06,-2.980232239e-06,-2.980232239e-06,7.927417755e-06,0,1.42713e-11,1.53188e-06,0.02893518563,-0.02951389551,-0.6028991807,0.04070992241
1369,6.845000,-0.5990189016,0.03733351827,2.920627594e-06,-2.980232239e-06,-2.980232239e-06,7.808208466e-06,0,1.39231e-11,1.51034e-06,0.02893518563,-0.02951389551,-0.6004982795,0.04046020687
1370,6.850000,-0.5963618979,0.03705338296,2.920627594e-06,-2.980232239e-06,-2.980232239e-06,7.688999176e-06,0,1.35749e-11,1.48825e-06,0.02893518563,-0.02951389551,-0.5978607027,0.04021468432
1371,6.855000,-0.5930217132,0.03698281012,2.920627594e-06,-2.980232239e-06,-2.980232239e-06,7.569789886e-06,0,1.32268e-11,1.4656e-06,0.02893518563,-0.02951389551,-0.594986344,0.03988285308
1372,6.860000,-0.5899717472,0.03718918934,2.920627594e-06,-2.980232239e-06,-2.980232239e-06,7.450580597e-06,0,1.28786e-11,1.44236e-06,0.02893518563,-0.02951389551,-0.591875729,0.03981064817
1373,6.865000,-0.5869084895,0.03738394845,2.920627594e-06,-2.980232239e-06,-2.980232239e-06,7.331371307e-06,0,1.25304e-11,1.41851e-06,0.02893518563,-0.02951389551,-0.5885300175,0.03976865423
1374,6.870000,-0.583584711,0.0372809954,2.920627594e-06,-2.980232239e-06,-2.980232239e-06,7.212162018e-06,0,1.21823e-11,1.39405e-06,0.02893518563,-0.02951389551,-0.5849510029,0.03975777499
1375,6.875000,-0.5797689483,0.03709509503,2.920627594e-06,-2.980232239e-06,-2.980232239e-06,7.092952728e-06,0,1.18341e-11,1.36895e-06,0.02893518563,-0.02951389551,-0.5811411107,0.03982422676
1376,6.880000,-0.5751553811,0.03670834098,2.920627594e-06,-2.980232239e-06,-2.980232239e-06,6.973743439e-06,0,1.14859e-11,1.3432e-06,0.02893518563,-0.02951389551,-0.5771033949,0.03958929737
1377,6.885000,-0.5711231902,0.03712398373,2.920627594e-06,-2.980232239e-06,-2.980232239e-06,6.854534149e-06,0,1.11378e-11,1.31677e-06,0.02893518563,-0.02951389551,-0.5728415321,0.0396022531
1378,6.890000,-0.5670002587,0.03751976602,2.920627594e-06,-2.980232239e-06,-2.980232239e-06,6.73532486e-06,0,1.07896e-11,1.28965e-06,0.02893518563,-0.02951389551,-0.5683598141,0.03984048476
1379,6.895000,-0.5622524954,0.0376795046,2.920627594e-06,-2.980232239e-06,-2.980232239e-06,6.61611557e-06,0,1.04414e-11,1.26181e-06,0.02893518563,-0.02951389551,-0.5636631392,0.03928486604
1380,6.900000,-0.5572729819,0.03755210619,2.920627594e-06,-2.980232239e-06,-2.980232239e-06,6.496906281e-06,0,1.00933e-11,1.23325e-06,0.02893518563,-0.02951389551,-0.5587570009,0.03923878967
1381,6.905000,-0.5518394746,0.03769647889,2.920627594e-06,-2.980232239e-06,-2.980232239e-06,6.377696991e-06,0,9.74509e-12,1.20393e-06,0.02893518563,-0.02951389551,-0.5536474753,0.03933947826
1382,6.910000,-0.5465760306,0.03780347947,2.920627594e-06,-2.980232239e-06,-2.980232239e-06,6.258487701e-06,0,9.39693e-12,1.17384e-06,0.02893518563,-0.02951389551,-0.5483412067,0.03927451561
1383,6.915000,-0.5412088707,0.03821606096,2.920627594e-06,-2.980232239e-06,-2.980232239e-06,6.139278412e-06,0,9.04876e-12,1.14296e-06,0.02893518563,-0.02951389551,-0.5428453916,0.03958422658
1384,6.920000,-0.53508294,0.03798038792,2.920627594e-06,-2.980232239e-06,-2.980232239e-06,6.020069122e-06,0,8.7006e-12,1.11127e-06,0.02893518563,-0.02951389551,-0.5371677609,0.03937722524
1385,6.925000,-0.5292500518,0.03782189451,2.920627594e-06,-2.980232239e-06,-2.980232239e-06,5.900859833e-06,0,8.35243e-12,1.07874e-06,0.02893518563,-0.02951389551,-0.5313165608,0.03916895963
1386,6.930000,-0.5233105123,0.0381925432,2.920627594e-06,-2.920627594e-06,-2.920627594e-06,5.900859833e-06,0,8.70415e-12,1.13195e-06,0.02893518563,-0.02893517911,-0.525300532,0.03949229574
1387,6.935000,-0.5175674595,0.03832534421,2.920627594e-06,-2.861022949e-06,-2.861022949e-06,5.900859833e-06,0,9.04876e-12,1.18493e-06,0.02893518563,-0.02835647762,-0.5191288871,0.03963388121
1388,6.940000,-0.5111220069,0.03842639178,2.920627594e-06,-2.801418304e-06,-2.801418304e-06,5.900859833e-06,0,9.38627e-12,1.23767e-06,0.02893518563,-0.02777777612,-0.5128112873,0.03947047633
1389,6.945000,-0.5046534277,0.03846193012,2.920627594e-06,-2.74181366e-06,-2.74181366e-06,5.900859833e-06,0,9.71667e-12,1.29017e-06,0.02893518563,-0.02719907463,-0.5063578174,0.03917346409
1390,6.950000,-0.4980245382,0.03845361806,2.920627594e-06,-2.682209015e-06,-2.682209015e-06,5.900859833e-06,0,1.004e-11,1.34241e-06,0.02893518563,-0.02662037313,-0.4997789593,0.03903946728
1391,6.955000,-0.4913680442,0.03866731655,2.920627594e-06,-2.62260437e-06,-2.62260437e-06,5.900859833e-06,0,1.03562e-11,1.39437e-06,0.02893518563,-0.02604167163,-0.4930855645,0.03933627548
1392,6.960000,-0.4842037372,0.03841923829,2.920627594e-06,-2.562999725e-06,-2.562999725e-06,5.900859833e-06,0,1.06652e-11,1.44605e-06,0.02893518563,-0.02546297014,-0.4862888259,0.03906351436
1393,6.965000,-0.4773618542,0.03835424222,2.920627594e-06,-2.503395081e-06,-2.503395081e-06,5.900859833e-06,0,1.09672e-11,1.49742e-06,0.02893518563,-0.02488425374,-0.4794002475,0.03882720353
1394,6.970000,-0.4704295285,0.03852730244,2.920627594e-06,-2.443790436e-06,-2.443790436e-06,5.900859833e-06,0,1.12621e-11,1.54848e-06,0.02893518563,-0.02430555224,-0.4724316145,0.03900557683
1395,6.975000,-0.463535212,0.0386908073,2.920627594e-06,-2.384185791e-06,-2.384185791e-06,5.900859833e-06,0,1.15499e-11,1.5992e-06,0.02893518563,-0.02372685075,-0.4653949614,0.03898271799
1396,6.980000,-0.4563908204,0.03885310888,2.920627594e-06,-2.324581146e-06,-2.324581146e-06,5.900859833e-06,0,1.18305e-11,1.64956e-06,0.02893518563,-0.02314814925,-0.4583025398,0.03894842212
1397,6.985000,-0.4495812841,0.03909433261,2.920627594e-06,-2.264976501e-06,-2.264976501e-06,5.900859833e-06,0,1.21041e-11,1.69955e-06,0.02893518563,-0.02256944776,-0.4511667855,0.03901907223
1398,6.990000,-0.4423267171,0.03918554261,2.920627594e-06,-2.205371857e-06,-2.205371857e-06,5.900859833e-06,0,1.23705e-11,1.74914e-06,0.02893518563,-0.02199074626,-0.4440002849,0.03901353632
1399,6.995000,-0.4355486594,0.03933741804,2.920627594e-06,-2.145767212e-06,-2.145767212e-06,5.900859833e-06,0,1.26299e-11,1.79832e-06,0.02893518563,-0.02141202986,-0.4368157411,0.03891328499
1400,7.000000,-0.4287536852,0.03944838326,2.920627594e-06,-2.086162567e-06,-2.086162567e-06,5.900859833e-06,0,1.28821e-11,1.84705e-06,0.02893518563,-0.02083332837,-0.4296259392,0.03886297246
1401,7.005000,-0.4214894436,0.03922457807,2.920627594e-06,-2.026557922e-06,-2.026557922e-06,5.900859833e-06,0,1.31273e-11,1.89531e-06,0.02893518563,-0.02025462687,-0.4224437117,0.03891629669
1402,7.010000,-0.4142731428,0.03931869008,2.920627594e-06,-1.966953278e-06,-1.966953278e-06,5.900859833e-06,0,1.33653e-11,1.94308e-06,0.02893518563,-0.01967592537,-0.4152819034,0.03895828666
1403,7.015000,-0.407289274,0.03944122884,2.920627594e-06,-1.907348633e-06,-1.907348633e-06,5.900859833e-06,0,1.35962e-11,1.99033e-06,0.02893518563,-0.01909722388,-0.4081533364,0.03858916029
1404,7.020000,-0.4001341686,0.03934811242,2.920627594e-06,-1.847743988e-06,-1.847743988e-06,5.900859833e-06,0,1.38201e-11,2.03701e-06,0.02893518563,-0.01851852238,-0.4010707746,0.03922651098
1405,7.025000,-0.3929615542,0.0392788304,2.920627594e-06,-1.788139343e-06,-1.788139343e-06,5.900859833e-06,0,1.40368e-11,2.08311e-06,0.02893518563,-0.01793982089,-0.3940468893,0.03965165963
1406,7.030000,-0.3856149428,0.03890391998,2.920627594e-06,-1.728534698e-06,-1.728534698e-06,5.900859833e-06,0,1.42464e-11,2.12858e-06,0.02893518563,-0.01736110449,-0.3870942238,0.04000021885
1407,7.035000,-0.3789022714,0.03896135185,2.920627594e-06,-1.668930054e-06,-1.668930054e-06,5.960464478e-06,0,1.4623e-11,2.18323e-06,0.02893518563,-0.01678240299,-0.380225159,0.0402569704
1408,7.040000,-0.3725753166,0.03932445217,2.920627594e-06,-1.609325409e-06,-1.609325409e-06,6.020069122e-06,0,1.49925e-11,2.23617e-06,0.02893518563,-0.0162037015,-0.373451879,0.04029078901
1409,7.045000,-0.3664672785,0.03963573184,2.920627594e-06,-1.609325409e-06,-1.609325409e-06,6.079673767e-06,0,1.51665e-11,2.2452e-06,0.02893518563,-0.0162037015,-0.3667863379,0.04045469525
1410,7.050000,-0.3605492376,0.03975343704,2.920627594e-06,-1.609325409e-06,-1.609325409e-06,6.139278412e-06,0,1.53406e-11,2.25402e-06,0.02893518563,-0.0162037015,-0.3602402259,0.04042317412
1411,7.055000,-0.354566481,0.03989249468,2.920627594e-06,-1.609325409e-06,-1.609325409e-06,6.198883057e-06,0,1.55147e-11,2.26266e-06,0.02893518563,-0.0162037015,-0.3538249375,0.04073514455
1412,7.060000,-0.3485594317,0.03993652202,2.920627594e-06,-1.609325409e-06,-1.609325409e-06,6.258487701e-06,0,1.56888e-11,2.2711e-06,0.02893518563,-0.0162037015,-0.3475515391,0.04061913434
1413,7.065000,-0.3421930633,0.0398957422,2.920627594e-06,-1.609325409e-06,-1.609325409e-06,6.318092346e-06,0,1.58629e-11,2.27936e-06,0.02893518563,-0.0162037015,-0.3414307387,0.04066863181
1414,7.070000,-0.3369562216,0.04006773233,2.920627594e-06,-1.609325409e-06,-1.609325409e-06,6.377696991e-06,0,1.60369e-11,2.28743e-06,0.02893518563,-0.0162037015,-0.3354728555,0.04081934322
1415,7.075000,-0.3308610655,0.03998359572,2.920627594e-06,-1.609325409e-06,-1.609325409e-06,6.437301636e-06,0,1.6211e-11,2.29534e-06,0.02893518563,-0.0162037015,-0.3296877912,0.04102465201
1416,7.080000,-0.3254716173,0.03997813165,2.920627594e-06,-1.609325409e-06,-1.609325409e-06,6.496906281e-06,0,1.63851e-11,2.30307e-06,0.02893518563,-0.0162037015,-0.3240850021,0.04067943957
1417,7.085000,-0.3198392466,0.03984965011,2.920627594e-06,-1.609325409e-06,-1.609325409e-06,6.556510925e-06,0,1.65592e-11,2.31064e-06,0.02893518563,-0.0162037015,-0.3186734724,0.04040555243
1418,7.090000,-0.314831052,0.03982162476,2.920627594e-06,-1.609325409e-06,-1.609325409e-06,6.61611557e-06,0,1.67333e-11,2.31805e-06,0.02893518563,-0.0162037015,-0.313461689,0.04037773678
1419,7.095000,-0.3100388311,0.03989673406,2.920627594e-06,-1.609325409e-06,-1.609325409e-06,6.675720215e-06,0,1.69074e-11,2.3253e-06,0.02893518563,-0.0162037015,-0.3084576169,0.04013936194
1420,7.100000,-0.3055018522,0.03989356477,2.920627594e-06,-1.609325409e-06,-1.609325409e-06,6.73532486e-06,0,1.70814e-11,2.3324e-06,0.02893518563,-0.0162037015,-0.3036686774,0.04072956405
1421,7.105000,-0.3005985469,0.03976344783,2.920627594e-06,-1.609325409e-06,-1.609325409e-06,6.794929504e-06,0,1.72555e-11,2.33935e-06,0.02893518563,-0.0162037015,-0.2991017259,0.04094205371
1422,7.110000,-0.2966934741,0.03990746662,2.920627594e-06,-1.609325409e-06,-1.609325409e-06,6.854534149e-06,0,1.74296e-11,2.34616e-06,0.02893518563,-0.0162037015,-0.2947630331,0.04078691104
1423,7.115000,-0.2930234782,0.03987755906,2.920627594e-06,-1.609325409e-06,-1.609325409e-06,6.914138794e-06,0,1.76037e-11,2.35282e-06,0.02893518563,-0.0162037015,-0.2906582664,0.04056436839
1424,7.120000,-0.2891100012,0.03966095205,2.920627594e-06,-1.609325409e-06,-1.609325409e-06,6.973743439e-06,0,1.77778e-11,2.35936e-06,0.02893518563,-0.0162037015,-0.2867924734,0.04044458333
1425,7.125000,-0.2858810574,0.03975393251,2.920627594e-06,-1.609325409e-06,-1.609325409e-06,7.033348083e-06,0,1.79519e-11,2.36575e-06,0.02893518563,-0.0162037015,-0.2831700676,0.04010704386
1426,7.130000,-0.2826139331,0.03983270098,2.920627594e-06,-1.609325409e-06,-1.609325409e-06,7.092952728e-06,0,1.81259e-11,2.37202e-06,0.02893518563,-0.0162037015,-0.2797948146,0.04016558799
1427,7.135000,-0.2796320245,0.03962722328,2.920627594e-06,-1.609325409e-06,-1.609325409e-06,7.152557373e-06,0,1.83e-11,2.37817e-06,0.02893518563,-0.0162037015,-0.2766698216,0.03999212563
1428,7.140000,-0.2771437988,0.03989877366,2.920627594e-06,-1.609325409e-06,-1.609325409e-06,7.212162018e-06,0,1.84741e-11,2.38419e-06,0.02893518563,-0.0162037015,-0.2737975273,0.04009065398
1429,7.145000,-0.2741772421,0.03974806331,2.920627594e-06,-1.609325409e-06,-1.609325409e-06,7.271766663e-06,0,1.86482e-11,2.39009e-06,0.02893518563,-0.0162037015,-0.2711796945,0.04008637399
1430,7.150000,-0.2718465514,0.0396679109,2.920627594e-06,-1.609325409e-06,-1.609325409e-06,7.331371307e-06,0,1.88223e-11,2.39587e-06,0.02893518563,-0.0162037015,-0.2688174039,0.04026425135
1431,7.155000,-0.2699002326,0.03969865944,2.920627594e-06,-1.609325409e-06,-1.609325409e-06,7.390975952e-06,0,1.89964e-11,2.40154e-06,0.02893518563,-0.0162037015,-0.266711051,0.04045443365
1432,7.160000,-0.2682307512,0.03977025487,2.920627594e-06,-1.609325409e-06,-1.609325409e-06,7.450580597e-06,0,1.91704e-11,2.40711e-06,0.02893518563,-0.0162037015,-0.2648603427,0.04060977231
1433,7.165000,-0.2668468803,0.03977674991,2.920627594e-06,-1.609325409e-06,-1.609325409e-06,7.510185242e-06,0,1.93445e-11,2.41256e-06,0.02893518563,-0.0162037015,-0.2632642984,0.0408745025
1434,7.170000,-0.2657222003,0.03980996273,2.920627594e-06,-1.609325409e-06,-1.609325409e-06,7.569789886e-06,0,1.95186e-11,2.41791e-06,0.02893518563,-0.0162037015,-0.2619212506,0.04060675882
1435,7.175000,-0.2648190148,0.03979509603,2.920627594e-06,-1.609325409e-06,-1.609325409e-06,7.629394531e-06,0,1.96927e-11,2.42316e-06,0.02893518563,-0.0162037015,-0.260828849,0.04056326412
1436,7.180000,-0.2644592449,0.03984449524,2.920627594e-06,-1.609325409e-06,-1.609325409e-06,7.688999176e-06,0,1.98668e-11,2.42831e-06,0.02893518563,-0.0162037015,-0.259984066,0.04084360809
1437,7.185000,-0.2637966499,0.03979183733,2.920627594e-06,-1.609325409e-06,-1.609325409e-06,7.748603821e-06,0,2.00409e-11,2.43336e-06,0.02893518563,-0.0162037015,-0.2593832034,0.04080401013
1438,7.190000,-0.2631997392,0.03969879821,2.920627594e-06,-1.609325409e-06,-1.609325409e-06,7.808208466e-06,0,2.02149e-11,2.43832e-06,0.02893518563,-0.0162037015,-0.2590219022,0.04130180024
1439,7.195000,-0.2634296641,0.03966606129,2.920627594e-06,-1.609325409e-06,-1.609325409e-06,7.86781311e-06,0,2.0389e-11,2.44319e-06,0.02893518563,-0.0162037015,-0.2588951529,0.04158875979
1440,7.200000,-0.2642633244,0.04001274984,2.920627594e-06,-1.609325409e-06,-1.609325409e-06,7.927417755e-06,0,2.05631e-11,2.44797e-06,0.02893518563,-0.0162037015,-0.2589973087,0.04187611576
1441,7.205000,-0.263866704,0.03956604656,2.920627594e-06,-1.609325409e-06,-1.609325409e-06,7.9870224e-06,0,2.07372e-11,2.45266e-06,0.02893518563,-0.0162037015,-0.2593220996,0.04203128759
1442,7.210000,-0.263924215,0.03930806555,2.920627594e-06,-1.609325409e-06,-1.609325409e-06,8.046627045e-06,0,2.09113e-11,2.45726e-06,0.02893518563,-0.0162037015,-0.2598626485,0.04193368152
1443,7.215000,-0.2639700137,0.0390049275,2.920627594e-06,-1.609325409e-06,-1.609325409e-06,8.106231689e-06,0,2.10854e-11,2.46178e-06,0.02893518563,-0.0162037015,-0.2606114896,0.04186424989
1444,7.220000,-0.2649537921,0.03885433078,2.920627594e-06,-1.609325409e-06,-1.609325409e-06,8.165836334e-06,0,2.12594e-11,2.46622e-06,0.02893518563,-0.0162037015,-0.261560587,0.04185050948
1445,7.225000,-0.2657298818,0.03875074629,2.920627594e-06,-1.609325409e-06,-1.609325409e-06,8.225440979e-06,0,2.14335e-11,2.47059e-06,0.02893518563,-0.0162037015,-0.2627013564,0.04237050713
1446,7.230000,-0.2672116794,0.03860556055,2.920627594e-06,-1.609325409e-06,-1.609325409e-06,8.285045624e-06,0,2.16076e-11,2.47487e-06,0.02893518563,-0.0162037015,-0.2640246871,0.0427660662
1447,7.235000,-0.2688354999,0.03865354788,2.920627594e-06,-1.609325409e-06,-1.609325409e-06,8.344650269e-06,0,2.17817e-11,2.47908e-06,0.02893518563,-0.0162037015,-0.2655209663,0.04309083553
1448,7.240000,-0.270431716,0.03875323758,2.920627594e-06,-1.609325409e-06,-1.609325409e-06,8.404254913e-06,0,2.19558e-11,2.48322e-06,0.02893518563,-0.0162037015,-0.2671801042,0.04323606014
1449,7.245000,-0.271866966,0.0386558203,2.920627594e-06,-1.609325409e-06,-1.609325409e-06,8.463859558e-06,0,2.21299e-11,2.48728e-06,0.02893518563,-0.0162037015,-0.2689915604,0.04328950358
1450,7.250000,-0.2739328928,0.03869668208,2.920627594e-06,-1.609325409e-06,-1.609325409e-06,8.523464203e-06,0,2.23039e-11,2.49128e-06,0.02893518563,-0.0162037015,-0.2709443723,0.04333271095
1451,7.255000,-0.2765704654,0.03894615639,2.920627594e-06,-1.609325409e-06,-1.609325409e-06,8.583068848e-06,0,2.2478e-11,2.4952e-06,0.02893518563,-0.0162037015,-0.2730271837,0.04343114395
1452,7.260000,-0.2782795578,0.03857404459,2.920627594e-06,-1.609325409e-06,-1.609325409e-06,8.642673492e-06,0,2.26521e-11,2.49906e-06,0.02893518563,-0.0162037015,-0.2752282748,0.04346225631
1453,7.265000,-0.2800160982,0.03838369716,2.920627594e-06,-1.609325409e-06,-1.609325409e-06,8.702278137e-06,0,2.28262e-11,2.50286e-06,0.02893518563,-0.0162037015,-0.2775355934,0.04387150786
1454,7.270000,-0.2822861895,0.03829476796,2.920627594e-06,-1.609325409e-06,-1.609325409e-06,8.761882782e-06,0,2.30003e-11,2.50659e-06,0.02893518563,-0.0162037015,-0.279936787,0.04386346024
1455,7.275000,-0.2841448262,0.03806518018,2.920627594e-06,-1.609325409e-06,-1.609325409e-06,8.821487427e-06,0,2.31744e-11,2.51026e-06,0.02893518563,-0.0162037015,-0.2824192352,0.04387014238
1456,7.280000,-0.2864098921,0.03808275424,2.920627594e-06,-1.609325409e-06,-1.609325409e-06,8.881092072e-06,0,2.33484e-11,2.51387e-06,0.02893518563,-0.0162037015,-0.2849700834,0.04392467106
1457,7.285000,-0.2892290317,0.03815466166,2.920627594e-06,-1.609325409e-06,-1.609325409e-06,8.940696716e-06,0,2.35225e-11,2.51742e-06,0.02893518563,-0.0162037015,-0.2875762769,0.04362429886
1458,7.290000,-0.2914677672,0.03815655503,2.920627594e-06,-1.609325409e-06,-1.609325409e-06,9.000301361e-06,0,2.36966e-11,2.52091e-06,0.02893518563,-0.0162037015,-0.2902245954,0.04388176256
1459,7.295000,-0.294571843,0.03824154288,2.920627594e-06,-1.609325409e-06,-1.609325409e-06,9.059906006e-06,0,2.38707e-11,2.52435e-06,0.02893518563,-0.0162037015,-0.2929016884,0.04399672443
1460,7.300000,-0.2976953387,0.03839834593,2.920627594e-06,-1.609325409e-06,-1.609325409e-06,9.119510651e-06,0,2.40448e-11,2.52773e-06,0.02893518563,-0.0162037015,-0.2955941101,0.04389828027
1461,7.305000,-0.3011525534,0.03865054529,2.920627594e-06,-1.609325409e-06,-1.609325409e-06,9.179115295e-06,0,2.42188e-11,2.53105e-06,0.02893518563,-0.0162037015,-0.2982883556,0.04411977803
1462,7.310000,-0.3032126203,0.03843696602,2.920627594e-06,-1.609325409e-06,-1.609325409e-06,9.23871994e-06,0,2.43929e-11,2.53432e-06,0.02893518563,-0.0162037015,-0.3009708962,0.04421732024
1463,7.315000,-0.3057788387,0.03847461566,2.920627594e-06,-1.609325409e-06,-1.609325409e-06,9.298324585e-06,0,2.4567e-11,2.53755e-06,0.02893518563,-0.0162037015,-0.3036282156,0.04379605971
1464,7.320000,-0.308428403,0.03836877644,2.920627594e-06,-1.609325409e-06,-1.609325409e-06,9.35792923e-06,0,2.47411e-11,2.54072e-06,0.02893518563,-0.0162037015,-0.3062468455,0.04379203453
1465,7.325000,-0.3111284152,0.03854220919,2.920627594e-06,-1.609325409e-06,-1.609325409e-06,9.417533875e-06,0,2.49152e-11,2.54384e-06,0.02893518563,-0.0162037015,-0.3088134011,0.04373132553
1466,7.330000,-0.3135970272,0.03858385514,2.920627594e-06,-1.609325409e-06,-1.609325409e-06,9.477138519e-06,0,2.50893e-11,2.54691e-06,0.02893518563,-0.0162037015,-0.3113146166,0.04403569441
1467,7.335000,-0.3162560686,0.03862416837,2.920627594e-06,-1.609325409e-06,-1.609325409e-06,9.536743164e-06,0,2.52633e-11,2.54994e-06,0.02893518563,-0.0162037015,-0.3137373804,0.04396670448
1468,7.340000,-0.3185461685,0.03843871132,2.920627594e-06,-1.609325409e-06,-1.609325409e-06,9.596347809e-06,0,2.54374e-11,2.55292e-06,0.02893518563,-0.0162037015,-0.3160687691,0.04410928824
1469,7.345000,-0.3208411187,0.03833935782,2.920627594e-06,-1.609325409e-06,-1.609325409e-06,9.655952454e-06,0,2.56115e-11,2.55585e-06,0.02893518563,-0.0162037015,-0.318296082,0.0440168004
1470,7.350000,-0.3228628077,0.03840278648,2.920627594e-06,-1.609325409e-06,-1.609325409e-06,9.715557098e-06,0,2.57856e-11,2.55874e-06,0.02893518563,-0.0162037015,-0.3204068742,0.04349542257
1471,7.355000,-0.3245115988,0.03829578403,2.920627594e-06,-1.609325409e-06,-1.609325409e-06,9.775161743e-06,0,2.59597e-11,2.56159e-06,0.02893518563,-0.0162037015,-0.322388989,0.04354087716
1472,7.360000,-0.3268081732,0.03858966846,2.920627594e-06,-1.609325409e-06,-1.609325409e-06,9.834766388e-06,0,2.61338e-11,2.5644e-06,0.02893518563,-0.0162037015,-0.3242305902,0.04357319926
1473,7.365000,-0.3277148642,0.03830741812,2.920627594e-06,-1.609325409e-06,-1.609325409e-06,9.894371033e-06,0,2.63078e-11,2.56716e-06,0.02893518563,-0.0162037015,-0.3259201926,0.04329042631
1474,7.370000,-0.3289086632,0.03806440067,2.920627594e-06,-1.609325409e-06,-1.609325409e-06,9.953975677e-06,0,2.64819e-11,2.56988e-06,0.02893518563,-0.0162037015,-0.3274466918,0.04312736967
1475,7.375000,-0.3303719684,0.03813889064,2.920627594e-06,-1.609325409e-06,-1.609325409e-06,1.001358032e-05,0,2.6656e-11,2.57257e-06,0.02893518563,-0.0162037015,-0.3287993932,0.04312237566
1476,7.380000,-0.3315852769,0.03820159752,2.920627594e-06,-1.609325409e-06,-1.609325409e-06,1.007318497e-05,0,2.68301e-11,2.57521e-06,0.02893518563,-0.0162037015,-0.3299680396,0.04313649012
1477,7.385000,-0.3320542872,0.03810687084,2.920627594e-06,-1.609325409e-06,-1.609325409e-06,1.013278961e-05,0,2.70042e-11,2.57782e-06,0.02893518563,-0.0162037015,-0.3309428372,0.04347366766
1478,7.390000,-0.3333792463,0.03836297058,2.920627594e-06,-1.609325409e-06,-1.609325409e-06,1.019239426e-05,0,2.71783e-11,2.58039e-06,0.02893518563,-0.0162037015,-0.3317144812,0.04309696283
1479,7.395000,-0.3336855732,0.03813013341,2.920627594e-06,-1.609325409e-06,-1.609325409e-06,1.02519989e-05,0,2.73523e-11,2.58292e-06,0.02893518563,-0.0162037015,-0.332274179,0.04323211289
1480,7.400000,-0.33415851,0.03818851523,2.920627594e-06,-1.609325409e-06,-1.609325409e-06,1.031160355e-05,0,2.75264e-11,2.58541e-06,0.02893518563,-0.0162037015,-0.3326136728,0.04288781524
1481,7.405000,-0.3341859765,0.03813055437,2.920627594e-06,-1.609325409e-06,-1.609325409e-06,1.037120819e-05,0,2.77005e-11,2.58787e-06,0.02893518563,-0.0162037015,-0.3327252601,0.04288433972
1482,7.410000,-0.3340150267,0.03812731616,2.920627594e-06,-1.609325409e-06,-1.609325409e-06,1.043081284e-05,0,2.78746e-11,2.5903e-06,0.02893518563,-0.0162037015,-0.3326018126,0.04293911153
1483,7.415000,-0.3335059695,0.03820541687,2.920627594e-06,-1.609325409e-06,-1.609325409e-06,1.049041748e-05,0,2.80487e-11,2.59269e-06,0.02893518563,-0.0162037015,-0.3322367946,0.04306834663
1484,7.420000,-0.3329407759,0.03820076957,2.920627594e-06,-1.609325409e-06,-1.609325409e-06,1.055002213e-05,0,2.82228e-11,2.59505e-06,0.02893518563,-0.0162037015,-0.3316242778,0.04314375191
1485,7.425000,-0.332022354,0.03824457154,2.920627594e-06,-1.609325409e-06,-1.609325409e-06,1.060962677e-05,0,2.83968e-11,2.59738e-06,0.02893518563,-0.0162037015,-0.3307589562,0.04318231522
1486,7.430000,-0.3298513256,0.03784626629,2.920627594e-06,-1.609325409e-06,-1.609325409e-06,1.066923141e-05,0,2.85709e-11,2.59968e-06,0.02893518563,-0.0162037015,-0.3296361582,0.04370377691
1487,7.435000,-0.327988632,0.03773450386,2.920627594e-06,-1.609325409e-06,-1.609325409e-06,1.072883606e-05,0,2.8745e-11,2.60194e-06,0.02893518563,-0.0162037015,-0.3282518575,0.04373427553
1488,7.440000,-0.3263875619,0.03792005405,2.920627594e-06,-1.609325409e-06,-1.609325409e-06,1.07884407e-05,0,2.89191e-11,2.60418e-06,0.02893518563,-0.0162037015,-0.3266026816,0.04344411647
1489,7.445000,-0.3250030465,0.03815997858,2.920627594e-06,-1.609325409e-06,-1.609325409e-06,1.084804535e-05,0,2.90932e-11,2.60638e-06,0.02893518563,-0.0162037015,-0.324685919,0.04351828383
1490,7.450000,-0.3229240775,0.03817570303,2.920627594e-06,-1.609325409e-06,-1.609325409e-06,1.090764999e-05,0,2.92673e-11,2.60855e-06,0.02893518563,-0.0162037015,-0.3224995244,0.04367560624
1491,7.455000,-0.3204243369,0.03817727324,2.920627594e-06,-1.609325409e-06,-1.609325409e-06,1.096725464e-05,0,2.94413e-11,2.6107e-06,0.02893518563,-0.0162037015,-0.320042122,0.0437063353
1492,7.460000,-0.3173734955,0.0382052036,2.920627594e-06,-1.609325409e-06,-1.609325409e-06,1.102685928e-05,0,2.96154e-11,2.61282e-06,0.02893518563,-0.0162037015,-0.3173130066,0.04368523203
1493,7.465000,-0.3146708943,0.03838033788,2.920627594e-06,-1.609325409e-06,-1.609325409e-06,1.108646393e-05,0,2.97895e-11,2.61491e-06,0.02893518563,-0.0162037015,-0.3143121438,0.04361974624
1494,7.470000,-0.3109115437,0.03829216771,2.920627594e-06,-1.609325409e-06,-1.609325409e-06,1.114606857e-05,0,2.99636e-11,2.61697e-06,0.02893518563,-0.0162037015,-0.3110401671,0.04325947479
1495,7.475000,-0.3073095605,0.03828447033,2.920627594e-06,-1.609325409e-06,-1.609325409e-06,1.120567322e-05,0,3.01377e-11,2.61901e-06,0.02893518563,-0.0162037015,-0.3074983741,0.04325364864
1496,7.480000,-0.3031056076,0.03827945329,2.920627594e-06,-1.609325409e-06,-1.609325409e-06,1.126527786e-05,0,3.03118e-11,2.62102e-06,0.02893518563,-0.0162037015,-0.3036887204,0.04317911525
1497,7.485000,-0.2989988402,0.03827150166,2.920627594e-06,-1.609325409e-06,-1.609325409e-06,1.132488251e-05,0,3.04858e-11,2.623e-06,0.02893518563,-0.0162037015,-0.2996138118,0.04260280832
1498,7.490000,-0.294829987,0.03838004172,2.920627594e-06,-1.609325409e-06,-1.609325409e-06,1.138448715e-05,0,3.06599e-11,2.62496e-06,0.02893518563,-0.0162037015,-0.2952768947,0.04220860392
1499,7.495000,-0.2898903117,0.03831988759,2.920627594e-06,-1.609325409e-06,-1.609325409e-06,1.14440918e-05,0,3.0834e-11,2.62689e-06,0.02893518563,-0.0162037015,-0.2906818446,0.04237569309
1500,7.500000,-0.2845023833,0.0380713623,2.920627594e-06,-1.609325409e-06,-1.609325409e-06,1.150369644e-05,0,3.10081e-11,2.6288e-06,0.02893518563,-0.0162037015,-0.2858331531,0.04262472289
1501,7.505000,-0.2797441036,0.03834989667,2.920627594e-06,-1.609325409e-06,-1.609325409e-06,1.156330109e-05,0,3.11822e-11,2.63069e-06,0.02893518563,-0.0162037015,-0.2807359133,0.04231061595
1502,7.510000,-0.2746104263,0.03847689182,2.920627594e-06,-1.609325409e-06,-1.609325409e-06,1.162290573e-05,0,3.13563e-11,2.63255e-06,0.02893518563,-0.0162037015,-0.2753958029,0.04233653112
1503,7.515000,-0.2686621174,0.0384066971,2.920627594e-06,-1.609325409e-06,-1.609325409e-06,1.168251038e-05,0,3.15303e-11,2.63439e-06,0.02893518563,-0.0162037015,-0.2698190663,0.04246857902
1504,7.520000,-0.2633717991,0.0386035135,2.920627594e-06,-1.609325409e-06,-1.609325409e-06,1.174211502e-05,0,3.17044e-11,2.6362e-06,0.02893518563,-0.0162037015,-0.2640124953,0.04252086771
1505,7.525000,-0.2571396232,0.0385804344,2.920627594e-06,-1.609325409e-06,-1.609325409e-06,1.180171967e-05,0,3.18785e-11,2.638e-06,0.02893518563,-0.0162037015,-0.2579834075,0.04223002274
1506,7.530000,-0.2509739064,0.03867202066,2.920627594e-06,-1.609325409e-06,-1.609325409e-06,1.186132431e-05,0,3.20526e-11,2.63977e-06,0.02893518563,-0.0162037015,-0.2517396242,0.04214424899
1507,7.535000,-0.2446832024,0.0386737911,2.920627594e-06,-1.609325409e-06,-1.609325409e-06,1.192092896e-05,0,3.22267e-11,2.64152e-06,0.02893518563,-0.0162037015,-0.2452894463,0.04237194708
1508,7.540000,-0.2381095774,0.03865093458,2.920627594e-06,-1.609325409e-06,-1.609325409e-06,1.19805336e-05,0,3.24007e-11,2.64325e-06,0.02893518563,-0.0162037015,-0.238641629,0.04219324511
1509,7.545000,-0.2314764783,0.03877318185,2.920627594e-06,-1.609325409e-06,-1.609325409e-06,1.204013824e-05,0,3.25748e-11,2.64496e-06,0.02893518563,-0.0162037015,-0.2318053558,0.04240719382
1510,7.550000,-0.224538058,0.03872747254,2.920627594e-06,-1.609325409e-06,-1.609325409e-06,1.209974289e-05,0,3.27489e-11,2.64665e-06,0.02893518563,-0.0162037015,-0.2247902106,0.04259181381
1511,7.555000,-0.2172584273,0.03879340831,2.920627594e-06,-1.609325409e-06,-1.609325409e-06,1.215934753e-05,0,3.2923e-11,2.64832e-06,0.02893518563,-0.0162037015,-0.2176061492,0.04267877626
1512,7.560000,-0.2099534497,0.0387035273,2.920627594e-06,-1.609325409e-06,-1.609325409e-06,1.221895218e-05,0,3.30971e-11,2.64997e-06,0.02893518563,-0.0162037015,-0.2102634697,0.04255978285
1513,7.565000,-0.2029773816,0.03875487857,2.920627594e-06,-1.609325409e-06,-1.609325409e-06,1.227855682e-05,0,3.32712e-11,2.6516e-06,0.02893518563,-0.0162037015,-0.2027727821,0.04253584756
1514,7.570000,-0.1956140436,0.03897869028,2.920627594e-06,-1.609325409e-06,-1.609325409e-06,1.233816147e-05,0,3.34452e-11,2.65321e-06,0.02893518563,-0.0162037015,-0.195144977,0.04287122845
1515,7.575000,-0.1876945049,0.03887834307,2.920627594e-06,-1.609325409e-06,-1.609325409e-06,1.239776611e-05,0,3.36193e-11,2.6548e-06,0.02893518563,-0.0162037015,-0.1873911935,0.04277683529
1516,7.580000,-0.179568354,0.03868603241,2.920627594e-06,-1.609325409e-06,-1.609325409e-06,1.245737076e-05,0,3.37934e-11,2.65638e-06,0.02893518563,-0.0162037015,-0.1795227867,0.04296329133
1517,7.585000,-0.171097476,0.03875348438,2.920627594e-06,-1.609325409e-06,-1.609325409e-06,1.25169754e-05,0,3.39675e-11,2.65793e-06,0.02893518563,-0.0162037015,-0.1715512945,0.04260906532
1518,7.590000,-0.162941847,0.03872954287,2.920627594e-06,-1.609325409e-06,-1.609325409e-06,1.257658005e-05,0,3.41416e-11,2.65947e-06,0.02893518563,-0.0162037015,-0.1634884041,0.0422117314
1519,7.595000,-0.1552486084,0.03899388853,2.920627594e-06,-1.609325409e-06,-1.609325409e-06,1.263618469e-05,0,3.43157e-11,2.66099e-06,0.02893518563,-0.0162037015,-0.155345918,0.0423114606
1520,7.600000,-0.1467875727,0.03876329679,2.920627594e-06,-1.609325409e-06,-1.609325409e-06,1.269578934e-05,0,3.44897e-11,2.66249e-06,0.02893518563,-0.0162037015,-0.1471357197,0.04208800319
1521,7.605000,-0.1388943344,0.03894004971,2.920627594e-06,-1.609325409e-06,-1.609325409e-06,1.275539398e-05,0,3.46638e-11,2.66398e-06,0.02893518563,-0.0162037015,-0.13886974,0.04210419305
1522,7.610000,-0.1309614517,0.03921327461,2.920627594e-06,-1.609325409e-06,-1.609325409e-06,1.281499863e-05,0,3.48379e-11,2.66545e-06,0.02893518563,-0.0162037015,-0.1305599219,0.042173672
1523,7.615000,-0.1228111126,0.03921376914,2.920627594e-06,-1.609325409e-06,-1.609325409e-06,1.287460327e-05,0,3.5012e-11,2.6669e-06,0.02893518563,-0.0162037015,-0.1222181868,0.04241045315
1524,7.620000,-0.1150890812,0.03936994076,2.920627594e-06,-1.609325409e-06,-1.609325409e-06,1.293420792e-05,0,3.51861e-11,2.66834e-06,0.02893518563,-0.0162037015,-0.1138564003,0.04236234254
1525,7.625000,-0.107110098,0.03965837602,2.920627594e-06,-1.609325409e-06,-1.609325409e-06,1.299381256e-05,0,3.53602e-11,2.66976e-06,0.02893518563,-0.0162037015,-0.1054863384,0.0420207854
1526,7.630000,-0.09928854555,0.03983648214,2.920627594e-06,-1.609325409e-06,-1.609325409e-06,1.305341721e-05,0,3.55342e-11,2.67117e-06,0.02893518563,-0.0162037015,-0.09711965386,0.04208170589
1527,7.635000,-0.09103922173,0.03966227733,2.920627594e-06,-1.609325409e-06,-1.609325409e-06,1.311302185e-05,0,3.57083e-11,2.67256e-06,0.02893518563,-0.0162037015,-0.08876784317,0.04183620535
1528,7.640000,-0.08276044205,0.03948970698,2.920627594e-06,-1.609325409e-06,-1.609325409e-06,1.31726265e-05,0,3.58824e-11,2.67394e-06,0.02893518563,-0.0162037015,-0.08044221413,0.04165453101
1529,7.645000,-0.07498059794,0.03967746813,2.920627594e-06,-1.609325409e-06,-1.609325409e-06,1.323223114e-05,0,3.60565e-11,2.6753e-06,0.02893518563,-0.0162037015,-0.07215385392,0.04159526608
1530,7.650000,-0.06656110287,0.03966216464,2.920627594e-06,-1.609325409e-06,-1.609325409e-06,1.329183578e-05,0,3.62306e-11,2.67664e-06,0.02893518563,-0.0162037015,-0.06391359792,0.04171856902
1531,7.655000,-0.05808308348,0.03946117591,2.920627594e-06,-1.609325409e-06,-1.609325409e-06,1.335144043e-05,0,3.64047e-11,2.67798e-06,0.02893518563,-0.0162037015,-0.05573199945,0.04189394646
1532,7.660000,-0.04947537929,0.03927484155,2.920627594e-06,-1.609325409e-06,-1.609325409e-06,1.341104507e-05,0,3.65787e-11,2.67929e-06,0.02893518563,-0.0162037015,-0.04761930026,0.04213158604
1533,7.665000,-0.04127673805,0.03922391217,2.920627594e-06,-1.609325409e-06,-1.609325409e-06,1.347064972e-05,0,3.67528e-11,2.6806e-06,0.02893518563,-0.0162037015,-0.03958540215,0.04165754586
1534,7.670000,-0.03329636529,0.03918885347,2.920627594e-06,-1.609325409e-06,-1.609325409e-06,1.353025436e-05,0,3.69269e-11,2.68189e-06,0.02893518563,-0.0162037015,-0.03163983959,0.04156454851
1535,7.675000,-0.02575695887,0.0392744774,2.920627594e-06,-1.609325409e-06,-1.609325409e-06,1.358985901e-05,0,3.7101e-11,2.68317e-06,0.02893518563,-0.0162037015,-0.02379175344,0.04152552028
1536,7.680000,-0.01734681055,0.03902687971,2.920627594e-06,-1.609325409e-06,-1.609325409e-06,1.364946365e-05,0,3.72751e-11,2.68443e-06,0.02893518563,-0.0162037015,-0.01604986604,0.04179699419
1537,7.685000,-0.01002508774,0.03914864175,2.920627594e-06,-1.609325409e-06,-1.609325409e-06,1.37090683e-05,0,3.74492e-11,2.68568e-06,0.02893518563,-0.0162037015,-0.008422457407,0.04205747126
1538,7.690000,-0.002229094505,0.03888884652,2.920627594e-06,-1.609325409e-06,-1.609325409e-06,1.376867294e-05,0,3.76232e-11,2.68692e-06,0.02893518563,-0.0162037015,-0.0009173429548,0.04182390232
1539,7.695000,0.004067372531,0.03930351138,2.920627594e-06,-1.609325409e-06,-1.609325409e-06,1.382827759e-05,0,3.77973e-11,2.68814e-06,0.02893518563,-0.0162037015,0.006458147472,0.04154344774
1540,7.700000,0.009876407683,0.0396180246,2.920627594e-06,-1.609325409e-06,-1.609325409e-06,1.388788223e-05,0,3.79714e-11,2.68935e-06,0.02893518563,-0.0162037015,0.01369718903,0.04163616827
1541,7.705000,0.01663324609,0.03976428974,2.920627594e-06,-1.609325409e-06,-1.609325409e-06,1.394748688e-05,0,3.81455e-11,2.69055e-06,0.02893518563,-0.0162037015,0.02079347976,0.04198429162
1542,7.710000,0.02352703363,0.03974759951,2.920627594e-06,-1.609325409e-06,-1.609325409e-06,1.400709152e-05,0,3.83196e-11,2.69174e-06,0.02893518563,-0.0162037015,0.02774125696,0.0421458334
1543,7.715000,0.03061867505,0.03957763221,2.920627594e-06,-1.609325409e-06,-1.609325409e-06,1.406669617e-05,0,3.84937e-11,2.69292e-06,0.02893518563,-0.0162037015,0.03453531178,0.04222158486
1544,7.720000,0.03782051802,0.03927875869,2.920627594e-06,-1.609325409e-06,-1.609325409e-06,1.412630081e-05,0,3.86677e-11,2.69408e-06,0.02893518563,-0.0162037015,0.0411710023,0.04208029504
1545,7.725000,0.04410706088,0.03949497733,2.920627594e-06,-1.609325409e-06,-1.609325409e-06,1.418590546e-05,0,3.88418e-11,2.69523e-06,0.02893518563,-0.0162037015,0.04764426479,0.04221689562
1546,7.730000,0.0502964966,0.03943605814,2.920627594e-06,-1.609325409e-06,-1.609325409e-06,1.42455101e-05,0,3.90159e-11,2.69637e-06,0.02893518563,-0.0162037015,0.05395162325,0.04208556397
1547,7.735000,0.05661909282,0.03929505777,2.920627594e-06,-1.609325409e-06,-1.609325409e-06,1.430511475e-05,0,3.919e-11,2.6975e-06,0.02893518563,-0.0162037015,0.06009019719,0.042202416
1548,7.740000,0.06258971989,0.03920200933,2.920627594e-06,-1.609325409e-06,-1.609325409e-06,1.436471939e-05,0,3.93641e-11,2.69862e-06,0.02893518563,-0.0162037015,0.06605770762,0.04256021976
1549,7.745000,0.06821741536,0.03931612335,2.920627594e-06,-1.609325409e-06,-1.609325409e-06,1.442432404e-05,0,3.95382e-11,2.69973e-06,0.02893518563,-0.0162037015,0.07185248123,0.04225277999
1550,7.750000,0.07430351898,0.03889910318,2.920627594e-06,-1.609325409e-06,-1.609325409e-06,1.448392868e-05,0,3.97122e-11,2.70083e-06,0.02893518563,-0.0162037015,0.07747345273,0.0421044389
1551,7.755000,0.08009368926,0.03864897136,2.920627594e-06,-1.609325409e-06,-1.609325409e-06,1.454353333e-05,0,3.98863e-11,2.70191e-06,0.02893518563,-0.0162037015,0.08292016538,0.04231056955
1552,7.760000,0.08518858999,0.03849683609,2.920627594e-06,-1.609325409e-06,-1.609325409e-06,1.460313797e-05,0,4.00604e-11,2.70299e-06,0.02893518563,-0.0162037015,0.0881927697,0.04232116572
1553,7.765000,0.09049320966,0.03854763694,2.920627594e-06,-1.609325409e-06,-1.609325409e-06,1.466274261e-05,0,4.02345e-11,2.70405e-06,0.02893518563,-0.0162037015,0.09329202037,0.04275137172
1554,7.770000,0.09527800232,0.03843776044,2.920627594e-06,-1.609325409e-06,-1.609325409e-06,1.472234726e-05,0,4.04086e-11,2.70511e-06,0.02893518563,-0.0162037015,0.09821927126,0.04295361694
1555,7.775000,0.1004425585,0.03832851723,2.920627594e-06,-1.609325409e-06,-1.609325409e-06,1.47819519e-05,0,4.05826e-11,2.70615e-06,0.02893518563,-0.0162037015,0.1029764688,0.0430678193
1556,7.780000,0.105006028,0.03829686157,2.920627594e-06,-1.609325409e-06,-1.609325409e-06,1.484155655e-05,0,4.07567e-11,2.70719e-06,0.02893518563,-0.0162037015,0.1075661433,0.04302398934
1557,7.785000,0.1092799604,0.03826575261,2.920627594e-06,-1.609325409e-06,-1.609325409e-06,1.490116119e-05,0,4.09308e-11,2.70822e-06,0.02893518563,-0.0162037015,0.1119913989,0.04268217725
1558,7.790000,0.1131599173,0.03833414894,2.920627594e-06,-1.609325409e-06,-1.609325409e-06,1.496076584e-05,0,4.11049e-11,2.70923e-06,0.02893518563,-0.0162037015,0.1162559016,0.04310950118
1559,7.795000,0.117584791,0.03828032408,2.920627594e-06,-1.609325409e-06,-1.609325409e-06,1.502037048e-05,0,4.1279e-11,2.71024e-06,0.02893518563,-0.0162037015,0.1203638654,0.04328773969
1560,7.800000,0.1217147484,0.03816833813,2.920627594e-06,-1.609325409e-06,-1.609325409e-06,1.507997513e-05,0,4.14531e-11,2.71123e-06,0.02893518563,-0.0162037015,0.1243200373,0.04338876138
1561,7.805000,0.1257428862,0.03826898243,2.920627594e-06,-1.609325409e-06,-1.609325409e-06,1.513957977e-05,0,4.16271e-11,2.71222e-06,0.02893518563,-0.0162037015,0.1281296801,0.04322602409
1562,7.810000,0.1294723637,0.03829114977,2.920627594e-06,-1.609325409e-06,-1.609325409e-06,1.519918442e-05,0,4.18012e-11,2.7132e-06,0.02893518563,-0.0162037015,0.1317985543,0.04334882452
1563,7.815000,0.1326833554,0.038313834,2.920627594e-06,-1.609325409e-06,-1.609325409e-06,1.525878906e-05,0,4.19753e-11,2.71417e-06,0.02893518563,-0.0162037015,0.1353328979,0.04303495018
1564,7.820000,0.1367351077,0.03799575195,2.920627594e-06,-1.609325409e-06,-1.609325409e-06,1.531839371e-05,0,4.21494e-11,2.71513e-06,0.02893518563,-0.0162037015,0.1387394051,0.0429077426
1565,7.825000,0.1395221315,0.03801813629,2.920627594e-06,-1.609325409e-06,-1.609325409e-06,1.537799835e-05,0,4.23235e-11,2.71608e-06,0.02893518563,-0.0162037015,0.1420252038,0.04303797733
1566,7.830000,0.1424533017,0.03803696577,2.920627594e-06,-1.609325409e-06,-1.609325409e-06,1.5437603e-05,0,4.24976e-11,2.71703e-06,0.02893518563,-0.0162037015,0.1451978312,0.04318699583
1567,7.835000,0.1455421075,0.03788748849,2.920627594e-06,-1.609325409e-06,-1.609325409e-06,1.549720764e-05,0,4.26716e-11,2.71796e-06,0.02893518563,-0.0162037015,0.1482652088,0.04310077711
1568,7.840000,0.1496696174,0.03756034561,2.920627594e-06,-1.609325409e-06,-1.609325409e-06,1.555681229e-05,0,4.28457e-11,2.71889e-06,0.02893518563,-0.0162037015,0.1512356157,0.04296066197
1569,7.845000,0.1519850045,0.03779138066,2.920627594e-06,-1.609325409e-06,-1.609325409e-06,1.561641693e-05,0,4.30198e-11,2.71981e-06,0.02893518563,-0.0162037015,0.1541176616,0.04296919617
1570,7.850000,0.1548706815,0.03778456803,2.920627594e-06,-1.609325409e-06,-1.609325409e-06,1.567602158e-05,0,4.31939e-11,2.72072e-06,0.02893518563,-0.0162037015,0.1569202575,0.04265028711
1571,7.855000,0.1576799378,0.03755533043,2.920627594e-06,-1.609325409e-06,-1.609325409e-06,1.573562622e-05,0,4.3368e-11,2.72162e-06,0.02893518563,-0.0162037015,0.159652587,0.04243430592
1572,7.860000,0.1608807668,0.03747058287,2.920627594e-06,-1.609325409e-06,-1.609325409e-06,1.579523087e-05,0,4.35421e-11,2.72251e-06,0.02893518563,-0.0162037015,0.1623240756,0.04253906395
1573,7.865000,0.1633111797,0.03740724362,2.920627594e-06,-1.609325409e-06,-1.609325409e-06,1.585483551e-05,0,4.37161e-11,2.7234e-06,0.02893518563,-0.0162037015,0.1649443598,0.04269848236
1574,7.870000,0.1659805328,0.03743094206,2.920627594e-06,-1.609325409e-06,-1.609325409e-06,1.591444016e-05,0,4.38902e-11,2.72427e-06,0.02893518563,-0.0162037015,0.1675232556,0.04267506447
1575,7.875000,0.1681998074,0.0375951454,2.920627594e-06,-1.609325409e-06,-1.609325409e-06,1.59740448e-05,0,4.40643e-11,2.72515e-06,0.02893518563,-0.0162037015,0.1700707259,0.04258171776
1576,7.880000,0.1702842265,0.03767861146,2.920627594e-06,-1.609325409e-06,-1.609325409e-06,1.603364944e-05,0,4.42384e-11,2.72601e-06,0.02893518563,-0.0162037015,0.172596848,0.04254823694
1577,7.885000,0.1727203205,0.0376082845,2.920627594e-06,-1.609325409e-06,-1.609325409e-06,1.609325409e-05,0,4.44125e-11,2.72686e-06,0.02893518563,-0.0162037015,0.1751117809,0.04286573184
1578,7.890000,0.1753922142,0.03739285842,2.920627594e-06,-1.609325409e-06,-1.609325409e-06,1.615285873e-05,0,4.45866e-11,2.72771e-06,0.02893518563,-0.0162037015,0.1776257311,0.04287034661
1579,7.895000,0.1779993698,0.03751357924,2.920627594e-06,-1.609325409e-06,-1.609325409e-06,1.621246338e-05,0,4.47606e-11,2.72855e-06,0.02893518563,-0.0162037015,0.1801489199,0.0432332893
1580,7.900000,0.1802378446,0.03760465048,2.920627594e-06,-1.609325409e-06,-1.609325409e-06,1.627206802e-05,0,4.49347e-11,2.72939e-06,0.02893518563,-0.0162037015,0.1826915495,0.0431917935
1581,7.905000,0.1833791211,0.03722650465,2.920627594e-06,-1.609325409e-06,-1.609325409e-06,1.633167267e-05,0,4.51088e-11,2.73021e-06,0.02893518563,-0.0162037015,0.1852637691,0.04326870529
1582,7.910000,0.1858523265,0.03743412625,2.920627594e-06,-1.609325409e-06,-1.609325409e-06,1.639127731e-05,0,4.52829e-11,2.73103e-06,0.02893518563,-0.0162037015,0.1878756422,0.04316485294
1583,7.915000,0.1882124208,0.03738286067,2.920627594e-06,-1.609325409e-06,-1.609325409e-06,1.645088196e-05,0,4.5457e-11,2.73184e-06,0.02893518563,-0.0162037015,0.1905371124,0.04316010726
1584,7.920000,0.1916266792,0.0369784208,2.920627594e-06,-1.609325409e-06,-1.609325409e-06,1.65104866e-05,0,4.56311e-11,2.73265e-06,0.02893518563,-0.0162037015,0.1932579713,0.04326619236
1585,7.925000,0.194700107,0.03690632619,2.920627594e-06,-1.609325409e-06,-1.609325409e-06,1.657009125e-05,0,4.58051e-11,2.73345e-06,0.02893518563,-0.0162037015,0.1960478255,0.04274214202
1586,7.930000,0.1978533827,0.0367576126,2.920627594e-06,-1.609325409e-06,-1.609325409e-06,1.662969589e-05,0,4.59792e-11,2.73424e-06,0.02893518563,-0.0162037015,0.1989160647,0.04281388415
1587,7.935000,0.2009137273,0.03676399961,2.920627594e-06,-1.609325409e-06,-1.609325409e-06,1.668930054e-05,0,4.61533e-11,2.73503e-06,0.02893518563,-0.0162037015,0.2018718304,0.04278125816
1588,7.940000,0.2037362568,0.0369838234,2.920627594e-06,-1.609325409e-06,-1.609325409e-06,1.674890518e-05,0,4.63274e-11,2.73581e-06,0.02893518563,-0.0162037015,0.2049239848,0.04276809405
1589,7.945000,0.2069509104,0.03716477845,2.920627594e-06,-1.609325409e-06,-1.609325409e-06,1.680850983e-05,0,4.65015e-11,2.73658e-06,0.02893518563,-0.0162037015,0.2080810814,0.04244023643
1590,7.950000,0.2098081186,0.03733460233,2.920627594e-06,-1.609325409e-06,-1.609325409e-06,1.686811447e-05,0,4.66756e-11,2.73734e-06,0.02893518563,-0.0162037015,0.2113513354,0.04242542535
1591,7.955000,0.2131504864,0.03764572646,2.920627594e-06,-1.609325409e-06,-1.609325409e-06,1.692771912e-05,0,4.68496e-11,2.7381e-06,0.02893518563,-0.0162037015,0.214742596,0.04263111317
1592,7.960000,0.2166255824,0.03779678512,2.920627594e-06,-1.609325409e-06,-1.609325409e-06,1.698732376e-05,0,4.70237e-11,2.73886e-06,0.02893518563,-0.0162037015,0.218262319,0.04286399095
1593,7.965000,0.2205938473,0.03777025081,2.920627594e-06,-1.609325409e-06,-1.609325409e-06,1.704692841e-05,0,4.71978e-11,2.73961e-06,0.02893518563,-0.0162037015,0.2219175407,0.04276754854
1594,7.970000,0.2245897241,0.03775832336,2.920627594e-06,-1.609325409e-06,-1.609325409e-06,1.710653305e-05,0,4.73719e-11,2.74035e-06,0.02893518563,-0.0162037015,0.2257148539,0.04252476651
1595,7.975000,0.2285248451,0.03790609725,2.920627594e-06,-1.609325409e-06,-1.609325409e-06,1.71661377e-05,0,4.7546e-11,2.74108e-06,0.02893518563,-0.0162037015,0.2296603833,0.04221695742
1596,7.980000,0.2325379029,0.03816587292,2.920627594e-06,-1.609325409e-06,-1.609325409e-06,1.722574234e-05,0,4.77201e-11,2.74181e-06,0.02893518563,-0.0162037015,0.2337597642,0.04264930299
1597,7.985000,0.2374921218,0.03798108362,2.920627594e-06,-1.609325409e-06,-1.609325409e-06,1.728534698e-05,0,4.78941e-11,2.74254e-06,0.02893518563,-0.0162037015,0.2380181214,0.04269155617
1598,7.990000,0.2415418662,0.03810689319,2.920627594e-06,-1.609325409e-06,-1.609325409e-06,1.734495163e-05,0,4.80682e-11,2.74326e-06,0.02893518563,-0.0162037015,0.2424400497,0.04239834753
1599,7.995000,0.2467110865,0.0379022602,2.920627594e-06,-1.609325409e-06,-1.609325409e-06,1.740455627e-05,0,4.82423e-11,2.74397e-06,0.02893518563,-0.0162037015,0.2470295965,0.04292606875
1600,8.000000,0.2512434572,0.03807854373,2.920627594e-06,-1.609325409e-06,-1.609325409e-06,1.746416092e-05,0,4.84164e-11,2.74468e-06,0.02893518563,-0.0162037015,0.2517902454,0.04299002553
1601,8.005000,0.2558992542,0.03840226587,2.920627594e-06,-1.609325409e-06,-1.609325409e-06,1.752376556e-05,0,4.85905e-11,2.74538e-06,0.02893518563,-0.0162037015,0.2567249016,0.04297312468
1602,8.010000,0.2614154257,0.03818028979,2.920627594e-06,-1.609325409e-06,-1.609325409e-06,1.758337021e-05,0,4.87645e-11,2.74607e-06,0.02893518563,-0.0162037015,0.2618358791,0.04298372505
1603,8.015000,0.2668204121,0.03834850527,2.920627594e-06,-1.609325409e-06,-1.609325409e-06,1.764297485e-05,0,4.89386e-11,2.74676e-06,0.02893518563,-0.0162037015,0.2671248894,0.04326020255
1604,8.020000,0.2719231062,0.03855061345,2.920627594e-06,-1.609325409e-06,-1.609325409e-06,1.77025795e-05,0,4.91127e-11,2.74745e-06,0.02893518563,-0.0162037015,0.2725930321,0.04340697502
1605,8.025000,0.277676791,0.03857512586,2.920627594e-06,-1.609325409e-06,-1.609325409e-06,1.776218414e-05,0,4.92868e-11,2.74813e-06,0.02893518563,-0.0162037015,0.2782407871,0.04354468787
1606,8.030000,0.283439707,0.03861083556,2.920627594e-06,-1.609325409e-06,-1.609325409e-06,1.782178879e-05,0,4.94609e-11,2.7488e-06,0.02893518563,-0.0162037015,0.284068009,0.04363373302
1607,8.035000,0.2897000983,0.03853867669,2.920627594e-06,-1.609325409e-06,-1.609325409e-06,1.788139343e-05,0,4.9635e-11,2.74947e-06,0.02893518563,-0.0162037015,0.2900739228,0.04357027118
1608,8.040000,0.295871146,0.03850791417,2.920627594e-06,-1.609325409e-06,-1.609325409e-06,1.794099808e-05,0,4.9809e-11,2.75014e-06,0.02893518563,-0.0162037015,0.2962571216,0.04358229783
1609,8.045000,0.3027283996,0.03832545225,2.920627594e-06,-1.668930054e-06,-1.668930054e-06,1.800060272e-05,0,4.97877e-11,2.73813e-06,0.02893518563,-0.01678240299,0.3026155665,0.04368686153
1610,8.050000,0.309698835,0.03818776924,2.920627594e-06,-1.728534698e-06,-1.728534698e-06,1.800060272e-05,0,4.95852e-11,2.72503e-06,0.02893518563,-0.01736110449,0.3091465878,0.04376105696
1611,8.055000,0.3169157952,0.03801302798,2.920627594e-06,-1.788139343e-06,-1.788139343e-06,1.800060272e-05,0,4.93756e-11,2.7115e-06,0.02893518563,-0.01793982089,0.3158468882,0.04384398849
1612,8.060000,0.3242073767,0.03812803142,2.920627594e-06,-1.847743988e-06,-1.847743988e-06,1.800060272e-05,0,4.91589e-11,2.69752e-06,0.02893518563,-0.01851852238,0.3227125486,0.04376193451
1613,8.065000,0.3308748975,0.0383347515,2.920627594e-06,-1.907348633e-06,-1.907348633e-06,1.800060272e-05,0,4.89351e-11,2.68312e-06,0.02893518563,-0.01909722388,0.3297390339,0.04365099495
1614,8.070000,0.3377641626,0.03877667151,2.920627594e-06,-1.966953278e-06,-1.966953278e-06,1.800060272e-05,0,4.87042e-11,2.66829e-06,0.02893518563,-0.01967592537,0.336921203,0.04402007233
1615,8.075000,0.3455678225,0.03859616909,2.920627594e-06,-2.026557922e-06,-2.026557922e-06,1.800060272e-05,0,4.84661e-11,2.65303e-06,0.02893518563,-0.02025462687,0.3442533184,0.04422904521
1616,8.080000,0.3526985273,0.03857639246,2.920627594e-06,-2.086162567e-06,-2.086162567e-06,1.800060272e-05,0,4.8221e-11,2.63735e-06,0.02893518563,-0.02083332837,0.351729059,0.04439023606
1617,8.085000,0.360201899,0.038523647,2.920627594e-06,-2.145767212e-06,-2.145767212e-06,1.800060272e-05,0,4.79687e-11,2.62124e-06,0.02893518563,-0.02141202986,0.359341534,0.04445117225
1618,8.090000,0.3685001992,0.03811972309,2.920627594e-06,-2.205371857e-06,-2.205371857e-06,1.800060272e-05,0,4.77094e-11,2.60472e-06,0.02893518563,-0.02199074626,0.3670832986,0.04428388433
1619,8.095000,0.3768220767,0.0380036002,2.920627594e-06,-2.264976501e-06,-2.264976501e-06,1.800060272e-05,0,4.74429e-11,2.58778e-06,0.02893518563,-0.02256944776,0.3749463713,0.04420426242
1620,8.100000,0.3851325177,0.03802934568,2.920627594e-06,-2.324581146e-06,-2.324581146e-06,1.800060272e-05,0,4.71694e-11,2.57043e-06,0.02893518563,-0.02314814925,0.3829222528,0.04410460699
1621,8.105000,0.3938661106,0.03774137516,2.920627594e-06,-2.384185791e-06,-2.384185791e-06,1.800060272e-05,0,4.68887e-11,2.55266e-06,0.02893518563,-0.02372685075,0.3910019469,0.04430864693
1622,8.110000,0.4017747901,0.03780079633,2.920627594e-06,-2.443790436e-06,-2.443790436e-06,1.800060272e-05,0,4.66009e-11,2.53449e-06,0.02893518563,-0.02430555224,0.3991759819,0.0444658853
1623,8.115000,0.4099069051,0.03791599255,2.920627594e-06,-2.503395081e-06,-2.503395081e-06,1.800060272e-05,0,4.63061e-11,2.51591e-06,0.02893518563,-0.02488425374,0.4074344345,0.04429768051
1624,8.120000,0.4184450805,0.03788602538,2.920627594e-06,-2.562999725e-06,-2.562999725e-06,1.800060272e-05,0,4.60041e-11,2.49692e-06,0.02893518563,-0.02546297014,0.4157669542,0.04425831413
1625,8.125000,0.42707894,0.03759431932,2.920627594e-06,-2.62260437e-06,-2.62260437e-06,1.800060272e-05,0,4.5695e-11,2.47754e-06,0.02893518563,-0.02604167163,0.4241627895,0.04447833717
1626,8.130000,0.4356685057,0.03748988174,2.920627594e-06,-2.682209015e-06,-2.682209015e-06,1.800060272e-05,0,4.53788e-11,2.45776e-06,0.02893518563,-0.02662037313,0.4326108154,0.04444587628
1627,8.135000,0.4444010556,0.03724904545,2.920627594e-06,-2.74181366e-06,-2.74181366e-06,1.800060272e-05,0,4.50555e-11,2.43759e-06,0.02893518563,-0.02719907463,0.4410995617,0.04446832945
1628,8.140000,0.4530154131,0.03706118558,2.920627594e-06,-2.801418304e-06,-2.801418304e-06,1.800060272e-05,0,4.47251e-11,2.41702e-06,0.02893518563,-0.02777777612,0.4496172421,0.04425234935
1629,8.145000,0.4617752247,0.03695407044,2.920627594e-06,-2.861022949e-06,-2.861022949e-06,1.800060272e-05,0,4.43876e-11,2.39607e-06,0.02893518563,-0.02835647762,0.4581517856,0.04432339739
1630,8.150000,0.4704475664,0.03686289769,2.920627594e-06,-2.920627594e-06,-2.920627594e-06,1.800060272e-05,0,4.4043e-11,2.37473e-06,0.02893518563,-0.02893517911,0.4666908667,0.04423639624
1631,8.155000,0.4799156226,0.03613936901,2.920627594e-06,-2.980232239e-06,-2.980232239e-06,1.788139343e-05,0,4.33431e-11,2.34881e-06,0.02893518563,-0.02951389551,0.4752219389,0.04434473804
1632,8.160000,0.4884600751,0.03631751612,2.920627594e-06,-2.980232239e-06,-2.980232239e-06,1.776218414e-05,0,4.29949e-11,2.34455e-06,0.02893518563,-0.02951389551,0.4837322664,0.0441600476
1633,8.165000,0.4964251928,0.03698221315,2.920627594e-06,-2.980232239e-06,-2.980232239e-06,1.764297485e-05,0,4.26468e-11,2.34022e-06,0.02893518563,-0.02951389551,0.4922089587,0.04433848178
1634,8.170000,0.5047170408,0.03722733166,2.920627594e-06,-2.980232239e-06,-2.980232239e-06,1.752376556e-05,0,4.22986e-11,2.33584e-06,0.02893518563,-0.02951389551,0.5006390038,0.04463127648
1635,8.175000,0.5131955892,0.03732205182,2.920627594e-06,-2.980232239e-06,-2.980232239e-06,1.740455627e-05,0,4.19504e-11,2.33138e-06,0.02893518563,-0.02951389551,0.5090093034,0.04437350463
1636,8.180000,0.5212119333,0.03729300667,2.920627594e-06,-2.980232239e-06,-2.980232239e-06,1.728534698e-05,0,4.16023e-11,2.32687e-06,0.02893518563,-0.02951389551,0.5173067074,0.04447977877
1637,8.185000,0.5290993787,0.03746759705,2.920627594e-06,-2.980232239e-06,-2.980232239e-06,1.71661377e-05,0,4.12541e-11,2.32228e-06,0.02893518563,-0.02951389551,0.5255180492,0.04433654592
1638,8.190000,0.5370228738,0.03782276437,2.920627594e-06,-2.980232239e-06,-2.980232239e-06,1.704692841e-05,0,4.09059e-11,2.31763e-06,0.02893518563,-0.02951389551,0.5336301808,0.04469091416
1639,8.195000,0.5448070057,0.0381538095,2.920627594e-06,-2.980232239e-06,-2.980232239e-06,1.692771912e-05,0,4.05578e-11,2.3129e-06,0.02893518563,-0.02951389551,0.5416300082,0.04494209827
1640,8.200000,0.5528119542,0.03773683682,2.920627594e-06,-2.980232239e-06,-2.980232239e-06,1.680850983e-05,0,4.02096e-11,2.30811e-06,0.02893518563,-0.02951389551,0.5495045268,0.04491904862
1641,8.205000,0.560998112,0.0373153016,2.920627594e-06,-2.980232239e-06,-2.980232239e-06,1.668930054e-05,0,3.98614e-11,2.30324e-06,0.02893518563,-0.02951389551,0.5572408562,0.04506921189
1642,8.210000,0.5689199418,0.03702095151,2.920627594e-06,-2.980232239e-06,-2.980232239e-06,1.657009125e-05,0,3.95133e-11,2.2983e-06,0.02893518563,-0.02951389551,0.5648262752,0.04491479271
1643,8.215000,0.5770005211,0.03651468828,2.920627594e-06,-2.980232239e-06,-2.980232239e-06,1.645088196e-05,0,3.91651e-11,2.29328e-06,0.02893518563,-0.02951389551,0.5722482565,0.0449211883
1644,8.220000,0.5840783566,0.03644695226,2.920627594e-06,-2.980232239e-06,-2.980232239e-06,1.633167267e-05,0,3.88169e-11,2.28818e-06,0.02893518563,-0.02951389551,0.5794945004,0.04492352316
1645,8.225000,0.5903451703,0.03720336687,2.920627594e-06,-2.980232239e-06,-2.980232239e-06,1.621246338e-05,0,3.84688e-11,2.283e-06,0.02893518563,-0.02951389551,0.5865529686,0.04492335674
1646,8.230000,0.5972681455,0.03708767891,2.920627594e-06,-2.980232239e-06,-2.980232239e-06,1.609325409e-05,0,3.81206e-11,2.27774e-06,0.02893518563,-0.02951389551,0.593411917,0.04505196846
1647,8.235000,0.6040182821,0.03706093971,2.920627594e-06,-2.980232239e-06,-2.980232239e-06,1.59740448e-05,0,3.77725e-11,2.2724e-06,0.02893518563,-0.02951389551,0.6000599278,0.04532409657
1648,8.240000,0.6107223779,0.03698893543,2.920627594e-06,-2.980232239e-06,-2.980232239e-06,1.585483551e-05,0,3.74243e-11,2.26697e-06,0.02893518563,-0.02951389551,0.6064859407,0.04544101684
1649,8.245000,0.6169950031,0.03699457366,2.920627594e-06,-2.980232239e-06,-2.980232239e-06,1.573562622e-05,0,3.70761e-11,2.26146e-06,0.02893518563,-0.02951389551,0.6126792838,0.04530726064
1650,8.250000,0.6225216165,0.0372480182,2.920627594e-06,-2.980232239e-06,-2.980232239e-06,1.561641693e-05,0,3.6728e-11,2.25585e-06,0.02893518563,-0.02951389551,0.6186297024,0.04546337233
1651,8.255000,0.6279798485,0.03707861714,2.920627594e-06,-2.980232239e-06,-2.980232239e-06,1.549720764e-05,0,3.63798e-11,2.25016e-06,0.02893518563,-0.02951389551,0.6243273878,0.04521379204
1652,8.260000,0.6329922453,0.03736396786,2.920627594e-06,-2.980232239e-06,-2.980232239e-06,1.537799835e-05,0,3.60316e-11,2.24437e-06,0.02893518563,-0.02951389551,0.6297630043,0.04508699809
1653,8.265000,0.6382359155,0.03759019542,2.920627594e-06,-2.980232239e-06,-2.980232239e-06,1.525878906e-05,0,3.56835e-11,2.23848e-06,0.02893518563,-0.02951389551,0.6349277152,0.0450008534
1654,8.270000,0.6432718448,0.03755387105,2.920627594e-06,-2.980232239e-06,-2.980232239e-06,1.513957977e-05,0,3.53353e-11,2.2325e-06,0.02893518563,-0.02951389551,0.6398132073,0.04511015826
1655,8.275000,0.6476895362,0.03743651882,2.920627594e-06,-2.980232239e-06,-2.980232239e-06,1.502037048e-05,0,3.49871e-11,2.22641e-06,0.02893518563,-0.02951389551,0.6444117143,0.04495295924
1656,8.280000,0.6517880633,0.03756000753,2.920627594e-06,-2.980232239e-06,-2.980232239e-06,1.490116119e-05,0,3.4639e-11,2.22022e-06,0.02893518563,-0.02951389551,0.6487160387,0.04502194372
1657,8.285000,0.6561922021,0.03705938347,2.920627594e-06,-2.980232239e-06,-2.980232239e-06,1.47819519e-05,0,3.42908e-11,2.21393e-06,0.02893518563,-0.02951389551,0.6527195718,0.04468343173
1658,8.290000,0.6596101075,0.03736231942,2.920627594e-06,-2.980232239e-06,-2.980232239e-06,1.466274261e-05,0,3.39426e-11,2.20753e-06,0.02893518563,-0.02951389551,0.6564163127,0.04468219038
1659,8.295000,0.6620870978,0.03767631203,2.920627594e-06,-2.980232239e-06,-2.980232239e-06,1.454353333e-05,0,3.35945e-11,2.20102e-06,0.02893518563,-0.02951389551,0.6598008853,0.04471829854
1660,8.300000,0.6642773822,0.037905748,2.920627594e-06,-2.980232239e-06,-2.980232239e-06,1.442432404e-05,0,3.32463e-11,2.19439e-06,0.02893518563,-0.02951389551,0.6628685537,0.04484417957
1661,8.305000,0.6663470678,0.03784741648,2.920627594e-06,-2.980232239e-06,-2.980232239e-06,1.430511475e-05,0,3.28981e-11,2.18765e-06,0.02893518563,-0.02951389551,0.6656152361,0.0446186461
1662,8.310000,0.6688024662,0.03808082547,2.920627594e-06,-2.980232239e-06,-2.980232239e-06,1.418590546e-05,0,3.255e-11,2.18079e-06,0.02893518563,-0.02951389551,0.6680375167,0.04480646928
1663,8.315000,0.6711017191,0.03781838156,2.920627594e-06,-2.980232239e-06,-2.980232239e-06,1.406669617e-05,0,3.22018e-11,2.17381e-06,0.02893518563,-0.02951389551,0.6701326557,0.04469196402
1664,8.320000,0.6728608124,0.03759563621,2.920627594e-06,-2.980232239e-06,-2.980232239e-06,1.394748688e-05,0,3.18536e-11,2.16671e-06,0.02893518563,-0.02951389551,0.6718985978,0.04468106431
1665,8.325000,0.6747064292,0.03737343755,2.920627594e-06,-2.980232239e-06,-2.980232239e-06,1.382827759e-05,0,3.15055e-11,2.15947e-06,0.02893518563,-0.02951389551,0.6733339791,0.04439632409
1666,8.330000,0.6751069613,0.03788402583,2.920627594e-06,-2.980232239e-06,-2.980232239e-06,1.37090683e-05,0,3.11573e-11,2.15211e-06,0.02893518563,-0.02951389551,0.6744381312,0.04424291819
1667,8.335000,0.675324671,0.03787099477,2.920627594e-06,-2.980232239e-06,-2.980232239e-06,1.358985901e-05,0,3.08091e-11,2.1446e-06,0.02893518563,-0.02951389551,0.6752110842,0.04403628201
1668,8.340000,0.6752817035,0.03838351183,2.920627594e-06,-2.980232239e-06,-2.980232239e-06,1.347064972e-05,0,3.0461e-11,2.13697e-06,0.02893518563,-0.02951389551,0.6756535677,0.04398784882
1669,8.345000,0.6750053912,0.03861773759,2.920627594e-06,-2.980232239e-06,-2.980232239e-06,1.335144043e-05,0,3.01128e-11,2.12918e-06,0.02893518563,-0.02951389551,0.67576701,0.04429507232
1670,8.350000,0.6754115634,0.03788027819,2.920627594e-06,-2.980232239e-06,-2.980232239e-06,1.323223114e-05,0,2.97646e-11,2.12126e-06,0.02893518563,-0.02951389551,0.6755535349,0.04414217921
1671,8.355000,0.6745309643,0.03824703768,2.920627594e-06,-2.980232239e-06,-2.980232239e-06,1.311302185e-05,0,2.94165e-11,2.11318e-06,0.02893518563,-0.02951389551,0.6750159569,0.04398220621
1672,8.360000,0.6735073142,0.03796601668,2.920627594e-06,-2.980232239e-06,-2.980232239e-06,1.299381256e-05,0,2.90683e-11,2.10495e-06,0.02893518563,-0.02951389551,0.6741577752,0.04405049946
1673,8.365000,0.6725649647,0.03764752578,2.920627594e-06,-2.980232239e-06,-2.980232239e-06,1.287460327e-05,0,2.87201e-11,2.09656e-06,0.02893518563,-0.02951389551,0.6729831648,0.04370889315
1674,8.370000,0.6710837483,0.03744194005,2.920627594e-06,-2.980232239e-06,-2.980232239e-06,1.275539398e-05,0,2.8372e-11,2.08802e-06,0.02893518563,-0.02951389551,0.671496966,0.04376790865
1675,8.375000,0.6692423485,0.03763111401,2.920627594e-06,-2.980232239e-06,-2.980232239e-06,1.263618469e-05,0,2.80238e-11,2.0793e-06,0.02893518563,-0.02951389551,0.6697046731,0.04434742899
1676,8.380000,0.6670025438,0.03741532378,2.920627594e-06,-2.980232239e-06,-2.980232239e-06,1.25169754e-05,0,2.76756e-11,2.07042e-06,0.02893518563,-0.02951389551,0.66761242,0.04416928316
1677,8.385000,0.6643036604,0.03741887212,2.920627594e-06,-2.980232239e-06,-2.980232239e-06,1.239776611e-05,0,2.73275e-11,2.06136e-06,0.02893518563,-0.02951389551,0.6652269646,0.04437307433
1678,8.390000,0.6621505171,0.03689716291,2.920627594e-06,-2.980232239e-06,-2.980232239e-06,1.227855682e-05,0,2.69793e-11,2.05212e-06,0.02893518563,-0.02951389551,0.6625556721,0.04444728817
1679,8.395000,0.659289863,0.03662482463,2.920627594e-06,-2.980232239e-06,-2.980232239e-06,1.215934753e-05,0,2.66311e-11,2.04269e-06,0.02893518563,-0.02951389551,0.6596064957,0.04436567008
1680,8.400000,0.6559253372,0.03670971841,2.920627594e-06,-2.980232239e-06,-2.980232239e-06,1.204013824e-05,0,2.6283e-11,2.03308e-06,0.02893518563,-0.02951389551,0.6563879562,0.04419087246
1681,8.405000,0.6517524794,0.03726976085,2.920627594e-06,-2.980232239e-06,-2.980232239e-06,1.192092896e-05,0,2.59348e-11,2.02327e-06,0.02893518563,-0.02951389551,0.6529091204,0.04420966457
1682,8.410000,0.64836796,0.03705270402,2.920627594e-06,-2.980232239e-06,-2.980232239e-06,1.180171967e-05,0,2.55866e-11,2.01326e-06,0.02893518563,-0.02951389551,0.6491795771,0.04416228433
1683,8.415000,0.6440479681,0.03681904078,2.920627594e-06,-2.980232239e-06,-2.980232239e-06,1.168251038e-05,0,2.52385e-11,2.00304e-06,0.02893518563,-0.02951389551,0.6452094127,0.04395160512
1684,8.420000,0.6387976445,0.03732435964,2.920627594e-06,-2.980232239e-06,-2.980232239e-06,1.156330109e-05,0,2.48903e-11,1.99261e-06,0.02893518563,-0.02951389551,0.6410091852,0.04371466569
1685,8.425000,0.6347332448,0.03689917177,2.920627594e-06,-2.980232239e-06,-2.980232239e-06,1.14440918e-05,0,2.45421e-11,1.98196e-06,0.02893518563,-0.02951389551,0.6365898961,0.04344169711
1686,8.430000,0.6293410212,0.03735052235,2.920627594e-06,-2.980232239e-06,-2.980232239e-06,1.132488251e-05,0,2.4194e-11,1.97109e-06,0.02893518563,-0.02951389551,0.6319629627,0.04376939852
1687,8.435000,0.6242953017,0.03726136964,2.920627594e-06,-2.980232239e-06,-2.980232239e-06,1.120567322e-05,0,2.38458e-11,1.95999e-06,0.02893518563,-0.02951389551,0.6271401877,0.04340763947
1688,8.440000,0.6192561015,0.03720705211,2.920627594e-06,-2.980232239e-06,-2.980232239e-06,1.108646393e-05,0,2.34976e-11,1.94865e-06,0.02893518563,-0.02951389551,0.6221337289,0.04355393683
1689,8.445000,0.6142974384,0.0370360231,2.920627594e-06,-2.980232239e-06,-2.980232239e-06,1.096725464e-05,0,2.31495e-11,1.93706e-06,0.02893518563,-0.02951389551,0.6169560673,0.04344863918
1690,8.450000,0.6089731492,0.03739431966,2.920627594e-06,-2.980232239e-06,-2.980232239e-06,1.084804535e-05,0,2.28013e-11,1.92523e-06,0.02893518563,-0.02951389551,0.6116199751,0.04357689828
1691,8.455000,0.6034229659,0.03747445997,2.920627594e-06,-2.980232239e-06,-2.980232239e-06,1.072883606e-05,0,2.24532e-11,1.91313e-06,0.02893518563,-0.02951389551,0.6061384819,0.04345313479
1692,8.460000,0.5978031754,0.03721371759,2.920627594e-06,-2.980232239e-06,-2.980232239e-06,1.060962677e-05,0,2.2105e-11,1.90077e-06,0.02893518563,-0.02951389551,0.6005248411,0.04326917576
1693,8.465000,0.5926401876,0.0368583966,2.920627594e-06,-2.980232239e-06,-2.980232239e-06,1.049041748e-05,0,2.17568e-11,1.88814e-06,0.02893518563,-0.02951389551,0.5947924956,0.04312796587
1694,8.470000,0.5868309401,0.03682623524,2.920627594e-06,-2.980232239e-06,-2.980232239e-06,1.037120819e-05,0,2.14087e-11,1.87522e-06,0.02893518563,-0.02951389551,0.5889550425,0.04303800559
1695,8.475000,0.5809148327,0.03692797571,2.920627594e-06,-2.980232239e-06,-2.980232239e-06,1.02519989e-05,0,2.10605e-11,1.86201e-06,0.02893518563,-0.02951389551,0.5830261981,0.0426949839
1696,8.480000,0.5746501945,0.03707457706,2.920627594e-06,-2.980232239e-06,-2.980232239e-06,1.013278961e-05,0,2.07123e-11,1.8485e-06,0.02893518563,-0.02951389551,0.5770197624,0.04254167689
1697,8.485000,0.5682057589,0.03736171406,2.920627594e-06,-2.980232239e-06,-2.980232239e-06,1.001358032e-05,0,2.03642e-11,1.83469e-06,0.02893518563,-0.02951389551,0.5709495831,0.04267339082
1698,8.490000,0.5624564178,0.03725523781,2.920627594e-06,-2.980232239e-06,-2.980232239e-06,9.894371033e-06,0,2.0016e-11,1.82055e-06,0.02893518563,-0.02951389551,0.5648295199,0.04266918403
1699,8.495000,0.5559668131,0.03733682819,2.920627594e-06,-2.980232239e-06,-2.980232239e-06,9.775161743e-06,0,1.96678e-11,1.8061e-06,0.02893518563,-0.02951389551,0.5586734088,0.04287370637
1700,8.500000,0.5496647544,0.03747707885,2.920627594e-06,-2.980232239e-06,-2.980232239e-06,9.655952454e-06,0,1.93197e-11,1.7913e-06,0.02893518563,-0.02951389551,0.5524950263,0.04261457558
1701,8.505000,0.5436396636,0.03687168378,2.920627594e-06,-2.980232239e-06,-2.980232239e-06,9.536743164e-06,0,1.89715e-11,1.77615e-06,0.02893518563,-0.02951389551,0.5463080543,0.04273185748
1702,8.510000,0.5378932133,0.03668800276,2.920627594e-06,-2.980232239e-06,-2.980232239e-06,9.417533875e-06,0,1.86233e-11,1.76065e-06,0.02893518563,-0.02951389551,0.5401260443,0.04289888923
1703,8.515000,0.531558834,0.03702736925,2.920627594e-06,-2.980232239e-06,-2.980232239e-06,9.298324585e-06,0,1.82752e-11,1.74478e-06,0.02893518563,-0.02951389551,0.5339623836,0.04288629665
1704,8.520000,0.5257554315,0.03708606772,2.920627594e-06,-2.980232239e-06,-2.980232239e-06,9.179115295e-06,0,1.7927e-11,1.72853e-06,0.02893518563,-0.02951389551,0.5278302605,0.0424766404
1705,8.525000,0.519608777,0.03717343509,2.920627594e-06,-2.980232239e-06,-2.980232239e-06,9.059906006e-06,0,1.75788e-11,1.71189e-06,0.02893518563,-0.02951389551,0.5217426307,0.04270597024
1706,8.530000,0.5136513375,0.03762470372,2.920627594e-06,-2.980232239e-06,-2.980232239e-06,8.940696716e-06,0,1.72307e-11,1.69485e-06,0.02893518563,-0.02951389551,0.515712185,0.04282850487
1707,8.535000,0.5078948997,0.03776292037,2.920627594e-06,-2.980232239e-06,-2.980232239e-06,8.821487427e-06,0,1.68825e-11,1.67739e-06,0.02893518563,-0.02951389551,0.5097513167,0.04250267476
1708,8.540000,0.5023322999,0.03747844137,2.920627594e-06,-2.980232239e-06,-2.980232239e-06,8.702278137e-06,0,1.65343e-11,1.65951e-06,0.02893518563,-0.02951389551,0.5038720906,0.04244005343
1709,8.545000,0.4967493974,0.03744485788,2.920627594e-06,-2.980232239e-06,-2.980232239e-06,8.583068848e-06,0,1.61862e-11,1.64118e-06,0.02893518563,-0.02951389551,0.4980862131,0.04212377349
1710,8.550000,0.4912133329,0.03721843474,2.920627594e-06,-2.980232239e-06,-2.980232239e-06,8.463859558e-06,0,1.5838e-11,1.6224e-06,0.02893518563,-0.02951389551,0.4924050024,0.04202762709
1711,8.555000,0.4858936071,0.03734389879,2.920627594e-06,-2.980232239e-06,-2.980232239e-06,8.344650269e-06,0,1.54898e-11,1.60315e-06,0.02893518563,-0.02951389551,0.4868393612,0.04209040897
1712,8.560000,0.4806373045,0.03725881223,2.920627594e-06,-2.980232239e-06,-2.980232239e-06,8.225440979e-06,0,1.51417e-11,1.58342e-06,0.02893518563,-0.02951389551,0.4813997494,0.04252465455
1713,8.565000,0.4757706188,0.03745827917,2.920627594e-06,-2.980232239e-06,-2.980232239e-06,8.106231689e-06,0,1.47935e-11,1.56319e-06,0.02893518563,-0.02951389551,0.4760961586,0.04271670112
1714,8.570000,0.4706439935,0.03754906543,2.920627594e-06,-2.980232239e-06,-2.980232239e-06,7.9870224e-06,0,1.44453e-11,1.54245e-06,0.02893518563,-0.02951389551,0.4709380886,0.04215895355
1715,8.575000,0.4659427851,0.03741447907,2.920627594e-06,-2.980232239e-06,-2.980232239e-06,7.86781311e-06,0,1.40972e-11,1.52118e-06,0.02893518563,-0.02951389551,0.4659345236,0.0420886837
1716,8.580000,0.4623047821,0.03685078025,2.920627594e-06,-2.980232239e-06,-2.980232239e-06,7.748603821e-06,0,1.3749e-11,1.49937e-06,0.02893518563,-0.02951389551,0.4610939119,0.04209788468
1717,8.585000,0.4578166716,0.03641062323,2.920627594e-06,-2.980232239e-06,-2.980232239e-06,7.629394531e-06,0,1.34008e-11,1.477e-06,0.02893518563,-0.02951389551,0.4564241457,0.04188095882
1718,8.590000,0.4531594962,0.03686750028,2.920627594e-06,-2.980232239e-06,-2.980232239e-06,7.510185242e-06,0,1.30527e-11,1.45405e-06,0.02893518563,-0.02951389551,0.4519325432,0.04201894219
1719,8.595000,0.4483572692,0.0371959256,2.920627594e-06,-2.980232239e-06,-2.980232239e-06,7.390975952e-06,0,1.27045e-11,1.43051e-06,0.02893518563,-0.02951389551,0.4476258318,0.04159323565
1720,8.600000,0.4446702749,0.03707222082,2.920627594e-06,-2.980232239e-06,-2.980232239e-06,7.271766663e-06,0,1.23563e-11,1.40636e-06,0.02893518563,-0.02951389551,0.4435101338,0.04116283325
1721,8.605000,0.441450648,0.03669046331,2.920627594e-06,-2.980232239e-06,-2.980232239e-06,7.152557373e-06,0,1.20082e-11,1.38158e-06,0.02893518563,-0.02951389551,0.4395909532,0.04098828765
1722,8.610000,0.4379538186,0.03661466297,2.920627594e-06,-2.980232239e-06,-2.980232239e-06,7.033348083e-06,0,1.166e-11,1.35616e-06,0.02893518563,-0.02951389551,0.4358731641,0.04126097416
1723,8.615000,0.434586782,0.03654418979,2.920627594e-06,-2.980232239e-06,-2.980232239e-06,6.914138794e-06,0,1.13118e-11,1.33007e-06,0.02893518563,-0.02951389551,0.4323610016,0.04084186099
1724,8.620000,0.4322429076,0.03583330847,2.920627594e-06,-2.980232239e-06,-2.980232239e-06,6.794929504e-06,0,1.09637e-11,1.3033e-06,0.02893518563,-0.02951389551,0.4290580539,0.04079601283
1725,8.625000,0.4290127791,0.03597521968,2.920627594e-06,-2.980232239e-06,-2.980232239e-06,6.675720215e-06,0,1.06155e-11,1.27582e-06,0.02893518563,-0.02951389551,0.4259672569,0.04054291892
1726,8.630000,0.4256646447,0.03656378854,2.920627594e-06,-2.980232239e-06,-2.980232239e-06,6.556510925e-06,0,1.02673e-11,1.24762e-06,0.02893518563,-0.02951389551,0.4230908893,0.04041128719
1727,8.635000,0.4231223464,0.03681444097,2.920627594e-06,-2.980232239e-06,-2.980232239e-06,6.437301636e-06,0,9.91918e-12,1.21869e-06,0.02893518563,-0.02951389551,0.4204305716,0.04009143852
1728,8.640000,0.4208128676,0.03684838209,2.920627594e-06,-2.980232239e-06,-2.980232239e-06,6.318092346e-06,0,9.57101e-12,1.18898e-06,0.02893518563,-0.02951389551,0.4179872649,0.04002880764
1729,8.645000,0.4186546803,0.03675391525,2.920627594e-06,-2.980232239e-06,-2.980232239e-06,6.198883057e-06,0,9.22284e-12,1.1585e-06,0.02893518563,-0.02951389551,0.4157612731,0.04002210769
1730,8.650000,0.4166706912,0.03685083427,2.920627594e-06,-2.980232239e-06,-2.980232239e-06,6.079673767e-06,0,8.87468e-12,1.12722e-06,0.02893518563,-0.02951389551,0.413752246,0.03971246948
1731,8.655000,0.4148546867,0.0369811831,2.920627594e-06,-2.980232239e-06,-2.980232239e-06,5.960464478e-06,0,8.52651e-12,1.09511e-06,0.02893518563,-0.02951389551,0.4119591849,0.03944467373
1732,8.660000,0.4138332345,0.03694603592,2.920627594e-06,-2.920627594e-06,-2.920627594e-06,5.960464478e-06,0,8.87823e-12,1.1481e-06,0.02893518563,-0.02893517911,0.4103804493,0.0393708938
1733,8.665000,0.4124585725,0.03703654278,2.920627594e-06,-2.861022949e-06,-2.861022949e-06,5.960464478e-06,0,9.22284e-12,1.20085e-06,0.02893518563,-0.02835647762,0.4090137664,0.03931554993
1734,8.670000,0.4111153707,0.03690755274,2.920627594e-06,-2.801418304e-06,-2.801418304e-06,5.960464478e-06,0,9.56035e-12,1.25337e-06,0.02893518563,-0.02777777612,0.4078562412,0.03934525452
1735,8.675000,0.4103050493,0.03717412986,2.920627594e-06,-2.74181366e-06,-2.74181366e-06,5.960464478e-06,0,9.89075e-12,1.30563e-06,0.02893518563,-0.02719907463,0.4069043693,0.03924500701
1736,8.680000,0.4103535265,0.03688546456,2.920627594e-06,-2.682209015e-06,-2.682209015e-06,5.960464478e-06,0,1.02141e-11,1.35763e-06,0.02893518563,-0.02662037313,0.4061540508,0.03905941606
1737,8.685000,0.4101324156,0.03681769408,2.920627594e-06,-2.62260437e-06,-2.62260437e-06,5.960464478e-06,0,1.05302e-11,1.40934e-06,0.02893518563,-0.02604167163,0.4056006063,0.03908882013
1738,8.690000,0.4095347263,0.03688077535,2.920627594e-06,-2.562999725e-06,-2.562999725e-06,5.960464478e-06,0,1.08393e-11,1.46076e-06,0.02893518563,-0.02546297014,0.4052387942,0.03928517602
1739,8.695000,0.4096618295,0.03679487389,2.920627594e-06,-2.503395081e-06,-2.503395081e-06,5.960464478e-06,0,1.11413e-11,1.51187e-06,0.02893518563,-0.02488425374,0.4050628298,0.03944577097
1740,8.700000,0.4096825905,0.03696169611,2.920627594e-06,-2.443790436e-06,-2.443790436e-06,5.960464478e-06,0,1.14362e-11,1.56265e-06,0.02893518563,-0.02430555224,0.4050664054,0.03951595335
1741,8.705000,0.4096603766,0.03693080135,2.920627594e-06,-2.384185791e-06,-2.384185791e-06,5.960464478e-06,0,1.1724e-11,1.61309e-06,0.02893518563,-0.02372685075,0.4052427126,0.03966429626
1742,8.710000,0.4104205444,0.03666255902,2.920627594e-06,-2.324581146e-06,-2.324581146e-06,5.960464478e-06,0,1.20046e-11,1.66317e-06,0.02893518563,-0.02314814925,0.4055844654,0.03992932461
1743,8.715000,0.4108096175,0.03673860896,2.920627594e-06,-2.264976501e-06,-2.264976501e-06,5.960464478e-06,0,1.22782e-11,1.71286e-06,0.02893518563,-0.02256944776,0.4060839249,0.03958274151
1744,8.720000,0.4116332158,0.0366434278,2.920627594e-06,-2.205371857e-06,-2.205371857e-06,5.960464478e-06,0,1.25446e-11,1.76215e-06,0.02893518563,-0.02199074626,0.406732925,0.03932464932
1745,8.725000,0.412339285,0.03671684489,2.920627594e-06,-2.145767212e-06,-2.145767212e-06,5.960464478e-06,0,1.2804e-11,1.81101e-06,0.02893518563,-0.02141202986,0.4075228994,0.0393945054
1746,8.730000,0.412543416,0.0373195149,2.920627594e-06,-2.086162567e-06,-2.086162567e-06,5.960464478e-06,0,1.30562e-11,1.85942e-06,0.02893518563,-0.02083332837,0.4084449099,0.03915673137
1747,8.735000,0.41398599,0.03718946129,2.920627594e-06,-2.026557922e-06,-2.026557922e-06,5.960464478e-06,0,1.33014e-11,1.90735e-06,0.02893518563,-0.02025462687,0.4094896751,0.03905674147
1748,8.740000,0.4150787666,0.03717681859,2.920627594e-06,-1.966953278e-06,-1.966953278e-06,5.960464478e-06,0,1.35394e-11,1.95478e-06,0.02893518563,-0.01967592537,0.4106476008,0.03907684108
1749,8.745000,0.4170690365,0.03701821342,2.920627594e-06,-1.907348633e-06,-1.907348633e-06,5.960464478e-06,0,1.37703e-11,2.00167e-06,0.02893518563,-0.01909722388,0.4119088105,0.03946753049
1750,8.750000,0.4177651443,0.03718444332,2.920627594e-06,-1.847743988e-06,-1.847743988e-06,5.960464478e-06,0,1.39941e-11,2.04799e-06,0.02893518563,-0.01851852238,0.413263177,0.0392780961
1751,8.755000,0.4193628244,0.03717522137,2.920627594e-06,-1.788139343e-06,-1.788139343e-06,5.960464478e-06,0,1.42109e-11,2.09372e-06,0.02893518563,-0.01793982089,0.414700355,0.03922587039
1752,8.760000,0.4211499169,0.0370327523,2.920627594e-06,-1.728534698e-06,-1.728534698e-06,5.960464478e-06,0,1.44205e-11,2.13881e-06,0.02893518563,-0.01736110449,0.4162098132,0.03917520312
1753,8.765000,0.4222559743,0.03716353048,2.920627594e-06,-1.668930054e-06,-1.668930054e-06,6.020069122e-06,0,1.47971e-11,2.19286e-06,0.02893518563,-0.01678240299,0.4177808679,0.03952848518
1754,8.770000,0.4237446412,0.03739964217,2.920627594e-06,-1.668930054e-06,-1.668930054e-06,6.079673767e-06,0,1.49711e-11,2.20228e-06,0.02893518563,-0.01678240299,0.4194027166,0.03940291121
1755,8.775000,0.4250950478,0.03761398885,2.920627594e-06,-1.668930054e-06,-1.668930054e-06,6.139278412e-06,0,1.51452e-11,2.21149e-06,0.02893518563,-0.01678240299,0.4210644719,0.03962702861
1756,8.780000,0.4268527813,0.03765632864,2.920627594e-06,-1.668930054e-06,-1.668930054e-06,6.198883057e-06,0,1.53193e-11,2.22051e-06,0.02893518563,-0.01678240299,0.422755195,0.03952018193
1757,8.785000,0.4282253571,0.03781077359,2.920627594e-06,-1.668930054e-06,-1.668930054e-06,6.258487701e-06,0,1.54934e-11,2.22933e-06,0.02893518563,-0.01678240299,0.4244639303,0.03992658478
1758,8.790000,0.4298049957,0.03789877519,2.920627594e-06,-1.668930054e-06,-1.668930054e-06,6.318092346e-06,0,1.56675e-11,2.23797e-06,0.02893518563,-0.01678240299,0.4261797393,0.03985877341
1759,8.795000,0.4313006848,0.03808418289,2.920627594e-06,-1.668930054e-06,-1.668930054e-06,6.377696991e-06,0,1.58416e-11,2.24642e-06,0.02893518563,-0.01678240299,0.4278917344,0.04019176583
1760,8.800000,0.4328226,0.03814808279,2.920627594e-06,-1.668930054e-06,-1.668930054e-06,6.437301636e-06,0,1.60156e-11,2.2547e-06,0.02893518563,-0.01678240299,0.4295891127,0.04003690457
1761,8.805000,0.4346903712,0.0381933311,2.920627594e-06,-1.668930054e-06,-1.668930054e-06,6.496906281e-06,0,1.61897e-11,2.2628e-06,0.02893518563,-0.01678240299,0.4312611891,0.04008742001
1762,8.810000,0.435694173,0.03853059281,2.920627594e-06,-1.668930054e-06,-1.668930054e-06,6.556510925e-06,0,1.63638e-11,2.27073e-06,0.02893518563,-0.01678240299,0.4328974297,0.03993660907
1763,8.815000,0.4370499253,0.03850193229,2.920627594e-06,-1.668930054e-06,-1.668930054e-06,6.61611557e-06,0,1.65379e-11,2.2785e-06,0.02893518563,-0.01678240299,0.4344874837,0.0402325573
1764,8.820000,0.4385888726,0.0386967659,2.920627594e-06,-1.668930054e-06,-1.668930054e-06,6.675720215e-06,0,1.6712e-11,2.2861e-06,0.02893518563,-0.01678240299,0.4360212156,0.04030200677
1765,8.825000,0.4402808249,0.03863557614,2.920627594e-06,-1.668930054e-06,-1.668930054e-06,6.73532486e-06,0,1.6886e-11,2.29355e-06,0.02893518563,-0.01678240299,0.4374887359,0.0404963267
1766,8.830000,0.4412696809,0.03870905191,2.920627594e-06,-1.668930054e-06,-1.668930054e-06,6.794929504e-06,0,1.70601e-11,2.30085e-06,0.02893518563,-0.01678240299,0.4388804319,0.0404330959
1767,8.835000,0.4421967976,0.0387686342,2.920627594e-06,-1.668930054e-06,-1.668930054e-06,6.854534149e-06,0,1.72342e-11,2.308e-06,0.02893518563,-0.01678240299,0.4401869966,0.0405938767
1768,8.840000,0.4433555305,0.03868331388,2.920627594e-06,-1.668930054e-06,-1.668930054e-06,6.914138794e-06,0,1.74083e-11,2.31501e-06,0.02893518563,-0.01678240299,0.4413994577,0.04039708881
1769,8.845000,0.4443131536,0.03893095907,2.920627594e-06,-1.668930054e-06,-1.668930054e-06,6.973743439e-06,0,1.75824e-11,2.32187e-06,0.02893518563,-0.01678240299,0.4425092045,0.04054092316
1770,8.850000,0.445582252,0.0386457881,2.920627594e-06,-1.668930054e-06,-1.668930054e-06,7.033348083e-06,0,1.77565e-11,2.3286e-06,0.02893518563,-0.01678240299,0.4435080144,0.04029750184
1771,8.855000,0.4458536357,0.0388574684,2.920627594e-06,-1.668930054e-06,-1.668930054e-06,7.092952728e-06,0,1.79305e-11,2.3352e-06,0.02893518563,-0.01678240299,0.4443880784,0.04017502878
1772,8.860000,0.4460396916,0.03908517957,2.920627594e-06,-1.668930054e-06,-1.668930054e-06,7.152557373e-06,0,1.81046e-11,2.34166e-06,0.02893518563,-0.01678240299,0.4451420241,0.03992951035
1773,8.865000,0.4464788549,0.03922653571,2.920627594e-06,-1.668930054e-06,-1.668930054e-06,7.212162018e-06,0,1.82787e-11,2.348e-06,0.02893518563,-0.01678240299,0.4457629388,0.03980334837
1774,8.870000,0.4464397542,0.03928289469,2.920627594e-06,-1.668930054e-06,-1.668930054e-06,7.271766663e-06,0,1.84528e-11,2.35422e-06,0.02893518563,-0.01678240299,0.4462443903,0.03979131186
1775,8.875000,0.4462490454,0.03970891889,2.920627594e-06,-1.668930054e-06,-1.668930054e-06,7.331371307e-06,0,1.86269e-11,2.36032e-06,0.02893518563,-0.01678240299,0.4465804468,0.03941302455
1776,8.880000,0.4462866522,0.0397030469,2.920627594e-06,-1.668930054e-06,-1.668930054e-06,7.390975952e-06,0,1.8801e-11,2.3663e-06,0.02893518563,-0.01678240299,0.4467656945,0.03899691124
1777,8.885000,0.445772849,0.03983972874,2.920627594e-06,-1.668930054e-06,-1.668930054e-06,7.450580597e-06,0,1.8975e-11,2.37216e-06,0.02893518563,-0.01678240299,0.4467952545,0.03890778651
1778,8.890000,0.4454702511,0.03978200909,2.920627594e-06,-1.668930054e-06,-1.668930054e-06,7.510185242e-06,0,1.91491e-11,2.37792e-06,0.02893518563,-0.01678240299,0.4466647976,0.03855947186
1779,8.895000,0.4452678822,0.03983440064,2.920627594e-06,-1.668930054e-06,-1.668930054e-06,7.569789886e-06,0,1.93232e-11,2.38356e-06,0.02893518563,-0.01678240299,0.4463705573,0.03870436754
1780,8.900000,0.445300784,0.03963482752,2.920627594e-06,-1.668930054e-06,-1.668930054e-06,7.629394531e-06,0,1.94973e-11,2.38911e-06,0.02893518563,-0.01678240299,0.4459093416,0.0387780773
1781,8.905000,0.4444593564,0.03978981636,2.920627594e-06,-1.668930054e-06,-1.668930054e-06,7.688999176e-06,0,1.96714e-11,2.39454e-06,0.02893518563,-0.01678240299,0.4452785427,0.03867730829
1782,8.910000,0.4435802139,0.03984707408,2.920627594e-06,-1.668930054e-06,-1.668930054e-06,7.748603821e-06,0,1.98455e-11,2.39988e-06,0.02893518563,-0.01678240299,0.4444761449,0.03846919603
1783,8.915000,0.4426340722,0.03963047173,2.920627594e-06,-1.668930054e-06,-1.668930054e-06,7.808208466e-06,0,2.00195e-11,2.40512e-06,0.02893518563,-0.01678240299,0.443500731,0.03814067857
1784,8.920000,0.4411984608,0.03969608154,2.920627594e-06,-1.668930054e-06,-1.668930054e-06,7.86781311e-06,0,2.01936e-11,2.41027e-06,0.02893518563,-0.01678240299,0.4423514867,0.0383557213
1785,8.925000,0.439960897,0.03968495782,2.920627594e-06,-1.668930054e-06,-1.668930054e-06,7.927417755e-06,0,2.03677e-11,2.41532e-06,0.02893518563,-0.01678240299,0.4410282029,0.03861008528
1786,8.930000,0.4388090931,0.03939423803,2.920627594e-06,-1.668930054e-06,-1.668930054e-06,7.9870224e-06,0,2.05418e-11,2.42028e-06,0.02893518563,-0.01678240299,0.4395312772,0.03880166296
1787,8.935000,0.4368210286,0.03969972394,2.920627594e-06,-1.668930054e-06,-1.668930054e-06,8.046627045e-06,0,2.07159e-11,2.42515e-06,0.02893518563,-0.01678240299,0.437861712,0.03875608741
1788,8.940000,0.4347174279,0.03971487843,2.920627594e-06,-1.668930054e-06,-1.668930054e-06,8.106231689e-06,0,2.089e-11,2.42993e-06,0.02893518563,-0.01678240299,0.4360211124,0.03866316073
1789,8.945000,0.4324630052,0.03962415364,2.920627594e-06,-1.668930054e-06,-1.668930054e-06,8.165836334e-06,0,2.1064e-11,2.43463e-06,0.02893518563,-0.01678240299,0.4340116809,0.03862871608
1790,8.950000,0.4304485358,0.03950588312,2.920627594e-06,-1.668930054e-06,-1.668930054e-06,8.225440979e-06,0,2.12381e-11,2.43925e-06,0.02893518563,-0.01678240299,0.4318362115,0.03856818445
1791,8.955000,0.4279086255,0.03958238102,2.920627594e-06,-1.668930054e-06,-1.668930054e-06,8.285045624e-06,0,2.14122e-11,2.44379e-06,0.02893518563,-0.01678240299,0.4294980812,0.03854929104
1792,8.960000,0.4258936606,0.03941589408,2.920627594e-06,-1.668930054e-06,-1.668930054e-06,8.344650269e-06,0,2.15863e-11,2.44825e-06,0.02893518563,-0.01678240299,0.4270012398,0.03844013201
1793,8.965000,0.4230386093,0.03933341801,2.920627594e-06,-1.668930054e-06,-1.668930054e-06,8.404254913e-06,0,2.17604e-11,2.45263e-06,0.02893518563,-0.01678240299,0.4243501986,0.03847045481
1794,8.970000,0.4203227833,0.03908605501,2.920627594e-06,-1.668930054e-06,-1.668930054e-06,8.463859558e-06,0,2.19345e-11,2.45694e-06,0.02893518563,-0.01678240299,0.4215500165,0.03829940387
1795,8.975000,0.4173060693,0.03891049698,2.920627594e-06,-1.668930054e-06,-1.668930054e-06,8.523464203e-06,0,2.21085e-11,2.46118e-06,0.02893518563,-0.01678240299,0.4186062855,0.03815732483
1796,8.980000,0.4143232591,0.03901924565,2.920627594e-06,-1.668930054e-06,-1.668930054e-06,8.583068848e-06,0,2.22826e-11,2.46534e-06,0.02893518563,-0.01678240299,0.4155251136,0.03789493077
1797,8.985000,0.4112224728,0.03883236088,2.920627594e-06,-1.668930054e-06,-1.668930054e-06,8.642673492e-06,0,2.24567e-11,2.46943e-06,0.02893518563,-0.01678240299,0.4123131065,0.03814001866
1798,8.990000,0.407740809,0.03890332021,2.920627594e-06,-1.668930054e-06,-1.668930054e-06,8.702278137e-06,0,2.26308e-11,2.47346e-06,0.02893518563,-0.01678240299,0.4089773483,0.03784518625
1799,8.995000,0.4045332186,0.03899103682,2.920627594e-06,-1.668930054e-06,-1.668930054e-06,8.761882782e-06,0,2.28049e-11,2.47742e-06,0.02893518563,-0.01678240299,0.4055253799,0.03785397352
1800,9.000000,0.4007401653,0.03898803703,2.920627594e-06,-1.668930054e-06,-1.668930054e-06,8.821487427e-06,0,2.2979e-11,2.48131e-06,0.02893518563,-0.01678240299,0.4019651766,0.03798519827
1801,9.005000,0.3976029083,0.03870079014,2.920627594e-06,-1.668930054e-06,-1.668930054e-06,8.881092072e-06,0,2.3153e-11,2.48514e-06,0.02893518563,-0.01678240299,0.3983051242,0.03760053844
1802,9.010000,0.3937757872,0.03873661906,2.920627594e-06,-1.668930054e-06,-1.668930054e-06,8.940696716e-06,0,2.33271e-11,2.48891e-06,0.02893518563,-0.01678240299,0.3945539937,0.03783863569
1803,9.015000,0.3895579837,0.03901419975,2.920627594e-06,-1.668930054e-06,-1.668930054e-06,9.000301361e-06,0,2.35012e-11,2.49262e-06,0.02893518563,-0.01678240299,0.3907209152,0.03777813754
1804,9.020000,0.3853686638,0.03908953536,2.920627594e-06,-1.668930054e-06,-1.668930054e-06,9.059906006e-06,0,2.36753e-11,2.49627e-06,0.02893518563,-0.01678240299,0.3868153503,0.03817481015
1805,9.025000,0.3811978735,0.03911013342,2.920627594e-06,-1.668930054e-06,-1.668930054e-06,9.119510651e-06,0,2.38494e-11,2.49986e-06,0.02893518563,-0.01678240299,0.3828470635,0.03844387388
1806,9.030000,0.3772045746,0.03901393898,2.920627594e-06,-1.668930054e-06,-1.668930054e-06,9.179115295e-06,0,2.40234e-11,2.5034e-06,0.02893518563,-0.01678240299,0.3788260933,0.03869508187
1807,9.035000,0.3739754669,0.03866861295,2.920627594e-06,-1.668930054e-06,-1.668930054e-06,9.23871994e-06,0,2.41975e-11,2.50687e-06,0.02893518563,-0.01678240299,0.3747627214,0.03847951471
1808,9.040000,0.3699949607,0.03859902173,2.920627594e-06,-1.668930054e-06,-1.668930054e-06,9.298324585e-06,0,2.43716e-11,2.5103e-06,0.02893518563,-0.01678240299,0.370667442,0.03838145303
1809,9.045000,0.3661008291,0.03843166213,2.920627594e-06,-1.668930054e-06,-1.668930054e-06,9.35792923e-06,0,2.45457e-11,2.51367e-06,0.02893518563,-0.01678240299,0.3665509299,0.03862251889
1810,9.050000,0.362067204,0.0384781342,2.920627594e-06,-1.668930054e-06,-1.668930054e-06,9.417533875e-06,0,2.47198e-11,2.51699e-06,0.02893518563,-0.01678240299,0.3624240083,0.03860166837
1811,9.055000,0.3573744632,0.03854255565,2.920627594e-06,-1.668930054e-06,-1.668930054e-06,9.477138519e-06,0,2.48939e-11,2.52026e-06,0.02893518563,-0.01678240299,0.3582976163,0.038645981
1812,9.060000,0.3536609411,0.03840771131,2.920627594e-06,-1.668930054e-06,-1.668930054e-06,9.536743164e-06,0,2.50679e-11,2.52348e-06,0.02893518563,-0.01678240299,0.3541827753,0.03899061079
1813,9.065000,0.3502652533,0.03819585219,2.920627594e-06,-1.668930054e-06,-1.668930054e-06,9.596347809e-06,0,2.5242e-11,2.52665e-06,0.02893518563,-0.01678240299,0.3500905556,0.03884110481
1814,9.070000,0.3463296779,0.03814963344,2.920627594e-06,-1.668930054e-06,-1.668930054e-06,9.655952454e-06,0,2.54161e-11,2.52977e-06,0.02893518563,-0.01678240299,0.3460320429,0.03874196108
1815,9.075000,0.3424460776,0.03818732128,2.920627594e-06,-1.668930054e-06,-1.668930054e-06,9.715557098e-06,0,2.55902e-11,2.53285e-06,0.02893518563,-0.01678240299,0.3420183047,0.0390330889
1816,9.080000,0.3386105634,0.03816973604,2.920627594e-06,-1.668930054e-06,-1.668930054e-06,9.775161743e-06,0,2.57643e-11,2.53588e-06,0.02893518563,-0.01678240299,0.338060356,0.03891546943
1817,9.085000,0.335014239,0.03828261793,2.920627594e-06,-1.668930054e-06,-1.668930054e-06,9.834766388e-06,0,2.59384e-11,2.53886e-06,0.02893518563,-0.01678240299,0.3341691261,0.03895059243
1818,9.090000,0.33130005,0.03830505535,2.920627594e-06,-1.668930054e-06,-1.668930054e-06,9.894371033e-06,0,2.61124e-11,2.5418e-06,0.02893518563,-0.01678240299,0.3303554247,0.03872958456
1819,9.095000,0.3279337473,0.0382167967,2.920627594e-06,-1.668930054e-06,-1.668930054e-06,9.953975677e-06,0,2.62865e-11,2.5447e-06,0.02893518563,-0.01678240299,0.326629909,0.03910842021
1820,9.100000,0.3241441026,0.03839329444,2.920627594e-06,-1.668930054e-06,-1.668930054e-06,1.001358032e-05,0,2.64606e-11,2.54756e-06,0.02893518563,-0.01678240299,0.323003051,0.0392577789
1821,9.105000,0.3201732412,0.03845312633,2.920627594e-06,-1.668930054e-06,-1.668930054e-06,1.007318497e-05,0,2.66347e-11,2.55038e-06,0.02893518563,-0.01678240299,0.3194851045,0.03902734751
1822,9.110000,0.3167629279,0.03852065559,2.920627594e-06,-1.668930054e-06,-1.668930054e-06,1.013278961e-05,0,2.68088e-11,2.55315e-06,0.02893518563,-0.01678240299,0.3160860742,0.03897732771
1823,9.115000,0.3146384731,0.03812683932,2.920627594e-06,-1.668930054e-06,-1.668930054e-06,1.019239426e-05,0,2.69829e-11,2.55589e-06,0.02893518563,-0.01678240299,0.3128156839,0.03931405887
1824,9.120000,0.3113993853,0.03803635389,2.920627594e-06,-1.668930054e-06,-1.668930054e-06,1.02519989e-05,0,2.71569e-11,2.55859e-06,0.02893518563,-0.01678240299,0.3096833467,0.03928608175
1825,9.125000,0.3084177375,0.03800633177,2.920627594e-06,-1.668930054e-06,-1.668930054e-06,1.031160355e-05,0,2.7331e-11,2.56125e-06,0.02893518563,-0.01678240299,0.3066981351,0.03899424443
1826,9.130000,0.3060649112,0.03792910092,2.920627594e-06,-1.668930054e-06,-1.668930054e-06,1.037120819e-05,0,2.75051e-11,2.56387e-06,0.02893518563,-0.01678240299,0.3038687527,0.0392167122
1827,9.135000,0.3031723835,0.03800493944,2.920627594e-06,-1.668930054e-06,-1.668930054e-06,1.043081284e-05,0,2.76792e-11,2.56646e-06,0.02893518563,-0.01678240299,0.3012035064,0.03961140812
1828,9.140000,0.3007975481,0.0382035682,2.920627594e-06,-1.668930054e-06,-1.668930054e-06,1.049041748e-05,0,2.78533e-11,2.56901e-06,0.02893518563,-0.01678240299,0.2987102805,0.03988118299
1829,9.145000,0.2981184088,0.03841546737,2.920627594e-06,-1.668930054e-06,-1.668930054e-06,1.055002213e-05,0,2.80274e-11,2.57152e-06,0.02893518563,-0.01678240299,0.2963965108,0.04047752533
1830,9.150000,0.2959241569,0.0384498043,2.920627594e-06,-1.668930054e-06,-1.668930054e-06,1.060962677e-05,0,2.82014e-11,2.57401e-06,0.02893518563,-0.01678240299,0.294269161,0.04057748249
1831,9.155000,0.2949555442,0.03795492649,2.920627594e-06,-1.668930054e-06,-1.668930054e-06,1.066923141e-05,0,2.83755e-11,2.57645e-06,0.02893518563,-0.01678240299,0.2923347001,0.04043943869
1832,9.160000,0.292798914,0.03829172254,2.920627594e-06,-1.668930054e-06,-1.668930054e-06,1.072883606e-05,0,2.85496e-11,2.57887e-06,0.02893518563,-0.01678240299,0.2905990805,0.04022818241
1833,9.165000,0.2913801745,0.03835801501,2.920627594e-06,-1.668930054e-06,-1.668930054e-06,1.07884407e-05,0,2.87237e-11,2.58125e-06,0.02893518563,-0.01678240299,0.2890677191,0.04050508544
1834,9.170000,0.2896421775,0.03867390193,2.920627594e-06,-1.668930054e-06,-1.668930054e-06,1.084804535e-05,0,2.88978e-11,2.5836e-06,0.02893518563,-0.01678240299,0.2877454781,0.04013381164
1835,9.175000,0.288971018,0.03856691997,2.920627594e-06,-1.668930054e-06,-1.668930054e-06,1.090764999e-05,0,2.90719e-11,2.58592e-06,0.02893518563,-0.01678240299,0.2866366488,0.03987654096
1836,9.180000,0.2884175107,0.03851570096,2.920627594e-06,-1.668930054e-06,-1.668930054e-06,1.096725464e-05,0,2.92459e-11,2.58821e-06,0.02893518563,-0.01678240299,0.285744936,0.04005678105
1837,9.185000,0.2873679213,0.03858902212,2.920627594e-06,-1.668930054e-06,-1.668930054e-06,1.102685928e-05,0,2.942e-11,2.59047e-06,0.02893518563,-0.01678240299,0.2850734452,0.03994648266
1838,9.190000,0.2867772989,0.03857136331,2.920627594e-06,-1.668930054e-06,-1.668930054e-06,1.108646393e-05,0,2.95941e-11,2.5927e-06,0.02893518563,-0.01678240299,0.2846246701,0.03998272317
1839,9.195000,0.2861453667,0.03880968504,2.920627594e-06,-1.668930054e-06,-1.668930054e-06,1.114606857e-05,0,2.97682e-11,2.5949e-06,0.02893518563,-0.01678240299,0.2844004829,0.03999040506
1840,9.200000,0.2865799479,0.03865386173,2.920627594e-06,-1.668930054e-06,-1.668930054e-06,1.120567322e-05,0,2.99423e-11,2.59708e-06,0.02893518563,-0.01678240299,0.2844021262,0.03975307419
1841,9.205000,0.2875074707,0.03851711284,2.920627594e-06,-1.668930054e-06,-1.668930054e-06,1.126527786e-05,0,3.01164e-11,2.59922e-06,0.02893518563,-0.01678240299,0.284630206,0.03970748387
1842,9.210000,0.2880743332,0.03859769367,2.920627594e-06,-1.668930054e-06,-1.668930054e-06,1.132488251e-05,0,3.02904e-11,2.60134e-06,0.02893518563,-0.01678240299,0.2850846878,0.03980321028
1843,9.215000,0.2886340506,0.03871063609,2.920627594e-06,-1.668930054e-06,-1.668930054e-06,1.138448715e-05,0,3.04645e-11,2.60343e-06,0.02893518563,-0.01678240299,0.285764893,0.0400970792
1844,9.220000,0.2892509811,0.03886397462,2.920627594e-06,-1.668930054e-06,-1.668930054e-06,1.14440918e-05,0,3.06386e-11,2.6055e-06,0.02893518563,-0.01678240299,0.2866694986,0.03996064737
1845,9.225000,0.2901504189,0.03895673249,2.920627594e-06,-1.668930054e-06,-1.668930054e-06,1.150369644e-05,0,3.08127e-11,2.60753e-06,0.02893518563,-0.01678240299,0.2877965375,0.03970839048
1846,9.230000,0.2915703729,0.0389201222,2.920627594e-06,-1.668930054e-06,-1.668930054e-06,1.156330109e-05,0,3.09868e-11,2.60955e-06,0.02893518563,-0.01678240299,0.2891434017,0.03979133128
1847,9.235000,0.2929975577,0.03891712241,2.920627594e-06,-1.668930054e-06,-1.668930054e-06,1.162290573e-05,0,3.11609e-11,2.61154e-06,0.02893518563,-0.01678240299,0.2907068465,0.03961429112
1848,9.240000,0.2945872024,0.03882863466,2.920627594e-06,-1.668930054e-06,-1.668930054e-06,1.168251038e-05,0,3.13349e-11,2.6135e-06,0.02893518563,-0.01678240299,0.2924829972,0.03923090124
1849,9.245000,0.2967829183,0.03871754184,2.920627594e-06,-1.668930054e-06,-1.668930054e-06,1.174211502e-05,0,3.1509e-11,2.61544e-06,0.02893518563,-0.01678240299,0.2944673572,0.03932511702
1850,9.250000,0.2991274558,0.0385244377,2.920627594e-06,-1.668930054e-06,-1.668930054e-06,1.180171967e-05,0,3.16831e-11,2.61736e-06,0.02893518563,-0.01678240299,0.2966548179,0.03981687422
1851,9.255000,0.3016040698,0.03848028742,2.920627594e-06,-1.668930054e-06,-1.668930054e-06,1.186132431e-05,0,3.18572e-11,2.61925e-06,0.02893518563,-0.01678240299,0.2990396705,0.03978830726
1852,9.260000,0.3042400479,0.03847302869,2.920627594e-06,-1.668930054e-06,-1.668930054e-06,1.192092896e-05,0,3.20313e-11,2.62112e-06,0.02893518563,-0.01678240299,0.3016156199,0.03982096472
1853,9.265000,0.3063665405,0.0388678899,2.920627594e-06,-1.668930054e-06,-1.668930054e-06,1.19805336e-05,0,3.22053e-11,2.62297e-06,0.02893518563,-0.01678240299,0.3043757993,0.03942334515
1854,9.270000,0.310545601,0.03849485237,2.920627594e-06,-1.668930054e-06,-1.668930054e-06,1.204013824e-05,0,3.23794e-11,2.6248e-06,0.02893518563,-0.01678240299,0.3073127877,0.0393237221
1855,9.275000,0.3136966191,0.03855431173,2.920627594e-06,-1.668930054e-06,-1.668930054e-06,1.209974289e-05,0,3.25535e-11,2.6266e-06,0.02893518563,-0.01678240299,0.3104186279,0.03947345026
1856,9.280000,0.3164735809,0.03887809999,2.920627594e-06,-1.668930054e-06,-1.668930054e-06,1.215934753e-05,0,3.27276e-11,2.62839e-06,0.02893518563,-0.01678240299,0.3136848471,0.03962164963
1857,9.285000,0.3199941479,0.03885657154,2.920627594e-06,-1.668930054e-06,-1.668930054e-06,1.221895218e-05,0,3.29017e-11,2.63015e-06,0.02893518563,-0.01678240299,0.3171024777,0.03947362116
1858,9.290000,0.3232136518,0.03894948307,2.920627594e-06,-1.668930054e-06,-1.668930054e-06,1.227855682e-05,0,3.30758e-11,2.63189e-06,0.02893518563,-0.01678240299,0.3206620814,0.0393181425
1859,9.295000,0.3272409663,0.03880192712,2.920627594e-06,-1.668930054e-06,-1.668930054e-06,1.233816147e-05,0,3.32498e-11,2.63361e-06,0.02893518563,-0.01678240299,0.3243537725,0.03968588659
1860,9.300000,0.3309647292,0.03880602587,2.920627594e-06,-1.668930054e-06,-1.668930054e-06,1.239776611e-05,0,3.34239e-11,2.63532e-06,0.02893518563,-0.01678240299,0.3281672444,0.03962658962
1861,9.305000,0.3351291902,0.03873318806,2.920627594e-06,-1.668930054e-06,-1.668930054e-06,1.245737076e-05,0,3.3598e-11,2.637e-06,0.02893518563,-0.01678240299,0.3320917964,0.03951344968
1862,9.310000,0.3398607373,0.03860217519,2.920627594e-06,-1.668930054e-06,-1.668930054e-06,1.25169754e-05,0,3.37721e-11,2.63866e-06,0.02893518563,-0.01678240299,0.3361163616,0.0392315182
1863,9.315000,0.3442801274,0.03847076651,2.920627594e-06,-1.668930054e-06,-1.668930054e-06,1.257658005e-05,0,3.39462e-11,2.64031e-06,0.02893518563,-0.01678240299,0.3402295366,0.03956642411
1864,9.320000,0.3485295512,0.03856067732,2.920627594e-06,-1.668930054e-06,-1.668930054e-06,1.263618469e-05,0,3.41203e-11,2.64193e-06,0.02893518563,-0.01678240299,0.3444196114,0.03947604747
1865,9.325000,0.3527299799,0.0387803195,2.920627594e-06,-1.668930054e-06,-1.668930054e-06,1.269578934e-05,0,3.42943e-11,2.64354e-06,0.02893518563,-0.01678240299,0.3486746006,0.03972255746
1866,9.330000,0.3565754704,0.03913727496,2.920627594e-06,-1.668930054e-06,-1.668930054e-06,1.275539398e-05,0,3.44684e-11,2.64513e-06,0.02893518563,-0.01678240299,0.3529822758,0.0392935287
1867,9.335000,0.3607756905,0.03935958445,2.920627594e-06,-1.668930054e-06,-1.668930054e-06,1.281499863e-05,0,3.46425e-11,2.6467e-06,0.02893518563,-0.01678240299,0.357330198,0.03890625796
1868,9.340000,0.3654668517,0.03932448383,2.920627594e-06,-1.668930054e-06,-1.668930054e-06,1.287460327e-05,0,3.48166e-11,2.64826e-06,0.02893518563,-0.01678240299,0.3617057513,0.03907504731
1869,9.345000,0.3705675639,0.03914856352,2.920627594e-06,-1.668930054e-06,-1.668930054e-06,1.293420792e-05,0,3.49907e-11,2.6498e-06,0.02893518563,-0.01678240299,0.3660961768,0.03924157242
1870,9.350000,0.3748621047,0.03920572437,2.920627594e-06,-1.668930054e-06,-1.668930054e-06,1.299381256e-05,0,3.51648e-11,2.65132e-06,0.02893518563,-0.01678240299,0.3704886071,0.03934473438
1871,9.355000,0.379071366,0.03921618778,2.920627594e-06,-1.668930054e-06,-1.668930054e-06,1.305341721e-05,0,3.53388e-11,2.65282e-06,0.02893518563,-0.01678240299,0.3748701013,0.0389276741
1872,9.360000,0.3831615336,0.03925699554,2.920627594e-06,-1.668930054e-06,-1.668930054e-06,1.311302185e-05,0,3.55129e-11,2.65431e-06,0.02893518563,-0.01678240299,0.3792276799,0.03958659253
1873,9.365000,0.3871021233,0.03937854711,2.920627594e-06,-1.668930054e-06,-1.668930054e-06,1.31726265e-05,0,3.5687e-11,2.65578e-06,0.02893518563,-0.01678240299,0.3835483603,0.03960235695
1874,9.370000,0.3914962076,0.0393115608,2.920627594e-06,-1.668930054e-06,-1.668930054e-06,1.323223114e-05,0,3.58611e-11,2.65724e-06,0.02893518563,-0.01678240299,0.3878191924,0.03941469682
1875,9.375000,0.3951310888,0.03946104087,2.920627594e-06,-1.668930054e-06,-1.668930054e-06,1.329183578e-05,0,3.60352e-11,2.65868e-06,0.02893518563,-0.01678240299,0.3920272934,0.03911800341
1876,9.380000,0.3993203193,0.03952064831,2.920627594e-06,-1.668930054e-06,-1.668930054e-06,1.335144043e-05,0,3.62093e-11,2.66011e-06,0.02893518563,-0.01678240299,0.3961598836,0.03895020363
1877,9.385000,0.4027059488,0.03984436579,2.920627594e-06,-1.668930054e-06,-1.668930054e-06,1.341104507e-05,0,3.63833e-11,2.66152e-06,0.02893518563,-0.01678240299,0.4002043215,0.03900380712
1878,9.390000,0.4064523764,0.0399964815,2.920627594e-06,-1.668930054e-06,-1.668930054e-06,1.347064972e-05,0,3.65574e-11,2.66291e-06,0.02893518563,-0.01678240299,0.404148138,0.03888424504
1879,9.395000,0.4099198952,0.04030837398,2.920627594e-06,-1.668930054e-06,-1.668930054e-06,1.353025436e-05,0,3.67315e-11,2.66429e-06,0.02893518563,-0.01678240299,0.4079790711,0.03906722198
1880,9.400000,0.4131037071,0.0405028332,2.920627594e-06,-1.668930054e-06,-1.668930054e-06,1.358985901e-05,0,3.69056e-11,2.66566e-06,0.02893518563,-0.01678240299,0.4116850998,0.03932940943
1881,9.405000,0.4164529629,0.04048382863,2.920627594e-06,-1.668930054e-06,-1.668930054e-06,1.364946365e-05,0,3.70797e-11,2.66701e-06,0.02893518563,-0.01678240299,0.4152544769,0.03922341296
1882,9.410000,0.4193680994,0.04057744425,2.920627594e-06,-1.668930054e-06,-1.668930054e-06,1.37090683e-05,0,3.72538e-11,2.66835e-06,0.02893518563,-0.01678240299,0.418675762,0.03907118015
1883,9.415000,0.4222489744,0.04086993448,2.920627594e-06,-1.668930054e-06,-1.668930054e-06,1.376867294e-05,0,3.74278e-11,2.66967e-06,0.02893518563,-0.01678240299,0.4219378527,0.03925157663
1884,9.420000,0.424595587,0.04126702901,2.920627594e-06,-1.668930054e-06,-1.668930054e-06,1.382827759e-05,0,3.76019e-11,2.67099e-06,0.02893518563,-0.01678240299,0.4250300158,0.03911001818
1885,9.425000,0.4271853566,0.04131264985,2.920627594e-06,-1.668930054e-06,-1.668930054e-06,1.388788223e-05,0,3.7776e-11,2.67228e-06,0.02893518563,-0.01678240299,0.427941917,0.03917130698
1886,9.430000,0.4296373278,0.04147384036,2.920627594e-06,-1.668930054e-06,-1.668930054e-06,1.394748688e-05,0,3.79501e-11,2.67357e-06,0.02893518563,-0.01678240299,0.4306636498,0.03932056231
1887,9.435000,0.4325252622,0.04118229449,2.920627594e-06,-1.668930054e-06,-1.668930054e-06,1.400709152e-05,0,3.81242e-11,2.67484e-06,0.02893518563,-0.01678240299,0.4331857629,0.03923317578
1888,9.440000,0.4352649152,0.04101212788,2.920627594e-06,-1.668930054e-06,-1.668930054e-06,1.406669617e-05,0,3.82983e-11,2.6761e-06,0.02893518563,-0.01678240299,0.435499287,0.03924086029
1889,9.445000,0.436824996,0.04105934408,2.920627594e-06,-1.668930054e-06,-1.668930054e-06,1.412630081e-05,0,3.84723e-11,2.67735e-06,0.02893518563,-0.01678240299,0.43759576,0.03906450267
1890,9.450000,0.4385402687,0.04126993846,2.920627594e-06,-1.668930054e-06,-1.668930054e-06,1.418590546e-05,0,3.86464e-11,2.67858e-06,0.02893518563,-0.01678240299,0.4394672502,0.0392757768
1891,9.455000,0.4404421784,0.04113946669,2.920627594e-06,-1.668930054e-06,-1.668930054e-06,1.42455101e-05,0,3.88205e-11,2.6798e-06,0.02893518563,-0.01678240299,0.4411063795,0.03955398076
1892,9.460000,0.4418558329,0.04109001067,2.920627594e-06,-1.668930054e-06,-1.668930054e-06,1.430511475e-05,0,3.89946e-11,2.68101e-06,0.02893518563,-0.01678240299,0.4425063439,0.03993936538
1893,9.465000,0.4429565258,0.04094985873,2.920627594e-06,-1.668930054e-06,-1.668930054e-06,1.436471939e-05,0,3.91687e-11,2.68221e-06,0.02893518563,-0.01678240299,0.4436609325,0.03998564983
1894,9.470000,0.4436162785,0.04094352201,2.920627594e-06,-1.668930054e-06,-1.668930054e-06,1.442432404e-05,0,3.93428e-11,2.6834e-06,0.02893518563,-0.01678240299,0.4445645461,0.0397514119
1895,9.475000,0.4440617859,0.04105681181,2.920627594e-06,-1.668930054e-06,-1.668930054e-06,1.448392868e-05,0,3.95168e-11,2.68457e-06,0.02893518563,-0.01678240299,0.4452122125,0.03959321264
1896,9.480000,0.4443013184,0.04107011203,2.920627594e-06,-1.668930054e-06,-1.668930054e-06,1.454353333e-05,0,3.96909e-11,2.68573e-06,0.02893518563,-0.01678240299,0.4455996012,0.03951075539
1897,9.485000,0.4445246942,0.04108334705,2.920627594e-06,-1.668930054e-06,-1.668930054e-06,1.460313797e-05,0,3.9865e-11,2.68689e-06,0.02893518563,-0.01678240299,0.4457230363,0.03955316015
1898,9.490000,0.4443730451,0.04078613129,2.920627594e-06,-1.668930054e-06,-1.668930054e-06,1.466274261e-05,0,4.00391e-11,2.68803e-06,0.02893518563,-0.01678240299,0.4455795068,0.03958286465
1899,9.495000,0.4432143532,0.04111485928,2.920627594e-06,-1.668930054e-06,-1.668930054e-06,1.472234726e-05,0,4.02132e-11,2.68916e-06,0.02893518563,-0.01678240299,0.4451666761,0.03948076232
1900,9.500000,0.441881761,0.04130795412,2.920627594e-06,-1.668930054e-06,-1.668930054e-06,1.47819519e-05,0,4.03872e-11,2.69028e-06,0.02893518563,-0.01678240299,0.4444828892,0.03937722508
1901,9.505000,0.4411151484,0.04150789324,2.920627594e-06,-1.668930054e-06,-1.668930054e-06,1.484155655e-05,0,4.05613e-11,2.69139e-06,0.02893518563,-0.01678240299,0.4435271779,0.03931860368
1902,9.510000,0.4405710399,0.04131923988,2.920627594e-06,-1.668930054e-06,-1.668930054e-06,1.490116119e-05,0,4.07354e-11,2.69248e-06,0.02893518563,-0.01678240299,0.4422992646,0.03907513766
1903,9.515000,0.4387602583,0.04132489208,2.920627594e-06,-1.668930054e-06,-1.668930054e-06,1.496076584e-05,0,4.09095e-11,2.69357e-06,0.02893518563,-0.01678240299,0.4407995634,0.03930934687
1904,9.520000,0.4371637218,0.04120870586,2.920627594e-06,-1.668930054e-06,-1.668930054e-06,1.502037048e-05,0,4.10836e-11,2.69465e-06,0.02893518563,-0.01678240299,0.4390291804,0.03930416594
1905,9.525000,0.4345593378,0.04149252363,2.920627594e-06,-1.668930054e-06,-1.668930054e-06,1.507997513e-05,0,4.12577e-11,2.69572e-06,0.02893518563,-0.01678240299,0.4369899114,0.03956161588
1906,9.530000,0.4321144335,0.04163357895,2.920627594e-06,-1.668930054e-06,-1.668930054e-06,1.513957977e-05,0,4.14317e-11,2.69678e-06,0.02893518563,-0.01678240299,0.4346842377,0.03946127375
1907,9.535000,0.4289117046,0.04191288818,2.920627594e-06,-1.668930054e-06,-1.668930054e-06,1.519918442e-05,0,4.16058e-11,2.69783e-06,0.02893518563,-0.01678240299,0.4321153203,0.03930149117
1908,9.540000,0.4258281253,0.04197331518,2.920627594e-06,-1.668930054e-06,-1.668930054e-06,1.525878906e-05,0,4.17799e-11,2.69886e-06,0.02893518563,-0.01678240299,0.4292869924,0.03919732327
1909,9.545000,0.4224797748,0.04200182203,2.920627594e-06,-1.668930054e-06,-1.668930054e-06,1.531839371e-05,0,4.1954e-11,2.69989e-06,0.02893518563,-0.01678240299,0.4262037493,0.03893454885
1910,9.550000,0.4186697863,0.04223727155,2.920627594e-06,-1.668930054e-06,-1.668930054e-06,1.537799835e-05,0,4.21281e-11,2.70091e-06,0.02893518563,-0.01678240299,0.4228707376,0.03875805325
1911,9.555000,0.4150333144,0.0423708139,2.920627594e-06,-1.668930054e-06,-1.668930054e-06,1.5437603e-05,0,4.23022e-11,2.70192e-06,0.02893518563,-0.01678240299,0.4192937417,0.03875261962
1912,9.560000,0.4108727239,0.04237470496,2.920627594e-06,-1.668930054e-06,-1.668930054e-06,1.549720764e-05,0,4.24762e-11,2.70293e-06,0.02893518563,-0.01678240299,0.415479169,0.03856053165
1913,9.565000,0.4068623334,0.04241862614,2.920627594e-06,-1.668930054e-06,-1.668930054e-06,1.555681229e-05,0,4.26503e-11,2.70392e-06,0.02893518563,-0.01678240299,0.4114340335,0.0386318574
1914,9.570000,0.4025918171,0.04235161562,2.920627594e-06,-1.668930054e-06,-1.668930054e-06,1.561641693e-05,0,4.28244e-11,2.7049e-06,0.02893518563,-0.01678240299,0.4071659372,0.03860352599
1915,9.575000,0.3984368481,0.04212359339,2.920627594e-06,-1.668930054e-06,-1.668930054e-06,1.567602158e-05,0,4.29985e-11,2.70588e-06,0.02893518563,-0.01678240299,0.4026830505,0.03838359364
1916,9.580000,0.3937257156,0.04189728014,2.920627594e-06,-1.668930054e-06,-1.668930054e-06,1.573562622e-05,0,4.31726e-11,2.70684e-06,0.02893518563,-0.01678240299,0.397994091,0.03881043495
1917,9.585000,0.3894091025,0.04148627445,2.920627594e-06,-1.668930054e-06,-1.668930054e-06,1.579523087e-05,0,4.33467e-11,2.7078e-06,0.02893518563,-0.01678240299,0.3931083002,0.03862947464
1918,9.590000,0.3844776973,0.04135827906,2.920627594e-06,-1.668930054e-06,-1.668930054e-06,1.585483551e-05,0,4.35207e-11,2.70875e-06,0.02893518563,-0.01678240299,0.3880354198,0.03869315073
1919,9.595000,0.3783684075,0.04191486817,2.920627594e-06,-1.668930054e-06,-1.668930054e-06,1.591444016e-05,0,4.36948e-11,2.70969e-06,0.02893518563,-0.01678240299,0.3827856655,0.03890391076
1920,9.600000,0.3727112636,0.04207828082,2.920627594e-06,-1.668930054e-06,-1.668930054e-06,1.59740448e-05,0,4.38689e-11,2.71063e-06,0.02893518563,-0.01678240299,0.3773697006,0.03922006703
1921,9.605000,0.3672304936,0.04191815481,2.920627594e-06,-1.668930054e-06,-1.668930054e-06,1.603364944e-05,0,4.4043e-11,2.71155e-06,0.02893518563,-0.01678240299,0.3717986076,0.03906318439
1922,9.610000,0.3615199439,0.04181731027,2.920627594e-06,-1.668930054e-06,-1.668930054e-06,1.609325409e-05,0,4.42171e-11,2.71247e-06,0.02893518563,-0.01678240299,0.3660838591,0.03905255789
1923,9.615000,0.3556201346,0.04171327967,2.920627594e-06,-1.668930054e-06,-1.668930054e-06,1.615285873e-05,0,4.43912e-11,2.71338e-06,0.02893518563,-0.01678240299,0.3602372875,0.03930626154
1924,9.620000,0.3498223722,0.04153091554,2.920627594e-06,-1.668930054e-06,-1.668930054e-06,1.621246338e-05,0,4.45652e-11,2.71428e-06,0.02893518563,-0.01678240299,0.3542710538,0.03923752742
1925,9.625000,0.3442534097,0.0414005043,2.920627594e-06,-1.668930054e-06,-1.668930054e-06,1.627206802e-05,0,4.47393e-11,2.71517e-06,0.02893518563,-0.01678240299,0.3481976154,0.03938608174
1926,9.630000,0.338136781,0.04126364365,2.920627594e-06,-1.668930054e-06,-1.668930054e-06,1.633167267e-05,0,4.49134e-11,2.71606e-06,0.02893518563,-0.01678240299,0.3420296933,0.03947659437
1927,9.635000,0.3319129013,0.04140094761,2.920627594e-06,-1.668930054e-06,-1.668930054e-06,1.639127731e-05,0,4.50875e-11,2.71694e-06,0.02893518563,-0.01678240299,0.3357802386,0.03965045441
1928,9.640000,0.3247332647,0.04167709313,2.920627594e-06,-1.668930054e-06,-1.668930054e-06,1.645088196e-05,0,4.52616e-11,2.71781e-06,0.02893518563,-0.01678240299,0.3294623983,0.03985196139
1929,9.645000,0.3184415773,0.04161258508,2.920627594e-06,-1.668930054e-06,-1.668930054e-06,1.65104866e-05,0,4.54357e-11,2.71867e-06,0.02893518563,-0.01678240299,0.3230894805,0.03980061979
1930,9.650000,0.3119625263,0.04161113128,2.920627594e-06,-1.668930054e-06,-1.668930054e-06,1.657009125e-05,0,4.56097e-11,2.71953e-06,0.02893518563,-0.01678240299,0.3166749197,0.0396758312
1931,9.655000,0.3055738509,0.04146850109,2.920627594e-06,-1.668930054e-06,-1.668930054e-06,1.662969589e-05,0,4.57838e-11,2.72038e-06,0.02893518563,-0.01678240299,0.3102322408,0.03949029018
1932,9.660000,0.2989173383,0.04157236498,2.920627594e-06,-1.668930054e-06,-1.668930054e-06,1.668930054e-05,0,4.59579e-11,2.72122e-06,0.02893518563,-0.01678240299,0.3037750242,0.03964474009
1933,9.665000,0.2920799442,0.04163784999,2.920627594e-06,-1.668930054e-06,-1.668930054e-06,1.674890518e-05,0,4.6132e-11,2.72206e-06,0.02893518563,-0.01678240299,0.2973168698,0.03969887687
1934,9.670000,0.2857043631,0.0417799782,2.920627594e-06,-1.668930054e-06,-1.668930054e-06,1.680850983e-05,0,4.63061e-11,2.72289e-06,0.02893518563,-0.01678240299,0.2908713613,0.039396781
1935,9.675000,0.279667642,0.04181315843,2.920627594e-06,-1.668930054e-06,-1.668930054e-06,1.686811447e-05,0,4.64802e-11,2.72371e-06,0.02893518563,-0.01678240299,0.2844520306,0.03941604458
1936,9.680000,0.2729049996,0.04176701419,2.920627594e-06,-1.668930054e-06,-1.668930054e-06,1.692771912e-05,0,4.66542e-11,2.72452e-06,0.02893518563,-0.01678240299,0.2780723225,0.03952274952
1937,9.685000,0.267444022,0.04141188506,2.920627594e-06,-1.668930054e-06,-1.668930054e-06,1.698732376e-05,0,4.68283e-11,2.72533e-06,0.02893518563,-0.01678240299,0.2717455596,0.03936968195
1938,9.690000,0.2611227781,0.04141528998,2.920627594e-06,-1.668930054e-06,-1.668930054e-06,1.704692841e-05,0,4.70024e-11,2.72613e-06,0.02893518563,-0.01678240299,0.2654849075,0.0392413518
1939,9.695000,0.2546844445,0.0415325081,2.920627594e-06,-1.668930054e-06,-1.668930054e-06,1.710653305e-05,0,4.71765e-11,2.72693e-06,0.02893518563,-0.01678240299,0.2593033404,0.03907736598
1940,9.700000,0.2488193065,0.04150671791,2.920627594e-06,-1.668930054e-06,-1.668930054e-06,1.71661377e-05,0,4.73506e-11,2.72772e-06,0.02893518563,-0.01678240299,0.2532136081,0.03905694419
1941,9.705000,0.2426877506,0.04159593303,2.920627594e-06,-1.668930054e-06,-1.668930054e-06,1.722574234e-05,0,4.75247e-11,2.7285e-06,0.02893518563,-0.01678240299,0.247228202,0.03862813527
1942,9.710000,0.2368324623,0.04156930745,2.920627594e-06,-1.668930054e-06,-1.668930054e-06,1.728534698e-05,0,4.76987e-11,2.72928e-06,0.02893518563,-0.01678240299,0.2413593238,0.03852570887
1943,9.715000,0.2311231345,0.04154457431,2.920627594e-06,-1.668930054e-06,-1.668930054e-06,1.734495163e-05,0,4.78728e-11,2.73005e-06,0.02893518563,-0.01678240299,0.2356188539,0.03853275512
1944,9.720000,0.2251710519,0.04179810826,2.920627594e-06,-1.668930054e-06,-1.668930054e-06,1.740455627e-05,0,4.80469e-11,2.73081e-06,0.02893518563,-0.01678240299,0.2300183204,0.03868081759
1945,9.725000,0.2197527178,0.04194705188,2.920627594e-06,-1.668930054e-06,-1.668930054e-06,1.746416092e-05,0,4.8221e-11,2.73157e-06,0.02893518563,-0.01678240299,0.2245688707,0.03873977275
1946,9.730000,0.2139336541,0.04200258758,2.920627594e-06,-1.668930054e-06,-1.668930054e-06,1.752376556e-05,0,4.83951e-11,2.73232e-06,0.02893518563,-0.01678240299,0.2192812426,0.0384798593
1947,9.735000,0.20896025,0.04198883101,2.920627594e-06,-1.668930054e-06,-1.668930054e-06,1.758337021e-05,0,4.85691e-11,2.73307e-06,0.02893518563,-0.01678240299,0.2141657371,0.0386905183
1948,9.740000,0.2054371461,0.04135922063,2.920627594e-06,-1.668930054e-06,-1.668930054e-06,1.764297485e-05,0,4.87432e-11,2.73381e-06,0.02893518563,-0.01678240299,0.209232193,0.03859028268
1949,9.745000,0.2007040232,0.04133236408,2.920627594e-06,-1.668930054e-06,-1.668930054e-06,1.77025795e-05,0,4.89173e-11,2.73454e-06,0.02893518563,-0.01678240299,0.2044899624,0.03835593224
1950,9.750000,0.1965405829,0.04105669167,2.920627594e-06,-1.668930054e-06,-1.668930054e-06,1.776218414e-05,0,4.90914e-11,2.73527e-06,0.02893518563,-0.01678240299,0.1999478871,0.03849326091
1951,9.755000,0.1923748404,0.04095155466,2.920627594e-06,-1.668930054e-06,-1.668930054e-06,1.782178879e-05,0,4.92655e-11,2.736e-06,0.02893518563,-0.01678240299,0.1956142775,0.03869070235
1952,9.760000,0.1888885945,0.04070034996,2.920627594e-06,-1.668930054e-06,-1.668930054e-06,1.788139343e-05,0,4.94396e-11,2.73671e-06,0.02893518563,-0.01678240299,0.1914968922,0.03832213134
1953,9.765000,0.1847158372,0.0408676099,2.920627594e-06,-1.668930054e-06,-1.668930054e-06,1.794099808e-05,0,4.96136e-11,2.73743e-06,0.02893518563,-0.01678240299,0.1876029196,0.03860664153
1954,9.770000,0.1808152348,0.04098370578,2.920627594e-06,-1.728534698e-06,-1.728534698e-06,1.794099808e-05,0,4.94111e-11,2.72428e-06,0.02893518563,-0.01736110449,0.1839389609,0.03838177825
1955,9.775000,0.1775845475,0.04088882543,2.920627594e-06,-1.788139343e-06,-1.788139343e-06,1.794099808e-05,0,4.92015e-11,2.71069e-06,0.02893518563,-0.01793982089,0.1805110152,0.03836593672
1956,9.780000,0.1737832092,0.04102915432,2.920627594e-06,-1.847743988e-06,-1.847743988e-06,1.794099808e-05,0,4.89848e-11,2.69667e-06,0.02893518563,-0.01851852238,0.1773244654,0.03878857184
1957,9.785000,0.1711841188,0.04092902504,2.920627594e-06,-1.907348633e-06,-1.907348633e-06,1.794099808e-05,0,4.8761e-11,2.68221e-06,0.02893518563,-0.01909722388,0.1743840669,0.03855163021
1958,9.790000,0.1688934565,0.04062246811,2.920627594e-06,-1.966953278e-06,-1.966953278e-06,1.794099808e-05,0,4.85301e-11,2.66732e-06,0.02893518563,-0.01967592537,0.1716939375,0.03838888738
1959,9.795000,0.1669386737,0.04039949644,2.920627594e-06,-2.026557922e-06,-2.026557922e-06,1.794099808e-05,0,4.8292e-11,2.65201e-06,0.02893518563,-0.02025462687,0.1692575492,0.0381231427
1960,9.800000,0.1644295081,0.04035613127,2.920627594e-06,-2.086162567e-06,-2.086162567e-06,1.794099808e-05,0,4.80469e-11,2.63627e-06,0.02893518563,-0.02083332837,0.1670777218,0.03814328362
1961,9.805000,0.1628821045,0.04029204976,2.920627594e-06,-2.145767212e-06,-2.145767212e-06,1.794099808e-05,0,4.77947e-11,2.6201e-06,0.02893518563,-0.02141202986,0.1651566185,0.03807492344
1962,9.810000,0.1616943665,0.04000147153,2.920627594e-06,-2.205371857e-06,-2.205371857e-06,1.794099808e-05,0,4.75353e-11,2.60352e-06,0.02893518563,-0.02199074626,0.1634957432,0.03828609261
1963,9.815000,0.1606543623,0.03989331797,2.920627594e-06,-2.264976501e-06,-2.264976501e-06,1.794099808e-05,0,4.72689e-11,2.58652e-06,0.02893518563,-0.02256944776,0.1620959397,0.03822982712
1964,9.820000,0.1597209685,0.03990384471,2.920627594e-06,-2.324581146e-06,-2.324581146e-06,1.794099808e-05,0,4.69953e-11,2.5691e-06,0.02893518563,-0.02314814925,0.1609573928,0.03821458104
1965,9.825000,0.1597631946,0.039404504,2.920627594e-06,-2.384185791e-06,-2.384185791e-06,1.794099808e-05,0,4.67146e-11,2.55127e-06,0.02893518563,-0.02372685075,0.1600796313,0.03811545058
1966,9.830000,0.15931952,0.03925622627,2.920627594e-06,-2.443790436e-06,-2.443790436e-06,1.794099808e-05,0,4.64269e-11,2.53303e-06,0.02893518563,-0.02430555224,0.1594615324,0.0386246373
1967,9.835000,0.1592627391,0.03909407184,2.920627594e-06,-2.503395081e-06,-2.503395081e-06,1.794099808e-05,0,4.6132e-11,2.51438e-06,0.02893518563,-0.02488425374,0.1591013289,0.03901217466
1968,9.840000,0.1590017863,0.03926823661,2.920627594e-06,-2.562999725e-06,-2.562999725e-06,1.794099808e-05,0,4.583e-11,2.49533e-06,0.02893518563,-0.02546297014,0.1589966169,0.03871983843
1969,9.845000,0.159775462,0.03915309161,2.920627594e-06,-2.62260437e-06,-2.62260437e-06,1.794099808e-05,0,4.55209e-11,2.47588e-06,0.02893518563,-0.02604167163,0.1591443666,0.0388098477
1970,9.850000,0.159961544,0.03927207552,2.920627594e-06,-2.682209015e-06,-2.682209015e-06,1.794099808e-05,0,4.52047e-11,2.45603e-06,0.02893518563,-0.02662037313,0.1595409338,0.03869443267
1971,9.855000,0.1600516923,0.03953600954,2.920627594e-06,-2.74181366e-06,-2.74181366e-06,1.794099808e-05,0,4.48814e-11,2.43579e-06,0.02893518563,-0.02719907463,0.1601820736,0.03851801966
1972,9.860000,0.1611732394,0.03923055623,2.920627594e-06,-2.801418304e-06,-2.801418304e-06,1.794099808e-05,0,4.4551e-11,2.41515e-06,0.02893518563,-0.02777777612,0.161062956,0.03862533197
1973,9.865000,0.1627038866,0.03920653742,2.920627594e-06,-2.861022949e-06,-2.861022949e-06,1.794099808e-05,0,4.42135e-11,2.39413e-06,0.02893518563,-0.02835647762,0.1621781822,0.0382066344
1974,9.870000,0.1638845466,0.03954897076,2.920627594e-06,-2.920627594e-06,-2.920627594e-06,1.794099808e-05,0,4.38689e-11,2.37271e-06,0.02893518563,-0.02893517911,0.1635218038,0.03844861562
1975,9.875000,0.1649999321,0.03956453316,2.920627594e-06,-2.980232239e-06,-2.980232239e-06,1.782178879e-05,0,4.3169e-11,2.34669e-06,0.02893518563,-0.02951389551,0.1650873424,0.03848015188
1976,9.880000,0.1669765227,0.03954131436,2.920627594e-06,-2.980232239e-06,-2.980232239e-06,1.77025795e-05,0,4.28209e-11,2.34239e-06,0.02893518563,-0.02951389551,0.1668678109,0.03841249849
1977,9.885000,0.1693025194,0.03919016849,2.920627594e-06,-2.980232239e-06,-2.980232239e-06,1.758337021e-05,0,4.24727e-11,2.33804e-06,0.02893518563,-0.02951389551,0.168855737,0.03829354683
1978,9.890000,0.1719880067,0.03916914295,2.920627594e-06,-2.980232239e-06,-2.980232239e-06,1.746416092e-05,0,4.21245e-11,2.33362e-06,0.02893518563,-0.02951389551,0.1710431866,0.03800372964
1979,9.895000,0.1751426756,0.03838004172,2.920627594e-06,-2.980232239e-06,-2.980232239e-06,1.734495163e-05,0,4.17764e-11,2.32913e-06,0.02893518563,-0.02951389551,0.17342179,0.03796175531
1980,9.900000,0.178272076,0.03782206867,2.920627594e-06,-2.980232239e-06,-2.980232239e-06,1.722574234e-05,0,4.14282e-11,2.32458e-06,0.02893518563,-0.02951389551,0.1759827678,0.03782596134
1981,9.905000,0.1816167533,0.03781271353,2.920627594e-06,-2.980232239e-06,-2.980232239e-06,1.710653305e-05,0,4.108e-11,2.31996e-06,0.02893518563,-0.02951389551,0.1787169592,0.03774933387
1982,9.910000,0.1844124235,0.03816450294,2.920627594e-06,-2.980232239e-06,-2.980232239e-06,1.698732376e-05,0,4.07319e-11,2.31527e-06,0.02893518563,-0.02951389551,0.1816148505,0.03774092569
1983,9.915000,0.1870745309,0.03844933677,2.920627594e-06,-2.980232239e-06,-2.980232239e-06,1.686811447e-05,0,4.03837e-11,2.31051e-06,0.02893518563,-0.02951389551,0.1846666049,0.0379109976
1984,9.920000,0.190680325,0.03832940478,2.920627594e-06,-2.980232239e-06,-2.980232239e-06,1.674890518e-05,0,4.00355e-11,2.30568e-06,0.02893518563,-0.02951389551,0.1878620927,0.03782257112
1985,9.925000,0.1943974234,0.03837677371,2.920627594e-06,-2.980232239e-06,-2.980232239e-06,1.662969589e-05,0,3.96874e-11,2.30078e-06,0.02893518563,-0.02951389551,0.191190923,0.03764423424
1986,9.930000,0.1975597963,0.03874825127,2.920627594e-06,-2.980232239e-06,-2.980232239e-06,1.65104866e-05,0,3.93392e-11,2.2958e-06,0.02893518563,-0.02951389551,0.1946424757,0.03755812164
1987,9.935000,0.2010964267,0.03902491741,2.920627594e-06,-2.980232239e-06,-2.980232239e-06,1.639127731e-05,0,3.8991e-11,2.29074e-06,0.02893518563,-0.02951389551,0.1982059336,0.03748987394
1988,9.940000,0.204359822,0.03930717334,2.920627594e-06,-2.980232239e-06,-2.980232239e-06,1.627206802e-05,0,3.86429e-11,2.2856e-06,0.02893518563,-0.02951389551,0.2018703157,0.03780938651
1989,9.945000,0.207858149,0.03965945356,2.920627594e-06,-2.980232239e-06,-2.980232239e-06,1.615285873e-05,0,3.82947e-11,2.28038e-06,0.02893518563,-0.02951389551,0.2056245109,0.0373870405
1990,9.950000,0.2115799002,0.03984415904,2.920627594e-06,-2.980232239e-06,-2.980232239e-06,1.603364944e-05,0,3.79465e-11,2.27508e-06,0.02893518563,-0.02951389551,0.2094573111,0.03753599441
1991,9.955000,0.2146551162,0.04035657365,2.920627594e-06,-2.980232239e-06,-2.980232239e-06,1.591444016e-05,0,3.75984e-11,2.2697e-06,0.02893518563,-0.02951389551,0.2133574456,0.03733608764
1992,9.960000,0.2185001038,0.04029757529,2.920627594e-06,-2.980232239e-06,-2.980232239e-06,1.579523087e-05,0,3.72502e-11,2.26423e-06,0.02893518563,-0.02951389551,0.2173136148,0.03728295355
1993,9.965000,0.2226771675,0.04022561107,2.920627594e-06,-2.980232239e-06,-2.980232239e-06,1.567602158e-05,0,3.6902e-11,2.25867e-06,0.02893518563,-0.02951389551,0.2213145246,0.03724275342
1994,9.970000,0.2266155854,0.04037641082,2.920627594e-06,-2.980232239e-06,-2.980232239e-06,1.555681229e-05,0,3.65539e-11,2.25301e-06,0.02893518563,-0.02951389551,0.2253489195,0.03691473817
1995,9.975000,0.2311772332,0.04008318856,2.920627594e-06,-2.980232239e-06,-2.980232239e-06,1.5437603e-05,0,3.62057e-11,2.24727e-06,0.02893518563,-0.02951389551,0.2294056173,0.03688412705
1996,9.980000,0.2350923382,0.04012847133,2.920627594e-06,-2.980232239e-06,-2.980232239e-06,1.531839371e-05,0,3.58575e-11,2.24143e-06,0.02893518563,-0.02951389551,0.2334735414,0.03727297099
1997,9.985000,0.2394152731,0.04001222644,2.920627594e-06,-2.980232239e-06,-2.980232239e-06,1.519918442e-05,0,3.55094e-11,2.2355e-06,0.02893518563,-0.02951389551,0.2375417549,0.03688070644
1998,9.990000,0.2435722016,0.03996066749,2.920627594e-06,-2.980232239e-06,-2.980232239e-06,1.507997513e-05,0,3.51612e-11,2.22947e-06,0.02893518563,-0.02951389551,0.2415994921,0.03700995518
1999,9.995000,0.2467121519,0.04028263781,2.920627594e-06,-2.980232239e-06,-2.980232239e-06,1.496076584e-05,0,3.4813e-11,2.22333e-06,0.02893518563,-0.02951389551,0.2456361911,0.03729218115
2000,10.000000,0.2506797463,0.04047228023,2.920627594e-06,-2.980232239e-06,-2.980232239e-06,1.484155655e-05,0,3.44649e-11,2.21709e-06,0.02893518563,-0.02951389551,0.2496415247,0.03739528304
2001,10.005000,0.2543021366,0.04082681332,2.920627594e-06,-2.980232239e-06,-2.980232239e-06,1.472234726e-05,0,3.41167e-11,2.21074e-06,0.02893518563,-0.02951389551,0.2536054311,0.03766398466
2002,10.010000,0.2583960965,0.04080886859,2.920627594e-06,-2.980232239e-06,-2.980232239e-06,1.460313797e-05,0,3.37685e-11,2.20429e-06,0.02893518563,-0.02951389551,0.257518143,0.0377826313
2003,10.015000,0.2617244236,0.04103635345,2.920627594e-06,-2.980232239e-06,-2.980232239e-06,1.448392868e-05,0,3.34204e-11,2.19772e-06,0.02893518563,-0.02951389551,0.2613702171,0.03772354399
2004,10.020000,0.2657050937,0.04065313656,2.920627594e-06,-2.980232239e-06,-2.980232239e-06,1.436471939e-05,0,3.30722e-11,2.19104e-06,0.02893518563,-0.02951389551,0.2651525611,0.03772210411
2005,10.025000,0.2695858739,0.04067066871,2.920627594e-06,-2.980232239e-06,-2.980232239e-06,1.42455101e-05,0,3.2724e-11,2.18424e-06,0.02893518563,-0.02951389551,0.2688564604,0.03821477653
2006,10.030000,0.2735795714,0.04018793441,2.920627594e-06,-2.980232239e-06,-2.980232239e-06,1.412630081e-05,0,3.23759e-11,2.17732e-06,0.02893518563,-0.02951389551,0.2724736035,0.03838785677
2007,10.035000,0.2770927921,0.03989667352,2.920627594e-06,-2.980232239e-06,-2.980232239e-06,1.400709152e-05,0,3.20277e-11,2.17028e-06,0.02893518563,-0.02951389551,0.2759961063,0.03885991281
2008,10.040000,0.2803156897,0.03970264271,2.920627594e-06,-2.980232239e-06,-2.980232239e-06,1.388788223e-05,0,3.16795e-11,2.1631e-06,0.02893518563,-0.02951389551,0.2794165345,0.03886382006
2009,10.045000,0.2835343294,0.04020097014,2.920627594e-06,-2.980232239e-06,-2.980232239e-06,1.376867294e-05,0,3.13314e-11,2.1558e-06,0.02893518563,-0.02951389551,0.2827279254,0.03859737875
2010,10.050000,0.2861450873,0.04046619684,2.920627594e-06,-2.980232239e-06,-2.980232239e-06,1.364946365e-05,0,3.09832e-11,2.14837e-06,0.02893518563,-0.02951389551,0.2859238076,0.03889845669
2011,10.055000,0.2889165394,0.04044032563,2.920627594e-06,-2.980232239e-06,-2.980232239e-06,1.353025436e-05,0,3.06351e-11,2.1408e-06,0.02893518563,-0.02951389551,0.2889982195,0.03849427135
2012,10.060000,0.2920979485,0.03991581313,2.920627594e-06,-2.980232239e-06,-2.980232239e-06,1.341104507e-05,0,3.02869e-11,2.13309e-06,0.02893518563,-0.02951389551,0.2919457263,0.03849759905
2013,10.065000,0.2945369668,0.04009595141,2.920627594e-06,-2.980232239e-06,-2.980232239e-06,1.329183578e-05,0,2.99387e-11,2.12524e-06,0.02893518563,-0.02951389551,0.2947614351,0.03861664436
2014,10.070000,0.2962250337,0.04077159893,2.920627594e-06,-2.980232239e-06,-2.980232239e-06,1.31726265e-05,0,2.95906e-11,2.11724e-06,0.02893518563,-0.02951389551,0.2974410086,0.03883811662
2015,10.075000,0.2989161313,0.04069445748,2.920627594e-06,-2.980232239e-06,-2.980232239e-06,1.305341721e-05,0,2.92424e-11,2.10909e-06,0.02893518563,-0.02951389551,0.2999806773,0.03883882836
2016,10.080000,0.3007345647,0.04136109352,2.920627594e-06,-2.980232239e-06,-2.980232239e-06,1.293420792e-05,0,2.88942e-11,2.10078e-06,0.02893518563,-0.02951389551,0.3023772493,0.03920229954
2017,10.085000,0.3033379577,0.04081801977,2.920627594e-06,-2.980232239e-06,-2.980232239e-06,1.281499863e-05,0,2.85461e-11,2.09231e-06,0.02893518563,-0.02951389551,0.3046281188,0.03921970222
2018,10.090000,0.3055262268,0.04058122821,2.920627594e-06,-2.980232239e-06,-2.980232239e-06,1.269578934e-05,0,2.81979e-11,2.08368e-06,0.02893518563,-0.02951389551,0.3067312731,0.03886034031
2019,10.095000,0.307139907,0.04090742487,2.920627594e-06,-2.980232239e-06,-2.980232239e-06,1.257658005e-05,0,2.78497e-11,2.07488e-06,0.02893518563,-0.02951389551,0.3086852973,0.03876890187
2020,10.100000,0.3092420436,0.04085697606,2.920627594e-06,-2.980232239e-06,-2.980232239e-06,1.245737076e-05,0,2.75016e-11,2.06591e-06,0.02893518563,-0.02951389551,0.3104893772,0.03893248608
2021,10.105000,0.3108504154,0.04063714109,2.920627594e-06,-2.980232239e-06,-2.980232239e-06,1.233816147e-05,0,2.71534e-11,2.05676e-06,0.02893518563,-0.02951389551,0.3121433009,0.03933295535
2022,10.110000,0.3117345534,0.04128832184,2.920627594e-06,-2.980232239e-06,-2.980232239e-06,1.221895218e-05,0,2.68052e-11,2.04743e-06,0.02893518563,-0.02951389551,0.3136474579,0.03901682087
2023,10.115000,0.313092012,0.04111827537,2.920627594e-06,-2.980232239e-06,-2.980232239e-06,1.209974289e-05,0,2.64571e-11,2.03791e-06,0.02893518563,-0.02951389551,0.3150028369,0.03913513323
2024,10.120000,0.3133458346,0.04171978962,2.920627594e-06,-2.980232239e-06,-2.980232239e-06,1.19805336e-05,0,2.61089e-11,2.0282e-06,0.02893518563,-0.02951389551,0.3162110214,0.03917605003
2025,10.125000,0.3149166405,0.04139546398,2.920627594e-06,-2.980232239e-06,-2.980232239e-06,1.186132431e-05,0,2.57607e-11,2.01829e-06,0.02893518563,-0.02951389551,0.3172741841,0.03914439502
2026,10.130000,0.3161326237,0.04115577787,2.920627594e-06,-2.980232239e-06,-2.980232239e-06,1.174211502e-05,0,2.54126e-11,2.00817e-06,0.02893518563,-0.02951389551,0.3181950784,0.03943547475
2027,10.135000,0.3171582408,0.04083570559,2.920627594e-06,-2.980232239e-06,-2.980232239e-06,1.162290573e-05,0,2.50644e-11,1.99785e-06,0.02893518563,-0.02951389551,0.3189770296,0.03942258601
2028,10.140000,0.3176277094,0.04061580542,2.920627594e-06,-2.980232239e-06,-2.980232239e-06,1.150369644e-05,0,2.47162e-11,1.98731e-06,0.02893518563,-0.02951389551,0.3196239231,0.03974802789
2029,10.145000,0.3175122328,0.04120436404,2.920627594e-06,-2.980232239e-06,-2.980232239e-06,1.138448715e-05,0,2.43681e-11,1.97655e-06,0.02893518563,-0.02951389551,0.3201401918,0.04023498854
2030,10.150000,0.3175529949,0.04167494643,2.920627594e-06,-2.980232239e-06,-2.980232239e-06,1.126527786e-05,0,2.40199e-11,1.96557e-06,0.02893518563,-0.02951389551,0.3205308009,0.04048103818
2031,10.155000,0.3175637126,0.04158346262,2.920627594e-06,-2.980232239e-06,-2.980232239e-06,1.114606857e-05,0,2.36717e-11,1.95435e-06,0.02893518563,-0.02951389551,0.3208012321,0.04055550945
2032,10.160000,0.3181281239,0.04128792603,2.920627594e-06,-2.980232239e-06,-2.980232239e-06,1.102685928e-05,0,2.33236e-11,1.94289e-06,0.02893518563,-0.02951389551,0.3209574658,0.04063333674
2033,10.165000,0.3182424456,0.04091978725,2.920627594e-06,-2.980232239e-06,-2.980232239e-06,1.090764999e-05,0,2.29754e-11,1.93118e-06,0.02893518563,-0.02951389551,0.3210059612,0.04059282577
2034,10.170000,0.3186261877,0.04057713598,2.920627594e-06,-2.980232239e-06,-2.980232239e-06,1.07884407e-05,0,2.26272e-11,1.91921e-06,0.02893518563,-0.02951389551,0.320953636,0.04092725725
2035,10.175000,0.318204768,0.04068287555,2.920627594e-06,-2.980232239e-06,-2.980232239e-06,1.066923141e-05,0,2.22791e-11,1.90699e-06,0.02893518563,-0.02951389551,0.320807844,0.04089977494
2036,10.180000,0.3174098469,0.0410656454,2.920627594e-06,-2.980232239e-06,-2.980232239e-06,1.055002213e-05,0,2.19309e-11,1.89449e-06,0.02893518563,-0.02951389551,0.3205763514,0.04091624079
2037,10.185000,0.3171897978,0.04108051676,2.920627594e-06,-2.980232239e-06,-2.980232239e-06,1.043081284e-05,0,2.15827e-11,1.88171e-06,0.02893518563,-0.02951389551,0.3202673121,0.04083975417
2038,10.190000,0.3174084947,0.04078735225,2.920627594e-06,-2.980232239e-06,-2.980232239e-06,1.031160355e-05,0,2.12346e-11,1.86865e-06,0.02893518563,-0.02951389551,0.3198892416,0.04054082727
2039,10.195000,0.3168108761,0.0407346515,2.920627594e-06,-2.980232239e-06,-2.980232239e-06,1.019239426e-05,0,2.08864e-11,1.85529e-06,0.02893518563,-0.02951389551,0.31945099,0.04022212745
2040,10.200000,0.3161366098,0.04086574167,2.920627594e-06,-2.980232239e-06,-2.980232239e-06,1.007318497e-05,0,2.05382e-11,1.84163e-06,0.02893518563,-0.02951389551,0.3189617134,0.04011840801
2041,10.205000,0.3152730502,0.04096977506,2.920627594e-06,-2.980232239e-06,-2.980232239e-06,9.953975677e-06,0,2.01901e-11,1.82766e-06,0.02893518563,-0.02951389551,0.3184308451,0.040043109
2042,10.210000,0.3142388649,0.04124175292,2.920627594e-06,-2.980232239e-06,-2.980232239e-06,9.834766388e-06,0,1.98419e-11,1.81337e-06,0.02893518563,-0.02951389551,0.3178680654,0.03979241052
2043,10.215000,0.3144247606,0.04062286671,2.920627594e-06,-2.980232239e-06,-2.980232239e-06,9.715557098e-06,0,1.94937e-11,1.79874e-06,0.02893518563,-0.02951389551,0.3172832708,0.04000211846
2044,10.220000,0.3139482439,0.04049251694,2.920627594e-06,-2.980232239e-06,-2.980232239e-06,9.596347809e-06,0,1.91456e-11,1.78377e-06,0.02893518563,-0.02951389551,0.3166865424,0.04006614916
2045,10.225000,0.3135969229,0.04025548417,2.920627594e-06,-2.980232239e-06,-2.980232239e-06,9.477138519e-06,0,1.87974e-11,1.76845e-06,0.02893518563,-0.02951389551,0.3160881139,0.03992207212
2046,10.230000,0.3134317547,0.03980703186,2.920627594e-06,-2.980232239e-06,-2.980232239e-06,9.35792923e-06,0,1.84492e-11,1.75277e-06,0.02893518563,-0.02951389551,0.3154983387,0.03982128174
2047,10.235000,0.3125702851,0.04001347162,2.920627594e-06,-2.980232239e-06,-2.980232239e-06,9.23871994e-06,0,1.81011e-11,1.73671e-06,0.02893518563,-0.02951389551,0.314927657,0.04002524297
2048,10.240000,0.3125188872,0.03950920887,2.920627594e-06,-2.980232239e-06,-2.980232239e-06,9.119510651e-06,0,1.77529e-11,1.72026e-06,0.02893518563,-0.02951389551,0.3143865624,0.03959610778
2049,10.245000,0.3119409122,0.03974383138,2.920627594e-06,-2.980232239e-06,-2.980232239e-06,9.000301361e-06,0,1.74047e-11,1.70342e-06,0.02893518563,-0.02951389551,0.3138855681,0.03988695725
2050,10.250000,0.311059162,0.04013123177,2.920627594e-06,-2.980232239e-06,-2.980232239e-06,8.881092072e-06,0,1.70566e-11,1.68617e-06,0.02893518563,-0.02951389551,0.3134351734,0.04006968709
2051,10.255000,0.3104458228,0.04028888978,2.920627594e-06,-2.980232239e-06,-2.980232239e-06,8.761882782e-06,0,1.67084e-11,1.6685e-06,0.02893518563,-0.02951389551,0.3130458296,0.04029245861
2052,10.260000,0.3099824861,0.04035638925,2.920627594e-06,-2.980232239e-06,-2.980232239e-06,8.642673492e-06,0,1.63602e-11,1.6504e-06,0.02893518563,-0.02951389551,0.3127279065,0.04035017806
2053,10.265000,0.3098048344,0.04031226411,2.920627594e-06,-2.980232239e-06,-2.980232239e-06,8.523464203e-06,0,1.60121e-11,1.63185e-06,0.02893518563,-0.02951389551,0.3124916589,0.04055877917
2054,10.270000,0.309619043,0.04051672295,2.920627594e-06,-2.980232239e-06,-2.980232239e-06,8.404254913e-06,0,1.56639e-11,1.61283e-06,0.02893518563,-0.02951389551,0.3123471929,0.04037029906
2055,10.275000,0.3093407229,0.04090062622,2.920627594e-06,-2.980232239e-06,-2.980232239e-06,8.285045624e-06,0,1.53157e-11,1.59334e-06,0.02893518563,-0.02951389551,0.3123044334,0.04049048566
2056,10.280000,0.3099180385,0.04057789501,2.920627594e-06,-2.980232239e-06,-2.980232239e-06,8.165836334e-06,0,1.49676e-11,1.57337e-06,0.02893518563,-0.02951389551,0.3123730915,0.04042870989
2057,10.285000,0.3109114729,0.03998282366,2.920627594e-06,-2.980232239e-06,-2.980232239e-06,8.046627045e-06,0,1.46194e-11,1.55288e-06,0.02893518563,-0.02951389551,0.3125626325,0.04038720406
2058,10.290000,0.3107891232,0.0404680511,2.920627594e-06,-2.980232239e-06,-2.980232239e-06,7.927417755e-06,0,1.42713e-11,1.53188e-06,0.02893518563,-0.02951389551,0.3128822447,0.04057583942
2059,10.295000,0.3114640787,0.04018703755,2.920627594e-06,-2.980232239e-06,-2.980232239e-06,7.808208466e-06,0,1.39231e-11,1.51034e-06,0.02893518563,-0.02951389551,0.3133408088,0.04067015199
2060,10.300000,0.3130707033,0.03948820941,2.920627594e-06,-2.980232239e-06,-2.980232239e-06,7.688999176e-06,0,1.35749e-11,1.48825e-06,0.02893518563,-0.02951389551,0.3139468681,0.04074116098
2061,10.305000,0.31457901,0.03883077484,2.920627594e-06,-2.980232239e-06,-2.980232239e-06,7.569789886e-06,0,1.32268e-11,1.4656e-06,0.02893518563,-0.02951389551,0.3147086,0.04074227938
2062,10.310000,0.3147892058,0.03907630779,2.920627594e-06,-2.980232239e-06,-2.980232239e-06,7.450580597e-06,0,1.28786e-11,1.44236e-06,0.02893518563,-0.02951389551,0.3156337879,0.04078414819
2063,10.315000,0.3162814341,0.03876783326,2.920627594e-06,-2.980232239e-06,-2.980232239e-06,7.331371307e-06,0,1.25304e-11,1.41851e-06,0.02893518563,-0.02951389551,0.3167297946,0.04092640999
2064,10.320000,0.3181530982,0.03853489365,2.920627594e-06,-2.980232239e-06,-2.980232239e-06,7.212162018e-06,0,1.21823e-11,1.39405e-06,0.02893518563,-0.02951389551,0.3180035367,0.04064978494
2065,10.325000,0.3198476993,0.03846682888,2.920627594e-06,-2.980232239e-06,-2.980232239e-06,7.092952728e-06,0,1.18341e-11,1.36895e-06,0.02893518563,-0.02951389551,0.3194614604,0.04046221687
2066,10.330000,0.3219328932,0.03819383308,2.920627594e-06,-2.980232239e-06,-2.980232239e-06,6.973743439e-06,0,1.14859e-11,1.3432e-06,0.02893518563,-0.02951389551,0.3211095182,0.04041604315
2067,10.335000,0.323989816,0.03791892342,2.920627594e-06,-2.980232239e-06,-2.980232239e-06,6.854534149e-06,0,1.11378e-11,1.31677e-06,0.02893518563,-0.02951389551,0.3229531476,0.04036498695
2068,10.340000,0.3267658129,0.03745259345,2.920627594e-06,-2.980232239e-06,-2.980232239e-06,6.73532486e-06,0,1.07896e-11,1.28965e-06,0.02893518563,-0.02951389551,0.3249972507,0.03989009032
2069,10.345000,0.328809306,0.03752174415,2.920627594e-06,-2.980232239e-06,-2.980232239e-06,6.61611557e-06,0,1.04414e-11,1.26181e-06,0.02893518563,-0.02951389551,0.3272461754,0.03948534556
2070,10.350000,0.3308920935,0.0381365288,2.920627594e-06,-2.980232239e-06,-2.980232239e-06,6.496906281e-06,0,1.00933e-11,1.23325e-06,0.02893518563,-0.02951389551,0.3297036984,0.03933193608
2071,10.355000,0.3338543922,0.03827126976,2.920627594e-06,-2.980232239e-06,-2.980232239e-06,6.377696991e-06,0,9.74509e-12,1.20393e-06,0.02893518563,-0.02951389551,0.3323730096,0.0395273995
2072,10.360000,0.3375789933,0.0380627932,2.920627594e-06,-2.980232239e-06,-2.980232239e-06,6.258487701e-06,0,9.39693e-12,1.17384e-06,0.02893518563,-0.02951389551,0.3352566984,0.03996205245
2073,10.365000,0.340561077,0.03823533002,2.920627594e-06,-2.980232239e-06,-2.980232239e-06,6.139278412e-06,0,9.04876e-12,1.14296e-06,0.02893518563,-0.02951389551,0.338356741,0.03995515296
2074,10.370000,0.3438113667,0.03847305197,2.920627594e-06,-2.980232239e-06,-2.980232239e-06,6.020069122e-06,0,8.7006e-12,1.11127e-06,0.02893518563,-0.02951389551,0.3416744906,0.0400276534
2075,10.375000,0.3477685489,0.03844298236,2.920627594e-06,-2.980232239e-06,-2.980232239e-06,5.900859833e-06,0,8.35243e-12,1.07874e-06,0.02893518563,-0.02951389551,0.3452106681,0.04018525437
2076,10.380000,0.351377666,0.03893490136,2.920627594e-06,-2.920627594e-06,-2.920627594e-06,5.900859833e-06,0,8.70415e-12,1.13195e-06,0.02893518563,-0.02893517911,0.3489653556,0.03986941476
2077,10.385000,0.3554871455,0.03873580601,2.920627594e-06,-2.861022949e-06,-2.861022949e-06,5.900859833e-06,0,9.04876e-12,1.18493e-06,0.02893518563,-0.02835647762,0.3529379912,0.03945418148
2078,10.390000,0.3603868857,0.03858648799,2.920627594e-06,-2.801418304e-06,-2.801418304e-06,5.900859833e-06,0,9.38627e-12,1.23767e-06,0.02893518563,-0.02777777612,0.3571273656,0.03984607136
2079,10.395000,0.3647626489,0.03859100491,2.920627594e-06,-2.74181366e-06,-2.74181366e-06,5.900859833e-06,0,9.71667e-12,1.29017e-06,0.02893518563,-0.02719907463,0.361531621,0.03992043925
2080,10.400000,0.3687261753,0.03916297108,2.920627594e-06,-2.682209015e-06,-2.682209015e-06,5.900859833e-06,0,1.004e-11,1.34241e-06,0.02893518563,-0.02662037313,0.3661482513,0.04007700612
2081,10.405000,0.3735824749,0.03904727194,2.920627594e-06,-2.62260437e-06,-2.62260437e-06,5.900859833e-06,0,1.03562e-11,1.39437e-06,0.02893518563,-0.02604167163,0.3709741043,0.04020545139
2082,10.410000,0.37943241,0.03907585703,2.920627594e-06,-2.562999725e-06,-2.562999725e-06,5.900859833e-06,0,1.06652e-11,1.44605e-06,0.02893518563,-0.02546297014,0.3760053863,0.03999181376
2083,10.415000,0.3844855577,0.03914709948,2.920627594e-06,-2.503395081e-06,-2.503395081e-06,5.900859833e-06,0,1.09672e-11,1.49742e-06,0.02893518563,-0.02488425374,0.3812376677,0.03983133303
2084,10.420000,0.3899411038,0.03934351169,2.920627594e-06,-2.443790436e-06,-2.443790436e-06,5.900859833e-06,0,1.12621e-11,1.54848e-06,0.02893518563,-0.02430555224,0.3866658908,0.03977630263
2085,10.425000,0.3948162645,0.03987132013,2.920627594e-06,-2.384185791e-06,-2.384185791e-06,5.900859833e-06,0,1.15499e-11,1.5992e-06,0.02893518563,-0.02372685075,0.3922843797,0.04002577676
2086,10.430000,0.4005720094,0.03989487886,2.920627594e-06,-2.324581146e-06,-2.324581146e-06,5.900859833e-06,0,1.18305e-11,1.64956e-06,0.02893518563,-0.02314814925,0.3980868516,0.03972907194
2087,10.435000,0.4067411907,0.03965099528,2.920627594e-06,-2.264976501e-06,-2.264976501e-06,5.900859833e-06,0,1.21041e-11,1.69955e-06,0.02893518563,-0.02256944776,0.4040664298,0.03971693469
2088,10.440000,0.4132804684,0.03974940442,2.920627594e-06,-2.205371857e-06,-2.205371857e-06,5.900859833e-06,0,1.23705e-11,1.74914e-06,0.02893518563,-0.02199074626,0.4102156588,0.04007785392
2089,10.445000,0.4201583005,0.0394656416,2.920627594e-06,-2.145767212e-06,-2.145767212e-06,5.900859833e-06,0,1.26299e-11,1.79832e-06,0.02893518563,-0.02141202986,0.4165265206,0.04037898808
2090,10.450000,0.4266382046,0.03936138004,2.920627594e-06,-2.086162567e-06,-2.086162567e-06,5.900859833e-06,0,1.28821e-11,1.84705e-06,0.02893518563,-0.02083332837,0.4229904534,0.04022523629
2091,10.455000,0.4329442717,0.03926213551,2.920627594e-06,-2.026557922e-06,-2.026557922e-06,5.900859833e-06,0,1.31273e-11,1.89531e-06,0.02893518563,-0.02025462687,0.4295983705,0.04033299051
2092,10.460000,0.439792823,0.03934104647,2.920627594e-06,-1.966953278e-06,-1.966953278e-06,5.900859833e-06,0,1.33653e-11,1.94308e-06,0.02893518563,-0.01967592537,0.4363406827,0.04045504665
2093,10.465000,0.4465897493,0.03914938495,2.920627594e-06,-1.907348633e-06,-1.907348633e-06,5.900859833e-06,0,1.35962e-11,1.99033e-06,0.02893518563,-0.01909722388,0.44320732,0.04042092031
2094,10.470000,0.453146413,0.03932160605,2.920627594e-06,-1.847743988e-06,-1.847743988e-06,5.900859833e-06,0,1.38201e-11,2.03701e-06,0.02893518563,-0.01851852238,0.4501877567,0.0402120463
2095,10.475000,0.4607063271,0.03917141818,2.920627594e-06,-1.788139343e-06,-1.788139343e-06,5.900859833e-06,0,1.40368e-11,2.08311e-06,0.02893518563,-0.01793982089,0.4572710362,0.0398954627
2096,10.480000,0.4678729735,0.03922157828,2.920627594e-06,-1.728534698e-06,-1.728534698e-06,5.900859833e-06,0,1.42464e-11,2.12858e-06,0.02893518563,-0.01736110449,0.4644457982,0.04015543488
2097,10.485000,0.4748183452,0.03943518177,2.920627594e-06,-1.668930054e-06,-1.668930054e-06,5.960464478e-06,0,1.4623e-11,2.18323e-06,0.02893518563,-0.01678240299,0.4717003069,0.03995415782
2098,10.490000,0.4819172323,0.03959021904,2.920627594e-06,-1.609325409e-06,-1.609325409e-06,6.020069122e-06,0,1.49925e-11,2.23617e-06,0.02893518563,-0.0162037015,0.4790224795,0.03992975223
2099,10.495000,0.4897615537,0.03948767856,2.920627594e-06,-1.609325409e-06,-1.609325409e-06,6.079673767e-06,0,1.51665e-11,2.2452e-06,0.02893518563,-0.0162037015,0.4863999168,0.03990230345
2100,10.500000,0.4966076054,0.03958319873,2.920627594e-06,-1.609325409e-06,-1.609325409e-06,6.139278412e-06,0,1.53406e-11,2.25402e-06,0.02893518563,-0.0162037015,0.4938199345,0.04018507653
2101,10.505000,0.5033989809,0.03977154195,2.920627594e-06,-1.609325409e-06,-1.609325409e-06,6.198883057e-06,0,1.55147e-11,2.26266e-06,0.02893518563,-0.0162037015,0.5012695945,0.04014378405
2102,10.510000,0.5105631799,0.04009139072,2.920627594e-06,-1.609325409e-06,-1.609325409e-06,6.258487701e-06,0,1.56888e-11,2.2711e-06,0.02893518563,-0.0162037015,0.5087357386,0.04055731727
2103,10.515000,0.5173759125,0.040326152,2.920627594e-06,-1.609325409e-06,-1.609325409e-06,6.318092346e-06,0,1.58629e-11,2.27936e-06,0.02893518563,-0.0162037015,0.5162050211,0.04036124774
2104,10.520000,0.5246292911,0.0403169021,2.920627594e-06,-1.609325409e-06,-1.609325409e-06,6.377696991e-06,0,1.60369e-11,2.28743e-06,0.02893518563,-0.0162037015,0.5236639435,0.04019265968
2105,10.525000,0.5321604311,0.04036912788,2.920627594e-06,-1.609325409e-06,-1.609325409e-06,6.437301636e-06,0,1.6211e-11,2.29534e-06,0.02893518563,-0.0162037015,0.5310988887,0.04023698423
2106,10.530000,0.5397119112,0.04037506972,2.920627594e-06,-1.609325409e-06,-1.609325409e-06,6.496906281e-06,0,1.63851e-11,2.30307e-06,0.02893518563,-0.0162037015,0.5384961561,0.04037278186
2107,10.535000,0.546479594,0.0405286951,2.920627594e-06,-1.609325409e-06,-1.609325409e-06,6.556510925e-06,0,1.65592e-11,2.31064e-06,0.02893518563,-0.0162037015,0.5458419969,0.04043112007
2108,10.540000,0.5537244268,0.04048371036,2.920627594e-06,-1.609325409e-06,-1.609325409e-06,6.61611557e-06,0,1.67333e-11,2.31805e-06,0.02893518563,-0.0162037015,0.5531226498,0.04021443941
2109,10.545000,0.5612749755,0.04035027325,2.920627594e-06,-1.609325409e-06,-1.609325409e-06,6.675720215e-06,0,1.69074e-11,2.3253e-06,0.02893518563,-0.0162037015,0.5603243761,0.04045670536
2110,10.550000,0.5679886341,0.0405112179,2.920627594e-06,-1.609325409e-06,-1.609325409e-06,6.73532486e-06,0,1.70814e-11,2.3324e-06,0.02893518563,-0.0162037015,0.5674334958,0.04027215526
2111,10.555000,0.5754574127,0.04016645439,2.920627594e-06,-1.609325409e-06,-1.609325409e-06,6.794929504e-06,0,1.72555e-11,2.33935e-06,0.02893518563,-0.0162037015,0.5744364228,0.04014882678
2112,10.560000,0.5819268599,0.04026160575,2.920627594e-06,-1.609325409e-06,-1.609325409e-06,6.854534149e-06,0,1.74296e-11,2.34616e-06,0.02893518563,-0.0162037015,0.5813197005,0.04007543316
2113,10.565000,0.5882901959,0.04037158657,2.920627594e-06,-1.609325409e-06,-1.609325409e-06,6.914138794e-06,0,1.76037e-11,2.35282e-06,0.02893518563,-0.0162037015,0.5880700369,0.03978658208
2114,10.570000,0.5953562409,0.04021524265,2.920627594e-06,-1.609325409e-06,-1.609325409e-06,6.973743439e-06,0,1.77778e-11,2.35936e-06,0.02893518563,-0.0162037015,0.5946743389,0.03978706978
2115,10.575000,0.6014718786,0.04027974419,2.920627594e-06,-1.609325409e-06,-1.609325409e-06,7.033348083e-06,0,1.79519e-11,2.36575e-06,0.02893518563,-0.0162037015,0.6011197468,0.03977907126
2116,10.580000,0.6072468273,0.04048914462,2.920627594e-06,-1.609325409e-06,-1.609325409e-06,7.092952728e-06,0,1.81259e-11,2.37202e-06,0.02893518563,-0.0162037015,0.607393668,0.03990437049
2117,10.585000,0.6127869934,0.04066027235,2.920627594e-06,-1.609325409e-06,-1.609325409e-06,7.152557373e-06,0,1.83e-11,2.37817e-06,0.02893518563,-0.0162037015,0.6134838094,0.03989763718
2118,10.590000,0.6188344695,0.04065039381,2.920627594e-06,-1.609325409e-06,-1.609325409e-06,7.212162018e-06,0,1.84741e-11,2.38419e-06,0.02893518563,-0.0162037015,0.6193782105,0.04004931957
2119,10.595000,0.6240722835,0.04088441841,2.920627594e-06,-1.609325409e-06,-1.609325409e-06,7.271766663e-06,0,1.86482e-11,2.39009e-06,0.02893518563,-0.0162037015,0.6250652738,0.04029367284
2120,10.600000,0.6291987747,0.04111892916,2.920627594e-06,-1.609325409e-06,-1.609325409e-06,7.331371307e-06,0,1.88223e-11,2.39587e-06,0.02893518563,-0.0162037015,0.6305337958,0.0403541461
2121,10.605000,0.6342529468,0.04127819929,2.920627594e-06,-1.609325409e-06,-1.609325409e-06,7.390975952e-06,0,1.89964e-11,2.40154e-06,0.02893518563,-0.0162037015,0.635772996,0.04068491096
2122,10.610000,0.6393473297,0.04128046148,2.920627594e-06,-1.609325409e-06,-1.609325409e-06,7.450580597e-06,0,1.91704e-11,2.40711e-06,0.02893518563,-0.0162037015,0.6407725454,0.04031823955
2123,10.615000,0.644522693,0.04115634132,2.920627594e-06,-1.609325409e-06,-1.609325409e-06,7.510185242e-06,0,1.93445e-11,2.41256e-06,0.02893518563,-0.0162037015,0.6455225935,0.04008881958
2124,10.620000,0.6492738836,0.04095236957,2.920627594e-06,-1.609325409e-06,-1.609325409e-06,7.569789886e-06,0,1.95186e-11,2.41791e-06,0.02893518563,-0.0162037015,0.6500137938,0.03966386478
2125,10.625000,0.6535249464,0.04102748167,2.920627594e-06,-1.609325409e-06,-1.609325409e-06,7.629394531e-06,0,1.96927e-11,2.42316e-06,0.02893518563,-0.0162037015,0.6542373288,0.03974407482
2126,10.630000,0.6578235589,0.04078104813,2.920627594e-06,-1.609325409e-06,-1.609325409e-06,7.688999176e-06,0,1.98668e-11,2.42831e-06,0.02893518563,-0.0162037015,0.6581849325,0.03964467548
2127,10.635000,0.6611741446,0.04095862992,2.920627594e-06,-1.609325409e-06,-1.609325409e-06,7.748603821e-06,0,2.00409e-11,2.43336e-06,0.02893518563,-0.0162037015,0.6618489125,0.03968398324
2128,10.640000,0.6646931581,0.0409681052,2.920627594e-06,-1.609325409e-06,-1.609325409e-06,7.808208466e-06,0,2.02149e-11,2.43832e-06,0.02893518563,-0.0162037015,0.6652221695,0.03936863188
2129,10.645000,0.6675194763,0.04110050574,2.920627594e-06,-1.609325409e-06,-1.609325409e-06,7.86781311e-06,0,2.0389e-11,2.44319e-06,0.02893518563,-0.0162037015,0.6682982163,0.03934575918
2130,10.650000,0.6699163988,0.04107212275,2.920627594e-06,-1.609325409e-06,-1.609325409e-06,7.927417755e-06,0,2.05631e-11,2.44797e-06,0.02893518563,-0.0162037015,0.6710711943,0.03919619709
2131,10.655000,0.6723536849,0.04105047788,2.920627594e-06,-1.609325409e-06,-1.609325409e-06,7.9870224e-06,0,2.07372e-11,2.45266e-06,0.02893518563,-0.0162037015,0.6735358885,0.03905042042
2132,10.660000,0.6744566187,0.0409479402,2.920627594e-06,-1.609325409e-06,-1.609325409e-06,8.046627045e-06,0,2.09113e-11,2.45726e-06,0.02893518563,-0.0162037015,0.6756877413,0.03938243861
2133,10.665000,0.6767657511,0.04057179298,2.920627594e-06,-1.609325409e-06,-1.609325409e-06,8.106231689e-06,0,2.10854e-11,2.46178e-06,0.02893518563,-0.0162037015,0.677522864,0.03948799328
2134,10.670000,0.678324949,0.04042112455,2.920627594e-06,-1.609325409e-06,-1.609325409e-06,8.165836334e-06,0,2.12594e-11,2.46622e-06,0.02893518563,-0.0162037015,0.6790380464,0.03916331103
2135,10.675000,0.678834673,0.04077696428,2.920627594e-06,-1.609325409e-06,-1.609325409e-06,8.225440979e-06,0,2.14335e-11,2.47059e-06,0.02893518563,-0.0162037015,0.6802307652,0.03904411785
2136,10.680000,0.6794761382,0.04081282392,2.920627594e-06,-1.609325409e-06,-1.609325409e-06,8.285045624e-06,0,2.16076e-11,2.47487e-06,0.02893518563,-0.0162037015,0.6810991897,0.03913481969
2137,10.685000,0.6792180389,0.04102322832,2.920627594e-06,-1.609325409e-06,-1.609325409e-06,8.344650269e-06,0,2.17817e-11,2.47908e-06,0.02893518563,-0.0162037015,0.6816421867,0.03894998854
2138,10.690000,0.6791443825,0.04101883527,2.920627594e-06,-1.609325409e-06,-1.609325409e-06,8.404254913e-06,0,2.19558e-11,2.48322e-06,0.02893518563,-0.0162037015,0.6818593221,0.03874554892
2139,10.695000,0.678887412,0.04105595313,2.920627594e-06,-1.609325409e-06,-1.609325409e-06,8.463859558e-06,0,2.21299e-11,2.48728e-06,0.02893518563,-0.0162037015,0.6817508625,0.03868328258
2140,10.700000,0.6781933568,0.04119699914,2.920627594e-06,-1.609325409e-06,-1.609325409e-06,8.523464203e-06,0,2.23039e-11,2.49128e-06,0.02893518563,-0.0162037015,0.6813177727,0.03855946713
2141,10.705000,0.6773557402,0.04131002724,2.920627594e-06,-1.609325409e-06,-1.609325409e-06,8.583068848e-06,0,2.2478e-11,2.4952e-06,0.02893518563,-0.0162037015,0.6805617133,0.03817270311
2142,10.710000,0.6763837487,0.04119308945,2.920627594e-06,-1.609325409e-06,-1.609325409e-06,8.642673492e-06,0,2.26521e-11,2.49906e-06,0.02893518563,-0.0162037015,0.6794850352,0.03847954183
2143,10.715000,0.6750885136,0.04104608949,2.920627594e-06,-1.609325409e-06,-1.609325409e-06,8.702278137e-06,0,2.28262e-11,2.50286e-06,0.02893518563,-0.0162037015,0.6780907729,0.03851121377
2144,10.720000,0.6729019508,0.04119840078,2.920627594e-06,-1.609325409e-06,-1.609325409e-06,8.761882782e-06,0,2.30003e-11,2.50659e-06,0.02893518563,-0.0162037015,0.6763826353,0.03835408099
2145,10.725000,0.6705290563,0.04111067578,2.920627594e-06,-1.609325409e-06,-1.609325409e-06,8.821487427e-06,0,2.31744e-11,2.51026e-06,0.02893518563,-0.0162037015,0.6743649954,0.0385240094
2146,10.730000,0.6671201847,0.04144792911,2.920627594e-06,-1.609325409e-06,-1.609325409e-06,8.881092072e-06,0,2.33484e-11,2.51387e-06,0.02893518563,-0.0162037015,0.6720428777,0.03848566035
2147,10.735000,0.6641883291,0.04158859607,2.920627594e-06,-1.609325409e-06,-1.609325409e-06,8.940696716e-06,0,2.35225e-11,2.51742e-06,0.02893518563,-0.0162037015,0.6694219443,0.03822739014
2148,10.740000,0.6609940305,0.04150555935,2.920627594e-06,-1.609325409e-06,-1.609325409e-06,9.000301361e-06,0,2.36966e-11,2.52091e-06,0.02893518563,-0.0162037015,0.6665084786,0.03813969383
2149,10.745000,0.6571221761,0.04158229195,2.920627594e-06,-1.609325409e-06,-1.609325409e-06,9.059906006e-06,0,2.38707e-11,2.52435e-06,0.02893518563,-0.0162037015,0.6633093682,0.03788666783
2150,10.750000,0.6540142186,0.04139011074,2.920627594e-06,-1.609325409e-06,-1.609325409e-06,9.119510651e-06,0,2.40448e-11,2.52773e-06,0.02893518563,-0.0162037015,0.6598320856,0.03768998928
2151,10.755000,0.6503216885,0.04131534044,2.920627594e-06,-1.609325409e-06,-1.609325409e-06,9.179115295e-06,0,2.42188e-11,2.53105e-06,0.02893518563,-0.0162037015,0.6560846674,0.03765329218
2152,10.760000,0.6460299864,0.04134571273,2.920627594e-06,-1.609325409e-06,-1.609325409e-06,9.23871994e-06,0,2.43929e-11,2.53432e-06,0.02893518563,-0.0162037015,0.652075692,0.03796608525
2153,10.765000,0.6416650526,0.04121931084,2.920627594e-06,-1.609325409e-06,-1.609325409e-06,9.298324585e-06,0,2.4567e-11,2.53755e-06,0.02893518563,-0.0162037015,0.6478142564,0.03844645947
2154,10.770000,0.6370604485,0.04116112273,2.920627594e-06,-1.609325409e-06,-1.609325409e-06,9.35792923e-06,0,2.47411e-11,2.54072e-06,0.02893518563,-0.0162037015,0.6433099505,0.03856833648
2155,10.775000,0.6331320778,0.04077586066,2.920627594e-06,-1.609325409e-06,-1.609325409e-06,9.417533875e-06,0,2.49152e-11,2.54384e-06,0.02893518563,-0.0162037015,0.6385728315,0.03871262002
2156,10.780000,0.6282143481,0.04075127374,2.920627594e-06,-1.609325409e-06,-1.609325409e-06,9.477138519e-06,0,2.50893e-11,2.54691e-06,0.02893518563,-0.0162037015,0.6336133958,0.03923282197
2157,10.785000,0.6228964962,0.04085180257,2.920627594e-06,-1.609325409e-06,-1.609325409e-06,9.536743164e-06,0,2.52633e-11,2.54994e-06,0.02893518563,-0.0162037015,0.6284425504,0.03910348276
2158,10.790000,0.618003346,0.04049248993,2.920627594e-06,-1.609325409e-06,-1.609325409e-06,9.596347809e-06,0,2.54374e-11,2.55292e-06,0.02893518563,-0.0162037015,0.6230715833,0.03940301617
2159,10.795000,0.6125201322,0.04042796418,2.920627594e-06,-1.609325409e-06,-1.609325409e-06,9.655952454e-06,0,2.56115e-11,2.55585e-06,0.02893518563,-0.0162037015,0.6175121324,0.039698665
2160,10.800000,0.606386099,0.04068182316,2.920627594e-06,-1.609325409e-06,-1.609325409e-06,9.715557098e-06,0,2.57856e-11,2.55874e-06,0.02893518563,-0.0162037015,0.6117761544,0.03982253512
2161,10.805000,0.6007013172,0.04049091227,2.920627594e-06,-1.609325409e-06,-1.609325409e-06,9.775161743e-06,0,2.59597e-11,2.56159e-06,0.02893518563,-0.0162037015,0.6058758916,0.03974071204
2162,10.810000,0.5942520611,0.04060641583,2.920627594e-06,-1.609325409e-06,-1.609325409e-06,9.834766388e-06,0,2.61338e-11,2.5644e-06,0.02893518563,-0.0162037015,0.5998238393,0.03975146397
2163,10.815000,0.588300664,0.0404487215,2.920627594e-06,-1.609325409e-06,-1.609325409e-06,9.894371033e-06,0,2.63078e-11,2.56716e-06,0.02893518563,-0.0162037015,0.5936327115,0.03950930158
2164,10.820000,0.5818119794,0.04041970521,2.920627594e-06,-1.609325409e-06,-1.609325409e-06,9.953975677e-06,0,2.64819e-11,2.56988e-06,0.02893518563,-0.0162037015,0.5873154069,0.03935211125
2165,10.825000,0.5751326419,0.04058979824,2.920627594e-06,-1.609325409e-06,-1.609325409e-06,1.001358032e-05,0,2.6656e-11,2.57257e-06,0.02893518563,-0.0162037015,0.5808849741,0.03957608535
2166,10.830000,0.5679939575,0.04085746221,2.920627594e-06,-1.609325409e-06,-1.609325409e-06,1.007318497e-05,0,2.68301e-11,2.57521e-06,0.02893518563,-0.0162037015,0.5743545759,0.03953709975
2167,10.835000,0.5612711459,0.04095591884,2.920627594e-06,-1.609325409e-06,-1.609325409e-06,1.013278961e-05,0,2.70042e-11,2.57782e-06,0.02893518563,-0.0162037015,0.5677374548,0.03959678765
2168,10.840000,0.5547929294,0.04092787951,2.920627594e-06,-1.609325409e-06,-1.609325409e-06,1.019239426e-05,0,2.71783e-11,2.58039e-06,0.02893518563,-0.0162037015,0.5610468969,0.03950362492
2169,10.845000,0.5477022454,0.04112153035,2.920627594e-06,-1.609325409e-06,-1.609325409e-06,1.02519989e-05,0,2.73523e-11,2.58292e-06,0.02893518563,-0.0162037015,0.5542961963,0.03950522069
2170,10.850000,0.5413313881,0.04081926402,2.920627594e-06,-1.609325409e-06,-1.609325409e-06,1.031160355e-05,0,2.75264e-11,2.58541e-06,0.02893518563,-0.0162037015,0.5474986201,0.04000052966
2171,10.855000,0.5350285359,0.04061987903,2.920627594e-06,-1.609325409e-06,-1.609325409e-06,1.037120819e-05,0,2.77005e-11,2.58787e-06,0.02893518563,-0.0162037015,0.5406673724,0.04025413488
2172,10.860000,0.5288707614,0.04031656589,2.920627594e-06,-1.609325409e-06,-1.609325409e-06,1.043081284e-05,0,2.78746e-11,2.5903e-06,0.02893518563,-0.0162037015,0.5338155599,0.04066278691
2173,10.865000,0.5224106163,0.04017657135,2.920627594e-06,-1.609325409e-06,-1.609325409e-06,1.049041748e-05,0,2.80487e-11,2.59269e-06,0.02893518563,-0.0162037015,0.5269561568,0.04072998266
2174,10.870000,0.5159337148,0.0399333993,2.920627594e-06,-1.609325409e-06,-1.609325409e-06,1.055002213e-05,0,2.82228e-11,2.59505e-06,0.02893518563,-0.0162037015,0.5201019703,0.04051950113
2175,10.875000,0.5093991756,0.03989966214,2.920627594e-06,-1.609325409e-06,-1.609325409e-06,1.060962677e-05,0,2.83968e-11,2.59738e-06,0.02893518563,-0.0162037015,0.5132656075,0.04049058268
2176,10.880000,0.5027716458,0.03972798586,2.920627594e-06,-1.609325409e-06,-1.609325409e-06,1.066923141e-05,0,2.85709e-11,2.59968e-06,0.02893518563,-0.0162037015,0.5064594418,0.04042745695
2177,10.885000,0.4954799972,0.0397747783,2.920627594e-06,-1.609325409e-06,-1.609325409e-06,1.072883606e-05,0,2.8745e-11,2.60194e-06,0.02893518563,-0.0162037015,0.4996955808,0.04040740849
2178,10.890000,0.4889455736,0.03980340343,2.920627594e-06,-1.609325409e-06,-1.609325409e-06,1.07884407e-05,0,2.89191e-11,2.60418e-06,0.02893518563,-0.0162037015,0.4929858346,0.0403751805
2179,10.895000,0.4822903536,0.03972088173,2.920627594e-06,-1.609325409e-06,-1.609325409e-06,1.084804535e-05,0,2.90932e-11,2.60638e-06,0.02893518563,-0.0162037015,0.4863416856,0.04043661774
2180,10.900000,0.4765340202,0.03944922239,2.920627594e-06,-1.609325409e-06,-1.609325409e-06,1.090764999e-05,0,2.92673e-11,2.60855e-06,0.02893518563,-0.0162037015,0.4797742581,0.0402366123
2181,10.905000,0.4693198204,0.03959328216,2.920627594e-06,-1.609325409e-06,-1.609325409e-06,1.096725464e-05,0,2.94413e-11,2.6107e-06,0.02893518563,-0.0162037015,0.4732942908,0.04020228313
2182,10.910000,0.4626819231,0.03977143113,2.920627594e-06,-1.609325409e-06,-1.609325409e-06,1.102685928e-05,0,2.96154e-11,2.61282e-06,0.02893518563,-0.0162037015,0.4669121085,0.03992304351
2183,10.915000,0.4566366263,0.03974615224,2.920627594e-06,-1.609325409e-06,-1.609325409e-06,1.108646393e-05,0,2.97895e-11,2.61491e-06,0.02893518563,-0.0162037015,0.4606375966,0.03992947956
2184,10.920000,0.4511159956,0.0396155268,2.920627594e-06,-1.609325409e-06,-1.609325409e-06,1.114606857e-05,0,2.99636e-11,2.61697e-06,0.02893518563,-0.0162037015,0.4544801758,0.03992894051
2185,10.925000,0.4456936494,0.03931018338,2.920627594e-06,-1.609325409e-06,-1.609325409e-06,1.120567322e-05,0,3.01377e-11,2.61901e-06,0.02893518563,-0.0162037015,0.4484487791,0.04016515685
2186,10.930000,0.439475935,0.03939304128,2.920627594e-06,-1.609325409e-06,-1.609325409e-06,1.126527786e-05,0,3.03118e-11,2.62102e-06,0.02893518563,-0.0162037015,0.4425518295,0.04028827302
2187,10.935000,0.4338625371,0.03946846165,2.920627594e-06,-1.609325409e-06,-1.609325409e-06,1.132488251e-05,0,3.04858e-11,2.623e-06,0.02893518563,-0.0162037015,0.4367972195,0.03994344394
2188,10.940000,0.4280321226,0.03963109851,2.920627594e-06,-1.609325409e-06,-1.609325409e-06,1.138448715e-05,0,3.06599e-11,2.62496e-06,0.02893518563,-0.0162037015,0.431192292,0.04039762147
2189,10.945000,0.422772564,0.03953242581,2.920627594e-06,-1.609325409e-06,-1.609325409e-06,1.14440918e-05,0,3.0834e-11,2.62689e-06,0.02893518563,-0.0162037015,0.4257438236,0.04023393499
2190,10.950000,0.41774958,0.03953329474,2.920627594e-06,-1.609325409e-06,-1.609325409e-06,1.150369644e-05,0,3.10081e-11,2.6288e-06,0.02893518563,-0.0162037015,0.420458008,0.04005012566
2191,10.955000,0.4127713703,0.0393967554,2.920627594e-06,-1.609325409e-06,-1.609325409e-06,1.156330109e-05,0,3.11822e-11,2.63069e-06,0.02893518563,-0.0162037015,0.4153404426,0.03978891149
2192,10.960000,0.4086967148,0.03910531197,2.920627594e-06,-1.609325409e-06,-1.609325409e-06,1.162290573e-05,0,3.13563e-11,2.63255e-06,0.02893518563,-0.0162037015,0.4103961161,0.03972883682
2193,10.965000,0.4047026448,0.03880691342,2.920627594e-06,-1.609325409e-06,-1.609325409e-06,1.168251038e-05,0,3.15303e-11,2.63439e-06,0.02893518563,-0.0162037015,0.405629398,0.03956424711
2194,10.970000,0.4000196457,0.03896034975,2.920627594e-06,-1.609325409e-06,-1.609325409e-06,1.174211502e-05,0,3.17044e-11,2.6362e-06,0.02893518563,-0.0162037015,0.4010440298,0.03965559496
2195,10.975000,0.3957572132,0.03880740516,2.920627594e-06,-1.609325409e-06,-1.609325409e-06,1.180171967e-05,0,3.18785e-11,2.638e-06,0.02893518563,-0.0162037015,0.3966431181,0.03984982119
2196,10.980000,0.3917448558,0.03870433569,2.920627594e-06,-1.609325409e-06,-1.609325409e-06,1.186132431e-05,0,3.20526e-11,2.63977e-06,0.02893518563,-0.0162037015,0.39242913,0.03988176034
2197,10.985000,0.3875080273,0.03869911376,2.920627594e-06,-1.609325409e-06,-1.609325409e-06,1.192092896e-05,0,3.22267e-11,2.64152e-06,0.02893518563,-0.0162037015,0.3884038891,0.04010082186
2198,10.990000,0.383550223,0.03890793212,2.920627594e-06,-1.609325409e-06,-1.609325409e-06,1.19805336e-05,0,3.24007e-11,2.64325e-06,0.02893518563,-0.0162037015,0.3845685747,0.04028221253
2199,10.995000,0.3803853691,0.03880344331,2.920627594e-06,-1.609325409e-06,-1.609325409e-06,1.204013824e-05,0,3.25748e-11,2.64496e-06,0.02893518563,-0.0162037015,0.3809237223,0.03951979702
2200,11.000000,0.3763046786,0.03901985195,2.920627594e-06,-1.609325409e-06,-1.609325409e-06,1.209974289e-05,0,3.27489e-11,2.64665e-06,0.02893518563,-0.0162037015,0.3774692258,0.03952025853
2201,11.005000,0.3735177517,0.03890826739,2.920627594e-06,-1.609325409e-06,-1.609325409e-06,1.215934753e-05,0,3.2923e-11,2.64832e-06,0.02893518563,-0.0162037015,0.3742043414,0.0393509266
2202,11.010000,0.3700821139,0.03896280844,2.920627594e-06,-1.609325409e-06,-1.609325409e-06,1.221895218e-05,0,3.30971e-11,2.64997e-06,0.02893518563,-0.0162037015,0.3711276943,0.03942149804
2203,11.015000,0.3672387414,0.03909136821,2.920627594e-06,-1.609325409e-06,-1.609325409e-06,1.227855682e-05,0,3.32712e-11,2.6516e-06,0.02893518563,-0.0162037015,0.3682372859,0.0396561673
2204,11.020000,0.3655606136,0.0387075562,2.920627594e-06,-1.609325409e-06,-1.609325409e-06,1.233816147e-05,0,3.34452e-11,2.65321e-06,0.02893518563,-0.0162037015,0.3655305037,0.03914282946
2205,11.025000,0.363009695,0.03876997344,2.920627594e-06,-1.609325409e-06,-1.609325409e-06,1.239776611e-05,0,3.36193e-11,2.6548e-06,0.02893518563,-0.0162037015,0.3630041324,0.03929384409
2206,11.030000,0.3604193591,0.03914247081,2.920627594e-06,-1.609325409e-06,-1.609325409e-06,1.245737076e-05,0,3.37934e-11,2.65638e-06,0.02893518563,-0.0162037015,0.3606543675,0.03943710072
2207,11.035000,0.3583812751,0.03899695259,2.920627594e-06,-1.609325409e-06,-1.609325409e-06,1.25169754e-05,0,3.39675e-11,2.65793e-06,0.02893518563,-0.0162037015,0.3584768293,0.03934818483
2208,11.040000,0.3563839346,0.03906483948,2.920627594e-06,-1.609325409e-06,-1.609325409e-06,1.257658005e-05,0,3.41416e-11,2.65947e-06,0.02893518563,-0.0162037015,0.3564665799,0.03949682373
2209,11.045000,0.3542216904,0.03906964604,2.920627594e-06,-1.609325409e-06,-1.609325409e-06,1.263618469e-05,0,3.43157e-11,2.66099e-06,0.02893518563,-0.0162037015,0.3546181406,0.0399423356
2210,11.050000,0.3530796655,0.03885216545,2.920627594e-06,-1.609325409e-06,-1.609325409e-06,1.269578934e-05,0,3.44897e-11,2.66249e-06,0.02893518563,-0.0162037015,0.3529255121,0.04024933572
2211,11.055000,0.3515720256,0.03880286682,2.920627594e-06,-1.609325409e-06,-1.609325409e-06,1.275539398e-05,0,3.46638e-11,2.66398e-06,0.02893518563,-0.0162037015,0.3513821946,0.04037396027
2212,11.060000,0.350609187,0.03872661386,2.920627594e-06,-1.609325409e-06,-1.609325409e-06,1.281499863e-05,0,3.48379e-11,2.66545e-06,0.02893518563,-0.0162037015,0.3499812109,0.03993688114
2213,11.065000,0.3495479748,0.03847043216,2.920627594e-06,-1.609325409e-06,-1.609325409e-06,1.287460327e-05,0,3.5012e-11,2.6669e-06,0.02893518563,-0.0162037015,0.3487151296,0.0399235699
2214,11.070000,0.3484988548,0.03842081781,2.920627594e-06,-1.609325409e-06,-1.609325409e-06,1.293420792e-05,0,3.51861e-11,2.66834e-06,0.02893518563,-0.0162037015,0.3475760904,0.04003255142
2215,11.075000,0.3474201523,0.03854446579,2.920627594e-06,-1.609325409e-06,-1.609325409e-06,1.299381256e-05,0,3.53602e-11,2.66976e-06,0.02893518563,-0.0162037015,0.3465558301,0.03969482452
2216,11.080000,0.3465919085,0.038587749,2.920627594e-06,-1.609325409e-06,-1.609325409e-06,1.305341721e-05,0,3.55342e-11,2.67117e-06,0.02893518563,-0.0162037015,0.3456457097,0.03993859794
2217,11.085000,0.3462874964,0.03849718813,2.920627594e-06,-1.609325409e-06,-1.609325409e-06,1.311302185e-05,0,3.57083e-11,2.67256e-06,0.02893518563,-0.0162037015,0.3448367433,0.04009673561
2218,11.090000,0.345922526,0.03819100372,2.920627594e-06,-1.609325409e-06,-1.609325409e-06,1.31726265e-05,0,3.58824e-11,2.67394e-06,0.02893518563,-0.0162037015,0.3441196268,0.04014768934
2219,11.095000,0.3455703519,0.03795775771,2.920627594e-06,-1.609325409e-06,-1.609325409e-06,1.323223114e-05,0,3.60565e-11,2.6753e-06,0.02893518563,-0.0162037015,0.3434847684,0.03984022269
2220,11.100000,0.3445916325,0.03807013854,2.920627594e-06,-1.609325409e-06,-1.609325409e-06,1.329183578e-05,0,3.62306e-11,2.67664e-06,0.02893518563,-0.0162037015,0.3429223195,0.03978557755
2221,11.105000,0.3441525176,0.03796960507,2.920627594e-06,-1.609325409e-06,-1.609325409e-06,1.335144043e-05,0,3.64047e-11,2.67798e-06,0.02893518563,-0.0162037015,0.3424222061,0.03995434782
2222,11.110000,0.344347395,0.03764695022,2.920627594e-06,-1.609325409e-06,-1.609325409e-06,1.341104507e-05,0,3.65787e-11,2.67929e-06,0.02893518563,-0.0162037015,0.3419741614,0.04006410659
2223,11.115000,0.3433099091,0.03795113601,2.920627594e-06,-1.609325409e-06,-1.609325409e-06,1.347064972e-05,0,3.67528e-11,2.6806e-06,0.02893518563,-0.0162037015,0.3415677584,0.04006455449
2224,11.120000,0.3428422846,0.03813320398,2.920627594e-06,-1.609325409e-06,-1.609325409e-06,1.353025436e-05,0,3.69269e-11,2.68189e-06,0.02893518563,-0.0162037015,0.3411924427,0.04019656047
2225,11.125000,0.3423165865,0.03825475462,2.920627594e-06,-1.609325409e-06,-1.609325409e-06,1.358985901e-05,0,3.7101e-11,2.68317e-06,0.02893518563,-0.0162037015,0.3408375667,0.04039612441
2226,11.130000,0.3417948969,0.03836199734,2.920627594e-06,-1.609325409e-06,-1.609325409e-06,1.364946365e-05,0,3.72751e-11,2.68443e-06,0.02893518563,-0.0162037015,0.3404924226,0.03995623759
2227,11.135000,0.3413617425,0.03837321047,2.920627594e-06,-1.609325409e-06,-1.609325409e-06,1.37090683e-05,0,3.74492e-11,2.68568e-06,0.02893518563,-0.0162037015,0.3401462766,0.03994380216
2228,11.140000,0.3413336724,0.03819722589,2.920627594e-06,-1.609325409e-06,-1.609325409e-06,1.376867294e-05,0,3.76232e-11,2.68692e-06,0.02893518563,-0.0162037015,0.3397884026,0.03958519906
2229,11.145000,0.3405956849,0.03839178383,2.920627594e-06,-1.609325409e-06,-1.609325409e-06,1.382827759e-05,0,3.77973e-11,2.68814e-06,0.02893518563,-0.0162037015,0.3394081158,0.03929062508
2230,11.150000,0.3401644528,0.03837183304,2.920627594e-06,-1.609325409e-06,-1.609325409e-06,1.388788223e-05,0,3.79714e-11,2.68935e-06,0.02893518563,-0.0162037015,0.3389948066,0.03945173553
2231,11.155000,0.3395764269,0.03848070744,2.920627594e-06,-1.609325409e-06,-1.609325409e-06,1.394748688e-05,0,3.81455e-11,2.69055e-06,0.02893518563,-0.0162037015,0.3385379737,0.0393150531
2232,11.160000,0.3395166956,0.03816730995,2.920627594e-06,-1.609325409e-06,-1.609325409e-06,1.400709152e-05,0,3.83196e-11,2.69174e-06,0.02893518563,-0.0162037015,0.3380272567,0.03913292776
2233,11.165000,0.3384029381,0.03824726958,2.920627594e-06,-1.609325409e-06,-1.609325409e-06,1.406669617e-05,0,3.84937e-11,2.69292e-06,0.02893518563,-0.0162037015,0.3374524693,0.03953188031
2234,11.170000,0.3378736563,0.0383043373,2.920627594e-06,-1.609325409e-06,-1.609325409e-06,1.412630081e-05,0,3.86677e-11,2.69408e-06,0.02893518563,-0.0162037015,0.3368036306,0.03951476179
2235,11.175000,0.3370286748,0.03837172687,2.920627594e-06,-1.609325409e-06,-1.609325409e-06,1.418590546e-05,0,3.88418e-11,2.69523e-06,0.02893518563,-0.0162037015,0.3360709964,0.03960709324
2236,11.180000,0.3362325318,0.03831466939,2.920627594e-06,-1.609325409e-06,-1.609325409e-06,1.42455101e-05,0,3.90159e-11,2.69637e-06,0.02893518563,-0.0162037015,0.3352450901,0.03958132301
2237,11.185000,0.3349373378,0.03842811473,2.920627594e-06,-1.609325409e-06,-1.609325409e-06,1.430511475e-05,0,3.919e-11,2.6975e-06,0.02893518563,-0.0162037015,0.3343167318,0.03939480284
2238,11.190000,0.3333330639,0.03857378196,2.920627594e-06,-1.609325409e-06,-1.609325409e-06,1.436471939e-05,0,3.93641e-11,2.69862e-06,0.02893518563,-0.0162037015,0.3332770674,0.03980629291
2239,11.195000,0.3323613517,0.0384286521,2.920627594e-06,-1.609325409e-06,-1.609325409e-06,1.442432404e-05,0,3.95382e-11,2.69973e-06,0.02893518563,-0.0162037015,0.3321175964,0.03991788662
2240,11.200000,0.3313045315,0.03825071268,2.920627594e-06,-1.609325409e-06,-1.609325409e-06,1.448392868e-05,0,3.97122e-11,2.70083e-06,0.02893518563,-0.0162037015,0.3308301982,0.03982621868
2241,11.205000,0.329730995,0.03824232612,2.920627594e-06,-1.609325409e-06,-1.609325409e-06,1.454353333e-05,0,3.98863e-11,2.70191e-06,0.02893518563,-0.0162037015,0.3294071579,0.0399982584
2242,11.210000,0.3279924132,0.03835147806,2.920627594e-06,-1.609325409e-06,-1.609325409e-06,1.460313797e-05,0,4.00604e-11,2.70299e-06,0.02893518563,-0.0162037015,0.3278411906,0.03993942362
2243,11.215000,0.3258778751,0.038581172,2.920627594e-06,-1.609325409e-06,-1.609325409e-06,1.466274261e-05,0,4.02345e-11,2.70405e-06,0.02893518563,-0.0162037015,0.3261254642,0.04016842094
2244,11.220000,0.3242584467,0.03845940623,2.920627594e-06,-1.609325409e-06,-1.609325409e-06,1.472234726e-05,0,4.04086e-11,2.70511e-06,0.02893518563,-0.0162037015,0.3242536209,0.04005672505
2245,11.225000,0.3217539266,0.03864233941,2.920627594e-06,-1.609325409e-06,-1.609325409e-06,1.47819519e-05,0,4.05826e-11,2.70615e-06,0.02893518563,-0.0162037015,0.3222197975,0.04006862703
2246,11.230000,0.3190295286,0.03880562633,2.920627594e-06,-1.609325409e-06,-1.609325409e-06,1.484155655e-05,0,4.07567e-11,2.70719e-06,0.02893518563,-0.0162037015,0.3200186443,0.04038666491
2247,11.235000,0.3167591579,0.03866949957,2.920627594e-06,-1.609325409e-06,-1.609325409e-06,1.490116119e-05,0,4.09308e-11,2.70822e-06,0.02893518563,-0.0162037015,0.3176453416,0.04073597548
2248,11.240000,0.3144503087,0.03859667107,2.920627594e-06,-1.609325409e-06,-1.609325409e-06,1.496076584e-05,0,4.11049e-11,2.70923e-06,0.02893518563,-0.0162037015,0.3150956159,0.04090273864
2249,11.245000,0.3114501499,0.0386679573,2.920627594e-06,-1.609325409e-06,-1.609325409e-06,1.502037048e-05,0,4.1279e-11,2.71024e-06,0.02893518563,-0.0162037015,0.3123657533,0.040553811
2250,11.250000,0.3081374057,0.03881470859,2.920627594e-06,-1.609325409e-06,-1.609325409e-06,1.507997513e-05,0,4.14531e-11,2.71123e-06,0.02893518563,-0.0162037015,0.3094526117,0.04052191979
2251,11.255000,0.3051878512,0.0387240639,2.920627594e-06,-1.609325409e-06,-1.609325409e-06,1.513957977e-05,0,4.16271e-11,2.71222e-06,0.02893518563,-0.0162037015,0.3063536317,0.04082185507
2252,11.260000,0.3017697707,0.03885463905,2.920627594e-06,-1.609325409e-06,-1.609325409e-06,1.519918442e-05,0,4.18012e-11,2.7132e-06,0.02893518563,-0.0162037015,0.303066845,0.0406115859
2253,11.265000,0.2978517897,0.03898765147,2.920627594e-06,-1.609325409e-06,-1.609325409e-06,1.525878906e-05,0,4.19753e-11,2.71417e-06,0.02893518563,-0.0162037015,0.2995908812,0.04044259857
2254,11.270000,0.294432044,0.03882398363,2.920627594e-06,-1.609325409e-06,-1.609325409e-06,1.531839371e-05,0,4.21494e-11,2.71513e-06,0.02893518563,-0.0162037015,0.2959249734,0.04037277295
2255,11.275000,0.2902322523,0.03898987919,2.920627594e-06,-1.609325409e-06,-1.609325409e-06,1.537799835e-05,0,4.23235e-11,2.71608e-06,0.02893518563,-0.0162037015,0.2920689613,0.04032289216
2256,11.280000,0.2865021452,0.03865929786,2.920627594e-06,-1.609325409e-06,-1.609325409e-06,1.5437603e-05,0,4.24976e-11,2.71703e-06,0.02893518563,-0.0162037015,0.2880232925,0.0400108881
2257,11.285000,0.2822298966,0.03881770838,2.920627594e-06,-1.609325409e-06,-1.609325409e-06,1.549720764e-05,0,4.26716e-11,2.71796e-06,0.02893518563,-0.0162037015,0.2837890228,0.03995632738
2258,11.290000,0.2783918753,0.0385433035,2.920627594e-06,-1.609325409e-06,-1.609325409e-06,1.555681229e-05,0,4.28457e-11,2.71889e-06,0.02893518563,-0.0162037015,0.2793678135,0.03980334274
2259,11.295000,0.2735687718,0.03857813869,2.920627594e-06,-1.609325409e-06,-1.609325409e-06,1.561641693e-05,0,4.30198e-11,2.71981e-06,0.02893518563,-0.0162037015,0.2747619278,0.04002617993
2260,11.300000,0.2690758929,0.03849336691,2.920627594e-06,-1.609325409e-06,-1.609325409e-06,1.567602158e-05,0,4.31939e-11,2.72072e-06,0.02893518563,-0.0162037015,0.2699742251,0.04043831601
2261,11.305000,0.2638328411,0.03869927302,2.920627594e-06,-1.609325409e-06,-1.609325409e-06,1.573562622e-05,0,4.3368e-11,2.72162e-06,0.02893518563,-0.0162037015,0.2650081531,0.04045408735
2262,11.310000,0.2582459636,0.03873613663,2.920627594e-06,-1.609325409e-06,-1.609325409e-06,1.579523087e-05,0,4.35421e-11,2.72251e-06,0.02893518563,-0.0162037015,0.2598677388,0.04050528857
2263,11.315000,0.2538310029,0.03846669849,2.920627594e-06,-1.609325409e-06,-1.609325409e-06,1.585483551e-05,0,4.37161e-11,2.7234e-06,0.02893518563,-0.0162037015,0.2545575777,0.04054702037
2264,11.320000,0.2486715354,0.03806786612,2.920627594e-06,-1.609325409e-06,-1.609325409e-06,1.591444016e-05,0,4.38902e-11,2.72427e-06,0.02893518563,-0.0162037015,0.2490828203,0.04036159267
2265,11.325000,0.2428712323,0.03813528921,2.920627594e-06,-1.609325409e-06,-1.609325409e-06,1.59740448e-05,0,4.40643e-11,2.72515e-06,0.02893518563,-0.0162037015,0.2434491585,0.04049217433
2266,11.330000,0.2362909056,0.038341715,2.920627594e-06,-1.609325409e-06,-1.609325409e-06,1.603364944e-05,0,4.42384e-11,2.72601e-06,0.02893518563,-0.0162037015,0.237662809,0.03998119673
2267,11.335000,0.2298679128,0.03869139403,2.920627594e-06,-1.609325409e-06,-1.609325409e-06,1.609325409e-05,0,4.44125e-11,2.72686e-06,0.02893518563,-0.0162037015,0.2317304959,0.03992495399
2268,11.340000,0.2233344913,0.03886412363,2.920627594e-06,-1.609325409e-06,-1.609325409e-06,1.615285873e-05,0,4.45866e-11,2.72771e-06,0.02893518563,-0.0162037015,0.2256594313,0.04016962057
2269,11.345000,0.2172418386,0.03879255522,2.920627594e-06,-1.609325409e-06,-1.609325409e-06,1.621246338e-05,0,4.47606e-11,2.72855e-06,0.02893518563,-0.0162037015,0.219457295,0.04044398304
2270,11.350000,0.2111937776,0.0385573525,2.920627594e-06,-1.609325409e-06,-1.609325409e-06,1.627206802e-05,0,4.49347e-11,2.72939e-06,0.02893518563,-0.0162037015,0.2131322121,0.04031542311
2271,11.355000,0.204753831,0.03831430618,2.920627594e-06,-1.609325409e-06,-1.609325409e-06,1.633167267e-05,0,4.51088e-11,2.73021e-06,0.02893518563,-0.0162037015,0.2066927297,0.03996272845
2272,11.360000,0.1981464624,0.03825634625,2.920627594e-06,-1.609325409e-06,-1.609325409e-06,1.639127731e-05,0,4.52829e-11,2.73103e-06,0.02893518563,-0.0162037015,0.2001477921,0.03978438129
2273,11.365000,0.1914392374,0.03824106231,2.920627594e-06,-1.609325409e-06,-1.609325409e-06,1.645088196e-05,0,4.5457e-11,2.73184e-06,0.02893518563,-0.0162037015,0.193506715,0.03996039873
2274,11.370000,0.1840331182,0.038620078,2.920627594e-06,-1.609325409e-06,-1.609325409e-06,1.65104866e-05,0,4.56311e-11,2.73265e-06,0.02893518563,-0.0162037015,0.1867791582,0.03961921254
2275,11.375000,0.1772343181,0.03868842404,2.920627594e-06,-1.609325409e-06,-1.609325409e-06,1.657009125e-05,0,4.58051e-11,2.73345e-06,0.02893518563,-0.0162037015,0.1799750975,0.03965246705
2276,11.380000,0.1701196432,0.03854425531,2.920627594e-06,-1.609325409e-06,-1.609325409e-06,1.662969589e-05,0,4.59792e-11,2.73424e-06,0.02893518563,-0.0162037015,0.1731047958,0.03929634325
2277,11.385000,0.1634578444,0.03843280207,2.920627594e-06,-1.609325409e-06,-1.609325409e-06,1.668930054e-05,0,4.61533e-11,2.73503e-06,0.02893518563,-0.0162037015,0.1661787727,0.03880975698
2278,11.390000,0.1559900716,0.0385097079,2.920627594e-06,-1.609325409e-06,-1.609325409e-06,1.674890518e-05,0,4.63274e-11,2.73581e-06,0.02893518563,-0.0162037015,0.1592077738,0.03832662423
2279,11.395000,0.1489077695,0.03847574722,2.920627594e-06,-1.609325409e-06,-1.609325409e-06,1.680850983e-05,0,4.65015e-11,2.73658e-06,0.02893518563,-0.0162037015,0.1522027392,0.03845899878
2280,11.400000,0.1418028884,0.03850144241,2.920627594e-06,-1.609325409e-06,-1.609325409e-06,1.686811447e-05,0,4.66756e-11,2.73734e-06,0.02893518563,-0.0162037015,0.1451747711,0.03819481616
2281,11.405000,0.1345594004,0.03835324105,2.920627594e-06,-1.609325409e-06,-1.609325409e-06,1.692771912e-05,0,4.68496e-11,2.7381e-06,0.02893518563,-0.0162037015,0.1381351013,0.0380119481
2282,11.410000,0.1275137402,0.03848486114,2.920627594e-06,-1.609325409e-06,-1.609325409e-06,1.698732376e-05,0,4.70237e-11,2.73886e-06,0.02893518563,-0.0162037015,0.1310950577,0.03796975812
2283,11.415000,0.1204281785,0.03851122502,2.920627594e-06,-1.609325409e-06,-1.609325409e-06,1.704692841e-05,0,4.71978e-11,2.73961e-06,0.02893518563,-0.0162037015,0.1240660308,0.03753171984
2284,11.420000,0.1133539267,0.03848122992,2.920627594e-06,-1.609325409e-06,-1.609325409e-06,1.710653305e-05,0,4.73719e-11,2.74035e-06,0.02893518563,-0.0162037015,0.1170594403,0.0377943048
2285,11.425000,0.1063792221,0.03834713902,2.920627594e-06,-1.609325409e-06,-1.609325409e-06,1.71661377e-05,0,4.7546e-11,2.74108e-06,0.02893518563,-0.0162037015,0.1100867006,0.03797282885
2286,11.430000,0.09975430742,0.03817575052,2.920627594e-06,-1.609325409e-06,-1.609325409e-06,1.722574234e-05,0,4.77201e-11,2.74181e-06,0.02893518563,-0.0162037015,0.103159187,0.03771827536
2287,11.435000,0.09291787073,0.03802999761,2.920627594e-06,-1.609325409e-06,-1.609325409e-06,1.728534698e-05,0,4.78941e-11,2.74254e-06,0.02893518563,-0.0162037015,0.0962882017,0.03803728159
2288,11.440000,0.08616715297,0.03802086879,2.920627594e-06,-1.609325409e-06,-1.609325409e-06,1.734495163e-05,0,4.80682e-11,2.74326e-06,0.02893518563,-0.0162037015,0.0894849401,0.03823291655
2289,11.445000,0.07960133627,0.0380189307,2.920627594e-06,-1.609325409e-06,-1.609325409e-06,1.740455627e-05,0,4.82423e-11,2.74397e-06,0.02893518563,-0.0162037015,0.08276045701,0.03835256358
2290,11.450000,0.07341440022,0.03800789919,2.920627594e-06,-1.609325409e-06,-1.609325409e-06,1.746416092e-05,0,4.84164e-11,2.74468e-06,0.02893518563,-0.0162037015,0.07612563349,0.03842850717
2291,11.455000,0.066945564,0.03774124011,2.920627594e-06,-1.609325409e-06,-1.609325409e-06,1.752376556e-05,0,4.85905e-11,2.74538e-06,0.02893518563,-0.0162037015,0.06959114398,0.03862794693
2292,11.460000,0.06035560742,0.03779232688,2.920627594e-06,-1.609325409e-06,-1.609325409e-06,1.758337021e-05,0,4.87645e-11,2.74607e-06,0.02893518563,-0.0162037015,0.06316742404,0.03817449561
2293,11.465000,0.05349382758,0.03795000259,2.920627594e-06,-1.609325409e-06,-1.609325409e-06,1.764297485e-05,0,4.89386e-11,2.74676e-06,0.02893518563,-0.0162037015,0.0568646386,0.03860178244
2294,11.470000,0.04774506763,0.03790582344,2.920627594e-06,-1.609325409e-06,-1.609325409e-06,1.77025795e-05,0,4.91127e-11,2.74745e-06,0.02893518563,-0.0162037015,0.05069265108,0.0384643574
2295,11.475000,0.04217954725,0.03778028488,2.920627594e-06,-1.609325409e-06,-1.609325409e-06,1.776218414e-05,0,4.92868e-11,2.74813e-06,0.02893518563,-0.0162037015,0.04466099314,0.03845459977
2296,11.480000,0.0367580615,0.03764858469,2.920627594e-06,-1.609325409e-06,-1.609325409e-06,1.782178879e-05,0,4.94609e-11,2.7488e-06,0.02893518563,-0.0162037015,0.03877883548,0.0382763934
2297,11.485000,0.03094488755,0.0376294991,2.920627594e-06,-1.609325409e-06,-1.609325409e-06,1.788139343e-05,0,4.9635e-11,2.74947e-06,0.02893518563,-0.0162037015,0.0330549595,0.03841007216
2298,11.490000,0.02585670352,0.03752405755,2.920627594e-06,-1.609325409e-06,-1.609325409e-06,1.794099808e-05,0,4.9809e-11,2.75014e-06,0.02893518563,-0.0162037015,0.0274977301,0.0383717701
2299,11.495000,0.02046250924,0.03754648566,2.920627594e-06,-1.668930054e-06,-1.668930054e-06,1.800060272e-05,0,4.97877e-11,2.73813e-06,0.02893518563,-0.01678240299,0.02211506956,0.03842562783
2300,11.500000,0.01570461318,0.03729509935,2.920627594e-06,-1.728534698e-06,-1.728534698e-06,1.800060272e-05,0,4.95852e-11,2.72503e-06,0.02893518563,-0.01736110449,0.01691443267,0.03869606129
2301,11.505000,0.01133279875,0.03709311131,2.920627594e-06,-1.788139343e-06,-1.788139343e-06,1.800060272e-05,0,4.93756e-11,2.7115e-06,0.02893518563,-0.01793982089,0.01190278316,0.03863317828
2302,11.510000,0.006780795753,0.03698370047,2.920627594e-06,-1.847743988e-06,-1.847743988e-06,1.800060272e-05,0,4.91589e-11,2.69752e-06,0.02893518563,-0.01851852238,0.007086571453,0.03865900326
2303,11.515000,0.001179564744,0.03760750126,2.920627594e-06,-1.907348633e-06,-1.907348633e-06,1.800060272e-05,0,4.89351e-11,2.68312e-06,0.02893518563,-0.01909722388,0.002471713867,0.03852713921
2304,11.520000,-0.002973731607,0.03772537876,2.920627594e-06,-1.966953278e-06,-1.966953278e-06,1.800060272e-05,0,4.87042e-11,2.66829e-06,0.02893518563,-0.01967592537,-0.001936426701,0.0389210122
2305,11.525000,-0.007147949189,0.03777654469,2.920627594e-06,-2.026557922e-06,-2.026557922e-06,1.800060272e-05,0,4.84661e-11,2.65303e-06,0.02893518563,-0.02025462687,-0.006133058547,0.03902492939
2306,11.530000,-0.01121918857,0.03782514762,2.920627594e-06,-2.086162567e-06,-2.086162567e-06,1.800060272e-05,0,4.8221e-11,2.63735e-06,0.02893518563,-0.02083332837,-0.01011397734,0.0391066928
2307,11.535000,-0.01491031423,0.03776771296,2.920627594e-06,-2.145767212e-06,-2.145767212e-06,1.800060272e-05,0,4.79687e-11,2.62124e-06,0.02893518563,-0.02141202986,-0.01387558067,0.03907655455
2308,11.540000,-0.0181216225,0.03750562854,2.920627594e-06,-2.205371857e-06,-2.205371857e-06,1.800060272e-05,0,4.77094e-11,2.60472e-06,0.02893518563,-0.02199074626,-0.01741488085,0.03906279824
2309,11.545000,-0.02126204222,0.03777608275,2.920627594e-06,-2.264976501e-06,-2.264976501e-06,1.800060272e-05,0,4.74429e-11,2.58778e-06,0.02893518563,-0.02256944776,-0.02072951607,0.03925201537
2310,11.550000,-0.02409829572,0.03754838742,2.920627594e-06,-2.324581146e-06,-2.324581146e-06,1.800060272e-05,0,4.71694e-11,2.57043e-06,0.02893518563,-0.02314814925,-0.02381775976,0.0392088722
2311,11.555000,-0.02670600638,0.03756176773,2.920627594e-06,-2.384185791e-06,-2.384185791e-06,1.800060272e-05,0,4.68887e-11,2.55266e-06,0.02893518563,-0.02372685075,-0.0266785281,0.03899607484
2312,11.560000,-0.0294848606,0.03757085744,2.920627594e-06,-2.443790436e-06,-2.443790436e-06,1.800060272e-05,0,4.66009e-11,2.53449e-06,0.02893518563,-0.02430555224,-0.02931138583,0.03893575258
2313,11.565000,-0.03126581013,0.0374857448,2.920627594e-06,-2.503395081e-06,-2.503395081e-06,1.800060272e-05,0,4.63061e-11,2.51591e-06,0.02893518563,-0.02488425374,-0.03171655013,0.03893195432
2314,11.570000,-0.03335527331,0.03748777788,2.920627594e-06,-2.562999725e-06,-2.562999725e-06,1.800060272e-05,0,4.60041e-11,2.49692e-06,0.02893518563,-0.02546297014,-0.0338948927,0.03929680346
2315,11.575000,-0.03566928208,0.03770600352,2.920627594e-06,-2.62260437e-06,-2.62260437e-06,1.800060272e-05,0,4.5695e-11,2.47754e-06,0.02893518563,-0.02604167163,-0.03584793997,0.03959895596
2316,11.580000,-0.03761174157,0.03782498837,2.920627594e-06,-2.682209015e-06,-2.682209015e-06,1.800060272e-05,0,4.53788e-11,2.45776e-06,0.02893518563,-0.02662037313,-0.03757787145,0.03938553031
2317,11.585000,-0.03884640709,0.03776769526,2.920627594e-06,-2.74181366e-06,-2.74181366e-06,1.800060272e-05,0,4.50555e-11,2.43759e-06,0.02893518563,-0.02719907463,-0.03908751625,0.03941273948
2318,11.590000,-0.04057402536,0.03808150813,2.920627594e-06,-2.801418304e-06,-2.801418304e-06,1.800060272e-05,0,4.47251e-11,2.41702e-06,0.02893518563,-0.02777777612,-0.04038034768,0.03932124317
2319,11.595000,-0.04087550938,0.03782544564,2.920627594e-06,-2.861022949e-06,-2.861022949e-06,1.800060272e-05,0,4.43876e-11,2.39607e-06,0.02893518563,-0.02835647762,-0.04146047612,0.03928897704
2320,11.600000,-0.04140295833,0.03769933525,2.920627594e-06,-2.920627594e-06,-2.920627594e-06,1.800060272e-05,0,4.4043e-11,2.37473e-06,0.02893518563,-0.02893517911,-0.04233263999,0.03900697512
2321,11.605000,-0.04177545756,0.03756159171,2.920627594e-06,-2.980232239e-06,-2.980232239e-06,1.788139343e-05,0,4.33431e-11,2.34881e-06,0.02893518563,-0.02951389551,-0.04300219495,0.03933071596
2322,11.610000,-0.04253182933,0.0377564691,2.920627594e-06,-2.980232239e-06,-2.980232239e-06,1.776218414e-05,0,4.29949e-11,2.34455e-06,0.02893518563,-0.02951389551,-0.04347510132,0.03945458828
2323,11.615000,-0.04261686653,0.03752000444,2.920627594e-06,-2.980232239e-06,-2.980232239e-06,1.764297485e-05,0,4.26468e-11,2.34022e-06,0.02893518563,-0.02951389551,-0.04375790981,0.03958410793
2324,11.620000,-0.04277792573,0.03769747168,2.920627594e-06,-2.980232239e-06,-2.980232239e-06,1.752376556e-05,0,4.22986e-11,2.33584e-06,0.02893518563,-0.02951389551,-0.04385774551,0.03937509737
2325,11.625000,-0.04283801094,0.03761474416,2.920627594e-06,-2.980232239e-06,-2.980232239e-06,1.740455627e-05,0,4.19504e-11,2.33138e-06,0.02893518563,-0.02951389551,-0.04378229024,0.0392069024
2326,11.630000,-0.0427877605,0.03787689563,2.920627594e-06,-2.980232239e-06,-2.980232239e-06,1.728534698e-05,0,4.16023e-11,2.32687e-06,0.02893518563,-0.02951389551,-0.04353976331,0.03875373763
2327,11.635000,-0.04237358645,0.03798924945,2.920627594e-06,-2.980232239e-06,-2.980232239e-06,1.71661377e-05,0,4.12541e-11,2.32228e-06,0.02893518563,-0.02951389551,-0.04313890071,0.0386691892
2328,11.640000,-0.04185874388,0.03821631055,2.920627594e-06,-2.980232239e-06,-2.980232239e-06,1.704692841e-05,0,4.09059e-11,2.31763e-06,0.02893518563,-0.02951389551,-0.04258893282,0.03907797849
2329,11.645000,-0.04109121487,0.03809428308,2.920627594e-06,-2.980232239e-06,-2.980232239e-06,1.692771912e-05,0,4.05578e-11,2.3129e-06,0.02893518563,-0.02951389551,-0.0418995607,0.03890323834
2330,11.650000,-0.0405324921,0.03817692772,2.920627594e-06,-2.980232239e-06,-2.980232239e-06,1.680850983e-05,0,4.02096e-11,2.30811e-06,0.02893518563,-0.02951389551,-0.04108093094,0.03947016854
2331,11.655000,-0.0400884524,0.03846957721,2.920627594e-06,-2.980232239e-06,-2.980232239e-06,1.668930054e-05,0,3.98614e-11,2.30324e-06,0.02893518563,-0.02951389551,-0.04014360932,0.03936310573
2332,11.660000,-0.03860115632,0.03842661623,2.920627594e-06,-2.980232239e-06,-2.980232239e-06,1.657009125e-05,0,3.95133e-11,2.2983e-06,0.02893518563,-0.02951389551,-0.03909855317,0.03954326796
2333,11.665000,-0.03730079904,0.03825526126,2.920627594e-06,-2.980232239e-06,-2.980232239e-06,1.645088196e-05,0,3.91651e-11,2.29328e-06,0.02893518563,-0.02951389551,-0.0379570826,0.03951081047
2334,11.670000,-0.03689384833,0.0390102258,2.920627594e-06,-2.980232239e-06,-2.980232239e-06,1.633167267e-05,0,3.88169e-11,2.28818e-06,0.02893518563,-0.02951389551,-0.03673085062,0.03949978671
2335,11.675000,-0.03567769751,0.03923435323,2.920627594e-06,-2.980232239e-06,-2.980232239e-06,1.621246338e-05,0,3.84688e-11,2.283e-06,0.02893518563,-0.02951389551,-0.03543181239,0.03957739093
2336,11.680000,-0.03452473879,0.03950824402,2.920627594e-06,-2.980232239e-06,-2.980232239e-06,1.609325409e-05,0,3.81206e-11,2.27774e-06,0.02893518563,-0.02951389551,-0.03407219342,0.03940118861
2337,11.685000,-0.03283027932,0.03924359474,2.920627594e-06,-2.980232239e-06,-2.980232239e-06,1.59740448e-05,0,3.77725e-11,2.2724e-06,0.02893518563,-0.02951389551,-0.03266445707,0.03932418787
2338,11.690000,-0.03146899864,0.03920006566,2.920627594e-06,-2.980232239e-06,-2.980232239e-06,1.585483551e-05,0,3.74243e-11,2.26697e-06,0.02893518563,-0.02951389551,-0.03122127127,0.03971548364
2339,11.695000,-0.03056400269,0.03950995393,2.920627594e-06,-2.980232239e-06,-2.980232239e-06,1.573562622e-05,0,3.70761e-11,2.26146e-06,0.02893518563,-0.02951389551,-0.02975547461,0.03933590449
2340,11.700000,-0.02881832421,0.03912661131,2.920627594e-06,-2.980232239e-06,-2.980232239e-06,1.561641693e-05,0,3.6728e-11,2.25585e-06,0.02893518563,-0.02951389551,-0.02828004195,0.03933314703
2341,11.705000,-0.02785335854,0.03948765527,2.920627594e-06,-2.980232239e-06,-2.980232239e-06,1.549720764e-05,0,3.63798e-11,2.25016e-06,0.02893518563,-0.02951389551,-0.02680804949,0.03955748315
2342,11.710000,-0.02625955641,0.0395145854,2.920627594e-06,-2.980232239e-06,-2.980232239e-06,1.537799835e-05,0,3.60316e-11,2.24437e-06,0.02893518563,-0.02951389551,-0.02535263963,0.03971112921
2343,11.715000,-0.02549202368,0.03970256448,2.920627594e-06,-2.980232239e-06,-2.980232239e-06,1.525878906e-05,0,3.56835e-11,2.23848e-06,0.02893518563,-0.02951389551,-0.02392698546,0.0396209941
2344,11.720000,-0.02447016537,0.04005853925,2.920627594e-06,-2.980232239e-06,-2.980232239e-06,1.513957977e-05,0,3.53353e-11,2.2325e-06,0.02893518563,-0.02951389551,-0.02254425517,0.03957322934
2345,11.725000,-0.02302045003,0.04004938528,2.920627594e-06,-2.980232239e-06,-2.980232239e-06,1.502037048e-05,0,3.49871e-11,2.22641e-06,0.02893518563,-0.02951389551,-0.02121757643,0.03960662817
2346,11.730000,-0.02180426568,0.04023663606,2.920627594e-06,-2.980232239e-06,-2.980232239e-06,1.490116119e-05,0,3.4639e-11,2.22022e-06,0.02893518563,-0.02951389551,-0.01996000076,0.03958949541
2347,11.735000,-0.02066465467,0.04025285412,2.920627594e-06,-2.980232239e-06,-2.980232239e-06,1.47819519e-05,0,3.42908e-11,2.21393e-06,0.02893518563,-0.02951389551,-0.01878446815,0.03947436852
2348,11.740000,-0.01940789819,0.04015795328,2.920627594e-06,-2.980232239e-06,-2.980232239e-06,1.466274261e-05,0,3.39426e-11,2.20753e-06,0.02893518563,-0.02951389551,-0.01770377181,0.0393032114
2349,11.745000,-0.01858691126,0.03995259106,2.920627594e-06,-2.980232239e-06,-2.980232239e-06,1.454353333e-05,0,3.35945e-11,2.20102e-06,0.02893518563,-0.02951389551,-0.01673052339,0.03961270185
2350,11.750000,-0.01815846935,0.04008003231,2.920627594e-06,-2.980232239e-06,-2.980232239e-06,1.442432404e-05,0,3.32463e-11,2.19439e-06,0.02893518563,-0.02951389551,-0.01587711857,0.03933079694
2351,11.755000,-0.01752008498,0.04008590709,2.920627594e-06,-2.980232239e-06,-2.980232239e-06,1.430511475e-05,0,3.28981e-11,2.18765e-06,0.02893518563,-0.02951389551,-0.01515570325,0.03917580126
2352,11.760000,-0.01660416275,0.03982655518,2.920627594e-06,-2.980232239e-06,-2.980232239e-06,1.418590546e-05,0,3.255e-11,2.18079e-06,0.02893518563,-0.02951389551,-0.01457814033,0.03901546624
2353,11.765000,-0.01661888883,0.03988361172,2.920627594e-06,-2.980232239e-06,-2.980232239e-06,1.406669617e-05,0,3.22018e-11,2.17381e-06,0.02893518563,-0.02951389551,-0.01415597726,0.03917946268
2354,11.770000,-0.01646732911,0.04002603423,2.920627594e-06,-2.980232239e-06,-2.980232239e-06,1.394748688e-05,0,3.18536e-11,2.16671e-06,0.02893518563,-0.02951389551,-0.01390041442,0.03933798729
2355,11.775000,-0.01655441523,0.0401843125,2.920627594e-06,-2.980232239e-06,-2.980232239e-06,1.382827759e-05,0,3.15055e-11,2.15947e-06,0.02893518563,-0.02951389551,-0.01382227435,0.03934382929
2356,11.780000,-0.01703979447,0.04013897572,2.920627594e-06,-2.980232239e-06,-2.980232239e-06,1.37090683e-05,0,3.11573e-11,2.15211e-06,0.02893518563,-0.02951389551,-0.0139319721,0.03927070176
2357,11.785000,-0.01733352244,0.03993426636,2.920627594e-06,-2.980232239e-06,-2.980232239e-06,1.358985901e-05,0,3.08091e-11,2.1446e-06,0.02893518563,-0.02951389551,-0.01423948652,0.03927579405
2358,11.790000,-0.01821945235,0.04026797786,2.920627594e-06,-2.980232239e-06,-2.980232239e-06,1.347064972e-05,0,3.0461e-11,2.13697e-06,0.02893518563,-0.02951389551,-0.01475433281,0.03951770702
2359,11.795000,-0.01913136989,0.04025671445,2.920627594e-06,-2.980232239e-06,-2.980232239e-06,1.335144043e-05,0,3.01128e-11,2.12918e-06,0.02893518563,-0.02951389551,-0.01548553629,0.03945395948
2360,11.800000,-0.01967952773,0.03993885498,2.920627594e-06,-2.980232239e-06,-2.980232239e-06,1.323223114e-05,0,2.97646e-11,2.12126e-06,0.02893518563,-0.02951389551,-0.01644160747,0.03917898548
2361,11.805000,-0.02074561641,0.03988072462,2.920627594e-06,-2.980232239e-06,-2.980232239e-06,1.311302185e-05,0,2.94165e-11,2.11318e-06,0.02893518563,-0.02951389551,-0.01763051852,0.03948887386
2362,11.810000,-0.02203039825,0.03979362734,2.920627594e-06,-2.980232239e-06,-2.980232239e-06,1.299381256e-05,0,2.90683e-11,2.10495e-06,0.02893518563,-0.02951389551,-0.01905968116,0.03919685136
2363,11.815000,-0.02390568331,0.03991348576,2.920627594e-06,-2.980232239e-06,-2.980232239e-06,1.287460327e-05,0,2.87201e-11,2.09656e-06,0.02893518563,-0.02951389551,-0.02073592611,0.03889041453
2364,11.820000,-0.02549378201,0.03971599136,2.920627594e-06,-2.980232239e-06,-2.980232239e-06,1.275539398e-05,0,2.8372e-11,2.08802e-06,0.02893518563,-0.02951389551,-0.02266548405,0.03870244207
2365,11.825000,-0.02691450715,0.03910408169,2.920627594e-06,-2.980232239e-06,-2.980232239e-06,1.263618469e-05,0,2.80238e-11,2.0793e-06,0.02893518563,-0.02951389551,-0.02485396825,0.03860933115
2366,11.830000,-0.02921196073,0.03874455485,2.920627594e-06,-2.980232239e-06,-2.980232239e-06,1.25169754e-05,0,2.76756e-11,2.07042e-06,0.02893518563,-0.02951389551,-0.02730635887,0.03858681622
2367,11.835000,-0.03199350834,0.03857094515,2.920627594e-06,-2.980232239e-06,-2.980232239e-06,1.239776611e-05,0,2.73275e-11,2.06136e-06,0.02893518563,-0.02951389551,-0.03002698895,0.03879229799
2368,11.840000,-0.03511961177,0.03876428958,2.920627594e-06,-2.980232239e-06,-2.980232239e-06,1.227855682e-05,0,2.69793e-11,2.05212e-06,0.02893518563,-0.02951389551,-0.03301953214,0.0388117889
2369,11.845000,-0.03792560101,0.03831373062,2.920627594e-06,-2.980232239e-06,-2.980232239e-06,1.215934753e-05,0,2.66311e-11,2.04269e-06,0.02893518563,-0.02951389551,-0.0362869923,0.03871928632
2370,11.850000,-0.04101133719,0.03792971186,2.920627594e-06,-2.980232239e-06,-2.980232239e-06,1.204013824e-05,0,2.6283e-11,2.03308e-06,0.02893518563,-0.02951389551,-0.03983169479,0.03852587419
2371,11.855000,-0.04474324733,0.0379069699,2.920627594e-06,-2.980232239e-06,-2.980232239e-06,1.192092896e-05,0,2.59348e-11,2.02327e-06,0.02893518563,-0.02951389551,-0.04365527974,0.03879136679
2372,11.860000,-0.04899423942,0.03816607501,2.920627594e-06,-2.980232239e-06,-2.980232239e-06,1.180171967e-05,0,2.55866e-11,2.01326e-06,0.02893518563,-0.02951389551,-0.04775869709,0.03894001495
2373,11.865000,-0.05370479077,0.03853410576,2.920627594e-06,-2.980232239e-06,-2.980232239e-06,1.168251038e-05,0,2.52385e-11,2.00304e-06,0.02893518563,-0.02951389551,-0.05214220351,0.03846021625
2374,11.870000,-0.05800615996,0.03817468043,2.920627594e-06,-2.980232239e-06,-2.980232239e-06,1.156330109e-05,0,2.48903e-11,1.99261e-06,0.02893518563,-0.02951389551,-0.05680536125,0.03852013686
2375,11.875000,-0.06318360567,0.03794387635,2.920627594e-06,-2.980232239e-06,-2.980232239e-06,1.14440918e-05,0,2.45421e-11,1.98196e-06,0.02893518563,-0.02951389551,-0.06174703884,0.03832987622
2376,11.880000,-0.06890900433,0.03851190396,2.920627594e-06,-2.980232239e-06,-2.980232239e-06,1.132488251e-05,0,2.4194e-11,1.97109e-06,0.02893518563,-0.02951389551,-0.06696541368,0.03846518779
2377,11.885000,-0.0742159225,0.03812972922,2.920627594e-06,-2.980232239e-06,-2.980232239e-06,1.120567322e-05,0,2.38458e-11,1.95999e-06,0.02893518563,-0.02951389551,-0.07245797649,0.0381888004
2378,11.890000,-0.08048953116,0.03814761899,2.920627594e-06,-2.980232239e-06,-2.980232239e-06,1.108646393e-05,0,2.34976e-11,1.94865e-06,0.02893518563,-0.02951389551,-0.0782215377,0.03802680273
2379,11.895000,-0.08620328084,0.03766885214,2.920627594e-06,-2.980232239e-06,-2.980232239e-06,1.096725464e-05,0,2.31495e-11,1.93706e-06,0.02893518563,-0.02951389551,-0.08425223554,0.03778770552
2380,11.900000,-0.09265201539,0.0374044301,2.920627594e-06,-2.980232239e-06,-2.980232239e-06,1.084804535e-05,0,2.28013e-11,1.92523e-06,0.02893518563,-0.02951389551,-0.09054554611,0.03765888504
2381,11.905000,-0.1000559218,0.03791425377,2.920627594e-06,-2.980232239e-06,-2.980232239e-06,1.072883606e-05,0,2.24532e-11,1.91313e-06,0.02893518563,-0.02951389551,-0.09709629515,0.03758096037
2382,11.910000,-0.1067123711,0.03724108357,2.920627594e-06,-2.980232239e-06,-2.980232239e-06,1.060962677e-05,0,2.2105e-11,1.90077e-06,0.02893518563,-0.02951389551,-0.1038986716,0.0375376737
2383,11.915000,-0.1138969362,0.03724136949,2.920627594e-06,-2.980232239e-06,-2.980232239e-06,1.049041748e-05,0,2.17568e-11,1.88814e-06,0.02893518563,-0.02951389551,-0.1109462428,0.03805936387
2384,11.920000,-0.1212289184,0.03719750047,2.920627594e-06,-2.980232239e-06,-2.980232239e-06,1.037120819e-05,0,2.14087e-11,1.87522e-06,0.02893518563,-0.02951389551,-0.1182319716,0.03807101636
2385,11.925000,-0.1279194318,0.03652100731,2.920627594e-06,-2.980232239e-06,-2.980232239e-06,1.02519989e-05,0,2.10605e-11,1.86201e-06,0.02893518563,-0.02951389551,-0.1257482347,0.03821826523
2386,11.930000,-0.136335887,0.03724919166,2.920627594e-06,-2.980232239e-06,-2.980232239e-06,1.013278961e-05,0,2.07123e-11,1.8485e-06,0.02893518563,-0.02951389551,-0.1334868432,0.03807148033
2387,11.935000,-0.1439899504,0.03689287417,2.920627594e-06,-2.980232239e-06,-2.980232239e-06,1.001358032e-05,0,2.03642e-11,1.83469e-06,0.02893518563,-0.02951389551,-0.1414390637,0.0377595173
2388,11.940000,-0.1523234136,0.03713885043,2.920627594e-06,-2.980232239e-06,-2.980232239e-06,9.894371033e-06,0,2.0016e-11,1.82055e-06,0.02893518563,-0.02951389551,-0.1495956422,0.03783726197
2389,11.945000,-0.1611449309,0.03766275849,2.920627594e-06,-2.980232239e-06,-2.980232239e-06,9.775161743e-06,0,1.96678e-11,1.8061e-06,0.02893518563,-0.02951389551,-0.1579468279,0.03787626449
2390,11.950000,-0.1696402393,0.03753484227,2.920627594e-06,-2.980232239e-06,-2.980232239e-06,9.655952454e-06,0,1.93197e-11,1.7913e-06,0.02893518563,-0.02951389551,-0.1664823995,0.03755676508
2391,11.955000,-0.1784375533,0.03757897951,2.920627594e-06,-2.980232239e-06,-2.980232239e-06,9.536743164e-06,0,1.89715e-11,1.77615e-06,0.02893518563,-0.02951389551,-0.1751916921,0.03794063334
2392,11.960000,-0.1872151792,0.03748451266,2.920627594e-06,-2.980232239e-06,-2.980232239e-06,9.417533875e-06,0,1.86233e-11,1.76065e-06,0.02893518563,-0.02951389551,-0.1840636256,0.03766976388
2393,11.965000,-0.196050819,0.03725751024,2.920627594e-06,-2.980232239e-06,-2.980232239e-06,9.298324585e-06,0,1.82752e-11,1.74478e-06,0.02893518563,-0.02951389551,-0.1930867343,0.03732091929
2394,11.970000,-0.2054234892,0.03736186959,2.920627594e-06,-2.980232239e-06,-2.980232239e-06,9.179115295e-06,0,1.7927e-11,1.72853e-06,0.02893518563,-0.02951389551,-0.2022491967,0.03713983213
2395,11.975000,-0.2147758007,0.03736430313,2.920627594e-06,-2.980232239e-06,-2.980232239e-06,9.059906006e-06,0,1.75788e-11,1.71189e-06,0.02893518563,-0.02951389551,-0.2115388674,0.03705757086
2396,11.980000,-0.2236495987,0.03698109835,2.920627594e-06,-2.980232239e-06,-2.980232239e-06,8.940696716e-06,0,1.72307e-11,1.69485e-06,0.02893518563,-0.02951389551,-0.2209433091,0.03669311052
2397,11.985000,-0.2329945192,0.03670352511,2.920627594e-06,-2.980232239e-06,-2.980232239e-06,8.821487427e-06,0,1.68825e-11,1.67739e-06,0.02893518563,-0.02951389551,-0.2304498252,0.03678441514
2398,11.990000,-0.2418308035,0.03622934315,2.920627594e-06,-2.980232239e-06,-2.980232239e-06,8.702278137e-06,0,1.65343e-11,1.65951e-06,0.02893518563,-0.02951389551,-0.2400454939,0.03687866518
2399,11.995000,-0.2515437938,0.03610842023,2.920627594e-06,-2.980232239e-06,-2.980232239e-06,8.583068848e-06,0,1.61862e-11,1.64118e-06,0.02893518563,-0.02951389551,-0.249717202,0.03695663466
2400,12.000000,-0.2616074495,0.03639636654,2.920627594e-06,-2.980232239e-06,-2.980232239e-06,8.463859558e-06,0,1.5838e-11,1.6224e-06,0.02893518563,-0.02951389551,-0.2594516794,0.03709208506
2401,12.005000,-0.2715216801,0.03639006987,2.920627594e-06,-2.980232239e-06,-2.980232239e-06,8.344650269e-06,0,1.54898e-11,1.60315e-06,0.02893518563,-0.02951389551,-0.2692355344,0.0372659667
2402,12.010000,-0.2814603001,0.03662509378,2.920627594e-06,-2.980232239e-06,-2.980232239e-06,8.225440979e-06,0,1.51417e-11,1.58342e-06,0.02893518563,-0.02951389551,-0.2790552888,0.03724973214
2403,12.015000,-0.2911691442,0.03647888731,2.920627594e-06,-2.980232239e-06,-2.980232239e-06,8.106231689e-06,0,1.47935e-11,1.56319e-06,0.02893518563,-0.02951389551,-0.288897413,0.03737714314
2404,12.020000,-0.3008374013,0.03654476441,2.920627594e-06,-2.980232239e-06,-2.980232239e-06,7.9870224e-06,0,1.44453e-11,1.54245e-06,0.02893518563,-0.02951389551,-0.298748362,0.0370730652
2405,12.025000,-0.3103303462,0.03623391967,2.920627594e-06,-2.980232239e-06,-2.980232239e-06,7.86781311e-06,0,1.40972e-11,1.52118e-06,0.02893518563,-0.02951389551,-0.3085946104,0.03686445805
2406,12.030000,-0.3201780245,0.03604895342,2.920627594e-06,-2.980232239e-06,-2.980232239e-06,7.748603821e-06,0,1.3749e-11,1.49937e-06,0.02893518563,-0.02951389551,-0.318422688,0.03691474825
2407,12.035000,-0.3302457035,0.03600586578,2.920627594e-06,-2.980232239e-06,-2.980232239e-06,7.629394531e-06,0,1.34008e-11,1.477e-06,0.02893518563,-0.02951389551,-0.3282192148,0.037173355
2408,12.040000,-0.3400222808,0.03589645214,2.920627594e-06,-2.980232239e-06,-2.980232239e-06,7.510185242e-06,0,1.30527e-11,1.45405e-06,0.02893518563,-0.02951389551,-0.3379709358,0.03697749448
2409,12.045000,-0.3492544554,0.0357349664,2.920627594e-06,-2.980232239e-06,-2.980232239e-06,7.390975952e-06,0,1.27045e-11,1.43051e-06,0.02893518563,-0.02951389551,-0.3476647553,0.03696493979
2410,12.050000,-0.3587215915,0.03525217064,2.920627594e-06,-2.980232239e-06,-2.980232239e-06,7.271766663e-06,0,1.23563e-11,1.40636e-06,0.02893518563,-0.02951389551,-0.3572877706,0.03671519254
2411,12.055000,-0.3686093874,0.0359203862,2.920627594e-06,-2.980232239e-06,-2.980232239e-06,7.152557373e-06,0,1.20082e-11,1.38158e-06,0.02893518563,-0.02951389551,-0.3668273056,0.03660485383
2412,12.060000,-0.377598267,0.03596304916,2.920627594e-06,-2.980232239e-06,-2.980232239e-06,7.033348083e-06,0,1.166e-11,1.35616e-06,0.02893518563,-0.02951389551,-0.376270943,0.03678896293
2413,12.065000,-0.3870531283,0.03610544559,2.920627594e-06,-2.980232239e-06,-2.980232239e-06,6.914138794e-06,0,1.13118e-11,1.33007e-06,0.02893518563,-0.02951389551,-0.385606556,0.03640953655
2414,12.070000,-0.3955501057,0.03598847333,2.920627594e-06,-2.980232239e-06,-2.980232239e-06,6.794929504e-06,0,1.09637e-11,1.3033e-06,0.02893518563,-0.02951389551,-0.3948223395,0.03675128573
2415,12.075000,-0.4043895863,0.03627105895,2.920627594e-06,-2.980232239e-06,-2.980232239e-06,6.675720215e-06,0,1.06155e-11,1.27582e-06,0.02893518563,-0.02951389551,-0.4039068393,0.03691667448
2416,12.080000,-0.413514927,0.03646435402,2.920627594e-06,-2.980232239e-06,-2.980232239e-06,6.556510925e-06,0,1.02673e-11,1.24762e-06,0.02893518563,-0.02951389551,-0.4128489817,0.03717418207
2417,12.085000,-0.422139883,0.03651329782,2.920627594e-06,-2.980232239e-06,-2.980232239e-06,6.437301636e-06,0,9.91918e-12,1.21869e-06,0.02893518563,-0.02951389551,-0.4216381005,0.0370360335
2418,12.090000,-0.4305579625,0.03637197893,2.920627594e-06,-2.980232239e-06,-2.980232239e-06,6.318092346e-06,0,9.57101e-12,1.18898e-06,0.02893518563,-0.02951389551,-0.4302639638,0.036818036
2419,12.095000,-0.4391357563,0.0364791248,2.920627594e-06,-2.980232239e-06,-2.980232239e-06,6.198883057e-06,0,9.22284e-12,1.1585e-06,0.02893518563,-0.02951389551,-0.4387167994,0.03687431131
2420,12.100000,-0.4472634047,0.03646059893,2.920627594e-06,-2.980232239e-06,-2.980232239e-06,6.079673767e-06,0,8.87468e-12,1.12722e-06,0.02893518563,-0.02951389551,-0.4469873179,0.03727755006
2421,12.105000,-0.4554674029,0.03651541844,2.920627594e-06,-2.980232239e-06,-2.980232239e-06,5.960464478e-06,0,8.52651e-12,1.09511e-06,0.02893518563,-0.02951389551,-0.4550667359,0.03726646477
2422,12.110000,-0.4631607234,0.03642173484,2.920627594e-06,-2.920627594e-06,-2.920627594e-06,5.960464478e-06,0,8.87823e-12,1.1481e-06,0.02893518563,-0.02893517911,-0.4629467966,0.03710675919
2423,12.115000,-0.470763687,0.03656744771,2.920627594e-06,-2.861022949e-06,-2.861022949e-06,5.960464478e-06,0,9.22284e-12,1.20085e-06,0.02893518563,-0.02835647762,-0.4706197891,0.03646238032
2424,12.120000,-0.4778808393,0.03633872326,2.920627594e-06,-2.801418304e-06,-2.801418304e-06,5.960464478e-06,0,9.56035e-12,1.25337e-06,0.02893518563,-0.02777777612,-0.4780785662,0.03630565815
2425,12.125000,-0.4851020053,0.03645430133,2.920627594e-06,-2.74181366e-06,-2.74181366e-06,5.960464478e-06,0,9.89075e-12,1.30563e-06,0.02893518563,-0.02719907463,-0.485316561,0.03627779143
2426,12.130000,-0.4921196476,0.03663657326,2.920627594e-06,-2.682209015e-06,-2.682209015e-06,5.960464478e-06,0,1.02141e-11,1.35763e-06,0.02893518563,-0.02662037313,-0.4923278007,0.0359905864
2427,12.135000,-0.4983241595,0.03643568978,2.920627594e-06,-2.62260437e-06,-2.62260437e-06,5.960464478e-06,0,1.05302e-11,1.40934e-06,0.02893518563,-0.02604167163,-0.4991069201,0.03612487108
2428,12.140000,-0.5048231855,0.03639530111,2.920627594e-06,-2.562999725e-06,-2.562999725e-06,5.960464478e-06,0,1.08393e-11,1.46076e-06,0.02893518563,-0.02546297014,-0.5056491719,0.03616936134
2429,12.145000,-0.5114753582,0.03679853957,2.920627594e-06,-2.503395081e-06,-2.503395081e-06,5.960464478e-06,0,1.11413e-11,1.51187e-06,0.02893518563,-0.02488425374,-0.5119504365,0.03626786188
2430,12.150000,-0.5175445862,0.03682523314,2.920627594e-06,-2.443790436e-06,-2.443790436e-06,5.960464478e-06,0,1.14362e-11,1.56265e-06,0.02893518563,-0.02430555224,-0.518007229,0.03667709126
2431,12.155000,-0.5228183642,0.03650474269,2.920627594e-06,-2.384185791e-06,-2.384185791e-06,5.960464478e-06,0,1.1724e-11,1.61309e-06,0.02893518563,-0.02372685075,-0.5238167051,0.03652568917
2432,12.160000,-0.5280733667,0.03642180562,2.920627594e-06,-2.324581146e-06,-2.324581146e-06,5.960464478e-06,0,1.20046e-11,1.66317e-06,0.02893518563,-0.02314814925,-0.5293766649,0.03698310818
2433,12.165000,-0.5336579196,0.03667424899,2.920627594e-06,-2.264976501e-06,-2.264976501e-06,5.960464478e-06,0,1.22782e-11,1.71286e-06,0.02893518563,-0.02256944776,-0.5346855543,0.03732889934
2434,12.170000,-0.5393289067,0.03668595571,2.920627594e-06,-2.205371857e-06,-2.205371857e-06,5.960464478e-06,0,1.25446e-11,1.76215e-06,0.02893518563,-0.02199074626,-0.5397424656,0.03731682086
2435,12.175000,-0.5444740914,0.03694573976,2.920627594e-06,-2.145767212e-06,-2.145767212e-06,5.960464478e-06,0,1.2804e-11,1.81101e-06,0.02893518563,-0.02141202986,-0.5445471355,0.03751262824
2436,12.180000,-0.5494068712,0.03721991368,2.920627594e-06,-2.086162567e-06,-2.086162567e-06,5.960464478e-06,0,1.30562e-11,1.85942e-06,0.02893518563,-0.02083332837,-0.5490999416,0.03770609319
2437,12.185000,-0.5532996692,0.03717266396,2.920627594e-06,-2.026557922e-06,-2.026557922e-06,5.960464478e-06,0,1.33014e-11,1.90735e-06,0.02893518563,-0.02025462687,-0.5534018966,0.03756605443
2438,12.190000,-0.5577470064,0.03745161649,2.920627594e-06,-1.966953278e-06,-1.966953278e-06,5.960464478e-06,0,1.35394e-11,1.95478e-06,0.02893518563,-0.01967592537,-0.5574546414,0.03730900744
2439,12.195000,-0.5615099892,0.03762107342,2.920627594e-06,-1.907348633e-06,-1.907348633e-06,5.960464478e-06,0,1.37703e-11,2.00167e-06,0.02893518563,-0.01909722388,-0.5612604361,0.03754121471
2440,12.200000,-0.5650475435,0.0377399791,2.920627594e-06,-1.847743988e-06,-1.847743988e-06,5.960464478e-06,0,1.39941e-11,2.04799e-06,0.02893518563,-0.01851852238,-0.5648221487,0.03731275692
2441,12.205000,-0.5676692463,0.03734247293,2.920627594e-06,-1.788139343e-06,-1.788139343e-06,5.960464478e-06,0,1.42109e-11,2.09372e-06,0.02893518563,-0.01793982089,-0.5681432432,0.03734097242
2442,12.210000,-0.5708014034,0.03752445988,2.920627594e-06,-1.728534698e-06,-1.728534698e-06,5.960464478e-06,0,1.44205e-11,2.13881e-06,0.02893518563,-0.01736110449,-0.5712277647,0.03735201749
2443,12.215000,-0.5733638741,0.03750942554,2.920627594e-06,-1.668930054e-06,-1.668930054e-06,6.020069122e-06,0,1.47971e-11,2.19286e-06,0.02893518563,-0.01678240299,-0.5740803244,0.03714863782
2444,12.220000,-0.5759819932,0.03742296807,2.920627594e-06,-1.668930054e-06,-1.668930054e-06,6.079673767e-06,0,1.49711e-11,2.20228e-06,0.02893518563,-0.01678240299,-0.5767060813,0.03721650279
2445,12.225000,-0.5785682462,0.03736347426,2.920627594e-06,-1.668930054e-06,-1.668930054e-06,6.139278412e-06,0,1.51452e-11,2.21149e-06,0.02893518563,-0.01678240299,-0.5791107238,0.0373287172
2446,12.230000,-0.5807645284,0.03754348494,2.920627594e-06,-1.668930054e-06,-1.668930054e-06,6.198883057e-06,0,1.53193e-11,2.22051e-06,0.02893518563,-0.01678240299,-0.5813004489,0.03725894043
2447,12.235000,-0.5825393796,0.03749215975,2.920627594e-06,-1.668930054e-06,-1.668930054e-06,6.258487701e-06,0,1.54934e-11,2.22933e-06,0.02893518563,-0.01678240299,-0.5832819406,0.0375285426
2448,12.240000,-0.5841577314,0.03746380471,2.920627594e-06,-1.668930054e-06,-1.668930054e-06,6.318092346e-06,0,1.56675e-11,2.23797e-06,0.02893518563,-0.01678240299,-0.5850623463,0.03755840574
2449,12.245000,-0.5858075544,0.03762588557,2.920627594e-06,-1.668930054e-06,-1.668930054e-06,6.377696991e-06,0,1.58416e-11,2.24642e-06,0.02893518563,-0.01678240299,-0.5866492524,0.03706402921
2450,12.250000,-0.5869482309,0.03757984564,2.920627594e-06,-1.668930054e-06,-1.668930054e-06,6.437301636e-06,0,1.60156e-11,2.2547e-06,0.02893518563,-0.01678240299,-0.5880506588,0.03688665816
2451,12.255000,-0.5883263983,0.03768764809,2.920627594e-06,-1.668930054e-06,-1.668930054e-06,6.496906281e-06,0,1.61897e-11,2.2628e-06,0.02893518563,-0.01678240299,-0.5892749516,0.03642144878
2452,12.260000,-0.5890011191,0.03761976585,2.920627594e-06,-1.668930054e-06,-1.668930054e-06,6.556510925e-06,0,1.63638e-11,2.27073e-06,0.02893518563,-0.01678240299,-0.5903308753,0.03673050269
2453,12.265000,-0.5895754695,0.03755658213,2.920627594e-06,-1.668930054e-06,-1.668930054e-06,6.61611557e-06,0,1.65379e-11,2.2785e-06,0.02893518563,-0.01678240299,-0.5912275038,0.03689491096
2454,12.270000,-0.5898976028,0.03736985009,2.920627594e-06,-1.668930054e-06,-1.668930054e-06,6.675720215e-06,0,1.6712e-11,2.2861e-06,0.02893518563,-0.01678240299,-0.5919742108,0.03719747536
2455,12.275000,-0.5906275623,0.03737556934,2.920627594e-06,-1.668930054e-06,-1.668930054e-06,6.73532486e-06,0,1.6886e-11,2.29355e-06,0.02893518563,-0.01678240299,-0.5925806389,0.03692297259
2456,12.280000,-0.5915397853,0.03765006643,2.920627594e-06,-1.668930054e-06,-1.668930054e-06,6.794929504e-06,0,1.70601e-11,2.30085e-06,0.02893518563,-0.01678240299,-0.5930566684,0.03656377929
2457,12.285000,-0.5917681046,0.0376514215,2.920627594e-06,-1.668930054e-06,-1.668930054e-06,6.854534149e-06,0,1.72342e-11,2.308e-06,0.02893518563,-0.01678240299,-0.593412385,0.03717496958
2458,12.290000,-0.5917456932,0.03762674332,2.920627594e-06,-1.668930054e-06,-1.668930054e-06,6.914138794e-06,0,1.74083e-11,2.31501e-06,0.02893518563,-0.01678240299,-0.5936580478,0.0373709859
2459,12.295000,-0.5923351906,0.03774533514,2.920627594e-06,-1.668930054e-06,-1.668930054e-06,6.973743439e-06,0,1.75824e-11,2.32187e-06,0.02893518563,-0.01678240299,-0.5938040559,0.03751159792
2460,12.300000,-0.5921186879,0.0377341127,2.920627594e-06,-1.668930054e-06,-1.668930054e-06,7.033348083e-06,0,1.77565e-11,2.3286e-06,0.02893518563,-0.01678240299,-0.5938609154,0.03767364952
2461,12.305000,-0.592465017,0.03794317413,2.920627594e-06,-1.668930054e-06,-1.668930054e-06,7.092952728e-06,0,1.79305e-11,2.3352e-06,0.02893518563,-0.01678240299,-0.5938392057,0.0377913629
2462,12.310000,-0.5926404074,0.03808483295,2.920627594e-06,-1.668930054e-06,-1.668930054e-06,7.152557373e-06,0,1.81046e-11,2.34166e-06,0.02893518563,-0.01678240299,-0.593749546,0.0377434008
2463,12.315000,-0.5920911133,0.03802960925,2.920627594e-06,-1.668930054e-06,-1.668930054e-06,7.212162018e-06,0,1.82787e-11,2.348e-06,0.02893518563,-0.01678240299,-0.5936025611,0.03782506984
2464,12.320000,-0.5925266817,0.03831782099,2.920627594e-06,-1.668930054e-06,-1.668930054e-06,7.271766663e-06,0,1.84528e-11,2.35422e-06,0.02893518563,-0.01678240299,-0.5934088484,0.03802174447
2465,12.325000,-0.5925663412,0.03846122231,2.920627594e-06,-1.668930054e-06,-1.668930054e-06,7.331371307e-06,0,1.86269e-11,2.36032e-06,0.02893518563,-0.01678240299,-0.593178944,0.03820227159
2466,12.330000,-0.5923702195,0.03851791937,2.920627594e-06,-1.668930054e-06,-1.668930054e-06,7.390975952e-06,0,1.8801e-11,2.3663e-06,0.02893518563,-0.01678240299,-0.5929232895,0.03800273242
2467,12.335000,-0.5924034305,0.0385855725,2.920627594e-06,-1.668930054e-06,-1.668930054e-06,7.450580597e-06,0,1.8975e-11,2.37216e-06,0.02893518563,-0.01678240299,-0.5926521988,0.03776255861
2468,12.340000,-0.592051398,0.03843115736,2.920627594e-06,-1.668930054e-06,-1.668930054e-06,7.510185242e-06,0,1.91491e-11,2.37792e-06,0.02893518563,-0.01678240299,-0.5923758262,0.03779135276
2469,12.345000,-0.5915476345,0.0382778151,2.920627594e-06,-1.668930054e-06,-1.668930054e-06,7.569789886e-06,0,1.93232e-11,2.38356e-06,0.02893518563,-0.01678240299,-0.592104134,0.03831317599
2470,12.350000,-0.590771012,0.03811566159,2.920627594e-06,-1.668930054e-06,-1.668930054e-06,7.629394531e-06,0,1.94973e-11,2.38911e-06,0.02893518563,-0.01678240299,-0.5918468611,0.03823785669
2471,12.355000,-0.5904682726,0.03827476595,2.920627594e-06,-1.668930054e-06,-1.668930054e-06,7.688999176e-06,0,1.96714e-11,2.39454e-06,0.02893518563,-0.01678240299,-0.5916134928,0.03853223124
2472,12.360000,-0.590177916,0.03817824274,2.920627594e-06,-1.668930054e-06,-1.668930054e-06,7.748603821e-06,0,1.98455e-11,2.39988e-06,0.02893518563,-0.01678240299,-0.5914132307,0.03861261922
2473,12.365000,-0.5897504725,0.03796137217,2.920627594e-06,-1.668930054e-06,-1.668930054e-06,7.808208466e-06,0,2.00195e-11,2.40512e-06,0.02893518563,-0.01678240299,-0.591254964,0.03824834138
2474,12.370000,-0.5898084007,0.0380155798,2.920627594e-06,-1.668930054e-06,-1.668930054e-06,7.86781311e-06,0,2.01936e-11,2.41027e-06,0.02893518563,-0.01678240299,-0.5911472413,0.03827767549
2475,12.375000,-0.5898985825,0.03805671539,2.920627594e-06,-1.668930054e-06,-1.668930054e-06,7.927417755e-06,0,2.03677e-11,2.41532e-06,0.02893518563,-0.01678240299,-0.591098244,0.03826169896
2476,12.380000,-0.5897562876,0.03797823843,2.920627594e-06,-1.668930054e-06,-1.668930054e-06,7.9870224e-06,0,2.05418e-11,2.42028e-06,0.02893518563,-0.01678240299,-0.5911157604,0.03820402574
2477,12.385000,-0.5897462144,0.03820240032,2.920627594e-06,-1.668930054e-06,-1.668930054e-06,8.046627045e-06,0,2.07159e-11,2.42515e-06,0.02893518563,-0.01678240299,-0.5912071613,0.03797873229
2478,12.390000,-0.5900418237,0.03838205338,2.920627594e-06,-1.668930054e-06,-1.668930054e-06,8.106231689e-06,0,2.089e-11,2.42993e-06,0.02893518563,-0.01678240299,-0.591379377,0.03802612887
2479,12.395000,-0.591150295,0.03850333299,2.920627594e-06,-1.668930054e-06,-1.668930054e-06,8.165836334e-06,0,2.1064e-11,2.43463e-06,0.02893518563,-0.01678240299,-0.5916388748,0.03772630127
2480,12.400000,-0.5922148265,0.03867975995,2.920627594e-06,-1.668930054e-06,-1.668930054e-06,8.225440979e-06,0,2.12381e-11,2.43925e-06,0.02893518563,-0.01678240299,-0.5919916392,0.03763356936
2481,12.405000,-0.5924882926,0.03851459362,2.920627594e-06,-1.668930054e-06,-1.668930054e-06,8.285045624e-06,0,2.14122e-11,2.44379e-06,0.02893518563,-0.01678240299,-0.5924431526,0.03755754233
2482,12.410000,-0.5927965231,0.03841051739,2.920627594e-06,-1.668930054e-06,-1.668930054e-06,8.344650269e-06,0,2.15863e-11,2.44825e-06,0.02893518563,-0.01678240299,-0.592998378,0.03731817885
2483,12.415000,-0.5938039944,0.03845438734,2.920627594e-06,-1.668930054e-06,-1.668930054e-06,8.404254913e-06,0,2.17604e-11,2.45263e-06,0.02893518563,-0.01678240299,-0.593661743,0.03761381594
2484,12.420000,-0.5942455307,0.03808248043,2.920627594e-06,-1.668930054e-06,-1.668930054e-06,8.463859558e-06,0,2.19345e-11,2.45694e-06,0.02893518563,-0.01678240299,-0.5944371256,0.03766672808
2485,12.425000,-0.5954349488,0.03823593818,2.920627594e-06,-1.668930054e-06,-1.668930054e-06,8.523464203e-06,0,2.21085e-11,2.46118e-06,0.02893518563,-0.01678240299,-0.5953278418,0.03751216505
2486,12.430000,-0.5969277471,0.03843415994,2.920627594e-06,-1.668930054e-06,-1.668930054e-06,8.583068848e-06,0,2.22826e-11,2.46534e-06,0.02893518563,-0.01678240299,-0.5963366345,0.0374190071
2487,12.435000,-0.5978882238,0.03844881337,2.920627594e-06,-1.668930054e-06,-1.668930054e-06,8.642673492e-06,0,2.24567e-11,2.46943e-06,0.02893518563,-0.01678240299,-0.5974656647,0.0372746077
2488,12.440000,-0.5986482464,0.03828275856,2.920627594e-06,-1.668930054e-06,-1.668930054e-06,8.702278137e-06,0,2.26308e-11,2.47346e-06,0.02893518563,-0.01678240299,-0.5987165039,0.03704800683
2489,12.445000,-0.5996441804,0.0381818777,2.920627594e-06,-1.668930054e-06,-1.668930054e-06,8.761882782e-06,0,2.28049e-11,2.47742e-06,0.02893518563,-0.01678240299,-0.6000901286,0.03707960067
2490,12.450000,-0.6014929004,0.03820670396,2.920627594e-06,-1.668930054e-06,-1.668930054e-06,8.821487427e-06,0,2.2979e-11,2.48131e-06,0.02893518563,-0.01678240299,-0.6015869166,0.03699021344
2491,12.455000,-0.6037615761,0.03833110165,2.920627594e-06,-1.668930054e-06,-1.668930054e-06,8.881092072e-06,0,2.3153e-11,2.48514e-06,0.02893518563,-0.01678240299,-0.6032066452,0.03712150423
2492,12.460000,-0.6053876281,0.03834598698,2.920627594e-06,-1.668930054e-06,-1.668930054e-06,8.940696716e-06,0,2.33271e-11,2.48891e-06,0.02893518563,-0.01678240299,-0.6049484907,0.0371059743
2493,12.465000,-0.6068584397,0.03795082215,2.920627594e-06,-1.668930054e-06,-1.668930054e-06,9.000301361e-06,0,2.35012e-11,2.49262e-06,0.02893518563,-0.01678240299,-0.6068110304,0.03748959526
2494,12.470000,-0.6086548083,0.03793115914,2.920627594e-06,-1.668930054e-06,-1.668930054e-06,9.059906006e-06,0,2.36753e-11,2.49627e-06,0.02893518563,-0.01678240299,-0.6087922464,0.03728930481
2495,12.475000,-0.6100733206,0.03750451189,2.920627594e-06,-1.668930054e-06,-1.668930054e-06,9.119510651e-06,0,2.38494e-11,2.49986e-06,0.02893518563,-0.01678240299,-0.6108895302,0.03757129927
2496,12.480000,-0.612315055,0.03753693216,2.920627594e-06,-1.668930054e-06,-1.668930054e-06,9.179115295e-06,0,2.40234e-11,2.5034e-06,0.02893518563,-0.01678240299,-0.6130996906,0.03757076267
2497,12.485000,-0.6144504808,0.03735724371,2.920627594e-06,-1.668930054e-06,-1.668930054e-06,9.23871994e-06,0,2.41975e-11,2.50687e-06,0.02893518563,-0.01678240299,-0.6154189622,0.03762092658
2498,12.490000,-0.6174599715,0.03743107058,2.920627594e-06,-1.668930054e-06,-1.668930054e-06,9.298324585e-06,0,2.43716e-11,2.5103e-06,0.02893518563,-0.01678240299,-0.6178430159,0.03792622095
2499,12.495000,-0.6197913252,0.03708994202,2.920627594e-06,-1.668930054e-06,-1.668930054e-06,9.35792923e-06,0,2.45457e-11,2.51367e-06,0.02893518563,-0.01678240299,-0.620366972,0.03770059188
2500,12.500000,-0.622403454,0.03711678926,2.920627594e-06,-1.668930054e-06,-1.668930054e-06,9.417533875e-06,0,2.47198e-11,2.51699e-06,0.02893518563,-0.01678240299,-0.6229854133,0.03738403029
2501,12.505000,-0.6247671731,0.03689677082,2.920627594e-06,-1.668930054e-06,-1.668930054e-06,9.477138519e-06,0,2.48939e-11,2.52026e-06,0.02893518563,-0.01678240299,-0.6256924017,0.0373444413
2502,12.510000,-0.6273016743,0.03660220001,2.920627594e-06,-1.668930054e-06,-1.668930054e-06,9.536743164e-06,0,2.50679e-11,2.52348e-06,0.02893518563,-0.01678240299,-0.6284814949,0.0372486515
2503,12.515000,-0.630368907,0.0365572311,2.920627594e-06,-1.668930054e-06,-1.668930054e-06,9.596347809e-06,0,2.5242e-11,2.52665e-06,0.02893518563,-0.01678240299,-0.6313457654,0.03718664294
2504,12.520000,-0.6331735179,0.03644451872,2.920627594e-06,-1.668930054e-06,-1.668930054e-06,9.655952454e-06,0,2.54161e-11,2.52977e-06,0.02893518563,-0.01678240299,-0.6342778212,0.0370153128
2505,12.525000,-0.6364692114,0.03657284472,2.920627594e-06,-1.668930054e-06,-1.668930054e-06,9.715557098e-06,0,2.55902e-11,2.53285e-06,0.02893518563,-0.01678240299,-0.637269827,0.03705510404
2506,12.530000,-0.639163591,0.03635116387,2.920627594e-06,-1.668930054e-06,-1.668930054e-06,9.775161743e-06,0,2.57643e-11,2.53588e-06,0.02893518563,-0.01678240299,-0.640313528,0.03685158568
2507,12.535000,-0.6429362483,0.03670403175,2.920627594e-06,-1.668930054e-06,-1.668930054e-06,9.834766388e-06,0,2.59384e-11,2.53886e-06,0.02893518563,-0.01678240299,-0.6434002737,0.03684815298
2508,12.540000,-0.645627398,0.03646194842,2.920627594e-06,-1.668930054e-06,-1.668930054e-06,9.894371033e-06,0,2.61124e-11,2.5418e-06,0.02893518563,-0.01678240299,-0.6465210442,0.03638077996
2509,12.545000,-0.6491603814,0.03666616417,2.920627594e-06,-1.668930054e-06,-1.668930054e-06,9.953975677e-06,0,2.62865e-11,2.5447e-06,0.02893518563,-0.01678240299,-0.6496664767,0.03646685963
2510,12.550000,-0.6522929631,0.03667557798,2.920627594e-06,-1.668930054e-06,-1.668930054e-06,1.001358032e-05,0,2.64606e-11,2.54756e-06,0.02893518563,-0.01678240299,-0.6528268938,0.03620846776
2511,12.555000,-0.6554319449,0.03669528011,2.920627594e-06,-1.668930054e-06,-1.668930054e-06,1.007318497e-05,0,2.66347e-11,2.55038e-06,0.02893518563,-0.01678240299,-0.655992332,0.03606378347
2512,12.560000,-0.6582925208,0.03640697617,2.920627594e-06,-1.668930054e-06,-1.668930054e-06,1.013278961e-05,0,2.68088e-11,2.55315e-06,0.02893518563,-0.01678240299,-0.6591525721,0.03622285975
2513,12.565000,-0.661415372,0.03643194772,2.920627594e-06,-1.668930054e-06,-1.668930054e-06,1.019239426e-05,0,2.69829e-11,2.55589e-06,0.02893518563,-0.01678240299,-0.6622971696,0.03651264933
2514,12.570000,-0.6642877273,0.03639086802,2.920627594e-06,-1.668930054e-06,-1.668930054e-06,1.02519989e-05,0,2.71569e-11,2.55859e-06,0.02893518563,-0.01678240299,-0.6654154861,0.03632486221
2515,12.575000,-0.6675133519,0.03629333619,2.920627594e-06,-1.668930054e-06,-1.668930054e-06,1.031160355e-05,0,2.7331e-11,2.56125e-06,0.02893518563,-0.01678240299,-0.668496722,0.0361496178
2516,12.580000,-0.6702687293,0.03607661929,2.920627594e-06,-1.668930054e-06,-1.668930054e-06,1.037120819e-05,0,2.75051e-11,2.56387e-06,0.02893518563,-0.01678240299,-0.6715299484,0.03584706326
2517,12.585000,-0.6728495695,0.03583789431,2.920627594e-06,-1.668930054e-06,-1.668930054e-06,1.043081284e-05,0,2.76792e-11,2.56646e-06,0.02893518563,-0.01678240299,-0.674504141,0.03608794009
2518,12.590000,-0.6755713858,0.03570665326,2.920627594e-06,-1.668930054e-06,-1.668930054e-06,1.049041748e-05,0,2.78533e-11,2.56901e-06,0.02893518563,-0.01678240299,-0.6774082131,0.03631141447
2519,12.595000,-0.679109633,0.035900319,2.920627594e-06,-1.668930054e-06,-1.668930054e-06,1.055002213e-05,0,2.80274e-11,2.57152e-06,0.02893518563,-0.01678240299,-0.6802310497,0.03643381271
2520,12.600000,-0.6819099188,0.03600200079,2.920627594e-06,-1.668930054e-06,-1.668930054e-06,1.060962677e-05,0,2.82014e-11,2.57401e-06,0.02893518563,-0.01678240299,-0.6829615416,0.03622085986
2521,12.605000,-0.6844633147,0.03582618572,2.920627594e-06,-1.668930054e-06,-1.668930054e-06,1.066923141e-05,0,2.83755e-11,2.57645e-06,0.02893518563,-0.01678240299,-0.6855886192,0.03660714384
2522,12.610000,-0.687076766,0.03590123169,2.920627594e-06,-1.668930054e-06,-1.668930054e-06,1.072883606e-05,0,2.85496e-11,2.57887e-06,0.02893518563,-0.01678240299,-0.6881012869,0.03654478157
2523,12.615000,-0.6891108416,0.03575221263,2.920627594e-06,-1.668930054e-06,-1.668930054e-06,1.07884407e-05,0,2.87237e-11,2.58125e-06,0.02893518563,-0.01678240299,-0.6904886566,0.03639409458
2524,12.620000,-0.6909431219,0.03539495356,2.920627594e-06,-1.668930054e-06,-1.668930054e-06,1.084804535e-05,0,2.88978e-11,2.5836e-06,0.02893518563,-0.01678240299,-0.692739982,0.03625218885
2525,12.625000,-0.6927677877,0.03536330722,2.920627594e-06,-1.668930054e-06,-1.668930054e-06,1.090764999e-05,0,2.90719e-11,2.58592e-06,0.02893518563,-0.01678240299,-0.6948446916,0.03614637088
2526,12.630000,-0.6951376535,0.03544367291,2.920627594e-06,-1.668930054e-06,-1.668930054e-06,1.096725464e-05,0,2.92459e-11,2.58821e-06,0.02893518563,-0.01678240299,-0.696792422,0.03597596341
2527,12.635000,-0.6972286515,0.03547227569,2.920627594e-06,-1.668930054e-06,-1.668930054e-06,1.102685928e-05,0,2.942e-11,2.59047e-06,0.02893518563,-0.01678240299,-0.6985730503,0.03605221548
2528,12.640000,-0.6992798038,0.03567057755,2.920627594e-06,-1.668930054e-06,-1.668930054e-06,1.108646393e-05,0,2.95941e-11,2.5927e-06,0.02893518563,-0.01678240299,-0.7001767258,0.03590107998
2529,12.645000,-0.7004285119,0.03563509416,2.920627594e-06,-1.668930054e-06,-1.668930054e-06,1.114606857e-05,0,2.97682e-11,2.5949e-06,0.02893518563,-0.01678240299,-0.7015939018,0.03636762839
2530,12.650000,-0.701582741,0.03568638116,2.920627594e-06,-1.668930054e-06,-1.668930054e-06,1.120567322e-05,0,2.99423e-11,2.59708e-06,0.02893518563,-0.01678240299,-0.7028153656,0.03611936619
2531,12.655000,-0.7031740174,0.03585979715,2.920627594e-06,-1.668930054e-06,-1.668930054e-06,1.126527786e-05,0,3.01164e-11,2.59922e-06,0.02893518563,-0.01678240299,-0.703832268,0.03647635468
2532,12.660000,-0.7036491185,0.03579404298,2.920627594e-06,-1.668930054e-06,-1.668930054e-06,1.132488251e-05,0,3.02904e-11,2.60134e-06,0.02893518563,-0.01678240299,-0.7046361525,0.03649150781
2533,12.665000,-0.704060223,0.03555020224,2.920627594e-06,-1.668930054e-06,-1.668930054e-06,1.138448715e-05,0,3.04645e-11,2.60343e-06,0.02893518563,-0.01678240299,-0.7052189822,0.03631739453
2534,12.670000,-0.7043429017,0.0354583282,2.920627594e-06,-1.668930054e-06,-1.668930054e-06,1.14440918e-05,0,3.06386e-11,2.6055e-06,0.02893518563,-0.01678240299,-0.7055731666,0.03618230939
2535,12.675000,-0.7046740912,0.03563275188,2.920627594e-06,-1.668930054e-06,-1.668930054e-06,1.150369644e-05,0,3.08127e-11,2.60753e-06,0.02893518563,-0.01678240299,-0.7056915869,0.03618025105
2536,12.680000,-0.7046991438,0.03576422948,2.920627594e-06,-1.668930054e-06,-1.668930054e-06,1.156330109e-05,0,3.09868e-11,2.60955e-06,0.02893518563,-0.01678240299,-0.70556762,0.03611692033
2537,12.685000,-0.7044273652,0.03589835204,2.920627594e-06,-1.668930054e-06,-1.668930054e-06,1.162290573e-05,0,3.11609e-11,2.61154e-06,0.02893518563,-0.01678240299,-0.7051951609,0.0359604664
2538,12.690000,-0.7037998475,0.03591194563,2.920627594e-06,-1.668930054e-06,-1.668930054e-06,1.168251038e-05,0,3.13349e-11,2.6135e-06,0.02893518563,-0.01678240299,-0.7045686441,0.03611336784
2539,12.695000,-0.7030804232,0.03610874526,2.920627594e-06,-1.668930054e-06,-1.668930054e-06,1.174211502e-05,0,3.1509e-11,2.61544e-06,0.02893518563,-0.01678240299,-0.7036830634,0.03618291074
2540,12.700000,-0.7018318325,0.03599416092,2.920627594e-06,-1.668930054e-06,-1.668930054e-06,1.180171967e-05,0,3.16831e-11,2.61736e-06,0.02893518563,-0.01678240299,-0.7025339903,0.03627732619
2541,12.705000,-0.6997532435,0.03583439253,2.920627594e-06,-1.668930054e-06,-1.668930054e-06,1.186132431e-05,0,3.18572e-11,2.61925e-06,0.02893518563,-0.01678240299,-0.70111759,0.03599499193
2542,12.710000,-0.6977837272,0.03571138065,2.920627594e-06,-1.668930054e-06,-1.668930054e-06,1.192092896e-05,0,3.20313e-11,2.62112e-06,0.02893518563,-0.01678240299,-0.6994306371,0.03575043513
2543,12.715000,-0.6958899647,0.03588113002,2.920627594e-06,-1.668930054e-06,-1.668930054e-06,1.19805336e-05,0,3.22053e-11,2.62297e-06,0.02893518563,-0.01678240299,-0.6974705288,0.0355106238
2544,12.720000,-0.6938164756,0.03584277071,2.920627594e-06,-1.668930054e-06,-1.668930054e-06,1.204013824e-05,0,3.23794e-11,2.6248e-06,0.02893518563,-0.01678240299,-0.6952352961,0.03537330931
2545,12.725000,-0.6913994849,0.03585387114,2.920627594e-06,-1.668930054e-06,-1.668930054e-06,1.209974289e-05,0,3.25535e-11,2.6266e-06,0.02893518563,-0.01678240299,-0.692723614,0.03551748211
2546,12.730000,-0.6887197644,0.0359902326,2.920627594e-06,-1.668930054e-06,-1.668930054e-06,1.215934753e-05,0,3.27276e-11,2.62839e-06,0.02893518563,-0.01678240299,-0.6899348095,0.03535478123
2547,12.735000,-0.685598053,0.03598147631,2.920627594e-06,-1.668930054e-06,-1.668930054e-06,1.221895218e-05,0,3.29017e-11,2.63015e-06,0.02893518563,-0.01678240299,-0.686868868,0.03568632923
2548,12.740000,-0.6822385825,0.03600633796,2.920627594e-06,-1.668930054e-06,-1.668930054e-06,1.227855682e-05,0,3.30758e-11,2.63189e-06,0.02893518563,-0.01678240299,-0.6835264371,0.03599434846
2549,12.745000,-0.6783449352,0.03604970966,2.920627594e-06,-1.668930054e-06,-1.668930054e-06,1.233816147e-05,0,3.32498e-11,2.63361e-06,0.02893518563,-0.01678240299,-0.6799088301,0.03585254126
2550,12.750000,-0.6747678854,0.03644623328,2.920627594e-06,-1.668930054e-06,-1.668930054e-06,1.239776611e-05,0,3.34239e-11,2.63532e-06,0.02893518563,-0.01678240299,-0.676018026,0.03581056184
2551,12.755000,-0.670543883,0.03644464631,2.920627594e-06,-1.668930054e-06,-1.668930054e-06,1.245737076e-05,0,3.3598e-11,2.637e-06,0.02893518563,-0.01678240299,-0.6718566683,0.03550004096
2552,12.760000,-0.6654132456,0.03613439482,2.920627594e-06,-1.668930054e-06,-1.668930054e-06,1.25169754e-05,0,3.37721e-11,2.63866e-06,0.02893518563,-0.01678240299,-0.6674280627,0.03562662818
2553,12.765000,-0.6602829285,0.03593294695,2.920627594e-06,-1.668930054e-06,-1.668930054e-06,1.257658005e-05,0,3.39462e-11,2.64031e-06,0.02893518563,-0.01678240299,-0.6627361714,0.0353590429
2554,12.770000,-0.655361481,0.03603474889,2.920627594e-06,-1.668930054e-06,-1.668930054e-06,1.263618469e-05,0,3.41203e-11,2.64193e-06,0.02893518563,-0.01678240299,-0.657785607,0.03538724511
2555,12.775000,-0.6498789191,0.03598570358,2.920627594e-06,-1.668930054e-06,-1.668930054e-06,1.269578934e-05,0,3.42943e-11,2.64354e-06,0.02893518563,-0.01678240299,-0.6525816234,0.03565939641
2556,12.780000,-0.645142708,0.03612969443,2.920627594e-06,-1.668930054e-06,-1.668930054e-06,1.275539398e-05,0,3.44684e-11,2.64513e-06,0.02893518563,-0.01678240299,-0.6471301059,0.03577210736
2557,12.785000,-0.6387097836,0.03581988905,2.920627594e-06,-1.668930054e-06,-1.668930054e-06,1.281499863e-05,0,3.46425e-11,2.6467e-06,0.02893518563,-0.01678240299,-0.6414375588,0.03566602809
2558,12.790000,-0.6331161074,0.03589700349,2.920627594e-06,-1.668930054e-06,-1.668930054e-06,1.287460327e-05,0,3.48166e-11,2.64826e-06,0.02893518563,-0.01678240299,-0.6355110917,0.03553516531
2559,12.795000,-0.6270474643,0.03592271358,2.920627594e-06,-1.668930054e-06,-1.668930054e-06,1.293420792e-05,0,3.49907e-11,2.6498e-06,0.02893518563,-0.01678240299,-0.6293584037,0.03544739634
2560,12.800000,-0.6204593405,0.03595777974,2.920627594e-06,-1.668930054e-06,-1.668930054e-06,1.299381256e-05,0,3.51648e-11,2.65132e-06,0.02893518563,-0.01678240299,-0.6229877662,0.03544217888
2561,12.805000,-0.6134992838,0.03585528862,2.920627594e-06,-1.668930054e-06,-1.668930054e-06,1.305341721e-05,0,3.53388e-11,2.65282e-06,0.02893518563,-0.01678240299,-0.6164080043,0.03517559378
2562,12.810000,-0.6074163653,0.03625469748,2.920627594e-06,-1.668930054e-06,-1.668930054e-06,1.311302185e-05,0,3.55129e-11,2.65431e-06,0.02893518563,-0.01678240299,-0.6096284756,0.03469229289
2563,12.815000,-0.6004508771,0.03662262112,2.920627594e-06,-1.668930054e-06,-1.668930054e-06,1.31726265e-05,0,3.5687e-11,2.65578e-06,0.02893518563,-0.01678240299,-0.602659049,0.03486991544
2564,12.820000,-0.5934396088,0.03675519675,2.920627594e-06,-1.668930054e-06,-1.668930054e-06,1.323223114e-05,0,3.58611e-11,2.65724e-06,0.02893518563,-0.01678240299,-0.595510081,0.03507305934
2565,12.825000,-0.5864223838,0.03701578453,2.920627594e-06,-1.668930054e-06,-1.668930054e-06,1.329183578e-05,0,3.60352e-11,2.65868e-06,0.02893518563,-0.01678240299,-0.5881923906,0.03516600952
2566,12.830000,-0.5791571178,0.03739043418,2.920627594e-06,-1.668930054e-06,-1.668930054e-06,1.335144043e-05,0,3.62093e-11,2.66011e-06,0.02893518563,-0.01678240299,-0.5807172335,0.03539980361
2567,12.835000,-0.5714210644,0.03772941418,2.920627594e-06,-1.668930054e-06,-1.668930054e-06,1.341104507e-05,0,3.63833e-11,2.66152e-06,0.02893518563,-0.01678240299,-0.5730962745,0.0351823243
2568,12.840000,-0.5639439896,0.03782639932,2.920627594e-06,-1.668930054e-06,-1.668930054e-06,1.347064972e-05,0,3.65574e-11,2.66291e-06,0.02893518563,-0.01678240299,-0.5653415589,0.03513240514
2569,12.845000,-0.5558610819,0.03783690557,2.920627594e-06,-1.668930054e-06,-1.668930054e-06,1.353025436e-05,0,3.67315e-11,2.66429e-06,0.02893518563,-0.01678240299,-0.5574654831,0.03529140624
2570,12.850000,-0.5485588983,0.03808719106,2.920627594e-06,-1.668930054e-06,-1.668930054e-06,1.358985901e-05,0,3.69056e-11,2.66566e-06,0.02893518563,-0.01678240299,-0.5494807634,0.03515079345
2571,12.855000,-0.5406327732,0.03816206567,2.920627594e-06,-1.668930054e-06,-1.668930054e-06,1.364946365e-05,0,3.70797e-11,2.66701e-06,0.02893518563,-0.01678240299,-0.5414004049,0.03504073848
2572,12.860000,-0.5326139927,0.03817507625,2.920627594e-06,-1.668930054e-06,-1.668930054e-06,1.37090683e-05,0,3.72538e-11,2.66835e-06,0.02893518563,-0.01678240299,-0.5332376685,0.03504506316
2573,12.865000,-0.5245259218,0.0382129699,2.920627594e-06,-1.668930054e-06,-1.668930054e-06,1.376867294e-05,0,3.74278e-11,2.66967e-06,0.02893518563,-0.01678240299,-0.5250060382,0.03502886162
2574,12.870000,-0.515146181,0.03780504595,2.920627594e-06,-1.668930054e-06,-1.668930054e-06,1.382827759e-05,0,3.76019e-11,2.67099e-06,0.02893518563,-0.01678240299,-0.5167191869,0.03491855731
2575,12.875000,-0.5064110123,0.0377074955,2.920627594e-06,-1.668930054e-06,-1.668930054e-06,1.388788223e-05,0,3.7776e-11,2.67228e-06,0.02893518563,-0.01678240299,-0.5083909417,0.03483557476
2576,12.880000,-0.4988710023,0.03803003952,2.920627594e-06,-1.668930054e-06,-1.668930054e-06,1.394748688e-05,0,3.79501e-11,2.67357e-06,0.02893518563,-0.01678240299,-0.5000352498,0.034685499
2577,12.885000,-0.4908737764,0.03806319926,2.920627594e-06,-1.668930054e-06,-1.668930054e-06,1.400709152e-05,0,3.81242e-11,2.67484e-06,0.02893518563,-0.01678240299,-0.491666142,0.03445192211
2578,12.890000,-0.4824624024,0.0381595334,2.920627594e-06,-1.668930054e-06,-1.668930054e-06,1.406669617e-05,0,3.82983e-11,2.6761e-06,0.02893518563,-0.01678240299,-0.4832976984,0.03402093784
2579,12.895000,-0.4743010327,0.03806074709,2.920627594e-06,-1.668930054e-06,-1.668930054e-06,1.412630081e-05,0,3.84723e-11,2.67735e-06,0.02893518563,-0.01678240299,-0.4749440114,0.03385583176
2580,12.900000,-0.4661897868,0.03799837548,2.920627594e-06,-1.668930054e-06,-1.668930054e-06,1.418590546e-05,0,3.86464e-11,2.67858e-06,0.02893518563,-0.01678240299,-0.466619151,0.03384784555
2581,12.905000,-0.4576824643,0.03806579299,2.920627594e-06,-1.668930054e-06,-1.668930054e-06,1.42455101e-05,0,3.88205e-11,2.6798e-06,0.02893518563,-0.01678240299,-0.4583371281,0.03359753399
2582,12.910000,-0.4491662085,0.03766444698,2.920627594e-06,-1.668930054e-06,-1.668930054e-06,1.430511475e-05,0,3.89946e-11,2.68101e-06,0.02893518563,-0.01678240299,-0.4501118593,0.03359474039
2583,12.915000,-0.44107797,0.0378150912,2.920627594e-06,-1.668930054e-06,-1.668930054e-06,1.436471939e-05,0,3.91687e-11,2.68221e-06,0.02893518563,-0.01678240299,-0.4419571311,0.03323901806
2584,12.920000,-0.4333830476,0.0379063664,2.920627594e-06,-1.668930054e-06,-1.668930054e-06,1.442432404e-05,0,3.93428e-11,2.6834e-06,0.02893518563,-0.01678240299,-0.4338865651,0.03320841834
2585,12.925000,-0.4255877063,0.03799340222,2.920627594e-06,-1.668930054e-06,-1.668930054e-06,1.448392868e-05,0,3.95168e-11,2.68457e-06,0.02893518563,-0.01678240299,-0.4259135829,0.03311828325
2586,12.930000,-0.4179833457,0.03825368267,2.920627594e-06,-1.668930054e-06,-1.668930054e-06,1.454353333e-05,0,3.96909e-11,2.68573e-06,0.02893518563,-0.01678240299,-0.4180513721,0.03302370611
2587,12.935000,-0.4111132473,0.03837909084,2.920627594e-06,-1.668930054e-06,-1.668930054e-06,1.460313797e-05,0,3.9865e-11,2.68689e-06,0.02893518563,-0.01678240299,-0.4103128528,0.03312999339
2588,12.940000,-0.403905496,0.03853997402,2.920627594e-06,-1.668930054e-06,-1.668930054e-06,1.466274261e-05,0,4.00391e-11,2.68803e-06,0.02893518563,-0.01678240299,-0.4027106441,0.0334607789
2589,12.945000,-0.3966729119,0.03847246151,2.920627594e-06,-1.668930054e-06,-1.668930054e-06,1.472234726e-05,0,4.02132e-11,2.68916e-06,0.02893518563,-0.01678240299,-0.3952570327,0.03297230469
2590,12.950000,-0.3893619515,0.03823543806,2.920627594e-06,-1.668930054e-06,-1.668930054e-06,1.47819519e-05,0,4.03872e-11,2.69028e-06,0.02893518563,-0.01678240299,-0.3879639413,0.03283313046
2591,12.955000,-0.38247668,0.03810205497,2.920627594e-06,-1.668930054e-06,-1.668930054e-06,1.484155655e-05,0,4.05613e-11,2.69139e-06,0.02893518563,-0.01678240299,-0.3808428983,0.03292517406
2592,12.960000,-0.3756670542,0.03804963548,2.920627594e-06,-1.668930054e-06,-1.668930054e-06,1.490116119e-05,0,4.07354e-11,2.69248e-06,0.02893518563,-0.01678240299,-0.3739050086,0.03303915013
2593,12.965000,-0.369938273,0.03833888471,2.920627594e-06,-1.668930054e-06,-1.668930054e-06,1.496076584e-05,0,4.09095e-11,2.69357e-06,0.02893518563,-0.01678240299,-0.3671609259,0.03301935032
2594,12.970000,-0.3633253463,0.03808654752,2.920627594e-06,-1.668930054e-06,-1.668930054e-06,1.502037048e-05,0,4.10836e-11,2.69465e-06,0.02893518563,-0.01678240299,-0.3606208253,0.03274041555
2595,12.975000,-0.3565524705,0.03790996317,2.920627594e-06,-1.668930054e-06,-1.668930054e-06,1.507997513e-05,0,4.12577e-11,2.69572e-06,0.02893518563,-0.01678240299,-0.354294378,0.03275220867
2596,12.980000,-0.3511859961,0.03823661618,2.920627594e-06,-1.668930054e-06,-1.668930054e-06,1.513957977e-05,0,4.14317e-11,2.69678e-06,0.02893518563,-0.01678240299,-0.3481907271,0.03293660904
2597,12.985000,-0.3455841877,0.03838571906,2.920627594e-06,-1.668930054e-06,-1.668930054e-06,1.519918442e-05,0,4.16058e-11,2.69783e-06,0.02893518563,-0.01678240299,-0.3423184648,0.03296842773
2598,12.990000,-0.3401874118,0.0382660022,2.920627594e-06,-1.668930054e-06,-1.668930054e-06,1.525878906e-05,0,4.17799e-11,2.69886e-06,0.02893518563,-0.01678240299,-0.3366856112,0.03267167821
2599,12.995000,-0.3350155093,0.03814838734,2.920627594e-06,-1.668930054e-06,-1.668930054e-06,1.531839371e-05,0,4.1954e-11,2.69989e-06,0.02893518563,-0.01678240299,-0.3312995942,0.0325497921
2600,13.000000,-0.3296131343,0.03787207883,2.920627594e-06,-1.668930054e-06,-1.668930054e-06,1.537799835e-05,0,4.21281e-11,2.70091e-06,0.02893518563,-0.01678240299,-0.326167232,0.03259590265
2601,13.005000,-0.3251102678,0.03794175945,2.920627594e-06,-1.668930054e-06,-1.668930054e-06,1.5437603e-05,0,4.23022e-11,2.70192e-06,0.02893518563,-0.01678240299,-0.321294716,0.03284601267
2602,13.010000,-0.3202372305,0.03772321064,2.920627594e-06,-1.668930054e-06,-1.668930054e-06,1.549720764e-05,0,4.24762e-11,2.70293e-06,0.02893518563,-0.01678240299,-0.3166875964,0.03279212953
2603,13.015000,-0.3157334402,0.03759940155,2.920627594e-06,-1.668930054e-06,-1.668930054e-06,1.555681229e-05,0,4.26503e-11,2.70392e-06,0.02893518563,-0.01678240299,-0.3123507691,0.03278769979
2604,13.020000,-0.31152004,0.03731257934,2.920627594e-06,-1.668930054e-06,-1.668930054e-06,1.561641693e-05,0,4.28244e-11,2.7049e-06,0.02893518563,-0.01678240299,-0.3082884644,0.03243863179
2605,13.025000,-0.3083743453,0.03741151188,2.920627594e-06,-1.668930054e-06,-1.668930054e-06,1.567602158e-05,0,4.29985e-11,2.70588e-06,0.02893518563,-0.01678240299,-0.3045042374,0.03232699465
2606,13.030000,-0.3049522564,0.03731250484,2.920627594e-06,-1.668930054e-06,-1.668930054e-06,1.573562622e-05,0,4.31726e-11,2.70684e-06,0.02893518563,-0.01678240299,-0.3010009608,0.03210628547
2607,13.035000,-0.301910013,0.03717825934,2.920627594e-06,-1.668930054e-06,-1.668930054e-06,1.579523087e-05,0,4.33467e-11,2.7078e-06,0.02893518563,-0.01678240299,-0.2977808187,0.03177044338
2608,13.040000,-0.2986010872,0.03694498725,2.920627594e-06,-1.668930054e-06,-1.668930054e-06,1.585483551e-05,0,4.35207e-11,2.70875e-06,0.02893518563,-0.01678240299,-0.294845303,0.03167170787
2609,13.045000,-0.2958698496,0.03682871442,2.920627594e-06,-1.668930054e-06,-1.668930054e-06,1.591444016e-05,0,4.36948e-11,2.70969e-06,0.02893518563,-0.01678240299,-0.2921952114,0.03179279464
2610,13.050000,-0.2932904735,0.03654062934,2.920627594e-06,-1.668930054e-06,-1.668930054e-06,1.59740448e-05,0,4.38689e-11,2.71063e-06,0.02893518563,-0.01678240299,-0.2898306469,0.03175082599
2611,13.055000,-0.2907440439,0.03635166865,2.920627594e-06,-1.668930054e-06,-1.668930054e-06,1.603364944e-05,0,4.4043e-11,2.71155e-06,0.02893518563,-0.01678240299,-0.2877510201,0.03184684053
2612,13.060000,-0.2886036076,0.03606254794,2.920627594e-06,-1.668930054e-06,-1.668930054e-06,1.609325409e-05,0,4.42171e-11,2.71247e-06,0.02893518563,-0.01678240299,-0.2859550525,0.03207371816
2613,13.065000,-0.2869914062,0.03589722607,2.920627594e-06,-1.668930054e-06,-1.668930054e-06,1.615285873e-05,0,4.43912e-11,2.71338e-06,0.02893518563,-0.01678240299,-0.2844407821,0.03219096252
2614,13.070000,-0.2858041264,0.03576860949,2.920627594e-06,-1.668930054e-06,-1.668930054e-06,1.621246338e-05,0,4.45652e-11,2.71428e-06,0.02893518563,-0.01678240299,-0.2832055706,0.03185782622
2615,13.075000,-0.2840282023,0.03536860179,2.920627594e-06,-1.668930054e-06,-1.668930054e-06,1.627206802e-05,0,4.47393e-11,2.71517e-06,0.02893518563,-0.01678240299,-0.282246113,0.03190742865
2616,13.080000,-0.2839982174,0.03560544457,2.920627594e-06,-1.668930054e-06,-1.668930054e-06,1.633167267e-05,0,4.49134e-11,2.71606e-06,0.02893518563,-0.01678240299,-0.2815584481,0.03163471526
2617,13.085000,-0.2834687419,0.03553110175,2.920627594e-06,-1.668930054e-06,-1.668930054e-06,1.639127731e-05,0,4.50875e-11,2.71694e-06,0.02893518563,-0.01678240299,-0.2811379715,0.0320975301
2618,13.090000,-0.2833663076,0.03541120607,2.920627594e-06,-1.668930054e-06,-1.668930054e-06,1.645088196e-05,0,4.52616e-11,2.71781e-06,0.02893518563,-0.01678240299,-0.2809794503,0.03190651288
2619,13.095000,-0.2838498205,0.03543845285,2.920627594e-06,-1.668930054e-06,-1.668930054e-06,1.65104866e-05,0,4.54357e-11,2.71867e-06,0.02893518563,-0.01678240299,-0.2810770388,0.03162323003
2620,13.100000,-0.2846404873,0.03540764097,2.920627594e-06,-1.668930054e-06,-1.668930054e-06,1.657009125e-05,0,4.56097e-11,2.71953e-06,0.02893518563,-0.01678240299,-0.2814242968,0.03111079633
2621,13.105000,-0.285297472,0.03531234246,2.920627594e-06,-1.668930054e-06,-1.668930054e-06,1.662969589e-05,0,4.57838e-11,2.72038e-06,0.02893518563,-0.01678240299,-0.2820142086,0.03114503686
2622,13.110000,-0.2858170681,0.03508432116,2.920627594e-06,-1.668930054e-06,-1.668930054e-06,1.668930054e-05,0,4.59579e-11,2.72122e-06,0.02893518563,-0.01678240299,-0.2828392043,0.03109424637
2623,13.115000,-0.2870730907,0.03513728641,2.920627594e-06,-1.668930054e-06,-1.668930054e-06,1.674890518e-05,0,4.6132e-11,2.72206e-06,0.02893518563,-0.01678240299,-0.2838911822,0.0315089841
2624,13.120000,-0.288346108,0.03497729357,2.920627594e-06,-1.668930054e-06,-1.668930054e-06,1.680850983e-05,0,4.63061e-11,2.72289e-06,0.02893518563,-0.01678240299,-0.2851615325,0.03153313813
2625,13.125000,-0.2898882255,0.03504781332,2.920627594e-06,-1.668930054e-06,-1.668930054e-06,1.686811447e-05,0,4.64802e-11,2.72371e-06,0.02893518563,-0.01678240299,-0.2866411626,0.03162822349
2626,13.130000,-0.2919204347,0.035210317,2.920627594e-06,-1.668930054e-06,-1.668930054e-06,1.692771912e-05,0,4.66542e-11,2.72452e-06,0.02893518563,-0.01678240299,-0.2883205236,0.03140106674
2627,13.135000,-0.2942028604,0.03532565851,2.920627594e-06,-1.668930054e-06,-1.668930054e-06,1.698732376e-05,0,4.68283e-11,2.72533e-06,0.02893518563,-0.01678240299,-0.2901896379,0.03156287309
2628,13.140000,-0.2967549674,0.03555255104,2.920627594e-06,-1.668930054e-06,-1.668930054e-06,1.704692841e-05,0,4.70024e-11,2.72613e-06,0.02893518563,-0.01678240299,-0.2922381281,0.03137497151
2629,13.145000,-0.2996980995,0.03574753366,2.920627594e-06,-1.668930054e-06,-1.668930054e-06,1.710653305e-05,0,4.71765e-11,2.72693e-06,0.02893518563,-0.01678240299,-0.2944552468,0.03110917749
2630,13.150000,-0.3022236824,0.03576679435,2.920627594e-06,-1.668930054e-06,-1.668930054e-06,1.71661377e-05,0,4.73506e-11,2.72772e-06,0.02893518563,-0.01678240299,-0.2968299075,0.03104228152
2631,13.155000,-0.3044107147,0.03558653034,2.920627594e-06,-1.668930054e-06,-1.668930054e-06,1.722574234e-05,0,4.75247e-11,2.7285e-06,0.02893518563,-0.01678240299,-0.2993507159,0.03105832585
2632,13.160000,-0.307405401,0.03557040635,2.920627594e-06,-1.668930054e-06,-1.668930054e-06,1.728534698e-05,0,4.76987e-11,2.72928e-06,0.02893518563,-0.01678240299,-0.3020060028,0.03178119829
2633,13.165000,-0.3096163683,0.03532498144,2.920627594e-06,-1.668930054e-06,-1.668930054e-06,1.734495163e-05,0,4.78728e-11,2.73005e-06,0.02893518563,-0.01678240299,-0.304783857,0.03171694582
2634,13.170000,-0.3130528741,0.03540001903,2.920627594e-06,-1.668930054e-06,-1.668930054e-06,1.740455627e-05,0,4.80469e-11,2.73081e-06,0.02893518563,-0.01678240299,-0.307672159,0.03161516701
2635,13.175000,-0.3152862713,0.0350239519,2.920627594e-06,-1.668930054e-06,-1.668930054e-06,1.746416092e-05,0,4.8221e-11,2.73157e-06,0.02893518563,-0.01678240299,-0.3106586152,0.03160931695
2636,13.180000,-0.3179958872,0.03492630739,2.920627594e-06,-1.668930054e-06,-1.668930054e-06,1.752376556e-05,0,4.83951e-11,2.73232e-06,0.02893518563,-0.01678240299,-0.3137307928,0.03163798625
2637,13.185000,-0.3209047131,0.03481866047,2.920627594e-06,-1.668930054e-06,-1.668930054e-06,1.758337021e-05,0,4.85691e-11,2.73307e-06,0.02893518563,-0.01678240299,-0.3168761542,0.03170461581
2638,13.190000,-0.3237911351,0.03455083724,2.920627594e-06,-1.668930054e-06,-1.668930054e-06,1.764297485e-05,0,4.87432e-11,2.73381e-06,0.02893518563,-0.01678240299,-0.3200820927,0.03203767314
2639,13.195000,-0.3270729855,0.034565771,2.920627594e-06,-1.668930054e-06,-1.668930054e-06,1.77025795e-05,0,4.89173e-11,2.73454e-06,0.02893518563,-0.01678240299,-0.3233359672,0.03219027995
2640,13.200000,-0.3302765787,0.03467634413,2.920627594e-06,-1.668930054e-06,-1.668930054e-06,1.776218414e-05,0,4.90914e-11,2.73527e-06,0.02893518563,-0.01678240299,-0.3266251377,0.03256595463
2641,13.205000,-0.3340921998,0.0348715242,2.920627594e-06,-1.668930054e-06,-1.668930054e-06,1.782178879e-05,0,4.92655e-11,2.736e-06,0.02893518563,-0.01678240299,-0.3299370005,0.03260434427
2642,13.210000,-0.3373261541,0.03492945526,2.920627594e-06,-1.668930054e-06,-1.668930054e-06,1.788139343e-05,0,4.94396e-11,2.73671e-06,0.02893518563,-0.01678240299,-0.3332590229,0.03280292532
2643,13.215000,-0.3401721418,0.03479273524,2.920627594e-06,-1.668930054e-06,-1.668930054e-06,1.794099808e-05,0,4.96136e-11,2.73743e-06,0.02893518563,-0.01678240299,-0.3365787781,0.03259813558
2644,13.220000,-0.3431466557,0.03477727994,2.920627594e-06,-1.728534698e-06,-1.728534698e-06,1.794099808e-05,0,4.94111e-11,2.72428e-06,0.02893518563,-0.01736110449,-0.3398839792,0.0329516984
2645,13.225000,-0.3470450193,0.03502732143,2.920627594e-06,-1.788139343e-06,-1.788139343e-06,1.794099808e-05,0,4.92015e-11,2.71069e-06,0.02893518563,-0.01793982089,-0.3431625133,0.03304619102
2646,13.230000,-0.3496814333,0.03494534176,2.920627594e-06,-1.847743988e-06,-1.847743988e-06,1.794099808e-05,0,4.89848e-11,2.69667e-06,0.02893518563,-0.01851852238,-0.3464024743,0.03316530108
2647,13.235000,-0.3523668014,0.03492423147,2.920627594e-06,-1.907348633e-06,-1.907348633e-06,1.794099808e-05,0,4.8761e-11,2.68221e-06,0.02893518563,-0.01909722388,-0.3495921957,0.03379477541
2648,13.240000,-0.3553460911,0.03459253721,2.920627594e-06,-1.966953278e-06,-1.966953278e-06,1.794099808e-05,0,4.85301e-11,2.66732e-06,0.02893518563,-0.01967592537,-0.3527202821,0.03348423838
2649,13.245000,-0.3585461378,0.03462133184,2.920627594e-06,-2.026557922e-06,-2.026557922e-06,1.794099808e-05,0,4.8292e-11,2.65201e-06,0.02893518563,-0.02025462687,-0.3557756405,0.03371170695
2650,13.250000,-0.3613272645,0.03431408573,2.920627594e-06,-2.086162567e-06,-2.086162567e-06,1.794099808e-05,0,4.80469e-11,2.63627e-06,0.02893518563,-0.02083332837,-0.3587475099,0.03366515181
2651,13.255000,-0.3644726537,0.03470854834,2.920627594e-06,-2.145767212e-06,-2.145767212e-06,1.794099808e-05,0,4.77947e-11,2.6201e-06,0.02893518563,-0.02141202986,-0.3616254902,0.033627355
2652,13.260000,-0.3672679514,0.03456873447,2.920627594e-06,-2.205371857e-06,-2.205371857e-06,1.794099808e-05,0,4.75353e-11,2.60352e-06,0.02893518563,-0.02199074626,-0.3643995703,0.03383384413
2653,13.265000,-0.3703996763,0.03463561647,2.920627594e-06,-2.264976501e-06,-2.264976501e-06,1.794099808e-05,0,4.72689e-11,2.58652e-06,0.02893518563,-0.02256944776,-0.3670601545,0.0337875462
2654,13.270000,-0.3722546697,0.03417036589,2.920627594e-06,-2.324581146e-06,-2.324581146e-06,1.794099808e-05,0,4.69953e-11,2.5691e-06,0.02893518563,-0.02314814925,-0.3695980882,0.03383787758
2655,13.275000,-0.3747629598,0.03425068595,2.920627594e-06,-2.384185791e-06,-2.384185791e-06,1.794099808e-05,0,4.67146e-11,2.55127e-06,0.02893518563,-0.02372685075,-0.3720046813,0.0335215163
2656,13.280000,-0.3765931986,0.03386333771,2.920627594e-06,-2.443790436e-06,-2.443790436e-06,1.794099808e-05,0,4.64269e-11,2.53303e-06,0.02893518563,-0.02430555224,-0.3742717317,0.03358424175
2657,13.285000,-0.3786817417,0.03377773706,2.920627594e-06,-2.503395081e-06,-2.503395081e-06,1.794099808e-05,0,4.6132e-11,2.51438e-06,0.02893518563,-0.02488425374,-0.3763915459,0.03356485983
2658,13.290000,-0.3809198067,0.03371149488,2.920627594e-06,-2.562999725e-06,-2.562999725e-06,1.794099808e-05,0,4.583e-11,2.49533e-06,0.02893518563,-0.02546297014,-0.3783569588,0.0332042342
2659,13.295000,-0.3825829513,0.03353065904,2.920627594e-06,-2.62260437e-06,-2.62260437e-06,1.794099808e-05,0,4.55209e-11,2.47588e-06,0.02893518563,-0.02604167163,-0.3801613521,0.03345311605
2660,13.300000,-0.3842640147,0.03355601802,2.920627594e-06,-2.682209015e-06,-2.682209015e-06,1.794099808e-05,0,4.52047e-11,2.45603e-06,0.02893518563,-0.02662037313,-0.3817986705,0.03309932916
2661,13.305000,-0.3858528771,0.03377845511,2.920627594e-06,-2.74181366e-06,-2.74181366e-06,1.794099808e-05,0,4.48814e-11,2.43579e-06,0.02893518563,-0.02719907463,-0.3832634364,0.03304426336
2662,13.310000,-0.3866677433,0.03345819004,2.920627594e-06,-2.801418304e-06,-2.801418304e-06,1.794099808e-05,0,4.4551e-11,2.41515e-06,0.02893518563,-0.02777777612,-0.3845507636,0.03360625187
2663,13.315000,-0.3871660605,0.0331334807,2.920627594e-06,-2.861022949e-06,-2.861022949e-06,1.794099808e-05,0,4.42135e-11,2.39413e-06,0.02893518563,-0.02835647762,-0.3856563681,0.03371947227
2664,13.320000,-0.3878002949,0.03308100067,2.920627594e-06,-2.920627594e-06,-2.920627594e-06,1.794099808e-05,0,4.38689e-11,2.37271e-06,0.02893518563,-0.02893517911,-0.3865765781,0.03347332916
2665,13.325000,-0.3886137828,0.03317314945,2.920627594e-06,-2.980232239e-06,-2.980232239e-06,1.782178879e-05,0,4.3169e-11,2.34669e-06,0.02893518563,-0.02951389551,-0.3873083415,0.03320592854
2666,13.330000,-0.3887399361,0.0331613142,2.920627594e-06,-2.980232239e-06,-2.980232239e-06,1.77025795e-05,0,4.28209e-11,2.34239e-06,0.02893518563,-0.02951389551,-0.3878492323,0.03301419837
2667,13.335000,-0.3892042153,0.03316811845,2.920627594e-06,-2.980232239e-06,-2.980232239e-06,1.758337021e-05,0,4.24727e-11,2.33804e-06,0.02893518563,-0.02951389551,-0.3881974543,0.03320558779
2668,13.340000,-0.3890513256,0.03272212669,2.920627594e-06,-2.980232239e-06,-2.980232239e-06,1.746416092e-05,0,4.21245e-11,2.33362e-06,0.02893518563,-0.02951389551,-0.3883518438,0.03306074319
2669,13.345000,-0.3887807019,0.03242549393,2.920627594e-06,-2.980232239e-06,-2.980232239e-06,1.734495163e-05,0,4.17764e-11,2.32913e-06,0.02893518563,-0.02951389551,-0.3883118702,0.03290634884
2670,13.350000,-0.3887926899,0.03231230378,2.920627594e-06,-2.980232239e-06,-2.980232239e-06,1.722574234e-05,0,4.14282e-11,2.32458e-06,0.02893518563,-0.02951389551,-0.388077634,0.03266830753
2671,13.355000,-0.3881818913,0.03227449954,2.920627594e-06,-2.980232239e-06,-2.980232239e-06,1.710653305e-05,0,4.108e-11,2.31996e-06,0.02893518563,-0.02951389551,-0.3876498645,0.03265933995
2672,13.360000,-0.3878271431,0.03257150482,2.920627594e-06,-2.980232239e-06,-2.980232239e-06,1.698732376e-05,0,4.07319e-11,2.31527e-06,0.02893518563,-0.02951389551,-0.387029914,0.03241978512
2673,13.365000,-0.3866885081,0.03233043384,2.920627594e-06,-2.980232239e-06,-2.980232239e-06,1.686811447e-05,0,4.03837e-11,2.31051e-06,0.02893518563,-0.02951389551,-0.3862197515,0.03257050916
2674,13.370000,-0.385733813,0.03233162779,2.920627594e-06,-2.980232239e-06,-2.980232239e-06,1.674890518e-05,0,4.00355e-11,2.30568e-06,0.02893518563,-0.02951389551,-0.3852219538,0.03226580949
2675,13.375000,-0.3844786361,0.03237850312,2.920627594e-06,-2.980232239e-06,-2.980232239e-06,1.662969589e-05,0,3.96874e-11,2.30078e-06,0.02893518563,-0.02951389551,-0.3840396952,0.03256096498
2676,13.380000,-0.3829358779,0.0322435433,2.920627594e-06,-2.980232239e-06,-2.980232239e-06,1.65104866e-05,0,3.93392e-11,2.2958e-06,0.02893518563,-0.02951389551,-0.3826767356,0.03257450456
2677,13.385000,-0.3815279715,0.03238894511,2.920627594e-06,-2.980232239e-06,-2.980232239e-06,1.639127731e-05,0,3.8991e-11,2.29074e-06,0.02893518563,-0.02951389551,-0.3811374064,0.03262968157
2678,13.390000,-0.3793942742,0.03233779594,2.920627594e-06,-2.980232239e-06,-2.980232239e-06,1.627206802e-05,0,3.86429e-11,2.2856e-06,0.02893518563,-0.02951389551,-0.3794265952,0.03269299931
2679,13.395000,-0.376744844,0.03157429025,2.920627594e-06,-2.980232239e-06,-2.980232239e-06,1.615285873e-05,0,3.82947e-11,2.28038e-06,0.02893518563,-0.02951389551,-0.377549729,0.03271810727
2680,13.400000,-0.3745299689,0.03163238987,2.920627594e-06,-2.980232239e-06,-2.980232239e-06,1.603364944e-05,0,3.79465e-11,2.27508e-06,0.02893518563,-0.02951389551,-0.375512755,0.03273639441
2681,13.405000,-0.3721009009,0.03150936868,2.920627594e-06,-2.980232239e-06,-2.980232239e-06,1.591444016e-05,0,3.75984e-11,2.2697e-06,0.02893518563,-0.02951389551,-0.3733221213,0.03283479957
2682,13.410000,-0.3694157749,0.03130441159,2.920627594e-06,-2.980232239e-06,-2.980232239e-06,1.579523087e-05,0,3.72502e-11,2.26423e-06,0.02893518563,-0.02951389551,-0.3709847546,0.03320704672
2683,13.415000,-0.3664250411,0.0308859786,2.920627594e-06,-2.980232239e-06,-2.980232239e-06,1.567602158e-05,0,3.6902e-11,2.25867e-06,0.02893518563,-0.02951389551,-0.3685080381,0.03340981827
2684,13.420000,-0.3643867485,0.0313495975,2.920627594e-06,-2.980232239e-06,-2.980232239e-06,1.555681229e-05,0,3.65539e-11,2.25301e-06,0.02893518563,-0.02951389551,-0.3658997864,0.03343330421
2685,13.425000,-0.3619427495,0.03155554924,2.920627594e-06,-2.980232239e-06,-2.980232239e-06,1.5437603e-05,0,3.62057e-11,2.24727e-06,0.02893518563,-0.02951389551,-0.3631682209,0.03316699403
2686,13.430000,-0.3590954691,0.03196028247,2.920627594e-06,-2.980232239e-06,-2.980232239e-06,1.531839371e-05,0,3.58575e-11,2.24143e-06,0.02893518563,-0.02951389551,-0.3603219428,0.03338246408
2687,13.435000,-0.3560153469,0.03168785106,2.920627594e-06,-2.980232239e-06,-2.980232239e-06,1.519918442e-05,0,3.55094e-11,2.2355e-06,0.02893518563,-0.02951389551,-0.3573699054,0.03291445671
2688,13.440000,-0.3532788716,0.03199292161,2.920627594e-06,-2.980232239e-06,-2.980232239e-06,1.507997513e-05,0,3.51612e-11,2.22947e-06,0.02893518563,-0.02951389551,-0.3543213855,0.03289459875
2689,13.445000,-0.3501831517,0.03192402702,2.920627594e-06,-2.980232239e-06,-2.980232239e-06,1.496076584e-05,0,3.4813e-11,2.22333e-06,0.02893518563,-0.02951389551,-0.351185954,0.03273295157
2690,13.450000,-0.3474717662,0.03234416153,2.920627594e-06,-2.980232239e-06,-2.980232239e-06,1.484155655e-05,0,3.44649e-11,2.21709e-06,0.02893518563,-0.02951389551,-0.3479734452,0.03316106584
2691,13.455000,-0.344279062,0.03251933306,2.920627594e-06,-2.980232239e-06,-2.980232239e-06,1.472234726e-05,0,3.41167e-11,2.21074e-06,0.02893518563,-0.02951389551,-0.3446939258,0.03339559475
2692,13.460000,-0.340725448,0.03246905096,2.920627594e-06,-2.980232239e-06,-2.980232239e-06,1.460313797e-05,0,3.37685e-11,2.20429e-06,0.02893518563,-0.02951389551,-0.3413576632,0.03339697558
2693,13.465000,-0.3379789628,0.03291735519,2.920627594e-06,-2.980232239e-06,-2.980232239e-06,1.448392868e-05,0,3.34204e-11,2.19772e-06,0.02893518563,-0.02951389551,-0.3379750929,0.03331945047
2694,13.470000,-0.3345762566,0.033043704,2.920627594e-06,-2.980232239e-06,-2.980232239e-06,1.436471939e-05,0,3.30722e-11,2.19104e-06,0.02893518563,-0.02951389551,-0.334556786,0.03353687658
2695,13.475000,-0.3311331384,0.0333677195,2.920627594e-06,-2.980232239e-06,-2.980232239e-06,1.42455101e-05,0,3.2724e-11,2.18424e-06,0.02893518563,-0.02951389551,-0.3311134158,0.03337470171
2696,13.480000,-0.3279890306,0.03357419278,2.920627594e-06,-2.980232239e-06,-2.980232239e-06,1.412630081e-05,0,3.23759e-11,2.17732e-06,0.02893518563,-0.02951389551,-0.3276557245,0.03329980615
2697,13.485000,-0.3238297813,0.03330351599,2.920627594e-06,-2.980232239e-06,-2.980232239e-06,1.400709152e-05,0,3.20277e-11,2.17028e-06,0.02893518563,-0.02951389551,-0.3241944894,0.03305227353
2698,13.490000,-0.3201012462,0.03294042684,2.920627594e-06,-2.980232239e-06,-2.980232239e-06,1.388788223e-05,0,3.16795e-11,2.1631e-06,0.02893518563,-0.02951389551,-0.3207404896,0.03305061279
2699,13.495000,-0.3164713196,0.0326303402,2.920627594e-06,-2.980232239e-06,-2.980232239e-06,1.376867294e-05,0,3.13314e-11,2.1558e-06,0.02893518563,-0.02951389551,-0.3173044718,0.03270121967
2700,13.500000,-0.313214913,0.03278722987,2.920627594e-06,-2.980232239e-06,-2.980232239e-06,1.364946365e-05,0,3.09832e-11,2.14837e-06,0.02893518563,-0.02951389551,-0.3138971176,0.03228666153
2701,13.505000,-0.309332706,0.03237656131,2.920627594e-06,-2.980232239e-06,-2.980232239e-06,1.353025436e-05,0,3.06351e-11,2.1408e-06,0.02893518563,-0.02951389551,-0.3105290092,0.0321533829
2702,13.510000,-0.3063855432,0.032283457,2.920627594e-06,-2.980232239e-06,-2.980232239e-06,1.341104507e-05,0,3.02869e-11,2.13309e-06,0.02893518563,-0.02951389551,-0.3072105974,0.03223375339
2703,13.515000,-0.3031191789,0.0322993109,2.920627594e-06,-2.980232239e-06,-2.980232239e-06,1.329183578e-05,0,2.99387e-11,2.12524e-06,0.02893518563,-0.02951389551,-0.3039521683,0.03240923693
2704,13.520000,-0.3001691252,0.0321742706,2.920627594e-06,-2.980232239e-06,-2.980232239e-06,1.31726265e-05,0,2.95906e-11,2.11724e-06,0.02893518563,-0.02951389551,-0.3007638117,0.03246486639
2705,13.525000,-0.296779234,0.03193410859,2.920627594e-06,-2.980232239e-06,-2.980232239e-06,1.305341721e-05,0,2.92424e-11,2.10909e-06,0.02893518563,-0.02951389551,-0.2976553894,0.03265576759
2706,13.530000,-0.2931889221,0.03167873062,2.920627594e-06,-2.980232239e-06,-2.980232239e-06,1.293420792e-05,0,2.88942e-11,2.10078e-06,0.02893518563,-0.02951389551,-0.2946365048,0.0327303776
2707,13.535000,-0.2900053486,0.03133589961,2.920627594e-06,-2.980232239e-06,-2.980232239e-06,1.281499863e-05,0,2.85461e-11,2.09231e-06,0.02893518563,-0.02951389551,-0.2917164725,0.03269951534
2708,13.540000,-0.2870829217,0.03122770227,2.920627594e-06,-2.980232239e-06,-2.980232239e-06,1.269578934e-05,0,2.81979e-11,2.08368e-06,0.02893518563,-0.02951389551,-0.2889042896,0.03276271531
2709,13.545000,-0.2839448377,0.03112249449,2.920627594e-06,-2.980232239e-06,-2.980232239e-06,1.257658005e-05,0,2.78497e-11,2.07488e-06,0.02893518563,-0.02951389551,-0.2862086074,0.03233098803
2710,13.550000,-0.2816227227,0.03132499754,2.920627594e-06,-2.980232239e-06,-2.980232239e-06,1.245737076e-05,0,2.75016e-11,2.06591e-06,0.02893518563,-0.02951389551,-0.2836377045,0.03248839142
2711,13.555000,-0.2794314213,0.0314663304,2.920627594e-06,-2.980232239e-06,-2.980232239e-06,1.233816147e-05,0,2.71534e-11,2.05676e-06,0.02893518563,-0.02951389551,-0.2811994606,0.03266413916
2712,13.560000,-0.2768365368,0.03127392754,2.920627594e-06,-2.980232239e-06,-2.980232239e-06,1.221895218e-05,0,2.68052e-11,2.04743e-06,0.02893518563,-0.02951389551,-0.2789013319,0.03260705565
2713,13.565000,-0.2745902725,0.03106343001,2.920627594e-06,-2.980232239e-06,-2.980232239e-06,1.209974289e-05,0,2.64571e-11,2.03791e-06,0.02893518563,-0.02951389551,-0.2767503276,0.03240876955
2714,13.570000,-0.2723182999,0.03089139145,2.920627594e-06,-2.980232239e-06,-2.980232239e-06,1.19805336e-05,0,2.61089e-11,2.0282e-06,0.02893518563,-0.02951389551,-0.2747529877,0.03294101743
2715,13.575000,-0.2711650729,0.03132784925,2.920627594e-06,-2.980232239e-06,-2.980232239e-06,1.186132431e-05,0,2.57607e-11,2.01829e-06,0.02893518563,-0.02951389551,-0.2729153624,0.03278614144
2716,13.580000,-0.2693867832,0.03124833573,2.920627594e-06,-2.980232239e-06,-2.980232239e-06,1.174211502e-05,0,2.54126e-11,2.00817e-06,0.02893518563,-0.02951389551,-0.2712429925,0.03263981165
2717,13.585000,-0.2681254558,0.03147152811,2.920627594e-06,-2.980232239e-06,-2.980232239e-06,1.162290573e-05,0,2.50644e-11,1.99785e-06,0.02893518563,-0.02951389551,-0.2697408922,0.0328147452
2718,13.590000,-0.267528899,0.03144664224,2.920627594e-06,-2.980232239e-06,-2.980232239e-06,1.150369644e-05,0,2.47162e-11,1.98731e-06,0.02893518563,-0.02951389551,-0.2684135322,0.03304270969
2719,13.595000,-0.2667156756,0.03172697779,2.920627594e-06,-2.980232239e-06,-2.980232239e-06,1.138448715e-05,0,2.43681e-11,1.97655e-06,0.02893518563,-0.02951389551,-0.2672648258,0.03322331225
2720,13.600000,-0.2655337714,0.0319422204,2.920627594e-06,-2.980232239e-06,-2.980232239e-06,1.126527786e-05,0,2.40199e-11,1.96557e-06,0.02893518563,-0.02951389551,-0.2662981154,0.03312596047
2721,13.605000,-0.2646852769,0.03201795369,2.920627594e-06,-2.980232239e-06,-2.980232239e-06,1.114606857e-05,0,2.36717e-11,1.95435e-06,0.02893518563,-0.02951389551,-0.2655161619,0.03310790784
2722,13.610000,-0.2638034448,0.03170068935,2.920627594e-06,-2.980232239e-06,-2.980232239e-06,1.102685928e-05,0,2.33236e-11,1.94289e-06,0.02893518563,-0.02951389551,-0.2649211346,0.03323663551
2723,13.615000,-0.2630949356,0.03154480085,2.920627594e-06,-2.980232239e-06,-2.980232239e-06,1.090764999e-05,0,2.29754e-11,1.93118e-06,0.02893518563,-0.02951389551,-0.2645146041,0.03319310381
2724,13.620000,-0.263920527,0.03216334153,2.920627594e-06,-2.980232239e-06,-2.980232239e-06,1.07884407e-05,0,2.26272e-11,1.91921e-06,0.02893518563,-0.02951389551,-0.2642975358,0.03310009546
2725,13.625000,-0.2639446072,0.03246341739,2.920627594e-06,-2.980232239e-06,-2.980232239e-06,1.066923141e-05,0,2.22791e-11,1.90699e-06,0.02893518563,-0.02951389551,-0.2642702862,0.03301842966
2726,13.630000,-0.2643129826,0.03230614308,2.920627594e-06,-2.980232239e-06,-2.980232239e-06,1.055002213e-05,0,2.19309e-11,1.89449e-06,0.02893518563,-0.02951389551,-0.2644326006,0.03335306365
2727,13.635000,-0.2645659,0.0322054904,2.920627594e-06,-2.980232239e-06,-2.980232239e-06,1.043081284e-05,0,2.15827e-11,1.88171e-06,0.02893518563,-0.02951389551,-0.2647836122,0.03369059364
2728,13.640000,-0.2656070441,0.03247443959,2.920627594e-06,-2.980232239e-06,-2.980232239e-06,1.031160355e-05,0,2.12346e-11,1.86865e-06,0.02893518563,-0.02951389551,-0.265321844,0.03349109815
2729,13.645000,-0.266365923,0.03223824874,2.920627594e-06,-2.980232239e-06,-2.980232239e-06,1.019239426e-05,0,2.08864e-11,1.85529e-06,0.02893518563,-0.02951389551,-0.2660452114,0.03352241895
2730,13.650000,-0.267581746,0.03244083468,2.920627594e-06,-2.980232239e-06,-2.980232239e-06,1.007318497e-05,0,2.05382e-11,1.84163e-06,0.02893518563,-0.02951389551,-0.2669510279,0.03347604668
2731,13.655000,-0.2689782716,0.03254770767,2.920627594e-06,-2.980232239e-06,-2.980232239e-06,9.953975677e-06,0,2.01901e-11,1.82766e-06,0.02893518563,-0.02951389551,-0.268036011,0.03337421297
2732,13.660000,-0.2694396004,0.0319656739,2.920627594e-06,-2.980232239e-06,-2.980232239e-06,9.834766388e-06,0,1.98419e-11,1.81337e-06,0.02893518563,-0.02951389551,-0.2692962917,0.03353295129
2733,13.665000,-0.2705067582,0.03192370385,2.920627594e-06,-2.980232239e-06,-2.980232239e-06,9.715557098e-06,0,1.94937e-11,1.79874e-06,0.02893518563,-0.02951389551,-0.270727424,0.03340659624
2734,13.670000,-0.27260473,0.03219562955,2.920627594e-06,-2.980232239e-06,-2.980232239e-06,9.596347809e-06,0,1.91456e-11,1.78377e-06,0.02893518563,-0.02951389551,-0.2723243977,0.03320514285
2735,13.675000,-0.2742371671,0.03208952397,2.920627594e-06,-2.980232239e-06,-2.980232239e-06,9.477138519e-06,0,1.87974e-11,1.76845e-06,0.02893518563,-0.02951389551,-0.2740816516,0.03350547477
2736,13.680000,-0.2755954117,0.03142995667,2.920627594e-06,-2.980232239e-06,-2.980232239e-06,9.35792923e-06,0,1.84492e-11,1.75277e-06,0.02893518563,-0.02951389551,-0.275993089,0.03342153794
2737,13.685000,-0.2775240391,0.0311328508,2.920627594e-06,-2.980232239e-06,-2.980232239e-06,9.23871994e-06,0,1.81011e-11,1.73671e-06,0.02893518563,-0.02951389551,-0.2780520951,0.03333481263
2738,13.690000,-0.2795073688,0.03050820623,2.920627594e-06,-2.980232239e-06,-2.980232239e-06,9.119510651e-06,0,1.77529e-11,1.72026e-06,0.02893518563,-0.02951389551,-0.2802515552,0.03326408979
2739,13.695000,-0.2822297812,0.03065760899,2.920627594e-06,-2.980232239e-06,-2.980232239e-06,9.000301361e-06,0,1.74047e-11,1.70342e-06,0.02893518563,-0.02951389551,-0.2825838751,0.03343150368
2740,13.700000,-0.2846254148,0.03066508099,2.920627594e-06,-2.980232239e-06,-2.980232239e-06,8.881092072e-06,0,1.70566e-11,1.68617e-06,0.02893518563,-0.02951389551,-0.2850410023,0.0335363257
2741,13.705000,-0.2869977057,0.03062880784,2.920627594e-06,-2.980232239e-06,-2.980232239e-06,8.761882782e-06,0,1.67084e-11,1.6685e-06,0.02893518563,-0.02951389551,-0.2876144493,0.03395936938
2742,13.710000,-0.2900519073,0.03081364464,2.920627594e-06,-2.980232239e-06,-2.980232239e-06,8.642673492e-06,0,1.63602e-11,1.6504e-06,0.02893518563,-0.02951389551,-0.2902953179,0.03406383863
2743,13.715000,-0.2936352603,0.03142825421,2.920627594e-06,-2.980232239e-06,-2.980232239e-06,8.523464203e-06,0,1.60121e-11,1.63185e-06,0.02893518563,-0.02951389551,-0.2930743243,0.03391654233
2744,13.720000,-0.29696678,0.03183479514,2.920627594e-06,-2.980232239e-06,-2.980232239e-06,8.404254913e-06,0,1.56639e-11,1.61283e-06,0.02893518563,-0.02951389551,-0.2959418265,0.03375651734
2745,13.725000,-0.299774088,0.0316231139,2.920627594e-06,-2.980232239e-06,-2.980232239e-06,8.285045624e-06,0,1.53157e-11,1.59334e-06,0.02893518563,-0.02951389551,-0.2988878516,0.0333326209
2746,13.730000,-0.3025988527,0.03136874177,2.920627594e-06,-2.980232239e-06,-2.980232239e-06,8.165836334e-06,0,1.49676e-11,1.57337e-06,0.02893518563,-0.02951389551,-0.3019021248,0.03324205484
2747,13.735000,-0.3052277863,0.03115094826,2.920627594e-06,-2.980232239e-06,-2.980232239e-06,8.046627045e-06,0,1.46194e-11,1.55288e-06,0.02893518563,-0.02951389551,-0.3049740997,0.03311309286
2748,13.740000,-0.307776399,0.03074572794,2.920627594e-06,-2.980232239e-06,-2.980232239e-06,7.927417755e-06,0,1.42713e-11,1.53188e-06,0.02893518563,-0.02951389551,-0.3080929881,0.03312274501
2749,13.745000,-0.3110182211,0.03111817874,2.920627594e-06,-2.980232239e-06,-2.980232239e-06,7.808208466e-06,0,1.39231e-11,1.51034e-06,0.02893518563,-0.02951389551,-0.3112477923,0.0330320662
2750,13.750000,-0.3140385412,0.03115053754,2.920627594e-06,-2.980232239e-06,-2.980232239e-06,7.688999176e-06,0,1.35749e-11,1.48825e-06,0.02893518563,-0.02951389551,-0.3144273367,0.03315404838
2751,13.755000,-0.3169589452,0.03107511718,2.920627594e-06,-2.980232239e-06,-2.980232239e-06,7.569789886e-06,0,1.32268e-11,1.4656e-06,0.02893518563,-0.02951389551,-0.317620301,0.03312043749
2752,13.760000,-0.3205613345,0.03137410153,2.920627594e-06,-2.980232239e-06,-2.980232239e-06,7.450580597e-06,0,1.28786e-11,1.44236e-06,0.02893518563,-0.02951389551,-0.3208152529,0.03312265814
2753,13.765000,-0.323889371,0.03116332274,2.920627594e-06,-2.980232239e-06,-2.980232239e-06,7.331371307e-06,0,1.25304e-11,1.41851e-06,0.02893518563,-0.02951389551,-0.3240006822,0.03323416373
2754,13.770000,-0.3268845752,0.03104525618,2.920627594e-06,-2.980232239e-06,-2.980232239e-06,7.212162018e-06,0,1.21823e-11,1.39405e-06,0.02893518563,-0.02951389551,-0.3271650346,0.0336409641
2755,13.775000,-0.3303137198,0.03149444796,2.920627594e-06,-2.980232239e-06,-2.980232239e-06,7.092952728e-06,0,1.18341e-11,1.36895e-06,0.02893518563,-0.02951389551,-0.3302967457,0.03386316183
2756,13.780000,-0.3333463669,0.03160289396,2.920627594e-06,-2.980232239e-06,-2.980232239e-06,6.973743439e-06,0,1.14859e-11,1.3432e-06,0.02893518563,-0.02951389551,-0.3333842757,0.03400089323
2757,13.785000,-0.3362317123,0.03187406622,2.920627594e-06,-2.980232239e-06,-2.980232239e-06,6.854534149e-06,0,1.11378e-11,1.31677e-06,0.02893518563,-0.02951389551,-0.3364161429,0.03374346497
2758,13.790000,-0.3398628347,0.03219678905,2.920627594e-06,-2.980232239e-06,-2.980232239e-06,6.73532486e-06,0,1.07896e-11,1.28965e-06,0.02893518563,-0.02951389551,-0.3393809588,0.0336904881
2759,13.795000,-0.3430189975,0.03265174199,2.920627594e-06,-2.980232239e-06,-2.980232239e-06,6.61611557e-06,0,1.04414e-11,1.26181e-06,0.02893518563,-0.02951389551,-0.3422674616,0.03354071757
2760,13.800000,-0.3456667438,0.03252964932,2.920627594e-06,-2.980232239e-06,-2.980232239e-06,6.496906281e-06,0,1.00933e-11,1.23325e-06,0.02893518563,-0.02951389551,-0.3450645499,0.03334023272
2761,13.805000,-0.3480936624,0.03230555728,2.920627594e-06,-2.980232239e-06,-2.980232239e-06,6.377696991e-06,0,9.74509e-12,1.20393e-06,0.02893518563,-0.02951389551,-0.3477613163,0.03342922638
2762,13.810000,-0.3506142125,0.03220070899,2.920627594e-06,-2.980232239e-06,-2.980232239e-06,6.258487701e-06,0,9.39693e-12,1.17384e-06,0.02893518563,-0.02951389551,-0.3503470799,0.03367414142
2763,13.815000,-0.3528332226,0.03234849777,2.920627594e-06,-2.980232239e-06,-2.980232239e-06,6.139278412e-06,0,9.04876e-12,1.14296e-06,0.02893518563,-0.02951389551,-0.3528114191,0.033380761
2764,13.820000,-0.355248563,0.03239351884,2.920627594e-06,-2.980232239e-06,-2.980232239e-06,6.020069122e-06,0,8.7006e-12,1.11127e-06,0.02893518563,-0.02951389551,-0.3551442028,0.03359881712
2765,13.825000,-0.3570520766,0.03226941824,2.920627594e-06,-2.980232239e-06,-2.980232239e-06,5.900859833e-06,0,8.35243e-12,1.07874e-06,0.02893518563,-0.02951389551,-0.3573356214,0.03347826804
2766,13.830000,-0.3594900072,0.03260077629,2.920627594e-06,-2.920627594e-06,-2.920627594e-06,5.900859833e-06,0,8.70415e-12,1.13195e-06,0.02893518563,-0.02893517911,-0.3593762168,0.03336714853
2767,13.835000,-0.3614266813,0.03258821089,2.920627594e-06,-2.861022949e-06,-2.861022949e-06,5.900859833e-06,0,9.04876e-12,1.18493e-06,0.02893518563,-0.02835647762,-0.3612569117,0.03369017051
2768,13.840000,-0.3637449816,0.03300115466,2.920627594e-06,-2.801418304e-06,-2.801418304e-06,5.900859833e-06,0,9.38627e-12,1.23767e-06,0.02893518563,-0.02777777612,-0.3629690374,0.03370691645
2769,13.845000,-0.3649972901,0.0328652719,2.920627594e-06,-2.74181366e-06,-2.74181366e-06,5.900859833e-06,0,9.71667e-12,1.29017e-06,0.02893518563,-0.02719907463,-0.3645043608,0.03329879921
2770,13.850000,-0.3664681949,0.03298098035,2.920627594e-06,-2.682209015e-06,-2.682209015e-06,5.900859833e-06,0,1.004e-11,1.34241e-06,0.02893518563,-0.02662037313,-0.3658551104,0.03319669859
2771,13.855000,-0.3673349954,0.03309539054,2.920627594e-06,-2.62260437e-06,-2.62260437e-06,5.900859833e-06,0,1.03562e-11,1.39437e-06,0.02893518563,-0.02604167163,-0.3670140007,0.03332125268
2772,13.860000,-0.3674345501,0.03260221239,2.920627594e-06,-2.562999725e-06,-2.562999725e-06,5.900859833e-06,0,1.06652e-11,1.44605e-06,0.02893518563,-0.02546297014,-0.3679742553,0.03351727878
2773,13.865000,-0.3680947497,0.03270309046,2.920627594e-06,-2.503395081e-06,-2.503395081e-06,5.900859833e-06,0,1.09672e-11,1.49742e-06,0.02893518563,-0.02488425374,-0.368729629,0.03370174102
2774,13.870000,-0.3685023412,0.03278994467,2.920627594e-06,-2.443790436e-06,-2.443790436e-06,5.900859833e-06,0,1.12621e-11,1.54848e-06,0.02893518563,-0.02430555224,-0.3692744279,0.03403525454
2775,13.875000,-0.3684726469,0.03283278085,2.920627594e-06,-2.384185791e-06,-2.384185791e-06,5.900859833e-06,0,1.15499e-11,1.5992e-06,0.02893518563,-0.02372685075,-0.3696035284,0.03425656346
2776,13.880000,-0.3683128059,0.03283990268,2.920627594e-06,-2.324581146e-06,-2.324581146e-06,5.900859833e-06,0,1.18305e-11,1.64956e-06,0.02893518563,-0.02314814925,-0.3697123944,0.03447118812
2777,13.885000,-0.3679387756,0.03277946077,2.920627594e-06,-2.264976501e-06,-2.264976501e-06,5.900859833e-06,0,1.21041e-11,1.69955e-06,0.02893518563,-0.02256944776,-0.3695970929,0.0347064868
2778,13.890000,-0.3678903095,0.03301837016,2.920627594e-06,-2.205371857e-06,-2.205371857e-06,5.900859833e-06,0,1.23705e-11,1.74914e-06,0.02893518563,-0.02199074626,-0.3692543082,0.03482489746
2779,13.895000,-0.3670734912,0.03305342048,2.920627594e-06,-2.145767212e-06,-2.145767212e-06,5.900859833e-06,0,1.26299e-11,1.79832e-06,0.02893518563,-0.02141202986,-0.3686813539,0.03508909707
2780,13.900000,-0.3662421852,0.03308905102,2.920627594e-06,-2.086162567e-06,-2.086162567e-06,5.900859833e-06,0,1.28821e-11,1.84705e-06,0.02893518563,-0.02083332837,-0.3678761835,0.03499968628
2781,13.905000,-0.3647386618,0.03286230192,2.920627594e-06,-2.026557922e-06,-2.026557922e-06,5.900859833e-06,0,1.31273e-11,1.89531e-06,0.02893518563,-0.02025462687,-0.3668373992,0.03478409002
2782,13.910000,-0.3631547913,0.03292619437,2.920627594e-06,-1.966953278e-06,-1.966953278e-06,5.900859833e-06,0,1.33653e-11,1.94308e-06,0.02893518563,-0.01967592537,-0.3655642588,0.03479900712
2783,13.915000,-0.3616944999,0.03290614486,2.920627594e-06,-1.907348633e-06,-1.907348633e-06,5.900859833e-06,0,1.35962e-11,1.99033e-06,0.02893518563,-0.01909722388,-0.3640566807,0.03490700762
2784,13.920000,-0.3603001125,0.03305143584,2.920627594e-06,-1.847743988e-06,-1.847743988e-06,5.900859833e-06,0,1.38201e-11,2.03701e-06,0.02893518563,-0.01851852238,-0.3623152471,0.03503521339
2785,13.925000,-0.3584078215,0.03321365919,2.920627594e-06,-1.788139343e-06,-1.788139343e-06,5.900859833e-06,0,1.40368e-11,2.08311e-06,0.02893518563,-0.01793982089,-0.3603412057,0.03452118464
2786,13.930000,-0.3555054143,0.03298796993,2.920627594e-06,-1.728534698e-06,-1.728534698e-06,5.900859833e-06,0,1.42464e-11,2.12858e-06,0.02893518563,-0.01736110449,-0.3581364688,0.03443174223
2787,13.935000,-0.3535894677,0.03305174224,2.920627594e-06,-1.668930054e-06,-1.668930054e-06,5.960464478e-06,0,1.4623e-11,2.18323e-06,0.02893518563,-0.01678240299,-0.3557036112,0.03403487167
2788,13.940000,-0.3514075503,0.03320846986,2.920627594e-06,-1.609325409e-06,-1.609325409e-06,6.020069122e-06,0,1.49925e-11,2.23617e-06,0.02893518563,-0.0162037015,-0.353045866,0.03417903042
2789,13.945000,-0.3486595042,0.03336835001,2.920627594e-06,-1.609325409e-06,-1.609325409e-06,6.079673767e-06,0,1.51665e-11,2.2452e-06,0.02893518563,-0.0162037015,-0.3501671183,0.03428281443
2790,13.950000,-0.3459647037,0.03360198624,2.920627594e-06,-1.609325409e-06,-1.609325409e-06,6.139278412e-06,0,1.53406e-11,2.25402e-06,0.02893518563,-0.0162037015,-0.3470718977,0.03407818267
2791,13.955000,-0.3424898833,0.03370548692,2.920627594e-06,-1.609325409e-06,-1.609325409e-06,6.198883057e-06,0,1.55147e-11,2.26266e-06,0.02893518563,-0.0162037015,-0.3437653679,0.03418164506
2792,13.960000,-0.3388182521,0.03374731261,2.920627594e-06,-1.609325409e-06,-1.609325409e-06,6.258487701e-06,0,1.56888e-11,2.2711e-06,0.02893518563,-0.0162037015,-0.3402533161,0.03436466311
2793,13.965000,-0.3355405517,0.03409633134,2.920627594e-06,-1.609325409e-06,-1.609325409e-06,6.318092346e-06,0,1.58629e-11,2.27936e-06,0.02893518563,-0.0162037015,-0.3365421389,0.03410782778
2794,13.970000,-0.3320873119,0.0343888849,2.920627594e-06,-1.609325409e-06,-1.609325409e-06,6.377696991e-06,0,1.60369e-11,2.28743e-06,0.02893518563,-0.0162037015,-0.3326388278,0.03356727671
2795,13.975000,-0.3280366063,0.03450785484,2.920627594e-06,-1.609325409e-06,-1.609325409e-06,6.437301636e-06,0,1.6211e-11,2.29534e-06,0.02893518563,-0.0162037015,-0.3285509523,0.03361516668
2796,13.980000,-0.3244355507,0.03498117905,2.920627594e-06,-1.609325409e-06,-1.609325409e-06,6.496906281e-06,0,1.63851e-11,2.30307e-06,0.02893518563,-0.0162037015,-0.3242866415,0.03329944253
2797,13.985000,-0.3202066757,0.03498600889,2.920627594e-06,-1.609325409e-06,-1.609325409e-06,6.556510925e-06,0,1.65592e-11,2.31064e-06,0.02893518563,-0.0162037015,-0.3198545644,0.03349282379
2798,13.990000,-0.3155456819,0.0351276435,2.920627594e-06,-1.609325409e-06,-1.609325409e-06,6.61611557e-06,0,1.67333e-11,2.31805e-06,0.02893518563,-0.0162037015,-0.3152639084,0.03326827061
2799,13.995000,-0.310992498,0.0351820644,2.920627594e-06,-1.609325409e-06,-1.609325409e-06,6.675720215e-06,0,1.69074e-11,2.3253e-06,0.02893518563,-0.0162037015,-0.3105243559,0.03334782694
2800,14.000000,-0.3055487424,0.0349726826,2.920627594e-06,-1.609325409e-06,-1.609325409e-06,6.73532486e-06,0,1.70814e-11,2.3324e-06,0.02893518563,-0.0162037015,-0.3056460609,0.03295237405
2801,14.005000,-0.3004840426,0.03481948655,2.920627594e-06,-1.609325409e-06,-1.609325409e-06,6.794929504e-06,0,1.72555e-11,2.33935e-06,0.02893518563,-0.0162037015,-0.3006396221,0.03351849246
2802,14.010000,-0.2953736261,0.03481347859,2.920627594e-06,-1.609325409e-06,-1.609325409e-06,6.854534149e-06,0,1.74296e-11,2.34616e-06,0.02893518563,-0.0162037015,-0.2955160571,0.03324664148
2803,14.015000,-0.2900765166,0.03477456234,2.920627594e-06,-1.609325409e-06,-1.609325409e-06,6.914138794e-06,0,1.76037e-11,2.35282e-06,0.02893518563,-0.0162037015,-0.2902867732,0.03318722287
2804,14.020000,-0.2849068604,0.03504081443,2.920627594e-06,-1.609325409e-06,-1.609325409e-06,6.973743439e-06,0,1.77778e-11,2.35936e-06,0.02893518563,-0.0162037015,-0.2849635388,0.03315468369
2805,14.025000,-0.279362075,0.03502523061,2.920627594e-06,-1.609325409e-06,-1.609325409e-06,7.033348083e-06,0,1.79519e-11,2.36575e-06,0.02893518563,-0.0162037015,-0.2795584527,0.03310653244
2806,14.030000,-0.2735076174,0.03489141632,2.920627594e-06,-1.609325409e-06,-1.609325409e-06,7.092952728e-06,0,1.81259e-11,2.37202e-06,0.02893518563,-0.0162037015,-0.2740839128,0.03325621035
2807,14.035000,-0.2687555254,0.03514957055,2.920627594e-06,-1.609325409e-06,-1.609325409e-06,7.152557373e-06,0,1.83e-11,2.37817e-06,0.02893518563,-0.0162037015,-0.2685525842,0.0335661915
2808,14.040000,-0.2636271752,0.03532389551,2.920627594e-06,-1.609325409e-06,-1.609325409e-06,7.212162018e-06,0,1.84741e-11,2.38419e-06,0.02893518563,-0.0162037015,-0.2629773657,0.03358262725
2809,14.045000,-0.2580707148,0.03535791766,2.920627594e-06,-1.609325409e-06,-1.609325409e-06,7.271766663e-06,0,1.86482e-11,2.39009e-06,0.02893518563,-0.0162037015,-0.2573713566,0.03354547275
2810,14.050000,-0.2521812581,0.03522383049,2.920627594e-06,-1.609325409e-06,-1.609325409e-06,7.331371307e-06,0,1.88223e-11,2.39587e-06,0.02893518563,-0.0162037015,-0.2517478221,0.03325757163
2811,14.055000,-0.246180404,0.03538353462,2.920627594e-06,-1.609325409e-06,-1.609325409e-06,7.390975952e-06,0,1.89964e-11,2.40154e-06,0.02893518563,-0.0162037015,-0.246120159,0.03355676851
2812,14.060000,-0.2406690642,0.03543656319,2.920627594e-06,-1.609325409e-06,-1.609325409e-06,7.450580597e-06,0,1.91704e-11,2.40711e-06,0.02893518563,-0.0162037015,-0.2405018599,0.03373437202
2813,14.065000,-0.2350197025,0.03548166715,2.920627594e-06,-1.609325409e-06,-1.609325409e-06,7.510185242e-06,0,1.93445e-11,2.41256e-06,0.02893518563,-0.0162037015,-0.2349064781,0.03328243689
2814,14.070000,-0.2291896567,0.03540389519,2.920627594e-06,-1.609325409e-06,-1.609325409e-06,7.569789886e-06,0,1.95186e-11,2.41791e-06,0.02893518563,-0.0162037015,-0.2293475919,0.03329332679
2815,14.075000,-0.2235482372,0.03530130815,2.920627594e-06,-1.609325409e-06,-1.609325409e-06,7.629394531e-06,0,1.96927e-11,2.42316e-06,0.02893518563,-0.0162037015,-0.2238387685,0.03316237978
2816,14.080000,-0.2183987349,0.0354029499,2.920627594e-06,-1.609325409e-06,-1.609325409e-06,7.688999176e-06,0,1.98668e-11,2.42831e-06,0.02893518563,-0.0162037015,-0.2183935287,0.03304406045
2817,14.085000,-0.2135528103,0.03565131221,2.920627594e-06,-1.609325409e-06,-1.609325409e-06,7.748603821e-06,0,2.00409e-11,2.43336e-06,0.02893518563,-0.0162037015,-0.2130253105,0.03294978683
2818,14.090000,-0.2084929869,0.03572038747,2.920627594e-06,-1.609325409e-06,-1.609325409e-06,7.808208466e-06,0,2.02149e-11,2.43832e-06,0.02893518563,-0.0162037015,-0.2077474341,0.03330457369
2819,14.095000,-0.2038317993,0.03590293974,2.920627594e-06,-1.609325409e-06,-1.609325409e-06,7.86781311e-06,0,2.0389e-11,2.44319e-06,0.02893518563,-0.0162037015,-0.2025730664,0.03345052573
2820,14.100000,-0.1986787654,0.0359393293,2.920627594e-06,-1.609325409e-06,-1.609325409e-06,7.927417755e-06,0,2.05631e-11,2.44797e-06,0.02893518563,-0.0162037015,-0.1975151861,0.03340090058
2821,14.105000,-0.1934526898,0.03578361496,2.920627594e-06,-1.609325409e-06,-1.609325409e-06,7.9870224e-06,0,2.07372e-11,2.45266e-06,0.02893518563,-0.0162037015,-0.1925865494,0.03323649096
2822,14.110000,-0.1889053881,0.03575750347,2.920627594e-06,-1.609325409e-06,-1.609325409e-06,8.046627045e-06,0,2.09113e-11,2.45726e-06,0.02893518563,-0.0162037015,-0.1877996562,0.03312053797
2823,14.115000,-0.1835434549,0.03546366096,2.920627594e-06,-1.609325409e-06,-1.609325409e-06,8.106231689e-06,0,2.10854e-11,2.46178e-06,0.02893518563,-0.0162037015,-0.1831667168,0.03311750891
2824,14.120000,-0.1784634404,0.0350880865,2.920627594e-06,-1.609325409e-06,-1.609325409e-06,8.165836334e-06,0,2.12594e-11,2.46622e-06,0.02893518563,-0.0162037015,-0.1786996197,0.03315175393
2825,14.125000,-0.1736663729,0.03485095687,2.920627594e-06,-1.609325409e-06,-1.609325409e-06,8.225440979e-06,0,2.14335e-11,2.47059e-06,0.02893518563,-0.0162037015,-0.1744099,0.03279844342
2826,14.130000,-0.1699479483,0.03491285071,2.920627594e-06,-1.609325409e-06,-1.609325409e-06,8.285045624e-06,0,2.16076e-11,2.47487e-06,0.02893518563,-0.0162037015,-0.1703087088,0.03289891323
2827,14.135000,-0.166881334,0.03527131397,2.920627594e-06,-1.609325409e-06,-1.609325409e-06,8.344650269e-06,0,2.17817e-11,2.47908e-06,0.02893518563,-0.0162037015,-0.1664067837,0.03308599936
2828,14.140000,-0.1625383645,0.03499808162,2.920627594e-06,-1.609325409e-06,-1.609325409e-06,8.404254913e-06,0,2.19558e-11,2.48322e-06,0.02893518563,-0.0162037015,-0.1627144203,0.03313805911
2829,14.145000,-0.1587555297,0.0348861767,2.920627594e-06,-1.609325409e-06,-1.609325409e-06,8.463859558e-06,0,2.21299e-11,2.48728e-06,0.02893518563,-0.0162037015,-0.159241445,0.03349119822
2830,14.150000,-0.1560537852,0.03501031548,2.920627594e-06,-1.609325409e-06,-1.609325409e-06,8.523464203e-06,0,2.23039e-11,2.49128e-06,0.02893518563,-0.0162037015,-0.1559971889,0.03371773943
2831,14.155000,-0.153204117,0.03512358665,2.920627594e-06,-1.609325409e-06,-1.609325409e-06,8.583068848e-06,0,2.2478e-11,2.4952e-06,0.02893518563,-0.0162037015,-0.1529904635,0.033669175
2832,14.160000,-0.1509414762,0.03509841394,2.920627594e-06,-1.609325409e-06,-1.609325409e-06,8.642673492e-06,0,2.26521e-11,2.49906e-06,0.02893518563,-0.0162037015,-0.150229537,0.03384248797
2833,14.165000,-0.1487497985,0.03506907448,2.920627594e-06,-1.609325409e-06,-1.609325409e-06,8.702278137e-06,0,2.28262e-11,2.50286e-06,0.02893518563,-0.0162037015,-0.1477221126,0.03369600096
2834,14.170000,-0.1469088346,0.03522151802,2.920627594e-06,-1.609325409e-06,-1.609325409e-06,8.761882782e-06,0,2.30003e-11,2.50659e-06,0.02893518563,-0.0162037015,-0.1454753088,0.03359456303
2835,14.175000,-0.1453528926,0.03537137713,2.920627594e-06,-1.609325409e-06,-1.609325409e-06,8.821487427e-06,0,2.31744e-11,2.51026e-06,0.02893518563,-0.0162037015,-0.1434956399,0.03350552452
2836,14.180000,-0.1441076882,0.03538707644,2.920627594e-06,-1.609325409e-06,-1.609325409e-06,8.881092072e-06,0,2.33484e-11,2.51387e-06,0.02893518563,-0.0162037015,-0.1417889998,0.03319401374
2837,14.185000,-0.1425640807,0.03520810511,2.920627594e-06,-1.609325409e-06,-1.609325409e-06,8.940696716e-06,0,2.35225e-11,2.51742e-06,0.02893518563,-0.0162037015,-0.140360646,0.03327578327
2838,14.190000,-0.1414572671,0.0351112606,2.920627594e-06,-1.609325409e-06,-1.609325409e-06,9.000301361e-06,0,2.36966e-11,2.52091e-06,0.02893518563,-0.0162037015,-0.1392151865,0.03379317245
2839,14.195000,-0.1406794339,0.03516478464,2.920627594e-06,-1.609325409e-06,-1.609325409e-06,9.059906006e-06,0,2.38707e-11,2.52435e-06,0.02893518563,-0.0162037015,-0.1383565676,0.03407647937
2840,14.200000,-0.1401315629,0.03517979663,2.920627594e-06,-1.609325409e-06,-1.609325409e-06,9.119510651e-06,0,2.40448e-11,2.52773e-06,0.02893518563,-0.0162037015,-0.1377880642,0.03369686044
2841,14.205000,-0.1394711956,0.0349911321,2.920627594e-06,-1.609325409e-06,-1.609325409e-06,9.179115295e-06,0,2.42188e-11,2.53105e-06,0.02893518563,-0.0162037015,-0.1375122714,0.03372431566
2842,14.210000,-0.1396312453,0.03502744529,2.920627594e-06,-1.609325409e-06,-1.609325409e-06,9.23871994e-06,0,2.43929e-11,2.53432e-06,0.02893518563,-0.0162037015,-0.1375310978,0.03404515312
2843,14.215000,-0.140299432,0.03504677117,2.920627594e-06,-1.609325409e-06,-1.609325409e-06,9.298324585e-06,0,2.4567e-11,2.53755e-06,0.02893518563,-0.0162037015,-0.1378457619,0.03397426098
2844,14.220000,-0.1411881708,0.03501200303,2.920627594e-06,-1.609325409e-06,-1.609325409e-06,9.35792923e-06,0,2.47411e-11,2.54072e-06,0.02893518563,-0.0162037015,-0.1384567886,0.03427104324
2845,14.225000,-0.141986046,0.0346740447,2.920627594e-06,-1.609325409e-06,-1.609325409e-06,9.417533875e-06,0,2.49152e-11,2.54384e-06,0.02893518563,-0.0162037015,-0.1393640088,0.03419408725
2846,14.230000,-0.1435230337,0.03457545768,2.920627594e-06,-1.609325409e-06,-1.609325409e-06,9.477138519e-06,0,2.50893e-11,2.54691e-06,0.02893518563,-0.0162037015,-0.1405665605,0.03413608275
2847,14.235000,-0.1443299726,0.03413015418,2.920627594e-06,-1.609325409e-06,-1.609325409e-06,9.536743164e-06,0,2.52633e-11,2.54994e-06,0.02893518563,-0.0162037015,-0.1420628921,0.03416978026
2848,14.240000,-0.146661859,0.03417099174,2.920627594e-06,-1.609325409e-06,-1.609325409e-06,9.596347809e-06,0,2.54374e-11,2.55292e-06,0.02893518563,-0.0162037015,-0.1438507667,0.03407312946
2849,14.245000,-0.1480981559,0.03395560943,2.920627594e-06,-1.609325409e-06,-1.609325409e-06,9.655952454e-06,0,2.56115e-11,2.55585e-06,0.02893518563,-0.0162037015,-0.1459272695,0.03410393918
2850,14.250000,-0.1500760727,0.03384347074,2.920627594e-06,-1.609325409e-06,-1.609325409e-06,9.715557098e-06,0,2.57856e-11,2.55874e-06,0.02893518563,-0.0162037015,-0.1482888157,0.0339882708
2851,14.255000,-0.1535517275,0.03395256959,2.920627594e-06,-1.609325409e-06,-1.609325409e-06,9.775161743e-06,0,2.59597e-11,2.56159e-06,0.02893518563,-0.0162037015,-0.1509311617,0.03367998965
2852,14.260000,-0.1562202685,0.03375096712,2.920627594e-06,-1.609325409e-06,-1.609325409e-06,9.834766388e-06,0,2.61338e-11,2.5644e-06,0.02893518563,-0.0162037015,-0.1538494165,0.03359975973
2853,14.265000,-0.159415029,0.03363191709,2.920627594e-06,-1.609325409e-06,-1.609325409e-06,9.894371033e-06,0,2.63078e-11,2.56716e-06,0.02893518563,-0.0162037015,-0.1570380561,0.03377761338
2854,14.270000,-0.1628939398,0.03352353442,2.920627594e-06,-1.609325409e-06,-1.609325409e-06,9.953975677e-06,0,2.64819e-11,2.56988e-06,0.02893518563,-0.0162037015,-0.1604909389,0.03395453936
2855,14.275000,-0.1665822268,0.03339809459,2.920627594e-06,-1.609325409e-06,-1.609325409e-06,1.001358032e-05,0,2.6656e-11,2.57257e-06,0.02893518563,-0.0162037015,-0.164201323,0.03393525285
2856,14.280000,-0.1700805761,0.03308842611,2.920627594e-06,-1.609325409e-06,-1.609325409e-06,1.007318497e-05,0,2.68301e-11,2.57521e-06,0.02893518563,-0.0162037015,-0.1681618853,0.03403818312
2857,14.285000,-0.1743406244,0.03300703224,2.920627594e-06,-1.609325409e-06,-1.609325409e-06,1.013278961e-05,0,2.70042e-11,2.57782e-06,0.02893518563,-0.0162037015,-0.1723647415,0.03377344873
2858,14.290000,-0.1790082157,0.03287957981,2.920627594e-06,-1.609325409e-06,-1.609325409e-06,1.019239426e-05,0,2.71783e-11,2.58039e-06,0.02893518563,-0.0162037015,-0.1768014686,0.03369297936
2859,14.295000,-0.1833254918,0.03256675135,2.920627594e-06,-1.609325409e-06,-1.609325409e-06,1.02519989e-05,0,2.73523e-11,2.58292e-06,0.02893518563,-0.0162037015,-0.1814631279,0.03397806892
2860,14.300000,-0.1878784224,0.03216631338,2.920627594e-06,-1.609325409e-06,-1.609325409e-06,1.031160355e-05,0,2.75264e-11,2.58541e-06,0.02893518563,-0.0162037015,-0.1863402897,0.03412003286
2861,14.305000,-0.1927376278,0.03207903262,2.920627594e-06,-1.609325409e-06,-1.609325409e-06,1.037120819e-05,0,2.77005e-11,2.58787e-06,0.02893518563,-0.0162037015,-0.1914230597,0.03417619257
2862,14.310000,-0.197917778,0.03204231057,2.920627594e-06,-1.609325409e-06,-1.609325409e-06,1.043081284e-05,0,2.78746e-11,2.5903e-06,0.02893518563,-0.0162037015,-0.1967011058,0.03432591836
2863,14.315000,-0.2037447058,0.0321138436,2.920627594e-06,-1.609325409e-06,-1.609325409e-06,1.049041748e-05,0,2.80487e-11,2.59269e-06,0.02893518563,-0.0162037015,-0.2021636869,0.03420991443
2864,14.320000,-0.2096477486,0.03216514923,2.920627594e-06,-1.609325409e-06,-1.609325409e-06,1.055002213e-05,0,2.82228e-11,2.59505e-06,0.02893518563,-0.0162037015,-0.2077996821,0.03442297046
2865,14.325000,-0.2156129964,0.03204775881,2.920627594e-06,-1.609325409e-06,-1.609325409e-06,1.060962677e-05,0,2.83968e-11,2.59738e-06,0.02893518563,-0.0162037015,-0.2135976213,0.03429466891
2866,14.330000,-0.2214978896,0.03193450347,2.920627594e-06,-1.609325409e-06,-1.609325409e-06,1.066923141e-05,0,2.85709e-11,2.59968e-06,0.02893518563,-0.0162037015,-0.2195457166,0.03446288415
2867,14.335000,-0.2280007079,0.03215834126,2.920627594e-06,-1.609325409e-06,-1.609325409e-06,1.072883606e-05,0,2.8745e-11,2.60194e-06,0.02893518563,-0.0162037015,-0.2256318944,0.03435587726
2868,14.340000,-0.2341049612,0.03200300969,2.920627594e-06,-1.609325409e-06,-1.609325409e-06,1.07884407e-05,0,2.89191e-11,2.60418e-06,0.02893518563,-0.0162037015,-0.2318438278,0.03435157874
2869,14.345000,-0.2399545088,0.03181585111,2.920627594e-06,-1.609325409e-06,-1.609325409e-06,1.084804535e-05,0,2.90932e-11,2.60638e-06,0.02893518563,-0.0162037015,-0.2381689711,0.03405720359
2870,14.350000,-0.2457537241,0.03166956082,2.920627594e-06,-1.609325409e-06,-1.609325409e-06,1.090764999e-05,0,2.92673e-11,2.60855e-06,0.02893518563,-0.0162037015,-0.2445945929,0.03384847954
2871,14.355000,-0.2529743575,0.03188736364,2.920627594e-06,-1.609325409e-06,-1.609325409e-06,1.096725464e-05,0,2.94413e-11,2.6107e-06,0.02893518563,-0.0162037015,-0.2511078107,0.03359050146
2872,14.360000,-0.2596269958,0.03189407382,2.920627594e-06,-1.609325409e-06,-1.609325409e-06,1.102685928e-05,0,2.96154e-11,2.61282e-06,0.02893518563,-0.0162037015,-0.2576956262,0.03375960733
2873,14.365000,-0.2661552876,0.0318602547,2.920627594e-06,-1.609325409e-06,-1.609325409e-06,1.108646393e-05,0,2.97895e-11,2.61491e-06,0.02893518563,-0.0162037015,-0.2643449598,0.03367747522
2874,14.370000,-0.2731278203,0.0319808647,2.920627594e-06,-1.609325409e-06,-1.609325409e-06,1.114606857e-05,0,2.99636e-11,2.61697e-06,0.02893518563,-0.0162037015,-0.2710426857,0.033496822
2875,14.375000,-0.2795446552,0.03183422796,2.920627594e-06,-1.609325409e-06,-1.609325409e-06,1.120567322e-05,0,3.01377e-11,2.61901e-06,0.02893518563,-0.0162037015,-0.2777756674,0.03370446825
2876,14.380000,-0.285372328,0.03142708074,2.920627594e-06,-1.609325409e-06,-1.609325409e-06,1.126527786e-05,0,3.03118e-11,2.62102e-06,0.02893518563,-0.0162037015,-0.2845307928,0.03351325767
2877,14.385000,-0.2917331271,0.03142142389,2.920627594e-06,-1.609325409e-06,-1.609325409e-06,1.132488251e-05,0,3.04858e-11,2.623e-06,0.02893518563,-0.0162037015,-0.2912950087,0.03361377912
2878,14.390000,-0.2984708212,0.03137193993,2.920627594e-06,-1.609325409e-06,-1.609325409e-06,1.138448715e-05,0,3.06599e-11,2.62496e-06,0.02893518563,-0.0162037015,-0.2980553561,0.03365381844
2879,14.395000,-0.3051835373,0.03125697002,2.920627594e-06,-1.609325409e-06,-1.609325409e-06,1.14440918e-05,0,3.0834e-11,2.62689e-06,0.02893518563,-0.0162037015,-0.304799004,0.03400975907
2880,14.400000,-0.3118683621,0.03124788869,2.920627594e-06,-1.609325409e-06,-1.609325409e-06,1.150369644e-05,0,3.10081e-11,2.6288e-06,0.02893518563,-0.0162037015,-0.3115132836,0.0338856429
2881,14.405000,-0.3190068789,0.03131528385,2.920627594e-06,-1.609325409e-06,-1.609325409e-06,1.156330109e-05,0,3.11822e-11,2.63069e-06,0.02893518563,-0.0162037015,-0.3181857215,0.03373535136
2882,14.410000,-0.3258256763,0.03122204635,2.920627594e-06,-1.609325409e-06,-1.609325409e-06,1.162290573e-05,0,3.13563e-11,2.63255e-06,0.02893518563,-0.0162037015,-0.3248040724,0.03356342085
2883,14.415000,-0.3314185552,0.0309366053,2.920627594e-06,-1.609325409e-06,-1.609325409e-06,1.168251038e-05,0,3.15303e-11,2.63439e-06,0.02893518563,-0.0162037015,-0.331356351,0.03375966908
2884,14.420000,-0.33797241,0.03108231816,2.920627594e-06,-1.609325409e-06,-1.609325409e-06,1.174211502e-05,0,3.17044e-11,2.6362e-06,0.02893518563,-0.0162037015,-0.3378308631,0.03376419426
2885,14.425000,-0.3437208049,0.03090318572,2.920627594e-06,-1.609325409e-06,-1.609325409e-06,1.180171967e-05,0,3.18785e-11,2.638e-06,0.02893518563,-0.0162037015,-0.344216236,0.0335506173
2886,14.430000,-0.3499300182,0.03074273746,2.920627594e-06,-1.609325409e-06,-1.609325409e-06,1.186132431e-05,0,3.20526e-11,2.63977e-06,0.02893518563,-0.0162037015,-0.3505014475,0.03367841784
2887,14.435000,-0.3560121246,0.03081253823,2.920627594e-06,-1.609325409e-06,-1.609325409e-06,1.192092896e-05,0,3.22267e-11,2.64152e-06,0.02893518563,-0.0162037015,-0.3566758539,0.03345875111
2888,14.440000,-0.3623137437,0.03092683572,2.920627594e-06,-1.609325409e-06,-1.609325409e-06,1.19805336e-05,0,3.24007e-11,2.64325e-06,0.02893518563,-0.0162037015,-0.3627292172,0.0335421419
2889,14.445000,-0.3683657199,0.03077213746,2.920627594e-06,-1.609325409e-06,-1.609325409e-06,1.204013824e-05,0,3.25748e-11,2.64496e-06,0.02893518563,-0.0162037015,-0.3686517309,0.03382369666
2890,14.450000,-0.3737916425,0.03072036151,2.920627594e-06,-1.609325409e-06,-1.609325409e-06,1.209974289e-05,0,3.27489e-11,2.64665e-06,0.02893518563,-0.0162037015,-0.3744340441,0.03411215828
2891,14.455000,-0.37928202,0.03073479887,2.920627594e-06,-1.609325409e-06,-1.609325409e-06,1.215934753e-05,0,3.2923e-11,2.64832e-06,0.02893518563,-0.0162037015,-0.3800672848,0.03410836969
2892,14.460000,-0.3852091879,0.03085838445,2.920627594e-06,-1.609325409e-06,-1.609325409e-06,1.221895218e-05,0,3.30971e-11,2.64997e-06,0.02893518563,-0.0162037015,-0.3855430816,0.03410468923
2893,14.465000,-0.3897299469,0.03075255454,2.920627594e-06,-1.609325409e-06,-1.609325409e-06,1.227855682e-05,0,3.32712e-11,2.6516e-06,0.02893518563,-0.0162037015,-0.3908535833,0.03381233259
2894,14.470000,-0.3948255107,0.03090026695,2.920627594e-06,-1.609325409e-06,-1.609325409e-06,1.233816147e-05,0,3.34452e-11,2.65321e-06,0.02893518563,-0.0162037015,-0.3959914783,0.03381416283
2895,14.475000,-0.4000595585,0.03096249234,2.920627594e-06,-1.609325409e-06,-1.609325409e-06,1.239776611e-05,0,3.36193e-11,2.6548e-06,0.02893518563,-0.0162037015,-0.4009500108,0.0338024495
2896,14.480000,-0.40479647,0.03098190203,2.920627594e-06,-1.609325409e-06,-1.609325409e-06,1.245737076e-05,0,3.37934e-11,2.65638e-06,0.02893518563,-0.0162037015,-0.4057229964,0.03374522735
2897,14.485000,-0.4090007991,0.03091750666,2.920627594e-06,-1.609325409e-06,-1.609325409e-06,1.25169754e-05,0,3.39675e-11,2.65793e-06,0.02893518563,-0.0162037015,-0.4103048361,0.03344831699
2898,14.490000,-0.4133636467,0.03090328258,2.920627594e-06,-1.609325409e-06,-1.609325409e-06,1.257658005e-05,0,3.41416e-11,2.65947e-06,0.02893518563,-0.0162037015,-0.4146905275,0.03353225563
2899,14.495000,-0.4167441987,0.03075640928,2.920627594e-06,-1.609325409e-06,-1.609325409e-06,1.263618469e-05,0,3.43157e-11,2.66099e-06,0.02893518563,-0.0162037015,-0.4188756755,0.03315350676
2900,14.500000,-0.4203916118,0.0306904614,2.920627594e-06,-1.609325409e-06,-1.609325409e-06,1.269578934e-05,0,3.44897e-11,2.66249e-06,0.02893518563,-0.0162037015,-0.4228565004,0.03339854098
2901,14.505000,-0.4243164025,0.03068818524,2.920627594e-06,-1.609325409e-06,-1.609325409e-06,1.275539398e-05,0,3.46638e-11,2.66398e-06,0.02893518563,-0.0162037015,-0.4266298444,0.03326288588
2902,14.510000,-0.4279593602,0.03078954481,2.920627594e-06,-1.609325409e-06,-1.609325409e-06,1.281499863e-05,0,3.48379e-11,2.66545e-06,0.02893518563,-0.0162037015,-0.4301931768,0.03296777878
2903,14.515000,-0.4311508201,0.03064549901,2.920627594e-06,-1.609325409e-06,-1.609325409e-06,1.287460327e-05,0,3.5012e-11,2.6669e-06,0.02893518563,-0.0162037015,-0.4335445961,0.0328869654
2904,14.520000,-0.4343280718,0.03074483387,2.920627594e-06,-1.609325409e-06,-1.609325409e-06,1.293420792e-05,0,3.51861e-11,2.66834e-06,0.02893518563,-0.0162037015,-0.4366828319,0.03251703452
2905,14.525000,-0.4377622567,0.03099871613,2.920627594e-06,-1.609325409e-06,-1.609325409e-06,1.299381256e-05,0,3.53602e-11,2.66976e-06,0.02893518563,-0.0162037015,-0.4396072434,0.03279455093
2906,14.530000,-0.4401912689,0.03092336562,2.920627594e-06,-1.609325409e-06,-1.609325409e-06,1.305341721e-05,0,3.55342e-11,2.67117e-06,0.02893518563,-0.0162037015,-0.4423178173,0.03307745653
2907,14.535000,-0.4430092797,0.03098125942,2.920627594e-06,-1.609325409e-06,-1.609325409e-06,1.311302185e-05,0,3.57083e-11,2.67256e-06,0.02893518563,-0.0162037015,-0.444815163,0.03328163601
2908,14.540000,-0.4454598501,0.03113176394,2.920627594e-06,-1.609325409e-06,-1.609325409e-06,1.31726265e-05,0,3.58824e-11,2.67394e-06,0.02893518563,-0.0162037015,-0.4471005066,0.03340776619
2909,14.545000,-0.447164461,0.03106222488,2.920627594e-06,-1.609325409e-06,-1.609325409e-06,1.323223114e-05,0,3.60565e-11,2.6753e-06,0.02893518563,-0.0162037015,-0.4491756827,0.03339183343
2910,14.550000,-0.4492350705,0.03117025737,2.920627594e-06,-1.609325409e-06,-1.609325409e-06,1.329183578e-05,0,3.62306e-11,2.67664e-06,0.02893518563,-0.0162037015,-0.4510431248,0.03356753083
2911,14.555000,-0.4507597908,0.03136904631,2.920627594e-06,-1.609325409e-06,-1.609325409e-06,1.335144043e-05,0,3.64047e-11,2.67798e-06,0.02893518563,-0.0162037015,-0.4527058532,0.03386101272
2912,14.560000,-0.4528431669,0.03175680432,2.920627594e-06,-1.609325409e-06,-1.609325409e-06,1.341104507e-05,0,3.65787e-11,2.67929e-06,0.02893518563,-0.0162037015,-0.4541674625,0.03369612925
2913,14.565000,-0.454357449,0.03178595845,2.920627594e-06,-1.609325409e-06,-1.609325409e-06,1.347064972e-05,0,3.67528e-11,2.6806e-06,0.02893518563,-0.0162037015,-0.4554321063,0.03412220373
2914,14.570000,-0.4555586465,0.0318761142,2.920627594e-06,-1.609325409e-06,-1.609325409e-06,1.353025436e-05,0,3.69269e-11,2.68189e-06,0.02893518563,-0.0162037015,-0.4565044806,0.03441304852
2915,14.575000,-0.455855716,0.03189399093,2.920627594e-06,-1.609325409e-06,-1.609325409e-06,1.358985901e-05,0,3.7101e-11,2.68317e-06,0.02893518563,-0.0162037015,-0.4573898061,0.03424224357
2916,14.580000,-0.4567661881,0.03196765296,2.920627594e-06,-1.609325409e-06,-1.609325409e-06,1.364946365e-05,0,3.72751e-11,2.68443e-06,0.02893518563,-0.0162037015,-0.458093808,0.03414914565
2917,14.585000,-0.4568572901,0.03182938602,2.920627594e-06,-1.609325409e-06,-1.609325409e-06,1.37090683e-05,0,3.74492e-11,2.68568e-06,0.02893518563,-0.0162037015,-0.4586226957,0.03436798426
2918,14.590000,-0.4569095783,0.0316849621,2.920627594e-06,-1.609325409e-06,-1.609325409e-06,1.376867294e-05,0,3.76232e-11,2.68692e-06,0.02893518563,-0.0162037015,-0.4589831398,0.03440331922
2919,14.595000,-0.4571046457,0.03183366638,2.920627594e-06,-1.609325409e-06,-1.609325409e-06,1.382827759e-05,0,3.77973e-11,2.68814e-06,0.02893518563,-0.0162037015,-0.4591822488,0.0343393977
2920,14.600000,-0.4569365345,0.03185385466,2.920627594e-06,-1.609325409e-06,-1.609325409e-06,1.388788223e-05,0,3.79714e-11,2.68935e-06,0.02893518563,-0.0162037015,-0.4592275436,0.03418800606
2921,14.605000,-0.456199985,0.03153053485,2.920627594e-06,-1.609325409e-06,-1.609325409e-06,1.394748688e-05,0,3.81455e-11,2.69055e-06,0.02893518563,-0.0162037015,-0.4591269318,0.03437842186
2922,14.610000,-0.4561882466,0.03158013523,2.920627594e-06,-1.609325409e-06,-1.609325409e-06,1.400709152e-05,0,3.83196e-11,2.69174e-06,0.02893518563,-0.0162037015,-0.4588886802,0.03465070439
2923,14.615000,-0.455734279,0.03166112117,2.920627594e-06,-1.609325409e-06,-1.609325409e-06,1.406669617e-05,0,3.84937e-11,2.69292e-06,0.02893518563,-0.0162037015,-0.4585213866,0.03479597093
2924,14.620000,-0.455703795,0.03185149655,2.920627594e-06,-1.609325409e-06,-1.609325409e-06,1.412630081e-05,0,3.86677e-11,2.69408e-06,0.02893518563,-0.0162037015,-0.4580339504,0.03489981839
2925,14.625000,-0.4554028027,0.03197424952,2.920627594e-06,-1.609325409e-06,-1.609325409e-06,1.418590546e-05,0,3.88418e-11,2.69523e-06,0.02893518563,-0.0162037015,-0.4574355429,0.03494311716
2926,14.630000,-0.4545847103,0.0322354706,2.920627594e-06,-1.609325409e-06,-1.609325409e-06,1.42455101e-05,0,3.90159e-11,2.69637e-06,0.02893518563,-0.0162037015,-0.4567355759,0.03485139539
2927,14.635000,-0.4538185373,0.03230275307,2.920627594e-06,-1.609325409e-06,-1.609325409e-06,1.430511475e-05,0,3.919e-11,2.6975e-06,0.02893518563,-0.0162037015,-0.4559436709,0.03484592421
2928,14.640000,-0.4526122063,0.0321634328,2.920627594e-06,-1.609325409e-06,-1.609325409e-06,1.436471939e-05,0,3.93641e-11,2.69862e-06,0.02893518563,-0.0162037015,-0.4550696263,0.03485480652
2929,14.645000,-0.4520650432,0.03231190238,2.920627594e-06,-1.609325409e-06,-1.609325409e-06,1.442432404e-05,0,3.95382e-11,2.69973e-06,0.02893518563,-0.0162037015,-0.4541233855,0.03448029476
2930,14.650000,-0.4515348747,0.03237203602,2.920627594e-06,-1.609325409e-06,-1.609325409e-06,1.448392868e-05,0,3.97122e-11,2.70083e-06,0.02893518563,-0.0162037015,-0.4531150035,0.03468645222
2931,14.655000,-0.4515532106,0.03266194556,2.920627594e-06,-1.609325409e-06,-1.609325409e-06,1.454353333e-05,0,3.98863e-11,2.70191e-06,0.02893518563,-0.0162037015,-0.4520546137,0.03505485119
2932,14.660000,-0.4503491633,0.03244654927,2.920627594e-06,-1.609325409e-06,-1.609325409e-06,1.460313797e-05,0,4.00604e-11,2.70299e-06,0.02893518563,-0.0162037015,-0.4509523947,0.03498693344
2933,14.665000,-0.4489558674,0.03240961395,2.920627594e-06,-1.609325409e-06,-1.609325409e-06,1.466274261e-05,0,4.02345e-11,2.70405e-06,0.02893518563,-0.0162037015,-0.4498185367,0.03518873973
2934,14.670000,-0.448312629,0.03261978272,2.920627594e-06,-1.609325409e-06,-1.609325409e-06,1.472234726e-05,0,4.04086e-11,2.70511e-06,0.02893518563,-0.0162037015,-0.4486632078,0.03506926738
2935,14.675000,-0.4468862452,0.03257723339,2.920627594e-06,-1.609325409e-06,-1.609325409e-06,1.47819519e-05,0,4.05826e-11,2.70615e-06,0.02893518563,-0.0162037015,-0.4474965206,0.03515598033
2936,14.680000,-0.4459769651,0.03258240782,2.920627594e-06,-1.609325409e-06,-1.609325409e-06,1.484155655e-05,0,4.07567e-11,2.70719e-06,0.02893518563,-0.0162037015,-0.4463284993,0.03541469316
2937,14.685000,-0.4446988665,0.03245999757,2.920627594e-06,-1.609325409e-06,-1.609325409e-06,1.490116119e-05,0,4.09308e-11,2.70822e-06,0.02893518563,-0.0162037015,-0.4451690463,0.03534851963
2938,14.690000,-0.4431068115,0.03222467937,2.920627594e-06,-1.609325409e-06,-1.609325409e-06,1.496076584e-05,0,4.11049e-11,2.70923e-06,0.02893518563,-0.0162037015,-0.4440279101,0.03567437357
2939,14.695000,-0.4419281669,0.03228973411,2.920627594e-06,-1.609325409e-06,-1.609325409e-06,1.502037048e-05,0,4.1279e-11,2.71024e-06,0.02893518563,-0.0162037015,-0.4429146528,0.03555058992
2940,14.700000,-0.4400643297,0.03212302644,2.920627594e-06,-1.609325409e-06,-1.609325409e-06,1.507997513e-05,0,4.14531e-11,2.71123e-06,0.02893518563,-0.0162037015,-0.4418386192,0.03583840387
2941,14.705000,-0.4390733726,0.03222970665,2.920627594e-06,-1.609325409e-06,-1.609325409e-06,1.513957977e-05,0,4.16271e-11,2.71222e-06,0.02893518563,-0.0162037015,-0.4408089053,0.03576522449
2942,14.710000,-0.4382883273,0.03239019029,2.920627594e-06,-1.609325409e-06,-1.609325409e-06,1.519918442e-05,0,4.18012e-11,2.7132e-06,0.02893518563,-0.0162037015,-0.439834329,0.03551231612
2943,14.715000,-0.4376836047,0.03232875653,2.920627594e-06,-1.609325409e-06,-1.609325409e-06,1.525878906e-05,0,4.19753e-11,2.71417e-06,0.02893518563,-0.0162037015,-0.4389234003,0.03580256615
2944,14.720000,-0.4365497455,0.03225625772,2.920627594e-06,-1.609325409e-06,-1.609325409e-06,1.531839371e-05,0,4.21494e-11,2.71513e-06,0.02893518563,-0.0162037015,-0.4380842937,0.03575781053
2945,14.725000,-0.4358002394,0.03235121537,2.920627594e-06,-1.609325409e-06,-1.609325409e-06,1.537799835e-05,0,4.23235e-11,2.71608e-06,0.02893518563,-0.0162037015,-0.4373248201,0.03622074894
2946,14.730000,-0.4344387092,0.03202818893,2.920627594e-06,-1.609325409e-06,-1.609325409e-06,1.5437603e-05,0,4.24976e-11,2.71703e-06,0.02893518563,-0.0162037015,-0.4366524018,0.03641829674
2947,14.735000,-0.4337087274,0.03191253077,2.920627594e-06,-1.609325409e-06,-1.609325409e-06,1.549720764e-05,0,4.26716e-11,2.71796e-06,0.02893518563,-0.0162037015,-0.4360740464,0.0363399666
2948,14.740000,-0.4334431626,0.03198091593,2.920627594e-06,-1.609325409e-06,-1.609325409e-06,1.555681229e-05,0,4.28457e-11,2.71889e-06,0.02893518563,-0.0162037015,-0.4355963241,0.03632174495
2949,14.745000,-0.4326497577,0.03173598647,2.920627594e-06,-1.609325409e-06,-1.609325409e-06,1.561641693e-05,0,4.30198e-11,2.71981e-06,0.02893518563,-0.0162037015,-0.4352253448,0.03652893718
2950,14.750000,-0.4329168163,0.03184370603,2.920627594e-06,-1.609325409e-06,-1.609325409e-06,1.567602158e-05,0,4.31939e-11,2.72072e-06,0.02893518563,-0.0162037015,-0.434966737,0.03660460907
2951,14.755000,-0.4328102246,0.03195057344,2.920627594e-06,-1.609325409e-06,-1.609325409e-06,1.573562622e-05,0,4.3368e-11,2.72162e-06,0.02893518563,-0.0162037015,-0.4348256288,0.03649149761
2952,14.760000,-0.432907518,0.03199534211,2.920627594e-06,-1.609325409e-06,-1.609325409e-06,1.579523087e-05,0,4.35421e-11,2.72251e-06,0.02893518563,-0.0162037015,-0.4348066294,0.03676243097
2953,14.765000,-0.4336065054,0.03222345281,2.920627594e-06,-1.609325409e-06,-1.609325409e-06,1.585483551e-05,0,4.37161e-11,2.7234e-06,0.02893518563,-0.0162037015,-0.4349138128,0.03658602449
2954,14.770000,-0.4345826358,0.03237779997,2.920627594e-06,-1.609325409e-06,-1.609325409e-06,1.591444016e-05,0,4.38902e-11,2.72427e-06,0.02893518563,-0.0162037015,-0.4351507031,0.03645325915
2955,14.775000,-0.4348448105,0.03221986815,2.920627594e-06,-1.609325409e-06,-1.609325409e-06,1.59740448e-05,0,4.40643e-11,2.72515e-06,0.02893518563,-0.0162037015,-0.4355202608,0.03651037002
2956,14.780000,-0.435345754,0.03234248795,2.920627594e-06,-1.609325409e-06,-1.609325409e-06,1.603364944e-05,0,4.42384e-11,2.72601e-06,0.02893518563,-0.0162037015,-0.4360248719,0.03679989157
2957,14.785000,-0.4359478615,0.03223048244,2.920627594e-06,-1.609325409e-06,-1.609325409e-06,1.609325409e-05,0,4.44125e-11,2.72686e-06,0.02893518563,-0.0162037015,-0.4366663378,0.03692789778
2958,14.790000,-0.4366300218,0.03211149015,2.920627594e-06,-1.609325409e-06,-1.609325409e-06,1.615285873e-05,0,4.45866e-11,2.72771e-06,0.02893518563,-0.0162037015,-0.4374458671,0.03655534112
2959,14.795000,-0.4366674386,0.03192930575,2.920627594e-06,-1.609325409e-06,-1.609325409e-06,1.621246338e-05,0,4.47606e-11,2.72855e-06,0.02893518563,-0.0162037015,-0.4383640698,0.03650518332
2960,14.800000,-0.4378253631,0.03202796914,2.920627594e-06,-1.609325409e-06,-1.609325409e-06,1.627206802e-05,0,4.49347e-11,2.72939e-06,0.02893518563,-0.0162037015,-0.4394209523,0.03666897482
2961,14.805000,-0.4384581111,0.03172368929,2.920627594e-06,-1.609325409e-06,-1.609325409e-06,1.633167267e-05,0,4.51088e-11,2.73021e-06,0.02893518563,-0.0162037015,-0.4406159152,0.03651853736
2962,14.810000,-0.4395236894,0.03172827791,2.920627594e-06,-1.609325409e-06,-1.609325409e-06,1.639127731e-05,0,4.52829e-11,2.73103e-06,0.02893518563,-0.0162037015,-0.4419477524,0.03634279603
2963,14.815000,-0.440960899,0.03177833091,2.920627594e-06,-1.609325409e-06,-1.609325409e-06,1.645088196e-05,0,4.5457e-11,2.73184e-06,0.02893518563,-0.0162037015,-0.443414652,0.03642204902
2964,14.820000,-0.4424535707,0.03183690179,2.920627594e-06,-1.609325409e-06,-1.609325409e-06,1.65104866e-05,0,4.56311e-11,2.73265e-06,0.02893518563,-0.0162037015,-0.4450141991,0.03674550263
2965,14.825000,-0.4438507594,0.03178688791,2.920627594e-06,-1.609325409e-06,-1.609325409e-06,1.657009125e-05,0,4.58051e-11,2.73345e-06,0.02893518563,-0.0162037015,-0.4467433805,0.03675961148
2966,14.830000,-0.4456899241,0.03189574089,2.920627594e-06,-1.609325409e-06,-1.609325409e-06,1.662969589e-05,0,4.59792e-11,2.73424e-06,0.02893518563,-0.0162037015,-0.4485985915,0.03670285279
2967,14.835000,-0.4478636496,0.03194930032,2.920627594e-06,-1.609325409e-06,-1.609325409e-06,1.668930054e-05,0,4.61533e-11,2.73503e-06,0.02893518563,-0.0162037015,-0.4505756437,0.03664150969
2968,14.840000,-0.4499625675,0.03200712055,2.920627594e-06,-1.609325409e-06,-1.609325409e-06,1.674890518e-05,0,4.63274e-11,2.73581e-06,0.02893518563,-0.0162037015,-0.452669775,0.03677057808
2969,14.845000,-0.4521305114,0.0320214862,2.920627594e-06,-1.609325409e-06,-1.609325409e-06,1.680850983e-05,0,4.65015e-11,2.73658e-06,0.02893518563,-0.0162037015,-0.4548756618,0.03678514029
2970,14.850000,-0.4542776495,0.031983505,2.920627594e-06,-1.609325409e-06,-1.609325409e-06,1.686811447e-05,0,4.66756e-11,2.73734e-06,0.02893518563,-0.0162037015,-0.4571874321,0.03681015314
2971,14.855000,-0.4567418061,0.03198677674,2.920627594e-06,-1.609325409e-06,-1.609325409e-06,1.692771912e-05,0,4.68496e-11,2.7381e-06,0.02893518563,-0.0162037015,-0.4595986808,0.03674359982
2972,14.860000,-0.4597174339,0.03209275194,2.920627594e-06,-1.609325409e-06,-1.609325409e-06,1.698732376e-05,0,4.70237e-11,2.73886e-06,0.02893518563,-0.0162037015,-0.4621024865,0.03695907786
2973,14.865000,-0.462421272,0.03221276775,2.920627594e-06,-1.609325409e-06,-1.609325409e-06,1.704692841e-05,0,4.71978e-11,2.73961e-06,0.02893518563,-0.0162037015,-0.4646914296,0.03695086943
2974,14.870000,-0.4652637392,0.0321487179,2.920627594e-06,-1.609325409e-06,-1.609325409e-06,1.710653305e-05,0,4.73719e-11,2.74035e-06,0.02893518563,-0.0162037015,-0.4673576123,0.03698085187
2975,14.875000,-0.4678981714,0.03229544125,2.920627594e-06,-1.609325409e-06,-1.609325409e-06,1.71661377e-05,0,4.7546e-11,2.74108e-06,0.02893518563,-0.0162037015,-0.4700926803,0.03720255446
2976,14.880000,-0.4710097089,0.03251254559,2.920627594e-06,-1.609325409e-06,-1.609325409e-06,1.722574234e-05,0,4.77201e-11,2.74181e-06,0.02893518563,-0.0162037015,-0.472887845,0.03723417042
2977,14.885000,-0.4738362022,0.03235498164,2.920627594e-06,-1.609325409e-06,-1.609325409e-06,1.728534698e-05,0,4.78941e-11,2.74254e-06,0.02893518563,-0.0162037015,-0.4757339079,0.03701339423
2978,14.890000,-0.4772451967,0.0325571103,2.920627594e-06,-1.609325409e-06,-1.609325409e-06,1.734495163e-05,0,4.80682e-11,2.74326e-06,0.02893518563,-0.0162037015,-0.4786212859,0.03732639288
2979,14.895000,-0.4802080616,0.0325870607,2.920627594e-06,-1.609325409e-06,-1.609325409e-06,1.740455627e-05,0,4.82423e-11,2.74397e-06,0.02893518563,-0.0162037015,-0.4815400381,0.03720960178
2980,14.900000,-0.4832090884,0.0326560773,2.920627594e-06,-1.609325409e-06,-1.609325409e-06,1.746416092e-05,0,4.84164e-11,2.74468e-06,0.02893518563,-0.0162037015,-0.4844798932,0.03740852363
2981,14.905000,-0.4861837104,0.03297759034,2.920627594e-06,-1.609325409e-06,-1.609325409e-06,1.752376556e-05,0,4.85905e-11,2.74538e-06,0.02893518563,-0.0162037015,-0.4874302786,0.03748550395
2982,14.910000,-0.4894057289,0.03317651525,2.920627594e-06,-1.609325409e-06,-1.609325409e-06,1.758337021e-05,0,4.87645e-11,2.74607e-06,0.02893518563,-0.0162037015,-0.4903803499,0.03759311425
2983,14.915000,-0.4923766404,0.03298051655,2.920627594e-06,-1.609325409e-06,-1.609325409e-06,1.764297485e-05,0,4.89386e-11,2.74676e-06,0.02893518563,-0.0162037015,-0.4933190216,0.03747778009
2984,14.920000,-0.4954625443,0.03301193845,2.920627594e-06,-1.609325409e-06,-1.609325409e-06,1.77025795e-05,0,4.91127e-11,2.74745e-06,0.02893518563,-0.0162037015,-0.4962349988,0.03750946803
2985,14.925000,-0.4989442416,0.03330417164,2.920627594e-06,-1.609325409e-06,-1.609325409e-06,1.776218414e-05,0,4.92868e-11,2.74813e-06,0.02893518563,-0.0162037015,-0.4991168089,0.03739723321
2986,14.930000,-0.5018952377,0.03343348391,2.920627594e-06,-1.609325409e-06,-1.609325409e-06,1.782178879e-05,0,4.94609e-11,2.7488e-06,0.02893518563,-0.0162037015,-0.5019528347,0.03701965293
2987,14.935000,-0.5043854862,0.03337744437,2.920627594e-06,-1.609325409e-06,-1.609325409e-06,1.788139343e-05,0,4.9635e-11,2.74947e-06,0.02893518563,-0.0162037015,-0.5047313476,0.03750970373
2988,14.940000,-0.5071091242,0.03333632741,2.920627594e-06,-1.609325409e-06,-1.609325409e-06,1.794099808e-05,0,4.9809e-11,2.75014e-06,0.02893518563,-0.0162037015,-0.5074405413,0.03781187761
2989,14.945000,-0.5094381869,0.03330031689,2.920627594e-06,-1.668930054e-06,-1.668930054e-06,1.800060272e-05,0,4.97877e-11,2.73813e-06,0.02893518563,-0.01678240299,-0.5100685659,0.03792471881
2990,14.950000,-0.5118849985,0.0331741916,2.920627594e-06,-1.728534698e-06,-1.728534698e-06,1.800060272e-05,0,4.95852e-11,2.72503e-06,0.02893518563,-0.01736110449,-0.512603562,0.03812003227
2991,14.955000,-0.5146037675,0.03327022959,2.920627594e-06,-1.788139343e-06,-1.788139343e-06,1.800060272e-05,0,4.93756e-11,2.7115e-06,0.02893518563,-0.01793982089,-0.5150336955,0.03805818542
2992,14.960000,-0.5170592144,0.03355581313,2.920627594e-06,-1.847743988e-06,-1.847743988e-06,1.800060272e-05,0,4.91589e-11,2.69752e-06,0.02893518563,-0.01851852238,-0.5173471916,0.03786134128
2993,14.965000,-0.5188563168,0.03320934158,2.920627594e-06,-1.907348633e-06,-1.907348633e-06,1.800060272e-05,0,4.89351e-11,2.68312e-06,0.02893518563,-0.01909722388,-0.5195323698,0.03763613434
2994,14.970000,-0.5203428641,0.0330260722,2.920627594e-06,-1.966953278e-06,-1.966953278e-06,1.800060272e-05,0,4.87042e-11,2.66829e-06,0.02893518563,-0.01967592537,-0.5215776774,0.03772557903
2995,14.975000,-0.5223027989,0.0331085315,2.920627594e-06,-2.026557922e-06,-2.026557922e-06,1.800060272e-05,0,4.84661e-11,2.65303e-06,0.02893518563,-0.02025462687,-0.523471724,0.03770281209
2996,14.980000,-0.523812931,0.03299540281,2.920627594e-06,-2.086162567e-06,-2.086162567e-06,1.800060272e-05,0,4.8221e-11,2.63735e-06,0.02893518563,-0.02083332837,-0.5252033152,0.03792779126
2997,14.985000,-0.5253292322,0.03311721887,2.920627594e-06,-2.145767212e-06,-2.145767212e-06,1.800060272e-05,0,4.79687e-11,2.62124e-06,0.02893518563,-0.02141202986,-0.5267614854,0.03770500329
2998,14.990000,-0.5264335386,0.03306726646,2.920627594e-06,-2.205371857e-06,-2.205371857e-06,1.800060272e-05,0,4.77094e-11,2.60472e-06,0.02893518563,-0.02199074626,-0.5281355306,0.03759976727
2999,14.995000,-0.5278124362,0.0331854634,2.920627594e-06,-2.264976501e-06,-2.264976501e-06,1.800060272e-05,0,4.74429e-11,2.58778e-06,0.02893518563,-0.02256944776,-0.5293150406,0.03759221473
3000,15.000000,-0.5288455337,0.0331476992,2.920627594e-06,-2.324581146e-06,-2.324581146e-06,1.800060272e-05,0,4.71694e-11,2.57043e-06,0.02893518563,-0.02314814925,-0.5302899297,0.03758060507
3001,15.005000,-0.5293821022,0.03307250701,2.920627594e-06,-2.384185791e-06,-2.384185791e-06,1.800060272e-05,0,4.68887e-11,2.55266e-06,0.02893518563,-0.02372685075,-0.5310504679,0.03757532565
3002,15.010000,-0.5291669071,0.0326457154,2.920627594e-06,-2.443790436e-06,-2.443790436e-06,1.800060272e-05,0,4.66009e-11,2.53449e-06,0.02893518563,-0.02430555224,-0.5315873097,0.0373073905
3003,15.015000,-0.5296528563,0.03299524542,2.920627594e-06,-2.503395081e-06,-2.503395081e-06,1.800060272e-05,0,4.63061e-11,2.51591e-06,0.02893518563,-0.02488425374,-0.5318915232,0.03696498551
3004,15.020000,-0.5296899267,0.0331110172,2.920627594e-06,-2.562999725e-06,-2.562999725e-06,1.800060272e-05,0,4.60041e-11,2.49692e-06,0.02893518563,-0.02546297014,-0.531954617,0.03709908184
3005,15.025000,-0.5292385928,0.03322666138,2.920627594e-06,-2.62260437e-06,-2.62260437e-06,1.800060272e-05,0,4.5695e-11,2.47754e-06,0.02893518563,-0.02604167163,-0.5317685669,0.03712464105
3006,15.030000,-0.5287280865,0.03308793623,2.920627594e-06,-2.682209015e-06,-2.682209015e-06,1.800060272e-05,0,4.53788e-11,2.45776e-06,0.02893518563,-0.02662037313,-0.5313258408,0.03725663947
3007,15.035000,-0.5277640708,0.03326735832,2.920627594e-06,-2.74181366e-06,-2.74181366e-06,1.800060272e-05,0,4.50555e-11,2.43759e-06,0.02893518563,-0.02719907463,-0.5306194224,0.03722801805
3008,15.040000,-0.5268879421,0.03337582294,2.920627594e-06,-2.801418304e-06,-2.801418304e-06,1.800060272e-05,0,4.47251e-11,2.41702e-06,0.02893518563,-0.02777777612,-0.5296428337,0.03711250944
3009,15.045000,-0.5255840607,0.03384931106,2.920627594e-06,-2.861022949e-06,-2.861022949e-06,1.800060272e-05,0,4.43876e-11,2.39607e-06,0.02893518563,-0.02835647762,-0.5283901556,0.03704079925
3010,15.050000,-0.5235736854,0.03383806255,2.920627594e-06,-2.920627594e-06,-2.920627594e-06,1.800060272e-05,0,4.4043e-11,2.37473e-06,0.02893518563,-0.02893517911,-0.5268560477,0.03724734257
3011,15.055000,-0.5216640308,0.03396429494,2.920627594e-06,-2.980232239e-06,-2.980232239e-06,1.788139343e-05,0,4.33431e-11,2.34881e-06,0.02893518563,-0.02951389551,-0.5250357658,0.03679692563
3012,15.060000,-0.5198211744,0.03451921232,2.920627594e-06,-2.980232239e-06,-2.980232239e-06,1.776218414e-05,0,4.29949e-11,2.34455e-06,0.02893518563,-0.02951389551,-0.5229251785,0.0367004955
3013,15.065000,-0.5176752992,0.03482372221,2.920627594e-06,-2.980232239e-06,-2.980232239e-06,1.764297485e-05,0,4.26468e-11,2.34022e-06,0.02893518563,-0.02951389551,-0.5205207813,0.03672408575
3014,15.070000,-0.5146349333,0.03482650686,2.920627594e-06,-2.980232239e-06,-2.980232239e-06,1.752376556e-05,0,4.22986e-11,2.33584e-06,0.02893518563,-0.02951389551,-0.5178197101,0.03658759933
3015,15.075000,-0.5116128549,0.03512010071,2.920627594e-06,-2.980232239e-06,-2.980232239e-06,1.740455627e-05,0,4.19504e-11,2.33138e-06,0.02893518563,-0.02951389551,-0.5148197514,0.0363586375
3016,15.080000,-0.5075410046,0.03455569595,2.920627594e-06,-2.980232239e-06,-2.980232239e-06,1.728534698e-05,0,4.16023e-11,2.32687e-06,0.02893518563,-0.02951389551,-0.5115193528,0.03617778405
3017,15.085000,-0.5042485632,0.03471380845,2.920627594e-06,-2.980232239e-06,-2.980232239e-06,1.71661377e-05,0,4.12541e-11,2.32228e-06,0.02893518563,-0.02951389551,-0.5079176294,0.03581951051
3018,15.090000,-0.5006255992,0.03487243131,2.920627594e-06,-2.980232239e-06,-2.980232239e-06,1.704692841e-05,0,4.09059e-11,2.31763e-06,0.02893518563,-0.02951389551,-0.5040143704,0.03568102897
3019,15.095000,-0.4967302866,0.03505430371,2.920627594e-06,-2.980232239e-06,-2.980232239e-06,1.692771912e-05,0,4.05578e-11,2.3129e-06,0.02893518563,-0.02951389551,-0.4998100423,0.03612469373
3020,15.100000,-0.4924922027,0.03548652027,2.920627594e-06,-2.980232239e-06,-2.980232239e-06,1.680850983e-05,0,4.02096e-11,2.30811e-06,0.02893518563,-0.02951389551,-0.4953057914,0.03635806844
3021,15.105000,-0.4879339226,0.03586053289,2.920627594e-06,-2.980232239e-06,-2.980232239e-06,1.668930054e-05,0,3.98614e-11,2.30324e-06,0.02893518563,-0.02951389551,-0.4905034434,0.03646186817
3022,15.110000,-0.4827440754,0.03580285236,2.920627594e-06,-2.980232239e-06,-2.980232239e-06,1.657009125e-05,0,3.95133e-11,2.2983e-06,0.02893518563,-0.02951389551,-0.4854055022,0.03627621057
3023,15.115000,-0.4776276648,0.03613646794,2.920627594e-06,-2.980232239e-06,-2.980232239e-06,1.645088196e-05,0,3.91651e-11,2.29328e-06,0.02893518563,-0.02951389551,-0.480015146,0.03628375581
3024,15.120000,-0.4716223031,0.03603605926,2.920627594e-06,-2.980232239e-06,-2.980232239e-06,1.633167267e-05,0,3.88169e-11,2.28818e-06,0.02893518563,-0.02951389551,-0.4743362216,0.03545100262
3025,15.125000,-0.4655407369,0.03637004551,2.920627594e-06,-2.980232239e-06,-2.980232239e-06,1.621246338e-05,0,3.84688e-11,2.283e-06,0.02893518563,-0.02951389551,-0.4683732376,0.03577708234
3026,15.130000,-0.4593628459,0.03661985695,2.920627594e-06,-2.980232239e-06,-2.980232239e-06,1.609325409e-05,0,3.81206e-11,2.27774e-06,0.02893518563,-0.02951389551,-0.4621313547,0.03567810017
3027,15.135000,-0.4526557326,0.0364950113,2.920627594e-06,-2.980232239e-06,-2.980232239e-06,1.59740448e-05,0,3.77725e-11,2.2724e-06,0.02893518563,-0.02951389551,-0.4556163752,0.03536803693
3028,15.140000,-0.4453007244,0.03618353419,2.920627594e-06,-2.980232239e-06,-2.980232239e-06,1.585483551e-05,0,3.74243e-11,2.26697e-06,0.02893518563,-0.02951389551,-0.4488347298,0.03511659305
3029,15.145000,-0.4379891381,0.03623701353,2.920627594e-06,-2.980232239e-06,-2.980232239e-06,1.573562622e-05,0,3.70761e-11,2.26146e-06,0.02893518563,-0.02951389551,-0.4417934636,0.03498528496
3030,15.150000,-0.4305214435,0.03632754087,2.920627594e-06,-2.980232239e-06,-2.980232239e-06,1.561641693e-05,0,3.6728e-11,2.25585e-06,0.02893518563,-0.02951389551,-0.4345002195,0.0350240882
3031,15.155000,-0.4227305092,0.03603135888,2.920627594e-06,-2.980232239e-06,-2.980232239e-06,1.549720764e-05,0,3.63798e-11,2.25016e-06,0.02893518563,-0.02951389551,-0.4269632205,0.03520813954
3032,15.160000,-0.4151962139,0.03633390088,2.920627594e-06,-2.980232239e-06,-2.980232239e-06,1.537799835e-05,0,3.60316e-11,2.24437e-06,0.02893518563,-0.02951389551,-0.4191912504,0.03499882424
3033,15.165000,-0.4069973156,0.03617302328,2.920627594e-06,-2.980232239e-06,-2.980232239e-06,1.525878906e-05,0,3.56835e-11,2.23848e-06,0.02893518563,-0.02951389551,-0.4111936323,0.03540497613
3034,15.170000,-0.3991170451,0.03653846122,2.920627594e-06,-2.980232239e-06,-2.980232239e-06,1.513957977e-05,0,3.53353e-11,2.2325e-06,0.02893518563,-0.02951389551,-0.4029802068,0.03517401044
3035,15.175000,-0.3904812559,0.03647680394,2.920627594e-06,-2.980232239e-06,-2.980232239e-06,1.502037048e-05,0,3.49871e-11,2.22641e-06,0.02893518563,-0.02951389551,-0.3945613074,0.03582309345
3036,15.180000,-0.382002607,0.03656627424,2.920627594e-06,-2.980232239e-06,-2.980232239e-06,1.490116119e-05,0,3.4639e-11,2.22022e-06,0.02893518563,-0.02951389551,-0.3859477353,0.03601984461
3037,15.185000,-0.3734495156,0.03708515968,2.920627594e-06,-2.980232239e-06,-2.980232239e-06,1.47819519e-05,0,3.42908e-11,2.21393e-06,0.02893518563,-0.02951389551,-0.3771507332,0.03620412642
3038,15.190000,-0.3643023893,0.03703331109,2.920627594e-06,-2.980232239e-06,-2.980232239e-06,1.466274261e-05,0,3.39426e-11,2.20753e-06,0.02893518563,-0.02951389551,-0.3681819566,0.03647929304
3039,15.195000,-0.3549268506,0.03700470179,2.920627594e-06,-2.980232239e-06,-2.980232239e-06,1.454353333e-05,0,3.35945e-11,2.20102e-06,0.02893518563,-0.02951389551,-0.3590534456,0.03667178383
3040,15.200000,-0.3455031067,0.03678009845,2.920627594e-06,-2.980232239e-06,-2.980232239e-06,1.442432404e-05,0,3.32463e-11,2.19439e-06,0.02893518563,-0.02951389551,-0.3497775943,0.0364239998
3041,15.205000,-0.3361482471,0.0368178878,2.920627594e-06,-2.980232239e-06,-2.980232239e-06,1.430511475e-05,0,3.28981e-11,2.18765e-06,0.02893518563,-0.02951389551,-0.3403671199,0.03645894931
3042,15.210000,-0.3267084993,0.03705724329,2.920627594e-06,-2.980232239e-06,-2.980232239e-06,1.418590546e-05,0,3.255e-11,2.18079e-06,0.02893518563,-0.02951389551,-0.3308350304,0.03629614894
3043,15.215000,-0.3171233982,0.03696987219,2.920627594e-06,-2.980232239e-06,-2.980232239e-06,1.406669617e-05,0,3.22018e-11,2.17381e-06,0.02893518563,-0.02951389551,-0.3211945923,0.03642628928
3044,15.220000,-0.3076670878,0.03719843924,2.920627594e-06,-2.980232239e-06,-2.980232239e-06,1.394748688e-05,0,3.18536e-11,2.16671e-06,0.02893518563,-0.02951389551,-0.3114592966,0.0362033104
3045,15.225000,-0.2982753143,0.03739210963,2.920627594e-06,-2.980232239e-06,-2.980232239e-06,1.382827759e-05,0,3.15055e-11,2.15947e-06,0.02893518563,-0.02951389551,-0.3016428249,0.0362064181
3046,15.230000,-0.2879954912,0.03695026413,2.920627594e-06,-2.980232239e-06,-2.980232239e-06,1.37090683e-05,0,3.11573e-11,2.15211e-06,0.02893518563,-0.02951389551,-0.2917590145,0.03620585887
3047,15.235000,-0.2779333107,0.03680129908,2.920627594e-06,-2.980232239e-06,-2.980232239e-06,1.358985901e-05,0,3.08091e-11,2.1446e-06,0.02893518563,-0.02951389551,-0.2818218233,0.03604230831
3048,15.240000,-0.2686433382,0.03710744809,2.920627594e-06,-2.980232239e-06,-2.980232239e-06,1.347064972e-05,0,3.0461e-11,2.13697e-06,0.02893518563,-0.02951389551,-0.2718452942,0.03614739734
3049,15.245000,-0.2589991204,0.03724762704,2.920627594e-06,-2.980232239e-06,-2.980232239e-06,1.335144043e-05,0,3.01128e-11,2.12918e-06,0.02893518563,-0.02951389551,-0.2618435198,0.03585657096
3050,15.250000,-0.2490236759,0.03695192561,2.920627594e-06,-2.980232239e-06,-2.980232239e-06,1.323223114e-05,0,2.97646e-11,2.12126e-06,0.02893518563,-0.02951389551,-0.2518306058,0.03576695293
3051,15.255000,-0.238981843,0.03707214538,2.920627594e-06,-2.980232239e-06,-2.980232239e-06,1.311302185e-05,0,2.94165e-11,2.11318e-06,0.02893518563,-0.02951389551,-0.2418206357,0.03557999041
3052,15.260000,-0.2284807786,0.03665407654,2.920627594e-06,-2.980232239e-06,-2.980232239e-06,1.299381256e-05,0,2.90683e-11,2.10495e-06,0.02893518563,-0.02951389551,-0.2318276345,0.03574468957
3053,15.265000,-0.2186245844,0.03663075529,2.920627594e-06,-2.980232239e-06,-2.980232239e-06,1.287460327e-05,0,2.87201e-11,2.09656e-06,0.02893518563,-0.02951389551,-0.2218655331,0.03553736121
3054,15.270000,-0.209197659,0.03707469348,2.920627594e-06,-2.980232239e-06,-2.980232239e-06,1.275539398e-05,0,2.8372e-11,2.08802e-06,0.02893518563,-0.02951389551,-0.2119481329,0.03550196304
3055,15.275000,-0.1996446922,0.03743726388,2.920627594e-06,-2.980232239e-06,-2.980232239e-06,1.263618469e-05,0,2.80238e-11,2.0793e-06,0.02893518563,-0.02951389551,-0.2020890706,0.03558007631
3056,15.280000,-0.1902249604,0.03763720393,2.920627594e-06,-2.980232239e-06,-2.980232239e-06,1.25169754e-05,0,2.76756e-11,2.07042e-06,0.02893518563,-0.02951389551,-0.1923017835,0.03597353464
3057,15.285000,-0.1798509434,0.03727860935,2.920627594e-06,-2.980232239e-06,-2.980232239e-06,1.239776611e-05,0,2.73275e-11,2.06136e-06,0.02893518563,-0.02951389551,-0.1825994753,0.03598432624
3058,15.290000,-0.1707070023,0.03748363443,2.920627594e-06,-2.980232239e-06,-2.980232239e-06,1.227855682e-05,0,2.69793e-11,2.05212e-06,0.02893518563,-0.02951389551,-0.1729950827,0.0360412801
3059,15.295000,-0.1616031043,0.03778743837,2.920627594e-06,-2.980232239e-06,-2.980232239e-06,1.215934753e-05,0,2.66311e-11,2.04269e-06,0.02893518563,-0.02951389551,-0.1635012427,0.03601722577
3060,15.300000,-0.1518811248,0.03745460603,2.920627594e-06,-2.980232239e-06,-2.980232239e-06,1.204013824e-05,0,2.6283e-11,2.03308e-06,0.02893518563,-0.02951389551,-0.1541302606,0.03583721588
3061,15.305000,-0.1433662474,0.0379140852,2.920627594e-06,-2.980232239e-06,-2.980232239e-06,1.192092896e-05,0,2.59348e-11,2.02327e-06,0.02893518563,-0.02951389551,-0.1448940789,0.0359385254
3062,15.310000,-0.134373609,0.03808448464,2.920627594e-06,-2.980232239e-06,-2.980232239e-06,1.180171967e-05,0,2.55866e-11,2.01326e-06,0.02893518563,-0.02951389551,-0.1358042472,0.03546472938
3063,15.315000,-0.1254956163,0.03777081147,2.920627594e-06,-2.980232239e-06,-2.980232239e-06,1.168251038e-05,0,2.52385e-11,2.00304e-06,0.02893518563,-0.02951389551,-0.1268718935,0.03561215123
3064,15.320000,-0.1167936251,0.03739777487,2.920627594e-06,-2.980232239e-06,-2.980232239e-06,1.156330109e-05,0,2.48903e-11,1.99261e-06,0.02893518563,-0.02951389551,-0.1181076964,0.03595836
3065,15.325000,-0.1085110605,0.0377379423,2.920627594e-06,-2.980232239e-06,-2.980232239e-06,1.14440918e-05,0,2.45421e-11,1.98196e-06,0.02893518563,-0.02951389551,-0.1095218581,0.03607226867
3066,15.330000,-0.09995520115,0.03720427305,2.920627594e-06,-2.980232239e-06,-2.980232239e-06,1.132488251e-05,0,2.4194e-11,1.97109e-06,0.02893518563,-0.02951389551,-0.10112408,0.03619025258
3067,15.335000,-0.09223330021,0.03764756862,2.920627594e-06,-2.980232239e-06,-2.980232239e-06,1.120567322e-05,0,2.38458e-11,1.95999e-06,0.02893518563,-0.02951389551,-0.09292353784,0.03613619605
3068,15.340000,-0.08449258655,0.0375563642,2.920627594e-06,-2.980232239e-06,-2.980232239e-06,1.108646393e-05,0,2.34976e-11,1.94865e-06,0.02893518563,-0.02951389551,-0.08492886017,0.03623326825
3069,15.345000,-0.07731200382,0.03782570269,2.920627594e-06,-2.980232239e-06,-2.980232239e-06,1.096725464e-05,0,2.31495e-11,1.93706e-06,0.02893518563,-0.02951389551,-0.07714810697,0.03613257744
3070,15.350000,-0.0696709156,0.03772714827,2.920627594e-06,-2.980232239e-06,-2.980232239e-06,1.084804535e-05,0,2.28013e-11,1.92523e-06,0.02893518563,-0.02951389551,-0.06958875046,0.03628428569
3071,15.355000,-0.06224199012,0.03759055119,2.920627594e-06,-2.980232239e-06,-2.980232239e-06,1.072883606e-05,0,2.24532e-11,1.91313e-06,0.02893518563,-0.02951389551,-0.06225765738,0.0360468232
3072,15.360000,-0.05561346188,0.03802817501,2.920627594e-06,-2.980232239e-06,-2.980232239e-06,1.060962677e-05,0,2.2105e-11,1.90077e-06,0.02893518563,-0.02951389551,-0.05516107297,0.03585915599
3073,15.365000,-0.04855363071,0.03780731,2.920627594e-06,-2.980232239e-06,-2.980232239e-06,1.049041748e-05,0,2.17568e-11,1.88814e-06,0.02893518563,-0.02951389551,-0.04830460663,0.03604996694
3074,15.370000,-0.04185067862,0.03770160396,2.920627594e-06,-2.980232239e-06,-2.980232239e-06,1.037120819e-05,0,2.14087e-11,1.87522e-06,0.02893518563,-0.02951389551,-0.04169321934,0.03612512857
3075,15.375000,-0.0360208042,0.03784524929,2.920627594e-06,-2.980232239e-06,-2.980232239e-06,1.02519989e-05,0,2.10605e-11,1.86201e-06,0.02893518563,-0.02951389551,-0.03533121287,0.03640169577
3076,15.380000,-0.0297633037,0.03748810012,2.920627594e-06,-2.980232239e-06,-2.980232239e-06,1.013278961e-05,0,2.07123e-11,1.8485e-06,0.02893518563,-0.02951389551,-0.02922222083,0.03659539425
3077,15.385000,-0.02439158782,0.03767040186,2.920627594e-06,-2.980232239e-06,-2.980232239e-06,1.001358032e-05,0,2.03642e-11,1.83469e-06,0.02893518563,-0.02951389551,-0.02336920148,0.03645584131
3078,15.390000,-0.01887895167,0.03782926127,2.920627594e-06,-2.980232239e-06,-2.980232239e-06,9.894371033e-06,0,2.0016e-11,1.82055e-06,0.02893518563,-0.02951389551,-0.0177744325,0.03669076
3079,15.395000,-0.0130533725,0.03763691895,2.920627594e-06,-2.980232239e-06,-2.980232239e-06,9.775161743e-06,0,1.96678e-11,1.8061e-06,0.02893518563,-0.02951389551,-0.01243950756,0.03664747566
3080,15.400000,-0.008610431105,0.03792121634,2.920627594e-06,-2.980232239e-06,-2.980232239e-06,9.655952454e-06,0,1.93197e-11,1.7913e-06,0.02893518563,-0.02951389551,-0.007365334784,0.03661682167
3081,15.405000,-0.003606837243,0.03769571334,2.920627594e-06,-2.980232239e-06,-2.980232239e-06,9.536743164e-06,0,1.89715e-11,1.77615e-06,0.02893518563,-0.02951389551,-0.002552137092,0.03685842228
3082,15.410000,0.0011026375,0.03751342837,2.920627594e-06,-2.980232239e-06,-2.980232239e-06,9.417533875e-06,0,1.86233e-11,1.76065e-06,0.02893518563,-0.02951389551,0.002000545562,0.03652232666
3083,15.415000,0.005306959152,0.03761169501,2.920627594e-06,-2.980232239e-06,-2.980232239e-06,9.298324585e-06,0,1.82752e-11,1.74478e-06,0.02893518563,-0.02951389551,0.006293852102,0.03650269593
3084,15.420000,0.00910718739,0.03768847045,2.920627594e-06,-2.980232239e-06,-2.980232239e-06,9.179115295e-06,0,1.7927e-11,1.72853e-06,0.02893518563,-0.02951389551,0.01032959438,0.03655073789
3085,15.425000,0.01287411526,0.03770918306,2.920627594e-06,-2.980232239e-06,-2.980232239e-06,9.059906006e-06,0,1.75788e-11,1.71189e-06,0.02893518563,-0.02951389551,0.01411024936,0.0366729613
3086,15.430000,0.01648670807,0.03716636449,2.920627594e-06,-2.980232239e-06,-2.980232239e-06,8.940696716e-06,0,1.72307e-11,1.69485e-06,0.02893518563,-0.02951389551,0.01763894956,0.03690025262
3087,15.435000,0.01966146752,0.03692120686,2.920627594e-06,-2.980232239e-06,-2.980232239e-06,8.821487427e-06,0,1.68825e-11,1.67739e-06,0.02893518563,-0.02951389551,0.02091947159,0.03707287386
3088,15.440000,0.02323159575,0.03643726278,2.920627594e-06,-2.980232239e-06,-2.980232239e-06,8.702278137e-06,0,1.65343e-11,1.65951e-06,0.02893518563,-0.02951389551,0.02395622309,0.03687655953
3089,15.445000,0.02588715777,0.0366826579,2.920627594e-06,-2.980232239e-06,-2.980232239e-06,8.583068848e-06,0,1.61862e-11,1.64118e-06,0.02893518563,-0.02951389551,0.02675422776,0.0369629529
3090,15.450000,0.02865136787,0.03678176925,2.920627594e-06,-2.980232239e-06,-2.980232239e-06,8.463859558e-06,0,1.5838e-11,1.6224e-06,0.02893518563,-0.02951389551,0.02931910895,0.03694065837
3091,15.455000,0.03081792593,0.03707752377,2.920627594e-06,-2.980232239e-06,-2.980232239e-06,8.344650269e-06,0,1.54898e-11,1.60315e-06,0.02893518563,-0.02951389551,0.03165707139,0.03689889967
3092,15.460000,0.03310326859,0.03699952643,2.920627594e-06,-2.980232239e-06,-2.980232239e-06,8.225440979e-06,0,1.51417e-11,1.58342e-06,0.02893518563,-0.02951389551,0.03377488154,0.03691590847
3093,15.465000,0.03539391607,0.03650669288,2.920627594e-06,-2.980232239e-06,-2.980232239e-06,8.106231689e-06,0,1.47935e-11,1.56319e-06,0.02893518563,-0.02951389551,0.03567984633,0.03681120182
3094,15.470000,0.03697010502,0.03639876097,2.920627594e-06,-2.980232239e-06,-2.980232239e-06,7.9870224e-06,0,1.44453e-11,1.54245e-06,0.02893518563,-0.02951389551,0.03737979045,0.03712719885
3095,15.475000,0.03835000843,0.03615169879,2.920627594e-06,-2.980232239e-06,-2.980232239e-06,7.86781311e-06,0,1.40972e-11,1.52118e-06,0.02893518563,-0.02951389551,0.0388830323,0.03728727947
3096,15.480000,0.03952528164,0.03591623344,2.920627594e-06,-2.980232239e-06,-2.980232239e-06,7.748603821e-06,0,1.3749e-11,1.49937e-06,0.02893518563,-0.02951389551,0.04019835857,0.03695999485
3097,15.485000,0.0411779061,0.03543484863,2.920627594e-06,-2.980232239e-06,-2.980232239e-06,7.629394531e-06,0,1.34008e-11,1.477e-06,0.02893518563,-0.02951389551,0.04133499764,0.03665634535
3098,15.490000,0.04179170355,0.03616801836,2.920627594e-06,-2.980232239e-06,-2.980232239e-06,7.510185242e-06,0,1.30527e-11,1.45405e-06,0.02893518563,-0.02951389551,0.04230259174,0.03620146149
3099,15.495000,0.04291479662,0.03600121289,2.920627594e-06,-2.980232239e-06,-2.980232239e-06,7.390975952e-06,0,1.27045e-11,1.43051e-06,0.02893518563,-0.02951389551,0.04311116805,0.03608131732
3100,15.500000,0.04332918301,0.03625356406,2.920627594e-06,-2.980232239e-06,-2.980232239e-06,7.271766663e-06,0,1.23563e-11,1.40636e-06,0.02893518563,-0.02951389551,0.04377110884,0.03605972095
3101,15.505000,0.04387932271,0.0363022862,2.920627594e-06,-2.980232239e-06,-2.980232239e-06,7.152557373e-06,0,1.20082e-11,1.38158e-06,0.02893518563,-0.02951389551,0.04429312064,0.03570863915
3102,15.510000,0.04447259754,0.0358988829,2.920627594e-06,-2.980232239e-06,-2.980232239e-06,7.033348083e-06,0,1.166e-11,1.35616e-06,0.02893518563,-0.02951389551,0.04468820257,0.03582080575
3103,15.515000,0.04480387643,0.03576324042,2.920627594e-06,-2.980232239e-06,-2.980232239e-06,6.914138794e-06,0,1.13118e-11,1.33007e-06,0.02893518563,-0.02951389551,0.04496761397,0.03598285872
3104,15.520000,0.04461124539,0.03585305624,2.920627594e-06,-2.980232239e-06,-2.980232239e-06,6.794929504e-06,0,1.09637e-11,1.3033e-06,0.02893518563,-0.02951389551,0.04514284135,0.03576181009
3105,15.525000,0.04521007463,0.03548854403,2.920627594e-06,-2.980232239e-06,-2.980232239e-06,6.675720215e-06,0,1.06155e-11,1.27582e-06,0.02893518563,-0.02951389551,0.04522556483,0.03596770874
3106,15.530000,0.04523741081,0.03534361999,2.920627594e-06,-2.980232239e-06,-2.980232239e-06,6.556510925e-06,0,1.02673e-11,1.24762e-06,0.02893518563,-0.02951389551,0.04522762406,0.03607847098
3107,15.535000,0.04462201148,0.03536022641,2.920627594e-06,-2.980232239e-06,-2.980232239e-06,6.437301636e-06,0,9.91918e-12,1.21869e-06,0.02893518563,-0.02951389551,0.04516098381,0.03607785307
3108,15.540000,0.04420461133,0.03598128725,2.920627594e-06,-2.980232239e-06,-2.980232239e-06,6.318092346e-06,0,9.57101e-12,1.18898e-06,0.02893518563,-0.02951389551,0.04503769931,0.03653647995
3109,15.545000,0.04424890876,0.03549150005,2.920627594e-06,-2.980232239e-06,-2.980232239e-06,6.198883057e-06,0,9.22284e-12,1.1585e-06,0.02893518563,-0.02951389551,0.04486988143,0.0364869487
3110,15.550000,0.04401150346,0.03573500365,2.920627594e-06,-2.980232239e-06,-2.980232239e-06,6.079673767e-06,0,8.87468e-12,1.12722e-06,0.02893518563,-0.02951389551,0.04466966172,0.03624339238
3111,15.555000,0.0441984497,0.03562359605,2.920627594e-06,-2.980232239e-06,-2.980232239e-06,5.960464478e-06,0,8.52651e-12,1.09511e-06,0.02893518563,-0.02951389551,0.04444915762,0.03624970568
3112,15.560000,0.0440787077,0.03546123393,2.920627594e-06,-2.920627594e-06,-2.920627594e-06,5.960464478e-06,0,8.87823e-12,1.1481e-06,0.02893518563,-0.02893517911,0.04422043764,0.03590886883
3113,15.565000,0.0438712053,0.03557115793,2.920627594e-06,-2.861022949e-06,-2.861022949e-06,5.960464478e-06,0,9.22284e-12,1.20085e-06,0.02893518563,-0.02835647762,0.04399548695,0.03625509902
3114,15.570000,0.04356426746,0.03565611783,2.920627594e-06,-2.801418304e-06,-2.801418304e-06,5.960464478e-06,0,9.56035e-12,1.25337e-06,0.02893518563,-0.02777777612,0.04378617309,0.03655863667
3115,15.575000,0.04346667603,0.03562529758,2.920627594e-06,-2.74181366e-06,-2.74181366e-06,5.960464478e-06,0,9.89075e-12,1.30563e-06,0.02893518563,-0.02719907463,0.04360421235,0.03624034371
3116,15.580000,0.04350397363,0.03544701356,2.920627594e-06,-2.682209015e-06,-2.682209015e-06,5.960464478e-06,0,1.02141e-11,1.35763e-06,0.02893518563,-0.02662037313,0.04346113643,0.03613447231
3117,15.585000,0.04311693832,0.03582669888,2.920627594e-06,-2.62260437e-06,-2.62260437e-06,5.960464478e-06,0,1.05302e-11,1.40934e-06,0.02893518563,-0.02604167163,0.04336825991,0.0361580323
3118,15.590000,0.04348674789,0.03594114538,2.920627594e-06,-2.562999725e-06,-2.562999725e-06,5.960464478e-06,0,1.08393e-11,1.46076e-06,0.02893518563,-0.02546297014,0.04333664829,0.03598986312
3119,15.595000,0.04334195703,0.03612206131,2.920627594e-06,-2.503395081e-06,-2.503395081e-06,5.960464478e-06,0,1.11413e-11,1.51187e-06,0.02893518563,-0.02488425374,0.04337708694,0.03618967962
3120,15.600000,0.04378738254,0.03578138445,2.920627594e-06,-2.443790436e-06,-2.443790436e-06,5.960464478e-06,0,1.14362e-11,1.56265e-06,0.02893518563,-0.02430555224,0.04350005081,0.03625019755
3121,15.605000,0.04401345178,0.03570944164,2.920627594e-06,-2.384185791e-06,-2.384185791e-06,5.960464478e-06,0,1.1724e-11,1.61309e-06,0.02893518563,-0.02372685075,0.04371567528,0.03615956991
3122,15.610000,0.0448599644,0.03531231452,2.920627594e-06,-2.324581146e-06,-2.324581146e-06,5.960464478e-06,0,1.20046e-11,1.66317e-06,0.02893518563,-0.02314814925,0.04403372788,0.03656573449
3123,15.615000,0.04549351335,0.03494201414,2.920627594e-06,-2.264976501e-06,-2.264976501e-06,5.960464478e-06,0,1.22782e-11,1.71286e-06,0.02893518563,-0.02256944776,0.04446358125,0.03653061107
3124,15.620000,0.04612047225,0.03469840158,2.920627594e-06,-2.205371857e-06,-2.205371857e-06,5.960464478e-06,0,1.25446e-11,1.76215e-06,0.02893518563,-0.02199074626,0.04501418732,0.03667578143
3125,15.625000,0.04648778588,0.03506686818,2.920627594e-06,-2.145767212e-06,-2.145767212e-06,5.960464478e-06,0,1.2804e-11,1.81101e-06,0.02893518563,-0.02141202986,0.04569405273,0.03690399119
3126,15.630000,0.04726928473,0.03515283577,2.920627594e-06,-2.086162567e-06,-2.086162567e-06,5.960464478e-06,0,1.30562e-11,1.85942e-06,0.02893518563,-0.02083332837,0.04651121558,0.03668309888
3127,15.635000,0.04765043035,0.03558655735,2.920627594e-06,-2.026557922e-06,-2.026557922e-06,5.960464478e-06,0,1.33014e-11,1.90735e-06,0.02893518563,-0.02025462687,0.04747322363,0.03673700597
3128,15.640000,0.04879699647,0.03546762373,2.920627594e-06,-1.966953278e-06,-1.966953278e-06,5.960464478e-06,0,1.35394e-11,1.95478e-06,0.02893518563,-0.01967592537,0.04858711403,0.03630920155
3129,15.645000,0.05014845356,0.0353884073,2.920627594e-06,-1.907348633e-06,-1.907348633e-06,5.960464478e-06,0,1.37703e-11,2.00167e-06,0.02893518563,-0.01909722388,0.04985939443,0.03671457452
3130,15.650000,0.05196967721,0.03519638907,2.920627594e-06,-1.847743988e-06,-1.847743988e-06,5.960464478e-06,0,1.39941e-11,2.04799e-06,0.02893518563,-0.01851852238,0.05129602584,0.03710522172
3131,15.655000,0.05369132757,0.03517073393,2.920627594e-06,-1.788139343e-06,-1.788139343e-06,5.960464478e-06,0,1.42109e-11,2.09372e-06,0.02893518563,-0.01793982089,0.05290240703,0.03717764146
3132,15.660000,0.05536760017,0.03517628647,2.920627594e-06,-1.728534698e-06,-1.728534698e-06,5.960464478e-06,0,1.44205e-11,2.13881e-06,0.02893518563,-0.01736110449,0.05468336061,0.03711827518
3133,15.665000,0.05703243986,0.03530519828,2.920627594e-06,-1.668930054e-06,-1.668930054e-06,6.020069122e-06,0,1.47971e-11,2.19286e-06,0.02893518563,-0.01678240299,0.05664312085,0.03701896293
3134,15.670000,0.05860652402,0.03551748209,2.920627594e-06,-1.668930054e-06,-1.668930054e-06,6.079673767e-06,0,1.49711e-11,2.20228e-06,0.02893518563,-0.01678240299,0.05878532324,0.03688572577
3135,15.675000,0.06112895161,0.03558538575,2.920627594e-06,-1.668930054e-06,-1.668930054e-06,6.139278412e-06,0,1.51452e-11,2.21149e-06,0.02893518563,-0.01678240299,0.06111299579,0.03680323261
3136,15.680000,0.06387165561,0.03553022817,2.920627594e-06,-1.668930054e-06,-1.668930054e-06,6.198883057e-06,0,1.53193e-11,2.22051e-06,0.02893518563,-0.01678240299,0.0636285522,0.03659475869
3137,15.685000,0.06634125859,0.03563841991,2.920627594e-06,-1.668930054e-06,-1.668930054e-06,6.258487701e-06,0,1.54934e-11,2.22933e-06,0.02893518563,-0.01678240299,0.06633378675,0.03693216437
3138,15.690000,0.06933819875,0.03568386286,2.920627594e-06,-1.668930054e-06,-1.668930054e-06,6.318092346e-06,0,1.56675e-11,2.23797e-06,0.02893518563,-0.01678240299,0.06922987112,0.03671819264
3139,15.695000,0.07242380455,0.03564320784,2.920627594e-06,-1.668930054e-06,-1.668930054e-06,6.377696991e-06,0,1.58416e-11,2.24642e-06,0.02893518563,-0.01678240299,0.07231735293,0.03661996444
3140,15.700000,0.07625594363,0.03545589652,2.920627594e-06,-1.668930054e-06,-1.668930054e-06,6.437301636e-06,0,1.60156e-11,2.2547e-06,0.02893518563,-0.01678240299,0.07559615623,0.03636828236
3141,15.705000,0.08008782193,0.03533656336,2.920627594e-06,-1.668930054e-06,-1.668930054e-06,6.496906281e-06,0,1.61897e-11,2.2628e-06,0.02893518563,-0.01678240299,0.07906558374,0.0361618752
3142,15.710000,0.08353982866,0.03530546185,2.920627594e-06,-1.668930054e-06,-1.668930054e-06,6.556510925e-06,0,1.63638e-11,2.27073e-06,0.02893518563,-0.01678240299,0.08272432099,0.03615900789
3143,15.715000,0.08772422746,0.03506268002,2.920627594e-06,-1.668930054e-06,-1.668930054e-06,6.61611557e-06,0,1.65379e-11,2.2785e-06,0.02893518563,-0.01678240299,0.08657044216,0.03615491254
3144,15.720000,0.09211527184,0.03510194737,2.920627594e-06,-1.668930054e-06,-1.668930054e-06,6.675720215e-06,0,1.6712e-11,2.2861e-06,0.02893518563,-0.01678240299,0.09060141783,0.03631582747
3145,15.725000,0.09636793286,0.03515085392,2.920627594e-06,-1.668930054e-06,-1.668930054e-06,6.73532486e-06,0,1.6886e-11,2.29355e-06,0.02893518563,-0.01678240299,0.09481412443,0.03647764093
3146,15.730000,0.1007500887,0.03517829627,2.920627594e-06,-1.668930054e-06,-1.668930054e-06,6.794929504e-06,0,1.70601e-11,2.30085e-06,0.02893518563,-0.01678240299,0.09920485547,0.03629439218
3147,15.735000,0.1058314368,0.03503719252,2.920627594e-06,-1.668930054e-06,-1.668930054e-06,6.854534149e-06,0,1.72342e-11,2.308e-06,0.02893518563,-0.01678240299,0.1037693344,0.03619316994
3148,15.740000,0.11039811,0.03515992872,2.920627594e-06,-1.668930054e-06,-1.668930054e-06,6.914138794e-06,0,1.74083e-11,2.31501e-06,0.02893518563,-0.01678240299,0.1085027293,0.0363257928
3149,15.745000,0.1150042638,0.03538431413,2.920627594e-06,-1.668930054e-06,-1.668930054e-06,6.973743439e-06,0,1.75824e-11,2.32187e-06,0.02893518563,-0.01678240299,0.1133996688,0.03637568781
3150,15.750000,0.120048292,0.03557122592,2.920627594e-06,-1.668930054e-06,-1.668930054e-06,7.033348083e-06,0,1.77565e-11,2.3286e-06,0.02893518563,-0.01678240299,0.1184542604,0.03608354562
3151,15.755000,0.1255977042,0.035462006,2.920627594e-06,-1.668930054e-06,-1.668930054e-06,7.092952728e-06,0,1.79305e-11,2.3352e-06,0.02893518563,-0.01678240299,0.123660109,0.03561314436
3152,15.760000,0.1310830675,0.03550152201,2.920627594e-06,-1.668930054e-06,-1.668930054e-06,7.152557373e-06,0,1.81046e-11,2.34166e-06,0.02893518563,-0.01678240299,0.1290103384,0.03528498348
3153,15.765000,0.1359791495,0.03586754017,2.920627594e-06,-1.668930054e-06,-1.668930054e-06,7.212162018e-06,0,1.82787e-11,2.348e-06,0.02893518563,-0.01678240299,0.134497613,0.03491321892
3154,15.770000,0.1414809898,0.03601162508,2.920627594e-06,-1.668930054e-06,-1.668930054e-06,7.271766663e-06,0,1.84528e-11,2.35422e-06,0.02893518563,-0.01678240299,0.1401141614,0.03489708654
3155,15.775000,0.1472773254,0.03607322928,2.920627594e-06,-1.668930054e-06,-1.668930054e-06,7.331371307e-06,0,1.86269e-11,2.36032e-06,0.02893518563,-0.01678240299,0.1458518013,0.03507983217
3156,15.780000,0.1534476951,0.0359577043,2.920627594e-06,-1.668930054e-06,-1.668930054e-06,7.390975952e-06,0,1.8801e-11,2.3663e-06,0.02893518563,-0.01678240299,0.1517019651,0.03544389852
3157,15.785000,0.1598632894,0.03571643773,2.920627594e-06,-1.668930054e-06,-1.668930054e-06,7.450580597e-06,0,1.8975e-11,2.37216e-06,0.02893518563,-0.01678240299,0.1576557274,0.03486122219
3158,15.790000,0.1661074944,0.03581786621,2.920627594e-06,-1.668930054e-06,-1.668930054e-06,7.510185242e-06,0,1.91491e-11,2.37792e-06,0.02893518563,-0.01678240299,0.1637038329,0.03466963411
3159,15.795000,0.1721211858,0.03594424948,2.920627594e-06,-1.668930054e-06,-1.668930054e-06,7.569789886e-06,0,1.93232e-11,2.38356e-06,0.02893518563,-0.01678240299,0.1698367255,0.03476532048
3160,15.800000,0.1785397977,0.03593504988,2.920627594e-06,-1.668930054e-06,-1.668930054e-06,7.629394531e-06,0,1.94973e-11,2.38911e-06,0.02893518563,-0.01678240299,0.1760445781,0.03514100689
3161,15.805000,0.185550563,0.03561306838,2.920627594e-06,-1.668930054e-06,-1.668930054e-06,7.688999176e-06,0,1.96714e-11,2.39454e-06,0.02893518563,-0.01678240299,0.1823173235,0.035240554
3162,15.810000,0.1912026815,0.03584791068,2.920627594e-06,-1.668930054e-06,-1.668930054e-06,7.748603821e-06,0,1.98455e-11,2.39988e-06,0.02893518563,-0.01678240299,0.1886446857,0.03525113587
3163,15.815000,0.1977256723,0.0358264558,2.920627594e-06,-1.668930054e-06,-1.668930054e-06,7.808208466e-06,0,2.00195e-11,2.40512e-06,0.02893518563,-0.01678240299,0.195016212,0.03548979836
3164,15.820000,0.2040231004,0.03595638089,2.920627594e-06,-1.668930054e-06,-1.668930054e-06,7.86781311e-06,0,2.01936e-11,2.41027e-06,0.02893518563,-0.01678240299,0.2014213053,0.03491178818
3165,15.825000,0.2108521014,0.03578240331,2.920627594e-06,-1.668930054e-06,-1.668930054e-06,7.927417755e-06,0,2.03677e-11,2.41532e-06,0.02893518563,-0.01678240299,0.2078492574,0.03484468125
3166,15.830000,0.2167115286,0.03605751414,2.920627594e-06,-1.668930054e-06,-1.668930054e-06,7.9870224e-06,0,2.05418e-11,2.42028e-06,0.02893518563,-0.01678240299,0.2142892819,0.03485034764
3167,15.835000,0.2228842787,0.03619686514,2.920627594e-06,-1.668930054e-06,-1.668930054e-06,8.046627045e-06,0,2.07159e-11,2.42515e-06,0.02893518563,-0.01678240299,0.2207305475,0.03463507412
3168,15.840000,0.2294465043,0.03611519188,2.920627594e-06,-1.668930054e-06,-1.668930054e-06,8.106231689e-06,0,2.089e-11,2.42993e-06,0.02893518563,-0.01678240299,0.2271622124,0.03437392275
3169,15.845000,0.2356645502,0.03610464837,2.920627594e-06,-1.668930054e-06,-1.668930054e-06,8.165836334e-06,0,2.1064e-11,2.43463e-06,0.02893518563,-0.01678240299,0.2335734567,0.03432693582
3170,15.850000,0.2418387532,0.03605968319,2.920627594e-06,-1.668930054e-06,-1.668930054e-06,8.225440979e-06,0,2.12381e-11,2.43925e-06,0.02893518563,-0.01678240299,0.2399535171,0.03421120134
3171,15.855000,0.2475542687,0.03625748493,2.920627594e-06,-1.668930054e-06,-1.668930054e-06,8.285045624e-06,0,2.14122e-11,2.44379e-06,0.02893518563,-0.01678240299,0.2462917193,0.03414344781
3172,15.860000,0.2535791732,0.0362026114,2.920627594e-06,-1.668930054e-06,-1.668930054e-06,8.344650269e-06,0,2.15863e-11,2.44825e-06,0.02893518563,-0.01678240299,0.2525775116,0.0336981425
3173,15.865000,0.2598979399,0.03611373249,2.920627594e-06,-1.668930054e-06,-1.668930054e-06,8.404254913e-06,0,2.17604e-11,2.45263e-06,0.02893518563,-0.01678240299,0.2588004975,0.03363795498
3174,15.870000,0.2657792233,0.03616173565,2.920627594e-06,-1.668930054e-06,-1.668930054e-06,8.463859558e-06,0,2.19345e-11,2.45694e-06,0.02893518563,-0.01678240299,0.2649504677,0.03348809395
3175,15.875000,0.2720120698,0.03607986681,2.920627594e-06,-1.668930054e-06,-1.668930054e-06,8.523464203e-06,0,2.21085e-11,2.46118e-06,0.02893518563,-0.01678240299,0.2710174323,0.03338065097
3176,15.880000,0.277688548,0.03613583092,2.920627594e-06,-1.668930054e-06,-1.668930054e-06,8.583068848e-06,0,2.22826e-11,2.46534e-06,0.02893518563,-0.01678240299,0.2769916512,0.03331213206
3177,15.885000,0.2831362486,0.03617646359,2.920627594e-06,-1.668930054e-06,-1.668930054e-06,8.642673492e-06,0,2.24567e-11,2.46943e-06,0.02893518563,-0.01678240299,0.2828636647,0.03313947978
3178,15.890000,0.2890024409,0.03609857615,2.920627594e-06,-1.668930054e-06,-1.668930054e-06,8.702278137e-06,0,2.26308e-11,2.47346e-06,0.02893518563,-0.01678240299,0.288624323,0.03287340332
3179,15.895000,0.2947799228,0.03581154812,2.920627594e-06,-1.668930054e-06,-1.668930054e-06,8.761882782e-06,0,2.28049e-11,2.47742e-06,0.02893518563,-0.01678240299,0.2942648146,0.03263195818
3180,15.900000,0.3003545329,0.03590304032,2.920627594e-06,-1.668930054e-06,-1.668930054e-06,8.821487427e-06,0,2.2979e-11,2.48131e-06,0.02893518563,-0.01678240299,0.299776694,0.03270642132
3181,15.905000,0.3056319803,0.03586982843,2.920627594e-06,-1.668930054e-06,-1.668930054e-06,8.881092072e-06,0,2.3153e-11,2.48514e-06,0.02893518563,-0.01678240299,0.3051519079,0.03293511626
3182,15.910000,0.3108032532,0.03600528557,2.920627594e-06,-1.668930054e-06,-1.668930054e-06,8.940696716e-06,0,2.33271e-11,2.48891e-06,0.02893518563,-0.01678240299,0.3103828205,0.0331837818
3183,15.915000,0.3156467453,0.03618390206,2.920627594e-06,-1.668930054e-06,-1.668930054e-06,9.000301361e-06,0,2.35012e-11,2.49262e-06,0.02893518563,-0.01678240299,0.3154622379,0.03292648072
3184,15.920000,0.3205322698,0.03597015794,2.920627594e-06,-1.668930054e-06,-1.668930054e-06,9.059906006e-06,0,2.36753e-11,2.49627e-06,0.02893518563,-0.01678240299,0.3203834305,0.03274494646
3185,15.925000,0.3251395188,0.03590897284,2.920627594e-06,-1.668930054e-06,-1.668930054e-06,9.119510651e-06,0,2.38494e-11,2.49986e-06,0.02893518563,-0.01678240299,0.3251401546,0.03277612394
3186,15.930000,0.3294644989,0.03594164085,2.920627594e-06,-1.668930054e-06,-1.668930054e-06,9.179115295e-06,0,2.40234e-11,2.5034e-06,0.02893518563,-0.01678240299,0.3297266719,0.03283555846
3187,15.935000,0.333999075,0.03597034793,2.920627594e-06,-1.668930054e-06,-1.668930054e-06,9.23871994e-06,0,2.41975e-11,2.50687e-06,0.02893518563,-0.01678240299,0.3341377688,0.03261173483
3188,15.940000,0.3378608376,0.03607717715,2.920627594e-06,-1.668930054e-06,-1.668930054e-06,9.298324585e-06,0,2.43716e-11,2.5103e-06,0.02893518563,-0.01678240299,0.3383687722,0.03255614675
3189,15.945000,0.3416841291,0.03617785405,2.920627594e-06,-1.668930054e-06,-1.668930054e-06,9.35792923e-06,0,2.45457e-11,2.51367e-06,0.02893518563,-0.01678240299,0.342415566,0.03265859509
3190,15.950000,0.3452609777,0.03616272006,2.920627594e-06,-1.668930054e-06,-1.668930054e-06,9.417533875e-06,0,2.47198e-11,2.51699e-06,0.02893518563,-0.01678240299,0.3462746035,0.03283064276
3191,15.955000,0.3494101688,0.03587992396,2.920627594e-06,-1.668930054e-06,-1.668930054e-06,9.477138519e-06,0,2.48939e-11,2.52026e-06,0.02893518563,-0.01678240299,0.3499429206,0.03305840946
3192,15.960000,0.352122061,0.03609582689,2.920627594e-06,-1.668930054e-06,-1.668930054e-06,9.536743164e-06,0,2.50679e-11,2.52348e-06,0.02893518563,-0.01678240299,0.3534181451,0.03318108904
3193,15.965000,0.3557792827,0.03595209308,2.920627594e-06,-1.668930054e-06,-1.668930054e-06,9.596347809e-06,0,2.5242e-11,2.52665e-06,0.02893518563,-0.01678240299,0.3566985055,0.03292633614
3194,15.970000,0.3589829393,0.03598419577,2.920627594e-06,-1.668930054e-06,-1.668930054e-06,9.655952454e-06,0,2.54161e-11,2.52977e-06,0.02893518563,-0.01678240299,0.3597828382,0.03304676729
3195,15.975000,0.3619135246,0.03590024076,2.920627594e-06,-1.668930054e-06,-1.668930054e-06,9.715557098e-06,0,2.55902e-11,2.53285e-06,0.02893518563,-0.01678240299,0.3626705916,0.03271118758
3196,15.980000,0.364568308,0.03588394355,2.920627594e-06,-1.668930054e-06,-1.668930054e-06,9.775161743e-06,0,2.57643e-11,2.53588e-06,0.02893518563,-0.01678240299,0.3653618297,0.0325952628
3197,15.985000,0.3666727431,0.03609953076,2.920627594e-06,-1.668930054e-06,-1.668930054e-06,9.834766388e-06,0,2.59384e-11,2.53886e-06,0.02893518563,-0.01678240299,0.3678572335,0.0328660602
3198,15.990000,0.3688066304,0.03606831562,2.920627594e-06,-1.668930054e-06,-1.668930054e-06,9.894371033e-06,0,2.61124e-11,2.5418e-06,0.02893518563,-0.01678240299,0.3701581,0.03308679267
3199,15.995000,0.3712519407,0.03595284279,2.920627594e-06,-1.668930054e-06,-1.668930054e-06,9.953975677e-06,0,2.62865e-11,2.5447e-06,0.02893518563,-0.01678240299,0.3722663403,0.03324300707
3200,16.000000,0.3739339411,0.03577375039,2.920627594e-06,-1.668930054e-06,-1.668930054e-06,1.001358032e-05,0,2.64606e-11,2.54756e-06,0.02893518563,-0.01678240299,0.3741844749,0.03311272774
3201,16.005000,0.3763256259,0.03564506024,2.920627594e-06,-1.668930054e-06,-1.668930054e-06,1.007318497e-05,0,2.66347e-11,2.55038e-06,0.02893518563,-0.01678240299,0.3759156282,0.03289054303
3202,16.010000,0.377631817,0.03569251485,2.920627594e-06,-1.668930054e-06,-1.668930054e-06,1.013278961e-05,0,2.68088e-11,2.55315e-06,0.02893518563,-0.01678240299,0.3774635204,0.03295150994
3203,16.015000,0.3784689382,0.03577563073,2.920627594e-06,-1.668930054e-06,-1.668930054e-06,1.019239426e-05,0,2.69829e-11,2.55589e-06,0.02893518563,-0.01678240299,0.3788324578,0.03313567968
3204,16.020000,0.3796382733,0.03579903115,2.920627594e-06,-1.668930054e-06,-1.668930054e-06,1.02519989e-05,0,2.71569e-11,2.55859e-06,0.02893518563,-0.01678240299,0.3800273217,0.03329292283
3205,16.025000,0.3802656196,0.03584584594,2.920627594e-06,-1.668930054e-06,-1.668930054e-06,1.031160355e-05,0,2.7331e-11,2.56125e-06,0.02893518563,-0.01678240299,0.3810535553,0.03327704529
3206,16.030000,0.380673632,0.03590319119,2.920627594e-06,-1.668930054e-06,-1.668930054e-06,1.037120819e-05,0,2.75051e-11,2.56387e-06,0.02893518563,-0.01678240299,0.3819171488,0.03301668208
3207,16.035000,0.3815733343,0.03582564462,2.920627594e-06,-1.668930054e-06,-1.668930054e-06,1.043081284e-05,0,2.76792e-11,2.56646e-06,0.02893518563,-0.01678240299,0.3826246232,0.0332657573
3208,16.040000,0.3820500523,0.03583992925,2.920627594e-06,-1.668930054e-06,-1.668930054e-06,1.049041748e-05,0,2.78533e-11,2.56901e-06,0.02893518563,-0.01678240299,0.3831830122,0.03346109154
3209,16.045000,0.3824321814,0.03594817128,2.920627594e-06,-1.668930054e-06,-1.668930054e-06,1.055002213e-05,0,2.80274e-11,2.57152e-06,0.02893518563,-0.01678240299,0.3835998425,0.03381270104
3210,16.050000,0.3827817328,0.03597342409,2.920627594e-06,-1.668930054e-06,-1.668930054e-06,1.060962677e-05,0,2.82014e-11,2.57401e-06,0.02893518563,-0.01678240299,0.3838831133,0.03414939537
3211,16.055000,0.3829529732,0.03606741037,2.920627594e-06,-1.668930054e-06,-1.668930054e-06,1.066923141e-05,0,2.83755e-11,2.57645e-06,0.02893518563,-0.01678240299,0.3840412731,0.03413950411
3212,16.060000,0.383051727,0.03583626729,2.920627594e-06,-1.668930054e-06,-1.668930054e-06,1.072883606e-05,0,2.85496e-11,2.57887e-06,0.02893518563,-0.01678240299,0.3840831967,0.0342927551
3213,16.065000,0.3838525638,0.03561419621,2.920627594e-06,-1.668930054e-06,-1.668930054e-06,1.07884407e-05,0,2.87237e-11,2.58125e-06,0.02893518563,-0.01678240299,0.3840181593,0.03409450142
3214,16.070000,0.3834314719,0.03570208047,2.920627594e-06,-1.668930054e-06,-1.668930054e-06,1.084804535e-05,0,2.88978e-11,2.5836e-06,0.02893518563,-0.01678240299,0.3838558107,0.03417346297
3215,16.075000,0.3827129677,0.03603194375,2.920627594e-06,-1.668930054e-06,-1.668930054e-06,1.090764999e-05,0,2.90719e-11,2.58592e-06,0.02893518563,-0.01678240299,0.3836061473,0.03365570625
3216,16.080000,0.3817116469,0.03642323054,2.920627594e-06,-1.668930054e-06,-1.668930054e-06,1.096725464e-05,0,2.92459e-11,2.58821e-06,0.02893518563,-0.01678240299,0.3832794841,0.03346879513
3217,16.085000,0.3817365989,0.03624556493,2.920627594e-06,-1.668930054e-06,-1.668930054e-06,1.102685928e-05,0,2.942e-11,2.59047e-06,0.02893518563,-0.01678240299,0.3828864245,0.03339658772
3218,16.090000,0.381565854,0.03618832678,2.920627594e-06,-1.668930054e-06,-1.668930054e-06,1.108646393e-05,0,2.95941e-11,2.5927e-06,0.02893518563,-0.01678240299,0.3824378302,0.03344272205
3219,16.095000,0.3801060095,0.03656403627,2.920627594e-06,-1.668930054e-06,-1.668930054e-06,1.114606857e-05,0,2.97682e-11,2.5949e-06,0.02893518563,-0.01678240299,0.3819447897,0.03360570283
3220,16.100000,0.3798499815,0.03654815629,2.920627594e-06,-1.668930054e-06,-1.668930054e-06,1.120567322e-05,0,2.99423e-11,2.59708e-06,0.02893518563,-0.01678240299,0.3814185862,0.03373455549
3221,16.105000,0.3792783432,0.03644211311,2.920627594e-06,-1.668930054e-06,-1.668930054e-06,1.126527786e-05,0,3.01164e-11,2.59922e-06,0.02893518563,-0.01678240299,0.380870665,0.03367232753
3222,16.110000,0.3786649965,0.0364676686,2.920627594e-06,-1.668930054e-06,-1.668930054e-06,1.132488251e-05,0,3.02904e-11,2.60134e-06,0.02893518563,-0.01678240299,0.3803126002,0.03378426653
3223,16.115000,0.3784615137,0.03637050185,2.920627594e-06,-1.668930054e-06,-1.668930054e-06,1.138448715e-05,0,3.04645e-11,2.60343e-06,0.02893518563,-0.01678240299,0.3797560608,0.03358222583
3224,16.120000,0.3780410141,0.03628249373,2.920627594e-06,-1.668930054e-06,-1.668930054e-06,1.14440918e-05,0,3.06386e-11,2.6055e-06,0.02893518563,-0.01678240299,0.3792127769,0.03338737171
3225,16.125000,0.376964245,0.03644932806,2.920627594e-06,-1.668930054e-06,-1.668930054e-06,1.150369644e-05,0,3.08127e-11,2.60753e-06,0.02893518563,-0.01678240299,0.3786945052,0.03362407431
3226,16.130000,0.3767381087,0.03631784488,2.920627594e-06,-1.668930054e-06,-1.668930054e-06,1.156330109e-05,0,3.09868e-11,2.60955e-06,0.02893518563,-0.01678240299,0.3782129942,0.03391143908
3227,16.135000,0.3765400015,0.03623053525,2.920627594e-06,-1.668930054e-06,-1.668930054e-06,1.162290573e-05,0,3.11609e-11,2.61154e-06,0.02893518563,-0.01678240299,0.3777799502,0.03390288168
3228,16.140000,0.3764635585,0.03622626141,2.920627594e-06,-1.668930054e-06,-1.668930054e-06,1.168251038e-05,0,3.13349e-11,2.6135e-06,0.02893518563,-0.01678240299,0.3774070022,0.0336042171
3229,16.145000,0.3764705509,0.03612689208,2.920627594e-06,-1.668930054e-06,-1.668930054e-06,1.174211502e-05,0,3.1509e-11,2.61544e-06,0.02893518563,-0.01678240299,0.3771056678,0.03349778963
3230,16.150000,0.3761954792,0.0361830676,2.920627594e-06,-1.668930054e-06,-1.668930054e-06,1.180171967e-05,0,3.16831e-11,2.61736e-06,0.02893518563,-0.01678240299,0.376887319,0.03380840543
3231,16.155000,0.3764989674,0.03595904354,2.920627594e-06,-1.668930054e-06,-1.668930054e-06,1.186132431e-05,0,3.18572e-11,2.61925e-06,0.02893518563,-0.01678240299,0.3767631479,0.03352975138
3232,16.160000,0.3762833327,0.03624739777,2.920627594e-06,-1.668930054e-06,-1.668930054e-06,1.192092896e-05,0,3.20313e-11,2.62112e-06,0.02893518563,-0.01678240299,0.3767441339,0.03385814592
3233,16.165000,0.3768964298,0.03598926775,2.920627594e-06,-1.668930054e-06,-1.668930054e-06,1.19805336e-05,0,3.22053e-11,2.62297e-06,0.02893518563,-0.01678240299,0.3768410102,0.03403848633
3234,16.170000,0.3773707151,0.03592419252,2.920627594e-06,-1.668930054e-06,-1.668930054e-06,1.204013824e-05,0,3.23794e-11,2.6248e-06,0.02893518563,-0.01678240299,0.3770642318,0.03423547797
3235,16.175000,0.377281297,0.0362774916,2.920627594e-06,-1.668930054e-06,-1.668930054e-06,1.209974289e-05,0,3.25535e-11,2.6266e-06,0.02893518563,-0.01678240299,0.3774239439,0.03408059181
3236,16.180000,0.3782375045,0.03606881853,2.920627594e-06,-1.668930054e-06,-1.668930054e-06,1.215934753e-05,0,3.27276e-11,2.62839e-06,0.02893518563,-0.01678240299,0.3779299509,0.03398780524
3237,16.185000,0.3783036098,0.03640035074,2.920627594e-06,-1.668930054e-06,-1.668930054e-06,1.221895218e-05,0,3.29017e-11,2.63015e-06,0.02893518563,-0.01678240299,0.3785916866,0.03407299454
3238,16.190000,0.3794509359,0.03625848051,2.920627594e-06,-1.668930054e-06,-1.668930054e-06,1.227855682e-05,0,3.30758e-11,2.63189e-06,0.02893518563,-0.01678240299,0.3794181853,0.03418518064
3239,16.195000,0.3804882467,0.03621250205,2.920627594e-06,-1.668930054e-06,-1.668930054e-06,1.233816147e-05,0,3.32498e-11,2.63361e-06,0.02893518563,-0.01678240299,0.3804180539,0.03430977604
3240,16.200000,0.3819774352,0.03634684999,2.920627594e-06,-1.668930054e-06,-1.668930054e-06,1.239776611e-05,0,3.34239e-11,2.63532e-06,0.02893518563,-0.01678240299,0.3815994448,0.03420663924
3241,16.205000,0.3834676296,0.03636363987,2.920627594e-06,-1.668930054e-06,-1.668930054e-06,1.245737076e-05,0,3.3598e-11,2.637e-06,0.02893518563,-0.01678240299,0.3829700311,0.03397802179
3242,16.210000,0.385129746,0.03640331049,2.920627594e-06,-1.668930054e-06,-1.668930054e-06,1.25169754e-05,0,3.37721e-11,2.63866e-06,0.02893518563,-0.01678240299,0.3845369815,0.03371866255
3243,16.215000,0.3870809935,0.0362391118,2.920627594e-06,-1.668930054e-06,-1.668930054e-06,1.257658005e-05,0,3.39462e-11,2.64031e-06,0.02893518563,-0.01678240299,0.386306938,0.03359845104
3244,16.220000,0.3895046674,0.03607245255,2.920627594e-06,-1.668930054e-06,-1.668930054e-06,1.263618469e-05,0,3.41203e-11,2.64193e-06,0.02893518563,-0.01678240299,0.3882859944,0.03361653683
3245,16.225000,0.3914748542,0.03644047119,2.920627594e-06,-1.668930054e-06,-1.668930054e-06,1.269578934e-05,0,3.42943e-11,2.64354e-06,0.02893518563,-0.01678240299,0.390479676,0.03366543251
3246,16.230000,0.3941716701,0.03651685454,2.920627594e-06,-1.668930054e-06,-1.668930054e-06,1.275539398e-05,0,3.44684e-11,2.64513e-06,0.02893518563,-0.01678240299,0.3928929214,0.03360846918
3247,16.235000,0.396816317,0.03627984319,2.920627594e-06,-1.668930054e-06,-1.668930054e-06,1.281499863e-05,0,3.46425e-11,2.6467e-06,0.02893518563,-0.01678240299,0.3955300657,0.0333726508
3248,16.240000,0.3997766003,0.03641683422,2.920627594e-06,-1.668930054e-06,-1.668930054e-06,1.287460327e-05,0,3.48166e-11,2.64826e-06,0.02893518563,-0.01678240299,0.3983948251,0.03323231792
3249,16.245000,0.402437672,0.03659520112,2.920627594e-06,-1.668930054e-06,-1.668930054e-06,1.293420792e-05,0,3.49907e-11,2.6498e-06,0.02893518563,-0.01678240299,0.4014902837,0.03321249918
3250,16.250000,0.4063031264,0.03638048284,2.920627594e-06,-1.668930054e-06,-1.668930054e-06,1.299381256e-05,0,3.51648e-11,2.65132e-06,0.02893518563,-0.01678240299,0.4048188818,0.03320342757
3251,16.255000,0.4099982195,0.03644761257,2.920627594e-06,-1.668930054e-06,-1.668930054e-06,1.305341721e-05,0,3.53388e-11,2.65282e-06,0.02893518563,-0.01678240299,0.4083824054,0.03345603523
3252,16.260000,0.4142640047,0.03615074046,2.920627594e-06,-1.668930054e-06,-1.668930054e-06,1.311302185e-05,0,3.55129e-11,2.65431e-06,0.02893518563,-0.01678240299,0.4121819787,0.03334785613
3253,16.265000,0.4180907086,0.03630651068,2.920627594e-06,-1.668930054e-06,-1.668930054e-06,1.31726265e-05,0,3.5687e-11,2.65578e-06,0.02893518563,-0.01678240299,0.4162180574,0.0331167489
3254,16.270000,0.4225570373,0.0363497911,2.920627594e-06,-1.668930054e-06,-1.668930054e-06,1.323223114e-05,0,3.58611e-11,2.65724e-06,0.02893518563,-0.01678240299,0.4204904242,0.03313284281
3255,16.275000,0.4268446341,0.0364719145,2.920627594e-06,-1.668930054e-06,-1.668930054e-06,1.329183578e-05,0,3.60352e-11,2.65868e-06,0.02893518563,-0.01678240299,0.4249981863,0.03365505441
3256,16.280000,0.4318418466,0.03647761699,2.920627594e-06,-1.668930054e-06,-1.668930054e-06,1.335144043e-05,0,3.62093e-11,2.66011e-06,0.02893518563,-0.01678240299,0.4297397744,0.03377205537
3257,16.285000,0.4371480644,0.03636570927,2.920627594e-06,-1.668930054e-06,-1.668930054e-06,1.341104507e-05,0,3.63833e-11,2.66152e-06,0.02893518563,-0.01678240299,0.4347129442,0.03393159426
3258,16.290000,0.4425765648,0.0363078285,2.920627594e-06,-1.668930054e-06,-1.668930054e-06,1.347064972e-05,0,3.65574e-11,2.66291e-06,0.02893518563,-0.01678240299,0.439914779,0.03357495092
3259,16.295000,0.4480374157,0.03641230613,2.920627594e-06,-1.668930054e-06,-1.668930054e-06,1.353025436e-05,0,3.67315e-11,2.66429e-06,0.02893518563,-0.01678240299,0.4453416946,0.03389825798
3260,16.300000,0.4535262994,0.03657163121,2.920627594e-06,-1.668930054e-06,-1.668930054e-06,1.358985901e-05,0,3.69056e-11,2.66566e-06,0.02893518563,-0.01678240299,0.4509894464,0.03424897884
3261,16.305000,0.4602007195,0.03631074075,2.920627594e-06,-1.668930054e-06,-1.668930054e-06,1.364946365e-05,0,3.70797e-11,2.66701e-06,0.02893518563,-0.01678240299,0.4568531375,0.03410574226
3262,16.310000,0.4663339816,0.03627817705,2.920627594e-06,-1.668930054e-06,-1.668930054e-06,1.37090683e-05,0,3.72538e-11,2.66835e-06,0.02893518563,-0.01678240299,0.4629272291,0.0340036812
3263,16.315000,0.4726901241,0.03640587069,2.920627594e-06,-1.668930054e-06,-1.668930054e-06,1.376867294e-05,0,3.74278e-11,2.66967e-06,0.02893518563,-0.01678240299,0.4692055529,0.03411730245
3264,16.320000,0.4792572483,0.0363635188,2.920627594e-06,-1.668930054e-06,-1.668930054e-06,1.382827759e-05,0,3.76019e-11,2.67099e-06,0.02893518563,-0.01678240299,0.4756813248,0.03392189531
3265,16.325000,0.4857936054,0.03649016749,2.920627594e-06,-1.668930054e-06,-1.668930054e-06,1.388788223e-05,0,3.7776e-11,2.67228e-06,0.02893518563,-0.01678240299,0.4823471606,0.03420091231
3266,16.330000,0.4923910834,0.03646533471,2.920627594e-06,-1.668930054e-06,-1.668930054e-06,1.394748688e-05,0,3.79501e-11,2.67357e-06,0.02893518563,-0.01678240299,0.4891950934,0.03420192082
3267,16.335000,0.4992787577,0.03672403097,2.920627594e-06,-1.668930054e-06,-1.668930054e-06,1.400709152e-05,0,3.81242e-11,2.67484e-06,0.02893518563,-0.01678240299,0.4962165923,0.03454429455
3268,16.340000,0.5065063573,0.03670639265,2.920627594e-06,-1.668930054e-06,-1.668930054e-06,1.406669617e-05,0,3.82983e-11,2.6761e-06,0.02893518563,-0.01678240299,0.5034025831,0.03484644139
3269,16.345000,0.5135937482,0.03681055736,2.920627594e-06,-1.668930054e-06,-1.668930054e-06,1.412630081e-05,0,3.84723e-11,2.67735e-06,0.02893518563,-0.01678240299,0.5107434702,0.03495428348
3270,16.350000,0.5213122815,0.03676648624,2.920627594e-06,-1.668930054e-06,-1.668930054e-06,1.418590546e-05,0,3.86464e-11,2.67858e-06,0.02893518563,-0.01678240299,0.5182291602,0.03468624489
3271,16.355000,0.528863024,0.03679085057,2.920627594e-06,-1.668930054e-06,-1.668930054e-06,1.42455101e-05,0,3.88205e-11,2.6798e-06,0.02893518563,-0.01678240299,0.5258490869,0.03465355856
3272,16.360000,0.5362312235,0.03697748296,2.920627594e-06,-1.668930054e-06,-1.668930054e-06,1.430511475e-05,0,3.89946e-11,2.68101e-06,0.02893518563,-0.01678240299,0.5335922372,0.03495244681
3273,16.365000,0.5436709262,0.03703000769,2.920627594e-06,-1.668930054e-06,-1.668930054e-06,1.436471939e-05,0,3.91687e-11,2.68221e-06,0.02893518563,-0.01678240299,0.5414471788,0.03446032173
3274,16.370000,0.5516817197,0.03703878913,2.920627594e-06,-1.668930054e-06,-1.668930054e-06,1.442432404e-05,0,3.93428e-11,2.6834e-06,0.02893518563,-0.01678240299,0.5494020889,0.03431760403
3275,16.375000,0.5594216548,0.03721706662,2.920627594e-06,-1.668930054e-06,-1.668930054e-06,1.448392868e-05,0,3.95168e-11,2.68457e-06,0.02893518563,-0.01678240299,0.5574447838,0.03416182729
3276,16.380000,0.5673352443,0.03743228503,2.920627594e-06,-1.668930054e-06,-1.668930054e-06,1.454353333e-05,0,3.96909e-11,2.68573e-06,0.02893518563,-0.01678240299,0.5655627499,0.03417431869
3277,16.385000,0.5753730424,0.03748228122,2.920627594e-06,-1.668930054e-06,-1.668930054e-06,1.460313797e-05,0,3.9865e-11,2.68689e-06,0.02893518563,-0.01678240299,0.5737431751,0.03419529486
3278,16.390000,0.5838805437,0.03734708112,2.920627594e-06,-1.668930054e-06,-1.668930054e-06,1.466274261e-05,0,4.00391e-11,2.68803e-06,0.02893518563,-0.01678240299,0.5819729817,0.03391195704
3279,16.395000,0.5921951607,0.0373234991,2.920627594e-06,-1.668930054e-06,-1.668930054e-06,1.472234726e-05,0,4.02132e-11,2.68916e-06,0.02893518563,-0.01678240299,0.5902388596,0.03422816068
3280,16.400000,0.6005951017,0.03726804815,2.920627594e-06,-1.668930054e-06,-1.668930054e-06,1.47819519e-05,0,4.03872e-11,2.69028e-06,0.02893518563,-0.01678240299,0.5985273001,0.03499456769
3281,16.405000,0.6087665334,0.0372914765,2.920627594e-06,-1.668930054e-06,-1.668930054e-06,1.484155655e-05,0,4.05613e-11,2.69139e-06,0.02893518563,-0.01678240299,0.6068246306,0.03522520249
3282,16.410000,0.6170179062,0.03736620862,2.920627594e-06,-1.668930054e-06,-1.668930054e-06,1.490116119e-05,0,4.07354e-11,2.69248e-06,0.02893518563,-0.01678240299,0.6151170499,0.03544686963
3283,16.415000,0.6259056889,0.03730933461,2.920627594e-06,-1.668930054e-06,-1.668930054e-06,1.496076584e-05,0,4.09095e-11,2.69357e-06,0.02893518563,-0.01678240299,0.6233906629,0.03539743076
3284,16.420000,0.6334106363,0.0376603594,2.920627594e-06,-1.668930054e-06,-1.668930054e-06,1.502037048e-05,0,4.10836e-11,2.69465e-06,0.02893518563,-0.01678240299,0.6316315172,0.03516986821
3285,16.425000,0.6412832253,0.03777023405,2.920627594e-06,-1.668930054e-06,-1.668930054e-06,1.507997513e-05,0,4.12577e-11,2.69572e-06,0.02893518563,-0.01678240299,0.639825638,0.03531169247
3286,16.430000,0.6497948393,0.03749031946,2.920627594e-06,-1.668930054e-06,-1.668930054e-06,1.513957977e-05,0,4.14317e-11,2.69678e-06,0.02893518563,-0.01678240299,0.6479590649,0.03557309352
3287,16.435000,0.6578809991,0.03738318104,2.920627594e-06,-1.668930054e-06,-1.668930054e-06,1.519918442e-05,0,4.16058e-11,2.69783e-06,0.02893518563,-0.01678240299,0.6560178872,0.03605210754
3288,16.440000,0.6659066975,0.03738128953,2.920627594e-06,-1.668930054e-06,-1.668930054e-06,1.525878906e-05,0,4.17799e-11,2.69886e-06,0.02893518563,-0.01678240299,0.66398828,0.03601262379
3289,16.445000,0.6733582392,0.03728572372,2.920627594e-06,-1.668930054e-06,-1.668930054e-06,1.531839371e-05,0,4.1954e-11,2.69989e-06,0.02893518563,-0.01678240299,0.6718565397,0.03604685282
3290,16.450000,0.6807080992,0.03739037272,2.920627594e-06,-1.668930054e-06,-1.668930054e-06,1.537799835e-05,0,4.21281e-11,2.70091e-06,0.02893518563,-0.01678240299,0.6796091193,0.03586548502
3291,16.455000,0.6885545887,0.03736300487,2.920627594e-06,-1.668930054e-06,-1.668930054e-06,1.5437603e-05,0,4.23022e-11,2.70192e-06,0.02893518563,-0.01678240299,0.6872326631,0.03575206725
3292,16.460000,0.6953517981,0.03770097718,2.920627594e-06,-1.668930054e-06,-1.668930054e-06,1.549720764e-05,0,4.24762e-11,2.70293e-06,0.02893518563,-0.01678240299,0.6947140412,0.03571954834
3293,16.465000,0.7023196891,0.03799656592,2.920627594e-06,-1.668930054e-06,-1.668930054e-06,1.555681229e-05,0,4.26503e-11,2.70392e-06,0.02893518563,-0.01678240299,0.7020403832,0.0358057967
3294,16.470000,0.7094179876,0.03807717375,2.920627594e-06,-1.668930054e-06,-1.668930054e-06,1.561641693e-05,0,4.28244e-11,2.7049e-06,0.02893518563,-0.01678240299,0.7091991111,0.03571318854
3295,16.475000,0.7161542214,0.03805228695,2.920627594e-06,-1.668930054e-06,-1.668930054e-06,1.567602158e-05,0,4.29985e-11,2.70588e-06,0.02893518563,-0.01678240299,0.7161779717,0.03545149862
3296,16.480000,0.7233508229,0.03795238025,2.920627594e-06,-1.668930054e-06,-1.668930054e-06,1.573562622e-05,0,4.31726e-11,2.70684e-06,0.02893518563,-0.01678240299,0.7229650676,0.03565110685
3297,16.485000,0.7295852043,0.03822884988,2.920627594e-06,-1.668930054e-06,-1.668930054e-06,1.579523087e-05,0,4.33467e-11,2.7078e-06,0.02893518563,-0.01678240299,0.7295488882,0.03557789358
3298,16.490000,0.7359385677,0.03809640743,2.920627594e-06,-1.668930054e-06,-1.668930054e-06,1.585483551e-05,0,4.35207e-11,2.70875e-06,0.02893518563,-0.01678240299,0.7359183382,0.03534154769
3299,16.495000,0.7420429029,0.03792476095,2.920627594e-06,-1.668930054e-06,-1.668930054e-06,1.591444016e-05,0,4.36948e-11,2.70969e-06,0.02893518563,-0.01678240299,0.7420627664,0.03547018012
3300,16.500000,0.7475792468,0.03805511259,2.920627594e-06,-1.668930054e-06,-1.668930054e-06,1.59740448e-05,0,4.38689e-11,2.71063e-06,0.02893518563,-0.01678240299,0.7479719926,0.03563739976
3301,16.505000,0.7530642524,0.03806455247,2.920627594e-06,-1.668930054e-06,-1.668930054e-06,1.603364944e-05,0,4.4043e-11,2.71155e-06,0.02893518563,-0.01678240299,0.7536363328,0.03544109911
3302,16.510000,0.7577022724,0.03810871113,2.920627594e-06,-1.668930054e-06,-1.668930054e-06,1.609325409e-05,0,4.42171e-11,2.71247e-06,0.02893518563,-0.01678240299,0.7590466241,0.03547851722
3303,16.515000,0.7627920546,0.03815565724,2.920627594e-06,-1.668930054e-06,-1.668930054e-06,1.615285873e-05,0,4.43912e-11,2.71338e-06,0.02893518563,-0.01678240299,0.7641942474,0.03543826597
3304,16.520000,0.7669847496,0.0383207798,2.920627594e-06,-1.668930054e-06,-1.668930054e-06,1.621246338e-05,0,4.45652e-11,2.71428e-06,0.02893518563,-0.01678240299,0.7690711486,0.03525933855
3305,16.525000,0.7713838071,0.03830959741,2.920627594e-06,-1.668930054e-06,-1.668930054e-06,1.627206802e-05,0,4.47393e-11,2.71517e-06,0.02893518563,-0.01678240299,0.7736698586,0.03542553487
3306,16.530000,0.7752998546,0.03844272438,2.920627594e-06,-1.668930054e-06,-1.668930054e-06,1.633167267e-05,0,4.49134e-11,2.71606e-06,0.02893518563,-0.01678240299,0.7779835117,0.03520949206
3307,16.535000,0.7792362198,0.03839343786,2.920627594e-06,-1.668930054e-06,-1.668930054e-06,1.639127731e-05,0,4.50875e-11,2.71694e-06,0.02893518563,-0.01678240299,0.7820058619,0.03495095144
3308,16.540000,0.7833999842,0.03810441121,2.920627594e-06,-1.668930054e-06,-1.668930054e-06,1.645088196e-05,0,4.52616e-11,2.71781e-06,0.02893518563,-0.01678240299,0.7857312982,0.03513981302
3309,16.545000,0.7869681343,0.03802619316,2.920627594e-06,-1.668930054e-06,-1.668930054e-06,1.65104866e-05,0,4.54357e-11,2.71867e-06,0.02893518563,-0.01678240299,0.7891548573,0.03507935026
3310,16.550000,0.7898406237,0.03804918472,2.920627594e-06,-1.668930054e-06,-1.668930054e-06,1.657009125e-05,0,4.56097e-11,2.71953e-06,0.02893518563,-0.01678240299,0.7922722353,0.03503978691
3311,16.555000,0.7927291319,0.03802806605,2.920627594e-06,-1.668930054e-06,-1.668930054e-06,1.662969589e-05,0,4.57838e-11,2.72038e-06,0.02893518563,-0.01678240299,0.7950797973,0.03492355051
3312,16.560000,0.7949462347,0.03791783471,2.920627594e-06,-1.668930054e-06,-1.668930054e-06,1.668930054e-05,0,4.59579e-11,2.72122e-06,0.02893518563,-0.01678240299,0.7975745848,0.03476852879
3313,16.565000,0.7966530398,0.03793815151,2.920627594e-06,-1.668930054e-06,-1.668930054e-06,1.674890518e-05,0,4.6132e-11,2.72206e-06,0.02893518563,-0.01678240299,0.7997543222,0.03476684027
3314,16.570000,0.7980620041,0.03791366424,2.920627594e-06,-1.668930054e-06,-1.668930054e-06,1.680850983e-05,0,4.63061e-11,2.72289e-06,0.02893518563,-0.01678240299,0.8016174204,0.03472808291
3315,16.575000,0.7998199239,0.03763230983,2.920627594e-06,-1.668930054e-06,-1.668930054e-06,1.686811447e-05,0,4.64802e-11,2.72371e-06,0.02893518563,-0.01678240299,0.803162979,0.03433030055
3316,16.580000,0.8012433462,0.03748527821,2.920627594e-06,-1.668930054e-06,-1.668930054e-06,1.692771912e-05,0,4.66542e-11,2.72452e-06,0.02893518563,-0.01678240299,0.8043907868,0.03413002108
3317,16.585000,0.8025134392,0.03727032803,2.920627594e-06,-1.668930054e-06,-1.668930054e-06,1.698732376e-05,0,4.68283e-11,2.72533e-06,0.02893518563,-0.01678240299,0.8053013201,0.03414032926
3318,16.590000,0.8029450104,0.03735390771,2.920627594e-06,-1.668930054e-06,-1.668930054e-06,1.704692841e-05,0,4.70024e-11,2.72613e-06,0.02893518563,-0.01678240299,0.8058957391,0.03384839696
3319,16.595000,0.802925732,0.03731012531,2.920627594e-06,-1.668930054e-06,-1.668930054e-06,1.710653305e-05,0,4.71765e-11,2.72693e-06,0.02893518563,-0.01678240299,0.8061758829,0.03379091277
3320,16.600000,0.8032607287,0.03704693168,2.920627594e-06,-1.668930054e-06,-1.668930054e-06,1.71661377e-05,0,4.73506e-11,2.72772e-06,0.02893518563,-0.01678240299,0.8061442621,0.03389402443
3321,16.605000,0.802647192,0.03707353119,2.920627594e-06,-1.668930054e-06,-1.668930054e-06,1.722574234e-05,0,4.75247e-11,2.7285e-06,0.02893518563,-0.01678240299,0.8058040497,0.03409588464
3322,16.610000,0.8024200052,0.03673827089,2.920627594e-06,-1.668930054e-06,-1.668930054e-06,1.728534698e-05,0,4.76987e-11,2.72928e-06,0.02893518563,-0.01678240299,0.8051590709,0.03404359093
3323,16.615000,0.8020118922,0.0363964932,2.920627594e-06,-1.668930054e-06,-1.668930054e-06,1.734495163e-05,0,4.78728e-11,2.73005e-06,0.02893518563,-0.01678240299,0.8042137899,0.0345512466
3324,16.620000,0.8006411865,0.0363902133,2.920627594e-06,-1.668930054e-06,-1.668930054e-06,1.740455627e-05,0,4.80469e-11,2.73081e-06,0.02893518563,-0.01678240299,0.8029732958,0.03443863793
3325,16.625000,0.7992168777,0.03616941627,2.920627594e-06,-1.668930054e-06,-1.668930054e-06,1.746416092e-05,0,4.8221e-11,2.73157e-06,0.02893518563,-0.01678240299,0.8014432869,0.03445584268
3326,16.630000,0.7975958958,0.03578084987,2.920627594e-06,-1.668930054e-06,-1.668930054e-06,1.752376556e-05,0,4.83951e-11,2.73232e-06,0.02893518563,-0.01678240299,0.7996300531,0.03460527998
3327,16.635000,0.7950765677,0.03568337392,2.920627594e-06,-1.668930054e-06,-1.668930054e-06,1.758337021e-05,0,4.85691e-11,2.73307e-06,0.02893518563,-0.01678240299,0.7975404564,0.03454986086
3328,16.640000,0.7920888774,0.03598108608,2.920627594e-06,-1.668930054e-06,-1.668930054e-06,1.764297485e-05,0,4.87432e-11,2.73381e-06,0.02893518563,-0.01678240299,0.7951819104,0.03468645201
3329,16.645000,0.7895260789,0.03577157203,2.920627594e-06,-1.668930054e-06,-1.668930054e-06,1.77025795e-05,0,4.89173e-11,2.73454e-06,0.02893518563,-0.01678240299,0.7925623583,0.03491240469
3330,16.650000,0.7866513878,0.0357678663,2.920627594e-06,-1.668930054e-06,-1.668930054e-06,1.776218414e-05,0,4.90914e-11,2.73527e-06,0.02893518563,-0.01678240299,0.7896902489,0.03538663006
3331,16.655000,0.7829901539,0.035890189,2.920627594e-06,-1.668930054e-06,-1.668930054e-06,1.782178879e-05,0,4.92655e-11,2.736e-06,0.02893518563,-0.01678240299,0.7865745122,0.03552324805
3332,16.660000,0.7795955427,0.03578352742,2.920627594e-06,-1.668930054e-06,-1.668930054e-06,1.788139343e-05,0,4.94396e-11,2.73671e-06,0.02893518563,-0.01678240299,0.7832245328,0.03529586181
3333,16.665000,0.7756237276,0.03584703431,2.920627594e-06,-1.668930054e-06,-1.668930054e-06,1.794099808e-05,0,4.96136e-11,2.73743e-06,0.02893518563,-0.01678240299,0.7796501229,0.03529939986
3334,16.670000,0.7720359936,0.03565108404,2.920627594e-06,-1.728534698e-06,-1.728534698e-06,1.794099808e-05,0,4.94111e-11,2.72428e-06,0.02893518563,-0.01736110449,0.7758614932,0.03539573089
3335,16.675000,0.7679082677,0.03581974376,2.920627594e-06,-1.788139343e-06,-1.788139343e-06,1.794099808e-05,0,4.92015e-11,2.71069e-06,0.02893518563,-0.01793982089,0.7718692244,0.03531393329
3336,16.680000,0.7632662319,0.03599053062,2.920627594e-06,-1.847743988e-06,-1.847743988e-06,1.794099808e-05,0,4.89848e-11,2.69667e-06,0.02893518563,-0.01851852238,0.7676842357,0.03528891793
3337,16.685000,0.7585657164,0.03602630459,2.920627594e-06,-1.907348633e-06,-1.907348633e-06,1.794099808e-05,0,4.8761e-11,2.68221e-06,0.02893518563,-0.01909722388,0.7633177541,0.03508055566
3338,16.690000,0.7539346032,0.03604080714,2.920627594e-06,-1.966953278e-06,-1.966953278e-06,1.794099808e-05,0,4.85301e-11,2.66732e-06,0.02893518563,-0.01967592537,0.7587812823,0.03473761244
3339,16.695000,0.7494052164,0.03604040481,2.920627594e-06,-2.026557922e-06,-2.026557922e-06,1.794099808e-05,0,4.8292e-11,2.65201e-06,0.02893518563,-0.02025462687,0.7540865656,0.034930118
3340,16.700000,0.744410146,0.03586509172,2.920627594e-06,-2.086162567e-06,-2.086162567e-06,1.794099808e-05,0,4.80469e-11,2.63627e-06,0.02893518563,-0.02083332837,0.7492455588,0.03527110728
3341,16.705000,0.7388696559,0.03593180422,2.920627594e-06,-2.145767212e-06,-2.145767212e-06,1.794099808e-05,0,4.77947e-11,2.6201e-06,0.02893518563,-0.02141202986,0.7442703927,0.03494816229
3342,16.710000,0.7339480594,0.03586614504,2.920627594e-06,-2.205371857e-06,-2.205371857e-06,1.794099808e-05,0,4.75353e-11,2.60352e-06,0.02893518563,-0.02199074626,0.7391733391,0.03466556358
3343,16.715000,0.7281340063,0.03590742778,2.920627594e-06,-2.264976501e-06,-2.264976501e-06,1.794099808e-05,0,4.72689e-11,2.58652e-06,0.02893518563,-0.02256944776,0.7339667769,0.0348974905
3344,16.720000,0.7224728428,0.03592266701,2.920627594e-06,-2.324581146e-06,-2.324581146e-06,1.794099808e-05,0,4.69953e-11,2.5691e-06,0.02893518563,-0.02314814925,0.7286631573,0.03508505666
3345,16.725000,0.7176573686,0.0355130434,2.920627594e-06,-2.384185791e-06,-2.384185791e-06,1.794099808e-05,0,4.67146e-11,2.55127e-06,0.02893518563,-0.02372685075,0.723274969,0.0352194529
3346,16.730000,0.7122215554,0.03555203043,2.920627594e-06,-2.443790436e-06,-2.443790436e-06,1.794099808e-05,0,4.64269e-11,2.53303e-06,0.02893518563,-0.02430555224,0.7178147031,0.03511826148
3347,16.735000,0.7075059973,0.0351866791,2.920627594e-06,-2.503395081e-06,-2.503395081e-06,1.794099808e-05,0,4.6132e-11,2.51438e-06,0.02893518563,-0.02488425374,0.7122948188,0.03511313356
3348,16.740000,0.7018309198,0.03503315523,2.920627594e-06,-2.562999725e-06,-2.562999725e-06,1.794099808e-05,0,4.583e-11,2.49533e-06,0.02893518563,-0.02546297014,0.7067277088,0.03518843853
3349,16.745000,0.6966508217,0.03478236031,2.920627594e-06,-2.62260437e-06,-2.62260437e-06,1.794099808e-05,0,4.55209e-11,2.47588e-06,0.02893518563,-0.02604167163,0.701125665,0.03513455655
3350,16.750000,0.691485893,0.03448366839,2.920627594e-06,-2.682209015e-06,-2.682209015e-06,1.794099808e-05,0,4.52047e-11,2.45603e-06,0.02893518563,-0.02662037313,0.6955008448,0.03490703353
3351,16.755000,0.6859107502,0.03448872082,2.920627594e-06,-2.74181366e-06,-2.74181366e-06,1.794099808e-05,0,4.48814e-11,2.43579e-06,0.02893518563,-0.02719907463,0.6898652378,0.03507941802
3352,16.760000,0.6806090102,0.03451144043,2.920627594e-06,-2.801418304e-06,-2.801418304e-06,1.794099808e-05,0,4.4551e-11,2.41515e-06,0.02893518563,-0.02777777612,0.684230633,0.03517099766
3353,16.765000,0.6744869761,0.03492071293,2.920627594e-06,-2.861022949e-06,-2.861022949e-06,1.794099808e-05,0,4.42135e-11,2.39413e-06,0.02893518563,-0.02835647762,0.6786085869,0.03494956418
3354,16.770000,0.6688865013,0.03468432184,2.920627594e-06,-2.920627594e-06,-2.920627594e-06,1.794099808e-05,0,4.38689e-11,2.37271e-06,0.02893518563,-0.02893517911,0.6730103921,0.03519078619
3355,16.775000,0.6640086956,0.03421292081,2.920627594e-06,-2.980232239e-06,-2.980232239e-06,1.782178879e-05,0,4.3169e-11,2.34669e-06,0.02893518563,-0.02951389551,0.6674470468,0.03480051915
3356,16.780000,0.6583646163,0.03445909172,2.920627594e-06,-2.980232239e-06,-2.980232239e-06,1.77025795e-05,0,4.28209e-11,2.34239e-06,0.02893518563,-0.02951389551,0.6619292259,0.03469406339
3357,16.785000,0.653409645,0.03428432345,2.920627594e-06,-2.980232239e-06,-2.980232239e-06,1.758337021e-05,0,4.24727e-11,2.33804e-06,0.02893518563,-0.02951389551,0.6564672516,0.03467382177
3358,16.790000,0.6478959545,0.03455072548,2.920627594e-06,-2.980232239e-06,-2.980232239e-06,1.746416092e-05,0,4.21245e-11,2.33362e-06,0.02893518563,-0.02951389551,0.6510710671,0.03494578462
3359,16.795000,0.6427091621,0.03416206408,2.920627594e-06,-2.980232239e-06,-2.980232239e-06,1.734495163e-05,0,4.17764e-11,2.32913e-06,0.02893518563,-0.02951389551,0.6457502097,0.03480059786
3360,16.800000,0.6377776265,0.03377302177,2.920627594e-06,-2.980232239e-06,-2.980232239e-06,1.722574234e-05,0,4.14282e-11,2.32458e-06,0.02893518563,-0.02951389551,0.6405137861,0.03466467033
3361,16.805000,0.6325247958,0.0339171486,2.920627594e-06,-2.980232239e-06,-2.980232239e-06,1.710653305e-05,0,4.108e-11,2.31996e-06,0.02893518563,-0.02951389551,0.6353704492,0.03429693216
3362,16.810000,0.6275218688,0.03368672915,2.920627594e-06,-2.980232239e-06,-2.980232239e-06,1.698732376e-05,0,4.07319e-11,2.31527e-06,0.02893518563,-0.02951389551,0.6303283755,0.03443305538
3363,16.815000,0.6224373989,0.03384780604,2.920627594e-06,-2.980232239e-06,-2.980232239e-06,1.686811447e-05,0,4.03837e-11,2.31051e-06,0.02893518563,-0.02951389551,0.6253952444,0.03436575261
3364,16.820000,0.6173037402,0.0341611011,2.920627594e-06,-2.980232239e-06,-2.980232239e-06,1.674890518e-05,0,4.00355e-11,2.30568e-06,0.02893518563,-0.02951389551,0.6205782194,0.03442260765
3365,16.825000,0.6129145995,0.03381531406,2.920627594e-06,-2.980232239e-06,-2.980232239e-06,1.662969589e-05,0,3.96874e-11,2.30078e-06,0.02893518563,-0.02951389551,0.6158839301,0.03425370983
3366,16.830000,0.6086279787,0.03343211766,2.920627594e-06,-2.980232239e-06,-2.980232239e-06,1.65104866e-05,0,3.93392e-11,2.2958e-06,0.02893518563,-0.02951389551,0.6113184561,0.03416826916
3367,16.835000,0.604665149,0.03326635435,2.920627594e-06,-2.980232239e-06,-2.980232239e-06,1.639127731e-05,0,3.8991e-11,2.29074e-06,0.02893518563,-0.02951389551,0.6068873132,0.03388176033
3368,16.840000,0.5999900363,0.03363603912,2.920627594e-06,-2.980232239e-06,-2.980232239e-06,1.627206802e-05,0,3.86429e-11,2.2856e-06,0.02893518563,-0.02951389551,0.6025954402,0.03424715623
3369,16.845000,0.5962566957,0.03356737737,2.920627594e-06,-2.980232239e-06,-2.980232239e-06,1.615285873e-05,0,3.82947e-11,2.28038e-06,0.02893518563,-0.02951389551,0.598447188,0.03456826283
3370,16.850000,0.5928898826,0.03316538688,2.920627594e-06,-2.980232239e-06,-2.980232239e-06,1.603364944e-05,0,3.79465e-11,2.27508e-06,0.02893518563,-0.02951389551,0.5944463107,0.03444831707
3371,16.855000,0.589217525,0.03315971419,2.920627594e-06,-2.980232239e-06,-2.980232239e-06,1.591444016e-05,0,3.75984e-11,2.2697e-06,0.02893518563,-0.02951389551,0.5905959583,0.03449643243
3372,16.860000,0.585378103,0.03348774649,2.920627594e-06,-2.980232239e-06,-2.980232239e-06,1.579523087e-05,0,3.72502e-11,2.26423e-06,0.02893518563,-0.02951389551,0.5868986708,0.03426239724
3373,16.865000,0.5818087831,0.0337212747,2.920627594e-06,-2.980232239e-06,-2.980232239e-06,1.567602158e-05,0,3.6902e-11,2.25867e-06,0.02893518563,-0.02951389551,0.5833563744,0.03468301615
3374,16.870000,0.5779991411,0.0341816023,2.920627594e-06,-2.980232239e-06,-2.980232239e-06,1.555681229e-05,0,3.65539e-11,2.25301e-06,0.02893518563,-0.02951389551,0.5799703801,0.03474469304
3375,16.875000,0.5755148157,0.033990575,2.920627594e-06,-2.980232239e-06,-2.980232239e-06,1.5437603e-05,0,3.62057e-11,2.24727e-06,0.02893518563,-0.02951389551,0.5767413831,0.0346196851
3376,16.880000,0.5722265542,0.03450469114,2.920627594e-06,-2.980232239e-06,-2.980232239e-06,1.531839371e-05,0,3.58575e-11,2.24143e-06,0.02893518563,-0.02951389551,0.5736694649,0.03469725444
3377,16.885000,0.5692510642,0.03441247623,2.920627594e-06,-2.980232239e-06,-2.980232239e-06,1.519918442e-05,0,3.55094e-11,2.2355e-06,0.02893518563,-0.02951389551,0.5707540964,0.03467434396
3378,16.890000,0.5666709468,0.03441327717,2.920627594e-06,-2.980232239e-06,-2.980232239e-06,1.507997513e-05,0,3.51612e-11,2.22947e-06,0.02893518563,-0.02951389551,0.5679941439,0.03477098465
3379,16.895000,0.5641498305,0.03462285362,2.920627594e-06,-2.980232239e-06,-2.980232239e-06,1.496076584e-05,0,3.4813e-11,2.22333e-06,0.02893518563,-0.02951389551,0.5653878757,0.03460752103
3380,16.900000,0.5621946342,0.03402318619,2.920627594e-06,-2.980232239e-06,-2.980232239e-06,1.484155655e-05,0,3.44649e-11,2.21709e-06,0.02893518563,-0.02951389551,0.5629329717,0.03501783192
3381,16.905000,0.5600943528,0.03363149147,2.920627594e-06,-2.980232239e-06,-2.980232239e-06,1.472234726e-05,0,3.41167e-11,2.21074e-06,0.02893518563,-0.02951389551,0.5606265331,0.03462637165
3382,16.910000,0.5578237176,0.03388654534,2.920627594e-06,-2.980232239e-06,-2.980232239e-06,1.460313797e-05,0,3.37685e-11,2.20429e-06,0.02893518563,-0.02951389551,0.558465096,0.03484424211
3383,16.915000,0.5557615086,0.03397508152,2.920627594e-06,-2.980232239e-06,-2.980232239e-06,1.448392868e-05,0,3.34204e-11,2.19772e-06,0.02893518563,-0.02951389551,0.5564446444,0.03477914972
3384,16.920000,0.5543316379,0.03416223545,2.920627594e-06,-2.980232239e-06,-2.980232239e-06,1.436471939e-05,0,3.30722e-11,2.19104e-06,0.02893518563,-0.02951389551,0.5545606267,0.03483340779
3385,16.925000,0.5526215322,0.03392692748,2.920627594e-06,-2.980232239e-06,-2.980232239e-06,1.42455101e-05,0,3.2724e-11,2.18424e-06,0.02893518563,-0.02951389551,0.5528079724,0.03489810373
3386,16.930000,0.5507891737,0.03411390912,2.920627594e-06,-2.980232239e-06,-2.980232239e-06,1.412630081e-05,0,3.23759e-11,2.17732e-06,0.02893518563,-0.02951389551,0.5511811113,0.03481470154
3387,16.935000,0.5489826612,0.03430065233,2.920627594e-06,-2.980232239e-06,-2.980232239e-06,1.400709152e-05,0,3.20277e-11,2.17028e-06,0.02893518563,-0.02951389551,0.5496739938,0.03451756428
3388,16.940000,0.5477089509,0.03418323491,2.920627594e-06,-2.980232239e-06,-2.980232239e-06,1.388788223e-05,0,3.16795e-11,2.1631e-06,0.02893518563,-0.02951389551,0.5482801121,0.03472156764
3389,16.945000,0.5465456732,0.03395231813,2.920627594e-06,-2.980232239e-06,-2.980232239e-06,1.376867294e-05,0,3.13314e-11,2.1558e-06,0.02893518563,-0.02951389551,0.5469925242,0.03447010052
3390,16.950000,0.5454501845,0.03399292938,2.920627594e-06,-2.980232239e-06,-2.980232239e-06,1.364946365e-05,0,3.09832e-11,2.14837e-06,0.02893518563,-0.02951389551,0.5458038772,0.03428801941
3391,16.955000,0.5442194194,0.03403000627,2.920627594e-06,-2.980232239e-06,-2.980232239e-06,1.353025436e-05,0,3.06351e-11,2.1408e-06,0.02893518563,-0.02951389551,0.5447064335,0.03385211242
3392,16.960000,0.5438364781,0.03373313695,2.920627594e-06,-2.980232239e-06,-2.980232239e-06,1.341104507e-05,0,3.02869e-11,2.13309e-06,0.02893518563,-0.02951389551,0.5436920976,0.03393518417
3393,16.965000,0.5426707901,0.03383181337,2.920627594e-06,-2.980232239e-06,-2.980232239e-06,1.329183578e-05,0,2.99387e-11,2.12524e-06,0.02893518563,-0.02951389551,0.5427524432,0.03345360552
3394,16.970000,0.5412611328,0.03407474048,2.920627594e-06,-2.980232239e-06,-2.980232239e-06,1.31726265e-05,0,2.95906e-11,2.11724e-06,0.02893518563,-0.02951389551,0.5418787426,0.03350679982
3395,16.975000,0.540566083,0.0342193488,2.920627594e-06,-2.980232239e-06,-2.980232239e-06,1.305341721e-05,0,2.92424e-11,2.10909e-06,0.02893518563,-0.02951389551,0.5410619957,0.0334796448
3396,16.980000,0.5400191918,0.03390493244,2.920627594e-06,-2.980232239e-06,-2.980232239e-06,1.293420792e-05,0,2.88942e-11,2.10078e-06,0.02893518563,-0.02951389551,0.5402929612,0.03398679293
3397,16.985000,0.5387639403,0.03419462033,2.920627594e-06,-2.980232239e-06,-2.980232239e-06,1.281499863e-05,0,2.85461e-11,2.09231e-06,0.02893518563,-0.02951389551,0.5395621868,0.03400737034
3398,16.990000,0.5381518044,0.03431713302,2.920627594e-06,-2.980232239e-06,-2.980232239e-06,1.269578934e-05,0,2.81979e-11,2.08368e-06,0.02893518563,-0.02951389551,0.5388600418,0.03362515056
3399,16.995000,0.5374550372,0.03408321831,2.920627594e-06,-2.980232239e-06,-2.980232239e-06,1.257658005e-05,0,2.78497e-11,2.07488e-06,0.02893518563,-0.02951389551,0.5381767486,0.03382890019
3400,17.000000,0.5364467949,0.03452488221,2.920627594e-06,-2.980232239e-06,-2.980232239e-06,1.245737076e-05,0,2.75016e-11,2.06591e-06,0.02893518563,-0.02951389551,0.5375024163,0.03419086216
3401,17.005000,0.5360506028,0.03463345394,2.920627594e-06,-2.980232239e-06,-2.980232239e-06,1.233816147e-05,0,2.71534e-11,2.05676e-06,0.02893518563,-0.02951389551,0.5368270729,0.03410543045
3402,17.010000,0.5357085206,0.03432775009,2.920627594e-06,-2.980232239e-06,-2.980232239e-06,1.221895218e-05,0,2.68052e-11,2.04743e-06,0.02893518563,-0.02951389551,0.536140699,0.03435357836
3403,17.015000,0.534647312,0.03476793598,2.920627594e-06,-2.980232239e-06,-2.980232239e-06,1.209974289e-05,0,2.64571e-11,2.03791e-06,0.02893518563,-0.02951389551,0.5354332614,0.03446651892
3404,17.020000,0.5340323001,0.03486064076,2.920627594e-06,-2.980232239e-06,-2.980232239e-06,1.19805336e-05,0,2.61089e-11,2.0282e-06,0.02893518563,-0.02951389551,0.5346947462,0.03448419882
3405,17.025000,0.5330089182,0.03501436859,2.920627594e-06,-2.980232239e-06,-2.980232239e-06,1.186132431e-05,0,2.57607e-11,2.01829e-06,0.02893518563,-0.02951389551,0.5339151925,0.03408010939
3406,17.030000,0.5328523889,0.03449525032,2.920627594e-06,-2.980232239e-06,-2.980232239e-06,1.174211502e-05,0,2.54126e-11,2.00817e-06,0.02893518563,-0.02951389551,0.5330847254,0.03385954045
3407,17.035000,0.5317386836,0.034394091,2.920627594e-06,-2.980232239e-06,-2.980232239e-06,1.162290573e-05,0,2.50644e-11,1.99785e-06,0.02893518563,-0.02951389551,0.5321935895,0.03412941236
3408,17.040000,0.5308228731,0.03427032568,2.920627594e-06,-2.980232239e-06,-2.980232239e-06,1.150369644e-05,0,2.47162e-11,1.98731e-06,0.02893518563,-0.02951389551,0.5312321812,0.03399581831
3409,17.045000,0.5294391178,0.03428394068,2.920627594e-06,-2.980232239e-06,-2.980232239e-06,1.138448715e-05,0,2.43681e-11,1.97655e-06,0.02893518563,-0.02951389551,0.530191081,0.03392267329
3410,17.050000,0.5288707949,0.03384523187,2.920627594e-06,-2.980232239e-06,-2.980232239e-06,1.126527786e-05,0,2.40199e-11,1.96557e-06,0.02893518563,-0.02951389551,0.5290610852,0.03390463273
3411,17.055000,0.527833648,0.03373691067,2.920627594e-06,-2.980232239e-06,-2.980232239e-06,1.114606857e-05,0,2.36717e-11,1.95435e-06,0.02893518563,-0.02951389551,0.5278332371,0.03451518189
3412,17.060000,0.5261235945,0.03387420904,2.920627594e-06,-2.980232239e-06,-2.980232239e-06,1.102685928e-05,0,2.33236e-11,1.94289e-06,0.02893518563,-0.02951389551,0.5264988574,0.03454850763
3413,17.065000,0.524511382,0.03398633376,2.920627594e-06,-2.980232239e-06,-2.980232239e-06,1.090764999e-05,0,2.29754e-11,1.93118e-06,0.02893518563,-0.02951389551,0.5250495735,0.03447367192
3414,17.070000,0.5226996839,0.03376626689,2.920627594e-06,-2.980232239e-06,-2.980232239e-06,1.07884407e-05,0,2.26272e-11,1.91921e-06,0.02893518563,-0.02951389551,0.5234773483,0.03431764696
3415,17.075000,0.5211684816,0.03364939615,2.920627594e-06,-2.980232239e-06,-2.980232239e-06,1.066923141e-05,0,2.22791e-11,1.90699e-06,0.02893518563,-0.02951389551,0.5217745078,0.03458190302
3416,17.080000,0.5201615877,0.03318419587,2.920627594e-06,-2.980232239e-06,-2.980232239e-06,1.055002213e-05,0,2.19309e-11,1.89449e-06,0.02893518563,-0.02951389551,0.5199337679,0.03445607184
3417,17.085000,0.5177868009,0.03357208613,2.920627594e-06,-2.980232239e-06,-2.980232239e-06,1.043081284e-05,0,2.15827e-11,1.88171e-06,0.02893518563,-0.02951389551,0.5179482596,0.03449033441
3418,17.090000,0.5156848319,0.03317624051,2.920627594e-06,-2.980232239e-06,-2.980232239e-06,1.031160355e-05,0,2.12346e-11,1.86865e-06,0.02893518563,-0.02951389551,0.5158115534,0.03433761136
3419,17.095000,0.512998268,0.03343135212,2.920627594e-06,-2.980232239e-06,-2.980232239e-06,1.019239426e-05,0,2.08864e-11,1.85529e-06,0.02893518563,-0.02951389551,0.5135176822,0.03431704333
3420,17.100000,0.5104649812,0.03323927522,2.920627594e-06,-2.980232239e-06,-2.980232239e-06,1.007318497e-05,0,2.05382e-11,1.84163e-06,0.02893518563,-0.02951389551,0.511061163,0.03410568499
3421,17.105000,0.5072989389,0.03373531159,2.920627594e-06,-2.980232239e-06,-2.980232239e-06,9.953975677e-06,0,2.01901e-11,1.82766e-06,0.02893518563,-0.02951389551,0.5084370169,0.03390163722
3422,17.110000,0.5042009652,0.03387183789,2.920627594e-06,-2.980232239e-06,-2.980232239e-06,9.834766388e-06,0,1.98419e-11,1.81337e-06,0.02893518563,-0.02951389551,0.5056407881,0.0339846734
3423,17.115000,0.5014165081,0.03361227456,2.920627594e-06,-2.980232239e-06,-2.980232239e-06,9.715557098e-06,0,1.94937e-11,1.79874e-06,0.02893518563,-0.02951389551,0.5026685607,0.03399763123
3424,17.120000,0.4985479936,0.03323605005,2.920627594e-06,-2.980232239e-06,-2.980232239e-06,9.596347809e-06,0,1.91456e-11,1.78377e-06,0.02893518563,-0.02951389551,0.4995169745,0.03422044501
3425,17.125000,0.4949355647,0.03318159096,2.920627594e-06,-2.980232239e-06,-2.980232239e-06,9.477138519e-06,0,1.87974e-11,1.76845e-06,0.02893518563,-0.02951389551,0.4961832389,0.03413086215
3426,17.130000,0.4919108562,0.03270372655,2.920627594e-06,-2.980232239e-06,-2.980232239e-06,9.35792923e-06,0,1.84492e-11,1.75277e-06,0.02893518563,-0.02951389551,0.4926651451,0.03380882408
3427,17.135000,0.4880850688,0.03274167888,2.920627594e-06,-2.980232239e-06,-2.980232239e-06,9.23871994e-06,0,1.81011e-11,1.73671e-06,0.02893518563,-0.02951389551,0.4889610769,0.03378504023
3428,17.140000,0.4843291864,0.0326182805,2.920627594e-06,-2.980232239e-06,-2.980232239e-06,9.119510651e-06,0,1.77529e-11,1.72026e-06,0.02893518563,-0.02951389551,0.4850700191,0.03376407989
3429,17.145000,0.4800780602,0.0324942898,2.920627594e-06,-2.980232239e-06,-2.980232239e-06,9.000301361e-06,0,1.74047e-11,1.70342e-06,0.02893518563,-0.02951389551,0.4809915648,0.03395126558
3430,17.150000,0.4756406769,0.03273140732,2.920627594e-06,-2.980232239e-06,-2.980232239e-06,8.881092072e-06,0,1.70566e-11,1.68617e-06,0.02893518563,-0.02951389551,0.4767259206,0.03372513542
3431,17.155000,0.4706030264,0.03320583422,2.920627594e-06,-2.980232239e-06,-2.980232239e-06,8.761882782e-06,0,1.67084e-11,1.6685e-06,0.02893518563,-0.02951389551,0.4722739101,0.03419197952
3432,17.160000,0.4661006331,0.03324648365,2.920627594e-06,-2.980232239e-06,-2.980232239e-06,8.642673492e-06,0,1.63602e-11,1.6504e-06,0.02893518563,-0.02951389551,0.4676369753,0.03398596822
3433,17.165000,0.4617069103,0.03250694647,2.920627594e-06,-2.980232239e-06,-2.980232239e-06,8.523464203e-06,0,1.60121e-11,1.63185e-06,0.02893518563,-0.02951389551,0.4628171764,0.0341747821
3434,17.170000,0.4565574303,0.03253233526,2.920627594e-06,-2.980232239e-06,-2.980232239e-06,8.404254913e-06,0,1.56639e-11,1.61283e-06,0.02893518563,-0.02951389551,0.4578171898,0.03401177576
3435,17.175000,0.4521055259,0.03210292011,2.920627594e-06,-2.980232239e-06,-2.980232239e-06,8.285045624e-06,0,1.53157e-11,1.59334e-06,0.02893518563,-0.02951389551,0.4526403043,0.03424864596
3436,17.180000,0.446752023,0.03202967718,2.920627594e-06,-2.980232239e-06,-2.980232239e-06,8.165836334e-06,0,1.49676e-11,1.57337e-06,0.02893518563,-0.02951389551,0.4472904152,0.03381796479
3437,17.185000,0.4409742877,0.03213344142,2.920627594e-06,-2.980232239e-06,-2.980232239e-06,8.046627045e-06,0,1.46194e-11,1.55288e-06,0.02893518563,-0.02951389551,0.4417720169,0.03385946071
3438,17.190000,0.4352936447,0.03179318737,2.920627594e-06,-2.980232239e-06,-2.980232239e-06,7.927417755e-06,0,1.42713e-11,1.53188e-06,0.02893518563,-0.02951389551,0.4360901933,0.03423601253
3439,17.195000,0.4294814579,0.03176905587,2.920627594e-06,-2.980232239e-06,-2.980232239e-06,7.808208466e-06,0,1.39231e-11,1.51034e-06,0.02893518563,-0.02951389551,0.4302506072,0.03405925148
3440,17.200000,0.423983261,0.0316962013,2.920627594e-06,-2.980232239e-06,-2.980232239e-06,7.688999176e-06,0,1.35749e-11,1.48825e-06,0.02893518563,-0.02951389551,0.4242594871,0.03401380241
3441,17.205000,0.4173944928,0.03202047572,2.920627594e-06,-2.980232239e-06,-2.980232239e-06,7.569789886e-06,0,1.32268e-11,1.4656e-06,0.02893518563,-0.02951389551,0.4181236131,0.03421549359
3442,17.210000,0.4109267443,0.03188803326,2.920627594e-06,-2.980232239e-06,-2.980232239e-06,7.450580597e-06,0,1.28786e-11,1.44236e-06,0.02893518563,-0.02951389551,0.4118503001,0.03410328963
3443,17.215000,0.4039987549,0.03212506417,2.920627594e-06,-2.980232239e-06,-2.980232239e-06,7.331371307e-06,0,1.25304e-11,1.41851e-06,0.02893518563,-0.02951389551,0.4054473807,0.03432932489
3444,17.220000,0.3974212073,0.03229504544,2.920627594e-06,-2.980232239e-06,-2.980232239e-06,7.212162018e-06,0,1.21823e-11,1.39405e-06,0.02893518563,-0.02951389551,0.3989231855,0.03423709866
3445,17.225000,0.3902265467,0.03245842271,2.920627594e-06,-2.980232239e-06,-2.980232239e-06,7.092952728e-06,0,1.18341e-11,1.36895e-06,0.02893518563,-0.02951389551,0.3922865222,0.03405106086
3446,17.230000,0.3837790862,0.03213017993,2.920627594e-06,-2.980232239e-06,-2.980232239e-06,6.973743439e-06,0,1.14859e-11,1.3432e-06,0.02893518563,-0.02951389551,0.3855466536,0.03377428962
3447,17.235000,0.3766774349,0.03220581263,2.920627594e-06,-2.980232239e-06,-2.980232239e-06,6.854534149e-06,0,1.11378e-11,1.31677e-06,0.02893518563,-0.02951389551,0.3787132737,0.03366451806
3448,17.240000,0.3694854379,0.03232803475,2.920627594e-06,-2.980232239e-06,-2.980232239e-06,6.73532486e-06,0,1.07896e-11,1.28965e-06,0.02893518563,-0.02951389551,0.3717964827,0.0339003054
3449,17.245000,0.3629929051,0.03201695718,2.920627594e-06,-2.980232239e-06,-2.980232239e-06,6.61611557e-06,0,1.04414e-11,1.26181e-06,0.02893518563,-0.02951389551,0.3648067607,0.03345492902
3450,17.250000,0.3559729271,0.03201830387,2.920627594e-06,-2.980232239e-06,-2.980232239e-06,6.496906281e-06,0,1.00933e-11,1.23325e-06,0.02893518563,-0.02951389551,0.3577549404,0.03304192963
3451,17.255000,0.3488478623,0.03203975689,2.920627594e-06,-2.980232239e-06,-2.980232239e-06,6.377696991e-06,0,9.74509e-12,1.20393e-06,0.02893518563,-0.02951389551,0.3506521785,0.03321081775
3452,17.260000,0.3412855826,0.03230814636,2.920627594e-06,-2.980232239e-06,-2.980232239e-06,6.258487701e-06,0,9.39693e-12,1.17384e-06,0.02893518563,-0.02951389551,0.343509926,0.03335518808
3453,17.265000,0.33384756,0.03240338899,2.920627594e-06,-2.980232239e-06,-2.980232239e-06,6.139278412e-06,0,9.04876e-12,1.14296e-06,0.02893518563,-0.02951389551,0.3363398979,0.03347796676
3454,17.270000,0.3267840855,0.03231452126,2.920627594e-06,-2.980232239e-06,-2.980232239e-06,6.020069122e-06,0,8.7006e-12,1.11127e-06,0.02893518563,-0.02951389551,0.3291540415,0.03361632967
3455,17.275000,0.320359908,0.03192734346,2.920627594e-06,-2.980232239e-06,-2.980232239e-06,5.900859833e-06,0,8.35243e-12,1.07874e-06,0.02893518563,-0.02951389551,0.3219645048,0.03364073545
3456,17.280000,0.3138281591,0.03176100738,2.920627594e-06,-2.920627594e-06,-2.920627594e-06,5.900859833e-06,0,8.70415e-12,1.13195e-06,0.02893518563,-0.02893517911,0.3147836032,0.03347256344
3457,17.285000,0.3080454916,0.03095272835,2.920627594e-06,-2.861022949e-06,-2.861022949e-06,5.900859833e-06,0,9.04876e-12,1.18493e-06,0.02893518563,-0.02835647762,0.3076237864,0.03351864461
3458,17.290000,0.3009330072,0.03078795783,2.920627594e-06,-2.801418304e-06,-2.801418304e-06,5.900859833e-06,0,9.38627e-12,1.23767e-06,0.02893518563,-0.02777777612,0.3004976044,0.03343719662
3459,17.295000,0.2944052927,0.03043553606,2.920627594e-06,-2.74181366e-06,-2.74181366e-06,5.900859833e-06,0,9.71667e-12,1.29017e-06,0.02893518563,-0.02719907463,0.2934176734,0.03379741702
3460,17.300000,0.2875210904,0.03044413216,2.920627594e-06,-2.682209015e-06,-2.682209015e-06,5.900859833e-06,0,1.004e-11,1.34241e-06,0.02893518563,-0.02662037313,0.286396641,0.0338682496
3461,17.305000,0.2798402794,0.03070622776,2.920627594e-06,-2.62260437e-06,-2.62260437e-06,5.900859833e-06,0,1.03562e-11,1.39437e-06,0.02893518563,-0.02604167163,0.2794471518,0.03366662126
3462,17.310000,0.2735482417,0.03058892023,2.920627594e-06,-2.562999725e-06,-2.562999725e-06,5.900859833e-06,0,1.06652e-11,1.44605e-06,0.02893518563,-0.02546297014,0.2725818121,0.03361767158
3463,17.315000,0.2664549537,0.03067855071,2.920627594e-06,-2.503395081e-06,-2.503395081e-06,5.900859833e-06,0,1.09672e-11,1.49742e-06,0.02893518563,-0.02488425374,0.2658131556,0.03354572803
3464,17.320000,0.2598234192,0.03071431816,2.920627594e-06,-2.443790436e-06,-2.443790436e-06,5.900859833e-06,0,1.12621e-11,1.54848e-06,0.02893518563,-0.02430555224,0.2591536082,0.03329852972
3465,17.325000,0.2529857457,0.03105418663,2.920627594e-06,-2.384185791e-06,-2.384185791e-06,5.900859833e-06,0,1.15499e-11,1.5992e-06,0.02893518563,-0.02372685075,0.2526154538,0.03321284664
3466,17.330000,0.2466971017,0.03099209629,2.920627594e-06,-2.324581146e-06,-2.324581146e-06,5.900859833e-06,0,1.18305e-11,1.64956e-06,0.02893518563,-0.02314814925,0.2462107998,0.03287402865
3467,17.335000,0.2404972017,0.03102184646,2.920627594e-06,-2.264976501e-06,-2.264976501e-06,5.900859833e-06,0,1.21041e-11,1.69955e-06,0.02893518563,-0.02256944776,0.2399515435,0.03297470142
3468,17.340000,0.2341957539,0.03100796975,2.920627594e-06,-2.205371857e-06,-2.205371857e-06,5.900859833e-06,0,1.23705e-11,1.74914e-06,0.02893518563,-0.02199074626,0.2338493385,0.03299578251
3469,17.345000,0.2285433412,0.03089804389,2.920627594e-06,-2.145767212e-06,-2.145767212e-06,5.900859833e-06,0,1.26299e-11,1.79832e-06,0.02893518563,-0.02141202986,0.2279155622,0.03284193444
3470,17.350000,0.222996518,0.0305941347,2.920627594e-06,-2.086162567e-06,-2.086162567e-06,5.900859833e-06,0,1.28821e-11,1.84705e-06,0.02893518563,-0.02083332837,0.2221612836,0.03273741572
3471,17.355000,0.2174289078,0.03047921136,2.920627594e-06,-2.026557922e-06,-2.026557922e-06,5.900859833e-06,0,1.31273e-11,1.89531e-06,0.02893518563,-0.02025462687,0.216597232,0.03280862621
3472,17.360000,0.2118899524,0.03060995229,2.920627594e-06,-1.966953278e-06,-1.966953278e-06,5.900859833e-06,0,1.33653e-11,1.94308e-06,0.02893518563,-0.01967592537,0.2112337665,0.03333528669
3473,17.365000,0.2069673836,0.03064152226,2.920627594e-06,-1.907348633e-06,-1.907348633e-06,5.900859833e-06,0,1.35962e-11,1.99033e-06,0.02893518563,-0.01909722388,0.2060808467,0.0333890291
3474,17.370000,0.2026180923,0.03058871161,2.920627594e-06,-1.847743988e-06,-1.847743988e-06,5.900859833e-06,0,1.38201e-11,2.03701e-06,0.02893518563,-0.01851852238,0.2011480041,0.03333951243
3475,17.375000,0.1982554011,0.03070272785,2.920627594e-06,-1.788139343e-06,-1.788139343e-06,5.900859833e-06,0,1.40368e-11,2.08311e-06,0.02893518563,-0.01793982089,0.1964443148,0.03363290163
3476,17.380000,0.1931863166,0.03097838163,2.920627594e-06,-1.728534698e-06,-1.728534698e-06,5.900859833e-06,0,1.42464e-11,2.12858e-06,0.02893518563,-0.01736110449,0.1919783734,0.03341872881
3477,17.385000,0.1885339245,0.03118610196,2.920627594e-06,-1.668930054e-06,-1.668930054e-06,5.960464478e-06,0,1.4623e-11,2.18323e-06,0.02893518563,-0.01678240299,0.1877582679,0.03370148349
3478,17.390000,0.1844398528,0.03139996529,2.920627594e-06,-1.609325409e-06,-1.609325409e-06,6.020069122e-06,0,1.49925e-11,2.23617e-06,0.02893518563,-0.0162037015,0.1837915567,0.03357044233
3479,17.395000,0.1804814637,0.03134451061,2.920627594e-06,-1.609325409e-06,-1.609325409e-06,6.079673767e-06,0,1.51665e-11,2.2452e-06,0.02893518563,-0.0162037015,0.180085246,0.03339978295
3480,17.400000,0.177587375,0.03117625229,2.920627594e-06,-1.609325409e-06,-1.609325409e-06,6.139278412e-06,0,1.53406e-11,2.25402e-06,0.02893518563,-0.0162037015,0.1766457691,0.03353110183
3481,17.405000,0.1746648364,0.03117786348,2.920627594e-06,-1.609325409e-06,-1.609325409e-06,6.198883057e-06,0,1.55147e-11,2.26266e-06,0.02893518563,-0.0162037015,0.1734789679,0.03337805867
3482,17.410000,0.1717539765,0.03111773822,2.920627594e-06,-1.609325409e-06,-1.609325409e-06,6.258487701e-06,0,1.56888e-11,2.2711e-06,0.02893518563,-0.0162037015,0.1705900747,0.03325292614
3483,17.415000,0.1693307161,0.03118290752,2.920627594e-06,-1.609325409e-06,-1.609325409e-06,6.318092346e-06,0,1.58629e-11,2.27936e-06,0.02893518563,-0.0162037015,0.1679836968,0.03335273642
3484,17.420000,0.1664659642,0.03142603952,2.920627594e-06,-1.609325409e-06,-1.609325409e-06,6.377696991e-06,0,1.60369e-11,2.28743e-06,0.02893518563,-0.0162037015,0.1656638019,0.03316462301
3485,17.425000,0.1649100631,0.03113021608,2.920627594e-06,-1.609325409e-06,-1.609325409e-06,6.437301636e-06,0,1.6211e-11,2.29534e-06,0.02893518563,-0.0162037015,0.1636337059,0.03342076067
3486,17.430000,0.1629250683,0.0313908495,2.920627594e-06,-1.609325409e-06,-1.609325409e-06,6.496906281e-06,0,1.63851e-11,2.30307e-06,0.02893518563,-0.0162037015,0.1618960624,0.03316168772
3487,17.435000,0.1616629064,0.0313804131,2.920627594e-06,-1.609325409e-06,-1.609325409e-06,6.556510925e-06,0,1.65592e-11,2.31064e-06,0.02893518563,-0.0162037015,0.1604528532,0.03286118424
3488,17.440000,0.1604504399,0.03148673475,2.920627594e-06,-1.609325409e-06,-1.609325409e-06,6.61611557e-06,0,1.67333e-11,2.31805e-06,0.02893518563,-0.0162037015,0.1593053817,0.03292768037
3489,17.445000,0.1603699476,0.03126408625,2.920627594e-06,-1.609325409e-06,-1.609325409e-06,6.675720215e-06,0,1.69074e-11,2.3253e-06,0.02893518563,-0.0162037015,0.1584542677,0.03295323647
3490,17.450000,0.1592666395,0.03147356119,2.920627594e-06,-1.609325409e-06,-1.609325409e-06,6.73532486e-06,0,1.70814e-11,2.3324e-06,0.02893518563,-0.0162037015,0.1578994436,0.0329917264
3491,17.455000,0.1590755209,0.03149354458,2.920627594e-06,-1.609325409e-06,-1.609325409e-06,6.794929504e-06,0,1.72555e-11,2.33935e-06,0.02893518563,-0.0162037015,0.1576401532,0.03352828791
3492,17.460000,0.1593830772,0.03135533538,2.920627594e-06,-1.609325409e-06,-1.609325409e-06,6.854534149e-06,0,1.74296e-11,2.34616e-06,0.02893518563,-0.0162037015,0.1576749523,0.03384873034
3493,17.465000,0.1592452787,0.0315947989,2.920627594e-06,-1.609325409e-06,-1.609325409e-06,6.914138794e-06,0,1.76037e-11,2.35282e-06,0.02893518563,-0.0162037015,0.1580017103,0.03398225213
3494,17.470000,0.1600459926,0.03158971574,2.920627594e-06,-1.609325409e-06,-1.609325409e-06,6.973743439e-06,0,1.77778e-11,2.35936e-06,0.02893518563,-0.0162037015,0.1586176149,0.03392353932
3495,17.475000,0.1607013084,0.03174174484,2.920627594e-06,-1.609325409e-06,-1.609325409e-06,7.033348083e-06,0,1.79519e-11,2.36575e-06,0.02893518563,-0.0162037015,0.1595191781,0.03386959231
3496,17.480000,0.1620941088,0.03177460469,2.920627594e-06,-1.609325409e-06,-1.609325409e-06,7.092952728e-06,0,1.81259e-11,2.37202e-06,0.02893518563,-0.0162037015,0.1607022435,0.03381388127
3497,17.485000,0.1639227755,0.03170907032,2.920627594e-06,-1.609325409e-06,-1.609325409e-06,7.152557373e-06,0,1.83e-11,2.37817e-06,0.02893518563,-0.0162037015,0.1621619966,0.03367450623
3498,17.490000,0.1654280089,0.03184425086,2.920627594e-06,-1.609325409e-06,-1.609325409e-06,7.212162018e-06,0,1.84741e-11,2.38419e-06,0.02893518563,-0.0162037015,0.1638929759,0.03364721986
3499,17.495000,0.1672060043,0.03185885772,2.920627594e-06,-1.609325409e-06,-1.609325409e-06,7.271766663e-06,0,1.86482e-11,2.39009e-06,0.02893518563,-0.0162037015,0.1658890863,0.03353850367
3500,17.500000,0.1698990017,0.03164939024,2.920627594e-06,-1.609325409e-06,-1.609325409e-06,7.331371307e-06,0,1.88223e-11,2.39587e-06,0.02893518563,-0.0162037015,0.1681436139,0.03340460996
3501,17.505000,0.1716226339,0.03197008185,2.920627594e-06,-1.609325409e-06,-1.609325409e-06,7.390975952e-06,0,1.89964e-11,2.40154e-06,0.02893518563,-0.0162037015,0.1706492429,0.03347879173
3502,17.510000,0.1743866764,0.03194537386,2.920627594e-06,-1.609325409e-06,-1.609325409e-06,7.450580597e-06,0,1.91704e-11,2.40711e-06,0.02893518563,-0.0162037015,0.1733980739,0.03341080101
3503,17.515000,0.1775487438,0.03182732407,2.920627594e-06,-1.609325409e-06,-1.609325409e-06,7.510185242e-06,0,1.93445e-11,2.41256e-06,0.02893518563,-0.0162037015,0.1763816437,0.03312273168
3504,17.520000,0.180072844,0.03215444926,2.920627594e-06,-1.609325409e-06,-1.609325409e-06,7.569789886e-06,0,1.95186e-11,2.41791e-06,0.02893518563,-0.0162037015,0.1795909467,0.03304653052
3505,17.525000,0.1840494797,0.03213689104,2.920627594e-06,-1.609325409e-06,-1.609325409e-06,7.629394531e-06,0,1.96927e-11,2.42316e-06,0.02893518563,-0.0162037015,0.1830164582,0.033368894
3506,17.530000,0.1878403425,0.03225526214,2.920627594e-06,-1.609325409e-06,-1.609325409e-06,7.688999176e-06,0,1.98668e-11,2.42831e-06,0.02893518563,-0.0162037015,0.1866481583,0.03324382113
3507,17.535000,0.1921421848,0.03218087368,2.920627594e-06,-1.609325409e-06,-1.609325409e-06,7.748603821e-06,0,2.00409e-11,2.43336e-06,0.02893518563,-0.0162037015,0.1904755582,0.03335581222
3508,17.540000,0.1962606907,0.03213956859,2.920627594e-06,-1.609325409e-06,-1.609325409e-06,7.808208466e-06,0,2.02149e-11,2.43832e-06,0.02893518563,-0.0162037015,0.1944877267,0.03338907501
3509,17.545000,0.2003060058,0.03228939697,2.920627594e-06,-1.609325409e-06,-1.609325409e-06,7.86781311e-06,0,2.0389e-11,2.44319e-06,0.02893518563,-0.0162037015,0.1986733186,0.03350773524
3510,17.550000,0.2038820237,0.03265095316,2.920627594e-06,-1.609325409e-06,-1.609325409e-06,7.927417755e-06,0,2.05631e-11,2.44797e-06,0.02893518563,-0.0162037015,0.2030206042,0.03304209667
3511,17.555000,0.2082854621,0.03263981268,2.920627594e-06,-1.609325409e-06,-1.609325409e-06,7.9870224e-06,0,2.07372e-11,2.45266e-06,0.02893518563,-0.0162037015,0.2075174996,0.0330816121
3512,17.560000,0.2128148749,0.0326977903,2.920627594e-06,-1.609325409e-06,-1.609325409e-06,8.046627045e-06,0,2.09113e-11,2.45726e-06,0.02893518563,-0.0162037015,0.2121515981,0.0329945251
3513,17.565000,0.217379,0.03278528061,2.920627594e-06,-1.609325409e-06,-1.609325409e-06,8.106231689e-06,0,2.10854e-11,2.46178e-06,0.02893518563,-0.0162037015,0.2169102022,0.03277872746
3514,17.570000,0.2233979665,0.03236429114,2.920627594e-06,-1.609325409e-06,-1.609325409e-06,8.165836334e-06,0,2.12594e-11,2.46622e-06,0.02893518563,-0.0162037015,0.2217803571,0.03323763439
3515,17.575000,0.2282158248,0.03259003442,2.920627594e-06,-1.609325409e-06,-1.609325409e-06,8.225440979e-06,0,2.14335e-11,2.47059e-06,0.02893518563,-0.0162037015,0.2267488841,0.03298256855
3516,17.580000,0.2327245809,0.03277589101,2.920627594e-06,-1.609325409e-06,-1.609325409e-06,8.285045624e-06,0,2.16076e-11,2.47487e-06,0.02893518563,-0.0162037015,0.231802415,0.03263673473
3517,17.585000,0.2375074513,0.03301421646,2.920627594e-06,-1.609325409e-06,-1.609325409e-06,8.344650269e-06,0,2.17817e-11,2.47908e-06,0.02893518563,-0.0162037015,0.2369274271,0.03264036376
3518,17.590000,0.2431790046,0.03277531732,2.920627594e-06,-1.609325409e-06,-1.609325409e-06,8.404254913e-06,0,2.19558e-11,2.48322e-06,0.02893518563,-0.0162037015,0.2421102782,0.03300827604
3519,17.595000,0.2479763702,0.03286986426,2.920627594e-06,-1.609325409e-06,-1.609325409e-06,8.463859558e-06,0,2.21299e-11,2.48728e-06,0.02893518563,-0.0162037015,0.2473372423,0.03294613223
3520,17.600000,0.2533282191,0.03275830112,2.920627594e-06,-1.609325409e-06,-1.609325409e-06,8.523464203e-06,0,2.23039e-11,2.49128e-06,0.02893518563,-0.0162037015,0.2525945454,0.03288890461
3521,17.605000,0.2585594691,0.03272482753,2.920627594e-06,-1.609325409e-06,-1.609325409e-06,8.583068848e-06,0,2.2478e-11,2.4952e-06,0.02893518563,-0.0162037015,0.2578684016,0.03272390186
3522,17.610000,0.2636916898,0.0328800166,2.920627594e-06,-1.609325409e-06,-1.609325409e-06,8.642673492e-06,0,2.26521e-11,2.49906e-06,0.02893518563,-0.0162037015,0.2631450486,0.03297344997
3523,17.615000,0.2688917853,0.03302246891,2.920627594e-06,-1.609325409e-06,-1.609325409e-06,8.702278137e-06,0,2.28262e-11,2.50286e-06,0.02893518563,-0.0162037015,0.2684107836,0.03306103825
3524,17.620000,0.2742937021,0.03314394597,2.920627594e-06,-1.609325409e-06,-1.609325409e-06,8.761882782e-06,0,2.30003e-11,2.50659e-06,0.02893518563,-0.0162037015,0.2736519995,0.03333164538
3525,17.625000,0.279233139,0.03325851914,2.920627594e-06,-1.609325409e-06,-1.609325409e-06,8.821487427e-06,0,2.31744e-11,2.51026e-06,0.02893518563,-0.0162037015,0.2788552193,0.03348491112
3526,17.630000,0.284214437,0.03325561248,2.920627594e-06,-1.609325409e-06,-1.609325409e-06,8.881092072e-06,0,2.33484e-11,2.51387e-06,0.02893518563,-0.0162037015,0.284007132,0.03347779261
3527,17.635000,0.2893051319,0.03335013613,2.920627594e-06,-1.609325409e-06,-1.609325409e-06,8.940696716e-06,0,2.35225e-11,2.51742e-06,0.02893518563,-0.0162037015,0.2890946266,0.03353276896
3528,17.640000,0.2941036001,0.03339572344,2.920627594e-06,-1.609325409e-06,-1.609325409e-06,9.000301361e-06,0,2.36966e-11,2.52091e-06,0.02893518563,-0.0162037015,0.2941048261,0.03331310213
3529,17.645000,0.2991240211,0.03328952007,2.920627594e-06,-1.609325409e-06,-1.609325409e-06,9.059906006e-06,0,2.38707e-11,2.52435e-06,0.02893518563,-0.0162037015,0.2990251207,0.0328330643
3530,17.650000,0.3036824539,0.03331844602,2.920627594e-06,-1.609325409e-06,-1.609325409e-06,9.119510651e-06,0,2.40448e-11,2.52773e-06,0.02893518563,-0.0162037015,0.3038432007,0.03292255191
3531,17.655000,0.3082341142,0.03351528756,2.920627594e-06,-1.609325409e-06,-1.609325409e-06,9.179115295e-06,0,2.42188e-11,2.53105e-06,0.02893518563,-0.0162037015,0.3085470873,0.03351845278
3532,17.660000,0.313470006,0.03319292236,2.920627594e-06,-1.609325409e-06,-1.609325409e-06,9.23871994e-06,0,2.43929e-11,2.53432e-06,0.02893518563,-0.0162037015,0.3131251642,0.03311243599
3533,17.665000,0.3176449537,0.03314539883,2.920627594e-06,-1.609325409e-06,-1.609325409e-06,9.298324585e-06,0,2.4567e-11,2.53755e-06,0.02893518563,-0.0162037015,0.3175662069,0.03280343516
3534,17.670000,0.3221423961,0.03291123081,2.920627594e-06,-1.609325409e-06,-1.609325409e-06,9.35792923e-06,0,2.47411e-11,2.54072e-06,0.02893518563,-0.0162037015,0.321859411,0.03289735525
3535,17.675000,0.3259020448,0.03306880873,2.920627594e-06,-1.609325409e-06,-1.609325409e-06,9.417533875e-06,0,2.49152e-11,2.54384e-06,0.02893518563,-0.0162037015,0.3259944199,0.03279158497
3536,17.680000,0.3299219534,0.03307830635,2.920627594e-06,-1.609325409e-06,-1.609325409e-06,9.477138519e-06,0,2.50893e-11,2.54691e-06,0.02893518563,-0.0162037015,0.3299613512,0.03258355863
3537,17.685000,0.3339194208,0.03282875847,2.920627594e-06,-1.609325409e-06,-1.609325409e-06,9.536743164e-06,0,2.52633e-11,2.54994e-06,0.02893518563,-0.0162037015,0.3337508207,0.03281245376
3538,17.690000,0.338305939,0.03253154922,2.920627594e-06,-1.609325409e-06,-1.609325409e-06,9.596347809e-06,0,2.54374e-11,2.55292e-06,0.02893518563,-0.0162037015,0.3373539665,0.03266547421
3539,17.695000,0.3411692381,0.03285739478,2.920627594e-06,-1.609325409e-06,-1.609325409e-06,9.655952454e-06,0,2.56115e-11,2.55585e-06,0.02893518563,-0.0162037015,0.3407624706,0.03298040092
3540,17.700000,0.3440548405,0.03299628478,2.920627594e-06,-1.609325409e-06,-1.609325409e-06,9.715557098e-06,0,2.57856e-11,2.55874e-06,0.02893518563,-0.0162037015,0.3439685794,0.03254858193
3541,17.705000,0.3465463594,0.03289120365,2.920627594e-06,-1.609325409e-06,-1.609325409e-06,9.775161743e-06,0,2.59597e-11,2.56159e-06,0.02893518563,-0.0162037015,0.3469651224,0.03265335791
3542,17.710000,0.349558074,0.03267782182,2.920627594e-06,-1.609325409e-06,-1.609325409e-06,9.834766388e-06,0,2.61338e-11,2.5644e-06,0.02893518563,-0.0162037015,0.3497455295,0.03258958218
3543,17.715000,0.3515913412,0.03286078013,2.920627594e-06,-1.609325409e-06,-1.609325409e-06,9.894371033e-06,0,2.63078e-11,2.56716e-06,0.02893518563,-0.0162037015,0.3523038464,0.03268138138
3544,17.720000,0.3539808393,0.03278069198,2.920627594e-06,-1.609325409e-06,-1.609325409e-06,9.953975677e-06,0,2.64819e-11,2.56988e-06,0.02893518563,-0.0162037015,0.3546347487,0.03281337411
3545,17.725000,0.3558240421,0.0328768054,2.920627594e-06,-1.609325409e-06,-1.609325409e-06,1.001358032e-05,0,2.6656e-11,2.57257e-06,0.02893518563,-0.0162037015,0.3567335533,0.03275370496
3546,17.730000,0.358129032,0.03271026444,2.920627594e-06,-1.609325409e-06,-1.609325409e-06,1.007318497e-05,0,2.68301e-11,2.57521e-06,0.02893518563,-0.0162037015,0.3585962293,0.03278154279
3547,17.735000,0.3594131544,0.03272591066,2.920627594e-06,-1.609325409e-06,-1.609325409e-06,1.013278961e-05,0,2.70042e-11,2.57782e-06,0.02893518563,-0.0162037015,0.3602194059,0.0325741165
3548,17.740000,0.3613176085,0.03244862705,2.920627594e-06,-1.609325409e-06,-1.609325409e-06,1.019239426e-05,0,2.71783e-11,2.58039e-06,0.02893518563,-0.0162037015,0.3616003794,0.03276899984
3549,17.745000,0.3622978404,0.03229280002,2.920627594e-06,-1.609325409e-06,-1.609325409e-06,1.02519989e-05,0,2.73523e-11,2.58292e-06,0.02893518563,-0.0162037015,0.3627371175,0.03256766303
3550,17.750000,0.3629589081,0.03264354449,2.920627594e-06,-1.609325409e-06,-1.609325409e-06,1.031160355e-05,0,2.75264e-11,2.58541e-06,0.02893518563,-0.0162037015,0.3636282625,0.032507051
3551,17.755000,0.3635227345,0.03267782088,2.920627594e-06,-1.609325409e-06,-1.609325409e-06,1.037120819e-05,0,2.77005e-11,2.58787e-06,0.02893518563,-0.0162037015,0.3642731321,0.03248721453
3552,17.760000,0.3632109761,0.03300262243,2.920627594e-06,-1.609325409e-06,-1.609325409e-06,1.043081284e-05,0,2.78746e-11,2.5903e-06,0.02893518563,-0.0162037015,0.3646717186,0.03272524596
3553,17.765000,0.3632733747,0.03298339434,2.920627594e-06,-1.609325409e-06,-1.609325409e-06,1.049041748e-05,0,2.80487e-11,2.59269e-06,0.02893518563,-0.0162037015,0.3648246861,0.0326003523
3554,17.770000,0.3630311005,0.03307189513,2.920627594e-06,-1.609325409e-06,-1.609325409e-06,1.055002213e-05,0,2.82228e-11,2.59505e-06,0.02893518563,-0.0162037015,0.3647333658,0.03263101301
3555,17.775000,0.3629435636,0.03286018316,2.920627594e-06,-1.609325409e-06,-1.609325409e-06,1.060962677e-05,0,2.83968e-11,2.59738e-06,0.02893518563,-0.0162037015,0.3643997496,0.0326662578
3556,17.780000,0.3630350903,0.03244181909,2.920627594e-06,-1.609325409e-06,-1.609325409e-06,1.066923141e-05,0,2.85709e-11,2.59968e-06,0.02893518563,-0.0162037015,0.3638264819,0.03290518425
3557,17.785000,0.3619486131,0.0323925158,2.920627594e-06,-1.609325409e-06,-1.609325409e-06,1.072883606e-05,0,2.8745e-11,2.60194e-06,0.02893518563,-0.0162037015,0.3630168494,0.03293778732
3558,17.790000,0.3607991412,0.03242405597,2.920627594e-06,-1.609325409e-06,-1.609325409e-06,1.07884407e-05,0,2.89191e-11,2.60418e-06,0.02893518563,-0.0162037015,0.3619747691,0.03302442666
3559,17.795000,0.359269239,0.03242453001,2.920627594e-06,-1.609325409e-06,-1.609325409e-06,1.084804535e-05,0,2.90932e-11,2.60638e-06,0.02893518563,-0.0162037015,0.360704775,0.03284684793
3560,17.800000,0.3571396954,0.03277665656,2.920627594e-06,-1.609325409e-06,-1.609325409e-06,1.090764999e-05,0,2.92673e-11,2.60855e-06,0.02893518563,-0.0162037015,0.3592120028,0.03271652982
3561,17.805000,0.3559508882,0.03251696099,2.920627594e-06,-1.609325409e-06,-1.609325409e-06,1.096725464e-05,0,2.94413e-11,2.6107e-06,0.02893518563,-0.0162037015,0.3575021727,0.03263421869
3562,17.810000,0.3537193052,0.03253919166,2.920627594e-06,-1.609325409e-06,-1.609325409e-06,1.102685928e-05,0,2.96154e-11,2.61282e-06,0.02893518563,-0.0162037015,0.355581571,0.03206194653
3563,17.815000,0.3513257802,0.03265633434,2.920627594e-06,-1.609325409e-06,-1.609325409e-06,1.108646393e-05,0,2.97895e-11,2.61491e-06,0.02893518563,-0.0162037015,0.3534570302,0.03206878936
3564,17.820000,0.3489996418,0.0324951103,2.920627594e-06,-1.609325409e-06,-1.609325409e-06,1.114606857e-05,0,2.99636e-11,2.61697e-06,0.02893518563,-0.0162037015,0.3511359071,0.03217671833
3565,17.825000,0.3461482227,0.03266711161,2.920627594e-06,-1.609325409e-06,-1.609325409e-06,1.120567322e-05,0,3.01377e-11,2.61901e-06,0.02893518563,-0.0162037015,0.3486260602,0.03218159139
3566,17.830000,0.3439237028,0.03255357966,2.920627594e-06,-1.609325409e-06,-1.609325409e-06,1.126527786e-05,0,3.03118e-11,2.62102e-06,0.02893518563,-0.0162037015,0.345935825,0.03235977022
3567,17.835000,0.3408429585,0.03251545876,2.920627594e-06,-1.609325409e-06,-1.609325409e-06,1.132488251e-05,0,3.04858e-11,2.623e-06,0.02893518563,-0.0162037015,0.3430739889,0.03215162428
3568,17.840000,0.3377632424,0.03264795616,2.920627594e-06,-1.609325409e-06,-1.609325409e-06,1.138448715e-05,0,3.06599e-11,2.62496e-06,0.02893518563,-0.0162037015,0.3400497638,0.03241726983
3569,17.845000,0.3345006108,0.03268188052,2.920627594e-06,-1.609325409e-06,-1.609325409e-06,1.14440918e-05,0,3.0834e-11,2.62689e-06,0.02893518563,-0.0162037015,0.3368727583,0.03266023616
3570,17.850000,0.3313032724,0.032626139,2.920627594e-06,-1.609325409e-06,-1.609325409e-06,1.150369644e-05,0,3.10081e-11,2.6288e-06,0.02893518563,-0.0162037015,0.333552949,0.03271308359
3571,17.855000,0.3276898786,0.03246659972,2.920627594e-06,-1.609325409e-06,-1.609325409e-06,1.156330109e-05,0,3.11822e-11,2.63069e-06,0.02893518563,-0.0162037015,0.3301006502,0.03284716789
3572,17.860000,0.323567111,0.0326899495,2.920627594e-06,-1.609325409e-06,-1.609325409e-06,1.162290573e-05,0,3.13563e-11,2.63255e-06,0.02893518563,-0.0162037015,0.3265264832,0.03264368081
3573,17.865000,0.3206912167,0.03252987377,2.920627594e-06,-1.609325409e-06,-1.609325409e-06,1.168251038e-05,0,3.15303e-11,2.63439e-06,0.02893518563,-0.0162037015,0.3228413446,0.0326983933
3574,17.870000,0.317417752,0.03226450272,2.920627594e-06,-1.609325409e-06,-1.609325409e-06,1.174211502e-05,0,3.17044e-11,2.6362e-06,0.02893518563,-0.0162037015,0.3190563738,0.03245394176
3575,17.875000,0.3136100955,0.03213378601,2.920627594e-06,-1.609325409e-06,-1.609325409e-06,1.180171967e-05,0,3.18785e-11,2.638e-06,0.02893518563,-0.0162037015,0.3151829203,0.03257852119
3576,17.880000,0.3089695722,0.03243796155,2.920627594e-06,-1.609325409e-06,-1.609325409e-06,1.186132431e-05,0,3.20526e-11,2.63977e-06,0.02893518563,-0.0162037015,0.3112325102,0.03233690182
3577,17.885000,0.3052698299,0.03233180847,2.920627594e-06,-1.609325409e-06,-1.609325409e-06,1.192092896e-05,0,3.22267e-11,2.64152e-06,0.02893518563,-0.0162037015,0.3072168121,0.03237354935
3578,17.890000,0.3017969392,0.03208494,2.920627594e-06,-1.609325409e-06,-1.609325409e-06,1.19805336e-05,0,3.24007e-11,2.64325e-06,0.02893518563,-0.0162037015,0.3031476031,0.03221261229
3579,17.895000,0.2971867733,0.03223544452,2.920627594e-06,-1.609325409e-06,-1.609325409e-06,1.204013824e-05,0,3.25748e-11,2.64496e-06,0.02893518563,-0.0162037015,0.2990367342,0.03223488561
3580,17.900000,0.2934593037,0.03186531086,2.920627594e-06,-1.609325409e-06,-1.609325409e-06,1.209974289e-05,0,3.27489e-11,2.64665e-06,0.02893518563,-0.0162037015,0.2948960959,0.03210224617
3581,17.905000,0.2896973789,0.03171510715,2.920627594e-06,-1.609325409e-06,-1.609325409e-06,1.215934753e-05,0,3.2923e-11,2.64832e-06,0.02893518563,-0.0162037015,0.2907375836,0.03207726624
3582,17.910000,0.2851482965,0.03181055002,2.920627594e-06,-1.609325409e-06,-1.609325409e-06,1.221895218e-05,0,3.30971e-11,2.64997e-06,0.02893518563,-0.0162037015,0.2865730628,0.03212463766
3583,17.915000,0.2808916941,0.03194702882,2.920627594e-06,-1.609325409e-06,-1.609325409e-06,1.227855682e-05,0,3.32712e-11,2.6516e-06,0.02893518563,-0.0162037015,0.2824143352,0.03218039973
3584,17.920000,0.2772026323,0.03170251008,2.920627594e-06,-1.609325409e-06,-1.609325409e-06,1.233816147e-05,0,3.34452e-11,2.65321e-06,0.02893518563,-0.0162037015,0.2782731047,0.03198926384
3585,17.925000,0.2726222128,0.03173211496,2.920627594e-06,-1.609325409e-06,-1.609325409e-06,1.239776611e-05,0,3.36193e-11,2.6548e-06,0.02893518563,-0.0162037015,0.274160943,0.03171092845
3586,17.930000,0.2688639611,0.03162340261,2.920627594e-06,-1.609325409e-06,-1.609325409e-06,1.245737076e-05,0,3.37934e-11,2.65638e-06,0.02893518563,-0.0162037015,0.270089257,0.03171130719
3587,17.935000,0.2641815096,0.03180282749,2.920627594e-06,-1.609325409e-06,-1.609325409e-06,1.25169754e-05,0,3.39675e-11,2.65793e-06,0.02893518563,-0.0162037015,0.2660692563,0.03165751459
3588,17.940000,0.2605291978,0.0316744931,2.920627594e-06,-1.609325409e-06,-1.609325409e-06,1.257658005e-05,0,3.41416e-11,2.65947e-06,0.02893518563,-0.0162037015,0.2621119203,0.03139251408
3589,17.945000,0.2570927814,0.03137094993,2.920627594e-06,-1.609325409e-06,-1.609325409e-06,1.263618469e-05,0,3.43157e-11,2.66099e-06,0.02893518563,-0.0162037015,0.2582279679,0.03132778246
3590,17.950000,0.2534157895,0.03148591332,2.920627594e-06,-1.609325409e-06,-1.609325409e-06,1.269578934e-05,0,3.44897e-11,2.66249e-06,0.02893518563,-0.0162037015,0.2544278265,0.03104782867
3591,17.955000,0.2498572879,0.03135883994,2.920627594e-06,-1.609325409e-06,-1.609325409e-06,1.275539398e-05,0,3.46638e-11,2.66398e-06,0.02893518563,-0.0162037015,0.2507216027,0.0310102652
3592,17.960000,0.2467920855,0.03132138588,2.920627594e-06,-1.609325409e-06,-1.609325409e-06,1.281499863e-05,0,3.48379e-11,2.66545e-06,0.02893518563,-0.0162037015,0.2471190536,0.03102282293
3593,17.965000,0.2432133518,0.03147256095,2.920627594e-06,-1.609325409e-06,-1.609325409e-06,1.287460327e-05,0,3.5012e-11,2.6669e-06,0.02893518563,-0.0162037015,0.2436295595,0.03097034226
3594,17.970000,0.2397717051,0.03145855293,2.920627594e-06,-1.609325409e-06,-1.609325409e-06,1.293420792e-05,0,3.51861e-11,2.66834e-06,0.02893518563,-0.0162037015,0.2402620977,0.03106731972
3595,17.975000,0.2365669198,0.03149126936,2.920627594e-06,-1.609325409e-06,-1.609325409e-06,1.299381256e-05,0,3.53602e-11,2.66976e-06,0.02893518563,-0.0162037015,0.2370252173,0.0313990074
3596,17.980000,0.2342066318,0.03138013184,2.920627594e-06,-1.609325409e-06,-1.609325409e-06,1.305341721e-05,0,3.55342e-11,2.67117e-06,0.02893518563,-0.0162037015,0.2339270156,0.03140085067
3597,17.985000,0.2307175249,0.0316130016,2.920627594e-06,-1.609325409e-06,-1.609325409e-06,1.311302185e-05,0,3.57083e-11,2.67256e-06,0.02893518563,-0.0162037015,0.2309751156,0.03121875933
3598,17.990000,0.2274411693,0.03195099719,2.920627594e-06,-1.609325409e-06,-1.609325409e-06,1.31726265e-05,0,3.58824e-11,2.67394e-06,0.02893518563,-0.0162037015,0.2281766453,0.03122818394
3599,17.995000,0.2255621068,0.03174066264,2.920627594e-06,-1.609325409e-06,-1.609325409e-06,1.323223114e-05,0,3.60565e-11,2.6753e-06,0.02893518563,-0.0162037015,0.2255382181,0.0306964849
3600,18.000000,0.2234131284,0.03153395839,2.920627594e-06,-1.609325409e-06,-1.609325409e-06,1.329183578e-05,0,3.62306e-11,2.67664e-06,0.02893518563,-0.0162037015,0.2230659149,0.03048513166
3601,18.005000,0.221693106,0.03142786212,2.920627594e-06,-1.609325409e-06,-1.609325409e-06,1.335144043e-05,0,3.64047e-11,2.67798e-06,0.02893518563,-0.0162037015,0.220765268,0.03045310733
3602,18.010000,0.2200019434,0.03135483898,2.920627594e-06,-1.609325409e-06,-1.609325409e-06,1.341104507e-05,0,3.65787e-11,2.67929e-06,0.02893518563,-0.0162037015,0.2186412463,0.03040408867
3603,18.015000,0.2184652127,0.03115301766,2.920627594e-06,-1.609325409e-06,-1.609325409e-06,1.347064972e-05,0,3.67528e-11,2.6806e-06,0.02893518563,-0.0162037015,0.2166982427,0.03077676851
3604,18.020000,0.2171507217,0.03108898085,2.920627594e-06,-1.609325409e-06,-1.609325409e-06,1.353025436e-05,0,3.69269e-11,2.68189e-06,0.02893518563,-0.0162037015,0.2149400622,0.03071465214
3605,18.025000,0.2159321345,0.03104628436,2.920627594e-06,-1.609325409e-06,-1.609325409e-06,1.358985901e-05,0,3.7101e-11,2.68317e-06,0.02893518563,-0.0162037015,0.2133699133,0.03090449994
3606,18.030000,0.2145666145,0.03108705953,2.920627594e-06,-1.609325409e-06,-1.609325409e-06,1.364946365e-05,0,3.72751e-11,2.68443e-06,0.02893518563,-0.0162037015,0.2119903996,0.03093833004
3607,18.035000,0.2135513388,0.03114567045,2.920627594e-06,-1.609325409e-06,-1.609325409e-06,1.37090683e-05,0,3.74492e-11,2.68568e-06,0.02893518563,-0.0162037015,0.2108035143,0.03076858425
3608,18.040000,0.2128822133,0.03116550576,2.920627594e-06,-1.609325409e-06,-1.609325409e-06,1.376867294e-05,0,3.76232e-11,2.68692e-06,0.02893518563,-0.0162037015,0.2098106359,0.03062570816
3609,18.045000,0.2125684358,0.03094363678,2.920627594e-06,-1.609325409e-06,-1.609325409e-06,1.382827759e-05,0,3.77973e-11,2.68814e-06,0.02893518563,-0.0162037015,0.2090125264,0.03051155543
3610,18.050000,0.2115847431,0.03120102827,2.920627594e-06,-1.609325409e-06,-1.609325409e-06,1.388788223e-05,0,3.79714e-11,2.68935e-06,0.02893518563,-0.0162037015,0.2084093301,0.03059449647
3611,18.055000,0.2114761062,0.03091635182,2.920627594e-06,-1.609325409e-06,-1.609325409e-06,1.394748688e-05,0,3.81455e-11,2.69055e-06,0.02893518563,-0.0162037015,0.2080005758,0.03062108336
3612,18.060000,0.2115831822,0.03081972059,2.920627594e-06,-1.609325409e-06,-1.609325409e-06,1.400709152e-05,0,3.83196e-11,2.69174e-06,0.02893518563,-0.0162037015,0.2077851797,0.03074612221
3613,18.065000,0.2112043016,0.03090051282,2.920627594e-06,-1.609325409e-06,-1.609325409e-06,1.406669617e-05,0,3.84937e-11,2.69292e-06,0.02893518563,-0.0162037015,0.2077614503,0.03087287477
3614,18.070000,0.2107217908,0.03130081855,2.920627594e-06,-1.609325409e-06,-1.609325409e-06,1.412630081e-05,0,3.86677e-11,2.69408e-06,0.02893518563,-0.0162037015,0.2079270955,0.030702854
3615,18.075000,0.2107685134,0.03149750084,2.920627594e-06,-1.609325409e-06,-1.609325409e-06,1.418590546e-05,0,3.88418e-11,2.69523e-06,0.02893518563,-0.0162037015,0.2082792311,0.03085643808
3616,18.080000,0.2112811655,0.0315057477,2.920627594e-06,-1.609325409e-06,-1.609325409e-06,1.42455101e-05,0,3.90159e-11,2.69637e-06,0.02893518563,-0.0162037015,0.2088143913,0.03096993389
3617,18.085000,0.2119439207,0.03166539315,2.920627594e-06,-1.609325409e-06,-1.609325409e-06,1.430511475e-05,0,3.919e-11,2.6975e-06,0.02893518563,-0.0162037015,0.2095285406,0.03086117602
3618,18.090000,0.213000536,0.03175365832,2.920627594e-06,-1.609325409e-06,-1.609325409e-06,1.436471939e-05,0,3.93641e-11,2.69862e-06,0.02893518563,-0.0162037015,0.2104170877,0.03107627323
3619,18.095000,0.2144522816,0.03176278621,2.920627594e-06,-1.609325409e-06,-1.609325409e-06,1.442432404e-05,0,3.95382e-11,2.69973e-06,0.02893518563,-0.0162037015,0.2114749009,0.03073155693
3620,18.100000,0.2152566351,0.03201233223,2.920627594e-06,-1.609325409e-06,-1.609325409e-06,1.448392868e-05,0,3.97122e-11,2.70083e-06,0.02893518563,-0.0162037015,0.2126963251,0.03076597072
3621,18.105000,0.2169929519,0.03192172665,2.920627594e-06,-1.609325409e-06,-1.609325409e-06,1.454353333e-05,0,3.98863e-11,2.70191e-06,0.02893518563,-0.0162037015,0.2140752004,0.03056977034
3622,18.110000,0.2187049761,0.03187596425,2.920627594e-06,-1.609325409e-06,-1.609325409e-06,1.460313797e-05,0,4.00604e-11,2.70299e-06,0.02893518563,-0.0162037015,0.2156048819,0.03074373073
3623,18.115000,0.2202948257,0.03190708719,2.920627594e-06,-1.609325409e-06,-1.609325409e-06,1.466274261e-05,0,4.02345e-11,2.70405e-06,0.02893518563,-0.0162037015,0.2172782618,0.03066058598
3624,18.120000,0.2218160219,0.03190668765,2.920627594e-06,-1.609325409e-06,-1.609325409e-06,1.472234726e-05,0,4.04086e-11,2.70511e-06,0.02893518563,-0.0162037015,0.2190877912,0.03117179465
3625,18.125000,0.2235748656,0.031730243,2.920627594e-06,-1.609325409e-06,-1.609325409e-06,1.47819519e-05,0,4.05826e-11,2.70615e-06,0.02893518563,-0.0162037015,0.2210255054,0.03091205818
3626,18.130000,0.2245943993,0.03194106743,2.920627594e-06,-1.609325409e-06,-1.609325409e-06,1.484155655e-05,0,4.07567e-11,2.70719e-06,0.02893518563,-0.0162037015,0.2230830484,0.03084286689
3627,18.135000,0.2265526205,0.0318876477,2.920627594e-06,-1.609325409e-06,-1.609325409e-06,1.490116119e-05,0,4.09308e-11,2.70822e-06,0.02893518563,-0.0162037015,0.2252516999,0.03104225574
3628,18.140000,0.2286698073,0.03204149194,2.920627594e-06,-1.609325409e-06,-1.609325409e-06,1.496076584e-05,0,4.11049e-11,2.70923e-06,0.02893518563,-0.0162037015,0.2275224027,0.0311079489
3629,18.145000,0.2309567146,0.0320377443,2.920627594e-06,-1.609325409e-06,-1.609325409e-06,1.502037048e-05,0,4.1279e-11,2.71024e-06,0.02893518563,-0.0162037015,0.2298857912,0.0310107905
3630,18.150000,0.2334627695,0.0319376234,2.920627594e-06,-1.609325409e-06,-1.609325409e-06,1.507997513e-05,0,4.14531e-11,2.71123e-06,0.02893518563,-0.0162037015,0.2323322214,0.03093480441
3631,18.155000,0.2361441776,0.03193071391,2.920627594e-06,-1.609325409e-06,-1.609325409e-06,1.513957977e-05,0,4.16271e-11,2.71222e-06,0.02893518563,-0.0162037015,0.2348518005,0.03068564144
3632,18.160000,0.2382450514,0.03209847119,2.920627594e-06,-1.609325409e-06,-1.609325409e-06,1.519918442e-05,0,4.18012e-11,2.7132e-06,0.02893518563,-0.0162037015,0.2374344186,0.03075153593
3633,18.165000,0.2413747422,0.03179636598,2.920627594e-06,-1.609325409e-06,-1.609325409e-06,1.525878906e-05,0,4.19753e-11,2.71417e-06,0.02893518563,-0.0162037015,0.24006978,0.03066373082
3634,18.170000,0.2438049018,0.03174913116,2.920627594e-06,-1.609325409e-06,-1.609325409e-06,1.531839371e-05,0,4.21494e-11,2.71513e-06,0.02893518563,-0.0162037015,0.2427474357,0.0306550618
3635,18.175000,0.2464368567,0.03179386631,2.920627594e-06,-1.609325409e-06,-1.609325409e-06,1.537799835e-05,0,4.23235e-11,2.71608e-06,0.02893518563,-0.0162037015,0.2454568161,0.03075512265
3636,18.180000,0.2491215207,0.03202552255,2.920627594e-06,-1.609325409e-06,-1.609325409e-06,1.5437603e-05,0,4.24976e-11,2.71703e-06,0.02893518563,-0.0162037015,0.248187264,0.0311971622
3637,18.185000,0.2512996383,0.03228188399,2.920627594e-06,-1.609325409e-06,-1.609325409e-06,1.549720764e-05,0,4.26716e-11,2.71796e-06,0.02893518563,-0.0162037015,0.2509280679,0.03137558725
3638,18.190000,0.2540943734,0.03216625191,2.920627594e-06,-1.609325409e-06,-1.609325409e-06,1.555681229e-05,0,4.28457e-11,2.71889e-06,0.02893518563,-0.0162037015,0.2536684959,0.03113226943
3639,18.195000,0.2565554678,0.03241007682,2.920627594e-06,-1.609325409e-06,-1.609325409e-06,1.561641693e-05,0,4.30198e-11,2.71981e-06,0.02893518563,-0.0162037015,0.2563978285,0.03115503702
3640,18.200000,0.2598680556,0.03212098125,2.920627594e-06,-1.609325409e-06,-1.609325409e-06,1.567602158e-05,0,4.31939e-11,2.72072e-06,0.02893518563,-0.0162037015,0.2591053933,0.03128409795
3641,18.205000,0.2621500343,0.03215180896,2.920627594e-06,-1.609325409e-06,-1.609325409e-06,1.573562622e-05,0,4.3368e-11,2.72162e-06,0.02893518563,-0.0162037015,0.2617805972,0.03164754393
3642,18.210000,0.2653779797,0.03186201677,2.920627594e-06,-1.609325409e-06,-1.609325409e-06,1.579523087e-05,0,4.35421e-11,2.72251e-06,0.02893518563,-0.0162037015,0.2644129607,0.03179749686
3643,18.215000,0.2667664923,0.03219336458,2.920627594e-06,-1.609325409e-06,-1.609325409e-06,1.585483551e-05,0,4.37161e-11,2.7234e-06,0.02893518563,-0.0162037015,0.2669921499,0.03146977691
3644,18.220000,0.2693816461,0.03217764199,2.920627594e-06,-1.609325409e-06,-1.609325409e-06,1.591444016e-05,0,4.38902e-11,2.72427e-06,0.02893518563,-0.0162037015,0.2695080098,0.03156877661
3645,18.225000,0.2715433575,0.03210100625,2.920627594e-06,-1.609325409e-06,-1.609325409e-06,1.59740448e-05,0,4.40643e-11,2.72515e-06,0.02893518563,-0.0162037015,0.2719505954,0.03132080417
3646,18.230000,0.273308903,0.0323732812,2.920627594e-06,-1.609325409e-06,-1.609325409e-06,1.603364944e-05,0,4.42384e-11,2.72601e-06,0.02893518563,-0.0162037015,0.2743102039,0.03123251095
3647,18.235000,0.2754719108,0.0320817586,2.920627594e-06,-1.609325409e-06,-1.609325409e-06,1.609325409e-05,0,4.44125e-11,2.72686e-06,0.02893518563,-0.0162037015,0.2765774046,0.03119073531
3648,18.240000,0.2775762677,0.03222031798,2.920627594e-06,-1.609325409e-06,-1.609325409e-06,1.615285873e-05,0,4.45866e-11,2.72771e-06,0.02893518563,-0.0162037015,0.2787430694,0.03122684082
3649,18.245000,0.2796672955,0.03222258389,2.920627594e-06,-1.609325409e-06,-1.609325409e-06,1.621246338e-05,0,4.47606e-11,2.72855e-06,0.02893518563,-0.0162037015,0.2807984013,0.03129567749
3650,18.250000,0.2815629132,0.03213520814,2.920627594e-06,-1.609325409e-06,-1.609325409e-06,1.627206802e-05,0,4.49347e-11,2.72939e-06,0.02893518563,-0.0162037015,0.2827349628,0.03155510662
3651,18.255000,0.2829639018,0.03230768442,2.920627594e-06,-1.609325409e-06,-1.609325409e-06,1.633167267e-05,0,4.51088e-11,2.73021e-06,0.02893518563,-0.0162037015,0.2845447025,0.03121994766
3652,18.260000,0.2847919837,0.03224270884,2.920627594e-06,-1.609325409e-06,-1.609325409e-06,1.639127731e-05,0,4.52829e-11,2.73103e-06,0.02893518563,-0.0162037015,0.2862199815,0.03100496497
3653,18.265000,0.2862984948,0.03208849486,2.920627594e-06,-1.609325409e-06,-1.609325409e-06,1.645088196e-05,0,4.5457e-11,2.73184e-06,0.02893518563,-0.0162037015,0.2877535975,0.03118525912
3654,18.270000,0.2878248058,0.03213818744,2.920627594e-06,-1.609325409e-06,-1.609325409e-06,1.65104866e-05,0,4.56311e-11,2.73265e-06,0.02893518563,-0.0162037015,0.2891388086,0.03098397675
3655,18.275000,0.2886822857,0.03224858362,2.920627594e-06,-1.609325409e-06,-1.609325409e-06,1.657009125e-05,0,4.58051e-11,2.73345e-06,0.02893518563,-0.0162037015,0.2903693551,0.03067221115
3656,18.280000,0.2899525315,0.03204054013,2.920627594e-06,-1.609325409e-06,-1.609325409e-06,1.662969589e-05,0,4.59792e-11,2.73424e-06,0.02893518563,-0.0162037015,0.2914394802,0.03043620149
3657,18.285000,0.2903940529,0.03230394889,2.920627594e-06,-1.609325409e-06,-1.609325409e-06,1.668930054e-05,0,4.61533e-11,2.73503e-06,0.02893518563,-0.0162037015,0.2923439494,0.02988271835
3658,18.290000,0.2920525633,0.03183702659,2.920627594e-06,-1.609325409e-06,-1.609325409e-06,1.674890518e-05,0,4.63274e-11,2.73581e-06,0.02893518563,-0.0162037015,0.2930780679,0.0300365184
3659,18.295000,0.2922395431,0.03189393785,2.920627594e-06,-1.609325409e-06,-1.609325409e-06,1.680850983e-05,0,4.65015e-11,2.73658e-06,0.02893518563,-0.0162037015,0.2936376967,0.03036991432
3660,18.300000,0.2924890555,0.03192633297,2.920627594e-06,-1.609325409e-06,-1.609325409e-06,1.686811447e-05,0,4.66756e-11,2.73734e-06,0.02893518563,-0.0162037015,0.2940192671,0.03039129092
3661,18.305000,0.2931917012,0.03176714014,2.920627594e-06,-1.609325409e-06,-1.609325409e-06,1.692771912e-05,0,4.68496e-11,2.7381e-06,0.02893518563,-0.0162037015,0.2942197937,0.03034498239
3662,18.310000,0.2936176285,0.03165395465,2.920627594e-06,-1.609325409e-06,-1.609325409e-06,1.698732376e-05,0,4.70237e-11,2.73886e-06,0.02893518563,-0.0162037015,0.2942368849,0.03070604702
3663,18.315000,0.2933688536,0.03167821094,2.920627594e-06,-1.609325409e-06,-1.609325409e-06,1.704692841e-05,0,4.71978e-11,2.73961e-06,0.02893518563,-0.0162037015,0.2940687528,0.03093265799
3664,18.320000,0.2926524505,0.03183448035,2.920627594e-06,-1.609325409e-06,-1.609325409e-06,1.710653305e-05,0,4.73719e-11,2.74035e-06,0.02893518563,-0.0162037015,0.2937142207,0.03091052791
3665,18.325000,0.2920276448,0.03161259554,2.920627594e-06,-1.609325409e-06,-1.609325409e-06,1.71661377e-05,0,4.7546e-11,2.74108e-06,0.02893518563,-0.0162037015,0.2931727285,0.03061611386
3666,18.330000,0.2913608029,0.03158731386,2.920627594e-06,-1.609325409e-06,-1.609325409e-06,1.722574234e-05,0,4.77201e-11,2.74181e-06,0.02893518563,-0.0162037015,0.2924443369,0.03045999113
3667,18.335000,0.2899098657,0.03161935695,2.920627594e-06,-1.609325409e-06,-1.609325409e-06,1.728534698e-05,0,4.78941e-11,2.74254e-06,0.02893518563,-0.0162037015,0.2915297296,0.03033362999
3668,18.340000,0.2887073532,0.03173918277,2.920627594e-06,-1.609325409e-06,-1.609325409e-06,1.734495163e-05,0,4.80682e-11,2.74326e-06,0.02893518563,-0.0162037015,0.2904302135,0.03045444797
3669,18.345000,0.287455976,0.03177132178,2.920627594e-06,-1.609325409e-06,-1.609325409e-06,1.740455627e-05,0,4.82423e-11,2.74397e-06,0.02893518563,-0.0162037015,0.2891477172,0.02998044456
3670,18.350000,0.2861096337,0.03156377561,2.920627594e-06,-1.609325409e-06,-1.609325409e-06,1.746416092e-05,0,4.84164e-11,2.74468e-06,0.02893518563,-0.0162037015,0.2876847874,0.02999997342
3671,18.355000,0.28362206,0.03161672968,2.920627594e-06,-1.609325409e-06,-1.609325409e-06,1.752376556e-05,0,4.85905e-11,2.74538e-06,0.02893518563,-0.0162037015,0.2860445842,0.02990979661
3672,18.360000,0.2816969976,0.0315134041,2.920627594e-06,-1.609325409e-06,-1.609325409e-06,1.758337021e-05,0,4.87645e-11,2.74607e-06,0.02893518563,-0.0162037015,0.2842308734,0.02981803833
3673,18.365000,0.2795752995,0.03147225827,2.920627594e-06,-1.609325409e-06,-1.609325409e-06,1.764297485e-05,0,4.89386e-11,2.74676e-06,0.02893518563,-0.0162037015,0.2822480185,0.02946592416
3674,18.370000,0.2773467042,0.0316351885,2.920627594e-06,-1.609325409e-06,-1.609325409e-06,1.77025795e-05,0,4.91127e-11,2.74745e-06,0.02893518563,-0.0162037015,0.2801009692,0.02951191608
3675,18.375000,0.2750499174,0.03167310171,2.920627594e-06,-1.609325409e-06,-1.609325409e-06,1.776218414e-05,0,4.92868e-11,2.74813e-06,0.02893518563,-0.0162037015,0.27779525,0.02944392489
3676,18.380000,0.2722362392,0.03183576744,2.920627594e-06,-1.609325409e-06,-1.609325409e-06,1.782178879e-05,0,4.94609e-11,2.7488e-06,0.02893518563,-0.0162037015,0.2753369453,0.02959346431
3677,18.385000,0.2696103416,0.0317914132,2.920627594e-06,-1.609325409e-06,-1.609325409e-06,1.788139343e-05,0,4.9635e-11,2.74947e-06,0.02893518563,-0.0162037015,0.2727326843,0.02975934404
3678,18.390000,0.2671979629,0.03151171375,2.920627594e-06,-1.609325409e-06,-1.609325409e-06,1.794099808e-05,0,4.9809e-11,2.75014e-06,0.02893518563,-0.0162037015,0.2699896234,0.02989445443
3679,18.395000,0.2640129142,0.03156313952,2.920627594e-06,-1.668930054e-06,-1.668930054e-06,1.800060272e-05,0,4.97877e-11,2.73813e-06,0.02893518563,-0.01678240299,0.2671154274,0.02967965234
3680,18.400000,0.2612904906,0.03134725895,2.920627594e-06,-1.728534698e-06,-1.728534698e-06,1.800060272e-05,0,4.95852e-11,2.72503e-06,0.02893518563,-0.01736110449,0.2641182489,0.0296231876
3681,18.405000,0.2587158568,0.03107924014,2.920627594e-06,-1.788139343e-06,-1.788139343e-06,1.800060272e-05,0,4.93756e-11,2.7115e-06,0.02893518563,-0.01793982089,0.2610067065,0.02952732254
3682,18.410000,0.2555245124,0.03124926239,2.920627594e-06,-1.847743988e-06,-1.847743988e-06,1.800060272e-05,0,4.91589e-11,2.69752e-06,0.02893518563,-0.01851852238,0.2577898612,0.02919220834
3683,18.415000,0.2520435601,0.03115449008,2.920627594e-06,-1.907348633e-06,-1.907348633e-06,1.800060272e-05,0,4.89351e-11,2.68312e-06,0.02893518563,-0.01909722388,0.2544771923,0.02935987326
3684,18.420000,0.2484490089,0.03142292611,2.920627594e-06,-1.966953278e-06,-1.966953278e-06,1.800060272e-05,0,4.87042e-11,2.66829e-06,0.02893518563,-0.01967592537,0.2510785706,0.02937818034
3685,18.425000,0.2450050488,0.03143314179,2.920627594e-06,-2.026557922e-06,-2.026557922e-06,1.800060272e-05,0,4.84661e-11,2.65303e-06,0.02893518563,-0.02025462687,0.2476042322,0.02930213179
3686,18.430000,0.2416048199,0.0313465707,2.920627594e-06,-2.086162567e-06,-2.086162567e-06,1.800060272e-05,0,4.8221e-11,2.63735e-06,0.02893518563,-0.02083332837,0.2440647494,0.02907763849
3687,18.435000,0.2377669252,0.03156067524,2.920627594e-06,-2.145767212e-06,-2.145767212e-06,1.800060272e-05,0,4.79687e-11,2.62124e-06,0.02893518563,-0.02141202986,0.2404710016,0.02908856351
3688,18.440000,0.2346559241,0.03131600656,2.920627594e-06,-2.205371857e-06,-2.205371857e-06,1.800060272e-05,0,4.77094e-11,2.60472e-06,0.02893518563,-0.02199074626,0.2368341455,0.02889161319
3689,18.445000,0.2309990786,0.03130985424,2.920627594e-06,-2.264976501e-06,-2.264976501e-06,1.800060272e-05,0,4.74429e-11,2.58778e-06,0.02893518563,-0.02256944776,0.2331655829,0.02868575037
3690,18.450000,0.2275843062,0.03094988503,2.920627594e-06,-2.324581146e-06,-2.324581146e-06,1.800060272e-05,0,4.71694e-11,2.57043e-06,0.02893518563,-0.02314814925,0.2294769299,0.02860662876
3691,18.455000,0.223677393,0.03112510219,2.920627594e-06,-2.384185791e-06,-2.384185791e-06,1.800060272e-05,0,4.68887e-11,2.55266e-06,0.02893518563,-0.02372685075,0.2257799831,0.02871383923
3692,18.460000,0.2201520093,0.03089705389,2.920627594e-06,-2.443790436e-06,-2.443790436e-06,1.800060272e-05,0,4.66009e-11,2.53449e-06,0.02893518563,-0.02430555224,0.2220866873,0.0287246299
3693,18.465000,0.216548223,0.03065991681,2.920627594e-06,-2.503395081e-06,-2.503395081e-06,1.800060272e-05,0,4.63061e-11,2.51591e-06,0.02893518563,-0.02488425374,0.2184091009,0.02861059641
3694,18.470000,0.21338645,0.03042984568,2.920627594e-06,-2.562999725e-06,-2.562999725e-06,1.800060272e-05,0,4.60041e-11,2.49692e-06,0.02893518563,-0.02546297014,0.2147593621,0.02880261391
3695,18.475000,0.2101712935,0.03005970363,2.920627594e-06,-2.62260437e-06,-2.62260437e-06,1.800060272e-05,0,4.5695e-11,2.47754e-06,0.02893518563,-0.02604167163,0.2111496543,0.02883311708
3696,18.480000,0.2072174549,0.02999356575,2.920627594e-06,-2.682209015e-06,-2.682209015e-06,1.800060272e-05,0,4.53788e-11,2.45776e-06,0.02893518563,-0.02662037313,0.2075921714,0.02912709784
3697,18.485000,0.2035434023,0.03010334074,2.920627594e-06,-2.74181366e-06,-2.74181366e-06,1.800060272e-05,0,4.50555e-11,2.43759e-06,0.02893518563,-0.02719907463,0.2040990826,0.02874837719
3698,18.490000,0.2003609724,0.02991233487,2.920627594e-06,-2.801418304e-06,-2.801418304e-06,1.800060272e-05,0,4.47251e-11,2.41702e-06,0.02893518563,-0.02777777612,0.2006824978,0.02881724322
3699,18.495000,0.1973714717,0.02967238054,2.920627594e-06,-2.861022949e-06,-2.861022949e-06,1.800060272e-05,0,4.43876e-11,2.39607e-06,0.02893518563,-0.02835647762,0.1973544325,0.02908155194
3700,18.500000,0.1943908036,0.02953176945,2.920627594e-06,-2.920627594e-06,-2.920627594e-06,1.800060272e-05,0,4.4043e-11,2.37473e-06,0.02893518563,-0.02893517911,0.1941267734,0.02929863335
3701,18.505000,0.1915437654,0.02935869526,2.920627594e-06,-2.980232239e-06,-2.980232239e-06,1.788139343e-05,0,4.33431e-11,2.34881e-06,0.02893518563,-0.02951389551,0.1910112436,0.02938608589
3702,18.510000,0.1886250339,0.02939283848,2.920627594e-06,-2.980232239e-06,-2.980232239e-06,1.776218414e-05,0,4.29949e-11,2.34455e-06,0.02893518563,-0.02951389551,0.188019369,0.0294537361
3703,18.515000,0.1850581877,0.02994652558,2.920627594e-06,-2.980232239e-06,-2.980232239e-06,1.764297485e-05,0,4.26468e-11,2.34022e-06,0.02893518563,-0.02951389551,0.1851624444,0.02944674152
3704,18.520000,0.18223745,0.03003680985,2.920627594e-06,-2.980232239e-06,-2.980232239e-06,1.752376556e-05,0,4.22986e-11,2.33584e-06,0.02893518563,-0.02951389551,0.1824515005,0.02929707009
3705,18.525000,0.1798184179,0.03005030006,2.920627594e-06,-2.980232239e-06,-2.980232239e-06,1.740455627e-05,0,4.19504e-11,2.33138e-06,0.02893518563,-0.02951389551,0.1798972717,0.02964862281
3706,18.530000,0.1771025062,0.03055053484,2.920627594e-06,-2.980232239e-06,-2.980232239e-06,1.728534698e-05,0,4.16023e-11,2.32687e-06,0.02893518563,-0.02951389551,0.1775101644,0.02930697601
3707,18.535000,0.1746569052,0.03095862921,2.920627594e-06,-2.980232239e-06,-2.980232239e-06,1.71661377e-05,0,4.12541e-11,2.32228e-06,0.02893518563,-0.02951389551,0.1753002261,0.02968610358
3708,18.540000,0.1735464856,0.03042044491,2.920627594e-06,-2.980232239e-06,-2.980232239e-06,1.704692841e-05,0,4.09059e-11,2.31763e-06,0.02893518563,-0.02951389551,0.173277116,0.02971301326
3709,18.545000,0.1716300845,0.03062048275,2.920627594e-06,-2.980232239e-06,-2.980232239e-06,1.692771912e-05,0,4.05578e-11,2.3129e-06,0.02893518563,-0.02951389551,0.1714500753,0.02961658117
3710,18.550000,0.1699654385,0.03072149213,2.920627594e-06,-2.980232239e-06,-2.980232239e-06,1.680850983e-05,0,4.02096e-11,2.30811e-06,0.02893518563,-0.02951389551,0.1698279003,0.02978295227
3711,18.555000,0.1691296212,0.03020441532,2.920627594e-06,-2.980232239e-06,-2.980232239e-06,1.668930054e-05,0,3.98614e-11,2.30324e-06,0.02893518563,-0.02951389551,0.1684189155,0.03006681205
3712,18.560000,0.1679658331,0.03013339639,2.920627594e-06,-2.980232239e-06,-2.980232239e-06,1.657009125e-05,0,3.95133e-11,2.2983e-06,0.02893518563,-0.02951389551,0.1672309481,0.0302552993
3713,18.565000,0.1674860418,0.02984938305,2.920627594e-06,-2.980232239e-06,-2.980232239e-06,1.645088196e-05,0,3.91651e-11,2.29328e-06,0.02893518563,-0.02951389551,0.1662713041,0.0303789008
3714,18.570000,0.1666025929,0.02983912081,2.920627594e-06,-2.980232239e-06,-2.980232239e-06,1.633167267e-05,0,3.88169e-11,2.28818e-06,0.02893518563,-0.02951389551,0.1655467461,0.03011890824
3715,18.575000,0.165668942,0.03032411449,2.920627594e-06,-2.980232239e-06,-2.980232239e-06,1.621246338e-05,0,3.84688e-11,2.283e-06,0.02893518563,-0.02951389551,0.1650634713,0.030436451
3716,18.580000,0.1657121554,0.03029596992,2.920627594e-06,-2.980232239e-06,-2.980232239e-06,1.609325409e-05,0,3.81206e-11,2.27774e-06,0.02893518563,-0.02951389551,0.1648270927,0.03075607727
3717,18.585000,0.1656969823,0.03045268171,2.920627594e-06,-2.980232239e-06,-2.980232239e-06,1.59740448e-05,0,3.77725e-11,2.2724e-06,0.02893518563,-0.02951389551,0.1648426204,0.03067826038
3718,18.590000,0.1657237858,0.03075056989,2.920627594e-06,-2.980232239e-06,-2.980232239e-06,1.585483551e-05,0,3.74243e-11,2.26697e-06,0.02893518563,-0.02951389551,0.1651144456,0.0308655511
3719,18.595000,0.1665598378,0.03070174996,2.920627594e-06,-2.980232239e-06,-2.980232239e-06,1.573562622e-05,0,3.70761e-11,2.26146e-06,0.02893518563,-0.02951389551,0.1656463256,0.03080340914
3720,18.600000,0.1672622338,0.03068586905,2.920627594e-06,-2.980232239e-06,-2.980232239e-06,1.561641693e-05,0,3.6728e-11,2.25585e-06,0.02893518563,-0.02951389551,0.1664413708,0.03074641719
3721,18.605000,0.1684577167,0.03084973898,2.920627594e-06,-2.980232239e-06,-2.980232239e-06,1.549720764e-05,0,3.63798e-11,2.25016e-06,0.02893518563,-0.02951389551,0.1675020334,0.03041852122
3722,18.610000,0.1696325392,0.03118256573,2.920627594e-06,-2.980232239e-06,-2.980232239e-06,1.537799835e-05,0,3.60316e-11,2.24437e-06,0.02893518563,-0.02951389551,0.168830098,0.03061005161
3723,18.615000,0.1713868305,0.03110950254,2.920627594e-06,-2.980232239e-06,-2.980232239e-06,1.525878906e-05,0,3.56835e-11,2.23848e-06,0.02893518563,-0.02951389551,0.1704266738,0.03082616828
3724,18.620000,0.1730620191,0.03162686992,2.920627594e-06,-2.980232239e-06,-2.980232239e-06,1.513957977e-05,0,3.53353e-11,2.2325e-06,0.02893518563,-0.02951389551,0.1722921886,0.03106487524
3725,18.625000,0.1751535274,0.03164995555,2.920627594e-06,-2.980232239e-06,-2.980232239e-06,1.502037048e-05,0,3.49871e-11,2.22641e-06,0.02893518563,-0.02951389551,0.1744263853,0.03064862889
3726,18.630000,0.1777066849,0.03149072547,2.920627594e-06,-2.980232239e-06,-2.980232239e-06,1.490116119e-05,0,3.4639e-11,2.22022e-06,0.02893518563,-0.02951389551,0.1768283194,0.03047531271
3727,18.635000,0.1803813316,0.03175514378,2.920627594e-06,-2.980232239e-06,-2.980232239e-06,1.47819519e-05,0,3.42908e-11,2.21393e-06,0.02893518563,-0.02951389551,0.1794963586,0.03075095064
3728,18.640000,0.1831741706,0.03241092991,2.920627594e-06,-2.980232239e-06,-2.980232239e-06,1.466274261e-05,0,3.39426e-11,2.20753e-06,0.02893518563,-0.02951389551,0.182428185,0.03099494823
3729,18.645000,0.1860119104,0.03295505419,2.920627594e-06,-2.980232239e-06,-2.980232239e-06,1.454353333e-05,0,3.35945e-11,2.20102e-06,0.02893518563,-0.02951389551,0.1856207982,0.03129668888
3730,18.650000,0.1897653341,0.03264456987,2.920627594e-06,-2.980232239e-06,-2.980232239e-06,1.442432404e-05,0,3.32463e-11,2.19439e-06,0.02893518563,-0.02951389551,0.1890705208,0.03119448829
3731,18.655000,0.1936456859,0.03227601293,2.920627594e-06,-2.980232239e-06,-2.980232239e-06,1.430511475e-05,0,3.28981e-11,2.18765e-06,0.02893518563,-0.02951389551,0.1927730057,0.03135226936
3732,18.660000,0.1973421723,0.03242163826,2.920627594e-06,-2.980232239e-06,-2.980232239e-06,1.418590546e-05,0,3.255e-11,2.18079e-06,0.02893518563,-0.02951389551,0.1967232453,0.03101974483
3733,18.665000,0.2013769336,0.0327438591,2.920627594e-06,-2.980232239e-06,-2.980232239e-06,1.406669617e-05,0,3.22018e-11,2.17381e-06,0.02893518563,-0.02951389551,0.2009155819,0.0308888864
3734,18.670000,0.2060067989,0.03267053608,2.920627594e-06,-2.980232239e-06,-2.980232239e-06,1.394748688e-05,0,3.18536e-11,2.16671e-06,0.02893518563,-0.02951389551,0.2053437211,0.03096621523
3735,18.675000,0.2111370526,0.03238141257,2.920627594e-06,-2.980232239e-06,-2.980232239e-06,1.382827759e-05,0,3.15055e-11,2.15947e-06,0.02893518563,-0.02951389551,0.2100007457,0.03071897405
3736,18.680000,0.2161388136,0.03239630163,2.920627594e-06,-2.980232239e-06,-2.980232239e-06,1.37090683e-05,0,3.11573e-11,2.15211e-06,0.02893518563,-0.02951389551,0.214879132,0.03106397281
3737,18.685000,0.2214332037,0.03225758113,2.920627594e-06,-2.980232239e-06,-2.980232239e-06,1.358985901e-05,0,3.08091e-11,2.1446e-06,0.02893518563,-0.02951389551,0.2199707678,0.03070943557
3738,18.690000,0.2268525958,0.0319972327,2.920627594e-06,-2.980232239e-06,-2.980232239e-06,1.347064972e-05,0,3.0461e-11,2.13697e-06,0.02893518563,-0.02951389551,0.2252669714,0.03049517363
3739,18.695000,0.2318841591,0.03209527582,2.920627594e-06,-2.980232239e-06,-2.980232239e-06,1.335144043e-05,0,3.01128e-11,2.12918e-06,0.02893518563,-0.02951389551,0.2307585131,0.030618057
3740,18.700000,0.2378515191,0.0320567647,2.920627594e-06,-2.980232239e-06,-2.980232239e-06,1.323223114e-05,0,2.97646e-11,2.12126e-06,0.02893518563,-0.02951389551,0.2364356373,0.03061447179
3741,18.705000,0.2439376786,0.03189184517,2.920627594e-06,-2.980232239e-06,-2.980232239e-06,1.311302185e-05,0,2.94165e-11,2.11318e-06,0.02893518563,-0.02951389551,0.2422880866,0.03070074795
3742,18.710000,0.2499918528,0.03203023318,2.920627594e-06,-2.980232239e-06,-2.980232239e-06,1.299381256e-05,0,2.90683e-11,2.10495e-06,0.02893518563,-0.02951389551,0.2483051273,0.03081764522
3743,18.715000,0.2565664165,0.03203293309,2.920627594e-06,-2.980232239e-06,-2.980232239e-06,1.287460327e-05,0,2.87201e-11,2.09656e-06,0.02893518563,-0.02951389551,0.2544755755,0.03101439442
3744,18.720000,0.262826357,0.031850392,2.920627594e-06,-2.980232239e-06,-2.980232239e-06,1.275539398e-05,0,2.8372e-11,2.08802e-06,0.02893518563,-0.02951389551,0.2607878256,0.03084233703
3745,18.725000,0.2692232616,0.0321620563,2.920627594e-06,-2.980232239e-06,-2.980232239e-06,1.263618469e-05,0,2.80238e-11,2.0793e-06,0.02893518563,-0.02951389551,0.267229879,0.03060640532
3746,18.730000,0.2758817561,0.03200765327,2.920627594e-06,-2.980232239e-06,-2.980232239e-06,1.25169754e-05,0,2.76756e-11,2.07042e-06,0.02893518563,-0.02951389551,0.273789374,0.03107915579
3747,18.735000,0.2827849239,0.03171512671,2.920627594e-06,-2.980232239e-06,-2.980232239e-06,1.239776611e-05,0,2.73275e-11,2.06136e-06,0.02893518563,-0.02951389551,0.2804536174,0.03058281662
3748,18.740000,0.2891040184,0.03200475127,2.920627594e-06,-2.980232239e-06,-2.980232239e-06,1.227855682e-05,0,2.69793e-11,2.05212e-06,0.02893518563,-0.02951389551,0.2872096162,0.03076593036
3749,18.745000,0.2957516462,0.03223183751,2.920627594e-06,-2.980232239e-06,-2.980232239e-06,1.215934753e-05,0,2.66311e-11,2.04269e-06,0.02893518563,-0.02951389551,0.2940441102,0.03050798241
3750,18.750000,0.3026112057,0.03199362289,2.920627594e-06,-2.980232239e-06,-2.980232239e-06,1.204013824e-05,0,2.6283e-11,2.03308e-06,0.02893518563,-0.02951389551,0.3009436059,0.03027873934
3751,18.755000,0.3097590655,0.03218373377,2.920627594e-06,-2.980232239e-06,-2.980232239e-06,1.192092896e-05,0,2.59348e-11,2.02327e-06,0.02893518563,-0.02951389551,0.3078944108,0.03022666803
3752,18.760000,0.3169950657,0.03219128028,2.920627594e-06,-2.980232239e-06,-2.980232239e-06,1.180171967e-05,0,2.55866e-11,2.01326e-06,0.02893518563,-0.02951389551,0.3148826676,0.03023954783
3753,18.765000,0.3235050626,0.03236345761,2.920627594e-06,-2.980232239e-06,-2.980232239e-06,1.168251038e-05,0,2.52385e-11,2.00304e-06,0.02893518563,-0.02951389551,0.3218943897,0.03003719365
3754,18.770000,0.3310100026,0.03198730666,2.920627594e-06,-2.980232239e-06,-2.980232239e-06,1.156330109e-05,0,2.48903e-11,1.99261e-06,0.02893518563,-0.02951389551,0.3289154968,0.02979906968
3755,18.775000,0.3378638588,0.03221766558,2.920627594e-06,-2.980232239e-06,-2.980232239e-06,1.14440918e-05,0,2.45421e-11,1.98196e-06,0.02893518563,-0.02951389551,0.3359318504,0.02947641726
3756,18.780000,0.3451429531,0.03184197843,2.920627594e-06,-2.980232239e-06,-2.980232239e-06,1.132488251e-05,0,2.4194e-11,1.97109e-06,0.02893518563,-0.02951389551,0.3429292899,0.02940701687
3757,18.785000,0.3520384803,0.03188514989,2.920627594e-06,-2.980232239e-06,-2.980232239e-06,1.120567322e-05,0,2.38458e-11,1.95999e-06,0.02893518563,-0.02951389551,0.3498936683,0.02946357703
3758,18.790000,0.3588237092,0.031767332,2.920627594e-06,-2.980232239e-06,-2.980232239e-06,1.108646393e-05,0,2.34976e-11,1.94865e-06,0.02893518563,-0.02951389551,0.3568108885,0.02962642462
3759,18.795000,0.3656553961,0.03173265886,2.920627594e-06,-2.980232239e-06,-2.980232239e-06,1.096725464e-05,0,2.31495e-11,1.93706e-06,0.02893518563,-0.02951389551,0.3636669387,0.02942204424
3760,18.800000,0.3724650294,0.0318271108,2.920627594e-06,-2.980232239e-06,-2.980232239e-06,1.084804535e-05,0,2.28013e-11,1.92523e-06,0.02893518563,-0.02951389551,0.3704479279,0.02937905839
3761,18.805000,0.3790989518,0.03142164741,2.920627594e-06,-2.980232239e-06,-2.980232239e-06,1.072883606e-05,0,2.24532e-11,1.91313e-06,0.02893518563,-0.02951389551,0.3771401215,0.02931124421
3762,18.810000,0.3849261664,0.03207995463,2.920627594e-06,-2.980232239e-06,-2.980232239e-06,1.060962677e-05,0,2.2105e-11,1.90077e-06,0.02893518563,-0.02951389551,0.3837299751,0.02918805449
3763,18.815000,0.3909708597,0.03262338601,2.920627594e-06,-2.980232239e-06,-2.980232239e-06,1.049041748e-05,0,2.17568e-11,1.88814e-06,0.02893518563,-0.02951389551,0.3902041698,0.02909663228
3764,18.820000,0.397328198,0.03256439883,2.920627594e-06,-2.980232239e-06,-2.980232239e-06,1.037120819e-05,0,2.14087e-11,1.87522e-06,0.02893518563,-0.02951389551,0.3965496447,0.02911381985
3765,18.825000,0.4031756967,0.03238414973,2.920627594e-06,-2.980232239e-06,-2.980232239e-06,1.02519989e-05,0,2.10605e-11,1.86201e-06,0.02893518563,-0.02951389551,0.4027536303,0.02914354681
3766,18.830000,0.4091440439,0.03220615722,2.920627594e-06,-2.980232239e-06,-2.980232239e-06,1.013278961e-05,0,2.07123e-11,1.8485e-06,0.02893518563,-0.02951389551,0.4088036803,0.02923437441
3767,18.835000,0.4142757766,0.03232248779,2.920627594e-06,-2.980232239e-06,-2.980232239e-06,1.001358032e-05,0,2.03642e-11,1.83469e-06,0.02893518563,-0.02951389551,0.4146877024,0.02941966299
3768,18.840000,0.4201646745,0.03224563971,2.920627594e-06,-2.980232239e-06,-2.980232239e-06,9.894371033e-06,0,2.0016e-11,1.82055e-06,0.02893518563,-0.02951389551,0.4203939887,0.0294646688
3769,18.845000,0.4257136844,0.03212985769,2.920627594e-06,-2.980232239e-06,-2.980232239e-06,9.775161743e-06,0,1.96678e-11,1.8061e-06,0.02893518563,-0.02951389551,0.4259112448,0.02946300733
3770,18.850000,0.4308177531,0.03231683653,2.920627594e-06,-2.980232239e-06,-2.980232239e-06,9.655952454e-06,0,1.93197e-11,1.7913e-06,0.02893518563,-0.02951389551,0.4312286169,0.02966201239
3771,18.855000,0.4353838339,0.03225395363,2.920627594e-06,-2.980232239e-06,-2.980232239e-06,9.536743164e-06,0,1.89715e-11,1.77615e-06,0.02893518563,-0.02951389551,0.4363357192,0.02952368009
3772,18.860000,0.4403053746,0.03221042547,2.920627594e-06,-2.980232239e-06,-2.980232239e-06,9.417533875e-06,0,1.86233e-11,1.76065e-06,0.02893518563,-0.02951389551,0.4412226588,0.02948364657
3773,18.865000,0.4449140765,0.03206143528,2.920627594e-06,-2.980232239e-06,-2.980232239e-06,9.298324585e-06,0,1.82752e-11,1.74478e-06,0.02893518563,-0.02951389551,0.4458800595,0.02968787688
3774,18.870000,0.4483418688,0.03241854068,2.920627594e-06,-2.980232239e-06,-2.980232239e-06,9.179115295e-06,0,1.7927e-11,1.72853e-06,0.02893518563,-0.02951389551,0.4502990844,0.0296088009
3775,18.875000,0.4517052248,0.03289058711,2.920627594e-06,-2.980232239e-06,-2.980232239e-06,9.059906006e-06,0,1.75788e-11,1.71189e-06,0.02893518563,-0.02951389551,0.4544714569,0.02980077015
3776,18.880000,0.4550015591,0.03319715802,2.920627594e-06,-2.980232239e-06,-2.980232239e-06,8.940696716e-06,0,1.72307e-11,1.69485e-06,0.02893518563,-0.02951389551,0.4583894799,0.02996027433
3777,18.885000,0.4586430192,0.03285964765,2.920627594e-06,-2.980232239e-06,-2.980232239e-06,8.821487427e-06,0,1.68825e-11,1.67739e-06,0.02893518563,-0.02951389551,0.4620460537,0.02968351746
3778,18.890000,0.4617339,0.03307888284,2.920627594e-06,-2.980232239e-06,-2.980232239e-06,8.702278137e-06,0,1.65343e-11,1.65951e-06,0.02893518563,-0.02951389551,0.4654346923,0.02988257783
3779,18.895000,0.4641427174,0.03357099928,2.920627594e-06,-2.980232239e-06,-2.980232239e-06,8.583068848e-06,0,1.61862e-11,1.64118e-06,0.02893518563,-0.02951389551,0.4685495371,0.02991286197
3780,18.900000,0.4662569202,0.03399537783,2.920627594e-06,-2.980232239e-06,-2.980232239e-06,8.463859558e-06,0,1.5838e-11,1.6224e-06,0.02893518563,-0.02951389551,0.4713853706,0.03003697608
3781,18.905000,0.4697939605,0.03282710444,2.920627594e-06,-2.980232239e-06,-2.980232239e-06,8.344650269e-06,0,1.54898e-11,1.60315e-06,0.02893518563,-0.02951389551,0.4739376263,0.03016638405
3782,18.910000,0.4720281363,0.03249980975,2.920627594e-06,-2.980232239e-06,-2.980232239e-06,8.225440979e-06,0,1.51417e-11,1.58342e-06,0.02893518563,-0.02951389551,0.4762023983,0.03025378126
3783,18.915000,0.4738872647,0.03239200171,2.920627594e-06,-2.980232239e-06,-2.980232239e-06,8.106231689e-06,0,1.47935e-11,1.56319e-06,0.02893518563,-0.02951389551,0.4781764485,0.03006777663
3784,18.920000,0.476132676,0.0314767966,2.920627594e-06,-2.980232239e-06,-2.980232239e-06,7.9870224e-06,0,1.44453e-11,1.54245e-06,0.02893518563,-0.02951389551,0.4798572117,0.02984136608
3785,18.925000,0.4766680114,0.03194958996,2.920627594e-06,-2.980232239e-06,-2.980232239e-06,7.86781311e-06,0,1.40972e-11,1.52118e-06,0.02893518563,-0.02951389551,0.4812427997,0.03004406363
3786,18.930000,0.4781999998,0.03132009972,2.920627594e-06,-2.980232239e-06,-2.980232239e-06,7.748603821e-06,0,1.3749e-11,1.49937e-06,0.02893518563,-0.02951389551,0.4823320022,0.02981739346
3787,18.935000,0.47879906,0.03144537192,2.920627594e-06,-2.980232239e-06,-2.980232239e-06,7.629394531e-06,0,1.34008e-11,1.477e-06,0.02893518563,-0.02951389551,0.4831242871,0.02980836842
3788,18.940000,0.4793858044,0.0309767127,2.920627594e-06,-2.980232239e-06,-2.980232239e-06,7.510185242e-06,0,1.30527e-11,1.45405e-06,0.02893518563,-0.02951389551,0.4836197986,0.0296554748
3789,18.945000,0.4796880521,0.03087576013,2.920627594e-06,-2.980232239e-06,-2.980232239e-06,7.390975952e-06,0,1.27045e-11,1.43051e-06,0.02893518563,-0.02951389551,0.4838193526,0.02985508858
3790,18.950000,0.4785814323,0.03144034743,2.920627594e-06,-2.980232239e-06,-2.980232239e-06,7.271766663e-06,0,1.23563e-11,1.40636e-06,0.02893518563,-0.02951389551,0.4837244313,0.02967796911
3791,18.955000,0.4786520675,0.03116970323,2.920627594e-06,-2.980232239e-06,-2.980232239e-06,7.152557373e-06,0,1.20082e-11,1.38158e-06,0.02893518563,-0.02951389551,0.4833371758,0.02899257074
3792,18.960000,0.4785830602,0.03035684768,2.920627594e-06,-2.980232239e-06,-2.980232239e-06,7.033348083e-06,0,1.166e-11,1.35616e-06,0.02893518563,-0.02951389551,0.4826603762,0.0292914857
3793,18.965000,0.4773337506,0.03039861377,2.920627594e-06,-2.980232239e-06,-2.980232239e-06,6.914138794e-06,0,1.13118e-11,1.33007e-06,0.02893518563,-0.02951389551,0.4816974608,0.02912191557
3794,18.970000,0.4762623459,0.03005358763,2.920627594e-06,-2.980232239e-06,-2.980232239e-06,6.794929504e-06,0,1.09637e-11,1.3033e-06,0.02893518563,-0.02951389551,0.4804524829,0.02932500245
3795,18.975000,0.4748961665,0.02973833494,2.920627594e-06,-2.980232239e-06,-2.980232239e-06,6.675720215e-06,0,1.06155e-11,1.27582e-06,0.02893518563,-0.02951389551,0.4789301061,0.02942072466
3796,18.980000,0.472781647,0.0297633782,2.920627594e-06,-2.980232239e-06,-2.980232239e-06,6.556510925e-06,0,1.02673e-11,1.24762e-06,0.02893518563,-0.02951389551,0.4771355886,0.02951007792
3797,18.985000,0.4703284763,0.0296751298,2.920627594e-06,-2.980232239e-06,-2.980232239e-06,6.437301636e-06,0,9.91918e-12,1.21869e-06,0.02893518563,-0.02951389551,0.4750747644,0.02952504567
3798,18.990000,0.4678440504,0.02943405695,2.920627594e-06,-2.980232239e-06,-2.980232239e-06,6.318092346e-06,0,9.57101e-12,1.18898e-06,0.02893518563,-0.02951389551,0.4727540245,0.02970150614
3799,18.995000,0.4646255858,0.02986883745,2.920627594e-06,-2.980232239e-06,-2.980232239e-06,6.198883057e-06,0,9.22284e-12,1.1585e-06,0.02893518563,-0.02951389551,0.4701802956,0.02968628339
3800,19.000000,0.4621919282,0.02930190507,2.920627594e-06,-2.980232239e-06,-2.980232239e-06,6.079673767e-06,0,8.87468e-12,1.12722e-06,0.02893518563,-0.02951389551,0.4673610178,0.02980557346
3801,19.005000,0.4589618407,0.02957542893,2.920627594e-06,-2.980232239e-06,-2.980232239e-06,5.960464478e-06,0,8.52651e-12,1.09511e-06,0.02893518563,-0.02951389551,0.464304121,0.02980496799
3802,19.010000,0.4563226476,0.02903983463,2.920627594e-06,-2.920627594e-06,-2.920627594e-06,5.960464478e-06,0,8.87823e-12,1.1481e-06,0.02893518563,-0.02893517911,0.4610179994,0.02991253289
3803,19.015000,0.453333959,0.02860606275,2.920627594e-06,-2.861022949e-06,-2.861022949e-06,5.960464478e-06,0,9.22284e-12,1.20085e-06,0.02893518563,-0.02835647762,0.4575114855,0.02987749171
3804,19.020000,0.4496323876,0.02831570059,2.920627594e-06,-2.801418304e-06,-2.801418304e-06,5.960464478e-06,0,9.56035e-12,1.25337e-06,0.02893518563,-0.02777777612,0.4537938224,0.02984960684
3805,19.025000,0.445578821,0.02834607475,2.920627594e-06,-2.74181366e-06,-2.74181366e-06,5.960464478e-06,0,9.89075e-12,1.30563e-06,0.02893518563,-0.02719907463,0.4498746357,0.02982279205
3806,19.030000,0.4418368824,0.02800097317,2.920627594e-06,-2.682209015e-06,-2.682209015e-06,5.960464478e-06,0,1.02141e-11,1.35763e-06,0.02893518563,-0.02662037313,0.4457639034,0.02947898017
3807,19.035000,0.437985234,0.0276776664,2.920627594e-06,-2.62260437e-06,-2.62260437e-06,5.960464478e-06,0,1.05302e-11,1.40934e-06,0.02893518563,-0.02604167163,0.4414719257,0.02963978366
3808,19.040000,0.4335699454,0.02727429383,2.920627594e-06,-2.562999725e-06,-2.562999725e-06,5.960464478e-06,0,1.08393e-11,1.46076e-06,0.02893518563,-0.02546297014,0.4370092939,0.0300290139
3809,19.045000,0.4290290326,0.02712472714,2.920627594e-06,-2.503395081e-06,-2.503395081e-06,5.960464478e-06,0,1.11413e-11,1.51187e-06,0.02893518563,-0.02488425374,0.4323868583,0.030237722
3810,19.050000,0.4248126112,0.02687561233,2.920627594e-06,-2.443790436e-06,-2.443790436e-06,5.960464478e-06,0,1.14362e-11,1.56265e-06,0.02893518563,-0.02430555224,0.4276156953,0.03012837334
3811,19.055000,0.4204325043,0.02669927385,2.920627594e-06,-2.384185791e-06,-2.384185791e-06,5.960464478e-06,0,1.1724e-11,1.61309e-06,0.02893518563,-0.02372685075,0.4227070747,0.03015631145
3812,19.060000,0.4147036932,0.02700902056,2.920627594e-06,-2.324581146e-06,-2.324581146e-06,5.960464478e-06,0,1.20046e-11,1.66317e-06,0.02893518563,-0.02314814925,0.4176724257,0.03034321102
3813,19.065000,0.4096637778,0.02691811975,2.920627594e-06,-2.264976501e-06,-2.264976501e-06,5.960464478e-06,0,1.22782e-11,1.71286e-06,0.02893518563,-0.02256944776,0.4125233033,0.02997448762
3814,19.070000,0.4041826352,0.02707651258,2.920627594e-06,-2.205371857e-06,-2.205371857e-06,5.960464478e-06,0,1.25446e-11,1.76215e-06,0.02893518563,-0.02199074626,0.4072713537,0.02982704587
3815,19.075000,0.399284143,0.02681182045,2.920627594e-06,-2.145767212e-06,-2.145767212e-06,5.960464478e-06,0,1.2804e-11,1.81101e-06,0.02893518563,-0.02141202986,0.4019282802,0.02966414424
3816,19.080000,0.3944184296,0.02628000826,2.920627594e-06,-2.086162567e-06,-2.086162567e-06,5.960464478e-06,0,1.30562e-11,1.85942e-06,0.02893518563,-0.02083332837,0.3965058089,0.02974983377
3817,19.085000,0.3893479481,0.02599947341,2.920627594e-06,-2.026557922e-06,-2.026557922e-06,5.960464478e-06,0,1.33014e-11,1.90735e-06,0.02893518563,-0.02025462687,0.3910156539,0.02969316308
3818,19.090000,0.3841834925,0.02576898597,2.920627594e-06,-1.966953278e-06,-1.966953278e-06,5.960464478e-06,0,1.35394e-11,1.95478e-06,0.02893518563,-0.01967592537,0.3854694834,0.02968189676
3819,19.095000,0.378581889,0.02583141439,2.920627594e-06,-1.907348633e-06,-1.907348633e-06,5.960464478e-06,0,1.37703e-11,2.00167e-06,0.02893518563,-0.01909722388,0.3798788856,0.02949552193
3820,19.100000,0.3725031577,0.02609078307,2.920627594e-06,-1.847743988e-06,-1.847743988e-06,5.960464478e-06,0,1.39941e-11,2.04799e-06,0.02893518563,-0.01851852238,0.3742553354,0.02967137408
3821,19.105000,0.3669776097,0.02611422166,2.920627594e-06,-1.788139343e-06,-1.788139343e-06,5.960464478e-06,0,1.42109e-11,2.09372e-06,0.02893518563,-0.01793982089,0.3686101603,0.02911270484
3822,19.110000,0.3615133613,0.02627370972,2.920627594e-06,-1.728534698e-06,-1.728534698e-06,5.960464478e-06,0,1.44205e-11,2.13881e-06,0.02893518563,-0.01736110449,0.3629545089,0.02953648897
3823,19.115000,0.3562166244,0.02617425472,2.920627594e-06,-1.668930054e-06,-1.668930054e-06,6.020069122e-06,0,1.47971e-11,2.19286e-06,0.02893518563,-0.01678240299,0.3572993179,0.02986052342
3824,19.120000,0.3508018926,0.02599889226,2.920627594e-06,-1.668930054e-06,-1.668930054e-06,6.079673767e-06,0,1.49711e-11,2.20228e-06,0.02893518563,-0.01678240299,0.3516552812,0.03006130266
3825,19.125000,0.3453181274,0.02601666376,2.920627594e-06,-1.668930054e-06,-1.668930054e-06,6.139278412e-06,0,1.51452e-11,2.21149e-06,0.02893518563,-0.01678240299,0.3460328193,0.03027821292
3826,19.130000,0.3397704288,0.02590687014,2.920627594e-06,-1.668930054e-06,-1.668930054e-06,6.198883057e-06,0,1.53193e-11,2.22051e-06,0.02893518563,-0.01678240299,0.3404420495,0.03013371164
3827,19.135000,0.3346190676,0.02586527728,2.920627594e-06,-1.668930054e-06,-1.668930054e-06,6.258487701e-06,0,1.54934e-11,2.22933e-06,0.02893518563,-0.01678240299,0.3348927576,0.02990845184
3828,19.140000,0.3297895081,0.02559773717,2.920627594e-06,-1.668930054e-06,-1.668930054e-06,6.318092346e-06,0,1.56675e-11,2.23797e-06,0.02893518563,-0.01678240299,0.3293943699,0.02979799338
3829,19.145000,0.3242604546,0.0257144291,2.920627594e-06,-1.668930054e-06,-1.668930054e-06,6.377696991e-06,0,1.58416e-11,2.24642e-06,0.02893518563,-0.01678240299,0.3239559269,0.02990046492
3830,19.150000,0.3186332881,0.02582945861,2.920627594e-06,-1.668930054e-06,-1.668930054e-06,6.437301636e-06,0,1.60156e-11,2.2547e-06,0.02893518563,-0.01678240299,0.3185860582,0.02985473635
3831,19.155000,0.3135739639,0.02568011265,2.920627594e-06,-1.668930054e-06,-1.668930054e-06,6.496906281e-06,0,1.61897e-11,2.2628e-06,0.02893518563,-0.01678240299,0.3132929581,0.03017783346
3832,19.160000,0.3080887124,0.02579298895,2.920627594e-06,-1.668930054e-06,-1.668930054e-06,6.556510925e-06,0,1.63638e-11,2.27073e-06,0.02893518563,-0.01678240299,0.3080843636,0.03045107356
3833,19.165000,0.3032790646,0.02557786647,2.920627594e-06,-1.668930054e-06,-1.668930054e-06,6.61611557e-06,0,1.65379e-11,2.2785e-06,0.02893518563,-0.01678240299,0.3029675325,0.03034684093
3834,19.170000,0.2982500345,0.02582022827,2.920627594e-06,-1.668930054e-06,-1.668930054e-06,6.675720215e-06,0,1.6712e-11,2.2861e-06,0.02893518563,-0.01678240299,0.2979492242,0.03041354088
3835,19.175000,0.2929506227,0.02603900433,2.920627594e-06,-1.668930054e-06,-1.668930054e-06,6.73532486e-06,0,1.6886e-11,2.29355e-06,0.02893518563,-0.01678240299,0.2930356814,0.03013135479
3836,19.180000,0.2884060852,0.02605425939,2.920627594e-06,-1.668930054e-06,-1.668930054e-06,6.794929504e-06,0,1.70601e-11,2.30085e-06,0.02893518563,-0.01678240299,0.2882326133,0.03027783886
3837,19.185000,0.2841459177,0.02598942816,2.920627594e-06,-1.668930054e-06,-1.668930054e-06,6.854534149e-06,0,1.72342e-11,2.308e-06,0.02893518563,-0.01678240299,0.2835451807,0.0303239935
3838,19.190000,0.2795172781,0.02606780548,2.920627594e-06,-1.668930054e-06,-1.668930054e-06,6.914138794e-06,0,1.74083e-11,2.31501e-06,0.02893518563,-0.01678240299,0.2789779829,0.03055251913
3839,19.195000,0.2745560594,0.02640350722,2.920627594e-06,-1.668930054e-06,-1.668930054e-06,6.973743439e-06,0,1.75824e-11,2.32187e-06,0.02893518563,-0.01678240299,0.2745350457,0.0306685913
3840,19.200000,0.2699418515,0.02657317743,2.920627594e-06,-1.668930054e-06,-1.668930054e-06,7.033348083e-06,0,1.77565e-11,2.3286e-06,0.02893518563,-0.01678240299,0.270219812,0.030916068
3841,19.205000,0.2657462545,0.02661857195,2.920627594e-06,-1.668930054e-06,-1.668930054e-06,7.092952728e-06,0,1.79305e-11,2.3352e-06,0.02893518563,-0.01678240299,0.2660351334,0.03049965788
3842,19.210000,0.2618486434,0.02664505225,2.920627594e-06,-1.668930054e-06,-1.668930054e-06,7.152557373e-06,0,1.81046e-11,2.34166e-06,0.02893518563,-0.01678240299,0.2619832639,0.03031323894
3843,19.215000,0.2576514669,0.02683346067,2.920627594e-06,-1.668930054e-06,-1.668930054e-06,7.212162018e-06,0,1.82787e-11,2.348e-06,0.02893518563,-0.01678240299,0.2580658557,0.03027839377
3844,19.220000,0.2542468272,0.0267574219,2.920627594e-06,-1.668930054e-06,-1.668930054e-06,7.271766663e-06,0,1.84528e-11,2.35422e-06,0.02893518563,-0.01678240299,0.254283956,0.02992347623
3845,19.225000,0.2512691766,0.02663975023,2.920627594e-06,-1.668930054e-06,-1.668930054e-06,7.331371307e-06,0,1.86269e-11,2.36032e-06,0.02893518563,-0.01678240299,0.2506380069,0.02990624093
3846,19.230000,0.2474631369,0.02671776153,2.920627594e-06,-1.668930054e-06,-1.668930054e-06,7.390975952e-06,0,1.8801e-11,2.3663e-06,0.02893518563,-0.01678240299,0.2471278455,0.02975326627
3847,19.235000,0.2449311614,0.02639656886,2.920627594e-06,-1.668930054e-06,-1.668930054e-06,7.450580597e-06,0,1.8975e-11,2.37216e-06,0.02893518563,-0.01678240299,0.2437527075,0.02975558821
3848,19.240000,0.24202374,0.02637933195,2.920627594e-06,-1.668930054e-06,-1.668930054e-06,7.510185242e-06,0,1.91491e-11,2.37792e-06,0.02893518563,-0.01678240299,0.2405112314,0.03028104479
3849,19.245000,0.2393794023,0.02635476366,2.920627594e-06,-1.668930054e-06,-1.668930054e-06,7.569789886e-06,0,1.93232e-11,2.38356e-06,0.02893518563,-0.01678240299,0.2374014649,0.03033186199
3850,19.250000,0.2361588553,0.02644491661,2.920627594e-06,-1.668930054e-06,-1.668930054e-06,7.629394531e-06,0,1.94973e-11,2.38911e-06,0.02893518563,-0.01678240299,0.2344208732,0.03037862186
3851,19.255000,0.2331554182,0.02656139806,2.920627594e-06,-1.668930054e-06,-1.668930054e-06,7.688999176e-06,0,1.96714e-11,2.39454e-06,0.02893518563,-0.01678240299,0.2315663489,0.03041121043
3852,19.260000,0.2303767167,0.02661211323,2.920627594e-06,-1.668930054e-06,-1.668930054e-06,7.748603821e-06,0,1.98455e-11,2.39988e-06,0.02893518563,-0.01678240299,0.228834224,0.03044141725
3853,19.265000,0.2278570309,0.02639746666,2.920627594e-06,-1.668930054e-06,-1.668930054e-06,7.808208466e-06,0,2.00195e-11,2.40512e-06,0.02893518563,-0.01678240299,0.2262202825,0.03063139771
3854,19.270000,0.2258384041,0.02629297413,2.920627594e-06,-1.668930054e-06,-1.668930054e-06,7.86781311e-06,0,2.01936e-11,2.41027e-06,0.02893518563,-0.01678240299,0.2237197761,0.0307621851
3855,19.275000,0.2235935293,0.02635623887,2.920627594e-06,-1.668930054e-06,-1.668930054e-06,7.927417755e-06,0,2.03677e-11,2.41532e-06,0.02893518563,-0.01678240299,0.2213274408,0.03088716189
3856,19.280000,0.2209031619,0.02647304069,2.920627594e-06,-1.668930054e-06,-1.668930054e-06,7.9870224e-06,0,2.05418e-11,2.42028e-06,0.02893518563,-0.01678240299,0.2190375143,0.03094590799
3857,19.285000,0.2182159796,0.02686227392,2.920627594e-06,-1.668930054e-06,-1.668930054e-06,8.046627045e-06,0,2.07159e-11,2.42515e-06,0.02893518563,-0.01678240299,0.2168437568,0.03078784663
3858,19.290000,0.2157080397,0.02703684848,2.920627594e-06,-1.668930054e-06,-1.668930054e-06,8.106231689e-06,0,2.089e-11,2.42993e-06,0.02893518563,-0.01678240299,0.2147394712,0.03062152687
3859,19.295000,0.2140458375,0.02697370481,2.920627594e-06,-1.668930054e-06,-1.668930054e-06,8.165836334e-06,0,2.1064e-11,2.43463e-06,0.02893518563,-0.01678240299,0.212717526,0.03086426047
3860,19.300000,0.2124031,0.0269787889,2.920627594e-06,-1.668930054e-06,-1.668930054e-06,8.225440979e-06,0,2.12381e-11,2.43925e-06,0.02893518563,-0.01678240299,0.2107703791,0.03066004998
3861,19.305000,0.2103871442,0.02694647759,2.920627594e-06,-1.668930054e-06,-1.668930054e-06,8.285045624e-06,0,2.14122e-11,2.44379e-06,0.02893518563,-0.01678240299,0.2088901027,0.03047580497
3862,19.310000,0.2088132389,0.02689123712,2.920627594e-06,-1.668930054e-06,-1.668930054e-06,8.344650269e-06,0,2.15863e-11,2.44825e-06,0.02893518563,-0.01678240299,0.2070684097,0.03039367951
3863,19.315000,0.2071194649,0.02691865619,2.920627594e-06,-1.668930054e-06,-1.668930054e-06,8.404254913e-06,0,2.17604e-11,2.45263e-06,0.02893518563,-0.01678240299,0.2052966809,0.0302930372
3864,19.320000,0.2051964588,0.02691537887,2.920627594e-06,-1.668930054e-06,-1.668930054e-06,8.463859558e-06,0,2.19345e-11,2.45694e-06,0.02893518563,-0.01678240299,0.2035659933,0.03003332532
3865,19.325000,0.2032519057,0.02699990291,2.920627594e-06,-1.668930054e-06,-1.668930054e-06,8.523464203e-06,0,2.21085e-11,2.46118e-06,0.02893518563,-0.01678240299,0.2018671498,0.0300737398
3866,19.330000,0.2019250169,0.02703163587,2.920627594e-06,-1.668930054e-06,-1.668930054e-06,8.583068848e-06,0,2.22826e-11,2.46534e-06,0.02893518563,-0.01678240299,0.2001907084,0.03025706612
3867,19.335000,0.2003093064,0.02696227748,2.920627594e-06,-1.668930054e-06,-1.668930054e-06,8.642673492e-06,0,2.24567e-11,2.46943e-06,0.02893518563,-0.01678240299,0.1985270142,0.03025219527
3868,19.340000,0.1980080381,0.02731786668,2.920627594e-06,-1.668930054e-06,-1.668930054e-06,8.702278137e-06,0,2.26308e-11,2.47346e-06,0.02893518563,-0.01678240299,0.19686623,0.03006047481
3869,19.345000,0.1957010925,0.02754322346,2.920627594e-06,-1.668930054e-06,-1.668930054e-06,8.761882782e-06,0,2.28049e-11,2.47742e-06,0.02893518563,-0.01678240299,0.1951983688,0.03000537612
3870,19.350000,0.1935453117,0.02776084747,2.920627594e-06,-1.668930054e-06,-1.668930054e-06,8.821487427e-06,0,2.2979e-11,2.48131e-06,0.02893518563,-0.01678240299,0.1935133266,0.02988386248
3871,19.355000,0.1915262938,0.02772400528,2.920627594e-06,-1.668930054e-06,-1.668930054e-06,8.881092072e-06,0,2.3153e-11,2.48514e-06,0.02893518563,-0.01678240299,0.1918009149,0.02976375207
3872,19.360000,0.190718662,0.02718906756,2.920627594e-06,-1.668930054e-06,-1.668930054e-06,8.940696716e-06,0,2.33271e-11,2.48891e-06,0.02893518563,-0.01678240299,0.1900508945,0.03005006581
3873,19.365000,0.1886778288,0.02721547335,2.920627594e-06,-1.668930054e-06,-1.668930054e-06,9.000301361e-06,0,2.35012e-11,2.49262e-06,0.02893518563,-0.01678240299,0.1882530084,0.030370434
3874,19.370000,0.1867432222,0.02709502634,2.920627594e-06,-1.668930054e-06,-1.668930054e-06,9.059906006e-06,0,2.36753e-11,2.49627e-06,0.02893518563,-0.01678240299,0.1863970158,0.03061727284
3875,19.375000,0.1843320541,0.02736006211,2.920627594e-06,-1.668930054e-06,-1.668930054e-06,9.119510651e-06,0,2.38494e-11,2.49986e-06,0.02893518563,-0.01678240299,0.1844727255,0.03086396034
3876,19.380000,0.1822713874,0.02735172492,2.920627594e-06,-1.668930054e-06,-1.668930054e-06,9.179115295e-06,0,2.40234e-11,2.5034e-06,0.02893518563,-0.01678240299,0.1824700291,0.03094340198
3877,19.385000,0.1798733957,0.02749454696,2.920627594e-06,-1.668930054e-06,-1.668930054e-06,9.23871994e-06,0,2.41975e-11,2.50687e-06,0.02893518563,-0.01678240299,0.1803789349,0.03097081147
3878,19.390000,0.1774562858,0.02760703489,2.920627594e-06,-1.668930054e-06,-1.668930054e-06,9.298324585e-06,0,2.43716e-11,2.5103e-06,0.02893518563,-0.01678240299,0.1781896,0.03065685238
3879,19.395000,0.1746440642,0.02783596981,2.920627594e-06,-1.668930054e-06,-1.668930054e-06,9.35792923e-06,0,2.45457e-11,2.51367e-06,0.02893518563,-0.01678240299,0.1758923635,0.03049585
3880,19.400000,0.1717075408,0.02810649574,2.920627594e-06,-1.668930054e-06,-1.668930054e-06,9.417533875e-06,0,2.47198e-11,2.51699e-06,0.02893518563,-0.01678240299,0.1734777783,0.03010708966
3881,19.405000,0.1693635508,0.02804258838,2.920627594e-06,-1.668930054e-06,-1.668930054e-06,9.477138519e-06,0,2.48939e-11,2.52026e-06,0.02893518563,-0.01678240299,0.1709366425,0.03022332081
3882,19.410000,0.1668244451,0.02792123146,2.920627594e-06,-1.668930054e-06,-1.668930054e-06,9.536743164e-06,0,2.50679e-11,2.52348e-06,0.02893518563,-0.01678240299,0.1682600305,0.03029819589
3883,19.415000,0.1640278734,0.02775115613,2.920627594e-06,-1.668930054e-06,-1.668930054e-06,9.596347809e-06,0,2.5242e-11,2.52665e-06,0.02893518563,-0.01678240299,0.1654393227,0.03044138712
3884,19.420000,0.1605775356,0.02796519268,2.920627594e-06,-1.668930054e-06,-1.668930054e-06,9.655952454e-06,0,2.54161e-11,2.52977e-06,0.02893518563,-0.01678240299,0.1624662348,0.03031773773
3885,19.425000,0.1576239653,0.0279544713,2.920627594e-06,-1.668930054e-06,-1.668930054e-06,9.715557098e-06,0,2.55902e-11,2.53285e-06,0.02893518563,-0.01678240299,0.1593328461,0.03032296858
3886,19.430000,0.1539015621,0.02812374383,2.920627594e-06,-1.668930054e-06,-1.668930054e-06,9.775161743e-06,0,2.57643e-11,2.53588e-06,0.02893518563,-0.01678240299,0.1560316267,0.03017957673
3887,19.435000,0.1507216655,0.02786822524,2.920627594e-06,-1.668930054e-06,-1.668930054e-06,9.834766388e-06,0,2.59384e-11,2.53886e-06,0.02893518563,-0.01678240299,0.1525554636,0.03013835879
3888,19.440000,0.1469935812,0.02797851898,2.920627594e-06,-1.668930054e-06,-1.668930054e-06,9.894371033e-06,0,2.61124e-11,2.5418e-06,0.02893518563,-0.01678240299,0.1488976854,0.03022509664
3889,19.445000,0.1433988959,0.02776316553,2.920627594e-06,-1.668930054e-06,-1.668930054e-06,9.953975677e-06,0,2.62865e-11,2.5447e-06,0.02893518563,-0.01678240299,0.1450520863,0.03031771215
3890,19.450000,0.1390554644,0.02795152552,2.920627594e-06,-1.668930054e-06,-1.668930054e-06,1.001358032e-05,0,2.64606e-11,2.54756e-06,0.02893518563,-0.01678240299,0.1410129482,0.0303662876
3891,19.455000,0.1349500231,0.0279061934,2.920627594e-06,-1.668930054e-06,-1.668930054e-06,1.007318497e-05,0,2.66347e-11,2.55038e-06,0.02893518563,-0.01678240299,0.136775062,0.03039577142
3892,19.460000,0.1307352819,0.02747479733,2.920627594e-06,-1.668930054e-06,-1.668930054e-06,1.013278961e-05,0,2.68088e-11,2.55315e-06,0.02893518563,-0.01678240299,0.1323337465,0.03052101819
3893,19.465000,0.1261059046,0.02754000295,2.920627594e-06,-1.668930054e-06,-1.668930054e-06,1.019239426e-05,0,2.69829e-11,2.55589e-06,0.02893518563,-0.01678240299,0.1276848668,0.03031451063
3894,19.470000,0.1221881695,0.02711665444,2.920627594e-06,-1.668930054e-06,-1.668930054e-06,1.02519989e-05,0,2.71569e-11,2.55859e-06,0.02893518563,-0.01678240299,0.1228248509,0.03074817225
3895,19.475000,0.1165664755,0.02730065212,2.920627594e-06,-1.668930054e-06,-1.668930054e-06,1.031160355e-05,0,2.7331e-11,2.56125e-06,0.02893518563,-0.01678240299,0.1177507037,0.0309410571
3896,19.480000,0.1109096557,0.02728479262,2.920627594e-06,-1.668930054e-06,-1.668930054e-06,1.037120819e-05,0,2.75051e-11,2.56387e-06,0.02893518563,-0.01678240299,0.1124600211,0.03078088175
3897,19.485000,0.1052889451,0.02734666038,2.920627594e-06,-1.668930054e-06,-1.668930054e-06,1.043081284e-05,0,2.76792e-11,2.56646e-06,0.02893518563,-0.01678240299,0.1069510008,0.03077574554
3898,19.490000,0.09929809719,0.02739213128,2.920627594e-06,-1.668930054e-06,-1.668930054e-06,1.049041748e-05,0,2.78533e-11,2.56901e-06,0.02893518563,-0.01678240299,0.1012224521,0.03090704104
3899,19.495000,0.09321286157,0.02725689858,2.920627594e-06,-1.668930054e-06,-1.668930054e-06,1.055002213e-05,0,2.80274e-11,2.57152e-06,0.02893518563,-0.01678240299,0.09527380411,0.03051824535
3900,19.500000,0.08684681728,0.02741750702,2.920627594e-06,-1.668930054e-06,-1.668930054e-06,1.060962677e-05,0,2.82014e-11,2.57401e-06,0.02893518563,-0.01678240299,0.08910511148,0.03017317459
3901,19.505000,0.08004495129,0.02743593603,2.920627594e-06,-1.668930054e-06,-1.668930054e-06,1.066923141e-05,0,2.83755e-11,2.57645e-06,0.02893518563,-0.01678240299,0.08271705899,0.03031676898
3902,19.510000,0.07346673682,0.0274851108,2.920627594e-06,-1.668930054e-06,-1.668930054e-06,1.072883606e-05,0,2.85496e-11,2.57887e-06,0.02893518563,-0.01678240299,0.07611096398,0.03045657447
3903,19.515000,0.06612963974,0.02774956636,2.920627594e-06,-1.668930054e-06,-1.668930054e-06,1.07884407e-05,0,2.87237e-11,2.58125e-06,0.02893518563,-0.01678240299,0.06928877696,0.0303277577
3904,19.520000,0.05879763514,0.02778454591,2.920627594e-06,-1.668930054e-06,-1.668930054e-06,1.084804535e-05,0,2.88978e-11,2.5836e-06,0.02893518563,-0.01678240299,0.06225308049,0.03048206686
3905,19.525000,0.0514572449,0.02780170273,2.920627594e-06,-1.668930054e-06,-1.668930054e-06,1.090764999e-05,0,2.90719e-11,2.58592e-06,0.02893518563,-0.01678240299,0.0550070861,0.03031380393
3906,19.530000,0.04321719706,0.02795569133,2.920627594e-06,-1.668930054e-06,-1.668930054e-06,1.096725464e-05,0,2.92459e-11,2.58821e-06,0.02893518563,-0.01678240299,0.04755462949,0.03014826492
3907,19.535000,0.03560185432,0.02802169789,2.920627594e-06,-1.668930054e-06,-1.668930054e-06,1.102685928e-05,0,2.942e-11,2.59047e-06,0.02893518563,-0.01678240299,0.03990016379,0.02991367809
3908,19.540000,0.02802890167,0.0278100688,2.920627594e-06,-1.668930054e-06,-1.668930054e-06,1.108646393e-05,0,2.95941e-11,2.5927e-06,0.02893518563,-0.01678240299,0.0320487511,0.02998625655
3909,19.545000,0.02016425505,0.02781480178,2.920627594e-06,-1.668930054e-06,-1.668930054e-06,1.114606857e-05,0,2.97682e-11,2.5949e-06,0.02893518563,-0.01678240299,0.02400605223,0.02992102793
3910,19.550000,0.01214404777,0.02773133107,2.920627594e-06,-1.668930054e-06,-1.668930054e-06,1.120567322e-05,0,2.99423e-11,2.59708e-06,0.02893518563,-0.01678240299,0.01577831464,0.02993340282
3911,19.555000,0.00383483246,0.02763047256,2.920627594e-06,-1.668930054e-06,-1.668930054e-06,1.126527786e-05,0,3.01164e-11,2.59922e-06,0.02893518563,-0.01678240299,0.007372358726,0.0296391814
3912,19.560000,-0.00505163148,0.02771745622,2.920627594e-06,-1.668930054e-06,-1.668930054e-06,1.132488251e-05,0,3.02904e-11,2.60134e-06,0.02893518563,-0.01678240299,-0.001204437678,0.02972828263
3913,19.565000,-0.01386965066,0.02774132509,2.920627594e-06,-1.668930054e-06,-1.668930054e-06,1.138448715e-05,0,3.04645e-11,2.60343e-06,0.02893518563,-0.01678240299,-0.009944156337,0.02987401225
3914,19.570000,-0.02301597595,0.02776012477,2.920627594e-06,-1.668930054e-06,-1.668930054e-06,1.14440918e-05,0,3.06386e-11,2.6055e-06,0.02893518563,-0.01678240299,-0.01883835733,0.02945799938
3915,19.575000,-0.03210238367,0.02771496773,2.920627594e-06,-1.668930054e-06,-1.668930054e-06,1.150369644e-05,0,3.08127e-11,2.60753e-06,0.02893518563,-0.01678240299,-0.02787809928,0.02963008646
3916,19.580000,-0.04053593054,0.02733516227,2.920627594e-06,-1.668930054e-06,-1.668930054e-06,1.156330109e-05,0,3.09868e-11,2.60955e-06,0.02893518563,-0.01678240299,-0.03705396109,0.02947605024
3917,19.585000,-0.04953597113,0.02718321234,2.920627594e-06,-1.668930054e-06,-1.668930054e-06,1.162290573e-05,0,3.11609e-11,2.61154e-06,0.02893518563,-0.01678240299,-0.04635606509,0.02976538064
3918,19.590000,-0.05912242085,0.02727208473,2.920627594e-06,-1.668930054e-06,-1.668930054e-06,1.168251038e-05,0,3.13349e-11,2.6135e-06,0.02893518563,-0.01678240299,-0.0557741016,0.02978522408
3919,19.595000,-0.06806496531,0.02706048824,2.920627594e-06,-1.668930054e-06,-1.668930054e-06,1.174211502e-05,0,3.1509e-11,2.61544e-06,0.02893518563,-0.01678240299,-0.06529735472,0.02975427786
3920,19.600000,-0.07742680982,0.02691965643,2.920627594e-06,-1.668930054e-06,-1.668930054e-06,1.180171967e-05,0,3.16831e-11,2.61736e-06,0.02893518563,-0.01678240299,-0.07491472943,0.02963333693
3921,19.605000,-0.08712318912,0.02701205295,2.920627594e-06,-1.668930054e-06,-1.668930054e-06,1.186132431e-05,0,3.18572e-11,2.61925e-06,0.02893518563,-0.01678240299,-0.08461477978,0.02940408052
3922,19.610000,-0.09739305452,0.02713701408,2.920627594e-06,-1.668930054e-06,-1.668930054e-06,1.192092896e-05,0,3.20313e-11,2.62112e-06,0.02893518563,-0.01678240299,-0.0943857382,0.02952323105
3923,19.615000,-0.1069829911,0.02711580787,2.920627594e-06,-1.668930054e-06,-1.668930054e-06,1.19805336e-05,0,3.22053e-11,2.62297e-06,0.02893518563,-0.01678240299,-0.1042155457,0.02967556077
3924,19.620000,-0.1165894046,0.027001651,2.920627594e-06,-1.668930054e-06,-1.668930054e-06,1.204013824e-05,0,3.23794e-11,2.6248e-06,0.02893518563,-0.01678240299,-0.1140918833,0.02968941839
3925,19.625000,-0.1267173216,0.02709902078,2.920627594e-06,-1.668930054e-06,-1.668930054e-06,1.209974289e-05,0,3.25535e-11,2.6266e-06,0.02893518563,-0.01678240299,-0.1240022038,0.02937506076
3926,19.630000,-0.1367638409,0.02680515777,2.920627594e-06,-1.668930054e-06,-1.668930054e-06,1.215934753e-05,0,3.27276e-11,2.62839e-06,0.02893518563,-0.01678240299,-0.1339337644,0.02948386158
3927,19.635000,-0.1468306743,0.02682819869,2.920627594e-06,-1.668930054e-06,-1.668930054e-06,1.221895218e-05,0,3.29017e-11,2.63015e-06,0.02893518563,-0.01678240299,-0.1438736605,0.02976526246
3928,19.640000,-0.1568575725,0.02675474342,2.920627594e-06,-1.668930054e-06,-1.668930054e-06,1.227855682e-05,0,3.30758e-11,2.63189e-06,0.02893518563,-0.01678240299,-0.1538088594,0.02942573246
3929,19.645000,-0.1666970775,0.02666066401,2.920627594e-06,-1.668930054e-06,-1.668930054e-06,1.233816147e-05,0,3.32498e-11,2.63361e-06,0.02893518563,-0.01678240299,-0.1637262346,0.0289428201
3930,19.650000,-0.1765228994,0.02669260465,2.920627594e-06,-1.668930054e-06,-1.668930054e-06,1.239776611e-05,0,3.34239e-11,2.63532e-06,0.02893518563,-0.01678240299,-0.1736126008,0.02938807763
3931,19.655000,-0.186313007,0.02673683967,2.920627594e-06,-1.668930054e-06,-1.668930054e-06,1.245737076e-05,0,3.3598e-11,2.637e-06,0.02893518563,-0.01678240299,-0.1834547483,0.0292766778
3932,19.660000,-0.1956822015,0.02661634982,2.920627594e-06,-1.668930054e-06,-1.668930054e-06,1.25169754e-05,0,3.37721e-11,2.63866e-06,0.02893518563,-0.01678240299,-0.193239479,0.0296022986
3933,19.665000,-0.2052542195,0.02656078711,2.920627594e-06,-1.668930054e-06,-1.668930054e-06,1.257658005e-05,0,3.39462e-11,2.64031e-06,0.02893518563,-0.01678240299,-0.2029536409,0.0297238205
3934,19.670000,-0.2145036384,0.02645885944,2.920627594e-06,-1.668930054e-06,-1.668930054e-06,1.263618469e-05,0,3.41203e-11,2.64193e-06,0.02893518563,-0.01678240299,-0.2125841636,0.02959371112
3935,19.675000,-0.2235657722,0.02621604782,2.920627594e-06,-1.668930054e-06,-1.668930054e-06,1.269578934e-05,0,3.42943e-11,2.64354e-06,0.02893518563,-0.01678240299,-0.2221180931,0.02957104239
3936,19.680000,-0.2325611748,0.02610087674,2.920627594e-06,-1.668930054e-06,-1.668930054e-06,1.275539398e-05,0,3.44684e-11,2.64513e-06,0.02893518563,-0.01678240299,-0.2315426269,0.02968812388
3937,19.685000,-0.2423410751,0.02636195347,2.920627594e-06,-1.668930054e-06,-1.668930054e-06,1.281499863e-05,0,3.46425e-11,2.6467e-06,0.02893518563,-0.01678240299,-0.2408451481,0.02946767421
3938,19.690000,-0.2510602511,0.0262590535,2.920627594e-06,-1.668930054e-06,-1.668930054e-06,1.287460327e-05,0,3.48166e-11,2.64826e-06,0.02893518563,-0.01678240299,-0.2500132597,0.02934052184
3939,19.695000,-0.2597373165,0.02626658697,2.920627594e-06,-1.668930054e-06,-1.668930054e-06,1.293420792e-05,0,3.49907e-11,2.6498e-06,0.02893518563,-0.01678240299,-0.2590348178,0.02929137008
3940,19.700000,-0.2679545991,0.02613891289,2.920627594e-06,-1.668930054e-06,-1.668930054e-06,1.299381256e-05,0,3.51648e-11,2.65132e-06,0.02893518563,-0.01678240299,-0.2678979646,0.02935681981
3941,19.705000,-0.2767174654,0.02643712051,2.920627594e-06,-1.668930054e-06,-1.668930054e-06,1.305341721e-05,0,3.53388e-11,2.65282e-06,0.02893518563,-0.01678240299,-0.2765911606,0.02944699733
3942,19.710000,-0.2848179936,0.0262982538,2.920627594e-06,-1.668930054e-06,-1.668930054e-06,1.311302185e-05,0,3.55129e-11,2.65431e-06,0.02893518563,-0.01678240299,-0.2851032157,0.02925019582
3943,19.715000,-0.2932818346,0.02639879007,2.920627594e-06,-1.668930054e-06,-1.668930054e-06,1.31726265e-05,0,3.5687e-11,2.65578e-06,0.02893518563,-0.01678240299,-0.2934233199,0.02917860636
3944,19.720000,-0.3014190681,0.02651203237,2.920627594e-06,-1.668930054e-06,-1.668930054e-06,1.323223114e-05,0,3.58611e-11,2.65724e-06,0.02893518563,-0.01678240299,-0.3015410724,0.02931012896
3945,19.725000,-0.3091798052,0.02655322384,2.920627594e-06,-1.668930054e-06,-1.668930054e-06,1.329183578e-05,0,3.60352e-11,2.65868e-06,0.02893518563,-0.01678240299,-0.3094465103,0.02959905002
3946,19.730000,-0.3162705749,0.02647367306,2.920627594e-06,-1.668930054e-06,-1.668930054e-06,1.335144043e-05,0,3.62093e-11,2.66011e-06,0.02893518563,-0.01678240299,-0.3171301355,0.02959894157
3947,19.735000,-0.3239851147,0.02664928697,2.920627594e-06,-1.668930054e-06,-1.668930054e-06,1.341104507e-05,0,3.63833e-11,2.66152e-06,0.02893518563,-0.01678240299,-0.324582941,0.02978126162
3948,19.740000,-0.3314042687,0.02657394577,2.920627594e-06,-1.668930054e-06,-1.668930054e-06,1.347064972e-05,0,3.65574e-11,2.66291e-06,0.02893518563,-0.01678240299,-0.3317964353,0.02985677238
3949,19.745000,-0.3379488513,0.02635008842,2.920627594e-06,-1.668930054e-06,-1.668930054e-06,1.353025436e-05,0,3.67315e-11,2.66429e-06,0.02893518563,-0.01678240299,-0.3387626659,0.02999184286
3950,19.750000,-0.344594501,0.02634218987,2.920627594e-06,-1.668930054e-06,-1.668930054e-06,1.358985901e-05,0,3.69056e-11,2.66566e-06,0.02893518563,-0.01678240299,-0.3454742411,0.03015751562
3951,19.755000,-0.3508412503,0.02632087469,2.920627594e-06,-1.668930054e-06,-1.668930054e-06,1.364946365e-05,0,3.70797e-11,2.66701e-06,0.02893518563,-0.01678240299,-0.3519243504,0.02975154946
3952,19.760000,-0.3567668647,0.02629425563,2.920627594e-06,-1.668930054e-06,-1.668930054e-06,1.37090683e-05,0,3.72538e-11,2.66835e-06,0.02893518563,-0.01678240299,-0.3581067831,0.0296210002
3953,19.765000,-0.362064749,0.02620079648,2.920627594e-06,-1.668930054e-06,-1.668930054e-06,1.376867294e-05,0,3.74278e-11,2.66967e-06,0.02893518563,-0.01678240299,-0.3640159461,0.0295933951
3954,19.770000,-0.3678038865,0.02627816983,2.920627594e-06,-1.668930054e-06,-1.668930054e-06,1.382827759e-05,0,3.76019e-11,2.67099e-06,0.02893518563,-0.01678240299,-0.3696468786,0.02952891775
3955,19.775000,-0.3728027754,0.02609906252,2.920627594e-06,-1.668930054e-06,-1.668930054e-06,1.388788223e-05,0,3.7776e-11,2.67228e-06,0.02893518563,-0.01678240299,-0.3749952667,0.02940984786
3956,19.780000,-0.3779624477,0.02596325055,2.920627594e-06,-1.668930054e-06,-1.668930054e-06,1.394748688e-05,0,3.79501e-11,2.67357e-06,0.02893518563,-0.01678240299,-0.3800574549,0.0293937854
3957,19.785000,-0.3832493201,0.02623166703,2.920627594e-06,-1.668930054e-06,-1.668930054e-06,1.400709152e-05,0,3.81242e-11,2.67484e-06,0.02893518563,-0.01678240299,-0.3848304568,0.02957395986
3958,19.790000,-0.3877971917,0.02640838362,2.920627594e-06,-1.668930054e-06,-1.668930054e-06,1.406669617e-05,0,3.82983e-11,2.6761e-06,0.02893518563,-0.01678240299,-0.3893119634,0.02985423364
3959,19.795000,-0.392384816,0.02654261142,2.920627594e-06,-1.668930054e-06,-1.668930054e-06,1.412630081e-05,0,3.84723e-11,2.67735e-06,0.02893518563,-0.01678240299,-0.3935003498,0.02992730473
3960,19.800000,-0.3954666443,0.02638871409,2.920627594e-06,-1.668930054e-06,-1.668930054e-06,1.418590546e-05,0,3.86464e-11,2.67858e-06,0.02893518563,-0.01678240299,-0.3973946799,0.0294851047
3961,19.805000,-0.399159994,0.02651295718,2.920627594e-06,-1.668930054e-06,-1.668930054e-06,1.42455101e-05,0,3.88205e-11,2.6798e-06,0.02893518563,-0.01678240299,-0.4009947097,0.02977047235
3962,19.810000,-0.4026596472,0.02660772298,2.920627594e-06,-1.668930054e-06,-1.668930054e-06,1.430511475e-05,0,3.89946e-11,2.68101e-06,0.02893518563,-0.01678240299,-0.4043008877,0.02999770226
3963,19.815000,-0.4051824696,0.02647557948,2.920627594e-06,-1.668930054e-06,-1.668930054e-06,1.436471939e-05,0,3.91687e-11,2.68221e-06,0.02893518563,-0.01678240299,-0.4073143548,0.02990926332
3964,19.820000,-0.407707911,0.02643912937,2.920627594e-06,-1.668930054e-06,-1.668930054e-06,1.442432404e-05,0,3.93428e-11,2.6834e-06,0.02893518563,-0.01678240299,-0.4100369409,0.03003688032
3965,19.825000,-0.4096755907,0.02628474869,2.920627594e-06,-1.668930054e-06,-1.668930054e-06,1.448392868e-05,0,3.95168e-11,2.68457e-06,0.02893518563,-0.01678240299,-0.4124711608,0.02996206782
3966,19.830000,-0.4116521738,0.02630534209,2.920627594e-06,-1.668930054e-06,-1.668930054e-06,1.454353333e-05,0,3.96909e-11,2.68573e-06,0.02893518563,-0.01678240299,-0.4146202076,0.02998651306
3967,19.835000,-0.4136786535,0.02630256582,2.920627594e-06,-1.668930054e-06,-1.668930054e-06,1.460313797e-05,0,3.9865e-11,2.68689e-06,0.02893518563,-0.01678240299,-0.4164879442,0.02981983885
3968,19.840000,-0.415347863,0.02640582342,2.920627594e-06,-1.668930054e-06,-1.668930054e-06,1.466274261e-05,0,4.00391e-11,2.68803e-06,0.02893518563,-0.01678240299,-0.4180788935,0.02987967128
3969,19.845000,-0.4163864255,0.02646625414,2.920627594e-06,-1.668930054e-06,-1.668930054e-06,1.472234726e-05,0,4.02132e-11,2.68916e-06,0.02893518563,-0.01678240299,-0.4193982262,0.02997584927
3970,19.850000,-0.4172952771,0.02647025045,2.920627594e-06,-1.668930054e-06,-1.668930054e-06,1.47819519e-05,0,4.03872e-11,2.69028e-06,0.02893518563,-0.01678240299,-0.4204517472,0.03017840332
3971,19.855000,-0.4180395491,0.02649596985,2.920627594e-06,-1.668930054e-06,-1.668930054e-06,1.484155655e-05,0,4.05613e-11,2.69139e-06,0.02893518563,-0.01678240299,-0.4212458805,0.03042987778
3972,19.860000,-0.4186428115,0.02642208245,2.920627594e-06,-1.668930054e-06,-1.668930054e-06,1.490116119e-05,0,4.07354e-11,2.69248e-06,0.02893518563,-0.01678240299,-0.4217876514,0.03019132248
3973,19.865000,-0.4189488888,0.02647110168,2.920627594e-06,-1.668930054e-06,-1.668930054e-06,1.496076584e-05,0,4.09095e-11,2.69357e-06,0.02893518563,-0.01678240299,-0.4220846684,0.03041473357
3974,19.870000,-0.4186756276,0.02637692913,2.920627594e-06,-1.668930054e-06,-1.668930054e-06,1.502037048e-05,0,4.10836e-11,2.69465e-06,0.02893518563,-0.01678240299,-0.4221451028,0.03072945265
3975,19.875000,-0.4186454266,0.02633190993,2.920627594e-06,-1.668930054e-06,-1.668930054e-06,1.507997513e-05,0,4.12577e-11,2.69572e-06,0.02893518563,-0.01678240299,-0.4219776666,0.03066616084
3976,19.880000,-0.418291416,0.0262266174,2.920627594e-06,-1.668930054e-06,-1.668930054e-06,1.513957977e-05,0,4.14317e-11,2.69678e-06,0.02893518563,-0.01678240299,-0.4215915893,0.0307518652
3977,19.885000,-0.4183306955,0.0265489677,2.920627594e-06,-1.668930054e-06,-1.668930054e-06,1.519918442e-05,0,4.16058e-11,2.69783e-06,0.02893518563,-0.01678240299,-0.4209965931,0.03062367871
3978,19.890000,-0.4179148525,0.02674716432,2.920627594e-06,-1.668930054e-06,-1.668930054e-06,1.525878906e-05,0,4.17799e-11,2.69886e-06,0.02893518563,-0.01678240299,-0.4202028673,0.03085562611
3979,19.895000,-0.4165393785,0.02667509206,2.920627594e-06,-1.668930054e-06,-1.668930054e-06,1.531839371e-05,0,4.1954e-11,2.69989e-06,0.02893518563,-0.01678240299,-0.4192210404,0.03116679099
3980,19.900000,-0.4152314588,0.02657018416,2.920627594e-06,-1.668930054e-06,-1.668930054e-06,1.537799835e-05,0,4.21281e-11,2.70091e-06,0.02893518563,-0.01678240299,-0.418062152,0.03110935416
3981,19.905000,-0.4141739234,0.02683600131,2.920627594e-06,-1.668930054e-06,-1.668930054e-06,1.5437603e-05,0,4.23022e-11,2.70192e-06,0.02893518563,-0.01678240299,-0.4167376229,0.03133247515
3982,19.910000,-0.4127715528,0.02701526787,2.920627594e-06,-1.668930054e-06,-1.668930054e-06,1.549720764e-05,0,4.24762e-11,2.70293e-06,0.02893518563,-0.01678240299,-0.4152592249,0.031695489
3983,19.915000,-0.4112571031,0.02710987255,2.920627594e-06,-1.668930054e-06,-1.668930054e-06,1.555681229e-05,0,4.26503e-11,2.70392e-06,0.02893518563,-0.01678240299,-0.4136390489,0.03184429596
3984,19.920000,-0.4096289054,0.02723196708,2.920627594e-06,-1.668930054e-06,-1.668930054e-06,1.561641693e-05,0,4.28244e-11,2.7049e-06,0.02893518563,-0.01678240299,-0.4118894725,0.03138461347
3985,19.925000,-0.408538565,0.02748501021,2.920627594e-06,-1.668930054e-06,-1.668930054e-06,1.567602158e-05,0,4.29985e-11,2.70588e-06,0.02893518563,-0.01678240299,-0.410023127,0.03127672338
3986,19.930000,-0.406794671,0.02761893813,2.920627594e-06,-1.668930054e-06,-1.668930054e-06,1.573562622e-05,0,4.31726e-11,2.70684e-06,0.02893518563,-0.01678240299,-0.4080528635,0.03138426103
3987,19.935000,-0.4043976739,0.02765787859,2.920627594e-06,-1.668930054e-06,-1.668930054e-06,1.579523087e-05,0,4.33467e-11,2.7078e-06,0.02893518563,-0.01678240299,-0.4059917186,0.03127721123
3988,19.940000,-0.4020541683,0.027687205,2.920627594e-06,-1.668930054e-06,-1.668930054e-06,1.585483551e-05,0,4.35207e-11,2.70875e-06,0.02893518563,-0.01678240299,-0.4038528793,0.03110370304
3989,19.945000,-0.3998190872,0.02768816147,2.920627594e-06,-1.668930054e-06,-1.668930054e-06,1.591444016e-05,0,4.36948e-11,2.70969e-06,0.02893518563,-0.01678240299,-0.4016496478,0.03119397422
3990,19.950000,-0.3971916251,0.02769053914,2.920627594e-06,-1.668930054e-06,-1.668930054e-06,1.59740448e-05,0,4.38689e-11,2.71063e-06,0.02893518563,-0.01678240299,-0.3993954062,0.03143267521
3991,19.955000,-0.3956100047,0.0278617749,2.920627594e-06,-1.668930054e-06,-1.668930054e-06,1.603364944e-05,0,4.4043e-11,2.71155e-06,0.02893518563,-0.01678240299,-0.3971035804,0.03178378733
3992,19.960000,-0.3933119066,0.02780352905,2.920627594e-06,-1.668930054e-06,-1.668930054e-06,1.609325409e-05,0,4.42171e-11,2.71247e-06,0.02893518563,-0.01678240299,-0.3947876046,0.03165801926
3993,19.965000,-0.3910411783,0.02773518022,2.920627594e-06,-1.668930054e-06,-1.668930054e-06,1.615285873e-05,0,4.43912e-11,2.71338e-06,0.02893518563,-0.01678240299,-0.3924608855,0.03178991725
3994,19.970000,-0.3890757076,0.02800309099,2.920627594e-06,-1.668930054e-06,-1.668930054e-06,1.621246338e-05,0,4.45652e-11,2.71428e-06,0.02893518563,-0.01678240299,-0.3901367663,0.03175684423
3995,19.975000,-0.3864701651,0.02791183069,2.920627594e-06,-1.668930054e-06,-1.668930054e-06,1.627206802e-05,0,4.47393e-11,2.71517e-06,0.02893518563,-0.01678240299,-0.3878284916,0.03169423611
3996,19.980000,-0.3847842701,0.02825140487,2.920627594e-06,-1.668930054e-06,-1.668930054e-06,1.633167267e-05,0,4.49134e-11,2.71606e-06,0.02893518563,-0.01678240299,-0.3855491723,0.03175729512
3997,19.985000,-0.3831077218,0.02845967095,2.920627594e-06,-1.668930054e-06,-1.668930054e-06,1.639127731e-05,0,4.50875e-11,2.71694e-06,0.02893518563,-0.01678240299,-0.3833117504,0.0319003223
3998,19.990000,-0.3807381988,0.02843078505,2.920627594e-06,-1.668930054e-06,-1.668930054e-06,1.645088196e-05,0,4.52616e-11,2.71781e-06,0.02893518563,-0.01678240299,-0.3811289655,0.03220404875
3999,19.995000,-0.3783593401,0.02827758528,2.920627594e-06,-1.668930054e-06,-1.668930054e-06,1.65104866e-05,0,4.54357e-11,2.71867e-06,0.02893518563,-0.01678240299,-0.3790133205,0.03217545244
