ch00,ch01,ch02,ch03,ch04,ch05,ch06,ch07,ch08,ch09,ch10,ch11,ch12,ch13,ch14,ch15,ch16,ch17,ch18,ch19,ch20,ch21,ch22,ch23
-0.583453,-9.22012,1.06983,0.581647,-0.481029,1.84753,1.44943,-1.38512,-3.35482,-1.37211,-2.81654,-1.36663,-2.27915,-2.62574,1.87474,2.1231,-0.277474,1.86847,3.0544,4.84148,1.28696,-1.07943,-7.34768,-0.406861
0.331875,-3.04693,0.616856,-2.13185,-1.79187,1.77677,1.03858,-1.04831,4.96344,-0.951491,0.883437,1.62315,-3.33984,-0.550303,-3.28193,-0.616756,-1.73061,0.69122,2.83538,-1.82838,0.0199726,-4.49759,-1.78917,0.953227
0.92904,-0.122587,0.700123,-0.453679,-0.381992,-0.891111,-0.36193,-0.166125,0.71034,-0.069584,1.02871,-0.146965,-0.926614,-0.0672402,-0.294487,-0.030464,-0.743226,-0.850724,0.480841,-0.578502,-0.0150896,-0.494584,-0.155706,-0.924491
-1.93152,0.500117,-1.42438,1.02858,1.25368,2.10381,0.516315,0.353026,-1.75735,0.305517,-2.04988,0.165658,1.92785,0.41584,1.32529,0.0844629,1.59247,2.17193,-1.13417,1.28095,-0.154898,1.4299,0.759945,1.32953
0.311112,2.56852,-0.246916,0.451011,0.226297,-1.50527,-0.658422,0.572247,-0.569119,0.46248,0.53587,-0.172492,0.968793,0.534828,-0.0909357,-0.366751,0.262293,-1.22122,-1.24077,-0.489172,-0.0438441,1.06249,1.59698,-0.155991
0.624804,0.0845052,0.351141,-1.08767,0.814677,1.76788,0.0166265,-0.18699,1.58722,0.0797917,0.975976,0.115939,-0.359675,0.20206,1.32032,0.633888,-0.87858,1.46066,0.950695,-1.04738,-1.025,-0.206288,1.17304,-1.54687
-0.326959,2.19793,-0.510439,1.55485,0.578277,-1.98034,-0.740499,0.769386,-3.14332,0.600168,-0.741986,-0.779823,2.06337,0.44882,0.95062,0.0222418,1.27652,-1.25085,-2.09305,1.2162,0.432922,2.51906,0.770402,0.237204
-0.440718,0.573136,-0.429912,-1.0792,0.911217,3.08592,0.488832,-0.113494,2.27913,0.19596,0.271301,0.830061,0.0896193,0.480773,0.756215,0.0751674,-0.27522,2.55148,0.764451,-1.47949,-1.19912,-0.579898,1.86251,-0.242301
-0.794476,-1.50908,-0.457398,-1.28684,-1.04971,2.13843,1.114,-0.625428,3.63318,-0.45229,-0.104595,1.56701,-1.62928,-0.0964735,-2.63895,-0.793547,-0.541678,1.29943,1.51831,-1.31098,-0.0489494,-3.13126,-0.679966,1.99386
-1.14997,1.71189,-0.949635,1.66176,0.775451,-1.01097,-0.157527,0.636629,-3.16411,0.410791,-1.52169,-0.481683,2.18488,0.360904,0.724685,-0.273408,1.59991,-0.449731,-2.09655,1.60752,0.569463,2.26638,0.618794,1.13458
-0.818205,-1.91732,-0.419681,-1.4121,0.441255,4.49381,1.25112,-0.491262,2.94482,-0.129274,-0.375597,1.22193,-0.838162,-0.0849808,0.182433,0.292509,-0.52128,3.51449,1.88609,-0.76035,-1.02615,-1.84423,0.184888,0.415148
0.496569,-9.45362,1.59472,-2.05615,0.720239,6.26527,1.8002,-1.79067,1.14579,-1.2051,-0.60689,-0.385676,-3.34329,-2.0716,4.02698,3.04619,-2.34646,5.40842,5.4251,1.89118,-1.04018,-2.41462,-4.82628,-3.08898
1.00917,-2.67555,0.932425,-1.28315,1.34365,3.17925,0.22741,-0.599826,0.872857,-0.0805678,0.817946,-0.423635,-0.904102,-0.336397,3.55878,1.91095,-1.41778,2.80866,2.27826,-0.0750328,-1.4267,-0.091951,-0.270113,-3.15287
-0.858215,0.45058,-0.657018,-0.0411244,-0.525736,0.270372,0.485254,-0.0777806,1.06895,-0.00603545,-0.458384,0.717502,-0.0615281,0.233242,-1.77113,-0.866227,0.467068,0.0231438,-0.216713,-0.485872,0.229149,-1.04405,0.12843,1.758
2.00097,-9.74799,2.69438,-3.45194,-1.92553,3.62998,1.5781,-2.37274,5.14221,-1.90234,1.33986,0.537742,-6.44687,-2.4566,-0.789392,1.70897,-3.99162,2.3657,6.76544,-0.355454,-0.316611,-6.05481,-6.11366,-2.17076
0.997151,-0.79467,0.831852,-0.626043,-0.711941,-0.689139,-0.124167,-0.304825,1.20337,-0.359395,1.04479,-0.0775313,-1.41642,-0.356906,-0.58628,0.056426,-1.05391,-0.749375,0.880122,-0.675825,0.113556,-1.01894,-0.73148,-0.837687
1.2675,-0.606636,0.947674,-0.392384,1.42594,1.00155,-0.549108,-0.060647,-0.848602,0.228855,0.874137,-1.005,0.176578,-0.045729,3.58758,1.49521,-0.88304,1.17587,0.775955,0.157646,-1.15088,1.29622,0.616943,-3.10333
0.50351,-4.35058,0.858908,-1.80695,-1.29309,1.90532,1.02586,-1.07596,3.37784,-0.947412,0.448489,0.871813,-3.2581,-1.10978,-1.61705,0.117749,-1.72175,1.17443,3.11012,-0.590843,0.0329748,-3.53898,-2.70204,0.0314419
1.31086,-4.80063,1.46003,-1.6225,-1.67307,0.70087,0.631363,-1.20698,2.86787,-1.02444,1.01018,0.359745,-3.68857,-1.39294,-1.5926,0.464409,-2.11963,0.0951799,3.28478,-0.248724,0.223669,-3.48252,-3.41911,-0.833759
-1.04213,-0.837267,-0.633959,-1.0934,-1.43862,1.26843,1.06637,-0.454029,3.75415,-0.570329,-0.244015,1.80888,-1.61372,-0.0772566,-3.76706,-1.46914,-0.214306,0.59725,1.13301,-1.41852,0.373727,-3.42479,-0.723732,2.81518
-0.482511,-2.43459,0.0141192,-0.393528,-1.52805,-0.0384265,0.696432,-0.559834,1.14372,-0.697531,-0.711716,0.656306,-1.62235,-0.805101,-2.55162,-0.530026,-0.220467,-0.384084,1.00676,0.432033,0.865095,-2.20131,-2.42144,1.76151
-0.406009,7.09185,-1.38483,-0.68648,0.878605,0.456422,-0.65039,0.990203,3.28757,1.12795,1.63603,1.4635,2.11642,2.349,-1.16444,-1.58273,0.488407,0.262588,-2.21328,-3.94219,-1.40526,0.587668,6.35833,0.856114
0.864826,1.48463,0.41632,-0.0234847,-0.725572,-2.36138,-0.702613,0.127044,0.480054,-0.00375329,1.13753,-0.0901822,-0.297735,0.229019,-1.11243,-0.526111,-0.322387,-2.10916,-0.518804,-0.961333,0.308032,-0.0641788,0.589307,-0.235191
-0.318927,-5.49455,0.411382,-1.40294,-0.941277,3.12257,1.51672,-1.18125,2.51891,-1.09709,-0.656113,0.820831,-2.88428,-1.24305,-0.952828,0.480646,-1.18575,2.18077,3.21528,0.393273,0.0937097,-3.27591,-3.48389,0.536195
0.67991,-5.171,1.18009,1.07192,1.0345,0.554561,-0.0242623,-0.584773,-4.8894,-0.338198,-1.29338,-2.3027,-0.206322,-1.69335,4.78621,2.6108,-0.215074,1.08251,1.24309,4.01003,0.240541,2.08672,-3.86091,-2.98014
1.67794,1.93565,1.02016,0.955078,1.24344,-2.62356,-1.6261,0.661869,-3.40666,0.599204,1.18478,-1.87544,1.36977,0.257908,3.39524,1.15129,-0.191421,-1.82296,-1.35821,0.718446,-0.40152,3.4375,1.28606,-3.39142
-0.719939,6.58874,-1.51085,1.69314,1.25811,-2.28866,-1.23234,1.46758,-2.18675,1.2379,0.0127192,-0.175673,3.77543,1.64155,0.483548,-1.06985,1.88407,-1.45791,-3.96362,-0.648805,-0.185007,3.52225,4.46105,0.795804
1.5395,0.60961,1.05932,0.581032,-0.672625,-3.82572,-1.20548,0.140336,-1.76015,0.00545293,1.18603,-1.20719,-0.295217,-0.306468,0.0768114,0.1789,-0.338343,-3.22789,-0.630264,0.440834,0.561072,1.02279,-0.687717,-1.45534
1.74659,0.895261,1.04891,0.0240934,-1.68355,-4.19916,-1.02264,-0.0515566,0.327118,-0.286981,1.67641,-0.391801,-1.23345,-0.217915,-2.17912,-0.664743,-0.895522,-3.92531,-0.325623,-0.804031,0.96211,-0.646662,-0.63224,-0.496178
-1.61577,7.11894,-2.09477,1.12241,0.542069,-1.29557,-0.633933,1.2794,0.0903039,1.21447,-0.245257,1.05781,3.36015,2.02814,-1.77321,-2.02061,1.95616,-1.05231,-3.70955,-1.8193,-0.177485,1.79428,5.00379,2.76881
-0.916341,3.447,-1.36022,-2.01722,1.74502,5.45009,0.739069,0.143999,5.10336,0.722091,0.992355,2.13664,0.969862,1.93703,0.575722,-0.508347,-0.26865,4.26364,0.371247,-3.75873,-2.47416,-0.910416,5.32241,0.065618
-0.0555175,-2.99327,0.460516,1.00482,-0.413636,-1.00958,0.138093,-0.26167,-2.68507,-0.408159,-1.26407,-1.08764,-0.372368,-1.05483,0.598218,0.645593,0.359045,-0.650555,0.272421,2.49372,0.994311,0.364668,-3.11528,0.0357321
0.911181,-5.17916,1.29164,-1.14218,-0.517344,1.57821,0.71279,-1.00713,0.689947,-0.798622,0.123673,-0.290606,-2.67917,-1.38422,0.890644,1.35905,-1.54075,1.26072,2.8029,0.875748,0.0388878,-1.76967,-3.29231,-1.50697
0.401063,-0.0188027,0.466437,-2.21649,-3.58786,-1.33392,0.647773,-0.697812,6.79404,-0.909803,1.79489,2.37606,-3.79608,-0.105283,-7.30694,-2.55411,-1.65249,-2.41623,1.60525,-3.50247,0.809793,-5.66714,-0.871107,3.0811
0.358935,7.63938,-0.842962,2.0283,2.25552,-3.19282,-2.11266,1.77492,-4.10108,1.71579,0.763749,-1.3796,4.62006,1.88067,2.99318,-0.0999088,1.76416,-2.04893,-4.36871,-0.257877,-0.612193,5.4417,5.28302,-1.47124
1.28352,-5.65258,1.54022,-0.644685,-0.28673,0.81867,0.449542,-1.0801,-0.50659,-0.828954,0.120687,-0.95068,-2.52843,-1.71357,1.65345,1.70782,-1.67352,0.851999,2.90391,1.72543,0.129176,-1.20231,-4.03979,-2.14836
0.42023,0.463076,0.196755,-0.66198,-1.8144,-1.78928,-0.12583,-0.212154,2.39243,-0.387863,1.0225,0.896518,-1.59983,0.0510698,-3.62673,-1.3132,-0.604752,-2.05093,0.326882,-1.45663,0.704603,-2.18693,-0.495483,1.43554
0.390417,-5.91362,1.13942,-0.4558,-0.266011,1.7149,0.806579,-1.03117,-0.649745,-0.896076,-0.787005,-0.712238,-2.09577,-1.61949,1.50458,1.51573,-1.02917,1.43834,2.65094,2.06244,0.233804,-1.32348,-4.17068,-1.24812
-0.189855,2.43078,-0.595059,-1.40034,-0.648168,0.860202,0.191405,0.0874292,4.38508,0.0782863,1.24925,1.75378,-0.562272,1.04758,-2.80923,-1.43735,-0.52117,0.189989,0.177403,-3.16334,-0.557505,-1.99513,2.45378,1.37676
-1.628,2.54175,-1.56524,1.22391,0.756673,0.144952,0.102276,0.710117,-1.51759,0.533805,-1.5791,0.106759,2.4328,0.756877,-0.0392146,-0.751187,1.80381,0.391369,-2.12808,0.499403,0.143025,1.67938,1.65504,1.98516
-0.609867,-0.412543,-0.502776,-0.0437734,2.15491,3.56064,0.281322,0.111833,-0.96169,0.460232,-0.708661,-0.409981,1.42189,0.219151,3.91527,1.32675,0.31005,3.3417,0.271948,0.609273,-1.3241,1.67971,1.2801,-1.4928
0.163088,1.13849,0.0239907,1.35624,-0.700795,-3.54701,-0.76008,0.461877,-2.3572,0.0888207,-0.157804,-0.77038,0.640885,-0.0993455,-0.955111,-0.440486,0.681277,-2.87103,-1.60137,1.00947,1.08549,1.15597,-0.648362,0.55642
-0.918105,1.48368,-0.812853,1.39103,0.211921,-1.13912,-0.271699,0.519453,-2.35342,0.294401,-1.08939,-0.376444,1.64188,0.13555,0.134652,-0.428409,1.36712,-0.766301,-1.78505,1.16397,0.544498,1.50281,0.354643,1.07653
-0.493035,0.80841,-0.35875,0.805909,-0.413304,-1.48408,-0.253231,0.208634,-1.24585,-0.000960358,-0.562122,-0.132162,0.659032,-0.0161879,-0.742722,-0.493299,0.734274,-1.14339,-1.02925,0.621821,0.65643,0.450358,-0.355199,1.15921
-0.580188,4.54416,-0.85847,2.24354,-0.472973,-4.71835,-1.20155,1.18173,-3.18438,0.59012,-0.452314,-0.435015,2.46312,0.700127,-1.57976,-1.40635,1.91762,-3.71064,-3.70501,0.520604,1.27837,2.4176,1.46062,1.82149
-0.000742082,3.81585,-0.465243,-0.0389578,0.584191,-0.400528,-0.506043,0.622893,0.777248,0.658451,0.795659,0.46703,1.37648,1.24342,-0.0939705,-0.588519,0.353294,-0.265916,-1.44778,-1.73144,-0.677157,0.863,3.21599,-0.0434269
1.2873,-1.88274,1.11662,0.487303,1.65822,0.33218,-0.600158,0.00375578,-3.34602,0.122647,0.155691,-1.94941,0.466045,-0.600603,4.878,2.32137,-0.466899,0.828085,0.468613,2.02864,-0.479623,2.63643,-0.777936,-3.69214
0.252714,-1.55745,0.35315,-1.05824,0.329275,2.12841,0.337007,-0.482361,1.55073,-0.173882,0.378642,0.293302,-0.922434,-0.150651,0.838926,0.694911,-0.934895,1.77707,1.42832,-0.44738,-0.702842,-0.93325,-0.257872,-1.11488
1.26615,-3.51216,1.47036,-0.421511,-0.508522,-0.390549,0.0336959,-0.628527,-0.542224,-0.539773,0.40642,-0.829579,-1.75319,-1.08064,0.875083,1.13633,-1.18664,-0.344783,1.73337,1.02536,0.183212,-0.708924,-2.74614,-1.74046
0.0400097,1.85653,-0.18262,0.258221,0.606955,-0.354031,-0.423986,0.362195,-0.717811,0.419795,0.34857,-0.200253,1.06688,0.583027,0.724944,0.0465754,0.359646,-0.181807,-1.04098,-0.280845,-0.289516,1.25464,1.51084,-0.476347
-0.881718,-1.2864,-0.328545,-0.0761806,0.15158,1.74484,0.615245,-0.263969,0.283905,-0.217585,-0.912386,0.32709,-0.134695,-0.190741,0.0560231,0.215146,0.229065,1.44752,0.539227,0.369491,0.0195963,-0.566911,-0.590713,0.861105
-1.21955,8.19872,-1.94238,3.21322,1.26827,-4.52521,-1.85212,2.08258,-5.06427,1.64021,-0.859278,-0.879634,5.47816,1.9237,0.544248,-1.36218,3.24426,-3.18787,-5.96668,0.527461,0.619081,5.26494,4.6084,1.61259
-0.548351,5.11867,-1.00003,2.12731,-0.14429,-4.72716,-1.30421,1.31852,-3.11172,0.769249,-0.423029,-0.443936,2.67024,1.01544,-1.5803,-1.51329,2.00015,-3.75978,-3.95241,0.301687,1.13681,2.57352,1.95851,1.90451
1.51228,-1.71351,1.38164,0.439742,0.187993,-1.69919,-0.840457,-0.134823,-2.45122,-0.163679,0.566128,-1.62847,-0.362118,-0.783447,2.21334,1.27217,-0.825843,-1.18173,0.404028,1.46855,0.200333,1.24286,-1.66568,-2.63217
0.695619,-1.69046,0.661625,0.286644,1.6488,1.16744,-0.261125,0.0419985,-2.69297,0.105869,-0.24615,-1.52079,0.758612,-0.401384,4.51914,2.03854,-0.338851,1.54316,0.55723,1.58147,-0.68965,2.31472,-0.382631,-3.01891
-0.560776,6.36172,-1.35217,1.0298,0.232957,-2.51499,-1.11715,1.29731,-0.445179,1.00226,0.443283,0.427472,2.63634,1.64665,-1.44469,-1.71101,1.49188,-2.06888,-3.37819,-1.47801,0.0354656,1.88566,4.06322,1.45951
-0.209637,-6.9469,0.85259,-0.996546,0.626958,4.7412,1.47583,-1.29598,-0.0524571,-0.857654,-1.23694,-0.479673,-2.01446,-1.65338,3.06556,2.35889,-1.1973,4.03338,3.59645,2.09319,-0.518476,-1.35797,-3.86702,-1.71651
1.61937,-0.774326,1.24875,-0.951469,-0.130282,-0.179217,-0.477992,-0.273593,1.07982,-0.174995,1.59784,-0.308064,-1.22021,-0.199257,0.943825,0.84125,-1.42656,-0.372446,1.27556,-0.765326,-0.541483,-0.368893,-0.112617,-2.39616
-1.36866,3.58144,-1.54559,0.493347,0.129679,-0.2362,0.0748848,0.661241,0.311124,0.672383,-0.710565,0.851507,1.88173,1.0897,-1.44761,-1.37561,1.38936,-0.190707,-1.962,-0.904823,0.129578,0.517791,2.4203,2.4363
-0.965011,-2.52947,-0.346013,-1.21946,-1.03979,2.58258,1.37497,-0.67969,3.34233,-0.619154,-0.53583,1.57712,-1.81295,-0.443716,-2.27913,-0.574915,-0.544022,1.80062,1.81339,-0.637587,0.0927906,-3.13564,-1.35292,1.94993
-0.14797,-0.952294,-0.0586286,-0.238003,2.9009,4.55547,0.343222,0.0135603,-1.34034,0.465131,-0.439975,-0.704784,1.45094,0.14338,5.6027,2.10616,-0.117607,4.29065,0.806135,0.895144,-1.81912,2.22965,1.47715,-2.87274
-0.212107,-0.10316,-0.0287301,-0.799193,1.2494,3.03061,0.345921,-0.107109,1.22399,0.192349,0.189072,0.407967,0.240891,0.402594,1.79093,0.66043,-0.273259,2.53693,0.852789,-0.663288,-1.211,0.0782596,1.34864,-0.921938
-1.52406,3.82802,-1.61739,-0.178354,1.34869,2.54059,0.331219,0.61497,1.64425,0.822654,-0.214292,1.26696,2.14036,1.47672,0.00190937,-0.848605,1.05378,2.13912,-1.39128,-1.73595,-1.09003,0.626806,3.97569,1.29748
0.948018,1.62235,0.338373,-0.508476,1.35007,0.776379,-0.500239,0.246104,0.184594,0.544152,1.18691,-0.291346,0.664171,0.607962,2.30916,0.803424,-0.479544,0.774461,-0.0426459,-0.991997,-1.16096,1.24508,2.31266,-2.26721
-0.32803,0.516204,-0.125916,0.772842,-1.03995,-2.29964,-0.219533,0.199978,-0.934144,-0.120971,-0.468295,0.0215806,-0.0125087,-0.209412,-1.93517,-0.789045,0.659804,-1.84057,-0.861074,0.48761,1.05069,-0.146468,-0.823261,1.50591
-0.476451,1.27806,-0.4219,0.840369,-0.778209,-2.13006,-0.29304,0.266988,-0.926846,0.0211996,-0.391838,0.0332242,0.554964,0.147038,-1.721,-0.869715,0.838864,-1.73799,-1.34959,0.316248,0.905472,0.272931,-0.137559,1.51609
-1.88613,0.662578,-1.43584,-0.341705,-0.360954,2.00079,0.960488,-0.0971134,2.08748,-0.10799,-1.10802,1.56716,0.17587,0.446535,-2.28303,-1.24613,0.848293,1.54417,-0.17473,-0.714462,-0.0897952,-1.50984,0.610047,2.92443
0.637011,4.36124,-0.100605,0.117115,-1.50747,-4.2244,-1.0477,0.616713,1.38756,0.273783,1.51798,0.686734,0.141044,0.942209,-3.83922,-1.92065,0.147873,-4.02831,-1.86871,-2.11186,0.772695,-0.463105,1.93301,1.41722
0.936753,-4.23692,1.45937,0.481323,-1.12454,-1.78772,-0.00565214,-0.623763,-2.17583,-0.788258,-0.240171,-1.26221,-1.79028,-1.57465,0.377738,0.9571,-0.777589,-1.36266,1.26214,2.24252,1.04804,-0.385863,-4.20712,-1.08689
-0.394778,-3.77134,0.200905,-1.77348,0.540698,5.12542,1.42631,-0.944633,2.74418,-0.434188,-0.206734,0.827649,-1.63359,-0.472783,1.31358,1.00743,-1.17146,4.08925,2.88808,-0.380526,-1.2178,-2.16786,-1.07392,-0.706363
-0.677124,-6.93358,0.611355,-1.20067,-2.59065,1.54135,1.80837,-1.56989,2.65009,-1.59987,-1.13673,0.991396,-4.08434,-2.03897,-3.71057,-0.288704,-1.1063,0.696769,3.53891,1.02396,1.28595,-4.87353,-5.71114,2.25661
1.46914,-8.41706,2.25326,0.359476,-1.21431,-1.21532,0.408011,-1.33287,-3.56104,-1.36619,-0.775397,-2.08414,-3.13344,-2.93683,1.84828,2.26771,-1.3312,-0.758626,2.93574,4.25747,1.37017,-0.667294,-7.26462,-2.24989
-0.0368599,-2.44957,0.417543,-0.0266073,-0.252757,0.598859,0.414907,-0.533809,-0.44161,-0.436138,-0.550615,-0.169321,-0.866664,-0.717601,0.324257,0.55282,-0.214473,0.48286,0.96508,1.00781,0.284646,-0.514067,-1.86873,-0.147319
-0.394689,3.977,-0.901689,0.536645,0.0969195,-1.49388,-0.595986,0.692558,0.147191,0.612213,0.276192,0.446973,1.4931,1.00717,-1.31036,-1.10017,0.834661,-1.304,-1.92475,-1.13693,0.0847398,0.848198,2.52018,1.20512
-0.423892,3.01188,-0.933314,-1.5419,-0.138386,1.98829,0.430922,0.140077,4.66942,0.260254,1.0991,1.82855,-0.145079,1.18117,-2.16322,-1.15802,-0.334141,1.12785,0.139247,-3.36766,-0.986053,-1.77128,3.40663,1.26744
1.58656,-1.98824,1.45035,-0.775607,-0.858003,-0.979565,-0.296774,-0.432983,0.902127,-0.408589,1.26778,-0.328275,-1.95944,-0.689548,-0.260399,0.403009,-1.47194,-0.970087,1.45259,-0.297568,0.173512,-1.04,-1.62189,-1.51814
-1.24786,-2.16665,-0.714512,-1.78663,0.753981,5.54175,1.52089,-0.678511,3.59736,-0.176682,-0.560623,1.55296,-0.908121,0.0513814,0.351013,0.271492,-0.445664,4.46414,2.21966,-1.07764,-1.26635,-2.1673,0.407086,0.659885
0.850406,-2.245,0.973095,-0.512099,-2.56429,-2.37036,0.222712,-0.682437,1.73767,-0.926429,0.754615,0.387116,-2.85198,-0.890228,-3.79469,-0.785589,-1.09883,-2.61486,1.32799,-0.363561,1.35716,-2.96248,-2.90087,1.11
0.94245,0.435941,0.464512,-1.52986,0.345932,1.69687,-0.0099551,-0.194254,3.07413,0.123623,1.52056,0.635151,-0.82121,0.517117,0.466911,0.199237,-1.25272,1.20858,1.22559,-2.12988,-1.26844,-1.05655,1.64732,-1.48497
-0.017565,-0.111318,0.0915982,-1.9899,-1.81161,0.974342,0.642258,-0.544958,5.39497,-0.544759,1.24493,1.92433,-2.39588,0.124465,-4.09855,-1.43033,-1.19276,-0.0614693,1.55874,-2.79747,-0.040106,-3.87302,0.209592,1.62907
2.44801,-6.32017,2.54625,-0.545204,-0.834668,-1.27395,-0.228211,-1.07135,-1.37563,-1.01835,0.809348,-1.78582,-3.20427,-2.05447,1.87449,1.9613,-2.17942,-0.970598,2.92593,2.01591,0.595433,-0.938537,-4.94325,-3.51655
1.32508,-0.836275,0.964644,-0.970898,-0.12914,0.261805,-0.175054,-0.356636,1.52677,-0.239213,1.32425,-0.0967133,-1.29871,-0.169352,0.410493,0.537035,-1.30812,-0.0206874,1.29909,-0.935876,-0.554059,-0.867127,-0.120045,-1.77007
0.272327,3.00615,-0.243252,1.37804,1.83423,-1.15379,-1.13056,0.92051,-3.6494,0.933771,0.0281177,-1.33984,2.81341,0.774853,3.52594,0.799184,0.965218,-0.460611,-2.23504,0.845182,-0.583737,3.95022,2.33129,-1.85494
1.65531,-8.0075,2.2055,-1.58837,-1.35838,1.57577,0.828963,-1.61085,1.17154,-1.3727,0.35149,-0.594993,-4.35873,-2.31559,0.546911,1.75846,-2.5681,1.04694,4.59435,1.46651,0.224733,-3.12319,-5.63606,-2.35008
2.21825,1.01549,1.44136,-1.75432,-1.5234,-1.8481,-0.604719,-0.295113,3.86956,-0.365842,2.93596,0.575814,-2.41046,0.119814,-2.30272,-0.595675,-2.11871,-2.262,1.22481,-2.85264,-0.246686,-2.25756,0.561208,-1.20913
-0.562176,-7.42211,0.614142,-1.38312,0.555646,5.77124,1.92143,-1.46158,1.14451,-1.00405,-1.35015,0.0910632,-2.33681,-1.56754,2.61851,2.14863,-1.24604,4.86829,4.08952,1.63456,-0.685104,-2.08119,-3.77829,-1.17761
0.0334093,1.14626,-0.196239,-0.0649381,-0.105225,-0.178973,-0.0685558,0.07269,0.842399,0.114454,0.29757,0.30679,0.16455,0.449546,-0.666734,-0.369916,0.0958665,-0.231777,-0.181168,-0.722548,-0.0436073,-0.148255,0.845221,0.308942
1.44409,-3.046,1.50337,-0.322084,-0.045831,-0.288343,-0.144931,-0.41909,-0.972024,-0.357283,0.646738,-1.13895,-1.41888,-0.994485,1.8771,1.34695,-1.22074,-0.219504,1.5422,0.996236,-0.0647376,0.0380671,-2.24233,-2.46592
1.22422,-7.02332,1.64856,-1.72143,0.248753,3.96157,1.01748,-1.46482,1.27452,-0.995977,0.224219,-0.595877,-3.00906,-1.76171,2.67511,2.30294,-2.28964,3.18017,4.31984,1.0294,-0.789761,-1.96185,-3.63773,-2.97357
-0.410226,1.03653,-0.478887,-0.10707,1.02272,1.66433,0.136673,0.19299,0.24405,0.411688,-0.03391,0.249084,0.918931,0.61764,1.35684,0.265858,0.309388,1.54824,-0.217278,-0.449623,-0.822019,0.68144,1.64169,-0.399917
-0.0349059,4.01955,-0.484706,3.09844,0.531437,-5.30496,-1.67897,1.32353,-6.09708,0.859157,-0.765165,-1.87268,3.24751,0.400864,1.11063,-0.365342,2.15634,-3.84913,-4.05225,2.22865,1.23302,4.41696,0.951218,0.196213
1.55258,-0.283857,1.35742,-0.0563672,-2.18087,-4.51352,-0.910205,-0.220343,0.191688,-0.420782,1.42991,-0.452592,-1.79042,-0.562293,-2.73752,-0.612652,-1.02744,-4.12729,0.171902,-0.320286,1.30485,-1.09718,-1.78183,-0.106438
-1.49573,2.28395,-1.31815,2.15237,-0.0236986,-2.18742,-0.228914,0.70135,-3.20844,0.454578,-1.83774,-0.231502,2.33611,0.371964,-1.01157,-1.10367,2.27115,-1.54481,-2.81383,1.48298,1.20699,1.86173,0.296207,2.60126
-1.40106,0.14051,-1.05298,-0.211302,-0.0772378,1.88017,0.753625,-0.0789951,1.20533,0.062446,-0.912378,0.983623,0.283247,0.230961,-1.0768,-0.633957,0.592419,1.37969,0.0631118,-0.386323,0.0269121,-1.00329,0.238343,1.97028
0.209945,-8.32663,1.34235,-1.28839,-1.64924,2.37803,1.60763,-1.71918,1.32444,-1.68105,-0.977255,0.00690686,-4.14828,-2.29376,-0.837891,1.20553,-1.82227,1.65475,4.24157,1.90595,0.804887,-3.85705,-6.20025,-0.0139906
-1.46983,2.5366,-1.3592,-0.398323,-1.07259,0.0181427,0.544473,0.290341,2.83935,0.108717,-0.281682,1.81904,0.126202,0.833342,-4.00154,-2.04867,0.856784,-0.388548,-0.833378,-1.84317,0.307863,-1.92021,1.42317,3.49799
-0.0912188,-1.91941,0.206139,0.184986,0.68958,1.19803,0.362921,-0.273992,-1.10058,-0.0780307,-0.635033,-0.489038,0.0449826,-0.44629,1.73067,0.872823,0.0517017,1.25658,0.673536,1.24106,-0.179433,0.458771,-1.07533,-0.71425
0.265814,-3.49421,0.613081,-2.21874,-0.0839652,4.14763,1.01925,-1.03355,3.88767,-0.50547,0.738902,0.943459,-2.49632,-0.516636,0.317169,0.784546,-1.79507,3.00302,3.25061,-1.22485,-1.15301,-2.82798,-0.882246,-1.00792
0.760724,2.65251,0.275054,0.448768,-0.733386,-3.559,-0.955345,0.456792,-0.36441,0.231633,1.06386,-0.291856,0.324977,0.324489,-1.37998,-0.794947,0.0824162,-3.06534,-1.43513,-0.687583,0.556252,0.589785,0.908184,-0.00102471
-1.09125,1.01151,-0.926523,0.336849,0.573778,1.04989,0.340386,0.24835,-0.3061,0.322066,-0.82855,0.267686,1.09128,0.33517,0.195128,-0.335519,0.841933,1.0447,-0.75996,0.262629,-0.0581463,0.591601,0.939578,1.03116
0.400345,-1.87696,0.552913,-0.364535,0.155116,0.814722,0.229614,-0.309969,0.117459,-0.251508,0.168705,-0.269841,-0.890476,-0.492782,0.799147,0.712437,-0.684062,0.723649,1.07245,0.413127,-0.168643,-0.334017,-1.07724,-1.03233
2.02725,3.10314,0.905179,0.278624,-1.10656,-4.97225,-1.57787,0.513552,-0.175411,0.214889,2.12204,-0.530247,-0.175324,0.433832,-1.64135,-0.74072,-0.538163,-4.4506,-1.30757,-1.27162,0.594263,0.514816,1.02589,-0.945267
1.15184,-2.46238,1.10483,-1.23858,-0.458496,0.835968,0.21115,-0.688178,1.68392,-0.382571,0.989755,-0.0495338,-1.94587,-0.539884,0.223453,0.626528,-1.47341,0.516598,2.06678,-0.487323,-0.249365,-1.51102,-1.28603,-1.48378
-1.29923,0.947432,-1.031,1.10427,-1.34669,-2.19819,0.0897499,0.302646,-0.879936,-0.0674933,-1.35994,0.489542,0.578417,-0.0139143,-3.27973,-1.56046,1.31085,-2.05156,-1.4943,0.666005,1.53147,-0.450097,-0.902516,3.34373
0.28184,-1.34231,0.374144,-2.21489,-1.11115,2.25581,0.940942,-0.795218,5.26094,-0.425361,1.21716,1.68797,-2.60657,-0.00421846,-2.45161,-0.6345,-1.562,1.11854,2.47232,-2.54882,-0.696395,-3.65163,-0.11587,0.452349
-1.28909,3.88081,-1.53803,-0.931261,0.308954,2.07394,0.409105,0.415629,3.65135,0.541331,0.331709,1.93925,1.02881,1.56801,-1.88802,-1.50909,0.53226,1.38152,-0.864922,-2.84719,-0.849283,-0.944304,3.95687,2.12056
1.39207,-5.24309,1.9282,-0.0792478,-1.45222,-1.59078,0.0161596,-1.00521,-1.0559,-0.980311,0.159554,-1.12742,-2.79753,-1.76697,0.00048812,1.18079,-1.51267,-1.40103,2.22819,1.74959,1.0228,-1.42697,-4.75682,-1.52585
0.382317,4.10682,-0.328461,1.73718,-0.970933,-5.58048,-1.36352,0.919849,-2.29114,0.424158,0.340211,-0.506754,1.36817,0.545514,-2.15522,-1.42159,1.13874,-4.67759,-3.07269,0.0781557,1.36602,1.61027,0.893579,1.21863
-0.228948,2.96995,-0.715848,-1.22895,0.40704,1.65337,0.12868,0.231461,3.38061,0.512508,1.06265,1.44825,0.421642,1.17735,-0.879657,-0.903553,-0.1969,1.21045,-0.172051,-2.63351,-1.11326,-0.808653,3.30281,0.585635
0.986309,2.40551,0.561302,2.61061,-0.726652,-6.82145,-1.9633,0.8824,-5.3565,0.267004,-0.00540776,-1.95233,1.52597,-0.121536,-0.227328,-0.269874,1.09842,-5.4844,-3.10153,1.95818,1.82251,3.15152,-0.69005,-0.315328
0.907237,-1.49405,0.74589,-1.73108,-0.434996,1.52958,0.275824,-0.612922,3.22637,-0.460116,1.32799,0.684472,-1.90911,-0.148608,-0.46361,0.205948,-1.5196,0.879289,2.0575,-1.58106,-0.707184,-2.17904,-0.183143,-0.980924
0.972338,-1.96429,0.887405,-0.250212,-0.371126,-0.38936,-0.0508798,-0.367896,-0.289294,-0.305087,0.443535,-0.503026,-1.16942,-0.78049,0.587661,0.727492,-0.831207,-0.345806,1.13772,0.462999,0.153002,-0.356047,-1.55957,-1.32166
0.798754,2.71428,0.254701,0.780176,0.000207515,-2.7516,-1.03237,0.542917,-1.43697,0.486004,0.869658,-0.64531,0.950779,0.566007,0.0319457,-0.310054,0.329634,-2.2997,-1.51085,-0.261536,0.197817,1.54314,1.32027,-0.650083
1.65883,-8.60217,2.26444,-2.74122,-0.0456591,5.05769,1.4114,-1.85641,3.08294,-1.3224,0.890585,-0.167907,-4.48875,-1.95782,2.56356,2.61418,-3.36387,4.04592,5.738,0.358153,-1.18173,-3.40976,-4.24227,-3.5233
0.238103,-4.5468,0.685308,-0.151298,-0.674219,0.866349,0.712714,-0.830093,-0.297828,-0.776131,-0.61814,-0.399081,-1.7355,-1.3115,0.416992,0.903954,-0.646342,0.720374,2.0393,1.60454,0.503413,-1.42104,-3.5112,-0.429539
-2.39081,3.84744,-2.11896,0.539459,-0.769878,-0.376543,0.470463,0.647205,1.58984,0.343453,-1.22021,1.80784,1.52043,1.11394,-4.12465,-2.43603,1.8753,-0.549959,-2.23172,-1.34301,0.669566,-0.772442,2.16286,4.66111
1.54252,2.39318,0.775263,-0.407334,-0.311174,-2.42565,-1.12425,0.333501,0.801977,0.251172,1.84584,-0.27197,-0.149565,0.488259,-0.529191,-0.326982,-0.786107,-2.24199,-0.459984,-1.62474,-0.146232,0.197621,1.47463,-1.44277
-1.40026,3.3374,-1.58442,1.02655,1.33856,0.672784,-0.12893,0.846125,-1.43314,0.835372,-1.07048,0.158767,2.75791,1.11627,0.955426,-0.527912,1.7606,0.885006,-2.33062,0.113313,-0.278897,2.16163,2.6749,1.14335
-0.936299,-1.33285,-0.469033,0.091364,0.81695,2.21639,0.649415,-0.175396,-0.790589,0.175001,-1.23124,-0.161976,0.574792,-0.101142,1.5441,0.517773,0.463042,2.10345,0.303125,1.0065,-0.367258,0.381873,-0.373413,0.144925
0.500436,2.72353,0.00439455,-0.0228951,0.111369,-1.24271,-0.593161,0.525591,0.595742,0.37249,1.09198,0.180453,0.590806,0.682405,-0.409276,-0.546719,-0.0394103,-1.19757,-0.845182,-1.28591,-0.212273,0.491475,1.98208,-0.321616
0.784152,-0.719404,0.474378,-1.70781,1.2042,3.44008,0.263429,-0.331295,2.4096,0.0422022,1.14067,0.283144,-0.713608,0.177389,2.19506,0.954074,-1.36534,2.75353,1.7218,-1.36508,-1.69219,-0.535432,1.33275,-2.23942
-0.125702,-3.52282,0.319439,-1.73631,0.482498,4.59605,1.23753,-0.845728,2.94393,-0.594217,0.0646906,0.750002,-1.80907,-0.581841,1.0448,1.01229,-1.30658,3.62784,2.81824,-0.538257,-1.00166,-2.20284,-0.89544,-0.853891
2.60159,-6.1149,2.66534,-1.6032,-1.34717,-0.387833,0.091257,-1.25511,1.05732,-1.14371,1.56793,-0.897417,-4.04648,-1.86088,0.59357,1.68191,-2.80305,-0.713755,3.68228,0.499228,0.216529,-2.38552,-4.39294,-3.17314
-0.985594,-0.670704,-0.657041,-0.992685,1.40189,4.62109,0.956574,-0.181128,1.7979,0.188771,-0.549625,0.798275,0.428774,0.445131,1.73596,0.569708,-0.0491927,3.91671,0.993022,-0.66389,-1.37906,-0.350238,1.22542,-0.179655
-0.399389,-1.51675,-0.0747473,-0.11722,2.76158,4.54172,0.500394,-0.0540666,-1.64242,0.438957,-0.798171,-0.697207,1.41979,0.0312451,5.57357,2.02786,0.110576,4.44832,0.859821,1.28296,-1.6178,2.1631,0.97404,-2.59884
-0.789374,-2.93098,-0.104405,0.157851,0.243293,1.84159,0.756903,-0.414545,-0.924576,-0.384713,-1.30707,-0.177871,-0.325429,-0.658748,0.967884,0.711749,0.289392,1.7652,1.05328,1.60311,0.100964,-0.24748,-2.00086,0.333391
3.53088,-10.7582,3.91604,-4.37605,-2.19168,3.31929,1.35612,-2.75474,6.12992,-2.21737,2.76257,0.149667,-7.84125,-2.70927,-0.259889,2.35548,-5.42841,1.79739,7.97968,-0.973281,-0.668271,-6.54538,-6.4898,-4.23803
0.816779,-6.42035,1.52339,-1.70587,1.26778,5.05801,1.06515,-1.24135,0.860526,-0.675773,0.00914935,-0.734792,-2.15757,-1.44516,4.39271,2.76995,-2.03934,4.43503,4.07856,1.14352,-1.47601,-1.01803,-2.71382,-3.526
1.04058,-1.748,0.929422,-0.488575,0.568218,0.633094,-0.172481,-0.243372,-0.489837,-0.141528,0.733977,-0.813831,-0.567076,-0.457017,2.26003,1.29519,-1.01932,0.735396,1.18001,0.3671,-0.543995,0.437173,-0.629023,-2.38338
-1.79224,0.691648,-1.27147,0.557312,-0.172353,0.928583,0.737139,0.147435,0.154817,0.0897523,-1.48316,0.88465,0.80776,0.349587,-1.42953,-0.906496,1.19607,0.768019,-0.829356,0.22886,0.407112,-0.363617,0.236853,2.59197
1.25227,-2.55973,1.39306,-0.599416,-2.21867,-2.54427,-0.0462365,-0.659431,1.00737,-0.933878,0.922108,0.025711,-2.72948,-1.04298,-2.59401,-0.259637,-1.28729,-2.58284,1.395,0.0548053,1.06816,-2.34532,-3.04576,0.0538582
-0.0934879,-5.8474,0.876082,1.11912,-0.267685,-0.327827,0.430688,-0.772187,-4.25815,-0.803746,-1.85864,-1.7314,-0.923238,-1.94581,1.87925,1.59878,0.0921758,0.151552,1.23149,4.096,1.24349,0.555048,-5.16376,-0.882287
-0.168533,-6.64339,0.660374,-2.69398,-0.765475,5.62589,2.12136,-1.64124,4.99115,-1.25515,-0.00228807,1.37743,-3.93641,-1.34437,-0.659744,0.806274,-2.13433,4.18018,4.89362,-0.68468,-0.729225,-4.76128,-3.30739,-0.0679743
-0.24576,7.10622,-1.16404,1.48971,-0.0354284,-4.01333,-1.46382,1.43603,-1.06878,1.09955,0.693087,0.161472,2.83537,1.75185,-1.93248,-1.88033,1.67081,-3.46433,-3.95456,-1.46145,0.442576,2.29432,4.06401,1.55733
1.33484,-2.122,1.1712,-2.19626,-0.637144,1.80462,0.280108,-0.807306,4.01372,-0.485316,1.87789,0.689674,-2.79042,-0.366879,-0.487708,0.44361,-2.142,0.936151,2.72642,-1.836,-0.829802,-2.73603,-0.532683,-1.56057
1.67484,4.42819,0.723828,2.38996,1.39682,-5.35405,-2.58271,1.33341,-5.9941,1.12134,0.923846,-2.58583,3.15549,0.678125,3.55991,0.849255,0.892993,-3.75887,-3.47732,1.41761,0.279069,5.55808,2.20066,-3.12675
-1.35812,6.4695,-1.90395,0.418687,-0.340468,-1.49163,-0.440587,1.09194,1.70092,0.769343,0.123929,1.52446,2.19544,1.78298,-3.3302,-2.40362,1.58174,-1.42994,-2.9462,-2.4003,-0.0155288,0.379439,4.3059,3.07147
-1.27475,0.406705,-0.875356,0.718456,0.564044,0.760051,0.372725,0.227684,-1.17524,0.123124,-1.39197,0.125261,1.21027,0.124464,0.163654,-0.249171,1.11601,0.760446,-0.878873,0.85569,0.177713,0.707004,0.165751,1.2981
1.57684,-3.17221,1.57682,0.00831016,-2.01341,-3.26022,-0.265094,-0.634162,-0.377644,-0.885539,0.704044,-0.748646,-2.57801,-1.41662,-1.80336,0.170675,-1.22304,-2.90749,1.39753,0.954115,1.38771,-1.42922,-3.71053,-0.60805
-0.632362,0.920719,-0.567015,-0.306976,-1.02463,-0.220524,0.303706,0.0993941,2.14457,-0.140281,-0.0287095,1.172,-0.440969,0.240764,-2.98523,-1.26812,0.19083,-0.504172,-0.299594,-1.17299,0.30557,-1.65327,0.307913,2.16695
1.04752,-3.18353,1.24422,-1.5787,-0.273133,1.86743,0.393027,-0.752492,2.11418,-0.599142,0.943326,0.105679,-2.18595,-0.782455,0.757186,0.913723,-1.7648,1.37445,2.62698,-0.404999,-0.712743,-1.7419,-1.35804,-1.8828
0.0896336,1.58709,-0.171269,-0.527157,-0.928947,-0.98951,-0.242663,0.0485154,2.05501,-0.0963291,0.801768,0.891655,-0.488089,0.449214,-2.37477,-1.02078,-0.257063,-1.20126,-0.335802,-1.66955,0.156248,-1.13548,0.902213,1.06993
0.756939,2.42405,0.126695,-1.65371,0.0147966,1.00597,-0.156817,0.118334,4.00861,0.195865,2.08371,1.1497,-0.516064,1.02276,-0.907466,-0.529925,-1.10085,0.426738,0.549528,-3.11738,-1.23294,-1.26948,2.88079,-0.701943
0.435836,2.1899,0.0489247,0.148639,-0.00234265,-1.315,-0.651358,0.468007,-0.0689249,0.332809,0.751346,-0.100674,0.810944,0.499971,-0.0915662,-0.383797,0.114741,-1.05099,-0.90599,-0.783345,-0.141012,0.631122,1.45505,-0.342717
-0.127981,2.57907,-0.326599,1.20894,0.407559,-2.07443,-0.842443,0.626679,-2.32483,0.462022,-0.3145,-0.646416,1.6557,0.466913,0.384916,-0.285106,1.05602,-1.53002,-2.10977,0.547102,0.421356,2.1019,1.22053,0.201125
-0.393522,6.24465,-1.17006,1.09627,0.0246968,-3.30695,-1.21481,1.15568,-0.724954,0.867975,0.484512,0.275546,2.34581,1.57088,-1.89329,-1.68276,1.46289,-2.8549,-3.40513,-1.35877,0.345555,1.84841,3.5542,1.70019
-0.0819389,-1.334,0.0701113,-0.155367,0.761289,1.56309,0.326393,-0.176609,-0.211503,-0.117495,-0.358355,-0.136435,-0.0977591,-0.275212,1.50716,0.598052,-0.154313,1.50492,0.668844,0.588188,-0.445132,0.0889963,-0.400815,-0.779508
-0.126121,2.13767,-0.277392,1.56668,-1.25223,-4.56434,-0.85499,0.492044,-2.41815,0.0736153,-0.36436,-0.537589,0.848053,-0.139059,-2.24716,-1.20943,1.103,-3.80957,-2.21841,0.768972,1.58379,1.05567,-0.597266,1.65329
0.608726,-4.18568,1.16422,0.277118,-0.572447,-0.606951,0.151764,-0.664519,-1.94413,-0.66514,-0.398662,-1.1238,-1.42681,-1.44598,1.00371,1.14437,-0.565192,-0.310643,1.41645,2.10446,0.781066,-0.26436,-3.62068,-1.15052
-0.801002,-1.2006,-0.590099,-1.71992,1.34692,5.5875,1.29667,-0.490737,3.14995,0.0383783,-0.0784911,1.03079,-0.263937,0.38991,1.65082,0.609686,-0.59253,4.70234,1.87753,-1.24698,-1.80747,-1.21482,1.45132,-0.46909
0.282301,-3.13113,0.649802,0.000860823,-0.49133,0.0335116,0.354106,-0.542481,-0.718358,-0.420914,-0.413104,-0.427112,-1.14997,-0.957332,0.0665829,0.575378,-0.481413,-0.00107036,1.22979,1.24499,0.520915,-0.651672,-2.59868,-0.309688
-0.187084,-1.98475,0.0687076,-1.43622,1.48968,4.7656,0.862069,-0.4587,1.89527,-0.0309689,0.0528801,0.401286,-0.43922,0.0212781,2.51945,1.22042,-0.796139,3.96463,2.03415,-0.56888,-1.50547,-0.645135,0.652254,-1.55907
-2.8121,4.64212,-2.76544,0.0980214,0.327758,2.02169,0.817588,0.756728,2.23331,0.592384,-1.31052,2.20475,2.31529,1.63776,-2.64255,-2.14591,2.02444,1.6437,-2.15374,-1.84392,-0.329355,-0.304571,3.81425,4.21814
-1.1111,3.56503,-1.27769,0.434149,-0.119409,-0.680213,-0.218736,0.582986,0.589076,0.486507,-0.392258,0.828985,1.54563,0.960496,-1.97848,-1.48465,1.16026,-0.657995,-1.83749,-1.12976,0.293668,0.223048,2.252,2.26746
0.345359,3.88514,-0.172198,1.4632,0.488346,-3.43387,-1.24017,1.00318,-2.56868,0.638792,0.331098,-0.939822,2.09892,0.753134,0.454175,-0.45273,0.932706,-2.59502,-2.61583,0.102329,0.46941,2.56882,1.80496,-0.358256
-0.737334,-0.269459,-0.493771,0.533969,1.66199,2.17134,0.318936,0.156978,-1.82446,0.312213,-0.954727,-0.564981,1.473,0.144046,2.94964,1.06581,0.57152,2.30104,-0.279254,1.06408,-0.659812,1.75131,0.696542,-0.795368
-1.43192,1.54388,-1.27454,-0.197823,-0.375979,1.16874,0.611602,0.0880218,1.79392,0.0976722,-0.81423,1.45164,0.463754,0.610051,-2.26015,-1.31383,0.909853,0.636947,-0.59063,-1.09676,0.0562906,-1.19235,1.11671,2.6935
3.01499,-2.93633,2.59984,-0.191214,-1.08792,-3.72475,-1.1994,-0.573027,-1.61567,-0.689219,1.90409,-1.79855,-2.47493,-1.43773,0.93845,1.24985,-1.93063,-3.17864,1.4242,0.886545,0.602447,-0.00301217,-3.1112,-3.50297
0.184346,-4.24646,0.652897,-0.668429,0.321581,2.47318,0.700194,-0.791552,-0.0805609,-0.401516,-0.585029,-0.354442,-1.33374,-1.03689,1.90414,1.44852,-0.860957,2.22485,2.20952,1.21407,-0.245698,-0.774033,-2.32996,-1.36071
1.29845,2.62613,0.459706,-0.224161,0.981286,-0.535894,-0.883931,0.493,0.278442,0.639234,1.6466,-0.421932,0.728845,0.862946,1.55727,0.280416,-0.469174,-0.385857,-0.590927,-1.44618,-0.958169,1.2701,2.61324,-2.04858
-0.638464,1.59026,-0.75742,-0.277878,0.920388,1.4748,0.0688556,0.211031,0.481407,0.376308,-0.059656,0.443465,1.12886,0.73249,0.698594,-0.140609,0.300151,1.34541,-0.523168,-0.712117,-0.713776,0.519684,1.95529,0.264388
1.5004,-4.23179,1.66702,-1.00343,-1.69805,-1.08126,0.25925,-0.989838,1.24615,-0.998966,1.02587,-0.134149,-3.22548,-1.41921,-1.34574,0.43965,-1.88997,-1.23633,2.41548,0.207229,0.613554,-2.46768,-3.59491,-0.891084
0.294279,2.83229,-0.251374,-0.0874598,0.543209,-0.381917,-0.540655,0.50424,0.456232,0.543482,0.812077,0.228536,1.02554,0.870562,0.221591,-0.358315,0.0276128,-0.311025,-0.99401,-1.31176,-0.481805,0.890471,2.48433,-0.447763
0.872927,-7.08346,1.57501,-0.672451,-0.280643,1.97713,0.807644,-1.36312,-0.943843,-1.10889,-0.577338,-1.11138,-2.6236,-1.89901,2.31365,2.12995,-1.50873,1.73924,3.34783,2.3154,0.0967586,-1.23064,-4.87955,-2.21639
-0.343854,-1.32862,-0.0912904,0.35429,-0.333557,-0.168644,0.186978,-0.216827,-0.741117,-0.26109,-0.738989,-0.0939395,-0.178496,-0.488518,-0.237275,0.10009,0.203648,-0.0409903,0.209533,0.984683,0.538995,-0.187351,-1.32993,0.551865
0.886457,-2.72003,0.996951,-0.255064,-0.58628,-0.461261,0.0194264,-0.415815,-0.422222,-0.578788,0.191163,-0.548722,-1.4968,-0.89243,0.28045,0.773121,-0.82349,-0.429495,1.35637,0.870967,0.375133,-0.666127,-2.21196,-1.01704
-0.114315,-1.22604,0.0198979,-0.743519,0.436053,2.08231,0.503318,-0.327302,1.085,-0.106016,0.0287035,0.3838,-0.535187,-0.13232,0.799773,0.476964,-0.417719,1.61699,1.05189,-0.352523,-0.526357,-0.711946,-0.149361,-0.521743
0.278866,-1.55447,0.287288,-2.41796,-0.248707,3.67432,0.931012,-0.702659,5.02557,-0.403317,1.11996,1.46753,-2.15749,0.0684526,-1.00541,-0.0809138,-1.77661,2.45019,2.62504,-2.34603,-1.19417,-3.09204,0.514146,-0.306397
-0.365427,2.35233,-0.449348,1.45266,0.156564,-2.2933,-0.663083,0.60758,-2.5015,0.376779,-0.644625,-0.595999,1.65165,0.399995,-0.136203,-0.506249,1.21125,-1.74248,-2.09168,0.744288,0.686876,1.81753,0.755986,0.849744
-1.75944,3.14323,-1.78904,0.0795799,2.11855,3.52473,0.354382,0.680695,0.439137,0.908647,-0.865041,0.819235,2.65575,1.44438,1.83836,-0.152987,1.31832,3.17032,-1.40343,-0.993531,-1.28916,1.6176,3.87764,0.820865
-0.286998,4.14539,-0.700543,0.942793,0.189684,-2.09658,-0.83982,0.918814,-0.972104,0.690186,0.144756,0.068952,1.93155,1.04504,-0.628862,-0.898487,1.16833,-1.66152,-2.36869,-0.689208,0.181502,1.71223,2.37942,0.860044
-0.294533,-0.147544,-0.29428,0.387895,-1.22052,-1.49437,0.162046,-0.158206,-0.038744,-0.304034,-0.443361,0.271843,-0.446033,-0.290156,-2.43399,-0.891023,0.329238,-1.34268,-0.332974,0.314979,0.91248,-0.900213,-1.18876,1.78507
-0.505118,-4.05111,0.274132,-1.42186,-1.14968,2.58162,1.4302,-1.06962,3.29852,-0.930696,-0.43044,1.26609,-2.61576,-0.890772,-2.07307,-0.1413,-0.99358,1.73468,2.64256,-0.303409,0.227774,-3.5484,-2.57661,1.16638
1.09566,-2.22287,1.11426,0.118005,-0.768812,-1.79808,-0.264294,-0.347617,-1.0109,-0.496117,0.51533,-0.873977,-1.31307,-0.904983,0.0937425,0.602919,-0.82247,-1.63994,0.774082,0.989665,0.671079,-0.285689,-2.42105,-1.10913
-0.29645,-2.96894,0.0483306,-2.07379,-1.87413,2.14984,1.42011,-0.996952,5.15083,-0.892491,0.336954,1.91435,-3.23429,-0.475291,-3.97776,-0.987515,-1.28026,0.925094,2.64057,-1.80877,0.123825,-4.78018,-1.95465,2.06424
-0.579495,-0.489117,-0.284563,1.99642,1.21634,-0.695402,-0.248152,0.425116,-5.09947,0.30728,-1.7041,-1.58392,2.0532,-0.30525,2.97394,0.918151,1.45422,0.082376,-1.47398,2.88404,0.434897,3.00756,-0.98004,-0.609792
-0.449884,5.47638,-1.15183,0.378075,2.16692,0.948477,-0.764708,1.06697,-0.332751,1.33146,0.562615,0.0934253,3.21141,1.79803,2.18787,-0.131899,1.08875,0.920852,-2.41692,-1.55119,-1.38306,2.81957,5.2542,-0.690763
0.502226,-0.295573,0.428137,1.07289,-0.635743,-2.81026,-0.440457,0.165648,-2.36828,-0.112247,-0.238054,-0.849815,0.114688,-0.445949,-0.133031,-0.0256147,0.331847,-2.25452,-0.629027,1.30503,1.03728,0.79714,-1.39685,-0.0831479
-1.15338,-4.20895,-0.141179,1.15082,0.857685,1.61578,0.766258,-0.368124,-3.76943,-0.268864,-2.44584,-1.14207,0.47328,-1.23909,2.71936,1.57863,0.825396,1.95482,0.639246,3.53366,0.534416,1.04013,-3.16768,-0.199106
-0.848944,-0.931992,-0.483008,-0.712216,-0.877706,1.24192,0.839748,-0.382989,2.34033,-0.309992,-0.410075,1.12543,-0.957175,-0.150229,-2.36579,-0.859311,-0.0524541,0.538442,0.785481,-0.726012,0.278422,-2.2286,-0.519072,1.93367
0.527895,1.72474,0.0871498,-0.667972,-0.734377,-0.809412,-0.307913,0.0629679,2.31231,0.108559,1.29581,0.763013,-0.614303,0.509854,-1.86047,-0.908801,-0.482322,-1.00506,-0.0418275,-2.02073,-0.135589,-1.02645,1.20431,0.251225
1.55614,-6.31241,2.11686,-0.733393,-2.00176,-1.21398,0.331979,-1.23348,0.329935,-1.38851,0.412984,-0.613011,-3.7819,-2.04756,-1.10008,0.863011,-1.86716,-1.34595,3.04484,1.397,1.08727,-2.66392,-5.40783,-1.03396
-0.596281,-0.202512,-0.359287,0.598128,-0.0827827,-0.258923,0.0386351,0.0454047,-0.860488,0.0539564,-0.684326,-0.0224473,0.390273,-0.0475745,-0.157593,-0.251065,0.586606,-0.221759,-0.422404,0.639423,0.437704,0.325863,-0.444411,0.704241
-0.106888,0.999689,-0.250687,0.151164,1.32135,1.21742,-0.111792,0.213577,-0.882126,0.447126,-0.0623001,-0.319552,1.12244,0.439372,2.21809,0.614341,0.267472,1.24055,-0.430009,0.129658,-0.714118,1.46021,1.53052,-1.08853
-1.67948,0.197481,-1.3812,-1.5059,1.16442,5.6872,1.42226,-0.189046,3.9269,0.185972,-0.452263,1.9242,0.266613,0.884653,0.0964426,-0.147644,0.0556047,4.65618,1.18703,-1.94692,-1.54964,-1.67644,2.25505,1.19413
-1.16481,0.343259,-0.930479,-1.46436,0.442375,4.07238,1.11172,-0.223334,3.72532,0.0688281,-0.0915873,1.6851,-0.297062,0.641839,-0.908203,-0.549612,-0.11444,3.04362,0.964127,-1.86673,-1.07512,-1.83875,1.7131,1.28247
0.700747,0.0828425,0.527173,0.355811,-0.281418,-1.65709,-0.479599,0.0973486,-1.11103,-0.130498,0.314531,-0.54987,-0.0257734,-0.148788,0.198019,0.240274,-0.146869,-1.28614,-0.324015,0.391652,0.265354,0.568075,-0.480535,-0.621803
0.194014,-4.31821,0.695437,0.462973,1.16852,1.73473,0.370346,-0.560719,-3.31939,-0.236599,-1.29624,-1.46872,-0.0459589,-1.17104,3.89227,2.16635,-0.0951788,1.87591,1.35478,3.02224,-0.09452,1.41938,-2.80525,-2.1636
1.22368,-0.469676,0.800997,-2.05576,1.80781,4.07797,0.230592,-0.354817,2.82354,0.177802,1.74006,0.238835,-0.644007,0.37811,3.35391,1.46132,-1.704,3.31768,2.11451,-1.84337,-2.23374,-0.25781,2.08794,-3.28406
-2.83627,1.87344,-2.19363,1.15176,-0.862397,0.00549058,0.858074,0.388749,0.132213,0.185779,-2.3386,1.4243,1.42885,0.557896,-3.71603,-2.1199,2.32144,-0.0592869,-1.88948,0.327585,1.19396,-0.645837,0.350147,5.07009
-1.33478,-0.326803,-0.842568,0.943664,0.175889,0.467449,0.427255,0.123926,-1.59703,0.157142,-1.64847,-0.0292118,0.949772,-0.100931,0.0906519,-0.129225,1.22674,0.654005,-0.693831,1.3866,0.444186,0.685387,-0.522848,1.48264
0.398443,5.33022,-0.381664,1.59675,0.2129,-4.15016,-1.62216,1.18142,-2.42925,0.831792,0.650501,-0.716514,2.4607,1.1567,-0.218476,-0.957153,1.23326,-3.31226,-3.28774,-0.387664,0.410723,2.91202,2.74024,0.0704155
1.19744,-3.82771,1.3105,-0.776683,-0.773641,-0.0795169,0.260323,-0.836294,0.416102,-0.748932,0.468451,-0.506073,-2.30137,-1.24582,0.251033,0.811429,-1.44924,-0.201145,2.23466,0.692011,0.256712,-1.40912,-2.85946,-1.47262
2.29275,-4.79721,2.31759,-2.79687,-1.48879,1.2359,0.524149,-1.3414,4.52212,-1.10977,2.31559,0.404941,-4.48375,-1.2007,-0.880243,0.838903,-3.25221,0.360776,4.24245,-1.71849,-0.583415,-3.89148,-2.6491,-2.39624
-0.724704,5.14351,-1.25436,-0.763819,-0.798984,-0.377011,-0.102832,0.619134,4.053,0.586948,1.11719,2.00012,0.586467,1.65326,-4.08398,-2.44414,0.392344,-0.915679,-1.48469,-3.53373,-0.28814,-1.33559,3.78546,2.62882
1.5504,2.05325,0.833574,1.45938,0.34014,-4.09768,-1.57494,0.703647,-3.80137,0.511213,0.756074,-1.72339,1.33695,0.0624844,1.78788,0.486167,0.223497,-3.02976,-1.94302,1.02157,0.513392,3.04634,0.475868,-2.12554
0.529462,-1.50245,0.538485,-1.38791,0.162967,2.15196,0.380671,-0.461611,2.22573,-0.177938,0.836842,0.442654,-1.30604,-0.195289,0.632513,0.56345,-1.22066,1.51909,1.78362,-0.926146,-0.841584,-1.38213,-0.133353,-1.13395
1.17136,-6.18659,1.76389,-0.517935,-0.0467345,1.24009,0.509479,-0.997592,-1.28978,-0.812856,-0.205776,-1.27355,-2.30519,-1.73455,2.49022,2.09516,-1.48072,1.23962,2.93801,2.22655,0.0987685,-0.740838,-4.29086,-2.58015
-2.96664,1.38854,-2.31769,-0.826699,1.18009,5.62377,1.60281,0.120209,3.06811,0.296862,-1.72095,2.29995,1.4271,1.11547,-0.678662,-0.934188,1.31872,4.63553,0.00522201,-1.35877,-1.15669,-1.1462,2.67248,3.0818
0.839141,-6.44342,1.44674,-1.37681,-1.05159,1.91367,0.940854,-1.37235,1.46609,-1.24956,0.024431,-0.179042,-3.45408,-1.78528,0.161443,1.27124,-1.86296,1.21873,3.58187,1.01175,0.117389,-2.86404,-4.3892,-1.27411
0.553792,-0.735457,0.419395,-0.880389,-1.40959,-0.65154,0.175706,-0.460745,2.31037,-0.431259,0.879544,0.668614,-1.79081,-0.279833,-2.41574,-0.661979,-0.863821,-1.05475,1.04159,-1.16247,0.426417,-2.18464,-0.873118,0.611582
0.820813,-6.17374,1.33096,-3.02306,-1.64277,3.76451,1.6266,-1.65993,5.6831,-1.38084,0.976811,1.48843,-4.81568,-1.41634,-1.95443,0.40804,-2.78342,2.39871,4.87952,-1.34251,-0.465055,-5.33904,-3.42292,-0.297408
-0.167135,-2.23916,0.264662,0.654663,0.400148,0.0359731,0.118229,-0.25691,-2.54414,-0.0693233,-1.04062,-0.901367,0.200313,-0.669792,1.72618,0.89083,0.334208,0.416494,0.171956,2.05004,0.358434,0.932647,-1.8217,-0.618636
2.49352,-7.98239,2.83843,-1.66689,-0.804956,0.811954,0.343719,-1.57777,0.311131,-1.30346,1.1524,-1.38379,-4.21032,-2.40669,2.15006,2.49083,-2.96421,0.47799,4.62509,1.60831,-0.0588314,-2.14129,-5.45315,-4.09409
-0.17984,-0.928746,-0.0206133,-0.522887,-1.85089,-0.919681,0.531051,-0.413401,2.176,-0.54772,0.0354388,0.917227,-1.67539,-0.380053,-3.56553,-1.14575,-0.270988,-1.08526,0.669608,-0.727331,0.956173,-2.57084,-1.40405,2.02887
-1.28604,3.98087,-1.38673,2.28157,1.20538,-1.79918,-0.675025,1.14314,-4.00821,0.911078,-1.37036,-0.854191,3.60595,0.865167,1.24953,-0.384776,2.3274,-0.980885,-3.43311,1.33042,0.358665,3.52888,2.10129,1.11583
-0.649861,0.698566,-0.733009,-1.10736,1.43016,3.99579,0.617404,-0.0452614,2.20815,0.372152,0.0953532,0.927308,0.553524,0.7312,1.43783,0.319732,-0.149419,3.31212,0.683853,-1.28372,-1.47435,-0.26831,2.15145,-0.265872
-0.757868,3.12931,-0.91724,0.307285,0.21208,-0.164681,-0.205296,0.547357,0.396777,0.519065,-0.0660756,0.739177,1.36689,0.927808,-0.878176,-0.915708,0.800975,-0.233467,-1.38259,-1.05809,-0.147318,0.549884,2.29927,1.21323
-0.980902,-2.35428,-0.34473,-0.366157,0.49338,3.10931,0.922877,-0.488014,0.356781,-0.120804,-1.24224,0.334468,-0.188945,-0.334426,0.829292,0.487423,0.0789937,2.6487,1.16735,0.702374,-0.374117,-0.691307,-0.805772,0.436254
-0.289093,-3.5727,0.238368,-0.786798,-1.74098,0.735972,0.981575,-0.848972,1.94618,-0.898139,-0.524997,0.872714,-2.37822,-0.969207,-2.56057,-0.352331,-0.675659,0.241653,1.84383,0.155416,0.809419,-3.02692,-2.99527,1.57467
1.42269,-5.99081,1.91825,-1.13188,-1.75814,-0.168741,0.532009,-1.27476,1.01897,-1.25756,0.478251,-0.409891,-3.69886,-1.88429,-0.744587,1.03242,-2.089,-0.492851,3.27096,1.06476,0.705198,-2.90228,-4.80984,-1.30566
0.384194,5.53139,-0.540806,-0.631349,0.333759,-0.800125,-0.847193,0.792146,2.37874,0.755919,1.81412,0.87986,1.22005,1.8058,-1.15614,-1.35326,0.103189,-0.838346,-1.6251,-3.06861,-0.926739,0.392485,4.60236,0.0301432
-1.57288,-2.47814,-0.661854,1.4646,0.155857,0.292034,0.668082,-0.0542152,-3.49308,-0.246547,-2.62894,-0.612635,0.822436,-0.784513,0.738874,0.375704,1.38503,0.754581,-0.415316,3.10264,0.982892,0.898381,-2.57854,1.42751
-2.0983,2.80008,-1.78462,3.14946,-0.00364063,-3.33787,-0.340157,1.04254,-5.18628,0.431274,-2.61361,-0.686714,3.25086,0.256069,-0.932796,-1.21413,3.18742,-2.14196,-3.84558,2.61754,1.76556,2.89545,-0.0050706,3.2061
-0.122254,-4.06608,0.467068,-1.13317,-0.665915,2.39449,1.14625,-0.834636,1.64384,-0.774341,-0.547144,0.423327,-2.09489,-1.08248,-0.324849,0.608206,-0.997325,1.92342,2.44553,0.438303,0.0532107,-2.22994,-2.4819,0.0237329
-0.887209,0.0572662,-0.618256,-0.886536,-0.742873,1.4672,0.781189,-0.285189,3.01189,-0.196837,-0.0420845,1.35294,-0.852246,0.313248,-2.47196,-1.01159,-0.0716519,0.796274,0.635723,-1.35987,-0.103418,-2.19666,0.404942,1.90447
-0.996125,3.5209,-1.33477,-2.01051,1.48858,4.88153,0.61258,0.249646,5.18632,0.696838,0.913489,2.20451,0.847864,1.70306,0.093341,-0.747109,-0.209596,3.73737,0.32018,-3.68619,-2.21311,-1.08041,5.00814,0.496909
-1.85715,3.42989,-1.59739,1.8415,-0.746761,-2.7602,-0.233001,0.876292,-1.87864,0.373581,-1.56954,0.374897,2.02017,0.632892,-2.87102,-1.9024,2.28861,-2.23411,-3.09762,0.552253,1.44154,0.996441,0.820999,3.76466
-0.82449,6.69039,-1.53566,1.10038,0.128235,-2.6031,-0.970626,1.30851,-0.208861,0.965663,0.265664,0.687262,2.70175,1.70111,-1.99138,-2.02282,1.76844,-2.172,-3.50542,-1.67064,0.212741,1.70765,4.15318,2.12887
0.456841,-1.91867,0.553472,-0.839687,1.01792,2.45833,0.263236,-0.329387,0.227265,-0.010823,0.213708,-0.325043,-0.472131,-0.153848,2.44591,1.27633,-0.826961,2.12749,1.46923,0.196329,-0.965028,0.106137,-0.0987559,-1.96927
0.880219,-2.54737,0.883753,-2.20798,-1.31316,1.81751,0.741445,-0.919529,4.76189,-0.787442,1.41424,1.11886,-3.07389,-0.51882,-2.04071,-0.166973,-2.05678,0.83517,2.85508,-1.91523,-0.440193,-3.69697,-1.13509,-0.293257
0.198714,-6.0744,0.944603,-1.57769,-0.221907,3.80307,1.31782,-1.2128,1.6625,-0.928753,-0.458473,0.0870341,-2.6015,-1.4274,1.01548,1.48362,-1.58763,2.99438,3.67273,0.839886,-0.43956,-2.47084,-3.37186,-1.05927
-1.17758,3.80585,-1.36872,1.58797,0.0535376,-2.0372,-0.538557,0.891373,-1.633,0.574113,-0.825889,0.134214,2.28608,0.854006,-1.26845,-1.28327,1.9123,-1.63541,-2.89239,0.109738,0.686037,1.63885,1.89081,2.14424
-0.218157,-0.379872,-0.135997,-0.0955525,0.626966,1.12488,0.240426,-0.0583979,-0.261343,0.0964247,-0.327539,-0.125689,0.334699,0.0168891,0.998666,0.490856,0.0914936,1.17218,0.303408,0.200837,-0.377602,0.202431,0.176629,-0.37575
0.493842,-3.53867,0.94078,-0.350192,-2.63764,-2.34147,0.389762,-0.815683,0.954308,-1.0968,0.0413392,0.28026,-2.9641,-1.36847,-3.57249,-0.639594,-0.915907,-2.39858,1.6093,0.625708,1.63238,-2.87873,-4.15381,1.45898
-0.105706,-0.959342,0.094183,0.232648,-0.386029,-0.332215,0.140647,-0.0263435,-0.677825,-0.158617,-0.495432,-0.235101,-0.223352,-0.329034,-0.27437,0.0638856,0.171996,-0.30226,0.164041,0.71126,0.481023,-0.211222,-1.09995,0.324019
1.35074,-10.0146,2.33523,-1.68839,-1.23054,2.50502,1.32261,-1.95842,0.908367,-1.70499,-0.11733,-0.746672,-4.73751,-2.71039,1.1424,2.30067,-2.70719,1.9026,5.29099,2.20202,0.24267,-3.35485,-6.82043,-2.28309
0.807388,-4.21454,1.01817,-2.51468,0.810843,5.50171,1.18495,-1.10638,3.78001,-0.451542,0.854515,0.507909,-2.45787,-0.557715,2.38157,1.58364,-2.19217,4.45184,3.87487,-1.01874,-1.68561,-2.36633,-0.673809,-2.4515
-0.0593727,2.06502,-0.30899,1.46674,0.101703,-2.54255,-0.800742,0.645011,-2.76131,0.304855,-0.342453,-0.72836,1.53087,0.157038,0.18663,-0.296313,1.00502,-1.9545,-2.01175,0.916342,0.652645,1.91431,0.433289,0.25559
0.00207607,0.694939,-0.161084,0.454484,-0.481631,-1.62012,-0.236829,0.0904267,-0.571117,-0.00673767,-0.118935,-0.0953628,0.184177,-0.0777903,-0.986297,-0.462541,0.310074,-1.2661,-0.619167,0.148719,0.569363,0.165414,-0.203024,0.668681
0.0967785,1.31544,-0.164323,-0.428335,0.970915,1.24594,-0.0190326,0.215379,0.684616,0.404026,0.595002,0.230347,0.645873,0.604433,1.203,0.188937,-0.196,1.14615,-0.185416,-1.0468,-0.996868,0.503804,1.98843,-0.964518
-0.471703,-2.28969,-0.136555,-1.75495,0.434357,4.35605,1.07599,-0.734248,3.08989,-0.304973,-0.0742211,1.0811,-1.23357,-0.0924544,0.648607,0.405506,-0.940187,3.41989,2.21853,-0.999225,-1.07245,-1.8629,-0.082096,-0.124129
0.656791,0.64312,0.50391,1.47458,1.29317,-1.84657,-0.922998,0.502009,-4.15649,0.303014,-0.222541,-1.84778,1.6096,-0.0417327,3.33705,1.15698,0.518034,-0.861951,-1.34952,1.76141,0.0129218,3.1425,0.0915216,-2.16424
-1.99048,4.97334,-2.11132,2.33724,1.36482,-1.29406,-0.544601,1.30132,-3.73592,1.11209,-1.81782,-0.338298,4.20063,1.22933,0.651304,-0.865574,3.0238,-0.468907,-4.00429,1.04699,0.345517,3.60327,2.88481,2.02168
0.161064,-3.24466,0.507479,-1.73502,0.573887,4.15544,1.05661,-0.831085,2.27765,-0.4156,0.254088,0.443001,-1.58572,-0.44827,1.52149,1.11082,-1.32042,3.30584,2.64961,-0.372643,-1.22435,-1.63058,-0.762006,-1.30569
0.292744,-0.339314,0.241788,0.00886119,-0.528147,-0.845546,-0.0850321,-0.129358,0.265993,-0.222672,0.132668,-0.0356413,-0.522229,-0.143429,-0.856753,-0.224683,-0.233031,-0.849974,0.105456,-0.0129016,0.25054,-0.481777,-0.631282,0.203947
-0.306287,-1.84179,-0.0191093,-0.218298,0.282791,1.56008,0.580343,-0.368003,0.122106,-0.354268,-0.504223,0.105685,-0.451831,-0.397576,0.55841,0.442234,-0.111772,1.4111,0.846494,0.609338,-0.224773,-0.436847,-0.880639,-0.0269385
-0.939758,1.35911,-0.852445,0.0822334,0.313686,0.836295,0.217745,0.292267,0.400208,0.264507,-0.393815,0.61814,0.881652,0.543696,-0.353813,-0.554101,0.583741,0.688151,-0.657692,-0.498593,-0.149764,0.189384,1.10516,1.11316
-1.52008,0.997011,-1.28604,-0.734492,0.312469,2.89422,0.848348,0.00700625,2.53697,0.106909,-0.600094,1.53808,0.326974,0.707885,-1.23513,-0.808512,0.431968,2.19733,0.0478411,-1.43835,-0.634535,-1.07216,1.72342,1.95931
1.19773,-0.167143,0.76736,-0.520947,0.380353,0.0139637,-0.428334,-0.149069,0.410974,0.0768184,1.20494,-0.392829,-0.463472,0.0220438,1.1949,0.73165,-0.993895,-0.0243363,0.54357,-0.472239,-0.479642,0.260541,0.413295,-2.05206
0.248514,-2.85703,0.384118,-1.00281,-0.107242,2.12337,0.714299,-0.674381,1.37167,-0.534071,-0.00919495,0.183222,-1.46969,-0.589024,0.486139,0.623991,-0.991013,1.5852,2.00695,-0.0291632,-0.321988,-1.42457,-1.44358,-0.6922
-0.583772,-0.389733,-0.366834,-0.188825,-0.441389,0.190761,0.352438,-0.172564,0.569934,-0.214273,-0.589997,0.437305,-0.243116,-0.174446,-1.19963,-0.533826,0.255975,0.0252281,0.140992,-0.0239731,0.258787,-0.81351,-0.490023,1.29532
0.350369,-3.5094,0.766582,0.29282,-0.191478,-0.013853,0.194704,-0.535311,-1.75617,-0.572309,-0.72666,-0.872431,-0.956599,-1.1798,1.21851,1.09079,-0.32008,0.155137,1.1387,1.96407,0.402654,0.0314462,-2.88532,-0.908192
-1.26835,0.0486777,-0.821939,-0.781598,-1.28563,1.24184,0.993948,-0.15274,3.16455,-0.379162,-0.46395,1.60957,-0.861858,0.102687,-3.47517,-1.48127,0.163837,0.588633,0.487269,-1.25398,0.220877,-2.51344,0.0258804,2.91431
-0.0891568,0.547513,-0.132378,-0.936993,-0.921784,0.129881,0.363383,-0.14206,2.75535,-0.178814,0.656243,1.16317,-1.04276,0.243946,-2.51793,-1.01121,-0.509043,-0.281489,0.458654,-1.57231,-0.00118713,-1.97766,0.345397,1.22547
-0.0812406,1.99486,-0.337665,0.720729,0.85496,-0.476322,-0.499407,0.580456,-1.26651,0.484069,-0.0424996,-0.481641,1.43269,0.6358,1.15897,0.117543,0.71253,-0.118425,-1.26896,0.00611383,-0.364986,1.74894,1.56397,-0.365417
0.222664,-3.43554,0.646131,0.266583,-0.47651,-0.087651,0.339954,-0.488316,-1.34385,-0.53901,-0.7365,-0.604076,-1.01291,-1.1904,0.563722,0.738866,-0.215451,0.00832879,1.13873,1.77712,0.683876,-0.360582,-2.85764,-0.442759
-0.0614019,-2.06269,0.329461,0.352263,0.0701066,0.301976,0.163598,-0.294968,-1.33495,-0.227415,-0.644135,-0.516532,-0.33948,-0.664706,0.81748,0.642346,-0.0252607,0.38225,0.608587,1.4178,0.251403,0.164035,-1.78321,-0.293343
0.425603,2.64248,-0.018194,1.37303,-0.407446,-3.86512,-1.13478,0.568375,-2.41543,0.295968,0.209678,-0.759689,1.20677,0.308667,-0.484113,-0.582324,0.733452,-2.99661,-2.07967,0.547646,0.860731,1.68269,0.520711,0.253101
-1.85168,0.559135,-1.34353,-1.41065,-1.81818,1.80058,1.35104,-0.365998,5.36559,-0.480099,-0.372016,2.82837,-1.44165,0.359203,-5.59814,-2.34912,0.102755,0.781668,0.772073,-2.53791,0.41006,-4.22193,0.319069,4.44827
1.90157,-0.995891,1.35879,-0.499762,-0.364889,-1.38023,-0.591125,-0.253561,0.196919,-0.239764,1.50439,-0.743063,-1.27516,-0.434391,0.555604,0.571415,-1.30152,-1.26241,0.93262,-0.272277,-0.109315,-0.193209,-0.757154,-2.14868
-0.336644,2.78291,-0.602743,0.914584,1.79023,0.16673,-0.676977,0.713825,-2.38506,0.82151,-0.25381,-0.709486,2.5637,0.854256,2.90519,0.531913,0.995686,0.608905,-1.8067,0.449422,-0.677057,3.0208,2.44715,-0.996515
-0.067332,-0.262671,0.0928526,0.998661,-0.00741389,-1.30231,-0.227986,0.124201,-1.9633,-0.0965278,-0.631738,-0.597193,0.490072,-0.319012,0.329033,0.202775,0.592774,-0.861637,-0.585311,1.18655,0.576807,0.93265,-0.821415,0.0724169
-0.0305253,0.837199,-0.116363,-0.608947,-0.69514,-0.199429,0.0563806,-0.0777822,1.97231,-0.0708779,0.519416,0.680836,-0.567364,0.256746,-1.94056,-0.745388,-0.269487,-0.547751,0.0726513,-1.22562,0.130089,-1.34453,0.562415,1.03653
-1.51489,-0.714063,-0.832498,1.18542,0.821694,0.808246,0.349443,0.170153,-2.50373,0.0739514,-2.03371,-0.450827,1.35401,-0.172503,1.09857,0.254197,1.35773,1.05895,-0.879064,1.95939,0.394915,1.46127,-0.779414,1.0877
1.72737,-5.10217,1.99176,-0.785818,-0.636101,0.0409007,0.0848431,-1.03516,-0.288706,-0.859708,0.697586,-0.981723,-2.6199,-1.58592,1.35122,1.56989,-1.77504,-0.108414,2.78141,1.16839,0.208829,-1.24961,-3.76992,-2.49826
0.383479,-0.912211,0.518698,1.7103,-0.453164,-3.52948,-0.691372,0.233316,-4.15322,-0.169622,-0.82353,-1.54003,0.41694,-0.734084,0.474947,0.26569,0.575255,-2.71396,-1.0725,2.33014,1.42103,1.68553,-2.36337,-0.254058
0.79542,3.89265,0.148087,1.09406,-1.27373,-5.36094,-1.42233,0.761462,-0.815638,0.344922,1.04124,-0.253698,0.506104,0.539688,-2.87827,-1.51661,0.504382,-4.69191,-2.50084,-0.742713,1.18904,0.731384,1.09336,1.00869
0.134116,3.0124,-0.210442,-0.798075,-1.82014,-1.9824,-0.213576,0.188478,3.4669,-0.0444392,1.29944,1.50779,-0.800923,0.739046,-4.66887,-2.07803,-0.302652,-2.35486,-0.65512,-2.77888,0.382053,-2.05694,1.63072,2.1704
-0.100662,-5.59568,0.684092,-1.26044,0.185285,3.81498,1.31743,-1.07908,1.10054,-0.737043,-0.707331,0.0866834,-2.06029,-1.11502,1.48745,1.46981,-1.25459,3.20086,3.14131,1.02201,-0.473459,-1.92849,-2.93998,-1.0406
1.63732,0.980929,0.899592,-0.0100283,0.280559,-1.98544,-1.00064,0.147306,-1.03191,0.198252,1.30475,-0.943134,0.0415928,0.101991,1.30572,0.583494,-0.761894,-1.48359,-0.255728,-0.263968,-0.168677,1.24322,0.514228,-2.24539
0.522098,-3.7581,0.901914,-0.418028,-0.116054,1.17423,0.542269,-0.66529,-0.22602,-0.615692,-0.173001,-0.486556,-1.42008,-1.01292,1.03437,1.10991,-0.873086,0.99132,1.89189,1.13103,0.00717371,-0.796637,-2.53688,-1.27184
0.882674,-2.88279,0.975268,1.10948,0.748017,-1.14216,-0.411502,-0.162962,-4.4354,-0.116734,-0.565402,-2.07656,0.206261,-1.03859,3.5233,1.86455,-0.0181247,-0.399202,0.211756,2.99081,0.334562,2.29027,-2.6102,-2.45866
0.935721,0.935237,0.568634,-0.558604,-0.470191,-1.11551,-0.404234,0.00785093,1.13805,0.060118,1.16233,0.0648241,-0.589673,0.128022,-0.685363,-0.254042,-0.568228,-1.06564,0.106798,-1.13227,-0.139054,-0.401111,0.543227,-0.589321
0.818689,-2.44528,0.751502,-2.29816,-0.218839,3.24793,0.830212,-0.858929,4.10973,-0.468909,1.26062,0.913499,-2.39706,-0.376422,-0.112932,0.564438,-1.95234,2.19694,2.99603,-1.79294,-1.0775,-2.68259,-0.232715,-1.20859
-1.19245,4.39399,-1.3806,1.01109,-0.85086,-2.42109,-0.376375,0.786594,0.0264456,0.414115,-0.435169,0.832354,1.69316,0.983326,-3.21049,-1.95821,1.58128,-2.06534,-2.64178,-0.791663,0.877629,0.234186,2.01691,3.17958
0.785808,-1.17912,0.765557,0.285188,-0.889789,-2.13378,-0.281927,-0.152553,-0.911721,-0.320874,0.347005,-0.546259,-0.927244,-0.541844,-0.627771,0.163962,-0.419218,-1.72914,0.256894,0.627188,0.774044,-0.262076,-1.70417,-0.313349
-1.09851,2.74168,-1.17097,0.379589,-0.778027,-1.03972,0.0265588,0.431349,0.971495,0.270652,-0.413012,1.02999,0.805136,0.623987,-2.98195,-1.63211,1.12471,-1.05548,-1.564,-1.05129,0.502959,-0.541247,1.44052,2.71763
-1.84417,2.85636,-1.69359,0.257169,1.09568,2.24412,0.449164,0.470748,0.790435,0.650122,-0.99801,1.07538,1.95693,1.10311,-0.23839,-0.76912,1.39108,1.93712,-1.30449,-0.924245,-0.593442,0.591085,2.77051,1.90655
-1.73458,4.99181,-1.84531,0.915396,0.922887,0.132956,-0.0824675,0.953702,-0.273545,0.937164,-0.803088,0.788729,2.92115,1.55461,-0.748667,-1.34376,1.92798,0.30822,-2.76352,-0.966832,-0.197273,1.64917,3.74429,2.16538
0.770455,2.25931,0.360718,1.7926,-0.782695,-5.39396,-1.48529,0.631275,-3.4199,0.206697,0.354376,-1.23159,1.00278,0.0258636,-0.815769,-0.545581,0.801886,-4.43189,-2.37972,1.04666,1.34618,2.05434,-0.304013,0.116131
-0.670681,-6.17214,0.439446,-0.660572,-0.565352,2.69169,1.47924,-1.25149,0.425165,-0.940661,-1.53942,0.191779,-2.20802,-1.56779,-0.104726,0.860481,-0.677937,2.32767,2.74513,1.82527,0.377268,-2.36499,-4.32562,0.558818
0.0697308,0.517657,-0.108742,-0.340246,0.121272,0.521089,0.0820113,-0.0239572,0.844003,0.108221,0.338062,0.318909,-0.0470542,0.229608,-0.0460301,-0.119959,-0.0920173,0.368762,0.091338,-0.645618,-0.236417,-0.230285,0.792645,-0.0469328
0.920957,-8.45726,1.7998,-1.22531,-1.23242,1.99085,1.27163,-1.66046,0.464771,-1.40401,-0.493096,-0.443666,-3.91854,-2.43071,0.467027,1.8546,-2.0586,1.55872,4.38582,2.12871,0.541725,-3.09671,-6.1658,-1.48176
0.23052,-2.23719,0.559491,0.239774,0.596037,1.07022,0.14575,-0.333516,-1.46047,-0.118758,-0.475874,-0.792018,-0.236148,-0.465176,2.19061,1.18345,-0.216565,1.02612,0.891455,1.35399,-0.312049,0.673156,-1.40187,-1.37845
0.500303,3.66113,-0.22548,-0.577384,-0.752055,-1.54658,-0.524045,0.402323,2.38459,0.304656,1.49438,0.912195,0.0391643,0.867905,-2.44282,-1.32692,-0.185766,-1.69477,-0.990429,-2.50251,-0.10134,-0.666214,2.52188,0.799523
0.610554,2.01646,0.188642,1.3651,-0.176918,-3.39055,-1.12457,0.572977,-2.49435,0.376687,0.295054,-0.901102,1.00468,0.14583,0.0802388,-0.213563,0.577831,-2.79406,-1.80096,0.645083,0.701206,1.82738,0.273018,-0.319043
-0.573933,3.48722,-0.863014,1.49842,-0.136311,-3.03629,-0.755795,0.786151,-2.04182,0.50745,-0.482392,-0.268874,1.95728,0.710857,-1.18505,-1.00279,1.4824,-2.3399,-2.77689,0.193133,0.835806,1.71068,1.36876,1.60761
0.900883,1.25848,0.320222,-2.54824,-2.01823,0.139847,0.238108,-0.37451,6.82308,-0.410446,2.39971,2.21216,-2.83472,0.530307,-4.80645,-1.73985,-1.86429,-0.890773,1.57611,-4.15774,-0.397322,-4.30105,1.18613,1.08962
-1.88728,0.920367,-1.36521,0.0215545,-1.89812,-0.563998,0.827152,-0.00673137,2.23078,-0.253972,-1.06265,1.74451,-0.458772,0.180033,-5.04914,-2.24873,1.03975,-1.01693,-0.714426,-0.953548,1.20768,-2.59382,-0.381812,4.50944
0.389454,-0.285903,0.475424,0.228429,-0.914641,-1.77718,-0.286846,-0.0324039,-0.165696,-0.21935,0.102568,-0.174411,-0.558066,-0.229677,-1.19532,-0.369909,-0.0741087,-1.55225,-0.0665383,0.225896,0.600651,-0.486973,-1.01089,0.395806
0.363786,4.42941,-0.262575,1.18003,1.52709,-1.72945,-1.23245,1.0722,-2.5866,1.02677,0.525108,-0.930218,2.67649,1.08432,2.14513,0.15835,1.06483,-1.0247,-2.59977,-0.127103,-0.514654,3.43148,3.2129,-1.27633
-2.04517,4.82694,-2.05785,1.80321,0.829366,-0.980182,-0.349403,1.13641,-2.21005,0.892473,-1.62093,0.445692,3.45473,1.36955,-0.637224,-1.41741,2.60005,-0.422189,-3.51175,0.226588,0.382011,2.45497,2.94082,2.65572
-0.177993,0.201052,-0.167932,-1.18797,0.349234,2.5311,0.491184,-0.199644,2.70048,0.0135649,0.529747,0.889817,-0.549754,0.443086,0.0550132,0.0107564,-0.639936,1.86082,1.06279,-1.61546,-0.96178,-1.09819,1.3296,-0.274093
-1.46612,11.5798,-2.36689,3.84009,-0.0322813,-7.9815,-2.30571,2.61121,-4.79622,1.71677,-0.601774,-0.380843,5.78292,2.53411,-3.10736,-3.30922,4.1519,-6.24945,-7.86552,-0.47549,1.67546,5.07348,5.59132,3.89826
0.568552,2.55195,-0.0563876,-1.93985,-0.521027,1.16383,-0.00619572,0.0127388,5.12738,0.164687,1.93493,1.71381,-1.07888,0.97931,-2.35507,-1.17349,-1.19251,0.269252,0.627783,-3.73531,-1.04336,-2.22285,2.85383,0.347377
1.2394,-1.42586,1.1862,-0.327288,0.0208116,-0.430736,-0.389436,-0.140204,-0.329707,-0.173983,0.822438,-0.742415,-0.880842,-0.498096,1.19413,0.812178,-1.00052,-0.335413,0.927656,0.295302,-0.126327,0.0426398,-0.853335,-1.99185
0.123663,2.31498,-0.254559,0.21585,0.417049,-0.735371,-0.469938,0.352174,-0.158053,0.389365,0.462657,-0.0555965,0.922898,0.642572,0.126333,-0.2282,0.380886,-0.599324,-1.07458,-0.713506,-0.258013,0.944665,1.73381,-0.196165
-1.23834,1.20591,-0.937766,1.26623,-1.55264,-2.8126,0.113337,0.342863,-0.87317,-0.187829,-1.32934,0.504023,0.45678,0.0643242,-3.59161,-1.77026,1.47364,-2.41405,-1.71525,0.629304,1.74115,-0.451798,-0.959257,3.46592
-0.671649,1.92293,-0.74066,0.109938,-0.703092,-0.836828,0.0269721,0.336088,1.09498,0.180203,-0.128373,0.914657,0.324548,0.465677,-2.30639,-1.21093,0.51782,-0.990312,-1.0114,-0.966141,0.289574,-0.669601,0.950281,1.99309
2.40681,-2.53202,2.0394,-0.751613,-0.679273,-1.83221,-0.581582,-0.501931,0.118579,-0.56543,1.62125,-1.04545,-2.2275,-0.987556,0.612165,0.951991,-1.86557,-1.82824,1.73778,0.099726,0.175984,-0.739338,-2.11326,-2.771
-1.38742,7.91331,-2.24631,-0.506206,1.52556,2.13347,-0.257905,1.19832,3.3936,1.3728,0.712719,1.96416,3.2195,2.85515,-0.937415,-1.9086,1.35823,1.63743,-2.61988,-3.92302,-1.64523,0.954828,7.27449,1.894
-1.0606,0.490494,-0.809983,-0.23812,-0.6454,0.789148,0.543838,-0.200352,1.76921,-0.0118219,-0.361269,1.11357,-0.249595,0.260631,-2.21998,-0.998151,0.352723,0.431844,-0.11642,-0.774762,0.177653,-1.37672,0.316353,2.06812
-0.210688,3.84395,-0.547884,1.99763,-0.470105,-4.56394,-1.07991,0.853546,-2.78804,0.467546,-0.221982,-0.479924,1.97727,0.53667,-1.65435,-1.33268,1.58227,-3.74296,-3.23688,0.500522,1.3283,1.97817,1.08503,1.55342
-2.67871,4.48377,-2.51453,1.55917,0.981706,0.546174,0.0655837,0.961702,-1.36808,0.825156,-1.95452,0.850377,3.45667,1.48174,-0.799044,-1.42641,2.65817,0.66849,-3.22326,0.0171757,0.158875,1.85729,3.05666,3.29625
1.6336,-5.86174,2.00843,-0.19889,-0.660787,-0.501607,0.0855081,-1.01177,-1.60777,-0.904241,0.127166,-1.41589,-2.51757,-1.86652,1.77743,1.90782,-1.60164,-0.234277,2.58698,2.2361,0.54305,-0.714014,-4.63329,-2.51791
-0.336754,-3.96324,0.203522,-0.251981,0.798068,2.93379,0.905673,-0.681223,-0.740569,-0.397539,-1.12397,-0.414603,-0.583661,-0.829631,2.41667,1.4683,-0.271401,2.74702,1.76077,1.61608,-0.405004,-0.118682,-2.10816,-0.968923
-1.01951,-3.50889,-0.226186,-1.00025,-1.28672,2.18635,1.39848,-0.847776,2.57909,-0.846518,-1.02626,1.29071,-2.0666,-0.812021,-2.45983,-0.526413,-0.367253,1.50605,2.00106,0.123658,0.428862,-3.23341,-2.50784,2.15433
-0.692475,-0.434277,-0.327138,1.44239,2.04763,1.07959,-0.0470441,0.421345,-4.03392,0.398681,-1.47156,-1.3408,2.2965,-0.0565439,4.16999,1.42012,1.19119,1.70011,-0.94918,2.4415,-0.33107,3.19018,0.126616,-1.31699
0.636204,0.509234,0.434165,-0.322793,-0.0904987,-0.406034,-0.342712,0.0303528,0.523796,0.0236711,0.761165,0.0504804,-0.281448,0.166329,-0.10007,0.00479181,-0.528879,-0.50261,0.148081,-0.662912,-0.296443,-0.0555109,0.417434,-0.69375
-1.16234,-0.564441,-0.70188,1.28997,0.0777843,-0.39533,0.191002,0.184229,-2.48597,0.0533722,-1.69432,-0.370518,1.00062,-0.322579,0.288985,0.00781334,1.14101,-0.010684,-0.942375,1.94625,0.804237,1.04863,-1.10596,1.22503
-2.4501,-3.54341,-1.23175,-0.170559,-0.574188,3.3373,1.80488,-0.653665,0.889009,-0.58537,-2.56515,1.20723,-0.747781,-0.757553,-1.6197,-0.364296,0.817338,2.76842,1.37167,1.28494,0.519616,-2.17894,-2.54396,3.0759
1.26814,3.09721,0.49942,-0.829972,0.152119,-1.0166,-0.876676,0.380444,2.07636,0.432914,2.09128,0.235365,-0.104331,0.907753,-0.316684,-0.335187,-0.850798,-1.08748,-0.367229,-2.26764,-0.796149,0.125273,2.63221,-1.32017
-0.466236,3.38037,-0.778108,2.00756,0.351871,-3.35839,-0.886714,1.01509,-3.52647,0.648702,-0.784583,-0.681594,2.4705,0.602311,-0.0509684,-0.68335,1.85133,-2.461,-3.14198,1.0106,0.9598,2.76125,1.20318,1.07703
0.377294,-4.87119,0.88708,-1.04677,-0.570303,1.95968,1.04099,-1.06542,1.24472,-0.788713,-0.249156,0.0658612,-2.36334,-1.17227,0.168129,0.866039,-1.18784,1.51061,2.71182,0.780764,0.0145605,-2.16872,-3.12673,-0.575439
-1.6339,-0.057331,-1.18823,-0.322594,1.16688,3.75,0.87242,-0.144594,0.672208,0.168803,-1.25655,0.781732,0.997896,0.48671,1.02579,0.186154,0.767621,3.26432,0.248598,0.0226671,-0.655441,-0.0835075,1.02419,0.920388
0.847625,1.53546,0.46336,-0.802546,-2.43211,-3.04765,-0.431771,-0.110951,3.14018,-0.430457,1.68999,1.10092,-1.82734,0.186985,-4.6563,-1.72383,-0.851977,-3.2006,0.023354,-2.28653,0.726681,-2.6596,0.0473591,1.43395
1.33233,-1.30261,1.12531,-0.0246312,-1.29892,-2.77284,-0.563078,-0.266543,-0.475454,-0.456678,0.837596,-0.564505,-1.42202,-0.709027,-1.07286,0.00967001,-0.755563,-2.50892,0.444135,0.401232,0.732828,-0.647876,-1.90153,-0.742634
1.90341,-2.1803,1.7652,0.744113,-0.344869,-3.11486,-0.949013,-0.109116,-3.26748,-0.32652,0.58578,-1.92496,-0.934094,-1.14717,1.7672,1.34538,-0.795424,-2.42537,0.454041,2.02711,0.715026,1.3299,-2.63857,-2.57756
-0.753519,6.79092,-1.41696,0.938435,0.184813,-2.4758,-0.874569,1.26085,0.0731552,1.04022,0.393896,0.6864,2.57112,1.70394,-1.924,-1.85129,1.63937,-2.17091,-3.50045,-1.81197,0.13506,1.46952,4.2058,2.01792
0.402288,4.23238,-0.296047,1.34481,1.787,-1.70847,-1.30572,1.07562,-3.26691,1.10506,0.395553,-1.14172,2.90536,1.08089,2.89773,0.497076,1.12324,-1.01001,-2.6827,0.297677,-0.475372,3.99912,3.17519,-1.64424
-1.77455,6.13616,-2.18544,-1.37106,0.587124,3.13057,0.474377,0.684345,5.46662,0.81442,0.681647,2.80196,1.64849,2.41546,-2.71289,-2.25774,0.798118,2.1419,-1.33584,-4.42592,-1.4438,-1.25272,6.04174,2.84299
-0.668239,-1.23598,-0.390318,-1.66173,-0.229407,3.40638,1.09572,-0.541126,3.82072,-0.29117,0.173782,1.41995,-1.33947,0.126279,-1.12663,-0.258747,-0.755394,2.48861,1.73163,-1.61931,-0.65474,-2.54738,0.264248,0.891606
0.492454,6.70959,-0.506142,2.1994,-0.31894,-6.79197,-2.13334,1.57288,-3.3745,0.955287,0.87252,-0.944967,2.77943,1.24203,-1.61116,-1.60727,1.58642,-5.50706,-4.45101,-0.309379,1.17899,3.23775,2.6932,0.759271
0.646201,0.0710939,0.324075,1.39892,2.20234,-0.289945,-0.826615,0.383333,-4.8399,0.71075,-0.447479,-2.12579,2.05038,-0.0289222,5.19765,1.86859,0.627398,0.560444,-1.04278,2.33205,-0.533473,3.92949,0.362771,-3.13791
-0.241998,-1.97603,0.0192339,-0.313515,0.796393,2.43208,0.553767,-0.263379,-0.270954,-0.125539,-0.677342,-0.207509,-0.104907,-0.38181,1.71367,0.917482,-0.256028,2.18601,1.05888,0.756913,-0.448006,0.121319,-0.761918,-0.749432
0.255215,-0.808265,0.208512,-0.0305643,2.69987,3.23338,-0.108537,0.0892813,-1.87354,0.575345,-0.126297,-1.14728,1.41803,0.205805,5.44171,2.19762,-0.0554473,3.2543,0.555948,0.991528,-1.53551,2.49903,1.15297,-3.17071
-0.926329,-3.35075,-0.136592,0.475301,-1.73947,-0.621121,0.856665,-0.702986,-0.487791,-0.847288,-1.61849,0.234689,-1.44949,-1.23162,-2.54534,-0.546946,0.414858,-0.703562,0.694437,1.64166,1.48695,-1.85699,-3.81389,2.40421
-0.402878,6.29946,-1.19234,2.73542,2.24601,-3.09463,-1.7033,1.63922,-5.38528,1.47548,-0.561349,-1.49969,4.92279,1.51999,3.08332,0.11014,2.52757,-1.64837,-4.6516,1.04541,0.0181741,5.73382,4.06638,-0.618857
-1.28445,1.33659,-1.11899,-0.276974,-0.132173,1.29409,0.670551,0.13098,1.83332,0.0945399,-0.415047,1.18365,0.462379,0.656863,-1.77109,-1.10601,0.678798,0.825036,-0.353416,-1.0093,-0.0920235,-0.979197,1.24103,2.06957
-0.695019,-1.48687,-0.250078,1.15915,-0.846139,-1.39149,0.281115,-0.0919918,-1.90126,-0.418801,-1.42993,-0.339141,-0.00748754,-0.792582,-1.23291,-0.246252,0.860226,-1.21085,-0.454374,1.669,1.26477,-0.167709,-2.54446,1.54968
1.14903,-6.23779,1.63035,-2.5449,-0.236685,4.34714,1.30368,-1.47575,3.54406,-0.94882,0.884132,0.30449,-3.73737,-1.36238,1.36012,1.65537,-2.66314,3.36003,4.71464,-0.519312,-1.00698,-3.41431,-2.88401,-2.28781
1.19422,3.74583,0.244269,-0.239558,0.309839,-1.76489,-1.13355,0.627711,0.815272,0.644778,1.96077,-0.0642987,0.665981,0.973329,0.135005,-0.305153,-0.438086,-1.57753,-1.10643,-1.96778,-0.503736,0.990612,2.95601,-1.25795
1.65718,-3.01294,1.5321,-1.50082,-0.439979,0.859944,0.131631,-0.78067,1.92367,-0.604356,1.46715,-0.126808,-2.49234,-0.769033,0.544316,0.914961,-2.05344,0.409256,2.50224,-0.524467,-0.499867,-1.68054,-1.53317,-2.20958
1.26456,-3.62645,1.3224,-1.4271,-1.67628,-0.117445,0.424392,-0.93256,2.56963,-0.871412,1.07631,0.439227,-3.33547,-1.04747,-1.88267,0.0369412,-1.87345,-0.561249,2.72373,-0.577178,0.295506,-3.07724,-2.85583,-0.490567
-1.31385,2.15777,-1.21338,0.396163,-0.339496,-0.218419,0.15865,0.346428,0.680677,0.220012,-0.691244,0.955259,0.98246,0.605094,-2.04689,-1.24721,0.95612,-0.299581,-1.31567,-0.620825,0.365697,-0.255925,1.24709,2.40559
-0.709521,-3.77506,0.0674753,-0.503861,-1.5894,0.747991,0.998271,-0.7523,1.20322,-0.904503,-1.05786,0.653434,-2.01213,-1.10298,-2.36317,-0.448213,-0.374301,0.394132,1.56526,0.833123,0.895207,-2.71567,-3.23314,1.97703
-1.14397,3.45044,-1.28062,0.293411,0.164871,0.111127,-0.0995083,0.597938,0.85609,0.462744,-0.289325,0.934138,1.58838,1.11605,-1.44667,-1.24067,1.08986,0.00658357,-1.72182,-1.20986,-0.130645,0.387704,2.52414,2.00907
0.106604,1.26689,0.0906696,2.46961,-1.13968,-5.84829,-1.12979,0.651636,-4.46182,-0.000316499,-0.755021,-1.33606,1.05906,-0.532991,-1.45276,-0.721821,1.31178,-4.51752,-2.56227,2.17727,2.03914,1.84247,-1.7173,1.10954
1.3466,-6.50095,1.86232,-1.30478,-0.121294,2.45857,0.70159,-1.20309,0.371702,-0.930654,0.252878,-0.80772,-2.85701,-1.68343,2.34862,2.17611,-2.16115,2.05317,3.67752,1.22205,-0.331319,-1.59842,-3.77984,-2.88073
1.41668,0.651372,0.869646,-1.06369,-0.427168,-0.640157,-0.462406,-0.110703,2.05156,-0.0730015,1.93495,0.169822,-1.14298,0.108893,-0.430807,-0.0527952,-1.31816,-0.876986,0.802751,-1.72513,-0.506131,-0.887109,0.793531,-1.44651
2.17885,-6.18429,2.32582,-0.649069,0.866656,1.50541,0.120288,-1.07567,-1.89782,-0.665826,0.611873,-1.99557,-2.08309,-1.77616,4.72866,3.07819,-2.05011,1.56639,3.22553,2.18336,-0.665852,0.31566,-3.65711,-4.73852
1.20217,-1.72974,1.21565,0.674499,-0.75792,-3.03834,-0.643093,-0.145593,-2.27452,-0.420152,0.305683,-1.32931,-0.716653,-0.863564,0.339945,0.656453,-0.450241,-2.39885,0.106101,1.47205,0.854145,0.593074,-2.48875,-1.29169
0.554879,2.10099,0.0763305,1.0005,-1.17617,-4.61179,-1.02481,0.453864,-1.47384,0.0985289,0.515975,-0.395763,0.227876,0.0536936,-2.11419,-0.932765,0.45758,-3.82054,-1.76105,0.0814994,1.21725,0.737137,-0.113503,0.8449
-0.796993,-5.17985,0.143903,-1.08108,-1.87832,1.98237,1.5156,-1.24096,2.51199,-1.16649,-1.01062,1.13009,-2.9258,-1.34314,-2.75669,-0.19867,-0.800517,1.18936,2.68345,0.489623,0.774652,-3.79573,-3.94032,1.88054
-0.0127471,5.90373,-0.75393,1.66305,0.654764,-3.69865,-1.54353,1.34414,-2.57428,0.95296,0.431036,-0.638356,2.92852,1.42253,-0.00447245,-0.970616,1.55619,-2.88418,-3.61152,-0.501262,0.216381,3.12827,3.38734,0.283375
-0.1092,-0.567005,-0.147431,0.0669537,4.10784,5.28727,0.0563925,0.177186,-2.59643,0.867171,-0.580662,-1.21103,2.59252,0.547038,7.82039,2.91637,0.13941,5.1826,0.328227,1.30737,-2.31281,3.73018,2.34304,-4.14332
0.959212,-6.19112,1.57778,0.133852,-1.62754,-1.52349,0.437273,-1.10451,-1.65266,-1.14952,-0.553285,-1.16895,-2.81748,-2.14008,-0.278711,1.05341,-1.00483,-1.20288,2.36986,2.55915,1.40994,-1.56432,-5.65934,-0.701372
0.015663,-0.566881,0.0671868,-0.265544,-0.737581,-0.465032,0.180765,-0.170868,0.71624,-0.163736,0.126192,0.302948,-0.739682,-0.208303,-1.32592,-0.259939,-0.225377,-0.604252,0.295251,-0.126591,0.389647,-0.911759,-0.651892,0.515683
-1.08849,3.40324,-1.32364,0.453996,1.67903,1.57039,-0.0913018,0.748807,-0.484002,0.854513,-0.433107,0.329939,2.55298,1.19884,1.50293,-0.155951,1.25412,1.62117,-1.75331,-0.533676,-0.836983,1.97346,3.43631,0.274122
2.33683,-6.48949,2.53854,0.0153692,0.60586,-0.206753,-0.276439,-1.01775,-3.6322,-0.722378,0.289476,-2.67949,-1.94754,-2.10201,4.93048,3.17349,-1.79215,0.282892,2.70842,3.37627,0.0583273,1.02343,-4.61491,-4.96579
0.183254,-1.35785,0.366426,1.22102,1.39835,-0.0353522,-0.309443,0.127098,-4.00183,0.158026,-0.898945,-1.5794,1.203,-0.531853,3.7565,1.62028,0.465635,0.576689,-0.391265,2.52864,-0.113642,2.56645,-1.08318,-1.97091
1.82092,-4.29584,1.73484,-1.57516,0.187619,1.81055,0.368261,-0.839388,1.23405,-0.573477,1.19018,-0.528325,-2.3812,-0.991964,2.16519,1.80125,-2.18494,1.43694,3.14461,0.160403,-0.834169,-1.23936,-1.98321,-3.14026
-1.04205,4.88397,-1.48958,0.476663,0.59641,-0.266553,-0.395104,0.918483,0.368944,0.823721,0.0123919,0.745278,2.34545,1.51349,-0.808679,-1.30376,1.35314,-0.211274,-2.4076,-1.38478,-0.24709,1.2258,3.67135,1.58854
-0.298355,-0.414041,-0.0164746,0.703973,0.0301335,-0.870043,-0.136076,0.138175,-1.66666,0.0368563,-0.611223,-0.584441,0.457402,-0.295186,0.446633,0.198304,0.398113,-0.499059,-0.363316,1.00698,0.453482,0.659177,-0.735381,0.0698122
2.34764,-2.27948,2.11228,-0.154069,-1.12971,-3.11634,-0.774298,-0.416235,-0.890485,-0.548321,1.48832,-1.19339,-2.04546,-1.0921,0.101315,0.790472,-1.53379,-2.77025,1.28744,0.604796,0.67408,-0.375754,-2.65148,-2.38058
-0.0983996,2.43907,-0.263827,1.54552,0.401489,-2.65727,-0.895556,0.735154,-3.13439,0.662124,-0.355292,-0.998307,1.78744,0.327833,0.642282,-0.14667,1.19782,-1.90455,-2.28802,0.978557,0.614813,2.46178,0.80425,0.0960904
1.26091,-5.43959,1.70348,-0.698857,-1.18079,-0.272725,0.268132,-1.07695,0.0548889,-1.102,0.307504,-0.78874,-3.0215,-1.71314,0.0426921,1.16747,-1.66273,-0.442943,2.74753,1.41623,0.653311,-1.8386,-4.39816,-1.39456
-0.815327,-1.85105,-0.351627,0.132217,0.533336,1.96127,0.702013,-0.224607,-0.625572,-0.0842095,-1.20876,-0.0415605,0.087523,-0.434556,1.04418,0.46866,0.32256,1.8006,0.697486,1.00124,-0.140715,-0.0509266,-0.856166,0.174031
1.44884,4.54782,0.607193,2.16723,-2.58979,-9.5027,-2.2104,0.923434,-2.98671,0.141449,1.25606,-1.08755,0.478543,0.237906,-4.06555,-2.01733,0.835081,-8.10912,-3.53537,0.181398,2.44576,1.39814,-0.199166,1.16019
0.137868,-0.55117,0.147345,-0.416765,-2.21985,-1.98073,0.308772,-0.370321,2.2979,-0.587329,0.448087,0.979874,-1.93876,-0.384523,-4.12317,-1.50404,-0.483305,-2.16614,0.541469,-1.0055,1.09957,-2.74557,-1.46592,2.07316
-0.238932,5.01955,-0.745079,0.808538,0.13891,-2.45537,-0.860088,1.01353,-0.247993,0.694657,0.570789,0.275037,1.94394,1.21272,-1.32081,-1.37896,1.05654,-2.21282,-2.61512,-1.23737,0.0654913,1.41543,3.04457,1.16817
-0.620236,0.872825,-0.587223,0.0063233,0.066145,0.441311,0.203256,0.129687,0.550133,0.239478,-0.15891,0.526052,0.380021,0.348946,-0.618632,-0.553845,0.377073,0.338831,-0.403805,-0.557312,-0.0165552,-0.142644,0.750862,0.878033
-0.16319,-0.995339,-0.108659,-1.21007,1.72492,4.46911,0.697595,-0.288517,1.51416,0.238753,0.0788987,0.285276,0.171759,0.219603,2.90029,1.19669,-0.657342,3.95217,1.53811,-0.51381,-1.70835,-0.0410442,1.33037,-1.59273
0.325682,-3.91168,0.867218,1.58265,-0.918934,-2.99567,-0.155646,-0.324226,-4.48922,-0.567393,-1.25504,-1.78597,-0.708847,-1.62092,0.518465,0.873424,0.344575,-2.11116,0.10187,3.64018,1.73564,0.816903,-4.71093,-0.345577
-1.40731,1.9644,-1.32226,-0.909224,0.478185,3.28303,0.916906,0.149101,3.22681,0.276176,-0.258651,1.7971,0.705088,1.15809,-1.12174,-0.983554,0.456788,2.48179,-0.0277368,-1.99468,-0.819072,-1.20496,2.56226,1.77589
-0.379555,-2.91037,0.243263,0.267014,-2.05952,-1.68091,0.50965,-0.560338,0.0459167,-0.902533,-0.91406,0.234824,-1.77147,-1.23899,-3.11456,-0.741141,-0.0259828,-1.68542,0.691944,1.04292,1.66053,-2.17655,-3.62085,2.0445
-0.982766,-1.1917,-0.613682,-1.35198,2.27264,6.25216,1.0618,-0.297678,1.8946,0.329042,-0.417131,0.679366,0.525738,0.5058,3.35623,1.30902,-0.329404,5.33433,1.69475,-0.583835,-2.02257,-0.127527,1.63956,-1.1616
0.879151,-1.66514,0.863883,-2.00442,-2.9591,-1.02259,0.597089,-0.883003,5.18901,-0.945639,1.45937,1.60136,-3.75886,-0.693056,-5.3058,-1.5127,-1.86595,-1.84694,2.15292,-2.34466,0.813639,-4.82454,-1.98257,1.64533
0.0275205,-4.85428,0.578021,-1.13715,1.24941,4.79156,1.13043,-0.903581,0.447377,-0.376155,-0.636723,-0.27116,-1.20431,-0.934554,3.31502,2.05238,-0.983933,4.20908,2.88854,1.06681,-1.208,-0.646401,-1.75907,-2.00129
-0.847217,1.78765,-0.804501,-0.98964,-0.431961,1.26642,0.50292,-0.00374342,3.39323,0.0890987,0.354888,1.72724,-0.152921,0.729411,-2.73948,-1.38307,0.0206778,0.670504,-0.0286471,-2.14314,-0.243833,-1.91453,1.73584,2.16134
0.424213,0.806302,0.224667,0.175018,-2.00379,-3.45801,-0.382362,-0.0557138,0.588945,-0.33188,0.533791,0.336574,-0.954291,-0.213695,-3.51367,-1.31212,-0.0920056,-3.26561,-0.600854,-0.496008,1.29084,-1.30238,-0.929503,1.58977
2.72086,0.512879,1.80919,1.64789,-0.406256,-6.3781,-2.04198,0.304919,-4.94899,0.0510092,1.4,-2.71871,0.186711,-0.607984,1.68703,0.903039,-0.361119,-4.97145,-1.42803,1.79931,1.05232,3.01867,-1.49913,-3.15343
1.20033,-5.19358,1.52626,-2.18866,0.595686,4.11708,0.80251,-1.17638,2.32746,-0.605556,0.904898,-0.139745,-2.8399,-1.02069,2.58581,2.00523,-2.28779,3.31311,3.89119,-0.157424,-1.36508,-2.03769,-1.89171,-3.15006
-1.3389,1.14606,-1.06412,1.79631,-0.0779432,-1.67613,-0.0640754,0.453625,-2.77802,0.211897,-1.69571,-0.273733,1.67228,-0.0224394,-0.903891,-0.705408,1.80049,-1.16208,-2.04759,1.63901,1.15369,1.33939,-0.354532,2.2039
0.91758,1.11003,0.452034,-1.11534,-1.10926,-0.800511,-0.229139,-0.0732519,2.97377,-0.122916,1.64074,0.709289,-1.33636,0.229513,-2.13096,-0.795955,-0.995555,-1.19772,0.528717,-2.22913,-0.16562,-1.67235,0.84043,0.0635023
-0.687637,-6.14277,0.461331,-0.316107,-0.29622,2.93232,1.36806,-1.0456,-0.383821,-0.909354,-1.60151,-0.235213,-1.82853,-1.548,0.971733,1.28378,-0.551643,2.39223,2.68852,2.19331,0.346363,-1.61806,-4.18901,-0.0832158
-2.11127,1.00534,-1.62275,-0.434199,-0.313296,2.49189,1.08845,-0.000565018,2.43634,0.11693,-1.28522,1.79692,0.487637,0.55737,-2.55577,-1.40408,0.983189,1.76152,-0.269467,-1.06808,-0.106308,-1.57526,1.10818,3.23925
-0.166529,2.72868,-0.475091,0.900515,0.951327,-0.792694,-0.583768,0.624379,-1.71441,0.622527,-0.0884184,-0.426578,1.82065,0.624018,1.22992,-0.0307502,0.740987,-0.422556,-1.68516,0.0723779,-0.22954,2.13078,1.99987,-0.312791
0.94787,2.80224,0.287697,-0.216093,0.66595,-0.802547,-0.798701,0.498232,0.233832,0.451311,1.40536,-0.291758,0.749298,0.783934,1.0368,0.109924,-0.441352,-0.639792,-0.754511,-1.15867,-0.635247,1.2218,2.43076,-1.63693
0.402316,-0.645222,0.558255,2.52627,-0.380266,-4.9173,-1.00226,0.4172,-5.90799,-0.0268467,-1.08773,-2.16944,0.969997,-0.924616,0.799936,0.490448,1.15492,-3.5395,-1.81006,3.43353,1.73469,2.63391,-2.72253,-0.346976
-1.35978,2.25537,-1.16482,1.35206,-0.812358,-2.27182,-0.151702,0.480908,-1.16892,0.118872,-1.15788,0.352776,1.17798,0.330355,-2.64677,-1.49339,1.61378,-1.859,-2.1345,0.538081,1.20057,0.417823,0.14696,2.9003
-0.731162,2.96915,-1.04865,0.855309,-0.0478761,-1.08333,-0.301312,0.561316,-0.362584,0.441183,-0.390807,0.423149,1.39408,0.752356,-1.08886,-0.97576,1.11193,-0.926512,-1.88848,-0.380012,0.190634,0.780765,1.71907,1.5834
-0.053399,0.383066,-0.0720406,-0.460569,-0.271415,0.271332,0.0867749,-0.0473573,1.56504,-0.0265214,0.232663,0.562903,-0.357992,0.173827,-1.05011,-0.473962,-0.216041,0.0710938,0.245249,-0.848798,-0.191652,-0.869147,0.386457,0.4464
1.3165,-4.75616,1.49738,-3.4431,-0.302149,5.00376,1.30459,-1.46864,5.67184,-0.809683,1.77118,1.06656,-3.86405,-0.690898,0.49924,1.27046,-3.10889,3.65755,4.75336,-2.1118,-1.61928,-4.0775,-1.29706,-2.18033
1.05478,-3.7312,1.32813,-0.150257,-1.19979,-1.37289,0.0850296,-0.856032,-0.315173,-0.856726,0.256413,-0.558674,-2.27975,-1.30699,-0.637013,0.498842,-1.0442,-1.3743,1.65987,1.14291,0.935252,-1.39853,-3.40741,-0.741847
0.340133,-0.624551,0.509438,1.46907,0.0399778,-2.46763,-0.674632,0.233063,-3.98474,-0.0052928,-0.642704,-1.48556,0.682557,-0.606494,1.28188,0.685769,0.507796,-1.71624,-1.0682,2.18306,0.843231,1.90263,-1.65413,-0.736374
-0.122896,-1.71709,0.212759,-0.6108,-1.10977,0.198307,0.619173,-0.479922,1.64985,-0.518426,-0.0646908,0.688432,-1.48828,-0.508274,-2.02312,-0.406319,-0.437704,-0.157607,1.09061,-0.155679,0.398506,-1.959,-1.61981,1.12231
0.103202,1.51648,-0.00962888,1.08917,0.590474,-1.7318,-0.818445,0.507733,-2.58958,0.376164,-0.0661153,-0.858318,1.41702,0.169563,1.2595,0.16281,0.629431,-1.17842,-1.41245,0.893952,0.209996,2.1241,0.660006,-0.648633
-0.0246065,3.09378,-0.531471,0.366971,0.281618,-1.00065,-0.561423,0.598997,-0.0201568,0.439761,0.479621,0.179634,1.21304,0.818625,-0.397429,-0.755142,0.544657,-0.810756,-1.52732,-0.991607,-0.122744,0.841032,2.1794,0.425579
-0.577227,-0.954185,-0.185254,0.736996,-0.453688,-0.690073,0.273438,-0.0617598,-1.35819,-0.16939,-0.961393,-0.204412,0.0187714,-0.472305,-0.556182,-0.141348,0.566451,-0.520876,-0.337481,1.27907,0.739258,0.0715917,-1.43509,1.013
-0.407074,4.84654,-0.860592,2.21302,-1.56769,-6.48159,-1.39444,1.17709,-2.58263,0.34016,-0.178368,-0.300741,1.82818,0.589162,-3.65428,-2.16448,1.70543,-5.32338,-3.87125,0.100385,1.93926,1.61574,0.988835,2.70716
0.0391375,-1.05069,-0.0614254,-2.19644,0.80804,4.72906,0.921666,-0.624086,4.2795,-0.12776,0.82417,1.2875,-1.15911,0.291238,0.768636,0.50313,-1.39004,3.74445,2.30252,-2.15053,-1.90904,-1.883,1.56084,-1.00407
1.25906,4.59689,0.283461,-0.457885,-0.856124,-3.01878,-1.15799,0.56941,2.2689,0.408287,2.32416,0.51391,0.00975367,1.12904,-2.40206,-1.42783,-0.535296,-2.99273,-1.3518,-2.90647,-0.104335,-0.298923,2.89564,-0.00434738
1.28355,-2.59359,1.2911,0.00136895,-0.665125,-1.6925,-0.298917,-0.374871,-1.05534,-0.549299,0.627292,-0.986943,-1.42672,-0.9489,0.411833,0.832376,-0.965415,-1.38968,1.12677,1.0339,0.433043,-0.272114,-2.48245,-1.55388
-2.64986,-1.80929,-1.72869,-1.29205,-0.609764,4.899,2.18344,-0.663008,4.07008,-0.496239,-1.79319,2.55249,-0.893772,-4.16841e-06,-2.8692,-1.25632,0.47181,3.71126,1.49706,-0.960606,-0.08989,-3.44048,-0.424922,3.80369
-0.864134,1.66323,-0.670222,0.879308,0.360418,-0.41406,-0.14886,0.43379,-1.14773,0.273478,-0.702078,-0.0242297,1.35932,0.448592,0.0680194,-0.375793,0.943863,-0.250989,-1.33344,0.407904,0.281069,1.00136,0.787685,0.987022
0.527175,-1.73478,0.636981,-0.981003,-0.807709,0.351435,0.357782,-0.52722,1.98602,-0.490561,0.642441,0.433918,-1.74754,-0.350351,-1.08027,-0.0292658,-1.1229,0.0282578,1.46977,-0.582305,-0.0454731,-1.87607,-1.0542,-0.0300457
-1.01552,3.30747,-1.22185,0.26719,-0.623404,-1.03166,-0.0997031,0.513544,1.21139,0.317882,-0.141249,1.11414,0.908448,1.00657,-2.91325,-1.72133,1.00356,-0.959109,-1.71107,-1.28786,0.426731,-0.403581,1.89149,2.59897
1.88276,-3.86149,1.83104,-1.47832,-1.84646,-0.759575,0.157936,-1.02188,2.58125,-1.076,1.55156,0.0985381,-3.54494,-1.264,-1.60024,0.251257,-2.24097,-1.11492,2.89008,-0.664496,0.427219,-3.08116,-2.92874,-1.2492
-0.22439,-0.222524,-0.106846,0.281555,0.891583,0.930095,0.0523658,0.103152,-1.30369,0.173638,-0.512818,-0.467891,0.864062,-0.0698593,1.81799,0.688595,0.285585,1.03802,-0.195502,0.801548,-0.279558,1.15098,0.30552,-0.681635
1.25227,-3.33558,1.31747,-0.62445,-0.733719,-0.335798,-0.0154234,-0.752617,0.280859,-0.638317,0.645824,-0.451573,-2.08612,-1.06625,0.141173,0.760988,-1.35167,-0.431137,1.91481,0.488873,0.201998,-1.14355,-2.60987,-1.43833
-0.853136,2.06847,-1.02597,-2.27558,-0.790027,3.12311,1.1042,-0.186623,6.61331,0.0238122,0.964924,2.87603,-1.18325,1.03166,-3.89766,-1.91108,-0.611701,1.81611,0.924518,-3.94599,-0.955879,-3.56043,2.71782,2.50865
1.1855,-4.0631,1.53414,1.01235,-2.27869,-4.62101,-0.469892,-0.504824,-2.68934,-1.13497,-0.306802,-1.34863,-2.14585,-1.85245,-1.98957,0.127075,-0.555593,-3.95327,0.652107,2.5419,2.20767,-0.868709,-5.21503,0.0811359
-0.127788,-3.68544,0.422344,-1.27574,-1.00351,1.90864,1.11858,-0.936146,2.42872,-0.824614,-0.195297,0.786363,-2.35765,-0.82062,-1.35705,0.0397444,-1.04208,1.32218,2.404,-0.171196,0.181737,-2.84327,-2.43196,0.588646
-0.167795,0.981949,-0.232866,1.55058,0.911424,-1.39926,-0.539576,0.523555,-3.65786,0.396482,-0.715023,-1.31707,1.7589,-0.0490392,2.02173,0.67831,1.0852,-0.635823,-1.60786,1.71291,0.304553,2.61934,0.178859,-0.617516
-0.789957,-4.31616,0.105966,-0.940917,0.699778,4.26398,1.28875,-0.760303,0.732678,-0.369636,-1.2207,0.217244,-1.08717,-0.922239,1.77247,1.26846,-0.450652,3.7057,2.34243,1.09976,-0.616086,-1.1865,-1.85345,-0.486244
0.243336,-2.99288,0.790985,-1.325,-1.41862,0.952481,0.815647,-0.817603,2.92631,-0.751682,0.438009,0.835197,-2.59812,-0.787582,-2.07576,-0.103913,-1.28817,0.343314,2.20685,-0.77524,0.20908,-3.14956,-2.08231,0.575567
-1.05388,2.46326,-0.955908,0.952862,-0.00265343,-1.20424,-0.265441,0.607858,-1.3237,0.313226,-0.763992,0.164517,1.64101,0.577115,-0.927785,-0.985844,1.49028,-0.871346,-1.98077,0.150345,0.449093,1.04643,1.20042,1.66649
1.41476,-0.150931,1.14447,3.18961,0.881124,-5.51037,-1.77293,0.802622,-8.50309,0.426002,-0.688405,-3.5156,2.10085,-0.827457,4.15325,1.64667,1.09856,-3.66762,-2.38031,4.31015,1.42667,5.17588,-2.20408,-2.75748
0.0409225,-0.609336,0.367393,2.18556,-1.47794,-5.11701,-0.716802,0.24558,-4.20257,-0.278306,-1.05872,-1.30903,0.284514,-0.856463,-1.63874,-0.561502,1.05578,-3.98552,-1.65479,2.60679,2.15897,1.05913,-3.00146,1.23592
1.10753,2.00074,0.528043,-0.547679,-0.509413,-1.58151,-0.728949,0.257978,1.39742,0.15038,1.74302,0.161139,-0.474545,0.373146,-0.994098,-0.456153,-0.787045,-1.64565,-0.31792,-1.65681,-0.265553,-0.351219,1.42254,-0.695514
-0.515066,7.44075,-1.25576,2.14345,1.05321,-3.95059,-1.62129,1.63842,-3.19108,1.29286,0.193747,-0.525068,4.10059,1.81256,0.0823237,-1.31368,2.19739,-2.89776,-4.84151,-0.456647,0.118688,3.99953,4.55399,0.878593
2.15233,-4.17763,2.03781,-1.00069,1.01727,1.34356,-0.211126,-0.739393,-0.825052,-0.417221,1.18757,-1.51435,-1.72684,-1.05875,4.292,2.60654,-1.91688,1.29237,2.63878,1.1267,-0.935557,0.33038,-1.99865,-4.63192
0.382438,-3.86587,0.784272,0.00625727,-1.86115,-1.3852,0.52376,-0.757945,-0.200015,-0.956032,-0.467719,-0.240433,-2.36803,-1.39812,-1.84299,0.0420358,-0.723477,-1.36996,1.36748,1.25406,1.20925,-2.03465,-3.96797,0.515745
0.425736,-3.8771,0.815512,-0.696772,-1.45553,0.121754,0.638723,-0.76558,1.22719,-0.90469,-0.113551,0.138092,-2.54927,-1.19586,-1.5654,0.179494,-1.00475,-0.187574,2.07586,0.487352,0.619793,-2.58161,-3.36972,0.322248
-0.246774,3.61747,-0.716527,0.515766,1.20445,-0.139839,-0.689832,0.722827,-0.901465,0.834825,0.261293,-0.0435092,2.14482,1.13847,1.30249,-0.128173,0.872202,0.162374,-1.769,-0.637913,-0.640283,2.0128,2.96288,-0.314372
-0.40577,2.04095,-0.517218,-0.681454,-0.509808,0.136467,0.156193,0.156527,2.47441,0.142139,0.552183,1.18393,-0.081794,0.699439,-2.2528,-1.15751,-0.0108359,-0.308048,-0.37081,-1.82606,-0.230806,-1.27435,1.68532,1.36116
0.209789,2.99238,-0.182846,1.47708,0.424134,-2.99597,-1.06158,0.762427,-2.92071,0.586277,-0.0203842,-0.932025,2.03815,0.507916,0.751537,-0.21828,1.10192,-2.22006,-2.38065,0.763379,0.440053,2.57151,1.32064,-0.303617
1.20093,1.95963,0.712541,1.3808,-1.08148,-5.50311,-1.46506,0.569024,-2.65653,0.0572487,0.809318,-1.1599,0.32304,-0.0896432,-1.30667,-0.603416,0.326064,-4.70004,-1.92371,0.580809,1.30351,1.41812,-0.620883,-0.183677
1.67109,-2.5316,1.51849,1.1915,1.13298,-1.47316,-0.869641,-0.107521,-5.01016,-0.0320641,-0.115018,-2.62683,0.348747,-1.01802,4.69833,2.40711,-0.337365,-0.547549,0.309559,3.00292,-0.00212856,2.9148,-2.27321,-3.89544
0.937817,-1.46701,0.787976,-1.558,0.149533,2.09095,0.274642,-0.567634,2.62669,-0.283372,1.26325,0.290014,-1.48484,-0.0892793,0.649767,0.633974,-1.53885,1.56889,2.0096,-1.34264,-1.00231,-1.39588,0.157221,-1.6502
-0.00791337,-3.95503,0.530367,-0.235392,1.1146,2.95206,0.59118,-0.541255,-1.12256,-0.249831,-0.736542,-0.808642,-0.432972,-0.88453,3.42589,1.86823,-0.542503,2.75563,1.75612,1.78751,-0.628285,0.397693,-1.88372,-2.08207
0.166145,7.38127,-0.890176,1.70296,-0.825766,-5.93182,-1.76408,1.49808,-1.45505,0.935198,0.956791,-0.0646157,2.47932,1.53326,-2.89853,-2.1743,1.55129,-5.00373,-4.28075,-1.45816,1.02222,2.22459,3.52354,1.72943
-2.52179,-0.374854,-1.5191,3.19072,-0.648524,-2.78076,0.313942,0.581051,-5.44276,-0.0175383,-3.61702,-0.640231,2.20573,-0.617413,-1.41664,-0.917374,3.11645,-1.68975,-2.90221,3.88332,2.31063,1.81616,-2.62962,3.87696
0.261239,1.70641,0.044796,0.361119,-1.2996,-3.00328,-0.421573,0.240698,0.242871,-0.0462336,0.493487,0.265769,-0.208531,0.225382,-2.76238,-1.21595,0.226178,-2.73719,-0.998502,-0.638127,0.925518,-0.491419,0.100781,1.26064
-0.240147,-1.06239,0.0380009,-0.780497,-1.54017,-0.23407,0.570906,-0.434701,2.30159,-0.485524,0.116406,1.05088,-1.60826,-0.34691,-3.02374,-0.985248,-0.489135,-0.670756,0.865541,-0.808947,0.609785,-2.45934,-1.1983,1.61955
-1.01829,0.425559,-0.857374,-1.23551,-1.73471,0.915176,0.922653,-0.401543,4.44784,-0.393257,0.100335,2.16464,-1.36116,0.291208,-4.54692,-1.87281,-0.182737,0.0852057,0.625412,-2.11057,0.360336,-3.45073,0.200239,3.23467
0.517641,-1.94782,0.620627,0.200564,0.0197533,-0.35482,-0.030421,-0.230991,-1.26834,-0.190234,-0.0710294,-0.72323,-0.595468,-0.631345,1.09976,0.696426,-0.345502,-0.140514,0.604824,1.13509,0.193894,0.290307,-1.58809,-1.06221
0.36878,-1.63386,0.49638,-0.17768,-1.18607,-1.11214,0.122584,-0.433409,0.483457,-0.403542,0.0166673,0.00123358,-1.34205,-0.631052,-1.61429,-0.223928,-0.391588,-1.116,0.788877,0.205501,0.769655,-1.33805,-1.93139,0.496332
2.02648,-8.86075,2.64016,-1.72676,-0.625974,2.28163,0.909834,-1.81329,0.513924,-1.3429,0.417945,-1.14651,-4.20272,-2.40652,2.56053,2.67364,-2.87331,1.85112,5.02179,1.8837,-0.196928,-2.49025,-5.81564,-3.64098
-1.04046,-0.434423,-0.618089,-0.0528368,-1.03525,0.132851,0.667124,-0.189672,1.14876,-0.313064,-0.840919,0.892586,-0.623843,-0.165624,-2.4246,-0.954487,0.362897,-0.146581,-0.0134427,-0.150596,0.688862,-1.6507,-0.787112,2.32647
1.18965,-4.32172,1.55322,1.67767,0.179592,-2.54571,-0.572969,-0.285448,-5.9005,-0.326997,-1.111,-2.73393,-0.240506,-1.69069,3.36358,2.03513,-0.0246178,-1.41956,0.281684,4.1393,1.0974,2.36608,-4.31477,-2.52168
-0.370952,1.98575,-0.614734,-0.447235,0.669731,1.25306,-0.0239622,0.272789,1.17533,0.372463,0.420324,0.630584,0.810437,0.78069,0.210528,-0.428487,0.242482,1.01894,-0.439715,-1.25322,-0.701584,0.227456,2.21242,0.130685
-0.272847,-0.0337441,-0.212339,0.761316,0.618353,0.0266795,-0.0133989,0.142555,-1.93647,0.231168,-0.747634,-0.619585,0.949256,0.00813546,1.3609,0.4203,0.662979,0.276448,-0.651781,1.02998,0.0336234,1.33319,0.0118576,-0.189229
-0.612165,2.23598,-0.742821,1.33029,0.79822,-0.994383,-0.402863,0.746015,-2.52575,0.512578,-0.574439,-0.51244,2.06365,0.644436,0.966662,-0.130781,1.17086,-0.43903,-1.91733,0.819646,0.181887,2.08409,1.34146,0.30278
1.19188,-1.10266,1.01152,0.561914,-0.305587,-2.29274,-0.627737,-0.123226,-2.06756,-0.223347,0.452207,-1.18548,-0.527394,-0.606276,0.929469,0.756675,-0.438268,-1.75379,-0.0822286,1.19223,0.546809,0.863397,-1.54969,-1.50024
-0.421766,2.94968,-0.649829,0.506941,0.636912,-0.65766,-0.436337,0.558808,-0.717424,0.585604,0.0406403,0.00619278,1.57263,0.797397,0.282144,-0.449181,0.818417,-0.459122,-1.58781,-0.440649,-0.306517,1.44754,2.22236,0.301158
0.162097,-7.83582,1.06714,-2.91021,-0.941652,5.6602,2.17315,-1.78222,4.89694,-1.40638,-0.00866508,1.3166,-4.39313,-1.51954,-0.584723,1.10029,-2.40681,4.18157,5.37215,-0.29876,-0.563218,-5.05448,-4.04648,-0.408474
-0.616138,-3.17344,0.00858758,-1.43247,-1.26351,2.32627,1.32135,-0.94537,3.48231,-0.847692,-0.298987,1.3508,-2.49324,-0.711876,-2.43702,-0.465621,-0.77401,1.43293,2.34667,-0.723528,0.228741,-3.59078,-2.10493,1.61716
0.479786,4.52717,-0.11206,2.02705,-1.15498,-6.52682,-1.57191,0.981465,-2.95013,0.418388,0.508051,-0.833963,1.54861,0.529096,-2.37548,-1.56052,1.20855,-5.47109,-3.45404,0.15136,1.59649,2.06578,0.930383,1.2256
1.27065,-3.85976,1.38774,-1.30685,-0.315677,1.37018,0.424184,-0.845378,1.74023,-0.644808,0.876705,-0.11008,-2.39769,-1.0955,0.752256,1.15837,-1.80874,0.8099,2.72572,-0.0577827,-0.33923,-1.89598,-2.11173,-1.90375
0.82739,-0.940626,0.659595,-0.36702,0.0318932,-0.127249,-0.266709,-0.114856,-0.172747,-0.173437,0.598348,-0.516914,-0.530675,-0.320838,1.01319,0.659335,-0.632609,-0.165939,0.745731,0.198006,-0.185314,0.00818707,-0.559563,-1.24442
-0.672652,3.79168,-1.12053,-0.0719434,1.69049,1.60958,-0.237313,0.635541,0.692223,0.938166,0.318861,0.524586,2.04128,1.45537,1.36218,-0.214834,0.741623,1.55358,-1.35763,-1.51949,-1.20776,1.50625,3.93242,-0.0666169
0.361157,-3.31502,0.797904,-0.691018,-0.930145,0.723206,0.55129,-0.74168,0.859937,-0.759692,-0.024864,0.0562305,-1.98554,-0.924809,-0.546006,0.387548,-0.965555,0.31954,1.84293,0.584606,0.335944,-1.73448,-2.56055,-0.151754
-1.19769,2.0447,-1.02565,1.19712,1.46029,0.610219,-0.133185,0.524726,-2.34868,0.633212,-1.15688,-0.440046,2.52934,0.640681,1.77564,0.104209,1.47054,0.875262,-1.87732,0.876693,-0.237717,2.43328,1.7612,0.339679
1.22976,-5.87139,1.77365,-0.832007,-2.04993,-0.675497,0.53945,-1.15938,0.955516,-1.30556,0.37054,-0.290453,-3.80003,-1.89751,-1.36491,0.763557,-1.7799,-0.998675,3.14115,1.08083,1.04977,-3.04906,-5.04998,-0.526498
-0.218472,-4.86732,0.368705,-2.92533,-0.611374,5.26458,1.85206,-1.395,5.53065,-0.902347,0.370755,1.84288,-3.37496,-0.841144,-1.00604,0.346311,-1.96128,3.94856,4.26844,-1.4599,-0.951685,-4.62085,-1.77833,0.205679
-0.89652,-3.25388,-0.333673,-1.62895,1.99043,7.00557,1.54991,-0.684747,1.95692,-0.0879514,-0.621309,0.610347,-0.311275,-0.138035,3.515,1.56703,-0.707827,5.9792,2.65581,-0.0380698,-1.90588,-0.847178,0.251393,-1.29596
2.02746,-7.31807,2.4333,-0.484162,-0.749116,-0.254119,0.23437,-1.19172,-1.6553,-1.16096,0.26854,-1.68404,-3.12349,-2.30016,2.25228,2.2778,-2.06812,-0.0471246,3.32829,2.63714,0.494159,-1.00722,-5.65648,-3.25667
2.51247,1.46573,1.39332,-1.39341,-1.04927,-2.29645,-1.00218,-0.0533819,2.95798,-0.101172,3.01983,0.117307,-1.74107,0.316736,-1.33896,-0.2978,-1.96189,-2.42152,0.822895,-2.68378,-0.334264,-1.22288,1.07052,-1.94825
-0.126713,-1.50172,0.127017,-0.15846,-1.33582,-0.640555,0.394323,-0.364759,0.793086,-0.467734,-0.269637,0.350311,-1.35714,-0.528652,-2.16004,-0.56965,-0.334306,-0.860519,0.675498,0.239107,0.761791,-1.67631,-1.877,1.29551
-1.19189,1.82082,-1.1299,0.225109,2.20421,3.1614,0.166405,0.402511,-0.52269,0.772094,-0.663276,0.131549,2.21588,0.872961,2.86613,0.551893,0.915053,2.98983,-0.819749,-0.175431,-1.31268,1.93485,2.84111,-0.500447
-2.33791e-06,-1.11167,-0.053202,-2.34801,1.01284,5.28503,1.11217,-0.555323,4.47521,-0.0529516,0.73056,1.30363,-1.12665,0.367286,1.0051,0.511582,-1.32624,4.09811,2.39999,-2.28001,-1.8871,-2.14082,1.65582,-0.918182
-2.1718,8.73956,-2.68042,2.0339,-0.345281,-3.6943,-0.87845,1.7768,-0.589508,1.16329,-0.741305,1.24014,3.91114,2.20897,-4.19434,-3.28602,3.15544,-3.22687,-5.32928,-1.64355,0.868882,1.8269,5.00651,4.76939
0.018343,-1.15319,0.126391,0.342399,-0.628899,-1.00515,0.123965,-0.159303,-0.67012,-0.233544,-0.366935,-0.245739,-0.519572,-0.537584,-0.654167,-0.0360832,0.0955747,-0.732242,0.0816723,0.809317,0.71975,-0.306625,-1.50128,0.458384
-0.193865,-0.483344,-0.0185466,-0.36233,-2.87045,-2.48826,0.420169,-0.372083,2.40737,-0.818722,0.128106,1.24864,-2.09488,-0.480217,-5.49849,-1.96279,-0.183968,-2.66536,0.346159,-1.04976,1.5129,-3.25064,-1.85884,3.08749
0.980239,-0.933578,0.924384,1.92909,-0.195911,-4.12241,-1.07461,0.191112,-5.04026,-0.0376627,-0.353426,-2.14652,0.642346,-0.834804,1.50713,0.869845,0.485008,-2.95719,-1.21238,2.84818,1.21414,2.45125,-2.22275,-1.36637
-0.373686,1.52905,-0.649345,-1.66082,1.41573,4.18344,0.506504,0.0527303,3.48589,0.469756,0.769352,1.23304,0.349847,1.17769,1.12177,0.123061,-0.588124,3.37523,0.818992,-2.40742,-1.90727,-0.583924,3.26849,-0.566483
0.053401,-0.408062,-0.0738447,-2.20261,-2.37874,0.826211,0.852989,-0.645327,6.34013,-0.711431,1.21657,2.46921,-2.92837,0.113952,-5.42469,-1.86321,-1.32501,-0.30051,1.88135,-3.22765,0.185373,-4.88863,-0.199123,2.39456
-1.77065,0.136849,-1.24059,0.399765,0.900746,2.50398,0.706192,0.0988368,-0.391271,0.160264,-1.58377,0.545948,1.45421,0.256501,0.671821,-0.0534279,1.11591,2.3231,-0.457408,0.581752,-0.325018,0.436231,0.735878,1.47258
-1.54724,4.13704,-1.65508,0.187943,0.624487,1.02129,0.101136,0.778309,1.32739,0.835662,-0.320149,1.15439,1.91442,1.42365,-1.14331,-1.43934,1.29782,0.658614,-1.84035,-1.60581,-0.525922,0.496096,3.57337,2.13069
-0.606767,0.449059,-0.447027,2.05084,1.68512,-0.536246,-0.616509,0.590365,-5.02651,0.477464,-1.50405,-1.51172,2.64635,0.0435803,3.49024,1.11554,1.54894,0.305481,-1.85204,2.58922,0.189642,3.72045,0.127158,-0.88225
-0.297322,3.37876,-0.626316,0.428213,-0.576837,-2.0544,-0.481356,0.566321,0.280718,0.383712,0.301534,0.45753,0.899152,0.777408,-2.17704,-1.32811,0.760711,-2.05299,-1.72385,-1.09141,0.439326,0.352347,1.76747,1.46068
0.0928718,-2.60873,0.387877,-0.0585944,0.000951954,0.81207,0.351755,-0.41476,-0.857169,-0.431267,-0.54881,-0.495793,-0.698801,-0.773496,1.08154,0.92726,-0.317066,0.768594,1.07035,1.26812,0.0423227,-0.158946,-1.84485,-0.591503
0.0895266,-0.179849,-0.137967,-2.10717,1.11786,4.73238,0.651921,-0.349715,4.09719,0.197196,1.17349,1.1372,-0.772755,0.470824,1.33666,0.495583,-1.19057,3.76425,1.94261,-2.37493,-1.91278,-1.40989,2.17451,-1.27958
1.13825,6.85714,-0.0162632,1.63658,0.831299,-4.92187,-2.17293,1.5127,-2.91995,1.18839,1.48771,-1.27507,3.03024,1.47966,0.934775,-0.570381,1.13347,-3.86062,-3.91334,-0.80563,0.169378,4.08064,4.05362,-1.21015
0.103393,-1.48596,0.235243,0.325114,0.579329,0.517336,0.0232699,-0.0761261,-1.59069,-0.0963556,-0.494257,-0.767341,0.210264,-0.388394,1.71578,0.964719,0.0357657,0.783551,0.279283,1.22355,-0.0868097,0.886499,-0.900387,-0.934088
0.764113,0.155472,0.586786,1.27824,-0.304337,-3.25135,-0.923908,0.259771,-2.99041,0.0603266,-0.00407775,-1.33261,0.409918,-0.443441,0.552586,0.27234,0.353479,-2.44843,-1.06922,1.47756,0.97089,1.59306,-1.0764,-0.796853
0.509733,2.44088,0.0259158,0.582533,-0.0942612,-2.38416,-0.843917,0.505027,-0.819639,0.425259,0.656704,-0.24586,0.769169,0.430187,-0.497822,-0.530287,0.303955,-2.02606,-1.32457,-0.33432,0.238241,1.21535,1.12094,-0.113885
-0.818881,3.44341,-0.99832,2.04372,-0.469043,-3.98096,-0.739256,0.914157,-2.84308,0.479908,-0.835014,-0.364981,2.05907,0.490007,-1.69421,-1.36741,1.76826,-3.09917,-3.1905,0.81259,1.37322,1.94257,0.719396,2.07064
-0.717318,-5.33103,0.328326,-0.520745,-0.212958,3.02642,1.31737,-1.02623,0.370815,-0.850798,-1.37391,0.149623,-1.70999,-1.33646,0.55534,1.02991,-0.491976,2.55479,2.49929,1.62835,0.184289,-1.84542,-3.45322,0.247468
1.19955,-2.37177,1.10743,-0.00927634,-0.107285,-0.732155,-0.196396,-0.322464,-1.28526,-0.373334,0.342014,-1.08073,-1.06455,-0.844295,1.41371,1.09058,-0.851201,-0.558939,0.995649,1.10121,0.118283,0.298069,-1.95906,-1.93515
0.323441,-0.977042,0.313338,-0.922311,-0.421849,0.656573,0.259717,-0.421722,1.72665,-0.300858,0.488133,0.51623,-1.17731,-0.13861,-0.721527,-0.0979974,-0.626303,0.472503,1.08819,-0.70481,-0.10273,-1.31953,-0.50587,-0.0600045
-0.797624,-3.20717,0.0879223,0.826426,-2.42336,-2.4417,0.534041,-0.54984,-0.87332,-0.899135,-1.53153,0.145693,-1.59509,-1.34998,-3.70639,-1.02036,0.377844,-2.26876,0.388286,1.89939,2.16659,-2.05955,-4.34671,2.85084
0.782202,-7.77919,1.72865,-2.71059,-2.02186,3.12201,1.65575,-1.8366,4.67163,-1.61894,0.47959,0.992971,-5.2603,-1.91308,-2.01188,0.694787,-2.82046,1.95519,5.21654,-0.286128,0.0583624,-5.51129,-5.03424,-0.295781
0.04686,-1.33654,0.246756,0.572973,-0.109481,-0.8258,-0.104442,-0.140217,-1.6037,-0.229011,-0.568868,-0.643363,-0.0700567,-0.544376,0.478233,0.420022,0.112198,-0.447174,0.0298805,1.37777,0.594541,0.393471,-1.67525,-0.151757
0.238448,-9.14548,1.2861,-2.7059,0.567099,7.6009,2.27461,-1.92684,3.12085,-1.32673,-0.459711,0.382503,-3.79863,-1.82105,3.03598,2.58733,-2.41178,6.17275,5.9018,0.873298,-1.40999,-3.43147,-4.10322,-2.38987
-0.340527,1.38766,-0.353514,-0.194247,-1.05264,-0.953938,-0.013542,0.0879506,1.62494,-0.0149989,0.298833,0.871249,-0.350658,0.323251,-2.64708,-1.25096,0.131051,-1.13162,-0.429545,-1.03462,0.436989,-1.14913,0.534858,1.75356
-1.80506,1.49536,-1.4681,0.554678,-0.595041,-0.093212,0.577869,0.249596,0.397807,0.148019,-1.3458,1.05937,0.808517,0.491272,-2.68067,-1.599,1.38967,-0.125187,-1.27583,-0.155591,0.735612,-0.645693,0.42058,3.36282
-0.584987,-0.429612,-0.26812,2.16049,0.00149088,-2.61426,-0.425978,0.365113,-4.66173,0.127565,-1.76781,-1.35956,1.35046,-0.563817,0.609427,0.193351,1.54878,-1.77446,-1.66442,2.85776,1.2836,2.19071,-1.81874,0.761383
0.37397,-1.38778,0.403097,-2.79926,0.682455,5.12168,0.960048,-0.713336,5.17624,-0.229999,1.36928,1.33105,-1.71052,0.335958,0.769763,0.724585,-1.85278,3.92649,2.8002,-2.71822,-1.94952,-2.49563,1.30465,-1.44724
-1.07318,5.41306,-1.65953,-0.343688,1.75661,2.36081,-0.0875286,0.884452,1.94122,1.1016,0.410901,1.1611,2.60505,1.99434,0.633608,-0.887337,0.861515,2.04376,-1.83599,-2.47416,-1.55497,1.28838,5.43877,0.745586
0.620766,-3.49675,0.880969,-0.198794,0.0472362,1.03033,0.240404,-0.593917,-0.60299,-0.51818,-0.105832,-0.571934,-1.28729,-0.96443,1.49686,1.21942,-0.833882,0.890561,1.70625,1.19893,-0.0801609,-0.336073,-2.31375,-1.4596
-0.00562913,-2.96583,0.322077,-1.93258,-0.305705,3.59579,1.14581,-0.776371,3.71548,-0.543061,0.316869,1.23869,-2.21642,-0.48077,-0.67742,0.202955,-1.37225,2.65025,2.68499,-1.27986,-0.770573,-2.92895,-0.89518,-0.0204537
0.51136,-2.83845,0.748321,-1.31796,-1.0982,1.11073,0.665679,-0.817054,2.75297,-0.727016,0.642735,0.69006,-2.45014,-0.759724,-1.48255,0.0555524,-1.31356,0.441837,2.29123,-0.720066,0.0512306,-2.78462,-1.74539,0.0472356
-0.0562967,-2.20224,0.222076,-1.24435,0.0948358,2.74425,0.683303,-0.484325,1.89405,-0.338366,0.0582739,0.578119,-1.2606,-0.291068,0.427507,0.570696,-0.816478,2.17023,1.86286,-0.468372,-0.607742,-1.49659,-0.632957,-0.431487
3.39567,-0.872448,2.49388,0.900159,-0.28646,-5.21839,-1.90795,0.0657573,-3.92783,-0.00385556,1.99548,-2.76654,-0.636188,-0.922285,2.70957,1.54141,-1.39173,-4.05731,-0.185216,1.45851,0.578213,2.40632,-1.75979,-4.3979
-1.26657,3.07378,-1.30205,0.570109,0.118623,-0.0845209,0.00122095,0.632373,0.242215,0.499804,-0.558143,0.7039,1.59811,0.951787,-1.37822,-1.26335,1.31258,-0.0384814,-1.70973,-0.731321,0.153409,0.421697,2.07866,2.14366
1.05779,-6.03521,1.56946,-2.76518,-1.41274,3.21691,1.31889,-1.60122,4.75141,-1.22409,1.06953,0.93202,-4.412,-1.4203,-1.12116,0.751575,-2.8128,2.05896,4.67926,-0.990972,-0.529602,-4.76131,-3.32724,-1.05755
-1.20067,-1.70299,-0.642639,-0.237947,0.902886,3.54149,1.06433,-0.290429,0.399926,-0.120504,-1.18917,0.434748,0.283464,-0.12464,1.24893,0.435063,0.380179,3.07547,0.897152,0.546322,-0.625298,-0.401531,-0.158929,0.485376
0.394606,2.71825,-0.128953,0.770386,-0.395765,-2.97732,-0.958122,0.593409,-1.03985,0.343991,0.42256,-0.281893,0.943564,0.440705,-0.950047,-0.802553,0.474005,-2.40922,-1.76327,-0.310298,0.47197,1.17277,1.23376,0.270197
2.04598,0.458822,1.35509,-0.138473,-1.56092,-4.23176,-1.123,-0.0805093,0.232969,-0.203016,1.91924,-0.647219,-1.55681,-0.219531,-1.76479,-0.383921,-1.1826,-3.96688,-0.016359,-0.737379,0.702726,-0.640289,-0.877484,-0.938244
-1.07382,3.08709,-1.35201,-0.566271,-0.178242,1.06496,0.238979,0.312725,2.84234,0.468309,0.0507695,1.52947,0.716666,1.11964,-2.26801,-1.49663,0.563623,0.625429,-0.952873,-2.2167,-0.466313,-1.00028,2.76177,2.13464
0.388983,-6.06326,1.15937,-0.808239,-1.50463,0.735801,1.02874,-1.24366,0.81172,-1.16387,-0.495754,-0.121093,-3.22887,-1.75656,-0.984768,0.79267,-1.46262,0.426106,2.96138,1.35354,0.793667,-2.92098,-4.72295,-0.0309254
-0.780884,0.242633,-0.399922,2.91358,0.62383,-3.08625,-0.68662,0.711596,-6.5772,0.293822,-2.14543,-1.8953,2.529,-0.40999,2.03678,0.588252,2.11672,-1.81977,-2.54316,3.76753,1.35311,3.66617,-1.46548,0.341105
0.288428,-2.27845,0.225764,-3.23435,0.914923,6.70348,1.38026,-0.877765,5.83885,-0.284212,1.33417,1.53624,-1.96739,0.123049,1.31328,0.933399,-2.10774,5.19841,3.57871,-2.73837,-2.31967,-2.97391,1.36039,-1.65439
-0.513053,-0.324276,-0.194227,0.899847,0.618554,-0.0833785,-0.0522596,0.140605,-2.08393,0.120196,-0.943202,-0.546642,0.894688,-0.185052,1.17696,0.385777,0.818398,0.224897,-0.706085,1.26639,0.251211,1.21174,-0.377997,0.0235993
0.0578245,3.60448,-0.295973,1.82171,-0.00167207,-4.04092,-1.16038,0.891856,-3.05668,0.602522,-0.014195,-0.939305,2.10886,0.538028,-0.184365,-0.694822,1.31941,-3.06002,-2.82566,0.654448,0.813581,2.61313,1.29475,0.503347
0.122018,6.05292,-0.747191,1.69971,-0.612217,-5.34421,-1.60751,1.25747,-1.78101,0.766234,0.713744,-0.288376,2.17114,1.15339,-2.35252,-1.7506,1.40776,-4.38475,-3.7685,-0.847652,1.02417,2.12714,2.63502,1.50507
-1.02094,1.22853,-0.870494,0.727359,-0.474535,-0.993885,0.0818382,0.30854,-0.291091,0.0727804,-0.858898,0.400485,0.68535,0.178628,-1.80059,-0.988986,1.12798,-0.756705,-1.20415,0.146869,0.755079,-0.109737,0.206641,2.14329
-2.14878,6.03977,-2.51365,-0.731866,2.14876,4.60791,0.602182,0.81908,3.44844,1.29496,-0.0858122,2.08276,3.03014,2.53328,0.335072,-1.22206,1.32966,3.91934,-1.71131,-3.30457,-2.12519,0.636826,6.63215,1.82738
1.87095,-2.31426,1.75357,-0.232449,1.07809,0.188211,-0.634067,-0.189478,-1.74426,0.0199856,0.993978,-1.58689,-0.678672,-0.618788,3.94519,2.07196,-1.25656,0.419818,1.31507,1.09834,-0.676546,1.35615,-1.01556,-4.00229
-0.490016,-1.92377,-0.149143,-0.451407,-1.23367,0.187087,0.748067,-0.485848,1.29451,-0.566003,-0.555688,0.685643,-1.42226,-0.574509,-2.27428,-0.68456,-0.117273,0.0279637,0.953155,0.130813,0.615242,-2.01519,-1.84612,1.67853
-0.684208,3.59166,-0.884159,1.08884,-0.864295,-3.04192,-0.562879,0.667924,-0.592922,0.355658,-0.212094,0.431066,1.17447,0.624322,-2.80305,-1.6622,1.23171,-2.74734,-2.3832,-0.470539,0.99665,0.499765,1.3183,2.42847
0.620374,-1.1934,0.579287,0.909861,0.390009,-1.28717,-0.551142,0.0083345,-2.91089,0.0840526,-0.253705,-1.33148,0.336379,-0.559056,1.96018,1.03392,0.0453309,-0.761659,-0.179776,1.74839,0.385152,1.63033,-1.30253,-1.51789
-2.76906,1.27298,-2.1551,-1.13359,-0.153978,4.49317,1.60491,-0.0582468,4.68885,0.0941389,-1.2206,2.74572,0.2881,1.02676,-3.1337,-1.86441,0.970549,3.27353,0.200852,-2.06352,-0.556146,-2.69518,1.99033,4.20469
0.102981,-4.70081,0.635983,-1.28217,-0.16588,3.01095,1.05638,-0.896479,1.56793,-0.73087,-0.310122,0.1658,-2.25263,-1.03082,0.64243,0.980311,-1.26124,2.31908,2.80503,0.545487,-0.312894,-1.99346,-2.61378,-0.715987
0.909366,0.451255,0.579453,0.244769,0.619369,-0.716553,-0.559428,0.235465,-1.33359,0.233964,0.600421,-0.89172,0.434811,0.0732443,1.96515,0.77655,-0.221506,-0.460092,-0.262652,0.266935,-0.467267,1.33641,0.543881,-1.93539
2.10112,1.95988,1.14331,0.366031,-0.940127,-4.7613,-1.53504,0.431524,-0.877294,0.0772781,1.90707,-0.993164,-0.437916,0.0952761,-0.849993,-0.318943,-0.770528,-4.19307,-0.932429,-0.686294,0.625032,0.76713,0.311412,-1.46244
0.00904009,-3.94102,0.587992,0.00226745,-1.00405,-0.108702,0.58761,-0.7504,-0.607465,-0.732185,-0.823365,-0.228514,-1.72095,-1.26333,-0.692971,0.381171,-0.449074,-0.14302,1.55828,1.49109,0.931267,-1.36729,-3.54757,0.335285
1.25409,-3.56207,1.43594,0.94951,1.01727,-0.537272,-0.433768,-0.198984,-4.48951,-0.222195,-0.344124,-2.40199,-0.0335175,-1.22772,4.43874,2.25658,-0.403199,0.141102,0.795959,3.04546,0.0673999,2.30017,-2.657,-3.40609
-0.230412,5.12325,-0.797232,1.53082,0.541894,-3.05136,-1.13838,1.15164,-2.28818,0.791468,-0.0285538,-0.519977,2.81198,1.15983,0.050366,-0.873423,1.61105,-2.31216,-3.25374,-0.254287,0.406109,2.83618,2.98073,0.658494
0.296266,-0.74908,0.414819,1.07668,-0.217665,-2.00656,-0.379432,0.0410727,-2.52446,-0.0821268,-0.438138,-1.05628,0.165441,-0.59734,0.524107,0.352384,0.393719,-1.48188,-0.448698,1.69911,0.72945,1.08218,-1.48414,-0.30451
0.119033,-2.17386,0.318635,0.509469,-0.0641503,-0.495719,0.0734729,-0.277094,-1.74988,-0.223383,-0.686329,-0.718632,-0.368106,-0.745081,0.674634,0.565288,0.0865894,-0.204459,0.364388,1.53642,0.508118,0.278686,-1.89597,-0.329174
-0.775429,-2.09327,-0.339858,-2.02578,0.461858,5.18994,1.49954,-0.759763,4.34265,-0.331815,0.085201,1.59596,-1.35909,0.0756642,0.00497559,0.205163,-0.919821,3.92647,2.43669,-1.63659,-1.22463,-2.65048,0.392474,0.282403
-0.553601,-1.32597,-0.268989,-0.989792,0.109817,2.87029,0.919199,-0.386405,2.12934,-0.202896,-0.306256,0.892245,-0.765964,-0.0425995,-0.22198,0.100762,-0.296796,2.18342,1.29985,-0.629468,-0.612327,-1.46538,-0.0937952,0.514308
0.663749,-3.67049,1.17891,1.62945,-0.626464,-3.17154,-0.275636,-0.345544,-4.46451,-0.514771,-0.943694,-1.94292,-0.691693,-1.61953,1.07663,1.10025,0.196515,-2.28751,0.131381,3.50716,1.53129,1.1597,-4.36581,-0.924202
-0.625201,4.23011,-0.884088,1.19448,-1.04746,-3.68583,-0.754859,0.903464,-0.568056,0.287702,-0.137929,0.411285,1.3609,0.761263,-3.26071,-1.96919,1.33855,-3.11601,-2.77782,-0.755909,0.993261,0.618612,1.49426,2.71631
-0.0197443,-1.84556,0.0803538,-0.598272,0.750888,2.39067,0.478761,-0.396673,0.417326,-0.113872,-0.269266,-0.139962,-0.386714,-0.224458,1.59003,0.896317,-0.412976,2.04381,1.15254,0.215221,-0.640676,-0.264059,-0.385632,-0.92668
-3.21376,5.67221,-2.98675,1.63692,-1.11741,-2.09678,0.327067,1.14746,0.309659,0.609257,-1.97009,1.91154,2.60481,1.46373,-5.549,-3.45413,3.13667,-1.88307,-3.98122,-0.803301,1.44004,-0.0562941,2.59273,6.49892
-0.16194,-1.93242,0.110828,-1.15878,1.96373,5.022,0.734848,-0.404261,1.02462,0.13877,-0.125189,-0.000480852,-0.0299062,-0.0432331,3.67454,1.56601,-0.731703,4.35765,1.89368,-0.0371989,-1.69503,0.218842,0.767565,-2.00339
-0.559003,-0.205632,-0.390561,-1.18598,-1.34039,0.970059,0.758879,-0.310287,3.78805,-0.434419,0.307657,1.70401,-1.41908,0.139014,-3.46229,-1.29583,-0.400052,0.321989,0.951797,-1.79351,0.133269,-2.95759,-0.0641131,2.16382
-0.508326,3.24221,-0.780588,0.491759,-0.598312,-1.58227,-0.261324,0.512033,0.68108,0.360758,0.139099,0.681972,0.934215,0.770357,-2.3392,-1.53554,0.700258,-1.4784,-1.69728,-1.1443,0.336039,0.0769664,1.7442,1.86148
-1.54095,-2.05394,-0.78473,0.919926,1.03759,2.10154,0.729952,-0.0483334,-2.53909,-0.0746347,-2.29593,-0.441262,1.00894,-0.430478,1.93263,0.777698,1.14336,2.31129,-0.11041,2.31192,0.225015,1.18854,-1.36248,0.703604
1.24987,-0.527945,0.788993,-2.18254,1.37395,3.7699,0.14745,-0.4032,3.34207,0.141887,1.83288,0.279453,-0.927244,0.394001,2.56067,1.19137,-1.85379,3.04458,2.11808,-2.08295,-2.03042,-0.657441,2.00166,-3.06097
-0.325652,0.249395,-0.368432,-0.606889,-0.0159894,1.15211,0.307189,-0.152875,1.56057,0.00279093,0.153062,0.721966,-0.134922,0.236396,-0.62077,-0.331342,-0.193409,0.875895,0.341136,-0.846789,-0.346339,-0.906232,0.64514,0.424024
-0.255766,-1.63855,0.241157,2.00166,-2.68709,-5.73119,-0.343819,-0.084338,-3.32514,-0.742396,-1.41066,-0.825047,-0.731222,-1.35554,-3.88234,-1.05803,1.03444,-4.90671,-1.1647,2.58117,2.99173,-0.464658,-4.42156,2.82813
1.86628,-5.55636,2.06221,-1.73746,-0.316025,1.70907,0.39104,-1.18868,1.5114,-0.897644,1.14075,-0.557442,-3.20511,-1.49486,1.58185,1.80623,-2.571,1.22425,3.78033,0.304603,-0.489791,-1.999,-3.23123,-3.20407
1.35617,-1.64133,1.20233,-0.0242507,-2.21413,-3.57036,-0.411229,-0.445348,0.330956,-0.763531,0.910082,-0.32281,-2.27936,-0.881329,-2.62831,-0.399225,-1.03547,-3.43567,0.7478,0.142435,1.22806,-1.72683,-2.67247,0.0645821
0.264965,-1.83664,0.484601,0.862003,-0.476937,-1.68955,-0.086587,-0.177675,-2.16659,-0.351888,-0.686331,-0.829246,-0.41455,-0.851137,0.107055,0.365966,0.104483,-1.26146,0.0902545,1.74115,0.967671,0.326199,-2.2831,-0.20914
0.774985,0.0531975,0.44721,-1.25226,0.864101,2.1007,0.0519087,-0.0638356,1.94864,0.142715,1.12508,0.280385,-0.453106,0.334347,1.36098,0.568958,-1.0931,1.59188,1.14296,-1.43454,-1.23373,-0.396108,1.42073,-1.74874
-0.270679,3.33747,-0.654804,0.246842,0.974164,0.092694,-0.414146,0.641116,-0.0758458,0.631619,0.41437,0.199328,1.63484,0.994525,0.647826,-0.412631,0.497836,0.141004,-1.44538,-0.95286,-0.59898,1.36263,2.80163,-0.0666656
-1.85885,-0.117713,-1.45196,-1.52706,-0.141439,4.62325,1.57721,-0.320017,4.73446,-0.109675,-0.645714,2.34252,-0.573998,0.702279,-2.21451,-1.09568,-0.0523909,3.43016,1.22299,-2.05458,-0.832199,-2.95791,1.27422,2.67984
-0.118272,-2.29577,0.269478,0.437301,0.221378,0.294548,0.234871,-0.303575,-1.63338,-0.282256,-0.781221,-0.673546,-0.241563,-0.70641,1.18577,0.881696,0.0430198,0.449866,0.461628,1.57609,0.252054,0.262825,-1.7316,-0.623125
0.169105,0.629117,-0.0629893,-0.193131,0.607332,0.829566,-0.16384,0.0600107,0.344891,0.305645,0.348285,-0.0507642,0.361745,0.37026,0.938317,0.246228,-0.161456,0.770589,-0.0396404,-0.449563,-0.611363,0.434148,1.15935,-0.672278
1.06789,3.11188,0.387307,0.0257532,-0.161466,-2.75142,-1.0933,0.465832,0.155319,0.421276,1.59257,-0.210327,0.449321,0.613651,-0.637869,-0.529893,-0.341485,-2.48489,-1.20986,-1.40837,-0.0505615,0.776983,1.79146,-0.895235
-0.920524,0.142039,-0.65143,-0.738125,-0.459913,1.63879,0.753352,-0.253238,2.6573,-0.104853,-0.213124,1.30618,-0.551996,0.266205,-2.03206,-0.859116,-0.0541869,1.15389,0.53361,-1.21181,-0.15066,-1.81965,0.447569,1.7059
0.658994,5.22469,-0.262279,1.45666,1.52398,-2.52733,-1.74157,1.29765,-2.96544,1.19913,0.84859,-1.13946,3.08642,1.33365,2.42423,0.0698266,0.950534,-1.80044,-2.97104,-0.336972,-0.433172,3.91316,3.70697,-1.67342
0.865657,-3.46776,1.02198,-0.58516,0.417836,1.32137,0.234463,-0.566536,-0.438784,-0.384263,0.140901,-0.721343,-1.17496,-0.887497,2.14874,1.32419,-1.0172,1.24188,1.87339,1.09072,-0.346844,-0.242514,-1.9608,-1.98053
-1.27064,4.00674,-1.53334,1.70891,1.56522,-0.559089,-0.55513,1.09797,-2.85823,0.888985,-1.13205,-0.323412,3.3184,1.02793,1.34256,-0.24983,2.13102,0.0261492,-2.91892,0.619104,-0.0236065,3.1153,2.72532,0.84115
0.512823,-0.232796,0.287204,-2.43548,0.302498,3.68642,0.73378,-0.478331,5.1692,-0.0321496,1.57029,1.36819,-1.60153,0.448288,-0.262263,0.049989,-1.73986,2.64382,2.26951,-2.85385,-1.612,-2.43336,1.66394,-0.905655
-1.33534,-0.00911242,-1.01804,-0.436846,0.244649,2.44712,0.879436,-0.165267,1.48596,-0.0376623,-0.818755,0.993885,0.247136,0.271049,-0.551544,-0.418079,0.411468,2.01637,0.220146,-0.473018,-0.304112,-0.839015,0.677283,1.43575
-0.52678,1.33847,-0.623042,0.349248,0.958894,0.535244,-0.0894459,0.319977,-0.833889,0.346716,-0.315194,-0.0154076,1.35493,0.553378,1.07176,0.030276,0.572287,0.649864,-0.899385,0.0239119,-0.36823,1.24225,1.33591,-0.0611219
-3.29799,6.71174,-3.281,2.22497,1.07143,-0.546782,-0.0259534,1.53434,-1.94476,1.21676,-2.376,1.03863,4.6047,1.90346,-1.59358,-2.30308,3.62977,-0.163679,-4.65217,-0.106523,0.419804,2.52794,4.28267,4.58961
-0.735178,2.88268,-0.939951,1.22661,1.92424,0.427048,-0.460608,0.799309,-2.79085,0.819887,-0.764171,-0.626833,2.85861,0.795856,2.75323,0.354776,1.50578,0.816027,-2.12314,0.770039,-0.576574,3.21847,2.45735,-0.452
1.36115,-1.85257,1.25966,-0.0907053,0.629319,-0.198951,-0.474171,-0.214814,-1.63232,-0.0742818,0.52671,-1.27387,-0.476973,-0.607371,2.68889,1.53009,-0.801759,-0.00804613,0.847972,1.04715,-0.275898,0.98698,-1.13397,-2.74645
-2.06779,4.32724,-2.00036,1.21142,-0.339671,-1.35508,0.0401885,0.803034,-0.197808,0.525537,-1.19986,1.06061,2.13055,1.12294,-2.88802,-2.01068,2.07794,-1.21161,-2.86778,-0.486852,0.704058,0.543343,2.14024,3.76358
-1.29094,-1.39022,-0.62145,0.215922,-0.489534,0.814919,0.796337,-0.230246,0.015109,-0.339117,-1.40312,0.498854,-0.152325,-0.336615,-1.24861,-0.362325,0.648125,0.720606,0.174609,0.757361,0.610309,-1.00241,-1.32902,1.9739
1.40851,-1.28541,1.18652,-1.83071,-1.16661,0.277974,0.134901,-0.603024,3.63735,-0.49145,1.90302,0.710769,-2.68342,-0.362149,-1.4568,-0.0945513,-1.93171,-0.319723,2.14503,-1.94095,-0.371478,-2.66688,-0.501511,-0.983417
0.977699,0.702898,0.533119,0.89887,0.369942,-2.25167,-0.877098,0.366241,-2.65315,0.198981,0.419284,-1.27657,0.706306,-0.0132563,1.48054,0.583215,0.157107,-1.64765,-0.854397,0.972455,0.0873656,2.06722,0.0038522,-1.50176
0.0337928,-1.21034,0.264448,1.04155,-0.758055,-2.13611,-0.246192,0.024492,-2.26073,-0.306499,-0.724955,-0.703993,-0.196209,-0.663209,-0.461678,0.0672679,0.458846,-1.61652,-0.451657,1.70665,1.10626,0.441675,-2.06133,0.480961
1.35251,-0.197047,1.22036,2.78192,-1.15085,-7.47969,-1.70785,0.476638,-6.57325,-0.0635822,-0.399652,-2.702,0.610847,-1.15256,0.241334,0.349621,0.855907,-5.59003,-2.40995,3.41858,2.27496,2.92128,-3.15925,-0.897251
1.7994,-0.574964,1.14235,-1.23783,0.664822,0.923318,-0.346251,-0.279867,1.32046,0.0119479,1.90209,-0.399698,-1.04042,0.0304451,2.03796,1.18519,-1.70693,0.765961,1.61762,-1.17662,-1.16809,-0.177813,0.631755,-3.10263
-2.08113,2.08415,-1.78164,0.251289,1.39321,3.2538,0.698197,0.428869,0.480725,0.631347,-1.33609,0.893652,2.0684,0.89341,0.842312,-0.408849,1.44997,2.99772,-1.11797,-0.40838,-0.798967,0.862778,2.6609,1.52063
1.20275,1.64867,0.685374,0.523898,-1.5994,-4.4449,-0.939822,0.201012,-0.473274,-0.160074,1.15992,-0.404254,-0.525125,-0.0919577,-2.38414,-1.0089,-0.200217,-3.98479,-1.09899,-0.473859,1.05395,-0.0750794,-0.343421,0.324571
-0.035662,1.7236,-0.433369,-0.120218,0.942586,0.870171,-0.199103,0.166472,0.0444159,0.548932,0.292259,-0.0391396,1.01791,0.645392,1.36215,0.240678,0.130777,0.897275,-0.52747,-0.636769,-0.787481,1.03786,1.97169,-0.907266
0.37934,-0.0350215,0.231433,-0.0973311,0.319288,-0.0843684,-0.122876,-0.0224261,-0.341957,0.0872746,0.280618,-0.291153,0.0546168,-0.0405966,0.749488,0.330646,-0.281057,0.0170413,0.100567,0.040615,-0.159516,0.345945,0.0590851,-0.809154
1.14126,-4.03829,1.39733,0.256233,-1.09087,-1.97195,-0.135565,-0.719235,-1.46065,-0.789801,-0.053527,-1.02867,-1.86529,-1.45575,0.109907,0.861013,-0.874156,-1.6353,1.41134,1.918,1.0088,-0.659237,-3.96573,-1.09325
0.333655,3.41343,-0.267832,0.338599,-0.652102,-2.61917,-0.762211,0.550212,0.180557,0.325815,0.876582,0.255936,0.654499,0.783589,-1.79498,-1.12708,0.341381,-2.44725,-1.646,-1.27657,0.336311,0.463779,1.73024,0.774148
-0.471067,-0.89115,-0.154465,1.0855,-0.165813,-1.13483,0.0460868,0.0929601,-2.21883,-0.103465,-1.0086,-0.611218,0.366514,-0.509507,0.106167,0.149951,0.655642,-0.743737,-0.585483,1.55848,0.819394,0.740408,-1.44776,0.468691
-1.8727,4.57851,-2.12106,-1.10196,2.29344,5.40846,0.626432,0.629017,3.29248,1.08711,0.00307108,1.84176,2.53956,2.24804,1.24476,-0.594032,0.914406,4.47459,-0.92284,-2.91273,-2.24903,0.471695,5.86614,0.868748
1.81972,-1.46833,1.46535,-0.109445,0.238163,-1.19996,-0.79315,-0.185707,-1.43276,-0.182535,1.22388,-1.3669,-0.804744,-0.594875,2.41361,1.40284,-1.19742,-0.926013,0.961416,0.679277,-0.206365,0.93874,-1.06275,-3.15973
-0.356724,0.238973,-0.469568,0.211462,1.63264,2.06214,0.141516,0.217605,-1.08878,0.494074,-0.520687,-0.302417,1.23568,0.297407,2.76939,0.924249,0.461043,2.13051,-0.265819,0.462073,-0.895605,1.59642,1.20668,-1.1122
0.552789,-3.17808,0.811348,-1.31484,-0.872139,1.29936,0.574994,-0.763695,2.08686,-0.713569,0.347303,0.267817,-2.28122,-0.733677,-0.663601,0.426024,-1.3234,0.746476,2.18392,-0.284111,-0.122276,-2.26791,-2.0915,-0.380128
0.168949,1.59917,-0.113184,-0.662441,1.02537,1.56256,-0.229963,0.260388,0.991202,0.438725,0.844848,0.285194,0.7022,0.779611,1.44937,0.37107,-0.262656,1.40781,-0.0109723,-1.23849,-1.13523,0.632414,2.16014,-1.20464
-1.14414,0.306043,-0.700384,2.41984,0.963303,-1.53395,-0.423321,0.523203,-5.38238,0.403381,-2.01282,-1.47009,2.47169,-0.209879,2.10555,0.415012,1.94096,-0.516856,-2.1072,3.02009,0.779793,3.21981,-0.758707,0.445728
-1.98761,-0.447158,-1.22147,0.511516,-0.791811,0.632361,0.979301,-0.00706428,0.276779,-0.133864,-1.83421,0.940107,0.226645,-0.188569,-2.57036,-1.19622,1.22278,0.379534,-0.645564,0.676139,0.859882,-1.15494,-0.937382,3.41297
1.795,1.95581,1.01999,1.3026,-0.366831,-4.81247,-1.55072,0.600588,-2.9675,0.238611,1.10928,-1.57019,0.5709,0.0838352,0.437613,0.0417486,-0.0220816,-3.89695,-1.62101,0.607038,0.686333,2.21435,-0.0503314,-1.68762
-0.316757,1.81188,-0.465551,-0.0637552,0.44786,0.635437,-0.169081,0.302404,0.801624,0.349008,0.226904,0.456771,0.774735,0.619242,0.106265,-0.336635,0.076395,0.589229,-0.575914,-0.872307,-0.585748,0.378756,1.84238,0.10196
0.130153,4.20717,-0.334691,1.10619,-1.45713,-4.979,-1.08504,0.743129,-0.724941,0.309157,0.623049,0.0903055,0.779392,0.688796,-3.33333,-1.83197,0.903255,-4.42437,-2.59215,-0.793095,1.292,0.623048,1.11984,1.83309
-0.0400134,-1.23332,0.116274,0.233814,-0.133056,0.0872077,0.227371,-0.082555,-0.799825,-0.149234,-0.475362,-0.385399,-0.251894,-0.376553,0.409398,0.273172,0.132957,0.0020677,0.307043,0.835747,0.307086,0.0520389,-1.15261,-0.0858221
2.21226,-7.81027,2.71016,-0.148327,-1.44048,-1.7477,0.0209456,-1.31419,-2.18415,-1.46741,0.207124,-1.91722,-3.73322,-2.71802,1.16693,1.96959,-2.0238,-1.47793,3.29325,3.04844,1.30661,-1.36053,-6.83759,-2.76634
0.73788,1.55266,0.21785,0.333275,0.111872,-1.61112,-0.728687,0.376719,-0.644415,0.228344,0.690446,-0.382721,0.484825,0.257577,0.318309,-0.0146577,-0.0306746,-1.29929,-0.732353,-0.351486,0.027429,0.888708,0.91799,-0.771868
0.12083,-0.674703,0.0760837,0.0813116,0.522442,0.543276,0.0399219,-0.160154,-0.588462,0.0306378,-0.174681,-0.29137,0.170141,-0.151523,1.11548,0.483556,0.0236215,0.54139,0.343463,0.472712,-0.162118,0.453577,-0.170156,-0.623794
-0.255199,-3.2635,0.273014,-0.782377,0.498058,3.09206,0.91511,-0.594798,0.629117,-0.382473,-0.443406,0.0726175,-0.914128,-0.627567,1.51506,1.01887,-0.519015,2.64511,1.851,0.613522,-0.582516,-0.871664,-1.37617,-0.623547
-1.24949,2.06876,-1.23367,0.727703,0.400671,0.2128,0.0221445,0.456688,-0.652804,0.411326,-0.912757,0.388462,1.6513,0.601076,-0.384964,-0.67485,1.33197,0.325681,-1.44841,0.0259907,0.0979085,1.00257,1.39649,1.56113
-1.73616,0.809294,-1.27276,0.380376,-0.195806,0.777503,0.656106,0.183241,0.309151,0.0738949,-1.32333,0.89254,0.725571,0.262027,-1.68253,-0.955778,1.14161,0.649035,-0.82949,0.147382,0.330737,-0.49705,0.242796,2.74891
-1.14923,-1.84395,-0.411623,2.72436,-0.414403,-2.96549,-0.101531,0.170288,-5.58181,-0.23143,-2.73843,-1.4717,1.21095,-1.05683,0.181942,0.148209,1.9155,-1.95087,-1.60543,4.02667,2.08292,1.94709,-3.48722,1.56355
0.804904,-3.09865,1.14282,0.969721,-0.948129,-2.43987,-0.243552,-0.363628,-2.74223,-0.667936,-0.403557,-1.38069,-1.05749,-1.33225,0.381593,0.755106,-0.277334,-1.98841,0.518494,2.33617,1.31752,0.292208,-3.62022,-0.84107
-0.749156,0.897199,-0.62813,-0.09627,-0.58649,-0.0344165,0.231038,0.0553553,1.33037,0.0388681,-0.239621,0.818574,-0.111844,0.201352,-2.09386,-1.04222,0.405692,-0.294826,-0.378883,-0.715864,0.307294,-1.11006,0.478791,1.89043
2.31281,1.74651,1.32545,-0.539303,-0.22126,-2.54193,-1.27112,0.169352,0.799648,0.119878,2.55991,-0.469506,-0.728999,0.400992,0.118526,0.130215,-1.44804,-2.30089,-0.0352751,-1.59075,-0.325871,0.349579,1.22959,-2.41765
-1.96334,6.56826,-2.21713,1.09539,-0.408233,-2.01566,-0.418537,1.19339,0.528328,0.86033,-0.625304,1.35798,2.73251,1.79332,-3.56318,-2.68709,2.1815,-1.84411,-3.62587,-1.64225,0.592205,0.900081,3.88685,4.03768
-0.171686,-3.71868,0.435103,0.451636,0.0341781,0.669868,0.508334,-0.537645,-1.99452,-0.422876,-1.27889,-0.892452,-0.672403,-1.11277,1.4833,1.01534,-0.0887267,0.866214,1.00835,2.43428,0.459469,0.115536,-2.99383,-0.430506
2.21345,0.0207364,1.56142,-0.290304,-0.564003,-2.91646,-1.04036,-0.0260808,-0.385572,-0.21403,1.92607,-0.948493,-1.24635,-0.40105,0.270333,0.475322,-1.28031,-2.49911,0.483471,-0.350026,0.099907,0.215952,-0.608914,-2.23237
-0.392448,0.224928,-0.183464,0.748122,-1.63384,-2.77883,-0.0869438,0.123263,-0.440579,-0.294157,-0.502502,0.243608,-0.441287,-0.293482,-3.2354,-1.20685,0.503994,-2.46559,-0.801273,0.377986,1.43051,-0.881787,-1.45601,2.21562
-0.137521,-4.7396,0.41594,-2.08994,0.374528,5.35158,1.58642,-1.19335,3.34719,-0.653195,-0.150208,0.873176,-2.31439,-0.751666,1.01007,1.13281,-1.45456,4.3251,3.62688,-0.4458,-1.15114,-2.73576,-1.49535,-0.75206
2.17578,-5.73449,2.29374,-1.35335,-1.00864,0.264378,0.292937,-1.25058,0.893545,-1.06661,1.14353,-0.846601,-3.57037,-1.58734,0.812591,1.60056,-2.48532,0.0483578,3.43501,0.703465,0.0449926,-2.12237,-4.08609,-2.75995
0.686319,6.35716,-0.273574,2.20447,-1.32922,-7.80968,-2.10661,1.36299,-2.72658,0.701866,0.991427,-0.718299,1.92854,1.02293,-3.15495,-2.07374,1.43284,-6.44561,-4.22174,-0.570102,1.54492,2.33919,2.00065,1.48186
1.69548,-5.3234,1.92551,-2.24206,-1.26281,1.59523,0.694416,-1.3672,3.32559,-1.08996,1.42953,0.185347,-3.98169,-1.3702,-0.449026,0.993502,-2.72044,0.817069,4.01469,-0.653571,-0.351621,-3.47935,-3.05592,-1.77778
0.812588,1.28861,0.558093,0.877647,-0.198866,-2.96167,-0.980687,0.421339,-1.85629,0.162164,0.552306,-0.975402,0.517754,0.0187095,0.212807,-0.120527,0.186318,-2.37391,-1.22741,0.474465,0.464407,1.34493,-0.0158678,-0.696755
-1.24183,-1.89466,-0.641857,-1.42156,-0.486457,3.61433,1.37421,-0.638526,3.66606,-0.456249,-0.577537,1.69773,-1.32026,-0.200384,-1.80447,-0.555006,-0.442693,2.53666,1.75452,-1.04767,-0.426752,-2.89771,-0.480718,1.78694
-0.574345,-2.10765,-0.160951,-0.846032,0.068538,2.78507,0.921898,-0.397469,1.80602,-0.370501,-0.456097,0.727241,-1.0105,-0.344902,-0.163388,0.141841,-0.4668,2.18838,1.60136,-0.150128,-0.369861,-1.65961,-0.651272,0.311275
-0.494989,-5.06673,0.147771,-2.49285,1.57973,7.82066,1.94111,-1.17146,3.26519,-0.480067,-0.462845,0.799303,-1.64836,-0.544378,3.21481,1.89811,-1.56137,6.544,4.03009,-0.248162,-2.02226,-2.1745,-0.83192,-1.71502
1.26573,-3.09116,1.39223,-1.03644,-1.44956,-0.812673,0.164205,-0.805405,1.62291,-0.792163,1.00465,0.00135828,-2.77213,-1.06648,-1.47563,0.184503,-1.59403,-1.01525,2.09403,-0.136243,0.508409,-2.3367,-2.63962,-0.748512
0.20056,1.06771,-0.0601613,2.00479,1.82014,-1.52043,-0.975998,0.704315,-5.50139,0.650609,-0.958383,-2.14092,2.6936,0.0603683,4.19116,1.26912,1.35828,-0.396851,-2.0487,2.47574,-0.0493327,4.32184,0.403744,-1.98087
1.59044,-4.01364,1.59664,-1.76506,-0.0701108,2.05382,0.440499,-1.01251,1.97341,-0.518968,1.19895,-0.145559,-2.5025,-0.941087,1.5141,1.49849,-2.10614,1.5213,3.07978,-0.379759,-0.683338,-1.74162,-1.78296,-2.71343
0.779554,0.659954,0.501797,1.26555,-0.147626,-3.39701,-1.01918,0.435879,-3.0836,0.22253,0.0365856,-1.28793,0.68479,-0.218066,0.441379,0.213491,0.419343,-2.47195,-1.26826,1.2862,0.724086,1.7686,-0.661877,-0.781688
0.686391,0.634362,0.546292,0.177727,-2.3012,-3.94956,-0.427817,-0.0412488,0.800406,-0.457146,0.759464,0.328252,-1.36202,-0.363267,-3.96735,-1.33018,-0.322629,-3.83803,-0.463993,-0.638795,1.47864,-1.71823,-1.27366,1.59096
-2.85362,5.76837,-2.71416,2.48328,-0.0533408,-2.48699,-0.285918,1.3619,-2.42167,0.873718,-2.26507,0.775637,3.81491,1.26048,-3.01031,-2.46611,3.4761,-1.88943,-4.54808,0.425044,1.27576,2.10338,2.63553,4.86365
0.914391,-2.43967,0.956747,0.162924,0.61839,0.192587,-0.189008,-0.347397,-1.94578,-0.0674773,0.0446621,-1.31481,-0.334185,-0.695365,2.68753,1.4951,-0.550078,0.461146,0.771856,1.5299,-0.144968,0.979065,-1.62234,-2.23698
-0.822746,2.68246,-0.787953,2.02244,-0.996881,-4.13962,-0.59896,0.763793,-2.86234,0.213689,-1.0206,-0.264046,1.50451,0.219107,-2.22998,-1.46357,1.72598,-3.22936,-2.79182,1.09729,1.65116,1.37136,0.0420473,2.43573
1.55664,1.38676,1.0902,1.52351,-1.29609,-6.33031,-1.57827,0.495359,-3.13603,-0.0519776,0.88098,-1.52299,-0.00891132,-0.419741,-1.21053,-0.329505,0.0869057,-5.25698,-1.77002,1.00614,1.58608,1.4014,-1.32078,-0.567822
0.816509,-2.4817,1.03857,0.463463,-1.42746,-2.70544,-0.259087,-0.24109,-1.36691,-0.592952,-0.0195708,-0.766664,-1.48037,-1.10288,-1.06335,0.14974,-0.50676,-2.3365,0.569626,1.33183,1.23819,-0.588976,-3.05646,-0.246901
0.812578,-4.03485,1.09473,-2.45846,-0.134086,3.95329,1.04701,-1.09585,4.04269,-0.679904,1.07403,0.7834,-2.94227,-0.764277,0.546691,1.07382,-2.31045,3.0261,3.71823,-1.20142,-1.13839,-3.00781,-1.26933,-1.69261
-1.54064,8.02441,-2.25926,-0.605207,0.255096,0.495108,-0.163194,1.06129,4.43149,1.02828,0.920846,2.5097,2.19439,2.59559,-3.56552,-2.84818,1.28886,-0.0132002,-2.65242,-4.41973,-0.861252,-0.45985,6.47079,3.2436
-0.0844064,-4.19772,0.46235,-0.952718,1.3645,4.72466,1.04017,-0.822192,0.312105,-0.283755,-0.639629,-0.270352,-0.955072,-0.736357,3.55918,1.93862,-0.867898,4.25885,2.7131,1.0451,-1.1366,-0.450341,-1.43825,-1.98471
-1.01792,-0.741157,-0.605308,-1.08543,-0.654914,2.17651,0.979699,-0.404143,3.04633,-0.387953,-0.366127,1.53379,-1.01221,0.0836869,-2.21602,-0.813171,-0.11661,1.44716,1.02304,-1.08723,-0.151451,-2.37055,-0.133744,1.95068
-0.273664,5.15927,-1.0477,-0.593932,0.9389,0.912322,-0.470389,0.715683,2.44557,0.818174,1.12263,1.18382,1.74086,1.82112,-0.391386,-0.998358,0.344028,0.597905,-1.50359,-2.85019,-1.26763,0.631217,4.81308,0.440966
0.171534,5.57747,-0.655743,-0.558736,-1.11429,-2.55428,-0.67999,0.673557,3.30698,0.443198,1.79499,1.48946,0.451937,1.53544,-4.06999,-2.33246,0.0919033,-2.6795,-1.80956,-3.47032,0.0116795,-1.00419,3.59679,1.93192
-0.739703,-2.46652,-0.195667,-0.972425,-0.509306,2.49363,1.07884,-0.59761,2.10598,-0.488329,-0.507385,0.821201,-1.45988,-0.459807,-0.961905,-0.00330185,-0.567123,1.85651,1.70296,-0.307536,-0.109906,-2.14644,-1.27997,0.911413
-1.63441,-0.31215,-1.13515,0.485393,1.09589,2.56521,0.78057,0.023105,-0.773674,0.0923905,-1.66907,0.204868,1.30366,0.211903,1.16532,0.229599,1.04906,2.44621,-0.316776,0.889278,-0.235271,0.68906,0.348537,1.15513
0.977206,-0.49196,0.652122,-0.584254,-0.303742,-0.453833,-0.245258,-0.159558,0.865708,-0.196919,1.06105,-0.027152,-1.01276,-0.242602,-2.26918e-05,0.239533,-0.916633,-0.555879,0.709341,-0.646408,-0.147965,-0.614462,-0.240674,-1.0402
-0.583821,1.01793,-0.421795,3.14178,0.716578,-3.62791,-1.00887,0.824737,-6.9827,0.515569,-1.82491,-2.13959,2.90835,-0.244271,2.16738,0.500842,2.18745,-2.34015,-3.00897,3.60092,1.46921,4.13506,-0.957526,-0.0125559
-1.42378,9.07818,-2.28949,1.57538,-1.02041,-4.79679,-1.13142,1.68297,0.44242,0.984858,0.156268,1.40111,3.10263,2.18345,-5.13592,-3.50404,2.473,-4.22352,-5.09108,-2.56041,1.03098,1.14909,4.85418,4.47128
-0.780162,-7.22457,0.466392,-1.07454,-1.52519,2.93312,1.80498,-1.48967,1.39704,-1.2994,-1.67899,0.688972,-3.12492,-1.92809,-1.27982,0.546563,-0.795748,2.21138,3.49762,1.71301,0.653112,-3.60268,-5.26422,1.36014
0.0104265,4.63007,-0.661149,-0.448187,-0.478397,-1.3644,-0.588282,0.608848,2.63542,0.523426,1.3433,1.19034,0.612718,1.36175,-2.57861,-1.66014,0.22221,-1.43876,-1.44503,-2.85424,-0.3158,-0.469271,3.40693,1.20996
1.19171,-8.32187,1.94964,-3.75582,-1.73048,4.72071,1.88616,-2.10966,6.18008,-1.64156,1.13749,1.24423,-5.84083,-1.85851,-1.36787,1.11813,-3.55638,3.16346,6.31604,-1.1347,-0.721666,-6.14374,-4.52863,-1.29844
-0.115041,-0.450474,0.0894802,0.215261,-0.482733,-0.639531,0.0710377,0.0267472,-0.118298,-0.0617065,-0.219755,0.156884,-0.117043,-0.213485,-0.864454,-0.337336,0.102078,-0.644271,-0.133547,0.229769,0.457739,-0.364536,-0.776464,0.626814
-0.611808,-4.10235,0.124674,-0.347832,1.32465,4.10913,1.01087,-0.721189,-0.975502,-0.323376,-1.37976,-0.423776,-0.400065,-0.921285,3.20786,1.75087,-0.27885,3.76601,1.91858,1.82557,-0.745652,0.0208512,-1.88995,-1.26971
-4.03015,6.39829,-3.68927,2.10258,-0.0806995,-0.837878,0.325942,1.311,-0.65822,0.987204,-2.72241,1.86701,3.96052,1.79202,-4.09611,-3.18267,3.79184,-0.600129,-4.48522,-0.539571,1.12133,1.08603,3.45884,6.39064
0.525981,-0.662422,0.49514,1.04488,0.334425,-1.60631,-0.568596,0.152123,-2.87458,0.0999036,-0.169968,-1.29787,0.418222,-0.421883,1.63797,0.717299,0.200397,-0.974381,-0.483158,1.61316,0.432924,1.63843,-0.942323,-1.18898
-0.0369159,-0.579431,0.0685559,-1.71291,1.42353,4.39662,0.696796,-0.391226,2.63497,0.190663,0.777109,0.644643,-0.202799,0.402599,2.22361,0.923226,-0.937597,3.71724,1.75448,-1.43208,-1.85757,-0.574667,1.70839,-1.7412
0.974983,-2.44621,1.03633,0.113594,-0.0885994,-0.612167,-0.241736,-0.262992,-1.5396,-0.319122,0.23753,-1.01211,-0.927771,-0.855974,1.55106,1.14062,-0.682858,-0.359596,0.955675,1.24627,0.0913353,0.270117,-2.03578,-1.77458
-0.793514,-2.43857,-0.218597,-0.0651804,-0.333846,1.49594,0.958343,-0.387574,0.205252,-0.50532,-1.17106,0.331366,-0.728032,-0.622935,-0.373209,0.155281,0.150071,1.26167,1.05544,0.852295,0.310309,-1.14116,-1.76518,1.088
1.17499,-0.0747596,0.942387,0.539541,-0.47229,-2.82049,-0.763574,0.116816,-1.55991,-0.063803,0.725645,-1.0673,-0.225067,-0.378319,0.319544,0.315755,-0.401193,-2.26513,-0.307855,0.583637,0.552849,0.88337,-0.923679,-1.29466
0.532309,-0.589365,0.38754,0.0631171,1.12053,0.856105,-0.219505,0.0660937,-1.40603,0.164174,0.0357787,-0.817566,0.554556,-0.0185329,2.86534,1.17173,-0.306633,0.931409,0.217128,0.702183,-0.53006,1.43034,0.236521,-2.11434
-1.92158,1.92064,-1.57363,0.913596,0.974259,1.16666,0.357675,0.545728,-1.35733,0.479571,-1.66044,0.322968,2.32156,0.696917,0.307319,-0.579199,1.77397,1.27572,-1.6894,0.587914,-0.15991,1.38205,1.49461,1.95055
-2.2363,4.23592,-1.98502,2.49616,2.32487,0.181625,-0.376048,1.31601,-4.59172,1.19352,-2.31628,-0.584155,4.84285,1.2287,2.67452,-0.0505343,2.99965,1.03955,-3.71692,1.77809,-0.12343,4.43642,3.01684,1.17009
-2.27665,3.91202,-2.4012,0.0324682,2.1624,4.00727,0.633497,0.768437,0.827202,1.03423,-1.12432,1.2939,3.01884,1.72971,1.37587,-0.508774,1.6027,3.61323,-1.63335,-1.25442,-1.41482,1.31673,4.43474,1.47639
1.14355,-2.4219,0.987697,-2.60755,-1.74761,1.35498,0.7419,-0.939149,5.75337,-0.905498,1.86903,1.43193,-3.76408,-0.510844,-2.94341,-0.520866,-2.37861,0.230548,3.12899,-2.54326,-0.348252,-4.37799,-1.10596,-0.146244
-0.227348,-4.94451,0.489136,-1.63426,0.57311,4.81826,1.35892,-1.12907,2.0743,-0.601952,-0.344543,0.521492,-1.99394,-0.999115,1.71529,1.34535,-1.27536,4.05104,3.25485,0.378459,-0.943066,-2.04038,-2.03914,-1.14612
2.37779,-2.35684,1.92798,-0.600665,2.12423,1.47462,-0.7512,-0.198664,-2.26348,0.136559,1.42211,-2.01788,-0.167375,-0.509542,6.42786,3.14409,-1.57606,1.73715,1.65263,1.09183,-1.50093,2.45634,-0.196695,-5.76636
0.236807,5.01131,-0.474964,0.0445564,0.542974,-1.0602,-0.817672,0.785812,1.04528,0.832937,1.20965,0.452554,1.59171,1.43406,-0.479322,-0.93068,0.289654,-0.981501,-1.92898,-2.25238,-0.570703,1.12462,3.91562,-0.0406513
-1.7124,-1.21296,-0.990221,-0.129487,0.033044,2.45783,1.08957,-0.217407,0.79263,-0.11746,-1.66132,0.860996,0.116762,-0.035162,-0.793591,-0.325112,0.634796,2.08211,0.320754,0.416019,0.0259306,-1.08021,-0.523052,1.99906
1.35461,-4.3467,1.69577,0.598565,-1.27699,-2.71751,-0.254893,-0.598179,-2.59376,-0.864447,-0.114774,-1.64433,-1.929,-1.69035,0.268738,1.03747,-0.756054,-2.15381,1.28892,2.54447,1.3312,-0.256815,-4.5676,-1.31033
2.80787,2.46893,1.37534,-1.18871,1.39069,-0.344117,-1.32595,0.303003,1.02854,0.656892,3.19224,-0.900481,0.0265928,0.762146,3.12435,1.15942,-1.73545,-0.301267,0.32291,-2.27216,-1.73858,1.48984,3.23302,-4.57343
0.886648,-4.84103,1.23214,-1.33558,-1.23623,0.984641,0.749946,-1.05498,2.15014,-0.95652,0.389639,0.254867,-3.21934,-1.3459,-0.882441,0.573688,-1.70376,0.544798,3.02477,0.203194,0.183802,-2.96078,-3.43663,-0.72708
0.533235,-2.10987,0.571538,-2.11493,-0.103335,3.42976,0.830116,-0.783851,4.0638,-0.416064,1.13029,1.00711,-1.9417,-0.199342,-0.0029532,0.456246,-1.77141,2.44092,2.68239,-1.78451,-1.13481,-2.54444,-0.00986741,-0.939767
0.213911,1.68257,-0.0122263,0.444521,-0.3115,-1.64055,-0.540755,0.412736,-0.286891,0.217825,0.448967,-0.0872032,0.468639,0.32328,-0.669056,-0.442573,0.170134,-1.49143,-0.958352,-0.423877,0.213353,0.504241,0.849899,0.10201
0.179052,-1.60849,0.41138,0.158201,0.503488,0.448905,0.046697,-0.192505,-1.27484,-0.167505,-0.282965,-0.674433,-0.0863319,-0.441004,1.63689,0.862268,-0.129219,0.597457,0.448975,1.0814,-0.0970284,0.665672,-0.96527,-1.01991
-0.332724,-1.83524,0.156652,-0.26823,-0.498363,0.650365,0.575751,-0.366658,0.479087,-0.360182,-0.574757,0.276085,-0.855459,-0.452268,-0.654872,0.00552722,-0.187563,0.330951,0.808883,0.436456,0.338271,-1.04617,-1.55504,0.661259
0.751598,0.269773,0.549124,0.691128,-0.364715,-2.49271,-0.687073,0.120348,-1.76571,0.0663706,0.374438,-0.832508,0.103891,-0.228751,0.0959944,0.146079,0.0237984,-1.88231,-0.724887,0.699606,0.566272,0.89582,-0.590855,-0.556448
0.701118,-1.67416,0.722553,-0.525673,1.04944,1.78978,0.106246,-0.308527,-0.297284,-0.0611378,0.364075,-0.60451,-0.272012,-0.19942,2.68796,1.3793,-0.794666,1.68738,1.16795,0.326411,-0.882523,0.394346,-0.212944,-2.24507
1.56731,-2.95092,1.48231,-0.197301,-0.0206971,-0.614425,-0.301326,-0.461101,-1.2791,-0.330124,0.619879,-1.28599,-1.38445,-0.952873,1.81553,1.39225,-1.05032,-0.537315,1.44115,1.21627,0.107306,0.158323,-2.33416,-2.52689
1.37341,-1.62241,1.00912,-0.176965,0.965601,0.597476,-0.322654,-0.199268,-1.20625,-0.0300671,0.718957,-1.19348,-0.359183,-0.369393,3.18345,1.63721,-0.971888,0.657598,1.03006,0.764795,-0.708151,1.0974,-0.481783,-3.0437
-1.0994,1.40471,-0.870348,0.835456,-0.728458,-1.36247,0.0639226,0.372613,-0.758057,0.141027,-1.01761,0.528683,0.7808,0.234877,-1.8901,-1.09342,1.16571,-1.11445,-1.44253,0.298272,0.852711,-0.029704,0.0400315,2.32596
-0.540866,-0.815844,-0.206789,1.05254,1.61296,1.22413,0.0263624,0.221323,-3.15326,0.26009,-1.28953,-0.980179,1.63914,-0.161288,3.3371,1.27534,0.845658,1.5365,-0.471135,1.98034,-0.264725,2.39439,-0.145991,-1.02875
2.20031,-5.27366,2.25569,-0.173501,0.477581,-0.0639113,-0.31745,-0.739331,-2.55533,-0.551007,0.606412,-2.12105,-1.7924,-1.53799,4.05546,2.66016,-1.71193,0.218404,2.38048,2.34743,-0.24621,0.765013,-3.53416,-4.28184
0.239443,-0.770774,0.29655,-0.108799,1.34412,1.84584,-0.0502112,0.000354189,-0.783194,0.0628111,0.0374395,-0.523512,0.412866,-0.0132958,2.79924,1.12304,-0.348578,1.73306,0.482295,0.627073,-0.889452,0.940215,0.309443,-1.9365
-2.68885,2.71341,-2.31252,0.499194,0.756221,2.56764,0.820259,0.519001,0.706765,0.552182,-1.87059,1.50524,2.27564,1.14045,-1.03578,-1.28422,1.8562,2.18709,-1.64012,-0.548431,-0.20143,0.211761,2.38912,3.33358
-1.20499,4.92649,-1.37626,2.25913,-1.33726,-5.53229,-1.05702,1.22059,-2.42838,0.48065,-0.877077,0.0574653,2.17613,0.753463,-3.79274,-2.41161,2.29713,-4.45861,-3.98276,0.291636,1.85179,1.39182,1.15566,3.65153
2.91778,-2.99258,2.5831,-2.181,-2.82401,-2.47712,-0.428506,-1.08893,4.17067,-1.05731,3.08306,0.231323,-4.64959,-1.08999,-3.22181,-0.0457741,-3.13151,-2.96054,3.085,-2.00005,0.416936,-4.00712,-2.73921,-1.67546
0.940308,-1.56358,0.928678,2.23894,1.28947,-2.70637,-1.14703,0.366613,-6.93007,0.292085,-0.864425,-2.95699,1.61975,-0.805936,4.77469,2.04048,0.628883,-1.35673,-1.19686,3.91209,0.715419,4.18103,-2.03671,-2.87068
0.446431,-1.95044,0.654375,0.300598,-0.474379,-1.16493,-0.177001,-0.224402,-1.23544,-0.353342,-0.27212,-0.709289,-0.697707,-0.859,0.155734,0.375206,-0.296416,-0.89908,0.429602,1.24895,0.634042,0.00737614,-1.96316,-0.434968
-0.590534,3.96866,-1.02113,-0.0843591,-0.259633,-0.695166,-0.238525,0.581701,1.83511,0.498835,0.570014,1.09613,0.868651,1.23452,-2.30134,-1.58628,0.513804,-0.831276,-1.42341,-2.04161,-0.0579801,-0.299623,2.83042,1.8054
0.372941,1.71398,-0.0356084,0.166678,-0.766247,-2.12257,-0.454634,0.156333,0.697158,0.0243446,0.785967,0.130096,-0.103162,0.274177,-1.73952,-0.900599,0.0363037,-1.87232,-0.721309,-0.936079,0.582395,-0.293933,0.550156,0.521487
-0.76998,2.42003,-0.701349,2.93512,-0.237348,-4.96143,-0.945543,0.879783,-5.59252,0.428392,-1.67356,-1.32117,2.4567,0.0104754,-0.526126,-0.674948,2.28971,-3.61127,-3.49165,2.52932,1.81845,3.04169,-0.564578,1.69908
-1.40104,2.60406,-1.57914,-0.103834,0.33161,1.5364,0.381248,0.412466,1.56644,0.395793,-0.509318,1.31579,1.36959,1.02572,-1.29726,-1.1309,1.00508,1.11691,-1.03494,-1.32455,-0.342675,-0.176751,2.47217,2.2409
1.18667,-0.153771,0.816307,-1.57623,0.870087,2.23144,-0.0284657,-0.168761,2.33091,0.105483,1.66085,0.211412,-0.697332,0.265998,1.82389,0.902685,-1.4907,1.63954,1.46557,-1.50787,-1.37836,-0.446767,1.40943,-2.47517
-0.507985,-2.36227,-0.067085,-0.116694,-0.373716,1.06719,0.688936,-0.466048,0.330793,-0.394959,-0.806298,0.243745,-0.90368,-0.567436,-0.389822,0.0784487,-0.0457797,0.715672,0.988445,0.717169,0.274177,-1.12597,-1.7355,0.701614
0.344146,0.89459,0.177332,0.198548,-2.18079,-3.71351,-0.346214,-0.0137157,0.920626,-0.293536,0.514681,0.486209,-1.05208,-0.147856,-4.17349,-1.58663,-0.000361264,-3.48956,-0.677983,-0.588775,1.42413,-1.62155,-1.08944,1.97044
0.700053,2.84715,0.0143841,-0.659409,0.807559,0.177371,-0.607684,0.436028,1.39915,0.553387,1.41916,0.212999,0.683865,1.0544,0.567993,-0.139184,-0.351282,0.115454,-0.51174,-1.85881,-0.971922,0.52972,2.9454,-1.13313
-0.887378,7.82227,-1.72527,2.36007,0.666346,-4.07221,-1.47375,1.7157,-3.17772,1.38458,-0.40878,-0.261771,4.27528,1.77949,-0.703609,-1.61533,2.54494,-3.0162,-4.93233,-0.339593,0.483841,3.85955,4.35882,1.97516
-1.41795,6.86762,-1.8393,0.564003,-0.403397,-1.91614,-0.454552,1.07441,1.66272,0.824502,0.119829,1.57486,2.12337,1.79844,-3.71657,-2.75849,1.70378,-1.8344,-3.26617,-2.43197,0.183244,0.335717,4.30359,3.50962
-0.439903,-3.99148,0.32894,-1.23651,-1.61128,1.56916,1.18438,-1.02794,2.77359,-0.952351,-0.411271,1.023,-2.64042,-0.983914,-2.5976,-0.267939,-0.906907,0.921873,2.49753,-0.214482,0.516146,-3.45762,-2.97688,1.51625
-0.888082,1.13915,-0.586159,0.0378081,-1.32357,-1.3658,0.266366,0.129871,1.15445,-0.121775,-0.434888,0.969067,-0.261845,0.0723756,-3.55737,-1.62089,0.482987,-1.48481,-0.64261,-0.634502,0.795811,-1.43673,-0.211411,2.67168
1.1559,-2.9071,1.06081,-1.97532,1.11275,3.9531,0.557074,-0.827581,2.30679,-0.272049,1.17812,-0.0520707,-1.63064,-0.25379,2.97468,1.7791,-1.95394,3.32305,2.95884,-0.887614,-1.77984,-0.948587,-0.129566,-3.18528
1.13739,-4.85515,1.47216,-1.98804,-0.959401,2.34163,0.819327,-1.27171,3.28378,-0.928862,1.04598,0.459711,-3.39688,-1.15157,-0.287083,0.989908,-2.22018,1.42902,3.71442,-0.50207,-0.404585,-3.20723,-2.80857,-1.45758
-0.260651,2.94342,-0.541761,0.666804,1.40395,0.274532,-0.518694,0.699005,-1.13129,0.862403,0.0320544,-0.261477,2.11715,0.894225,1.77641,0.130352,0.844289,0.382868,-1.53813,-0.201249,-0.644193,2.11125,2.6206,-0.499634
-0.761289,1.86291,-0.805197,0.487505,-0.230112,-0.597593,-0.0691214,0.323958,0.060327,0.321136,-0.539144,0.538487,0.851554,0.449859,-1.26339,-0.874313,0.823231,-0.56821,-1.23809,-0.379625,0.283943,0.17959,0.967849,1.56403
1.3797,-1.81388,1.15689,-2.04389,0.773964,2.87121,0.132762,-0.554146,2.67877,-0.0793998,1.77663,0.214215,-1.60629,-0.132161,2.22261,1.36341,-2.05412,2.18188,2.51428,-1.52632,-1.54885,-1.0352,0.538141,-3.00544
1.36798,5.66423,0.0906911,1.1391,-0.69379,-5.72604,-1.87292,1.09079,-1.36567,0.692065,1.72904,-0.678778,1.40126,1.09399,-1.56575,-1.22305,0.49187,-4.85978,-3.02156,-1.30679,0.575667,1.9756,2.63594,-0.210447
1.4119,-4.43056,1.62075,-0.424674,-1.41453,-1.40211,0.0982136,-0.877829,-0.151768,-1.00733,0.537237,-0.707928,-2.66242,-1.51053,-0.535035,0.738838,-1.40693,-1.39827,2.0493,1.17663,0.802427,-1.62958,-3.99049,-1.27069
0.404764,-5.31178,0.997893,-0.15983,-0.293205,0.885852,0.562999,-0.889574,-1.06081,-0.787937,-0.72564,-0.823777,-1.84868,-1.58472,1.24701,1.32681,-0.785483,0.848538,2.2326,2.05857,0.490935,-0.897123,-3.95445,-1.0937
-1.53473,2.27662,-1.29959,0.148594,-1.75661,-1.40126,0.269146,0.190427,2.1519,-0.0415995,-0.506109,1.67637,-0.0575735,0.640393,-5.18066,-2.43177,1.02393,-1.70365,-1.33326,-1.34209,1.12476,-1.93704,0.464385,4.36363
2.42627,1.33009,1.44622,-0.566792,-1.25751,-3.81424,-1.20336,0.143153,1.05992,-0.220569,2.46251,-0.38329,-1.42878,-0.00990506,-1.34241,-0.294519,-1.36421,-3.54408,0.101988,-1.45865,0.312513,-0.475843,0.160569,-1.61427
2.74724,0.319047,1.87041,-0.677999,0.558941,-1.49704,-1.29701,0.0149687,-0.27085,0.173826,2.4305,-1.30757,-0.783995,-0.101268,2.71202,1.37797,-1.76087,-1.11243,0.662978,-0.654196,-0.864463,1.07962,0.691728,-4.20805
-0.988644,0.141467,-0.733203,-0.063203,1.59309,3.0312,0.466168,0.110291,-0.386058,0.434385,-0.742638,0.0953802,1.22383,0.414038,2.15208,0.632963,0.572738,2.88389,-0.0834012,0.19968,-0.925547,1.00006,1.39432,-0.292214
0.383998,0.445537,0.114937,0.379652,0.280461,-0.885744,-0.391889,0.177608,-1.13715,0.178779,0.20777,-0.534952,0.460399,0.0110891,0.700348,0.354969,0.218721,-0.600565,-0.470989,0.437501,0.0478658,0.995617,0.130694,-0.682507
-1.35413,-1.71629,-0.690081,0.476101,-1.8643,-0.736953,0.862687,-0.304303,0.436515,-0.695641,-1.54449,0.901198,-0.842064,-0.650771,-3.72688,-1.37771,0.833114,-0.887682,0.0310149,0.910201,1.58035,-2.12086,-2.63761,3.60458
-0.209923,-1.60476,0.137632,0.35183,-1.10223,-1.2338,0.133538,-0.261811,-0.516138,-0.471154,-0.624788,-0.110457,-0.795203,-0.620889,-1.58472,-0.27401,0.0451653,-1.13308,0.272591,0.935544,1.06078,-0.848819,-2.12396,1.08918
1.54095,-3.44325,1.42499,-3.75956,-0.0870385,4.86498,1.02283,-1.28038,6.61655,-0.682316,2.33024,1.38075,-3.69895,-0.313944,0.166488,0.899209,-3.23239,3.38109,4.56492,-3.05398,-1.96671,-4.07239,-0.0237025,-2.45761
1.56779,-4.37957,1.66881,-1.30256,-0.294902,1.29456,0.377954,-0.913362,1.06991,-0.75404,0.918331,-0.586927,-2.55098,-1.13121,1.26877,1.42327,-1.98612,0.886826,2.89494,0.346612,-0.343015,-1.60677,-2.67541,-2.65151
-0.280496,3.70173,-0.747882,-0.0220495,2.70098,2.60396,-0.453377,0.660605,-0.0698133,1.05079,0.52252,-0.0593948,2.60775,1.5369,3.49366,0.558331,0.586319,2.49232,-1.12636,-1.18351,-1.90391,2.54852,4.35168,-1.7117
-0.869916,-1.05027,-0.512042,-1.12978,1.84472,5.13524,1.03431,-0.333429,1.58455,0.241997,-0.42933,0.548452,0.484485,0.267376,2.74776,1.00966,-0.2201,4.4617,1.30507,-0.427404,-1.65645,-0.140441,1.30595,-0.940188
-1.12049,1.53111,-0.989677,0.689361,-0.305464,-0.485716,0.143492,0.3123,-0.265264,0.236253,-0.91504,0.550047,1.06104,0.429711,-1.6119,-0.958804,1.19236,-0.337921,-1.19259,0.0528676,0.544343,0.135254,0.544707,2.17596
-0.655134,3.51409,-0.847737,1.99584,2.45776,-0.535028,-0.992764,1.12171,-4.60225,1.0737,-0.847857,-1.35057,3.91796,0.917519,3.99444,0.765842,1.82369,0.360756,-2.97231,1.47189,-0.412543,4.72044,2.79314,-0.995554
1.98361,-1.82507,1.565,-0.0966508,-1.00298,-2.57856,-0.681433,-0.295009,-0.647475,-0.442064,1.27713,-1.05004,-1.78838,-0.846243,0.0479949,0.577972,-1.32479,-2.36893,0.893575,0.477049,0.519676,-0.288548,-2.13594,-2.0439
0.639258,0.717871,0.428924,0.207972,-0.904374,-2.42556,-0.504615,0.116714,-0.107625,-0.0543684,0.590206,-0.174586,-0.34491,-0.130293,-1.40187,-0.589157,-0.115887,-2.10103,-0.534133,-0.193379,0.670036,-0.261125,-0.51066,0.295557
-0.0644276,6.62207,-0.895518,2.30767,1.89163,-3.27629,-1.84621,1.69788,-4.61406,1.40429,0.0612382,-1.40486,4.41297,1.57036,2.57944,-0.146443,2.03056,-2.16,-4.42214,0.367181,-0.181672,5.15393,4.34998,-0.839882
0.338121,2.79459,-0.160679,0.0879646,-0.959802,-2.48346,-0.60963,0.460294,0.98244,0.170541,0.863963,0.521452,0.126382,0.569076,-2.43301,-1.34573,0.157028,-2.40425,-1.25842,-1.40906,0.579424,-0.416663,1.20236,1.01252
-1.99884,6.8732,-2.2265,1.14932,-0.359081,-2.00397,-0.377005,1.21721,0.554495,0.884023,-0.582833,1.48837,2.8217,1.83671,-3.75347,-2.79125,2.33637,-1.77778,-3.74832,-1.95045,0.518946,0.792783,4.01939,4.22332
-1.98165,7.48837,-2.44716,0.0410894,1.8166,2.11907,-0.0991423,1.27307,1.95717,1.4272,-0.0117852,1.59163,3.60319,2.71551,-0.182621,-1.64857,1.87111,1.79489,-2.96689,-2.96426,-1.41198,1.69942,6.871,1.99994
-1.08915,1.95781,-0.932193,1.09446,-0.384324,-1.46725,-0.110423,0.377225,-1.00544,0.226841,-0.851697,0.215582,1.14573,0.383714,-1.62489,-1.02377,1.22263,-1.16422,-1.75076,0.390208,0.69235,0.620098,0.539986,2.08112
-1.196,-0.34706,-0.929179,0.12216,1.37939,2.84785,0.613097,0.0816683,-0.605778,0.341978,-1.19718,0.185442,1.35654,0.242246,1.92949,0.417696,0.706524,2.78037,-0.028343,0.691213,-0.717561,0.906553,0.737877,0.251141
0.79034,-2.33589,0.694251,-1.0933,0.679699,2.28343,0.321811,-0.584445,0.917859,-0.290379,0.6428,-0.0976964,-0.944861,-0.305307,1.89172,1.24476,-1.00314,1.9143,1.77925,-0.0688717,-0.950117,-0.596439,-0.497686,-1.93306
-0.558385,-4.39009,0.207698,-0.501361,-0.701635,2.06,1.22578,-0.832611,0.697428,-0.888265,-1.09353,0.238311,-1.78012,-1.09879,-0.482053,0.429415,-0.432079,1.5394,2.10204,1.15636,0.346308,-2.05017,-3.09081,0.75172
1.75295,1.30546,1.05755,0.710648,0.865236,-2.55783,-1.33131,0.48062,-2.75456,0.429258,1.21367,-1.66918,0.831295,0.0947526,2.81351,1.03088,-0.399011,-1.74002,-0.892763,0.603098,-0.365013,2.66854,0.824017,-3.08019
-0.724519,3.00649,-1.0251,-0.263538,1.25718,1.98067,-0.0557926,0.583811,1.22209,0.607507,0.179951,0.747696,1.57899,1.19635,0.614886,-0.345654,0.497707,1.69569,-0.885182,-1.56395,-1.11571,0.721418,3.30913,0.344803
-1.66804,-0.150068,-1.28636,-0.118591,0.849704,3.3211,0.957471,-0.0747584,0.902062,0.157254,-1.28633,0.857911,0.769046,0.360508,0.145958,-0.189664,0.848027,2.84857,0.055736,-0.0394535,-0.518649,-0.387237,0.823966,1.51273
0.451898,0.241675,0.420536,2.35231,-0.690679,-5.15189,-1.1316,0.4554,-5.16444,-0.0213193,-0.748978,-1.72288,1.00276,-0.616072,0.036676,0.110941,1.11437,-3.93327,-2.02988,2.76469,1.76997,2.39383,-2.07863,0.00787517
-0.454951,-3.05824,0.164774,0.382889,0.869153,1.91677,0.512506,-0.281217,-2.00474,-0.195282,-1.31558,-0.743495,0.0795525,-0.706765,2.59479,1.30466,0.131882,1.96778,0.842935,2.01089,-0.143479,0.727626,-1.71376,-0.857539
0.701435,3.79854,-0.00619419,0.460468,-2.20431,-5.35179,-1.07612,0.560182,1.0369,-0.0446214,1.23486,0.518386,-0.335643,0.577685,-4.75563,-2.17415,0.179914,-4.95196,-1.92437,-1.66979,1.358,-0.832645,0.763765,1.92023
-0.629732,2.56871,-0.881932,-1.67643,-0.352414,2.09824,0.545653,0.039444,5.04428,0.188266,0.966626,2.22194,-0.395072,1.12674,-2.89802,-1.49209,-0.384126,1.12354,0.263089,-3.40175,-0.939807,-2.29992,2.89898,1.7836
-0.493443,0.876667,-0.526545,-0.662109,0.0593819,1.35272,0.243404,0.0346564,2.01581,0.148608,0.172069,0.910275,-0.0621885,0.416108,-0.959904,-0.568882,-0.103152,0.955613,0.231129,-1.30592,-0.449444,-0.881436,1.2595,0.81169
1.06209,1.55883,0.468929,-0.959915,1.07742,1.11428,-0.402742,0.0355892,1.36391,0.437367,1.64945,-0.0683468,0.14783,0.614823,1.78131,0.495845,-0.851949,0.775886,0.302779,-1.7362,-1.28047,0.530967,2.33478,-2.35143
-0.171815,0.269579,-0.266403,-0.227263,1.4922,2.28616,0.162593,0.0553197,-0.189269,0.370371,-0.127469,-0.196275,0.905185,0.396748,2.34797,0.804265,0.0844184,2.10155,0.20127,-0.0232387,-1.04916,0.949564,1.31579,-1.11542
-0.822929,7.41442,-1.54776,2.6664,-1.08465,-6.62759,-1.49074,1.55494,-2.71566,0.920438,-0.22106,0.0376412,3.1332,1.43945,-3.72047,-2.77944,2.52852,-5.40927,-5.19269,-0.401902,1.70242,2.50098,2.88658,3.35807
-0.0948916,-5.48053,0.621798,-1.32914,-0.823722,2.92821,1.36829,-1.22232,2.26389,-1.00801,-0.593886,0.611593,-2.87605,-1.29524,-0.684619,0.697348,-1.29684,2.21213,3.20823,0.477273,0.160322,-3.1276,-3.59184,0.140224
-0.589301,-1.1607,0.109486,1.30607,0.0771146,-1.30854,-0.14538,0.153634,-2.91976,0.082021,-1.20881,-0.632442,0.810445,-0.592435,0.581913,0.672124,0.945934,-1.34357,-0.273362,2.2908,1.38698,1.18063,-1.99979,0.0524127
-0.717279,5.52555,-1.27609,0.130304,-0.350003,-1.41432,-0.49635,0.842037,1.76715,0.605059,0.543337,1.18437,1.58244,1.55085,-2.85131,-1.96918,0.929368,-1.42641,-2.20986,-2.42432,0.0544543,0.025464,3.59327,2.30804
0.140409,3.22583,-0.395617,0.0911066,0.569359,-0.769163,-0.711293,0.613796,0.184635,0.526039,0.794256,0.0988058,1.12883,0.908663,0.17493,-0.453166,0.314518,-0.770036,-1.29468,-1.15563,-0.383794,1.10356,2.52392,-0.278877
-0.425328,-0.11377,-0.385467,-0.704823,0.560394,2.41736,0.530016,-0.219732,1.69195,0.159475,-0.0417794,0.717529,-0.0191647,0.306006,0.49143,0.154445,-0.162835,2.0207,0.708195,-0.795245,-0.803401,-0.606759,0.945346,0.127628
-0.511938,5.12582,-0.56644,2.15643,0.562327,-3.20144,-1.3292,1.41735,-3.71061,0.946456,-0.0664081,-0.705522,2.86465,0.834658,1.12596,-0.619134,1.64966,-2.06335,-3.67914,0.363425,0.424317,3.81978,2.97007,0.187745
0.369513,-3.61153,0.796237,-0.708767,-0.770467,0.999407,0.85015,-1.10972,1.39222,-1.05367,0.276993,-0.0582709,-2.05311,-0.96608,0.387349,0.0875243,-1.19828,1.00487,2.15389,0.357981,-0.184699,-1.69669,-2.48084,-1.20944
1.86354,-3.21115,1.69346,-1.37502,3.28558,5.02439,-0.0850058,-0.472308,-0.685565,0.243201,1.28125,-1.57847,-0.0778629,-0.359942,7.7784,3.54552,-1.99368,4.62312,2.69396,0.655807,-2.5284,1.95928,0.66434,-6.39064
0.251987,1.53974,-0.013893,0.440182,-1.14256,-2.95821,-0.516587,0.173212,-0.177678,-0.0317207,0.419094,0.0452476,-0.0539046,0.0817685,-2.21835,-1.04877,0.198186,-2.5658,-1.08835,-0.395953,0.702994,-0.190995,0.0299107,1.03738
3.92287,-8.0861,4.05841,0.76651,-0.216421,-3.63096,-1.18761,-1.00945,-6.00661,-1.03779,0.846152,-4.02619,-2.91559,-2.99011,5.33858,3.75121,-2.38289,-2.45611,2.8484,4.733,1.0011,1.73785,-7.17176,-6.546
1.00935,-8.10146,1.71855,-1.83634,1.31793,5.5395,1.31219,-1.54189,0.39837,-0.820885,-0.311126,-0.786871,-2.68655,-1.73599,4.89665,3.28434,-2.2591,4.95402,4.75536,1.73732,-1.39362,-1.33401,-3.83428,-3.84888
-1.7624,3.58472,-1.72338,0.632437,0.938848,1.00671,0.195896,0.669938,-0.018275,0.681795,-1.03546,0.722916,2.342,1.21026,-0.228783,-0.971739,1.57524,1.00911,-1.95114,-0.648796,-0.35115,1.11552,2.9974,1.93309
-1.76517,2.02039,-1.49174,1.2487,0.876446,0.525033,0.184182,0.594714,-1.85394,0.590601,-1.84103,0.22928,2.47042,0.708176,0.455922,-0.413111,1.90503,0.792024,-1.9621,0.995948,0.258258,1.69921,1.3634,1.91603
-1.75322,2.59372,-1.6243,0.870361,1.49117,1.63101,0.218534,0.627145,-0.914356,0.651036,-1.33042,0.332627,2.47979,0.986846,0.933132,-0.367999,1.69975,1.65382,-1.83418,-0.0167917,-0.577836,1.56513,2.49158,1.34936
1.18246,-2.17008,0.950227,-0.0652502,-0.222456,-0.577417,-0.16225,-0.406594,-0.749582,-0.477405,0.40531,-0.822491,-1.10982,-0.773644,0.970312,0.889934,-0.85042,-0.361992,1.00805,0.732629,0.201411,-0.0548939,-1.78424,-1.61842
-0.357296,-0.953114,-0.0209797,1.2455,0.173729,-0.904445,-0.144168,0.0792002,-2.89137,0.00523791,-1.11794,-0.941319,0.714823,-0.403667,0.917554,0.468507,0.811432,-0.434581,-0.713101,1.8174,0.673525,1.39071,-1.45489,0.209639
1.33355,-2.47796,1.3149,-1.07837,1.04717,2.34437,0.0709046,-0.509041,0.398606,-0.155341,1.02513,-0.787143,-1.01481,-0.371473,3.31453,1.88725,-1.45252,2.19369,2.10182,0.048839,-1.25259,0.0867765,-0.393578,-3.39759
-1.60468,6.18295,-1.85066,1.67696,2.01028,-0.344714,-0.765466,1.34467,-2.38672,1.43581,-0.789108,-0.174993,4.36087,1.70953,1.45334,-0.694117,2.36489,0.0903741,-3.72811,-0.32953,-0.624154,3.75523,4.68071,0.988995
-2.16889,1.93703,-1.48374,0.893267,-1.43214,-1.47588,0.447108,0.178035,0.137334,-0.00554865,-1.48465,0.976971,1.07049,-0.0372505,-3.95926,-1.78365,1.56691,-1.47311,-1.79856,0.0927578,1.04682,-1.07504,-0.401943,4.34022
0.932504,0.71218,0.666347,1.71857,-0.349566,-4.34059,-1.30589,0.488292,-4.17313,0.153609,-0.129303,-1.58849,0.821214,-0.44373,0.658473,0.187984,0.680297,-3.33694,-1.53731,1.82018,1.05672,2.23221,-1.18382,-0.901544
0.808008,-7.85452,2.02403,-0.885236,-0.040047,1.82015,1.1941,-1.10384,-0.663983,-1.40959,-0.743386,-1.044,-2.98915,-1.98208,2.69504,1.79474,-1.58048,1.99849,3.52718,2.48924,0.322168,-1.49181,-5.0027,-2.24787
-0.621484,6.95018,-1.61618,-2.05958,1.04939,3.14947,-0.0194292,0.803638,6.35193,1.09082,2.03495,2.59262,1.39134,2.65059,-1.68312,-1.80254,-0.205245,2.17476,-1.03701,-5.45572,-2.23222,-0.981784,7.31623,1.07392
0.224781,4.8475,-0.442702,1.14659,-0.961615,-4.86385,-1.31299,0.852024,-0.967522,0.567307,0.747082,-0.0394392,1.23293,0.92191,-2.6886,-1.8349,0.959249,-4.08473,-2.91458,-0.916148,0.974125,1.14994,1.9606,1.35955
-2.13016,4.60961,-2.03246,0.964988,1.16496,0.979106,0.134233,0.896755,-0.29436,0.966763,-1.15997,0.88307,3.15902,1.54564,-0.293217,-1.26793,2.13887,1.10467,-2.72645,-0.611091,-0.310305,1.74338,3.69483,2.35854
-0.348676,2.8464,-0.639741,0.433339,-0.520579,-1.81559,-0.430539,0.472498,0.394714,0.270211,0.137417,0.537957,0.754516,0.755993,-2.02125,-1.18495,0.639557,-1.70284,-1.58852,-0.898853,0.46751,0.136738,1.27978,1.50537
-0.342234,-2.28859,0.020404,1.70239,0.847147,-0.481877,-0.0313212,0.0353928,-4.92621,-0.074159,-1.77226,-1.64706,1.15769,-0.879393,2.92496,1.33418,1.03456,0.284338,-0.573446,3.47274,0.606773,2.45487,-2.20622,-0.64651
-1.95345,-0.575217,-1.41595,-0.450725,0.0817788,3.51404,1.3216,-0.260834,2.10076,-0.0671956,-1.45852,1.48397,0.114536,0.183471,-1.10702,-0.648424,0.678055,2.94435,0.528802,-0.437691,-0.387185,-1.45365,0.298682,2.43627
-1.19974,3.52161,-1.47162,-0.145211,1.622,2.59357,0.300344,0.659238,1.01528,0.820736,-0.262264,0.957725,2.21507,1.44656,1.01014,-0.452539,0.902241,2.27078,-1.20788,-1.34573,-1.21699,1.13493,3.94018,0.599561
1.99344,-1.39836,1.64779,1.86374,-0.874646,-5.81758,-1.54421,0.07958,-5.26476,-0.248635,0.323634,-2.54178,-0.218108,-1.25499,1.10113,0.936546,-0.111324,-4.44403,-0.852735,2.95679,1.68455,2.21966,-3.25669,-2.08638
-0.950576,1.21842,-0.869982,0.173669,0.59544,1.35749,0.255248,0.222408,0.455585,0.334899,-0.605575,0.46628,1.05127,0.58577,0.245802,-0.291246,0.738979,1.19275,-0.612242,-0.351677,-0.41695,0.376596,1.31494,0.822592
1.10707,-0.326056,0.738691,-0.888903,-0.277856,0.0938659,-0.161177,-0.301854,1.65444,-0.147025,1.30919,0.177119,-1.04386,-0.0353364,-0.124518,0.140703,-1.03578,-0.25035,0.944393,-1.11975,-0.353442,-0.852491,0.272184,-1.19651
-1.50401,3.04294,-1.25632,3.10503,-0.459381,-4.63165,-0.847068,0.971574,-5.10717,0.495474,-2.10151,-0.857783,2.91561,0.248581,-1.39608,-1.33662,2.80427,-3.45493,-3.87149,2.32813,1.96968,2.8695,-0.297391,2.84436
0.529002,-2.68173,0.586961,-1.78997,0.841029,3.99096,0.822822,-0.637557,2.38233,-0.324807,0.578566,0.382524,-1.39321,-0.228674,2.04163,1.18516,-1.4543,3.3236,2.69189,-0.821276,-1.37658,-1.30487,-0.0581937,-1.89938
0.457798,-0.195323,0.360314,-0.0715136,-0.968674,-1.36602,-0.169041,-0.101764,0.514951,-0.311547,0.337245,0.0941007,-0.858828,-0.200873,-1.43957,-0.371109,-0.333171,-1.40514,0.207402,-0.204551,0.530984,-0.847233,-0.727506,0.419748
-1.08631,-2.73014,-0.377178,0.22464,0.735239,2.63657,0.848827,-0.410655,-1.05795,-0.172963,-1.58647,-0.0858512,0.171512,-0.668666,1.44921,0.736824,0.542359,2.43023,0.780085,1.60777,-0.0715976,0.0656244,-1.33494,0.286378
0.836792,1.71233,0.47726,1.6394,-0.747794,-5.95828,-1.4956,0.54978,-3.8193,-0.276272,0.294718,-1.01479,1.41248,0.0534405,-0.514644,-0.439071,0.737353,-4.55407,-2.14976,1.18057,1.68121,2.03395,-0.847514,0.209224
-1.55479,5.8574,-1.89003,0.267936,-1.08811,-1.84444,-0.16482,0.868159,2.31187,0.585756,-0.00879362,1.99184,1.48779,1.57728,-4.92781,-2.94002,1.59219,-1.89002,-2.74799,-2.56969,0.469116,-0.672425,3.45997,4.24017
-0.208827,5.59205,-1.03,0.481802,1.17517,-0.678102,-0.277718,1.25168,0.519232,1.05504,0.804409,0.572933,2.41639,1.96371,0.126987,-0.668319,0.811739,-0.496982,-2.09926,-1.8993,-0.811646,1.23268,4.86801,0.14706
-2.169,2.38021,-1.92425,1.24858,2.34158,2.78488,0.257818,0.786101,-2.36108,0.866175,-1.9728,0.0276331,3.52902,1.05505,2.70367,0.271576,2.15732,2.85656,-2.03327,1.06657,-0.696156,2.81912,2.63272,0.947593
1.68583,-5.00893,1.77855,-0.978495,0.357572,1.62871,0.25288,-1.01269,-0.272902,-0.556984,0.569547,-1.10992,-2.09401,-1.30354,2.98844,2.09751,-1.88883,1.53559,2.93518,1.15289,-0.461816,-0.517061,-2.86489,-3.42757
-1.40956,7.01735,-1.91423,1.69871,-0.592937,-3.98111,-0.966755,1.28029,-0.668807,0.830255,-0.222871,0.788919,2.75695,1.60939,-3.66463,-2.70632,2.25647,-3.38167,-4.2555,-1.27921,1.04463,1.466,3.60788,3.6616
1.33609,2.05837,0.702075,0.170321,0.587721,-1.86148,-1.14632,0.474284,-1.0332,0.439751,1.262,-0.85338,0.665885,0.429178,1.41773,0.355265,-0.309198,-1.39086,-0.83258,-0.448906,-0.340785,1.65622,1.52095,-1.97152
1.96552,1.39215,1.55604,-1.8399,0.0440862,-0.878896,-0.624029,-0.0284411,2.85972,0.254159,2.81716,0.0600481,-1.20099,0.888945,-0.567431,-0.265058,-1.8049,-1.08824,0.995219,-2.49464,-1.30256,-0.945075,1.76405,-1.99064
-0.320801,-0.205053,0.0297475,0.10456,-0.910672,-0.0992409,0.111077,-0.192426,0.928319,0.183038,-0.471546,0.470365,0.0675018,0.0252704,-1.83856,-1.05375,0.252132,-0.125512,0.278607,-0.435013,0.323105,-1.02199,-0.143139,1.58781
0.606661,-2.43816,0.85429,0.783649,0.270882,-0.775635,-0.100338,-0.218244,-2.75565,-0.278249,-0.507239,-1.33118,-0.296494,-0.911624,1.96111,1.1507,-0.139258,-0.295783,0.509666,2.12785,0.510354,0.967012,-2.2156,-1.53618
-0.469498,1.75427,-0.668922,0.264556,0.637513,0.419244,-0.0350268,0.343451,-0.249517,0.394767,-0.20492,0.252661,1.2186,0.621766,0.359413,-0.220711,0.620266,0.398277,-0.91507,-0.368733,-0.350093,0.85164,1.44108,0.431689
1.39708,-1.78058,1.2798,2.32589,1.30161,-3.65963,-1.11267,0.771923,-7.31373,0.250432,-1.21301,-3.52088,1.4884,-1.1306,4.62275,1.73093,0.561381,-1.91655,-1.39895,4.27066,0.737668,4.62428,-2.58543,-3.12943
1.37052,-1.31032,1.20967,-0.51537,-1.09627,-1.72956,-0.400875,-0.351965,0.641694,-0.485004,1.13996,-0.455078,-1.84133,-0.589976,-0.766073,0.192153,-1.15665,-1.68482,0.998416,-0.234473,0.350158,-1.04275,-1.46715,-1.10292
0.956591,-9.31302,1.85185,-1.47388,1.39779,5.72388,1.39536,-1.71061,-0.565328,-0.908818,-0.757759,-1.30535,-2.73919,-2.25395,5.56812,3.61225,-2.09844,5.14569,5.01664,2.75159,-1.11623,-0.954543,-4.87055,-4.14284
-0.215509,-1.29362,0.0958492,0.803818,-0.257666,-0.999462,-0.0248093,-0.122935,-1.89716,-0.225126,-0.796637,-0.623547,0.00255888,-0.59194,0.108231,0.23103,0.288016,-0.628433,-0.0967191,1.58264,0.696198,0.598557,-1.69914,0.223815
-0.849045,2.78136,-0.9688,-0.622712,-1.64535,-0.942766,0.306433,0.229873,3.65694,-0.0405323,0.335987,1.92346,-0.488558,0.753406,-4.95782,-2.27561,0.331078,-1.19236,-0.727697,-2.46733,0.47967,-2.39936,1.33294,3.35702
-0.936014,3.03533,-1.10096,-0.600102,-0.757881,0.0603111,0.29969,0.305535,3.29891,0.131217,0.274166,1.82068,0.161469,0.96596,-3.6799,-1.97452,0.474238,-0.406621,-0.842035,-2.31874,0.0725696,-1.6282,2.25772,2.75367
1.55489,-0.256486,1.14354,-0.37538,0.19486,-0.849493,-0.755007,-0.0819974,-0.210194,0.0323862,1.37562,-0.721018,-0.6825,-0.108658,1.43794,0.835028,-1.07602,-0.860388,0.597378,-0.270567,-0.370811,0.481861,0.0246628,-2.44856
-1.20698,2.15277,-1.05595,-0.222351,-0.869422,-0.103196,0.403303,0.239415,2.05967,0.0855419,-0.295832,1.3681,0.278406,0.568411,-3.28822,-1.73852,0.77372,-0.541889,-0.901869,-1.37154,0.412976,-1.33107,1.26662,2.90208
-1.2791,3.5729,-1.48078,0.79751,0.416809,-0.532909,-0.158565,0.732223,-0.303453,0.605279,-0.685435,0.476025,2.06456,1.08803,-1.08188,-1.2751,1.54887,-0.365341,-2.27965,-0.607266,0.0483726,1.11397,2.41989,2.05393
0.698923,-1.07944,0.664613,-1.05113,-0.990438,-0.189693,0.224772,-0.421742,2.02615,-0.46208,0.92944,0.490494,-1.68696,-0.254912,-1.56328,-0.329606,-0.994009,-0.586849,1.20859,-0.874652,0.107935,-1.83664,-0.942067,-0.0577217
-0.933272,6.40028,-1.48349,0.539221,1.29593,-0.131075,-0.632191,1.1844,0.235909,1.18504,0.405243,0.690435,3.09005,1.98335,0.0446362,-1.18022,1.44588,0.0132931,-2.95617,-1.84984,-0.819483,2.16986,5.03949,0.970586
0.596808,-8.09407,1.56824,-0.603707,-0.134065,2.64025,1.09398,-1.43415,-1.08692,-1.17808,-1.0099,-1.01867,-2.7426,-2.16198,2.53755,2.32942,-1.45331,2.39305,3.73093,2.89849,0.152203,-1.42108,-5.51348,-1.92114
0.823908,-5.1326,1.13568,-0.540522,-0.482581,0.983325,0.589128,-0.913006,-0.435571,-0.810021,-0.303454,-0.694534,-2.1536,-1.46888,1.04885,1.33988,-1.131,0.724529,2.53762,1.5842,0.204746,-1.26772,-3.64313,-1.39687
-0.923977,-3.45137,-0.196356,-0.106863,0.775869,3.52524,1.13498,-0.653128,-0.476015,-0.274917,-1.55586,-0.0107412,-0.288984,-0.771476,1.97704,1.101,0.0508251,3.06411,1.47687,1.55003,-0.390182,-0.348624,-1.70187,-0.202187
2.18651,-8.48202,2.63424,-2.27311,-1.30369,2.02915,0.998272,-1.74066,2.34484,-1.51175,1.03167,-0.544829,-5.01809,-2.32199,0.594507,2.04239,-3.12996,1.14695,5.23592,0.755988,-0.0267707,-3.79361,-5.53175,-2.96662
-0.826538,-2.7686,-0.15526,-1.26412,-0.466981,3.2593,1.28827,-0.785065,2.75659,-0.568122,-0.565261,1.14855,-1.58353,-0.39018,-1.12639,-0.0484262,-0.62436,2.54963,2.09793,-0.40845,-0.278657,-2.5313,-1.27454,1.10763
-0.666061,2.96645,-0.954374,2.02088,0.783216,-2.28456,-0.735565,0.983593,-4.03684,0.603098,-1.09913,-0.906863,2.75224,0.574772,1.05415,-0.255819,1.88782,-1.4579,-2.85194,1.43752,0.626244,3.26069,1.19198,0.528351
-1.48016,4.86467,-1.8071,0.710022,0.587335,-0.29649,-0.0664088,0.932608,0.20806,0.743516,-0.542883,0.874996,2.45005,1.48327,-1.24228,-1.49692,1.71783,-0.1535,-2.53745,-1.10861,-0.127551,1.19859,3.44529,2.33798
0.00392496,-1.8039,0.326517,1.61681,0.0985314,-1.84896,-0.294171,-0.0492636,-4.17317,-0.140883,-1.2196,-1.57558,0.661939,-0.9202,1.50204,0.727824,0.720425,-1.26626,-0.611179,2.86704,0.989023,1.72733,-2.3229,-0.461648
-1.29858,6.82464,-1.72156,1.45593,1.30192,-0.704934,-0.634438,1.2425,-0.692722,0.865611,0.205204,0.27704,3.29576,2.11805,-0.202504,-1.22244,2.27626,-0.488893,-3.53131,-1.24366,-0.720461,2.97034,4.72061,1.62032
0.425806,1.64448,0.192871,-0.531455,-0.606793,-0.857716,-0.220431,0.246502,1.66384,0.103139,1.0692,0.5474,-0.315207,0.440423,-1.44884,-0.727151,-0.315638,-0.928512,-0.157716,-1.4072,-0.0795704,-0.676772,1.06549,0.293034
1.4687,-2.70881,1.2748,0.0607306,-0.124132,-0.698066,-0.169455,-0.587069,-1.80574,-0.778251,-0.37753,-1.50621,-0.906949,-0.85267,1.48193,1.24916,-0.482831,-0.580124,0.726434,1.68982,-0.136595,0.281148,-2.09275,-1.72848
2.25739,0.95727,1.49938,-0.164077,-0.9054,-3.58314,-1.26351,0.00273237,-0.218024,-0.0300551,2.15866,-1.0032,-0.944878,-0.2128,-0.282226,0.151443,-1.17673,-3.26703,-0.0866134,-0.68007,0.166215,0.356585,-0.178569,-2.17577
-0.415116,0.616596,-0.500121,-0.808447,-0.130036,1.49278,0.377575,-0.137885,2.46062,0.0553027,0.354164,1.05489,-0.332442,0.324453,-1.18026,-0.603037,-0.247716,1.00275,0.422584,-1.36171,-0.458002,-1.15466,1.07417,0.845469
-1.16718,0.548895,-0.853982,1.81211,-1.15529,-3.05252,-0.0032084,0.316013,-2.57879,-0.0558639,-1.73365,-0.358587,0.793729,-0.27786,-2.3175,-1.11399,1.66597,-2.4267,-1.82904,1.75695,1.67004,0.509499,-1.63041,2.88244
0.810333,-5.25975,1.30767,-1.42381,-1.4927,1.08459,1.00393,-1.14691,2.2636,-1.14514,0.218834,0.272931,-3.48156,-1.50048,-1.23904,0.52196,-1.78325,0.466487,3.2299,0.291139,0.260944,-3.15494,-3.85698,-0.486819
-1.02258,2.87814,-1.0282,1.21383,0.144903,-1.66833,-0.39183,0.664932,-1.5145,0.483359,-0.750188,0.113674,1.92011,0.68059,-0.793546,-0.966985,1.45317,-1.14767,-2.27788,0.277108,0.459525,1.34178,1.42065,1.63227
1.50619,-2.03692,1.43867,-0.370989,-1.07341,-1.93943,-0.357809,-0.416754,0.0704891,-0.592254,1.0936,-0.661807,-1.83046,-0.902401,-0.510608,0.408069,-1.22083,-1.779,1.18369,0.255295,0.49583,-0.963413,-2.12865,-1.27742
-0.391529,2.25303,-0.508878,1.34802,0.837296,-1.27397,-0.612233,0.627405,-2.89962,0.647594,-0.567422,-0.75206,2.13313,0.534737,1.33578,0.00576424,1.24814,-0.601162,-1.89607,0.952129,0.102155,2.50383,1.1961,-0.101736
1.39841,-5.65967,1.76543,-0.940126,0.851342,2.49384,0.54564,-1.02803,-0.868057,-0.564125,0.115194,-1.14007,-1.87302,-1.41931,3.74117,2.51734,-1.7646,2.32636,3.16086,1.67391,-0.720802,-0.268252,-3.05918,-3.63844
-0.859832,-2.37309,-0.239958,0.472677,0.45065,1.46905,0.695887,-0.212738,-1.55207,-0.196699,-1.55207,-0.267403,0.269869,-0.617203,1.27064,0.655361,0.512524,1.59924,0.435345,1.71266,0.175685,0.307879,-1.7154,0.306019
-0.586082,-0.211638,-0.43556,0.654054,0.777516,0.785279,0.14063,0.164865,-1.56579,0.174145,-0.956041,-0.441903,0.963614,-0.0326893,1.26265,0.514089,0.740972,0.932398,-0.384575,0.982024,-0.0550334,1.09165,0.0495357,-0.0388149
-0.455192,3.25414,-0.744,0.710119,0.622461,-0.831766,-0.540299,0.736009,-0.895127,0.740383,-0.0207876,0.00824976,1.94645,0.925463,0.296024,-0.537605,0.984418,-0.54809,-1.84476,-0.313481,-0.0897964,1.57541,2.31651,0.495733
1.39672,-6.12226,1.90967,0.0207592,-1.70958,-1.89472,0.205423,-0.972338,-1.51032,-1.23219,-0.19584,-1.22864,-3.01294,-2.25002,-0.34024,1.11294,-1.31481,-1.69645,2.40645,2.48095,1.34134,-1.60071,-5.78297,-1.16434
-0.97104,5.93262,-1.40081,1.08992,-1.01715,-3.50317,-0.793464,1.05764,0.348688,0.667675,0.0883063,1.0001,1.85269,1.30946,-3.88324,-2.53176,1.5743,-3.24506,-3.37318,-1.63155,0.894002,0.584774,3.01697,3.17396
2.3345,0.440959,1.6124,1.23893,0.463427,-4.02929,-1.76535,0.3931,-4.21001,0.237005,1.27077,-2.29627,0.562352,-0.440157,3.09787,1.48329,-0.473534,-2.90309,-0.87567,1.48911,0.213704,3.06073,-0.568946,-3.58138
0.315436,-5.34145,1.3491,1.63823,-1.13182,-2.98517,0.257607,-0.823053,-4.36141,-1.22647,-1.33174,-1.69647,-1.29993,-2.16469,0.412321,0.902297,0.283561,-1.77964,0.425223,4.03042,2.10172,0.284545,-5.38307,-0.252656
-0.128465,0.790603,0.0290761,3.30965,-0.412282,-5.70049,-1.13054,0.665675,-6.69497,0.188872,-1.57027,-2.10273,1.94866,-0.65721,0.23143,-0.0598998,1.94683,-4.11086,-3.07108,3.52229,2.13548,3.28946,-2.15226,0.745899
0.965036,1.10687,0.588133,-0.532174,-0.00842888,-0.685374,-0.498902,0.129852,0.930482,0.0676398,1.33833,0.0371523,-0.333015,0.313622,0.16079,-0.0281466,-0.696142,-0.701171,0.0666964,-1.14165,-0.377609,0.105188,1.01055,-1.1557
0.778215,1.65332,0.490978,2.53012,0.535701,-4.8369,-1.68569,0.759328,-6.21323,0.460452,-0.324433,-2.31842,2.15602,-0.135184,2.4315,0.694906,1.13698,-3.36468,-2.71511,2.65075,1.0148,4.07624,-0.445092,-1.52937
-0.552866,5.39774,-0.920226,3.39207,-1.28675,-7.81907,-1.65234,1.39322,-4.95775,0.607628,-0.857807,-0.946989,2.98486,0.625468,-3.11031,-2.12092,2.69965,-6.28482,-4.97211,1.51402,2.45045,3.01776,0.74724,3.00956
0.67512,1.58361,0.3809,1.38113,0.115764,-3.07357,-0.935229,0.547981,-3.08284,0.257079,0.0933475,-1.32171,1.20495,0.0265817,1.05384,0.178049,0.543722,-2.28599,-1.74621,1.06067,0.529411,2.30485,0.140484,-0.735336
2.83232,-4.59211,2.70983,1.50084,0.951818,-2.99899,-1.29822,-0.312848,-6.63696,-0.308973,0.344873,-3.86992,-0.315244,-1.76126,5.99346,3.37195,-1.07648,-1.80629,0.76686,4.23401,0.499071,3.56251,-4.08865,-5.63831
-0.339282,-1.84229,0.0458088,-0.0268731,0.269275,1.39874,0.504245,-0.284261,-0.494045,-0.265792,-0.797951,-0.229649,-0.196071,-0.543658,0.775641,0.550109,0.102186,1.27002,0.622708,0.939153,0.000611821,-0.102665,-1.11556,-0.130946
0.589264,2.1056,0.0291709,0.547026,1.55005,-0.26884,-0.90806,0.645922,-2.16525,0.689024,0.374458,-1.00059,1.92374,0.691162,3.19358,0.854012,0.353378,0.190318,-1.17661,0.292185,-0.92507,2.87904,2.13312,-2.17847
-0.853322,2.00528,-0.951902,-0.504691,-0.549173,0.605976,0.432066,0.162477,2.62079,0.0717687,0.0404795,1.41882,0.0620837,0.674166,-2.63558,-1.37873,0.258855,0.176712,-0.434104,-1.66986,-0.163905,-1.26512,1.54737,2.18479
0.0240221,0.749014,-0.307168,-2.97669,1.09763,5.78018,0.908,-0.465773,6.12947,0.326989,1.58498,1.97399,-0.881814,1.05453,0.49547,0.0293245,-1.56887,4.31289,2.27486,-3.75107,-2.43442,-2.25227,3.41373,-0.904907
-1.8385,-2.98736,-1.05353,0.440003,2.10308,4.96203,1.25092,-0.163058,-1.97855,-0.0147439,-2.60339,-0.272941,1.32424,-0.407415,3.77772,1.51176,1.0611,4.73271,0.739135,2.44009,-0.729332,1.07616,-0.858974,-0.0392749
1.4272,2.55432,0.971654,-0.0864551,1.22629,-1.78338,-1.67553,0.190913,-1.0491,0.564701,1.60454,-0.99197,1.02053,0.746748,2.16964,0.440303,0.0949191,-1.22825,-0.697234,-0.835647,-0.710004,2.05741,2.22843,-2.78042
-0.776843,7.06112,-1.4939,2.78744,1.44241,-3.95632,-1.61059,1.71205,-4.80383,1.5122,-0.694968,-0.98947,4.77253,1.69929,1.14401,-0.833679,2.72958,-2.59042,-5.13231,0.614513,0.45942,4.94867,4.03389,0.734478
2.33772,-7.66427,2.49183,-3.29347,0.493763,5.21871,0.821563,-1.79931,2.4067,-1.34169,1.42723,-0.536856,-4.30135,-1.37732,4.23437,3.17092,-3.12173,4.65326,5.32093,0.49671,-1.61282,-2.3375,-3.51472,-4.93172
-1.56816,3.95827,-1.39668,-0.747942,-2.56953,-1.18756,0.498299,0.213707,4.61,-0.0996887,0.269282,2.53005,-0.347235,0.982511,-7.02886,-3.57974,0.523391,-2.03857,-1.52262,-2.60416,0.845829,-3.41847,1.45256,5.55293
0.879096,-1.06528,0.828335,-0.115378,-0.74262,-1.47587,-0.293688,-0.163343,-0.0636067,-0.329866,0.651273,-0.336512,-1.14361,-0.508665,-0.587188,0.146897,-0.6668,-1.38333,0.592229,0.112366,0.391278,-0.573028,-1.22598,-0.629986
1.04368,2.24446,0.428381,1.10697,1.38508,-2.12521,-1.27966,0.611551,-3.35612,0.67151,0.703777,-1.63033,1.86633,0.457358,3.0864,1.06688,0.338073,-1.29284,-1.60376,0.841204,-0.378232,3.32397,1.46565,-2.4184
0.9359,0.783774,0.625759,1.97118,-1.07289,-5.73904,-1.22416,0.45183,-3.95095,0.00525368,0.0118619,-1.56663,0.457769,-0.528043,-0.855041,-0.345818,0.656223,-4.53279,-1.84922,1.78545,1.73863,1.73479,-1.76095,-0.0183539
-1.0442,1.12767,-0.846133,-0.492696,0.367901,1.86849,0.533083,0.206872,1.76917,0.127936,-0.312126,0.962275,0.451318,0.494717,-0.838543,-0.546233,0.403779,1.41594,-0.127238,-1.00821,-0.486646,-0.708845,1.41912,1.34158
-0.899245,-2.54675,-0.327066,-1.39481,0.239177,4.20747,1.32553,-0.738304,2.61493,-0.377933,-0.568411,0.977379,-1.17959,-0.270519,0.231507,0.417645,-0.531768,3.40957,2.08838,-0.443259,-0.741989,-2.00676,-0.495579,0.410667
-0.73335,-3.71328,-0.0618072,-1.59049,1.05023,5.71502,1.53291,-0.849915,2.19606,-0.311507,-0.758748,0.74155,-1.228,-0.486043,1.93286,1.17857,-0.897441,4.7739,2.81151,-0.0184801,-1.27662,-1.70664,-0.790274,-0.734691
1.05793,-4.93935,1.40588,-2.53859,-0.511999,3.75882,1.15455,-1.39036,4.02983,-0.91249,1.14492,0.598267,-3.47847,-1.0483,0.330388,1.14281,-2.54536,2.64946,4.18127,-1.12168,-0.87833,-3.46777,-2.19364,-1.87413
-2.44986,5.46534,-2.657,0.372394,0.931338,1.8179,0.388763,0.968101,1.44381,0.927459,-0.88277,1.63602,2.99869,1.85442,-1.4271,-1.77259,1.95833,1.3994,-2.56294,-1.83074,-0.642628,0.775634,4.59088,3.18663
0.320938,0.439274,0.112745,-0.954386,0.0417474,0.97998,0.105349,-0.159772,2.13326,-0.0613819,0.910747,0.564192,-0.669669,0.265565,-0.548402,-0.116622,-0.764992,0.531608,0.682706,-1.39501,-0.506939,-1.02791,0.84379,-0.248708
0.822857,-2.98488,1.04106,0.616651,1.51209,0.896799,-0.286323,-0.0639558,-3.56838,-0.0301581,-0.445017,-1.8922,0.374569,-0.806786,4.89969,2.45405,-0.375884,1.34007,0.850629,2.52419,-0.472919,2.33041,-1.5677,-3.36527
-0.533769,-0.00737237,-0.372352,-1.05338,-0.814554,1.13922,0.614395,-0.315558,2.80443,-0.23591,0.0480991,1.23749,-1.00414,0.151454,-2.27066,-0.899101,-0.281332,0.636046,0.708849,-1.28656,-0.0544047,-2.1499,0.17555,1.60686
-0.864712,-3.06986,-0.245552,-2.61301,-1.06178,4.76923,1.75948,-1.38697,6.09521,-0.620016,-0.400136,2.39163,-2.51217,0.00920786,-2.98191,-0.618189,-1.0263,3.0653,3.1647,-1.71716,-0.656237,-5.04494,-0.740028,1.79005
-0.425795,0.684397,-0.436474,0.564522,0.699108,0.622171,-0.326945,0.547579,-0.193269,0.449141,-0.759955,0.0724813,1.15891,0.404614,-0.17443,-0.515431,0.599693,0.427214,-0.511401,0.231107,-0.251423,0.446547,0.998362,0.702249
-2.95082,4.2448,-2.56483,1.75444,1.86781,1.74187,0.324917,1.12787,-2.12584,1.07709,-2.3563,0.552159,4.16443,1.43938,0.819589,-0.901444,2.97187,1.88631,-3.16768,0.63674,-0.336796,2.76982,3.40553,2.83815
0.346965,3.34195,-0.124151,1.38458,0.47188,-2.98779,-1.16434,0.824454,-2.65355,0.621797,0.397767,-0.892798,1.88292,0.586423,0.745242,-0.226218,0.799579,-2.27213,-2.3109,0.286453,0.308384,2.55299,1.66176,-0.493581
0.216002,-4.7898,0.302369,-2.4142,-0.276967,3.53989,1.59048,-1.69769,3.18618,-0.899328,-0.186427,1.09275,-2.79057,-0.757707,-0.421855,0.406024,-1.26004,3.04072,3.25782,-0.449013,-0.428403,-3.03287,-2.00137,0.0164074
0.445902,5.13765,-0.237269,0.796776,-0.411684,-3.69101,-1.23455,0.979002,-0.24023,0.590508,1.18023,-0.0364331,1.3838,1.09345,-1.61845,-1.37698,0.588338,-3.29525,-2.49745,-1.47051,0.301235,1.23691,2.77836,0.556931
-1.01108,-1.70873,-0.598444,-1.06978,0.916805,4.41642,1.13075,-0.409827,1.94147,-0.0989774,-0.781255,0.860311,-0.311052,0.0168881,0.996551,0.484225,-0.178592,3.74593,1.4396,-0.33435,-0.966791,-1.09599,0.270875,0.356076
-0.359371,-5.71191,0.460567,-2.19675,-1.1436,4.23978,1.80873,-1.47126,4.36195,-1.13366,-0.340786,1.36503,-3.51549,-1.19548,-1.5398,0.321503,-1.68111,3.09001,3.95361,-0.394878,-0.364887,-4.55789,-3.26459,0.693652
0.71564,-4.46837,1.10209,-0.98349,-0.456665,1.28985,0.549207,-0.90983,0.743363,-0.723424,0.027744,-0.261772,-2.28308,-1.23165,0.67164,1.05048,-1.35635,1.02218,2.41735,0.794187,-0.0660919,-1.58833,-2.92637,-1.24143
0.146188,-3.6676,0.606577,-0.63727,-0.517735,1.26348,0.70964,-0.704362,0.761745,-0.631139,-0.277745,0.0425895,-1.63215,-0.876678,0.0447401,0.639884,-0.872172,1.07088,1.93526,0.674702,0.120082,-1.66863,-2.34511,-0.329018
-1.23508,-0.240061,-0.873275,0.394624,1.11597,2.20275,0.701145,0.0894249,-0.884555,0.297644,-1.32544,0.123552,1.27124,0.2627,1.39163,0.2673,0.924869,2.14644,-0.188875,0.8707,-0.350629,0.857833,0.415,0.562274
-1.01747,-5.10386,0.247152,0.133479,-1.10555,0.944145,1.13843,-0.860106,-0.667855,-1.04343,-1.76491,-0.0296575,-1.72741,-1.5464,-1.04486,0.328161,0.0515307,0.692057,1.71264,2.35293,1.14227,-1.86271,-4.46921,1.51215
-0.392995,-4.61446,0.368899,-1.74582,-1.21414,3.04998,1.60416,-1.11129,3.51287,-1.02827,-0.431652,1.22708,-2.93814,-1.07599,-1.85279,-0.00724082,-1.24503,2.16143,3.14266,-0.403752,-0.0173677,-3.80297,-2.89799,1.12987
-0.465511,-1.15248,-0.19905,0.0834342,0.0354665,1.02749,0.413602,-0.14031,-0.159679,-0.133864,-0.591819,-0.023227,-0.125192,-0.140201,0.242156,0.129227,0.161655,0.917675,0.46719,0.522098,0.0132837,-0.172214,-0.685287,0.307556
-0.038508,6.43826,-0.890183,1.69888,0.301444,-4.08166,-1.45481,1.44814,-2.34136,0.909991,0.44832,-0.383854,3.00122,1.41395,-0.640275,-1.33346,1.7321,-3.23068,-3.86771,-0.730077,0.436745,3.06571,3.58251,0.816301
1.95118,-3.67116,1.98114,-0.185303,-1.61988,-2.82385,-0.405438,-0.689836,-0.957343,-0.889123,0.919109,-1.19868,-2.55935,-1.51404,-0.58125,0.738123,-1.49852,-2.63396,1.57679,1.12498,0.994197,-1.08465,-3.7951,-1.65926
-2.01589,2.787,-1.88651,-0.456745,-1.04763,0.998422,0.84495,0.232493,3.64994,0.0596253,-0.669963,2.32663,0.355055,1.02331,-4.55019,-2.41143,1.01713,0.396731,-0.925793,-2.25538,0.302212,-2.2051,1.97061,4.26598
0.560498,0.898973,0.327991,-0.409632,-0.696796,-0.919433,-0.296789,-0.0260796,1.32075,0.0114096,0.9684,0.340992,-0.623809,0.255361,-1.37176,-0.463533,-0.52832,-1.08842,0.104189,-1.05888,0.0410977,-0.824171,0.452982,0.147519
-1.7674,7.59214,-2.1482,3.35254,0.441068,-4.93778,-1.37814,1.88804,-4.67268,1.28022,-1.34524,-0.489451,4.83384,1.62997,-1.30513,-1.99942,3.46606,-3.66333,-5.7606,0.627273,1.2774,4.25954,3.60967,3.11337
0.0018316,-5.80821,1.00528,-2.02225,-1.43589,3.34971,1.39266,-1.25187,3.37445,-1.48791,-0.0314449,0.172176,-3.71068,-1.48966,-1.27522,0.365269,-1.39369,2.26257,4.02679,0.0221319,-0.0677508,-4.16901,-3.4376,-0.153764
-1.21119,3.67178,-1.33751,1.49335,2.25109,0.892362,-0.464929,1.07803,-2.53657,1.15148,-0.874566,-0.393471,3.46762,1.20766,2.73055,0.120055,1.73514,1.40785,-2.55947,0.426978,-0.76748,3.42814,3.37269,-0.0406567
0.0970198,-5.26194,0.791391,-0.317517,0.0803462,2.15259,0.874342,-0.944475,-0.737142,-0.765882,-0.853518,-0.510446,-1.73424,-1.40284,1.63745,1.43142,-0.745463,1.97201,2.44482,1.88477,0.0416918,-0.996467,-3.44211,-1.04136
0.957879,-1.70161,0.846622,-0.492282,1.15817,1.65222,-0.0364094,-0.331396,-0.531767,0.0192939,0.56768,-0.772735,-0.227103,-0.369103,3.25193,1.5735,-0.874652,1.5664,1.36241,0.44346,-1.00947,0.771595,-0.222816,-2.75917
0.291553,2.42538,-0.232503,-1.86684,0.275015,2.2378,0.144926,0.0344894,4.72009,0.341019,1.70495,1.55703,-0.459826,1.03079,-0.957681,-0.686745,-0.949042,1.46769,0.706003,-3.48181,-1.52502,-1.57055,3.4084,-0.129867
-3.04284,11.1517,-3.45826,2.34088,0.855157,-3.1358,-0.578516,2.50541,-1.96822,1.95825,-1.42041,1.62404,5.8299,2.93897,-2.77058,-3.31388,4.19103,-2.56307,-6.797,-1.68127,0.407542,3.41284,6.93751,5.37826
-1.07545,0.958518,-1.10027,-2.84611,0.446197,6.18139,1.47886,-0.475401,7.17645,0.0645174,0.702007,2.86618,-1.04678,1.26049,-1.62722,-0.884293,-1.01942,4.63476,1.91661,-3.96558,-2.04364,-3.46669,3.30823,1.30947
1.2583,-7.00981,1.80564,-1.3727,-0.657683,1.99841,0.828136,-1.44208,0.869167,-1.15466,0.180058,-0.542295,-3.32564,-1.87715,1.25807,1.77246,-2.10449,1.57039,3.91374,1.29461,-0.0496812,-2.37242,-4.59471,-2.14534
0.438701,3.69954,-0.117162,1.19497,-1.69917,-5.55524,-1.13609,0.705587,-0.892198,0.212507,0.548792,-0.00975317,0.581871,0.446852,-3.59798,-1.89343,0.821138,-4.70937,-2.46448,-0.49238,1.45035,0.441718,0.637675,1.849
0.518079,-4.2844,1.11205,0.360308,0.422554,0.493567,0.194475,-0.57733,-2.565,-0.470135,-0.745699,-1.37668,-0.820036,-1.36189,2.50698,1.69493,-0.518038,0.775369,1.46288,2.5559,0.201314,0.530687,-3.30248,-1.9163
1.31999,-0.422918,1.03237,-0.627289,-0.815747,-1.35152,-0.424056,-0.184296,1.13663,-0.281255,1.43683,-0.100876,-1.3473,-0.327966,-0.715711,-0.0384339,-1.10587,-1.46383,0.870607,-0.817953,0.109745,-0.961291,-0.608665,-1.07776
-0.337741,1.77282,-0.585846,-1.13173,1.37804,3.17157,0.370184,0.134146,2.47819,0.563873,0.626291,0.970281,0.716932,1.06864,1.06552,0.0674304,-0.251974,2.60766,0.21443,-1.88245,-1.50305,-0.0320678,3.10376,-0.539
1.43844,-0.930831,1.38362,0.936086,-0.694448,-3.15865,-0.614261,-0.0585186,-1.78565,0.0467109,0.477372,-1.28346,-0.562196,-0.564878,-0.00431803,0.603213,-0.642973,-2.29204,0.170677,1.1574,1.03271,0.80183,-1.72395,-0.905662
1.1099,1.90496,0.308334,-1.97292,-0.0395733,1.38091,-0.134212,-0.0916503,4.28881,0.151481,2.2632,1.0762,-0.876565,0.926302,-0.547832,-0.329621,-1.34839,0.686221,0.96988,-3.2407,-1.36286,-1.43801,2.70824,-1.12133
-0.766059,0.525901,-0.487519,0.490623,0.0476673,-0.150754,0.0187093,0.166897,-0.621408,0.130277,-0.731271,0.0856322,0.703085,0.125518,-0.390478,-0.334643,0.685542,-0.0846657,-0.788342,0.440727,0.305076,0.272063,0.122363,1.01327
-0.286364,1.14324,-0.697758,0.444796,-0.551509,-1.17656,-0.385518,0.591819,0.173639,0.131039,0.0689135,-0.0185487,0.422335,0.138711,-1.31867,-1.16702,-0.0381859,-1.16352,-0.464347,-0.043347,0.417805,-0.225965,0.47072,1.25934
0.809808,2.13889,0.265234,1.21446,-0.338763,-3.64617,-1.13663,0.568145,-2.24231,0.286359,0.520835,-0.983445,0.965895,0.197112,0.0274451,-0.246096,0.342428,-2.80457,-1.71686,0.333859,0.721483,1.7568,0.5257,-0.549098
1.60567,-1.91641,1.51347,-0.240505,-0.135038,-1.27621,-0.630488,-0.328693,-0.937065,-0.258476,1.02979,-1.06821,-1.14513,-0.748711,1.42947,1.01545,-1.08159,-1.02556,1.0365,0.595225,0.0941286,0.264713,-1.51074,-2.37939
0.0861297,-2.07969,0.185017,-0.976506,-0.179444,2.36161,0.496355,-0.351752,2.04333,-0.186536,-0.00716587,-0.0214358,-1.53409,-0.54745,-0.0438841,0.0564156,-0.959804,1.96076,1.26607,-0.397014,-0.426664,-1.30414,-0.173252,-0.586331
0.539265,-2.28237,0.488652,-1.79715,0.051491,2.95274,0.69847,-0.760943,3.1905,-0.404413,0.845576,0.6837,-1.84732,-0.241362,0.348926,0.586228,-1.59151,2.18737,2.34014,-1.16634,-0.963712,-2.04352,-0.187312,-1.05458
1.10309,2.76552,0.264137,-0.0474795,0.155312,-1.68587,-0.922627,0.415803,0.272567,0.402105,1.36957,-0.196861,0.553923,0.658572,0.241437,-0.317373,-0.268317,-1.46661,-1.04472,-1.26988,-0.309431,0.866376,1.971,-0.987779
-0.488357,0.306768,-0.373775,-0.436942,-0.094623,0.982403,0.355715,0.0744283,1.22782,-0.003053,0.056462,0.749989,-0.0725445,0.253879,-0.733637,-0.409402,0.0769333,0.678641,0.131371,-0.73727,-0.160024,-0.755866,0.521764,0.812073
0.523052,-0.0330109,0.497299,1.27546,-2.23011,-5.49603,-0.796398,0.118614,-1.92931,-0.431805,-0.0273947,-0.603992,-0.754634,-0.816235,-3.1723,-1.20079,0.386103,-4.65393,-1.22039,1.09752,2.15029,-0.265804,-2.56077,1.41014
-0.201032,1.77072,-0.435803,0.71005,1.49731,0.308481,-0.428338,0.456177,-1.98602,0.593342,-0.214902,-0.639912,1.89081,0.592452,2.46608,0.55515,0.637036,0.694965,-1.18287,0.466369,-0.53841,2.35492,1.76372,-1.03001
-2.06783,2.93592,-1.80244,3.58479,0.974912,-2.93976,-0.614881,1.20444,-6.69593,0.769439,-2.94389,-1.20819,4.15751,0.304823,0.988375,-0.497508,3.4559,-1.52568,-4.2292,3.31766,1.38949,4.41076,0.373053,2.45622
2.20056,-2.3137,2.09551,1.80891,-1.12661,-6.23711,-1.46208,-0.0295839,-5.31513,-0.430159,0.39363,-2.67589,-0.819172,-1.4058,0.892872,0.930333,-0.380117,-4.90458,-0.596053,3.0365,1.8356,1.86426,-4.00726,-2.19703
-0.101284,3.47833,-0.572885,-0.209136,-0.742578,-1.6618,-0.429772,0.46846,1.78116,0.320312,0.753123,0.974144,0.374078,0.846821,-2.7051,-1.61881,0.275565,-1.72594,-1.28921,-1.97549,0.212125,-0.548902,1.94443,1.5946
2.40076,-2.85334,1.9872,-2.38106,-2.3941,-0.943219,0.068615,-1.02246,4.7642,-0.988959,2.61501,0.726969,-4.3555,-0.86511,-3.24168,-0.343927,-2.95787,-1.64259,3.23678,-2.23577,0.173674,-4.22954,-2.24531,-1.07398
0.185292,-5.5826,0.885224,-0.258504,-3.30843,-2.2805,0.856221,-1.12106,0.703971,-1.51661,-0.701635,0.361247,-3.70959,-2.00023,-4.53902,-0.653054,-0.820734,-2.36312,2.07897,1.47143,2.24082,-3.82083,-6.112,2.14245
0.809832,-1.4745,0.762147,-0.142096,-0.542088,-0.85674,-0.174467,-0.214553,-0.143111,-0.275755,0.293933,-0.37412,-0.997953,-0.51863,-0.104195,0.360259,-0.656205,-0.796445,0.678924,0.349388,0.250384,-0.489484,-1.42359,-0.677938
0.371268,-2.85536,0.560422,-1.55769,1.4385,4.83707,0.861949,-0.63656,1.68148,-0.124147,0.35054,0.121994,-0.903309,-0.226169,3.28828,1.66705,-1.27474,4.10637,2.55668,-0.281396,-1.76011,-0.574546,0.0667695,-2.39414
-0.742885,4.4063,-1.18754,-0.848702,0.202226,1.0475,0.0123288,0.48123,3.37647,0.574259,0.900974,1.70378,0.976867,1.54207,-1.92352,-1.5228,0.236854,0.509162,-1.17421,-3.09179,-0.906294,-0.631515,4.07857,1.50422
1.1588,-7.93,2.05612,1.14841,-0.274558,0.287505,0.226603,-1.04128,-5.11458,-1.113,-1.11813,-2.34195,-1.98486,-2.58092,3.7783,2.80592,-0.436637,0.126793,2.17932,4.8023,0.725317,1.06535,-6.0965,-2.72208
-2.72724,-1.43231,-1.62349,1.32553,-0.0345739,1.4388,1.16598,0.0742189,-1.82983,-0.0990798,-3.13424,0.480755,1.16674,-0.460075,-0.904668,-0.487084,1.99306,1.42489,-0.783706,2.15886,0.942211,0.0300292,-1.63785,3.39555
0.213778,-6.4974,0.939015,-3.14236,0.119515,6.86074,2.05524,-1.70486,5.31857,-1.01767,0.448053,1.27662,-3.75976,-1.10694,0.999924,1.4614,-2.56381,5.28686,5.23558,-1.10746,-1.63847,-4.28167,-2.16562,-1.52154
-0.803856,-0.937811,-0.592853,-2.82909,-0.338695,5.26457,1.49601,-0.72017,6.89781,-0.327909,0.720529,2.58967,-2.0623,0.420254,-2.23518,-0.69876,-1.37487,3.63537,2.63343,-3.33189,-1.46532,-4.17298,1.46754,1.30384
1.39549,-2.69274,1.41128,0.620683,-0.910721,-2.76707,-0.541571,-0.414298,-2.26849,-0.620022,0.320729,-1.44794,-1.25766,-1.18125,0.473604,0.862447,-0.701299,-2.15344,0.711886,1.79254,1.03999,0.189571,-3.03951,-1.52317
-0.068475,-1.66509,0.202396,0.314229,-0.722772,-0.454676,0.282539,-0.358218,-0.479231,-0.493759,-0.647686,-0.165995,-0.661401,-0.600922,-0.760224,0.015885,0.0583862,-0.441404,0.525118,0.932853,0.691879,-0.537096,-1.74151,0.603311
-0.0764835,-6.05652,0.632777,-1.45319,0.406163,4.65637,1.47271,-1.17526,1.29377,-0.827441,-0.763531,0.145732,-2.17475,-1.32159,1.87817,1.65465,-1.33298,3.93973,3.45881,1.12627,-0.759161,-1.99739,-3.04501,-1.24473
-0.664477,1.28571,-0.67007,-0.690263,-0.54564,0.747734,0.277589,0.0759942,2.33881,0.122042,0.132487,1.21878,-0.132093,0.465257,-2.14839,-1.11778,0.0859755,0.305771,-0.081876,-1.49304,-0.122898,-1.3916,1.17924,1.61899
-0.917055,2.17975,-0.748856,1.14551,-1.91818,-3.85112,-0.289178,0.368095,-0.566356,0.00794223,-0.72374,0.57002,0.39114,0.198995,-4.35425,-2.03058,1.37151,-3.46197,-2.02525,-0.0627584,1.78371,-0.521725,-0.403262,3.50944
-1.31956,2.26132,-1.28011,0.699276,0.672427,0.578712,0.160445,0.54336,-0.64088,0.422759,-0.99174,0.528416,1.84792,0.814237,-0.220963,-0.766106,1.31515,0.703297,-1.54689,0.00251315,0.0153452,0.835335,1.64276,1.64135
-1.08633,0.701246,-1.00199,-2.52312,-0.0412973,5.01229,1.3564,-0.614097,6.41259,-0.213847,0.388886,2.39451,-0.764768,1.04445,-2.30845,-1.45724,-1.29572,3.70619,2.02134,-3.96841,-1.27903,-3.50417,2.38222,1.80903
2.06176,-4.21449,2.13819,1.12458,1.53375,-1.14798,-0.888962,-0.199432,-5.71144,-0.17713,0.00564519,-3.16242,-0.109473,-1.44408,5.92235,3.16437,-0.86039,-0.187374,0.884671,3.68803,-0.0505889,3.16796,-3.1143,-4.98485
-0.256475,-4.70332,0.454211,-0.435507,-0.145112,2.15203,1.04286,-0.921704,-0.138044,-0.716049,-1.04657,-0.246978,-1.47497,-1.26453,1.02807,1.0908,-0.595499,1.94019,2.17923,1.62886,0.147758,-1.2548,-3.21852,-0.40827
-1.78989,1.19987,-1.5661,1.10282,0.0869628,0.407381,0.525326,0.130711,-0.662688,0.940427,-2.21007,0.635632,1.44943,0.294978,-1.71302,-1.34201,1.55972,0.37874,-1.50959,0.463312,0.820136,0.347724,0.380546,2.73847
-2.07894,5.22473,-2.1844,1.08755,0.0430778,-0.850452,-0.0657107,1.00317,0.118595,0.70251,-1.02739,1.06411,2.62886,1.49282,-2.53458,-2.04778,2.24159,-0.750089,-3.1418,-1.17918,0.351895,0.850656,3.17774,3.53207
0.665222,-0.921588,0.421055,-1.19989,-0.943411,0.381003,0.162472,-0.442254,2.77399,-0.430261,1.03587,0.625625,-1.77458,-0.174969,-1.5563,-0.246515,-1.05421,-0.059209,1.40433,-1.3524,-0.109696,-2.08864,-0.4122,0.11481
1.85596,-8.26975,2.46533,0.247885,0.0938063,0.207371,0.178156,-1.21866,-3.83405,-1.069,-0.642571,-2.57799,-2.40973,-2.44666,4.22775,3.1278,-1.62977,0.616186,3.1318,3.99764,0.55318,0.378928,-6.1638,-4.01385
0.861474,0.458496,0.634937,0.329815,-0.481636,-2.05172,-0.684142,0.130495,-0.439874,0.00843606,0.76819,-0.409241,-0.388542,-0.0932041,-0.284466,-0.0364951,-0.307937,-1.72615,-0.381227,0.0276132,0.262471,0.293067,-0.283784,-0.660887
-0.400058,3.71283,-0.919076,-0.474753,-0.964309,-1.20854,-0.132179,0.39132,3.06354,0.25497,0.896471,1.54621,0.0297273,1.03732,-3.57271,-1.94748,0.353534,-1.44515,-1.08365,-2.64815,0.0697021,-1.26077,2.59423,2.1344
2.70197,-9.21173,3.17284,-2.53924,-0.484872,2.92988,0.822138,-1.90833,1.80982,-1.45336,1.30931,-0.938915,-5.03033,-2.35034,2.90145,3.06688,-3.65627,2.32235,5.76353,1.01373,-0.766062,-3.07582,-5.51969,-4.57251
-0.152597,-0.261966,0.0620235,0.55607,0.0982113,-0.679569,-0.17057,0.142453,-1.45141,0.0570749,-0.391914,-0.472385,0.432012,-0.284731,0.511288,0.235381,0.383117,-0.303531,-0.488275,0.894518,0.234664,0.850737,-0.489112,-0.0874532
-0.482925,6.5323,-1.3391,2.42686,0.720586,-4.27374,-1.52947,1.61406,-3.75937,1.24435,-0.228782,-0.678086,3.82115,1.42854,0.00965955,-1.07647,2.30972,-3.20802,-4.57311,0.213234,0.601015,3.99558,3.52904,0.994495
0.165731,3.40172,-0.287579,0.322608,0.834087,-0.831997,-0.683532,0.72382,-0.504458,0.713617,0.695591,-0.108356,1.65222,0.931964,0.786213,-0.167739,0.440179,-0.603325,-1.58113,-0.876787,-0.408256,1.64939,2.73187,-0.554814
-1.18553,2.36014,-1.20819,0.56976,2.35553,2.54219,0.0477383,0.506314,-1.42183,0.831308,-0.766861,-0.227274,2.80121,0.981275,3.15878,0.564398,1.2488,2.64894,-1.36971,0.178878,-1.17223,2.53889,3.06506,-0.481387
-0.842345,0.512641,-0.55956,0.935921,-0.164021,-0.947763,0.0521876,0.243718,-1.33491,0.0616594,-1.01757,-0.0391079,0.800994,0.026471,-0.745768,-0.364525,0.930727,-0.604011,-1.03463,0.848783,0.612489,0.504712,-0.302546,1.37235
0.146574,4.63672,-0.623903,0.355424,1.58281,-0.274372,-0.918113,0.928335,-0.81577,1.09039,0.743642,-0.206346,2.43765,1.42609,1.88462,-0.0555126,0.686222,0.0614134,-2.04066,-1.15331,-0.943311,2.59739,4.06701,-0.915207
0.870755,-0.796331,0.544146,-2.45585,-0.233532,2.98623,0.609179,-0.624432,5.10726,-0.261552,1.78225,1.29711,-2.08305,0.137651,-0.687194,0.107436,-1.96334,2.03873,2.47073,-2.81691,-1.35971,-2.75929,1.07956,-1.04294
-1.02938,-2.01105,-0.534486,-1.20713,-0.0941099,3.63123,1.28947,-0.631893,2.73591,-0.39016,-0.615657,1.32115,-1.04525,-0.148591,-0.861197,-0.102724,-0.331925,2.80339,1.67901,-0.690971,-0.472853,-2.16633,-0.511052,1.21874
0.150529,1.89599,-0.202172,0.252546,0.974024,0.155861,-0.399853,0.305287,-0.501203,0.504662,0.321973,-0.185799,1.17615,0.614458,1.39692,0.232016,0.232941,0.303941,-0.821133,-0.31755,-0.61338,1.3456,1.781,-0.866447
-0.165797,-0.605109,-0.0523822,-2.01892,-1.13479,2.12523,0.857735,-0.456575,5.06426,-0.407768,0.928277,1.87313,-2.01664,0.276468,-2.8102,-0.981576,-1.15135,1.12954,1.74233,-2.65264,-0.478979,-3.45161,0.322123,1.23522
0.145261,0.970644,0.163661,0.214038,0.018469,-0.414838,-0.090006,0.41147,0.0530096,0.106829,0.751848,0.285404,0.464548,0.507239,-0.683927,-0.43286,-0.249427,-0.488569,-0.361308,-0.687089,0.190931,-0.0265287,0.373015,0.340351
0.114264,-6.02705,0.727859,-1.85016,0.606653,4.62148,1.49166,-1.13879,2.12227,-0.395571,-0.349886,0.0572771,-2.1612,-0.817189,1.70325,1.4608,-1.56931,4.64052,4.05439,0.257116,-0.982278,-2.33077,-2.55495,-1.21496
-0.299578,0.872306,-0.175474,1.60926,-1.45456,-4.0159,-0.428076,0.328298,-2.38201,-0.158364,-0.823398,-0.418801,0.338129,-0.252654,-2.35511,-1.06885,1.0916,-3.41295,-1.72167,1.30034,1.70671,0.576544,-1.36631,1.95592
-1.14825,1.69672,-1.00271,1.33966,-0.896827,-2.50011,-0.149051,0.426571,-1.47861,0.120994,-1.09583,0.184417,1.07008,0.140593,-2.32277,-1.28427,1.56457,-2.11667,-1.92107,0.652732,1.25141,0.412691,-0.316381,2.64651
0.823802,0.81199,0.430679,-0.574232,-0.456283,-0.814273,-0.26469,0.00602997,1.38142,0.000374389,1.03627,0.328961,-0.604464,0.185077,-0.834348,-0.382256,-0.617544,-0.824914,0.209091,-1.12595,-0.165853,-0.661835,0.602128,-0.392799
-0.230173,0.838671,-0.258861,-0.0265531,0.00211463,0.00495301,0.0268145,0.124999,0.555074,0.044609,0.0321999,0.289685,0.28222,0.337889,-0.504988,-0.446205,0.220598,0.0108733,-0.242058,-0.523694,0.0319695,-0.196294,0.611423,0.516952
-0.0725683,5.3202,-0.795256,1.66192,1.1739,-2.77551,-1.36582,1.13957,-2.72636,1.12626,0.176277,-0.790982,3.17423,1.23242,1.10633,-0.429877,1.5086,-1.9759,-3.38754,-0.0887084,-0.051892,3.57656,3.26051,-0.125935
-0.319371,-5.87113,0.678538,0.421121,-1.56931,-0.333414,0.897166,-0.947662,-1.29827,-1.17767,-1.58258,-0.584667,-2.27018,-1.93834,-1.10674,0.43766,-0.219773,-0.21983,1.87931,2.67081,1.52094,-1.91293,-5.37627,1.10476
0.350856,-0.843328,0.327275,-1.91176,1.30148,4.65425,0.658166,-0.470216,3.4391,0.162029,0.957332,0.87537,-0.819562,0.416822,1.96315,0.93832,-1.33967,3.77467,2.17587,-1.75138,-1.9565,-1.17298,1.65287,-1.77325
0.201956,-1.19576,0.210687,-2.56378,0.501062,4.72456,0.975813,-0.716896,4.9178,-0.211794,1.23215,1.42744,-1.62336,0.401751,0.315836,0.400794,-1.6501,3.54302,2.59897,-2.54397,-1.77302,-2.43615,1.36424,-0.908611
-0.11829,-0.207563,-0.163723,-0.991217,0.49793,2.55074,0.438606,-0.241002,2.07379,-0.00885878,0.412364,0.704802,-0.401903,0.287651,0.457518,0.216242,-0.482734,1.98863,1.02635,-1.20123,-0.85244,-0.850071,1.00955,-0.377685
1.25898,-0.310475,0.812894,-3.52442,-2.17117,1.29753,0.632771,-0.870788,8.45293,-0.892598,2.95241,2.55018,-3.96419,0.284417,-4.90495,-1.46745,-2.68274,-0.061502,3.049,-4.81729,-0.669688,-5.62086,0.673165,0.723017
-0.43373,0.901789,-0.29934,-0.341097,0.0969351,1.34831,0.202713,0.0917625,1.44274,0.469109,0.474344,0.680466,0.194556,0.786317,0.168653,-0.378383,-0.130336,0.964261,-0.247457,-1.3639,-0.418885,-0.346407,1.03631,0.402412
1.01906,-3.15769,1.24645,-0.0775252,-0.968277,-1.1441,-0.073792,-0.606235,-0.675038,-0.550434,0.264342,-0.744784,-1.74393,-1.08368,0.0713604,0.639824,-0.892492,-1.03614,1.30544,1.12333,0.710888,-0.701408,-2.83345,-1.0513
0.207496,-6.03055,0.884702,-0.315405,0.528088,2.67257,1.01284,-0.979391,-1.42115,-0.694423,-1.00821,-1.00994,-1.51744,-1.48986,3.00927,2.06269,-0.83854,2.49284,2.6341,2.54654,-0.0602026,-0.371013,-3.66758,-1.85468
1.01413,-7.00761,1.69284,-0.0880811,-0.343335,0.801617,0.566891,-1.14114,-1.92698,-0.965033,-0.650167,-1.48746,-2.32754,-2.02791,2.31584,2.09288,-1.2497,0.904734,3.01838,3.04337,0.598617,-0.744362,-5.23182,-2.28912
-0.0271543,3.96407,-0.429961,0.976469,-0.147995,-3.08936,-0.984154,0.855513,-1.04234,0.548997,0.48133,-0.0610305,1.51087,0.855026,-1.12131,-1.0718,0.874955,-2.65451,-2.37102,-0.652508,0.539491,1.38843,1.90192,0.838225
0.615968,-0.464974,0.482871,-0.0966861,-0.965489,-1.5883,-0.0788595,-0.1824,0.338945,-0.291412,0.411801,-0.00196598,-0.952074,-0.294008,-1.32529,-0.274694,-0.427178,-1.51885,0.359453,-0.0623253,0.473991,-0.796631,-0.900193,0.146748
0.821384,0.413185,0.440858,-1.14153,-0.23735,0.288474,-0.0574134,-0.130484,2.34051,-0.0127209,1.36824,0.458959,-0.962504,0.243076,-0.563795,-0.124183,-1.02484,0.0520091,0.787748,-1.64575,-0.495437,-1.13026,0.750638,-0.610993
-0.988787,0.546178,-0.856059,-0.152439,0.618004,1.88215,0.521335,0.147435,0.606869,0.212127,-0.656833,0.601239,0.743842,0.314518,0.378437,-0.0932461,0.534678,1.71572,-0.161202,-0.200116,-0.497967,0.0510586,1.10063,0.779112
0.879832,-0.968477,0.998698,-0.307309,-1.66895,-2.91528,-0.15243,-0.236633,0.475545,-0.240459,0.9339,0.378141,-1.06688,-0.430727,-2.76031,-0.739103,-0.639041,-2.43797,0.43699,-0.248422,1.08306,-1.18822,-1.53059,0.339115
-0.353481,0.798258,-0.242447,1.72134,-0.702478,-3.30284,-0.472836,0.445991,-3.07541,-0.0452886,-1.04894,-0.752292,0.869078,-0.206298,-0.998243,-0.58435,1.26565,-2.58293,-1.79399,1.67377,1.44232,1.24962,-1.10716,1.3094
-0.0922236,1.19065,-0.260228,0.898445,-0.205467,-1.91812,-0.401361,0.360733,-1.52124,0.171733,-0.277145,-0.380187,0.89422,0.0822402,-0.36626,-0.40233,0.6579,-1.51129,-1.19322,0.479024,0.565265,0.977744,0.0711064,0.441813
-1.49333,-0.162412,-1.10338,-1.8484,-0.425749,3.97432,1.37225,-0.506345,5.13592,-0.220517,-0.239964,2.35904,-1.05411,0.480157,-2.68381,-1.18739,-0.330262,2.94288,1.29308,-2.3628,-0.76409,-3.31458,1.14008,2.49343
-1.39394,-4.46742,-0.201477,0.542311,-0.568232,1.25906,1.0415,-0.480076,-1.19722,-0.36996,-2.24364,0.062459,-1.61368,-1.88393,-0.571651,0.204856,0.394977,1.00789,1.66585,2.00355,1.20556,-0.922096,-3.78509,1.80124
1.14462,-3.02693,1.12794,-1.33186,-0.0119754,1.83752,0.369331,-0.797766,1.57507,-0.477127,0.943724,-0.0844584,-1.96441,-0.778879,1.14318,1.0342,-1.54199,1.37407,2.4381,-0.314728,-0.730191,-1.34464,-1.41889,-1.92216
-0.688349,-3.87206,0.0397447,-1.35778,-0.235098,3.64234,1.36686,-0.888388,2.27103,-0.603353,-0.649851,0.924194,-1.75142,-0.764773,-0.206069,0.471409,-0.77686,2.85517,2.52514,0.100787,-0.402134,-2.48222,-1.78175,0.494073
-0.954433,3.31273,-0.994671,1.76999,-1.98966,-5.2901,-0.604218,0.66788,-1.48617,0.0180143,-0.67787,0.280246,0.984889,0.476169,-4.63978,-2.34665,1.76896,-4.66532,-2.97448,0.187833,2.06997,0.147613,-0.209807,3.7983
0.821818,-3.64804,1.09402,-0.331966,0.966939,1.77524,0.160619,-0.430163,-1.37201,-0.271135,-0.114582,-1.1622,-0.786342,-0.886635,3.40564,1.94301,-0.879987,1.77972,1.77437,1.39134,-0.558356,0.499088,-1.82961,-2.69673
0.207329,-7.72415,1.18063,-1.47222,-1.82712,2.06397,1.52343,-1.71088,2.00022,-1.49201,-0.838913,0.326965,-4.05999,-2.13014,-1.62731,0.776332,-1.66388,1.27454,4.01802,1.1987,0.864564,-4.13251,-5.85092,0.356028
-1.10378,-2.18131,-0.582065,-0.939489,0.932747,4.72296,1.36097,-0.3973,1.57147,-0.125926,-0.918614,0.805138,-0.166104,-0.0786872,1.27312,0.645714,-0.172207,3.96738,1.62393,-0.0149603,-0.997738,-0.989772,-0.0125584,0.184096
-0.339936,-7.37456,1.11663,2.72975,0.56835,-1.42046,0.254983,-0.370283,-8.51792,-0.755344,-2.77184,-3.00962,-0.044278,-2.79939,5.2403,2.99806,0.760838,-0.361389,0.337765,6.81826,1.65211,3.12755,-6.32574,-1.92509
-0.0911279,1.28735,-0.267722,-0.00115381,-1.68125,-2.1012,-0.027216,-0.0495162,1.83947,-0.224528,0.413824,0.941279,-0.921851,0.170579,-4.00712,-1.59082,0.165926,-2.33347,-0.539553,-1.17917,0.952146,-1.85018,-0.210709,2.34588
1.20126,-3.03665,1.19764,-0.810004,-0.0641002,0.699454,0.0895183,-0.675794,0.268333,-0.411218,0.694734,-0.621503,-1.64565,-0.792426,1.47578,1.19333,-1.35679,0.615032,2.00989,0.497958,-0.294948,-0.659476,-1.79167,-2.01579
-0.0850066,0.551568,-0.193978,1.54165,1.59246,-0.648812,-0.489499,0.492733,-4.25226,0.410608,-0.973311,-1.48807,2.13239,0.121778,3.34743,1.07251,1.13489,0.0931432,-1.41223,2.08118,-0.0644174,3.2764,0.189684,-1.30631
0.0418298,3.28915,-0.53891,-0.698228,1.45238,1.93255,-0.210165,0.447661,1.53463,0.751747,0.901683,0.469078,1.38014,1.31014,1.51189,0.0656453,0.0377041,1.66601,-0.583534,-1.89831,-1.45571,0.944682,3.76482,-0.911974
1.38667,4.16991,0.0309658,0.976915,0.164521,-3.44541,-1.87805,0.720935,-2.02034,0.392059,1.72507,-0.882915,1.98847,1.32816,0.804477,-0.371429,0.537514,-2.7702,-2.2686,-0.430297,-0.111764,2.33298,2.32444,-1.0254
-0.657133,8.01667,-1.45524,1.20764,-0.486623,-4.19831,-1.2536,1.39015,0.249477,1.01024,0.654385,0.891172,2.69811,2.01329,-3.42575,-2.69128,1.76763,-3.61473,-4.3078,-2.3393,0.470285,1.53823,4.63572,2.76311
-1.85246,9.70042,-2.69282,2.64913,1.75247,-2.91073,-1.46054,2.23374,-3.33825,1.81633,-0.879461,0.0402028,5.81189,2.61926,0.0939869,-1.86755,3.45951,-1.86916,-6.05212,-0.651462,-7.51568e-06,4.89921,6.29576,2.53561
-0.143909,5.11737,-0.706647,0.475712,-1.39767,-3.80681,-0.871791,0.804105,1.20428,0.367637,1.03533,0.935577,0.78958,1.1557,-4.08418,-2.31121,0.793133,-3.61059,-2.4589,-2.09862,0.795593,-0.162909,2.46454,2.52
2.49482,-5.7629,2.59884,-0.194266,-1.64434,-2.85962,-0.372098,-1.14325,-1.61728,-1.10636,0.839391,-1.75685,-3.23595,-2.08486,0.366964,1.45808,-1.98325,-2.42631,2.42171,2.04215,1.11224,-1.1345,-5.44054,-2.64468
-0.708656,0.47104,-0.725474,-1.44139,0.593163,3.83724,0.828031,-0.0421351,3.34353,0.102857,0.232494,1.41242,-0.106178,0.676508,-0.0530694,-0.31646,-0.39638,2.94555,1.00139,-1.86185,-1.26593,-1.43142,1.93891,0.422735
1.37955,0.481572,0.969126,0.15057,-1.23048,-3.31402,-0.89773,-0.016833,-0.305813,-0.135181,1.24893,-0.526279,-0.94081,-0.271855,-1.29389,-0.326007,-0.588119,-3.06732,-0.362632,-0.360229,0.656526,-0.14627,-0.812472,-0.60039
-0.433214,6.97363,-0.976984,1.93057,1.38928,-3.27002,-1.20052,1.56982,-2.5406,1.4387,-0.109911,-0.266001,3.66098,1.91289,-0.184792,-1.58696,2.00001,-2.86625,-4.10767,-1.08164,0.347871,3.8747,4.28695,1.12504
-2.37781,3.2974,-2.10414,-0.292227,-1.26865,0.758115,0.893333,0.30791,3.60366,0.187399,-0.806905,2.55202,0.686561,1.1426,-5.07359,-2.73965,1.35273,0.0344251,-1.43814,-2.26309,0.265147,-2.3,2.27571,4.9013
0.413069,1.75054,0.105782,2.49847,-0.433421,-5.39702,-1.35138,0.719563,-5.08477,0.231,-0.528888,-1.76869,1.71688,-0.151084,0.126251,-0.159346,1.29708,-4.09785,-2.78506,2.33018,1.59432,2.87744,-0.928287,0.0798287
-0.452135,0.457438,-0.499705,-0.581913,1.15906,2.81413,0.375724,0.0383662,1.11375,0.31595,-0.11983,0.469721,0.520468,0.521195,1.47827,0.25949,-0.0150444,2.43319,0.280598,-0.659489,-1.15739,0.115022,1.54673,-0.424351
-1.59131,1.48835,-1.26303,0.890255,-0.0498024,-0.199629,0.380081,0.522675,-0.672577,0.216593,-1.24571,0.541251,1.3957,0.456911,-1.25623,-0.939301,1.38618,-0.132237,-1.49603,0.378396,0.535019,0.384297,0.629117,2.32391
-1.59823,1.61403,-1.28484,1.40527,0.765179,0.0888215,0.0235523,0.56828,-2.43066,0.384607,-1.62133,-0.173246,2.12131,0.344316,0.337338,-0.373313,1.8242,0.409696,-1.81787,1.23781,0.338354,1.73956,0.726019,1.65398
-0.332255,-0.543701,-0.193063,-1.08828,-0.407016,1.82208,0.676175,-0.356289,2.79033,-0.223348,0.271167,1.07279,-0.934364,0.141664,-1.21479,-0.333052,-0.548676,1.30054,1.12207,-1.19143,-0.418035,-1.81642,0.357816,0.750696
-0.379382,3.50584,-0.655225,-0.0417794,-0.423178,-1.26318,-0.340631,0.541107,1.36311,0.453126,0.585111,0.80681,0.805064,0.979787,-2.05083,-1.45804,0.465233,-1.29183,-1.33714,-1.65319,-0.0802021,-0.0356601,2.21127,1.34016
-1.47424,2.54357,-0.956934,1.39065,-0.372537,-2.73876,-0.15844,0.738304,-1.28648,0.461309,-1.08444,0.222923,1.87087,0.752753,-2.06723,-1.45452,2.18159,-1.56343,-2.56319,0.281537,1.17119,0.926108,0.18963,2.71024
0.127176,0.430303,-0.00508253,-1.00296,-1.04581,-0.0138408,0.203524,-0.201535,2.87676,-0.206979,0.776767,1.13062,-1.18576,0.175967,-2.4477,-0.887756,-0.576127,-0.377185,0.594422,-1.67636,-0.00822824,-1.94101,0.41834,0.923933
-1.26641,2.86745,-1.32566,1.51324,0.551519,-0.866804,-0.303014,0.774989,-2.14484,0.510021,-1.15429,-0.0923537,2.26578,0.710627,-0.104197,-0.794944,1.75541,-0.427217,-2.37253,0.586953,0.371439,1.76318,1.55218,1.73426
-1.29764,3.20028,-1.06599,2.87945,0.975212,-3.55218,-0.726707,0.732483,-5.85058,0.629602,-1.67978,-1.53001,3.60769,0.251084,0.283202,-0.476284,2.42707,-2.52349,-3.6176,1.92042,1.09296,4.29957,0.5179,1.29255
-0.313636,2.24633,-0.633041,-1.08396,1.65526,3.30511,0.145009,0.213782,2.03895,0.663875,0.622332,0.753748,1.10121,1.15868,1.96758,0.25141,-0.291694,2.87839,-0.0217651,-1.90114,-1.85123,0.587368,3.52083,-1.01818
-0.954563,1.86771,-1.04112,-1.17455,0.219187,2.68032,0.616767,0.0470676,3.55239,0.206921,0.322744,1.65425,0.0438167,0.983438,-1.42644,-0.889409,0.00250785,1.86227,0.239617,-2.25215,-0.948372,-1.46343,2.53585,1.35603
-1.54552,-1.88287,-0.712493,0.390764,-0.447639,1.29597,1.03021,-0.338659,-0.17274,-0.370846,-1.82334,0.512358,-0.0664239,-0.52543,-1.08396,-0.362097,0.762692,1.17316,0.274564,1.13298,0.543228,-1.02499,-1.6225,2.15737
-1.04641,-3.081,-0.309639,0.30568,0.418052,2.13378,0.984924,-0.460624,-1.16586,-0.340296,-1.84824,-0.26129,-0.0932078,-0.855943,1.07144,0.834345,0.462439,1.93781,0.913748,1.83125,0.29192,-0.211955,-2.05794,0.506491
0.0405073,0.285143,0.0292856,0.621269,1.63645,0.76483,-0.370457,0.229973,-2.27585,0.45408,-0.295639,-0.971119,1.38515,0.19115,3.24525,1.05663,0.48419,1.11389,-0.546136,1.09157,-0.627359,2.20801,0.708331,-1.59672
-0.949205,-1.04133,-0.482667,-0.79266,-1.66779,0.823035,0.964523,-0.483543,3.16301,-0.565468,-0.484663,1.60955,-1.57509,-0.227513,-3.88307,-1.47518,-0.0836841,0.129104,1.03269,-1.0723,0.57691,-3.11939,-1.17745,2.95531
-2.35745,1.48788,-2.11851,-1.63272,1.56196,6.92756,1.75711,-0.273249,4.76426,0.291021,-0.365867,2.11955,0.549268,1.36595,0.215444,-0.826423,0.829617,5.72242,0.200513,-2.61246,-1.92229,-1.53355,3.79678,1.78744
-0.162633,-4.37794,0.575786,0.476774,-0.956021,-0.233325,0.695061,-0.640936,-1.41743,-0.923973,-1.43446,-0.481303,-1.37805,-1.37302,-0.421963,0.518824,-0.0992935,-0.18584,1.25841,2.2917,1.08501,-1.0124,-4.17533,0.588195
0.939901,-6.09226,1.57307,-0.924088,-1.11331,0.809478,0.696329,-1.2472,0.427959,-0.987842,-0.0707053,-0.460119,-3.09277,-1.79725,0.260404,1.2192,-1.5341,0.526961,3.0933,1.4221,0.558775,-2.23654,-4.50046,-1.13106
2.67896,-2.71746,2.18687,-0.827046,2.77413,1.98229,-0.793143,-0.294702,-2.29268,0.277304,1.66639,-2.33679,-0.195545,-0.543,7.55246,3.62237,-1.97069,2.27313,2.05047,1.07777,-1.87654,2.68693,0.0435052,-6.89399
-2.41825,1.54112,-1.96721,0.341463,1.11195,3.24166,0.887372,0.40635,0.58219,0.471646,-1.78866,1.06679,1.90814,0.854781,0.0157698,-0.687113,1.60046,2.82606,-0.846438,-0.132501,-0.536415,0.287794,2.00429,2.44152
2.43008,-3.79945,2.09391,-1.43266,-0.647101,-0.175861,-0.266489,-0.819699,1.24015,-0.747001,1.71915,-0.708862,-2.92628,-1.13658,0.803446,1.30059,-2.45583,-0.44396,2.71653,-0.179909,-0.255377,-1.41418,-2.42894,-3.04228
-0.087072,-3.24743,0.428774,0.504921,0.757216,1.42687,0.395663,-0.396314,-2.26017,-0.223542,-1.10527,-0.963678,-0.033573,-0.863453,2.75718,1.44885,-0.0606454,1.64498,0.905201,2.24874,0.0116281,0.846221,-2.15709,-1.25646
-3.26323,7.15496,-3.33712,0.778366,1.47832,2.2682,0.353297,1.29,1.18135,1.3185,-1.44198,1.8746,4.2282,2.36474,-1.28082,-2.03202,2.80502,2.02517,-3.51544,-1.89507,-0.833606,1.55708,5.98502,3.88856
1.15624,2.99424,0.164552,1.7342,0.732503,-2.96894,-1.72043,0.685583,-3.99183,0.726546,0.0793074,-1.47202,2.31439,0.85063,1.93346,0.204438,0.886758,-1.89681,-2.13391,0.755721,-0.172594,3.43936,1.36548,-1.11031
0.845092,-3.36372,1.15333,0.301344,1.28523,0.719939,0.266288,-0.617511,-2.86888,0.245119,-0.579338,-1.8657,-0.264482,-1.08756,3.86354,2.30761,-0.652214,0.852968,1.31491,2.61454,-0.313207,1.46091,-1.95373,-2.66424
-0.223927,1.28574,-0.255836,1.05572,0.4066,-1.29569,-0.416377,0.513364,-2.29728,0.380105,-0.545997,-0.62163,1.38648,0.209195,0.78093,0.0540451,0.947501,-0.722149,-1.46533,0.85354,0.371326,1.81041,0.471274,0.164456
1.32089,-1.93817,1.24807,-0.72739,0.48379,0.582985,-0.187683,-0.339587,-0.0918005,-0.170093,0.885667,-0.771634,-1.0258,-0.515879,2.14978,1.29356,-1.26478,0.648836,1.40676,0.262621,-0.61499,0.176217,-0.688863,-2.75661
1.67921,5.26279,0.542128,1.30625,-0.901797,-6.54877,-2.06956,1.03647,-1.9303,0.663987,1.82757,-1.03279,1.24718,0.819895,-1.38943,-1.15052,0.447644,-5.49501,-2.98499,-0.843982,0.913949,2.18567,1.95165,-0.427131
0.56943,-1.73665,0.701846,-0.86562,-1.15211,-0.195521,0.248994,-0.501299,1.83253,-0.603163,0.605917,0.39513,-1.95576,-0.463019,-1.66734,-0.233684,-1.02794,-0.508737,1.3609,-0.651971,0.352446,-2.05539,-1.41451,0.231688
-1.98185,1.28525,-1.61103,-0.550592,0.0829143,2.73935,1.00198,0.0634554,2.45645,0.141425,-0.958881,1.77503,0.66866,0.730661,-1.82622,-1.15197,0.77367,2.11911,-0.210447,-1.34019,-0.436011,-1.31444,1.70006,2.73899
-1.98829,4.59507,-1.88387,1.075,-1.2834,-2.50558,-0.0163166,0.84727,0.504086,0.339847,-0.900654,1.3952,1.46221,1.13756,-4.57296,-2.82496,1.95414,-2.31794,-2.94976,-1.08481,1.20094,-0.310339,1.85739,4.5661
-0.14703,-2.38797,0.23261,-0.827562,0.546025,2.84952,0.774902,-0.540223,0.970532,-0.268237,-0.132454,0.196442,-0.698789,-0.344617,1.26352,0.820897,-0.572657,2.39752,1.64168,0.118321,-0.747262,-0.810557,-0.641212,-0.888569
-0.232331,5.52362,-0.973224,0.344753,0.145238,-1.72186,-0.787066,1.04662,1.00802,0.816391,0.93978,0.755593,1.72395,1.55375,-1.6045,-1.61754,0.823135,-1.60607,-2.46779,-2.20036,-0.279419,0.978808,3.92516,1.0357
0.874801,-3.28342,0.632717,0.209431,1.22533,1.46882,-0.0949557,-0.534501,-2.00398,-0.0847852,0.186949,-1.26142,-0.523634,-0.569115,4.31347,1.76433,-0.945056,1.55982,1.65617,1.5194,-0.685351,0.836205,-1.9687,-2.7873
-0.389551,1.55917,-0.54728,-0.167493,0.921963,1.40918,-0.029165,0.256187,0.418235,0.411531,0.085379,0.265701,1.1062,0.644689,0.968412,0.0601928,0.188708,1.27628,-0.413454,-0.67132,-0.795547,0.710065,1.92986,-0.103488
1.00639,-0.426078,0.827625,-0.788393,-0.422662,-0.376144,-0.186248,-0.263381,1.38904,-0.192658,1.16485,-0.030902,-1.17999,-0.0194732,-0.387206,0.14493,-1.13699,-0.508157,0.86149,-0.932445,-0.294572,-0.863775,-0.117211,-1.02652
-2.47674,-0.300543,-1.598,-0.533409,-3.1015,0.0666115,1.53609,-0.392657,4.15085,-0.725118,-1.51747,2.76621,-1.55299,-0.19311,-7.56426,-3.02094,0.786207,-0.813422,0.160127,-1.14485,1.59029,-4.71882,-1.50785,6.39642
1.14696,0.11255,0.912787,0.164619,-1.43337,-3.22566,-0.560609,-0.000243575,0.0615941,-0.317183,0.99978,-0.29409,-1.12726,-0.391093,-1.93207,-0.39802,-0.568783,-2.95507,-0.0626203,-0.217854,0.853936,-0.513964,-1.20174,-0.110615
-0.277153,0.508228,-0.322152,-0.555446,-0.0474461,1.19458,0.419209,-0.00984215,1.57643,0.0708569,0.118035,0.75435,-0.148594,0.410838,-0.88953,-0.426568,-0.0368304,0.756433,0.274311,-1.01814,-0.327195,-0.900814,0.869943,0.74761
0.866634,-4.30134,1.13957,0.0773467,2.04347,2.66685,0.100222,-0.494041,-3.13411,-0.133838,-0.549905,-1.94332,-0.0458911,-1.13823,5.92454,2.92815,-0.700647,2.84543,1.71757,2.61646,-0.921356,1.80873,-1.87601,-3.99248
-1.09524,5.15291,-1.40296,-0.377595,-0.459768,0.623967,-0.124319,0.829757,2.98181,0.737805,0.568203,1.83678,1.54964,1.77556,-2.71794,-1.79374,0.97822,0.337155,-1.23355,-2.99937,-0.716036,-0.436416,4.55416,2.58548
-0.0474117,2.309,-0.612409,1.06935,0.547801,-0.819739,-0.644148,0.687676,-2.00663,0.476033,-1.0012,-0.675907,2.01677,0.278939,1.16059,0.0747514,0.939779,-0.368282,-1.50128,0.4363,-0.151168,1.70111,1.52366,0.711841
-1.76242,4.0466,-1.72931,1.36303,0.136812,-1.1844,-0.194411,0.878938,-1.07419,0.599326,-1.33687,0.726625,2.5002,1.03853,-1.80257,-1.52565,2.04555,-0.855251,-2.90694,-0.116978,0.585843,1.22246,2.23383,2.9763
-2.16318,3.15864,-1.75062,1.94,-2.59671,-4.77483,2.1515e-06,0.632728,-0.575524,-0.0505614,-1.72157,1.08346,0.780554,0.313701,-6.64244,-3.15812,2.28331,-4.24191,-3.05209,0.199611,2.36476,-0.884783,-0.630648,5.88569
1.66251,-5.86168,2.05768,-0.0914655,0.478609,0.801206,0.109234,-0.73542,-2.3757,-0.711523,0.104755,-1.94778,-1.82075,-1.75176,3.9203,2.63074,-1.48117,0.899219,2.57987,2.56765,-0.129134,0.334724,-3.84353,-3.76718
-0.64601,2.6269,-1.28951,2.02417,-0.0577719,-3.17257,-0.510847,0.883168,-4.12411,0.477255,-1.43858,-0.607165,2.38634,0.343557,-0.742179,-0.368985,2.32489,-2.21797,-2.88021,1.6187,1.34094,2.83304,-0.0755962,1.52858
-0.867277,4.71192,-1.22644,0.710217,-1.44959,-3.17024,-0.475651,0.762636,1.15133,0.357055,0.0550083,1.18754,0.944601,1.05886,-4.46111,-2.50605,1.28776,-2.96382,-2.5101,-1.69708,1.0107,-0.389544,1.96169,3.39549
-0.722389,-3.93477,0.204444,1.0902,0.674698,0.911706,0.590534,-0.287949,-3.75013,-0.375582,-2.00299,-1.33985,0.286338,-1.17954,2.57144,1.39402,0.677867,1.22223,0.682559,3.27037,0.526832,1.20176,-3.17795,-0.537827
-0.8456,3.95144,-1.27332,0.583178,0.0867599,-0.997231,-0.295846,0.693895,0.293639,0.612018,-0.101531,0.73686,1.74923,1.10798,-1.59469,-1.43087,1.21015,-0.754293,-2.04224,-1.16215,0.0405276,0.700928,2.69586,1.84668
-0.324398,5.03404,-0.964345,1.75286,3.39471,0.29437,-1.18271,1.35464,-4.46393,1.56883,-0.36239,-1.43437,4.692,1.54572,5.35431,1.07714,1.79684,1.05147,-3.36362,0.878564,-1.29834,5.7201,4.54107,-2.15932
-0.667381,-0.76381,-0.459236,-1.68818,-2.56863,0.629551,1.06044,-0.674606,5.33583,-0.75833,0.307914,2.34133,-2.55578,-0.0913757,-5.79362,-2.09025,-0.735448,-0.415497,1.48668,-2.3803,0.606747,-4.7031,-0.900687,3.45977
0.905737,-4.30181,1.41088,-1.58439,-1.37274,1.82509,0.595634,-1.02629,2.87778,-0.949507,0.55807,0.286748,-3.07006,-0.768132,-1.26202,1.02612,-1.60766,0.557769,3.38961,-0.631,-0.122707,-3.01942,-2.64014,-0.77911
-0.776149,-1.19418,-0.227251,-0.270025,0.0190132,1.56719,0.722539,-0.292824,0.791182,-0.13869,-0.763704,0.477813,-0.300992,-0.134795,-0.327407,-0.0583767,0.0447996,1.25532,0.547512,0.209514,-0.0181595,-0.808468,-0.539687,0.82745
-1.74459,9.12485,-2.51399,2.6733,-0.0257653,-4.87312,-1.32324,1.8079,-2.50702,1.38865,-0.770405,0.355199,4.46742,2.11965,-2.84899,-2.73567,3.24381,-3.8557,-5.87389,-0.757713,1.02681,3.20256,4.74885,3.82482
-1.13817,2.77351,-1.05457,-0.974103,0.582339,2.80106,0.417017,0.196208,3.25343,0.453212,0.230106,1.60459,0.861164,1.20799,-0.825562,-0.957148,0.32378,2.01042,-0.344196,-2.33026,-1.16239,-0.773063,3.35313,1.32087
-0.776833,-1.73178,-0.54351,-2.57122,0.642133,6.26483,1.47936,-0.79106,5.39118,-0.223756,0.295246,2.00111,-1.37523,0.301911,-0.106354,0.158436,-1.15957,4.77551,2.70522,-2.29496,-1.70264,-2.95952,1.17371,0.364773
0.394052,-0.471893,0.218007,-0.350442,0.504784,0.958263,-0.0323627,-0.147162,0.380978,0.0164942,0.370737,-0.106953,-0.211586,0.0612839,1.02898,0.564524,-0.467766,0.779828,0.657148,-0.27851,-0.557701,0.0386332,0.274925,-1.01858
0.839856,-3.83882,1.07067,-0.570727,-0.0566912,1.01819,0.30644,-0.787912,-0.188371,-0.524822,0.183259,-0.59247,-1.58335,-0.983786,1.34188,1.27732,-1.09202,0.830183,2.11458,0.943922,-0.0762456,-0.720215,-2.51448,-1.65846
1.0863,-1.07995,0.827022,-0.814405,-0.809916,-0.622863,-0.227347,-0.384926,1.22257,-0.398479,1.09599,-0.0389276,-1.52231,-0.351654,-0.605566,0.142264,-1.08492,-0.865008,1.05938,-0.582406,0.0192252,-1.15738,-0.739988,-0.985533
1.17191,1.61245,0.524686,-0.754677,0.325048,-0.295279,-0.551674,0.103851,1.41313,0.247802,1.56204,0.073602,-0.13795,0.54676,0.33814,0.139317,-0.815941,-0.186961,0.167304,-1.60528,-0.861562,0.0944392,1.77796,-1.39675
0.0915189,-5.70414,1.02417,-3.64985,0.660787,7.88715,2.19592,-1.5897,6.04566,-1.07616,0.961344,1.41254,-3.60844,-0.85632,1.5182,1.87443,-2.93648,6.06912,5.4141,-1.40453,-2.39895,-4.36128,-1.47199,-2.59276
0.575917,1.93249,-0.212533,-0.395053,0.304679,-0.138639,-0.876417,0.0624787,0.371235,0.382765,1.03677,0.0999489,0.592539,0.70258,0.0364469,-0.290309,0.0518324,-0.56409,-0.428026,-1.28733,-1.0207,0.197466,1.60293,-0.204528
-0.26217,4.76687,-0.707809,0.872541,-1.99053,-4.97345,-0.841929,0.799949,0.792926,0.238169,0.649512,0.829421,0.559364,0.852309,-5.00409,-2.56794,0.985597,-4.49541,-2.70751,-1.69824,1.3986,-0.413864,1.44917,3.08306
-1.65228,0.0847224,-1.15085,-0.381225,1.63229,4.404,0.969845,0.100983,0.726513,0.322701,-1.20339,0.605166,1.32079,0.486647,1.83928,0.327275,0.697582,3.77013,0.0977127,-0.0554024,-1.11672,0.404931,1.64719,0.595456
0.952575,-1.31057,1.23803,-0.398162,-0.715831,-0.43319,-0.493278,-0.0845385,0.538619,-0.35693,1.21725,-0.274788,-1.30985,-0.515303,-0.472277,0.708234,-1.28664,-0.565752,0.96912,-0.374506,-0.0942508,-1.15642,-1.19942,-1.38832
0.129875,3.6944,-0.562737,0.485684,0.656266,-1.1423,-1.25868,0.891234,-1.38574,1.12643,0.606316,-0.277205,2.54475,0.929521,1.4286,0.211063,0.885451,-0.978864,-2.35413,-0.763396,-0.312949,2.77699,3.42303,-0.902406
-0.13387,-5.22688,0.631724,-0.506765,-0.785458,1.55223,0.969318,-0.989015,0.171256,-0.909947,-0.990874,-0.11787,-2.17361,-1.44768,-0.0927266,0.748095,-0.850454,1.38304,2.40414,1.54352,0.412857,-1.98831,-3.83483,0.0406282
-0.01848,-3.52973,0.43446,-1.31578,0.829185,4.31028,1.01993,-0.745634,1.50828,-0.433575,-0.24688,0.186162,-1.19092,-0.511254,2.25657,1.39849,-1.06268,3.5393,2.58127,0.133319,-1.09695,-1.00845,-0.965084,-1.46588
-1.22839,-4.47748,-0.280737,-1.39392,-0.605838,4.08412,1.72615,-1.0465,2.9039,-0.823444,-1.18668,1.33648,-2.08096,-0.882604,-1.25222,0.0274024,-0.566364,3.05893,2.71556,0.163993,-0.0805284,-3.30254,-2.53112,1.58541
-0.050091,0.330959,-0.178069,-0.391147,1.5891,2.51973,0.179884,0.106816,0.22394,0.434449,0.262409,0.00679291,0.841795,0.421663,2.65694,0.936753,-0.166617,2.33492,0.406064,-0.405181,-1.10536,0.968878,1.6112,-1.38147
0.436601,2.90295,0.197787,-0.783855,1.48317,0.703476,-1.05857,0.80091,-0.0990836,0.683804,1.24616,-0.124791,1.23403,0.731207,2.21282,0.622714,-0.641215,0.612045,-0.667106,-1.53493,-1.35197,1.42195,3.36504,-1.79725
-0.691278,1.30263,-0.771664,-1.30836,-0.702173,1.57638,0.668916,-0.167942,4.32748,-0.023256,0.528277,1.90627,-0.760603,0.700525,-2.98788,-1.43126,-0.25919,0.729076,0.464779,-2.52041,-0.324652,-2.4038,1.59377,1.97261
-0.41469,0.985656,-0.385544,0.606607,-3.00896,-4.29455,-0.0571286,0.0156855,1.14215,-0.463394,-0.210695,0.949003,-1.08413,-0.214484,-6.02342,-2.40043,0.537893,-4.10709,-0.996469,-0.519564,2.10024,-2.33049,-1.62266,3.8906
-0.474633,5.18112,-1.05758,-0.797644,0.452817,0.771455,-0.234703,0.626298,3.24106,0.775641,1.21136,1.58516,1.31301,1.73504,-1.50744,-1.52987,0.34353,0.399372,-1.25142,-3.32407,-0.998323,-0.161836,4.723,0.997995
-0.714316,3.74628,-1.03816,-1.07694,-1.03194,0.33649,0.2979,0.251609,4.63749,0.230864,0.984639,2.18986,-0.177099,1.23445,-4.22064,-2.20083,0.10849,-0.432567,-0.460889,-3.36839,-0.313691,-2.16023,3.00603,2.69294
-0.172879,-1.30809,-0.0132798,-1.55855,0.891647,3.91443,0.873419,-0.50105,2.54626,-0.124695,0.357766,0.711874,-0.582826,0.144767,1.19971,0.668774,-0.810728,3.25073,1.71648,-0.919792,-1.27957,-1.04764,0.696147,-0.822624
0.156435,0.147412,0.023054,-1.405,0.391769,1.39286,0.367894,0.263042,2.36287,0.305486,1.15099,-0.0131,-0.728332,0.397255,0.0901667,0.142675,-0.807601,1.03058,0.655652,-1.67419,-0.758835,-0.861055,1.29509,-1.12338
-0.24974,3.13939,-0.646878,1.87115,-0.122388,-3.64183,-0.997155,0.831328,-2.93609,0.502549,-0.40593,-0.691506,1.92521,0.415019,-0.731641,-0.74072,1.37578,-2.8131,-2.71592,0.818855,0.952298,2.19227,0.798653,0.954774
1.32776,-2.78907,1.27582,-1.77028,-1.21314,0.501885,0.278098,-0.824682,2.95544,-0.666563,1.42241,0.351798,-2.82598,-0.769508,-1.06197,0.23503,-1.95411,-0.003014,2.53973,-1.15668,-0.136703,-2.71303,-1.66855,-1.05014
-1.29172,-2.69211,-0.473635,0.919395,-0.959339,-0.425228,0.722924,-0.252503,-1.60878,-0.631993,-2.04653,-0.110881,-0.401967,-0.995235,-1.47583,-0.258959,0.857169,-0.223351,0.075686,2.23953,1.28926,-0.708512,-3.10815,2.08118
1.19195,-2.13726,1.18189,0.354337,1.4954,0.609128,-0.36376,-0.0912753,-3.16395,0.0751587,0.129861,-1.81165,0.343916,-0.596959,4.66714,2.267,-0.675043,0.952455,0.691882,1.9565,-0.573924,2.27698,-0.968889,-3.59837
-0.681468,-0.878045,-0.508827,0.236012,0.957381,1.93562,0.521569,-0.0300427,-0.886655,0.122232,-0.991302,-0.0984245,0.786739,-0.0452481,1.64823,0.601114,0.455307,1.86831,0.181357,0.931736,-0.395141,0.83476,0.0623099,-0.00839525
1.03479,-3.73565,1.25936,-0.942018,-0.323429,1.02374,0.326838,-0.81686,0.686512,-0.631203,0.475359,-0.381487,-2.05261,-1.05958,0.801803,1.145,-1.45005,0.74505,2.34429,0.437606,-0.102992,-1.39851,-2.42013,-1.67823
-0.606267,-3.99724,-0.0346442,-1.53225,0.0901077,4.35179,1.48069,-0.941965,2.68965,-0.512099,-0.606935,0.975437,-1.74205,-0.597628,0.21845,0.581565,-0.892523,3.33227,2.7027,-0.130824,-0.675598,-2.45478,-1.56725,0.141608
-2.21745,6.95375,-2.29847,3.66667,1.44956,-3.60763,-1.15388,1.88023,-6.13034,1.37788,-2.2446,-0.842062,5.60281,1.4854,0.48127,-1.30155,3.9257,-2.26974,-5.73754,1.77728,0.967637,5.22459,3.32322,2.59543
0.0858274,3.23996,-0.246165,0.63119,0.000642347,-2.31041,-0.786551,0.663001,-0.901981,0.388341,0.388906,-0.162722,1.24439,0.71776,-0.635635,-0.7635,0.674309,-1.82924,-1.74627,-0.638415,0.229722,1.26464,1.67282,0.439066
-0.545169,-3.57836,0.181378,-0.279384,-2.14258,-0.652149,0.866453,-0.915506,0.702906,-0.802433,-0.866346,0.521762,-2.26205,-1.23297,-3.08778,-0.684547,-0.260932,-0.84728,1.33641,0.97363,1.39124,-2.69432,-3.70548,2.20258
-3.09631,0.261213,-2.28576,0.0936828,1.71034,5.27812,1.53509,0.166486,0.637715,0.42768,-2.60512,1.30154,2.01586,0.701825,0.666473,-0.227211,1.79227,4.64211,-0.396068,0.3555,-0.790506,0.0313129,1.58832,2.65499
-0.948511,2.99606,-1.11549,0.0803186,-0.319543,-0.224476,0.0579774,0.461019,1.43744,0.459151,-0.116621,1.13609,0.896646,0.884268,-2.19854,-1.44538,0.789931,-0.370454,-1.20495,-1.36333,0.0805745,-0.300724,2.06167,2.21212
1.00875,0.11266,0.623449,-1.34192,-0.622921,-0.00720049,-0.0812795,-0.291801,2.961,-0.181254,1.49476,0.604908,-1.48177,0.142299,-1.2589,-0.333334,-1.2663,-0.283256,1.14526,-1.94255,-0.461025,-1.62677,0.464071,-0.469632
1.32888,2.79725,0.450561,0.0119103,0.204191,-2.09033,-1.07009,0.440759,0.0352622,0.394648,1.67175,-0.504723,0.55335,0.686137,0.439917,-0.163492,-0.421979,-1.74791,-0.876856,-1.18728,-0.358203,1.11458,1.96503,-1.55712
2.39702,-2.65187,2.1069,-0.453727,-0.934473,-2.42798,-0.646839,-0.513545,-0.510713,-0.619026,1.55297,-1.27492,-2.22583,-1.12155,0.393696,0.972865,-1.78988,-2.22567,1.57809,0.472994,0.426896,-0.500399,-2.53064,-2.70568
-2.32736,-0.775847,-1.4129,-0.767964,-1.36335,2.33752,1.64999,-0.340851,3.3672,-0.555578,-1.49592,2.12514,-0.856119,0.0045371,-4.11941,-1.66377,0.69442,1.45043,0.688524,-0.972622,0.490697,-3.24491,-0.66957,4.24783
-0.311803,0.12065,-0.289914,-0.357212,0.141031,1.0573,0.248558,0.00100853,0.953188,0.0968859,-0.0427307,0.340786,0.0968948,0.214093,0.00300662,-0.0659878,-0.0330712,0.724794,0.116013,-0.425287,-0.34375,-0.224792,0.605916,0.223465
-0.731649,-1.78631,-0.245948,-0.303483,-0.811092,0.766095,0.829049,-0.413935,1.01501,-0.512449,-0.77724,0.721319,-1.00751,-0.493751,-1.72229,-0.468516,0.0782088,0.497835,0.817533,0.209036,0.417394,-1.79649,-1.53876,1.5146
2.4669,-10.1045,3.13089,-0.932876,0.191132,1.82393,0.522291,-1.64608,-2.33072,-1.43071,0.0679675,-2.41976,-3.6763,-2.9081,4.88927,3.76497,-2.75538,1.7842,4.71208,3.71528,-0.14661,-0.739216,-6.84345,-5.18785
-1.54724,0.176337,-1.46484,0.834227,0.351289,1.94305,0.893139,-0.404643,-1.03732,-0.148538,-2.01598,0.616919,0.839753,0.0330595,-0.233526,-0.396234,1.7217,1.67584,-0.619441,1.14246,0.396027,-0.139627,-0.56595,2.0122
-0.301922,2.32828,-0.753949,-0.409533,2.11491,2.84772,-0.0715211,0.474135,0.500733,0.861398,0.313284,0.122597,1.80052,1.0886,2.85691,0.653742,0.222747,2.66205,-0.498365,-0.98261,-1.60689,1.67042,3.4165,-1.30627
0.440462,1.01803,0.259508,0.986315,-0.0356155,-2.55473,-0.925484,0.0845884,-1.83718,0.439426,-0.0324673,-0.764957,0.949844,0.191849,-0.309856,0.169579,0.516752,-2.11959,-1.1327,1.03406,0.587768,1.18252,-0.125594,-0.420619
0.788386,-1.3023,0.674386,-2.32952,-0.0866574,2.97066,0.607069,-0.581946,4.39437,-0.282557,1.54284,0.99154,-1.98514,0.0324901,-0.121924,0.356511,-1.7718,2.03374,2.53697,-2.21003,-1.27842,-2.34924,0.518574,-1.20404
1.36944,1.07283,0.82108,0.187688,-0.537735,-2.76261,-1.00336,0.18018,-0.683746,-0.0091821,1.17841,-0.644773,-0.282511,0.0342881,-0.166136,-0.0328081,-0.414366,-2.27762,-0.490723,-0.222689,0.342377,0.599912,0.207085,-1.22602
-1.30899,2.92182,-1.35848,-1.07442,1.13422,3.66638,0.605351,0.286404,3.14214,0.662323,0.00776115,1.6305,1.23745,1.48117,-0.0236077,-0.713252,0.432519,2.96499,-0.351356,-2.28205,-1.48112,-0.483108,3.83618,0.969641
0.351202,-8.475,1.4908,0.344122,0.210103,1.89416,1.03647,-1.24793,-3.54754,-1.00309,-1.84318,-1.86571,-2.00025,-2.44339,3.7162,2.81394,-0.802671,1.99605,3.04155,4.42072,0.629327,-0.101877,-6.23825,-2.31196
1.31306,-6.78539,1.71777,-2.46908,0.0999751,4.79849,0.842314,-1.4626,3.06842,-0.831343,0.44094,0.0240625,-3.15345,-1.74048,1.74448,2.40902,-2.44624,3.80348,4.44465,-0.141953,-1.42276,-2.77014,-3.23497,-3.11741
-1.71574,2.6546,-1.86284,0.358347,1.76261,2.81394,0.200768,0.352726,-1.08338,1.00279,-0.672909,0.0928527,2.56747,1.06897,2.2215,0.273625,1.27768,2.55023,-0.968229,-0.0341323,-0.755323,1.68163,2.53564,0.220212
-0.467309,-1.58187,-0.181504,-1.9485,0.0288988,4.03635,1.12084,-0.644606,4.03681,-0.300738,0.215189,1.37269,-1.41163,0.017406,-0.449156,0.0570108,-0.898049,3.00205,2.14877,-1.71411,-1.07349,-2.52988,0.411697,0.286968
0.383514,4.11394,-0.250175,0.374986,0.47482,-1.72396,-1.001,0.824135,-0.225667,0.653692,1.02592,-0.049937,1.40014,1.14664,0.120317,-0.55501,0.398026,-1.40633,-1.80271,-1.31715,-0.343319,1.57562,3.01118,-0.403824
-2.355,5.46851,-2.23738,2.84182,-1.02352,-4.89459,-0.606361,1.29968,-3.03384,0.685105,-1.94674,0.333069,3.30771,0.986521,-4.18868,-2.78509,3.2869,-3.94524,-4.75126,0.857297,2.09217,1.78486,1.34835,5.08381
-0.142928,-1.72396,0.0977119,-0.92242,-1.94851,-0.123152,0.678193,-0.544091,2.97228,-0.694069,0.154398,1.1057,-2.29406,-0.537317,-3.68017,-0.983843,-0.750074,-0.689653,1.37318,-0.874234,0.734506,-3.15069,-1.90122,1.98249
0.148187,-4.19197,0.612464,0.403758,-0.595352,-0.551598,0.561596,-0.617948,-2.1479,-0.714052,-0.592624,-1.1851,-0.895581,-1.21142,0.795492,0.830104,-0.188717,0.360775,0.913237,2.30164,0.840008,-0.559497,-3.97755,-0.191327
-0.018086,0.479891,-0.196592,-0.300137,0.120479,0.611475,0.0107574,0.0940231,0.849416,0.104676,0.3372,0.314543,-0.0491981,0.193857,-0.158947,-0.140335,-0.155493,0.416426,0.10785,-0.51158,-0.366777,-0.259552,0.638508,0.0474428
0.364768,2.01227,-0.0299999,0.532677,-0.981017,-3.12014,-0.611556,0.358721,-0.289983,0.0394177,0.504562,3.07577e-05,0.130586,0.255221,-1.98703,-0.962792,0.284224,-2.62318,-1.29657,-0.495346,0.834694,0.0317824,0.387108,0.981755
1.05837,-4.07369,1.34607,-1.17683,-1.13532,0.158739,0.484967,-0.886647,1.26271,-0.835063,0.643527,-0.131986,-2.75912,-1.33193,-0.58752,0.611817,-1.57744,-0.191072,2.51708,0.348439,0.281934,-2.16999,-3.0162,-0.978433
0.519733,2.98614,-0.0764219,1.98037,1.11554,-3.27032,-1.40971,1.01994,-4.58271,0.773367,-0.120955,-1.79891,2.57526,0.574028,2.28967,0.508896,1.22965,-2.20122,-2.72822,1.3902,0.348725,3.90154,1.41271,-1.28957
-1.33112,3.10371,-1.31379,1.03698,-0.373999,-1.62841,-0.131185,0.6386,-0.41822,0.334685,-0.762287,0.571544,1.5163,0.658523,-2.27498,-1.55457,1.50133,-1.31855,-2.09648,-0.247777,0.707042,0.386537,1.38704,2.77733
-0.69567,1.71872,-0.651435,0.890378,-0.391453,-1.78231,-0.274565,0.402386,-0.913762,0.134207,-0.608062,0.147475,0.789709,0.292559,-1.51434,-0.901399,1.0867,-1.31926,-1.47477,0.40017,0.739751,0.438805,0.189292,1.69382
0.448197,-2.21774,0.500647,-0.20618,-0.44369,0.10878,0.2029,-0.377198,0.141056,-0.402549,-0.0788405,-0.179292,-1.05551,-0.651561,0.0233073,0.524106,-0.529551,0.140759,1.14832,0.532923,0.173851,-0.804593,-1.68809,-0.407145
0.170774,2.15214,0.0198879,1.39926,-0.975807,-3.96608,-0.759005,0.250054,-1.70515,0.0764506,0.0368989,-0.133279,0.156426,-0.134575,-1.62441,-1.09676,0.721383,-4.01832,-1.68645,0.758866,1.10817,1.15217,-0.141445,0.646352
-1.72795,5.03108,-1.99245,-0.46585,0.945891,2.37229,0.297556,0.576422,2.66288,0.788193,-0.182376,1.84116,2.14897,1.8281,-1.24139,-1.50647,1.17794,1.8406,-1.72271,-2.571,-1.00934,0.130349,4.73871,2.32895
0.0653699,-5.17106,0.773513,0.00897404,1.39222,3.13092,0.767646,-0.700794,-2.43179,-0.411415,-1.22476,-1.24578,-0.437126,-1.25559,4.28464,2.27568,-0.425287,3.13857,1.97352,2.805,-0.299548,0.722239,-2.77341,-2.24116
-1.49547,7.01429,-2.04211,2.10669,1.4266,-1.97978,-1.07054,1.70139,-2.72352,1.30057,-0.719191,0.0483647,4.48031,1.8289,0.399383,-1.26246,2.6038,-1.12782,-4.4847,-0.2638,-0.0218537,3.79527,4.64344,1.68492
-0.533572,0.229903,-0.431272,-0.920658,1.62195,3.81651,0.440599,-0.0485086,1.46333,0.27562,0.0471208,0.49901,0.652285,0.568317,2.09234,0.56929,-0.17122,3.26602,0.606505,-0.911184,-1.51567,0.218385,1.94474,-0.818002
-0.836999,-0.0201646,-0.441138,0.758691,-2.08014,-2.7678,0.169453,-0.0662262,-0.0094388,-0.447714,-0.796146,0.60445,-0.626389,-0.342445,-4.09768,-1.64853,0.743831,-2.56815,-0.873966,0.464753,1.61433,-1.42167,-1.69322,3.08542
-1.86533,0.189127,-1.39218,-1.59904,0.72591,5.50196,1.53456,-0.335079,4.12011,0.106273,-0.714605,2.1351,0.0516649,0.700962,-0.819364,-0.58172,0.124425,4.29469,1.10397,-1.81185,-1.28024,-1.99362,2.02914,2.01848
-0.261887,2.29974,-0.514112,-0.420927,-0.0504853,0.0468097,-0.0717416,0.278705,1.6184,0.247463,0.438394,0.841645,0.36851,0.780434,-1.13453,-0.822614,-0.0228795,-0.12351,-0.577553,-1.59491,-0.226703,-0.37633,1.82348,0.821171
1.33791,5.01847,0.11258,0.389457,1.65479,-1.43852,-1.58432,1.13906,-1.09598,1.0595,1.71705,-0.876628,2.19877,1.43084,2.75876,0.306263,0.0793422,-0.946259,-2.08454,-1.44461,-1.22635,3.2567,4.3786,-2.71194
1.37197,-4.35539,1.70777,-0.247478,-0.711701,-1.88624,-0.261503,-0.558292,-1.79428,-0.490559,-0.0602387,-1.11631,-1.91008,-1.55507,1.00671,1.20913,-1.44903,-0.819427,1.69738,1.28534,0.34776,-0.586737,-3.69774,-1.82364
-0.561694,-5.66822,0.352365,-1.1747,0.595621,4.93451,1.57162,-1.08721,1.19126,-0.632337,-1.13445,0.241885,-1.70817,-1.17955,1.9249,1.49155,-0.949547,4.22396,3.17222,1.09121,-0.703294,-1.72271,-2.59185,-0.745728
1.38744,-0.532631,0.994845,-0.869432,1.87167,1.98033,-0.33361,-0.0749916,-0.285664,0.333784,1.24302,-0.946181,0.115806,0.111885,4.34907,1.89434,-1.13437,2.03337,1.05324,-0.189401,-1.5689,1.5451,1.22705,-3.91771
0.592745,-3.3968,0.868631,-1.70453,0.446928,3.40722,0.742861,-0.796266,2.17685,-0.517567,0.610009,0.266433,-1.80629,-0.541102,1.73499,1.28002,-1.70579,2.83634,2.87177,-0.367533,-1.14513,-1.53031,-0.942317,-1.93629
-0.141126,-3.79401,0.49821,0.377158,0.0469443,0.916624,0.566406,-0.458295,-1.77595,-0.430528,-1.18326,-0.715193,-0.717359,-1.20826,1.3822,1.09507,-0.180595,1.04461,1.31665,2.05711,0.396741,-0.12674,-2.84088,-0.561047
0.0210708,0.143354,-0.0106481,-0.50703,-0.232545,0.537232,0.158149,-0.061153,1.33436,-0.0799773,0.306536,0.419561,-0.5022,0.122864,-0.568888,-0.177638,-0.324983,0.272931,0.333736,-0.683412,-0.14971,-0.713907,0.441399,0.10194
0.619598,-0.340723,0.421302,0.159641,0.633506,0.130426,-0.352605,0.0431531,-1.0253,0.137314,0.230773,-0.628034,0.310394,-0.0236778,1.70409,0.773157,-0.163889,0.168412,0.114943,0.443626,-0.315115,0.970597,0.0246453,-1.33001
0.184509,4.96988,-0.597374,0.578189,-0.0215638,-2.61403,-1.12721,0.954626,-0.043813,0.706856,0.936667,0.170534,1.66479,1.27123,-1.04499,-1.26577,0.841193,-2.25576,-2.44958,-1.60895,-0.0467061,1.35548,3.19138,0.448291
-0.812454,-3.02566,-0.109421,-1.29599,-1.43301,2.19797,1.40896,-0.897058,3.3473,-0.866024,-0.556402,1.47751,-2.30628,-0.614418,-2.87475,-0.690196,-0.732082,1.32492,2.14259,-0.663294,0.238678,-3.59596,-2.14906,1.92857
0.0682976,2.90967,-0.508556,-0.865569,0.703166,1.27208,-0.147168,0.383884,2.09991,0.585041,1.10393,0.803706,0.677243,1.16666,0.144101,-0.415944,-0.12393,0.844271,-0.451325,-2.12327,-1.13541,0.166903,3.16046,-0.252423
-0.863573,-0.596614,-0.639373,-0.85679,1.64136,4.4705,0.814726,-0.257878,1.03205,0.174909,-0.56259,0.487731,0.673446,0.348178,2.39516,0.820946,-0.0230787,4.00391,0.957086,-0.334181,-1.35704,0.192041,1.43061,-0.518865
0.207292,3.41279,-0.266028,2.00574,0.79933,-3.62327,-1.40155,1.02383,-4.20941,0.713397,-0.166362,-1.43162,2.62317,0.551138,1.52436,-0.0693758,1.39394,-2.49935,-3.02974,1.0814,0.555745,3.60085,1.50356,-0.535048
-0.571695,4.43766,-0.736322,5.19523,1.72146,-6.81685,-2.27889,1.89993,-11.2748,1.23714,-2.26203,-3.38805,5.6579,0.264513,3.88939,0.52956,3.69429,-4.49947,-6.04514,4.87894,1.8081,8.01715,0.610246,-0.548012
0.593241,2.17628,0.00491651,-0.3434,1.41075,0.973132,-0.534821,0.377569,0.290534,0.555216,0.961079,-0.163315,1.16163,0.849284,2.15286,0.438743,-0.153124,0.969568,-0.427616,-1.09355,-1.19962,1.36416,2.65672,-1.78823
-1.02565,6.37693,-1.54593,0.942478,0.359571,-1.92125,-0.802043,1.14302,-0.226177,0.979848,0.145107,0.648389,2.69179,1.70123,-1.56831,-1.76742,1.79744,-1.56976,-3.41478,-1.564,0.0385467,1.76479,4.32476,2.08538
-0.150986,-2.64957,0.082993,-0.0181112,-0.005716,0.589635,0.211797,-0.126076,-0.790629,-0.254972,-0.664501,-0.271296,-0.41717,-0.972607,0.356887,0.459256,-0.01558,0.348781,1.2151,1.54642,0.753601,-0.627435,-1.84702,-0.0153082
1.41918,-5.62888,1.76534,-1.49332,-1.06772,0.996282,0.601639,-1.27363,1.33424,-1.02028,0.590606,-0.461203,-3.45319,-1.58812,0.335498,1.37836,-2.11444,0.53932,3.34636,0.675211,0.117921,-2.44158,-3.96466,-1.85861
0.769089,-3.14292,0.836577,-1.90078,0.161984,3.12883,0.730779,-0.83942,2.99425,-0.470345,0.808457,0.495404,-2.07451,-0.442111,0.833066,0.956967,-1.74616,2.45078,2.76885,-0.862918,-1.00078,-2.06148,-0.857111,-1.65186
2.48312,-6.51234,2.68049,-0.612176,0.545951,0.56282,-0.106385,-1.04101,-2.25046,-0.783977,0.620082,-2.14497,-2.42506,-1.95187,4.48994,3.05988,-2.15754,0.71553,3.09406,2.52718,-0.282768,0.283319,-4.29491,-4.98913
1.96374,-3.83419,1.84699,-0.536858,-1.04767,-1.09616,-0.17156,-0.804297,-0.0681586,-0.867445,1.05025,-0.872577,-2.55789,-1.20729,0.356034,0.997898,-1.62748,-1.16849,2.13429,0.848565,0.36013,-1.20604,-3.12118,-2.00894
-0.998129,-2.69929,-0.165599,1.15757,-0.264936,-0.284224,0.535697,-0.268462,-2.72093,-0.360432,-1.8641,-0.63915,0.172821,-1.00291,0.155949,0.43728,0.852221,0.124658,0.0535427,2.73367,1.08886,0.400729,-2.93309,1.05186
-1.64599,3.49268,-1.62408,1.7412,1.33809,0.00801917,-0.180376,0.923943,-2.51724,0.904671,-1.42506,-0.0845256,3.13907,0.950822,1.01704,-0.506897,2.14165,0.489394,-2.69507,0.731958,0.108754,2.60666,2.32404,1.36134
-0.249732,1.86205,-0.346426,0.896924,-0.571245,-2.28179,-0.534598,0.439898,-0.908873,0.166996,-0.0846713,-0.0418247,0.675953,0.37528,-1.2549,-0.886184,0.733775,-1.91685,-1.42044,0.0363772,0.67052,0.54658,0.518747,1.07087
0.486285,1.05203,0.263944,0.89893,0.836947,-1.17692,-0.566744,0.168073,-3.21279,0.98615,-0.484308,-0.897995,1.40452,0.304556,2.5135,0.389508,0.681455,-0.619548,-0.970131,1.23478,0.118846,2.73625,0.579456,-1.22248
-1.84902,-0.346237,-1.25386,-0.88956,0.270508,4.04108,1.47817,-0.248555,2.79563,-0.0709266,-1.01023,1.72702,0.0598016,0.34836,-1.03639,-0.668916,0.473918,3.25099,0.770478,-0.960468,-0.668855,-1.81504,0.873465,2.12266
0.73994,-1.15195,0.567106,-1.66709,-0.258038,1.67505,0.356472,-0.484325,3.2763,-0.329989,1.31505,0.774806,-1.7138,-0.0453729,-0.622187,0.141812,-1.4267,1.00488,1.8223,-1.70406,-0.719031,-1.92051,0.0836225,-0.848554
0.286511,0.457516,-0.0185857,0.0346337,0.997993,0.972471,-0.164968,0.0793945,-0.513069,0.343678,0.291416,-0.257108,0.798907,0.295398,1.96888,0.645416,-0.0816389,0.874752,-0.0793747,-0.104341,-0.773764,1.07026,1.12722,-1.17467
-2.70578,1.3035,-2.07809,-0.173516,0.624637,3.65507,1.26963,0.153853,1.92316,0.247489,-1.65996,1.75847,1.3348,0.804841,-1.28887,-1.0013,1.39998,3.04721,-0.454441,-0.717807,-0.498665,-0.79734,1.8372,3.29214
-0.383649,-1.83205,-0.0400875,2.35905,0.439207,-2.41703,-0.126789,0.0251621,-4.96746,-0.38123,-1.24059,-1.10168,0.639479,-0.731995,1.40288,0.677458,1.05671,-1.45451,-1.02974,3.07738,0.863384,2.05177,-2.53495,-0.00665057
0.491391,2.54773,-0.0164134,-0.580874,0.23728,-0.134766,-0.322421,0.326857,1.46611,0.427288,1.19416,0.441562,0.37818,0.818761,-0.183978,-0.460699,-0.305517,-0.13467,-0.475421,-1.67707,-0.607027,0.155882,2.34825,-0.428347
-1.93499,-0.738141,-1.17515,0.416012,0.333937,2.37063,1.01322,-0.0153747,-0.0194527,-0.00554851,-1.88518,0.70357,0.695091,-0.0257496,-0.217252,-0.274153,1.11992,2.0808,-0.149144,0.859832,0.169287,-0.272335,-0.245714,2.04977
2.42443,-5.19157,2.16974,-2.60421,0.344981,2.68874,0.105493,-1.81984,2.38613,-0.954706,2.17835,-0.456313,-3.60873,-1.36974,3.48371,2.31413,-3.35925,2.45223,4.23267,-0.356143,-1.21807,-1.84004,-1.73705,-5.2581
2.72097,-4.24717,2.45863,-0.584001,0.500434,-0.225702,-0.549703,-0.703284,-1.52625,-0.452867,1.43901,-1.93015,-1.94139,-1.34073,3.91033,2.46217,-2.11209,0.0643404,2.36217,1.33641,-0.441755,0.618204,-2.66611,-4.87804
-0.991039,-3.03746,-0.347763,-0.359292,0.66306,3.35736,1.0999,-0.470475,0.0574824,-0.329981,-1.42825,0.184698,-0.222279,-0.593545,1.38331,0.878553,0.00813671,2.93041,1.39373,1.02276,-0.215031,-0.522852,-1.41954,0.140719
-0.827225,6.51374,-1.38843,0.918737,-0.174516,-2.79182,-0.887278,1.15709,0.237717,0.846848,0.373918,0.72989,2.3246,1.74399,-2.46968,-2.00715,1.53418,-2.34946,-3.35859,-1.85234,0.219802,1.18407,3.87068,2.34105
0.0975263,0.574186,0.00205142,-1.53701,1.60009,3.89382,0.431905,-0.0191476,2.48451,0.303729,0.969358,0.621317,0.1133,0.758986,2.14017,0.758363,-0.794023,3.19216,1.12919,-1.71332,-1.78537,-0.147779,2.47382,-1.71883
-1.44894,1.2749,-1.11728,1.39768,0.0177559,-0.865762,0.0343575,0.481548,-2.09829,0.226085,-1.58162,-0.0128753,1.61808,0.191269,-0.585965,-0.757908,1.65361,-0.613501,-1.72442,1.15693,0.648317,1.15459,0.105974,2.05788
-2.69241,4.29571,-2.37684,1.83966,0.0497687,-1.05901,0.191841,0.936896,-1.33077,0.724292,-2.06382,0.9722,2.95207,1.15431,-2.36428,-1.97743,2.81791,-0.671057,-3.37665,0.190311,0.834615,1.27474,2.18201,4.16598
2.22455,-0.259283,1.71788,1.5689,1.6355,-2.7683,-1.70251,0.419354,-5.69195,0.38972,0.830547,-3.04786,1.23406,-0.483966,5.56234,2.35421,-0.341639,-1.52225,-0.860478,2.47611,-0.195697,4.29261,-0.46434,-4.89718
0.646966,-2.77031,0.417679,0.821455,1.63859,0.296184,0.0332453,-0.188174,-2.78456,-0.0770947,-0.569255,-1.03843,0.143522,-0.485108,3.23473,1.84686,-0.440801,0.738438,0.786029,2.32394,-0.1281,1.67513,-1.48233,-2.24216
-2.99738,1.0629,-2.26894,-1.84759,-2.15737,3.39689,2.05828,-0.443508,7.36328,-0.495459,-0.948217,4.1064,-1.44101,0.760773,-7.24704,-3.28189,0.570156,1.86079,0.765281,-3.36622,0.262511,-5.4448,1.00671,6.37445
0.739118,-1.75482,0.555952,-2.10115,-0.0774461,2.73871,0.518307,-0.587158,3.80463,-0.295935,1.32189,0.861533,-2.02455,-0.0744298,-0.133628,0.36181,-1.60339,1.99328,2.53106,-1.79119,-0.99446,-2.34278,-0.00985972,-1.14904
0.761038,1.46503,0.349465,0.201502,1.01247,-0.323625,-0.664725,0.374504,-0.983387,0.413969,0.727818,-0.703296,0.810874,0.451142,2.08398,0.670991,-0.0611213,-0.158661,-0.574214,-0.201455,-0.614466,1.60849,1.35597,-1.8295
1.05061,1.59517,0.629783,2.6648,0.948116,-4.5872,-1.70179,0.805619,-6.65221,0.62408,-0.23324,-2.63894,2.3418,-0.175626,3.30233,1.10276,1.17399,-3.19047,-2.59658,2.79458,0.775567,4.68129,-0.31641,-2.23078
-1.23204,3.47543,-1.43092,-0.825958,-1.67797,-0.227746,0.414774,0.37495,4.53586,0.101245,0.332467,2.48321,-0.375572,1.042,-5.49184,-2.69552,0.430303,-1.05939,-0.86767,-3.00662,0.180217,-2.82382,2.09674,4.0297
-1.46397,2.31575,-1.12622,0.878783,-0.616317,-1.13173,0.0778556,0.461674,-0.236551,0.168807,-1.10038,0.697966,1.12162,0.528063,-2.40258,-1.52046,1.42692,-1.02443,-1.7414,-0.228,0.749508,0.0500452,0.821149,2.85758
-1.08703,-0.0737693,-0.598229,2.27382,-0.613658,-3.12317,-0.220924,0.427916,-4.31435,-0.0315575,-1.8261,-0.897374,1.16356,-0.552047,-0.780231,-0.46689,1.71989,-2.2827,-1.96948,2.57614,1.59921,1.55877,-2.05153,1.9474
-0.751095,7.7675,-1.66983,1.19176,1.07969,-1.92926,-1.16315,1.56344,-0.645539,1.3984,0.48852,0.423674,3.62698,2.13728,-0.611025,-1.70545,1.92925,-1.41089,-3.99205,-1.76212,-0.344706,2.92447,5.47025,1.37982
0.536828,-1.72778,0.438188,-0.711945,0.832362,2.21606,0.272833,-0.141622,0.320244,-0.0749375,0.320191,-0.301453,-0.434222,-0.299642,2.3255,1.10602,-0.762114,1.94096,1.3539,0.174095,-0.839786,0.106096,-0.142768,-1.74123
-1.79782,0.326297,-1.31917,0.36937,0.274839,1.8854,0.740609,0.087359,-0.130688,0.174229,-1.61445,0.669991,1.09115,0.286556,-0.458146,-0.534753,1.33351,1.57344,-0.555413,0.332394,0.0618102,0.050278,0.373189,2.18483
-0.886799,0.969524,-0.651213,1.57626,0.16913,-1.70879,-0.268166,0.436178,-2.85105,0.296731,-1.25758,-0.610039,1.63889,0.0671899,-0.0144709,-0.268909,1.45539,-1.05964,-1.7895,1.45458,0.829201,1.74577,-0.15827,1.14844
-1.90437,4.54967,-1.85379,0.799128,-0.632332,-1.29155,0.067474,0.714613,0.894048,0.502731,-0.834564,1.34902,1.749,1.27254,-3.57421,-2.28146,1.87856,-1.20382,-2.52728,-1.35745,0.59314,-0.0444204,2.37451,3.84243
0.18769,-7.89829,1.17014,-2.12552,0.871742,6.27265,1.72808,-1.5744,1.94626,-0.963139,-0.515087,-0.0362106,-2.98471,-1.63775,3.27844,2.4764,-2.04044,5.35929,4.77385,1.16556,-1.29896,-2.46613,-3.61066,-2.52446
-0.446565,-0.846439,-0.295011,-1.43813,-2.3639,0.118241,0.884624,-0.514969,4.68458,-0.767855,0.44282,1.97197,-2.56034,-0.187118,-5.3236,-1.79167,-0.814776,-0.62515,1.33437,-1.99875,0.629987,-4.20029,-1.02212,2.88351
1.70771,-0.836748,1.44361,0.0406162,0.744917,-0.799334,-0.741679,-0.00850875,-1.55485,0.0842888,0.983654,-1.36556,-0.204159,-0.372861,2.82963,1.3338,-0.954308,-0.516505,0.623307,0.609684,-0.450152,1.38913,-0.274739,-3.14995
0.562232,-3.79445,0.905808,-0.456588,0.619175,2.02426,0.465588,-0.734417,-0.451799,-0.392306,-0.177877,-0.645531,-1.05325,-0.806302,2.50222,1.5317,-0.976865,1.96752,1.95301,1.32795,-0.367493,-0.227102,-1.99259,-1.9808
0.437907,3.42356,-0.282947,0.422881,0.523141,-1.51257,-0.900871,0.68257,-0.486713,0.676824,0.780868,-0.250821,1.35379,0.823284,0.447419,-0.305747,0.314537,-1.10451,-1.62948,-0.935318,-0.309347,1.578,2.34738,-0.518971
-0.180008,0.664193,-0.157653,0.285115,0.0873365,-0.319777,-0.118485,0.0777395,-0.335104,0.149667,-0.0664707,-0.0416374,0.48973,0.161982,0.0655023,-0.200255,0.138372,-0.215884,-0.429475,0.13693,0.0585621,0.353731,0.37506,0.131825
0.883136,-0.832579,0.674356,-0.720858,0.158609,0.560815,-0.0754314,-0.214087,0.723552,-0.163517,0.993955,-0.200853,-0.66662,-0.122718,0.934958,0.587913,-0.963143,0.464984,0.954126,-0.363391,-0.524527,-0.321579,-0.0757668,-1.49712
0.00802847,-4.84321,0.711958,-1.72582,0.453168,4.63246,1.31691,-1.05963,2.27224,-0.555221,-0.222347,0.495971,-2.08565,-0.857892,1.70138,1.50014,-1.43651,3.86012,3.35275,0.134404,-1.02747,-2.01536,-1.87182,-1.33647
1.48292,-4.21296,1.67773,-1.43927,-0.758364,0.929889,0.29167,-0.900922,1.8572,-0.823776,1.00573,-0.0719357,-2.9456,-1.10001,0.220617,1.06899,-1.97695,0.61205,3.0484,-0.136508,-0.26384,-2.19811,-2.73397,-1.81051
-0.826882,-3.99818,0.465452,-0.260035,0.782663,2.9536,0.82292,-0.921241,-0.510645,-0.882353,-1.04261,-0.062587,-0.891331,-0.801028,1.90251,0.871628,-0.215712,2.78073,1.57731,1.72862,-0.00920375,-0.437192,-1.97266,-1.05086
-1.94955,0.570475,-1.36494,1.16618,0.0165,0.280452,0.492389,0.24449,-1.40864,0.17475,-1.95816,0.419547,1.38549,0.268135,-0.89004,-0.547596,1.67759,0.415808,-1.36448,1.12395,0.76245,0.533775,-0.0898991,2.6145
0.87325,-2.79259,0.911728,-2.01016,-0.089577,2.85676,0.566043,-0.829953,3.11331,-0.49662,1.23243,0.54392,-2.16209,-0.466594,0.586612,0.816728,-1.75514,1.96759,2.87894,-1.15074,-0.977507,-2.10158,-0.603135,-1.58369
-0.371416,-7.40268,1.23087,-1.70697,-3.04447,1.7149,1.80947,-1.7207,3.23974,-1.88136,-0.749815,1.32602,-4.84312,-2.15938,-4.68488,-0.493256,-1.77898,0.530625,4.43324,0.271901,1.21447,-6.12068,-6.29163,1.69778
-0.425261,-4.95862,-0.0658252,-1.26636,-1.51574,1.78061,1.50931,-1.27443,2.67582,-1.17699,-0.850573,1.00382,-2.97531,-1.21436,-2.16284,-0.184643,-0.904981,1.45047,2.53404,0.545487,0.908336,-3.93571,-3.3365,1.44668
1.7465,-1.8257,1.47234,-0.864337,-0.204191,-0.380684,-0.369865,-0.379144,0.460331,-0.300978,1.37123,-0.685557,-1.56822,-0.493834,1.07186,0.98891,-1.47253,-0.458279,1.39928,-0.207732,-0.252318,-0.550508,-1.06767,-2.46041
-0.963015,4.89229,-1.29845,1.82488,-0.32764,-3.93074,-0.975893,1.10295,-2.22122,0.673159,-0.522887,-0.0147928,2.50154,0.990726,-2.0179,-1.62498,1.93267,-2.99308,-3.67238,0.176791,1.09737,1.92867,1.95012,2.37871
-0.0618557,6.17939,-0.875625,3.85387,1.50785,-5.95071,-2.22464,1.79572,-7.8269,1.34363,-0.851474,-2.3811,5.03512,1.11297,2.52997,-0.121745,2.84345,-4.14114,-5.53448,2.35192,0.8932,6.52024,2.71207,-0.535304
0.507444,-1.6357,0.32636,-0.742765,-1.73719,-1.30531,0.401593,-0.365462,2.04071,-0.719238,0.606674,0.242122,-2.26507,-0.705431,-2.16943,-0.361708,-0.973596,-1.05611,0.969329,0.00247213,0.47345,-2.38642,-1.62654,0.292041
-0.329259,3.64011,-0.701133,0.912972,1.43797,-0.216784,-0.632675,0.789348,-1.64467,0.841784,0.0278288,-0.468285,2.49348,1.11203,1.78037,0.0114794,0.984713,0.0923637,-2.03984,-0.200501,-0.574553,2.70645,2.99119,-0.545119
-0.305309,5.94976,-1.11279,0.53474,1.18407,-0.834857,-0.854334,1.21709,-0.138127,0.99865,0.568962,0.201721,2.63258,1.6963,0.302302,-0.907246,1.24454,-0.634007,-2.74411,-1.6897,-0.725281,2.25833,4.62427,0.309238
-0.792314,3.9558,-1.15507,1.38841,0.472264,-1.93991,-0.567155,1.01193,-2.19453,0.750898,-0.708762,-0.245086,2.49073,0.959545,-0.212878,-0.869141,1.66015,-1.27665,-2.78647,0.158382,0.372782,2.22997,2.15593,1.25885
-1.18482,-0.55531,-0.682681,-0.0763614,-0.516902,0.871209,0.674212,-0.248035,0.745645,-0.252903,-0.884655,0.763733,-0.18308,-0.13001,-1.61544,-0.642809,0.520523,0.584708,0.107968,0.0832583,0.391414,-1.17176,-0.693442,1.94155
0.998503,-3.12876,1.03062,-2.22205,-1.42484,1.63317,0.792102,-1.03813,4.3933,-0.804888,1.46808,1.04088,-3.28516,-0.643995,-1.95772,0.0689071,-2.06293,0.699531,3.14089,-1.62862,-0.275187,-3.71442,-1.66216,-0.392018
0.289224,-2.17466,0.554609,-0.228289,-1.28591,-0.853739,0.241576,-0.564461,0.615668,-0.603945,0.00363928,0.111806,-1.69832,-0.830198,-1.60976,-0.174508,-0.587159,-0.920117,1.08796,0.326835,0.713156,-1.58928,-2.27218,0.572622
1.34653,-8.31526,2.15051,-0.507371,-0.970213,0.476038,0.77687,-1.40597,-1.52536,-1.31553,-0.645956,-1.43607,-3.42856,-2.5222,1.60974,2.09734,-1.76333,0.522309,3.63656,3.04781,0.731118,-1.69658,-6.40386,-2.18877
-0.164912,2.03153,-0.485972,-0.644998,0.120889,0.6417,0.0849409,0.258432,1.86254,0.240258,0.612791,0.853014,0.12019,0.728485,-0.903371,-0.674113,-0.0536712,0.365092,-0.217211,-1.65753,-0.494772,-0.519421,1.93743,0.432734
-0.300386,3.74253,-0.807309,0.152343,0.907115,0.183388,-0.337034,0.630984,0.595224,0.711832,0.382065,0.53061,1.72418,1.25138,0.289452,-0.608224,0.539326,0.181935,-1.52094,-1.39221,-0.626225,1.1309,3.24455,0.151141
0.624615,-5.87818,1.19537,-1.89646,0.414203,4.53459,1.19763,-1.27593,1.98231,-0.678052,0.224644,-0.0660807,-2.52531,-1.2595,2.47981,1.8908,-1.95529,3.69363,3.9269,0.456028,-1.07678,-2.11633,-2.56724,-2.29966
-1.96068,-1.23307,-1.20195,0.967314,1.11311,2.51826,0.859421,0.0980094,-2.16018,0.141105,-2.4961,-0.0603379,1.60898,-0.158308,1.56426,0.46303,1.46779,2.49384,-0.426346,2.04822,-0.00141337,1.18467,-0.628148,1.40908
2.20674,0.903881,1.37132,0.413655,1.24728,-1.86828,-1.50946,0.340493,-2.67446,0.451772,1.58255,-1.90983,0.721075,0.0738314,3.83764,1.6393,-0.710884,-1.12516,-0.350815,0.468219,-0.718233,2.89304,0.891526,-4.12614
-1.05709,4.46919,-1.23217,0.966994,-0.582388,-2.1653,-0.524202,0.754365,0.29141,0.593771,-0.116692,0.727265,1.58375,1.03769,-2.60909,-1.74955,1.26953,-1.95565,-2.48363,-1.22363,0.534387,0.535122,2.37635,2.46297
-1.87026,3.67531,-1.79493,1.92785,-0.180802,-2.23456,-0.216442,0.952367,-1.93757,0.618841,-1.70232,0.519022,2.38118,0.777501,-2.36179,-1.74471,2.35648,-1.70239,-3.01335,0.458854,1.23902,1.27027,1.27082,3.55638
-0.679886,4.033,-0.985392,0.0617365,1.3462,1.0201,-0.285557,0.622161,0.619937,0.83845,0.208704,0.420421,2.0854,1.35153,0.718144,-0.426647,0.77879,1.00291,-1.54903,-1.3964,-0.98039,1.37982,3.85747,0.242983
1.17035,-0.887998,0.804044,-1.65814,-1.0146,0.720736,0.433382,-0.797065,3.7693,-0.561401,1.55311,0.954168,-2.75883,-0.488562,-1.39456,-0.580432,-1.81543,0.369633,1.76629,-2.11641,-0.357107,-2.83947,0.121153,-0.72137
0.523541,0.137033,0.276892,-1.13648,1.07381,2.42279,0.0181248,-0.0537633,1.53639,0.178877,1.03635,0.252189,-0.176877,0.334484,1.97632,0.782001,-0.838267,2.01505,1.01169,-1.10997,-1.33395,0.0765538,1.5702,-1.88314
-0.8974,5.29249,-1.42985,0.172412,0.33147,-0.703824,-0.448549,0.817787,1.26662,0.821071,0.341393,1.08718,1.92674,1.60531,-1.63827,-1.55821,1.21765,-0.609378,-2.35079,-2.07468,-0.349767,0.681234,3.98359,1.89827
1.11039,-2.60111,1.181,-0.432537,-1.46374,-1.61988,0.0381083,-0.676443,0.425422,-0.639555,0.608289,-0.274219,-2.16252,-0.986117,-1.24128,0.139551,-1.17469,-1.59382,1.43109,0.294624,0.724317,-1.5917,-2.74184,-0.446277
-1.14628,-2.11038,-0.465699,1.44059,0.448967,0.203938,0.342861,0.0307178,-3.57222,-0.108696,-2.16891,-0.83557,1.02252,-0.61322,1.5035,0.666683,1.19506,0.634337,-0.433261,2.88072,0.750481,1.2768,-2.07144,0.58163
-3.56151,4.21458,-2.95755,2.25066,0.404158,-0.179531,0.399346,1.08308,-2.19834,0.794418,-3.05885,0.852187,3.65215,1.21429,-1.96005,-2.03014,3.51881,0.0945225,-3.77407,0.881675,0.89013,1.70624,2.09211,5.01985
0.687522,1.54369,0.242708,-0.825982,-0.697063,-0.833086,-0.257763,0.0579614,2.43179,-0.032507,1.41256,0.65437,-0.739863,0.427663,-1.7796,-0.692314,-0.649759,-1.11392,0.190798,-1.8748,-0.167307,-1.1575,1.14296,0.167465
1.93501,-6.49306,2.36528,-0.402546,-2.58011,-2.74134,0.177578,-1.22786,-0.360981,-1.49145,0.490448,-0.874681,-4.19513,-2.34013,-1.57409,0.788918,-1.98232,-2.60101,2.83193,1.76683,1.61979,-2.70167,-6.25034,-1.01815
0.00854996,-0.569635,0.00509942,-0.494221,0.287627,1.26716,0.284455,-0.136669,0.756284,-0.112957,0.0469445,0.299263,-0.25118,-0.0410982,0.549712,0.259824,-0.285342,1.10573,0.512677,-0.269636,-0.448451,-0.4175,0.145309,-0.385784
-1.00441,-0.187304,-0.563311,2.37842,0.649102,-1.64107,-0.303015,0.530806,-5.25553,0.201284,-2.16766,-1.34972,2.14711,-0.368121,1.71805,0.479711,1.7678,-0.786145,-1.85608,3.18224,1.0203,2.81624,-1.19371,0.432416
-0.609091,3.47429,-1.29939,-3.35694,0.764536,5.01498,0.925993,-0.0133468,7.02337,1.09727,1.59817,2.92165,-0.16634,1.68057,-0.897503,-1.1285,-1.16926,3.27302,1.12883,-5.37325,-2.11403,-2.54147,5.39509,0.552224
-1.32751,3.73728,-1.35986,1.2856,0.720585,-0.823095,-0.327115,0.860327,-1.54714,0.702106,-0.943405,0.191829,2.52498,1.02494,-0.415277,-0.94476,1.79638,-0.368853,-2.60292,0.0924246,0.134428,1.91345,2.3405,1.70184
-0.415324,5.51329,-1.03083,0.216033,-0.456893,-2.04264,-0.695595,0.808795,1.51048,0.547505,0.782632,1.00558,1.42475,1.36561,-2.82752,-1.96424,0.864613,-2.01783,-2.35503,-2.32559,0.180551,0.196348,3.51812,2.04008
-1.18507,-2.83866,-0.365071,-0.439571,-1.82479,0.472072,1.10746,-0.716937,1.83855,-0.831397,-1.14879,1.13569,-1.93018,-0.815566,-3.67087,-0.994339,-0.0455254,0.0163606,1.1283,0.217678,1.0623,-3.1574,-2.79579,3.01031
-1.43895,-3.66818,-0.343069,0.997687,-0.185982,0.834652,0.884921,-0.436019,-2.36583,-0.535184,-2.37433,-0.435297,-0.19487,-1.15816,0.404787,0.500821,0.907154,1.0234,0.459337,2.87019,0.967102,-0.0349015,-3.25581,1.33189
0.599586,-1.17082,0.571823,0.638652,1.13746,0.156693,-0.203352,0.0125537,-2.58434,0.177673,-0.21506,-1.37296,0.632071,-0.410865,3.16502,1.43338,0.0488674,0.48661,0.0741328,1.59577,-0.260927,1.87768,-0.631362,-2.01985
0.734389,-3.42654,0.886606,-1.50623,-0.231757,2.23914,0.655726,-0.867637,2.05808,-0.60767,0.556615,0.129234,-2.21066,-0.777676,0.536327,0.935642,-1.55221,1.64064,2.6051,-0.24474,-0.562956,-1.88273,-1.5835,-1.3163
-0.553756,-0.824777,-0.117393,1.58661,-1.05071,-2.89853,-0.179129,0.135292,-2.68593,-0.337862,-1.32202,-0.512505,0.207307,-0.599423,-1.56923,-0.441165,0.976109,-2.42288,-1.11427,1.9015,1.7135,0.398056,-2.3109,1.62106
1.87477,1.3711,1.04259,-1.9188,-1.70137,-1.49741,-0.475419,-0.270968,4.80813,-0.256399,2.84586,1.11685,-2.31478,0.404682,-3.27228,-1.11455,-1.95698,-1.99073,1.20446,-3.46032,-0.253708,-2.80026,1.03567,-0.481163
-0.408934,1.04435,-0.26654,1.50527,-2.24151,-5.41201,-0.193535,0.135826,-0.828803,-0.249468,-0.227745,-0.0297389,-0.493925,-0.247997,-4.99287,-2.02703,0.933725,-4.50543,-1.89814,0.710613,1.9988,-1.27899,-1.9067,2.54186
1.27263,-0.999358,0.932867,-1.17951,0.219873,1.02151,0.0154606,-0.325757,1.74528,-0.245473,1.38336,0.0276583,-1.1428,-0.156306,1.01663,0.633377,-1.4133,0.755376,1.61435,-0.9356,-0.845687,-0.736372,0.0923259,-2.06566
0.151694,-0.265834,0.0513721,-2.51779,0.350815,4.22778,0.871618,-0.487258,5.31946,-0.149763,1.28145,1.58666,-1.40741,0.497217,-0.278212,0.0198439,-1.5686,3.11147,2.23973,-2.90694,-1.58976,-2.53603,1.79999,-0.554012
-1.15878,3.63702,-1.0923,3.05004,-1.92338,-6.64271,-1.01428,1.07873,-4.00968,0.196517,-1.52843,-0.413918,1.83893,0.164946,-4.1751,-2.31406,2.65984,-5.53393,-4.10376,1.64919,2.67469,1.62547,-0.709759,4.1105
0.431995,-2.06744,0.459932,-1.53134,-0.66477,1.60228,0.67949,-0.705228,3.00069,-0.568741,0.698629,0.881722,-2.05906,-0.303481,-1.16946,-0.141304,-1.22499,1.02132,2.05005,-1.08902,-0.254432,-2.49815,-0.86277,-0.238894
-0.675653,-2.40489,-0.209575,0.15664,1.4452,3.08106,0.661844,-0.234719,-1.3382,0.00940994,-1.21264,-0.494877,0.571279,-0.316795,3.04221,1.37108,0.176713,2.90522,0.831088,1.58913,-0.646629,0.862769,-0.730255,-0.957585
0.0344559,-1.94353,0.792181,-1.43435,-2.43569,-0.752685,0.850478,-0.550261,3.60832,-0.564119,0.842833,0.788589,-2.99976,-0.488058,-4.32917,-1.61116,-1.51295,-0.912775,2.13478,-1.28143,0.86407,-3.61356,-2.24091,1.55026
-0.421547,-0.808332,-0.125695,-0.0875133,1.60222,2.66476,0.278049,-0.0692832,-0.794045,0.14863,-0.350021,-0.387219,0.832121,0.0932485,2.98347,1.08601,0.00332818,2.53348,0.467731,0.698958,-0.874187,1.07481,0.568592,-1.36146
1.29009,-2.75658,1.17499,-0.811343,1.15282,2.09431,0.0190608,-0.524715,-0.375686,-0.11419,0.647668,-0.910249,-0.86912,-0.510279,3.6216,1.98154,-1.39971,2.00316,1.91569,0.582618,-1.0359,0.466615,-0.745578,-3.37441
-0.824157,-0.238819,-0.600616,0.204682,0.915547,1.89314,0.450781,0.144488,-0.812668,0.118063,-0.956979,-0.077603,0.881472,0.106111,1.37281,0.356449,0.561481,1.7578,-0.171894,0.608671,-0.406512,0.740075,0.346195,0.25582
0.346552,-1.38875,0.285656,-1.28113,0.515919,2.5666,0.549391,-0.363449,1.89421,-0.127446,0.448574,0.331672,-0.904018,-0.0818355,0.946573,0.530935,-1.04271,1.95633,1.58954,-0.779125,-0.909057,-0.981322,0.282639,-1.09202
0.934774,-1.4863,0.897703,-0.323651,0.613069,0.431518,-0.270855,-0.219954,-0.744952,-0.0618724,0.580098,-0.781101,-0.423738,-0.328505,2.08985,1.11449,-0.853252,0.469484,0.809341,0.471101,-0.501574,0.497334,-0.544478,-2.12456
1.13964,1.91562,-0.125885,0.150202,0.964051,0.109566,-0.847651,0.434319,-0.616408,0.128127,0.854687,-0.48087,0.830153,0.471462,1.85113,0.180168,-0.473153,-0.626259,-0.459456,-0.497319,-0.375635,1.68327,1.71775,-1.61107
-1.67476,2.75414,-1.69707,0.683528,1.78486,2.2043,0.15387,0.705163,-1.06262,0.869177,-1.13217,0.283867,2.87891,1.18403,1.71935,-0.0926683,1.62334,2.24923,-1.72295,0.0819516,-0.832719,2.05798,2.91019,0.928573
0.618564,1.55071,0.278189,0.249787,-0.948534,-2.75799,-0.648538,0.203648,0.22167,0.0878155,0.743517,0.100611,-0.245466,0.185471,-1.8976,-0.726849,-0.0616186,-2.47365,-0.732357,-0.606661,0.614652,-0.181698,0.203382,0.465943
1.18197,-2.511,1.24838,-1.09443,-1.92215,-1.23218,0.138717,-0.686406,2.23132,-0.74536,1.1153,0.306216,-2.89063,-0.80684,-2.43172,-0.20537,-1.49981,-1.54023,1.81829,-0.636752,0.611097,-2.5756,-2.30113,-0.0563936
0.877959,1.67083,0.429887,-0.32843,-1.88018,-3.5147,-0.659785,0.113761,1.6657,-0.295225,1.41277,0.476429,-1.1934,0.143196,-3.63971,-1.34422,-0.533613,-3.41406,-0.470908,-1.6036,0.787585,-1.60218,-0.0118097,0.960902
-1.67303,-2.56791,-0.686409,1.54228,0.232726,0.560294,0.754975,-0.195993,-3.25283,-0.212369,-2.57338,-0.560465,0.82705,-0.825071,0.817691,0.421913,1.49032,0.843552,-0.399266,2.9855,0.93687,0.882178,-2.50435,1.51648
-0.872118,-2.88575,-0.152356,1.90332,1.11365,0.232243,0.22235,-0.0139689,-5.31276,-0.0742256,-2.52126,-1.65046,1.28471,-0.913229,3.26691,1.4268,1.35992,1.07316,-0.52697,3.91964,0.688722,2.5277,-2.60051,-0.463116
-1.2467,-6.32496,-0.0877119,-1.21611,-0.967676,4.0039,2.10837,-1.35437,2.44523,-1.12026,-1.65341,1.08266,-2.72086,-1.40524,-1.49738,0.304992,-0.765678,3.08615,3.24802,1.12797,0.35593,-3.69412,-4.1249,1.87445
-0.977408,2.09031,-0.957649,0.79835,0.646824,0.114267,-0.0943555,0.495821,-1.09318,0.472509,-0.787208,0.163083,1.72191,0.67079,0.097965,-0.423117,1.2565,0.256681,-1.49554,0.100827,0.0304289,1.22727,1.47088,1.13938
-1.77471,-0.0651479,-1.25011,-0.245704,0.167149,2.80524,0.99999,-0.035854,1.46672,-0.050099,-1.29941,1.18848,0.403529,0.262534,-1.04079,-0.687031,0.755662,2.12954,0.0692822,-0.261159,-0.186081,-1.04435,0.442002,2.20937
-2.62558,6.81981,-2.83256,0.946234,1.27024,0.849715,-0.635945,1.67026,0.624755,1.27649,-0.817319,1.39418,3.88948,2.02685,-0.715666,-1.57407,2.68456,1.15252,-3.79312,-1.83404,-1.07091,2.02098,5.54594,2.34076
-0.0969111,1.03339,-0.15168,1.55495,0.991293,-1.41177,-0.702403,0.514791,-3.74771,0.504848,-0.769943,-1.32295,1.83198,0.148847,2.25522,0.615515,1.01021,-0.633948,-1.68926,1.8262,0.267189,2.83598,0.148444,-0.776526
0.794461,-2.22373,0.781396,-1.8551,0.342992,3.19979,0.57377,-0.645556,3.14054,-0.278397,1.09301,0.586668,-1.7841,-0.120045,0.96748,0.874857,-1.7116,2.45936,2.59572,-1.32292,-1.24175,-1.87254,-0.0820576,-1.79254
1.63786,-4.54859,1.73734,-1.45024,-0.787241,0.871301,0.342056,-0.994799,1.57061,-0.89564,0.983412,-0.379599,-3.03481,-1.26109,0.40544,1.17409,-2.05345,0.333329,3.04876,0.163393,-0.111993,-2.14701,-2.9684,-2.01436
-1.68134,4.79801,-1.88917,0.391128,-0.248309,-0.325979,0.19543,0.722406,1.60585,0.633029,-0.426525,1.58701,1.89913,1.45888,-3.02078,-2.10228,1.61826,-0.371814,-2.37835,-1.82206,0.0090526,-0.0818688,3.22798,3.48337
-0.419091,-2.08349,-0.160581,-1.13109,0.78711,3.99823,0.917085,-0.523149,1.79411,-0.0775203,-0.293562,0.654756,-0.603487,-0.0016808,1.25774,0.738831,-0.599465,3.35167,1.80483,-0.438092,-1.07008,-1.08864,0.0620562,-0.546019
-1.76473,0.850667,-1.23822,1.71146,0.31242,-0.647616,0.228929,0.395714,-2.88485,0.260677,-2.17251,-0.221159,1.93811,0.0898358,-0.0937464,-0.417913,1.89133,-0.115529,-1.88593,1.77241,0.871183,1.5299,-0.232436,2.05943
-0.62157,-1.45759,-0.288515,0.292565,1.40479,2.12814,0.370875,-0.000912761,-1.70932,0.229327,-1.07922,-0.654832,0.896603,-0.197631,2.88999,1.19229,0.37012,2.3403,0.383769,1.41241,-0.419344,1.3476,-0.33692,-0.956836
-0.954157,6.25148,-1.36094,2.29276,-0.260911,-4.79074,-1.37577,1.38899,-2.80511,0.894531,-0.563689,-0.107219,3.17863,1.30234,-2.08572,-2.02699,2.4053,-3.78147,-4.3903,0.0167853,1.2148,2.73197,2.7547,2.45283
-0.668675,-0.256746,-0.282236,0.640427,1.08998,1.10055,0.0772022,0.177003,-1.75097,0.211393,-0.939209,-0.575993,1.18687,0.0677379,2.00125,0.623183,0.586577,1.26689,-0.547143,1.04953,-0.266278,1.46471,0.145425,-0.405006
1.19283,5.67362,0.100724,0.775301,0.244516,-4.1346,-1.66352,1.08736,-1.08548,0.899951,1.55776,-0.663183,1.80743,1.24108,-0.104452,-0.815128,0.491876,-3.36828,-2.78268,-1.35008,0.146275,2.38841,3.36459,-0.860845
-2.37355,2.08524,-1.81496,3.07016,0.525539,-1.83468,-0.0500656,0.944577,-5.35218,0.58986,-3.05254,-0.723382,3.46689,0.308807,0.337808,-0.667504,3.06513,-0.78862,-3.51934,3.01917,1.3423,3.22112,0.040595,2.83821
0.863749,-4.04892,1.34655,1.07356,-1.77151,-3.48402,-0.121634,-0.542893,-2.99726,-0.921669,-0.593837,-1.31683,-1.81746,-1.90081,-0.768724,0.491063,-0.299412,-2.86437,0.745628,2.80143,1.86562,-0.504439,-4.97355,-0.194126
0.146351,-1.52291,0.312749,-0.00830854,0.808705,0.883486,0.138255,-0.0827489,-1.27093,-0.0502161,-0.389979,-0.734781,0.0759008,-0.40059,2.04288,0.926292,-0.123178,1.13053,0.526518,1.02537,-0.356745,0.792875,-0.635626,-1.25936
0.123892,5.09798,-0.593025,1.03838,-0.645785,-4.00055,-1.16105,0.946354,-0.66296,0.691478,0.719409,0.0391965,1.59373,1.11159,-2.1813,-1.59951,1.03822,-3.55447,-2.85042,-1.13376,0.663564,1.3154,2.52491,1.40774
-0.636108,1.6774,-0.825128,-0.811926,1.26071,3.19011,0.413792,0.121996,2.01399,0.42075,0.191558,0.921272,0.872692,0.997744,1.04554,-0.0638619,0.107539,2.61343,0.0471224,-1.49282,-1.35708,0.118084,2.77606,-0.0644304
-1.77337,-2.89349,-0.812259,-0.527328,0.84057,4.48123,1.59177,-0.562952,0.746696,-0.288174,-1.85294,0.736195,-0.106867,-0.385258,0.942457,0.478565,0.363795,3.96332,1.34595,0.869778,-0.511691,-1.03693,-1.06108,1.01653
-1.62544,3.63039,-1.54157,1.36211,-0.373886,-1.98322,-0.169829,0.720408,-1.03145,0.342403,-1.09116,0.631091,1.98892,0.796947,-2.53877,-1.73925,1.825,-1.59895,-2.66533,-0.0981795,0.935061,0.793618,1.45654,3.09015
-0.21706,7.49995,-1.09937,3.40578,2.014,-4.74852,-2.20002,2.075,-6.70194,1.64953,-0.391922,-2.01647,5.38555,1.6326,2.95891,-0.271984,2.76247,-3.00257,-5.54727,1.37253,0.232978,6.66861,4.29892,-0.641494
-1.19035,2.07528,-1.26326,-1.21783,1.57116,4.45112,0.755204,0.172666,2.86688,0.610962,-0.0254895,1.36167,1.12446,1.25396,0.894599,-0.164052,0.26472,3.78215,0.157454,-1.95344,-1.75955,-0.265821,3.57575,0.447727
-0.256553,6.52662,-1.6727,0.48002,2.01696,0.844083,-0.720503,0.925273,0.106933,1.4659,0.568419,0.599705,3.70379,1.86604,1.39615,-1.05871,1.51871,1.01506,-3.01886,-2.0745,-1.36031,2.9671,5.95056,-0.0464698
-0.458716,1.32597,-0.580167,-1.03491,1.32281,3.49335,0.424859,0.0556535,2.20062,0.465751,0.489837,0.783097,0.668663,0.874751,1.24449,0.232628,-0.26164,2.91792,0.437905,-1.62801,-1.43949,-0.152408,2.61493,-0.457704
-0.324083,3.33919,-0.615317,2.06168,0.0458992,-3.98245,-1.07398,0.911661,-3.60806,0.612256,-0.552152,-0.920346,2.20724,0.536797,-0.402898,-0.710853,1.61529,-3.0589,-3.07559,1.10351,1.08396,2.62206,0.88605,0.971179
-0.991552,0.309824,-0.899629,-0.508742,1.49128,3.85613,0.750533,0.0727903,1.01851,0.38832,-0.635819,0.719586,0.981468,0.516176,1.76836,0.383075,0.353175,3.25816,0.322093,-0.350094,-1.17931,0.327496,1.72155,-0.0648166
-0.955275,6.4412,-1.55512,-0.201243,-1.04214,-1.76055,-0.374135,0.827318,3.45731,0.628619,0.951712,1.97288,1.07619,1.83499,-4.81187,-2.92326,0.959636,-2.12828,-2.45903,-3.51022,0.171657,-1.01739,4.12116,3.37909
-2.19907,3.91403,-2.52036,-0.551093,-0.172195,1.87162,0.841263,0.151563,3.55233,0.289811,-0.33152,2.91537,1.09639,1.27031,-3.69918,-1.68068,0.829898,1.42273,-0.898679,-2.54005,-0.329815,-1.83884,2.88679,3.78985
-0.22098,-0.827547,-0.00396056,0.189884,0.50798,0.718231,0.166259,0.0270951,-0.885028,-0.0670888,-0.460138,-0.266442,0.371387,-0.17593,1.09441,0.513837,0.196897,0.717668,0.19605,0.713092,-0.0260654,0.528202,-0.517812,-0.273288
0.354865,2.9647,-0.382997,-1.46803,-2.0223,-0.859737,0.12915,-0.0609531,4.7878,0.216711,1.52247,1.85143,-1.50219,1.09389,-4.58511,-1.82461,-0.730772,-1.61175,-0.0645381,-3.2278,0.470336,-2.37244,2.22956,2.07858
0.209986,-2.64056,0.410086,0.498226,1.23592,1.52925,0.152614,-0.266806,-2.77008,-0.0189207,-0.9192,-1.27531,0.301252,-0.72045,3.60654,1.68443,-0.0511178,1.80343,0.662713,2.16901,-0.311956,1.48474,-1.44613,-1.88727
1.17209,-4.22123,1.4293,-0.461253,0.643339,1.29838,0.0461458,-0.781225,-1.17901,-0.476829,0.174569,-1.20135,-1.33776,-1.07406,3.24205,1.94649,-1.23031,1.32885,2.22972,1.57678,-0.449828,0.232305,-2.43506,-3.04671
-2.6076,-3.40786,-1.37986,-0.816766,-0.378741,4.75708,2.19439,-0.763685,2.43168,-0.656569,-2.50138,1.75595,-0.802309,-0.489462,-1.81022,-0.59596,0.513582,3.91075,1.73359,0.521922,0.141895,-2.88616,-1.78209,3.39753
-0.608765,-0.62577,-0.223506,0.113898,-2.22938,-1.83945,0.463752,-0.194817,1.29304,-0.616228,-0.492384,0.85426,-1.33316,-0.440204,-4.30614,-1.50215,0.192875,-1.9566,0.020801,-0.282888,1.42225,-2.25065,-1.96991,2.94654
0.480203,-3.47341,0.765948,-0.891208,-0.763852,1.07313,0.685371,-0.744931,1.44445,-0.683378,0.240117,0.128676,-2.10057,-0.903099,-0.478476,0.471096,-1.14772,0.733502,2.1613,0.138415,0.144628,-1.9774,-2.46851,-0.342819
-0.880171,3.80288,-1.1604,-0.879952,0.929527,2.32525,0.17058,0.416753,2.75775,0.669444,0.466991,1.47382,1.32537,1.43252,-0.358491,-0.891801,0.392666,1.78174,-0.752139,-2.40593,-1.2913,-0.0774327,3.98724,0.905305
-1.43894,3.39403,-1.93039,0.0196709,0.84907,2.07091,0.363892,0.718361,1.79267,1.01262,-0.487581,1.10949,1.68841,1.03839,-0.432807,-0.603346,1.11894,1.23827,-0.858913,-1.5052,-0.731685,0.41168,3.44393,1.57019
-0.50627,2.15303,-0.602753,0.041621,-0.738634,-1.16199,-0.143199,0.251801,1.23074,0.123699,0.108707,0.811332,0.200263,0.436292,-2.6033,-1.31579,0.481307,-1.15242,-0.91297,-1.17155,0.422879,-0.745524,1.13299,1.79071
-0.485733,-2.16682,0.0767313,-0.0479615,-1.30585,-0.374165,0.660232,-0.55317,0.576237,-0.547711,-0.746317,0.422868,-1.30068,-0.775255,-2.20413,-0.496097,0.00890135,-0.480745,0.803793,0.470659,0.914308,-1.90339,-2.33944,1.80997
-0.051113,-0.0309866,-0.206881,0.180318,-0.176281,-0.118854,-0.153245,-0.118882,-0.984245,0.326853,-0.146817,0.00527262,0.363501,-0.211232,0.560574,-0.00513142,0.0541562,-0.497391,-0.16371,0.420891,-0.11306,0.469487,-0.474655,-0.440541
-0.394939,2.2358,-0.718511,-1.57359,-1.10809,0.77235,0.396996,0.0108579,5.11561,-0.0056083,1.21764,2.12017,-1.09644,0.90663,-3.81719,-1.88858,-0.513155,-0.020221,0.364614,-3.29117,-0.334276,-2.8668,1.94206,2.11545
-1.04345,3.19775,-1.08042,1.9751,-1.31429,-4.40968,-0.542569,0.761666,-1.95683,0.244535,-1.00807,0.151931,1.45513,0.391191,-3.5822,-1.97749,1.83366,-3.64148,-3.01068,0.503706,1.8254,0.756577,0.158328,3.39696
-1.44284,-2.55232,-0.713645,-0.324939,1.33536,4.45187,1.24364,-0.373844,-0.192303,-0.0863438,-1.7241,0.251627,0.511644,-0.212486,2.30086,1.12346,0.446787,4.01229,1.20833,1.12595,-0.844853,0.110046,-0.550174,0.0184029
0.747878,-0.290672,0.491296,-0.936924,0.04948,0.738769,-0.0107498,-0.184868,1.41183,-0.0956276,1.04455,0.194918,-0.809238,0.00996883,0.22942,0.305744,-0.935698,0.383586,0.884664,-0.957126,-0.697805,-0.661112,0.288408,-1.03441
1.26819,1.10561,0.562798,-1.17606,0.501291,0.704915,-0.284336,0.014075,1.99891,0.20397,1.7112,0.255049,-0.492157,0.444214,0.812869,0.207388,-1.19262,0.436565,0.688079,-1.8355,-1.08727,-0.217283,1.85071,-1.8499
1.909,-0.80588,1.66355,0.0284859,-0.308254,-2.07612,-1.02765,-0.276695,-1.51395,-0.135042,1.3201,-0.896766,-0.153376,-0.725354,1.18153,0.970324,-1.02809,-1.98783,0.686035,0.625876,-0.351352,0.833741,-1.07827,-2.30436
0.250461,-3.97223,0.723253,0.766589,0.911366,0.94236,0.183596,-0.416016,-3.63219,-0.21373,-1.21513,-1.63771,-0.021372,-1.17502,3.72634,2.06167,-0.143121,1.2741,1.0791,3.00285,0.0912335,1.49943,-2.64785,-2.17179
-0.620428,-1.14576,-0.390465,-0.683721,0.930148,3.45986,0.735801,-0.252254,1.30237,0.0218699,-0.40721,0.430696,-0.064954,0.0959083,1.40013,0.556509,-0.190422,2.99308,1.07553,-0.116883,-0.884464,-0.330333,0.415242,-0.349864
-1.15031,3.40661,-1.21206,1.18656,-0.00106924,-1.51501,-0.289632,0.670682,-0.956072,0.561894,-0.580984,0.320537,1.78931,0.893986,-1.19063,-1.14002,1.53116,-1.15703,-2.38388,-0.218046,0.419454,1.24331,1.83354,1.87942
-0.138037,0.0534265,-0.273519,-1.97391,-0.470969,2.68222,0.81732,-0.450987,4.79484,-0.237085,0.78751,1.80473,-1.41313,0.421571,-2.12985,-0.830394,-0.913042,1.65403,1.44128,-2.5963,-0.77583,-2.87707,1.09414,0.89096
0.0363281,4.00034,-0.63673,0.380311,-0.201167,-1.91121,-0.646041,0.613652,0.334224,0.522861,0.734526,0.320376,1.16214,1.03085,-1.48645,-1.15079,0.624708,-1.73058,-1.79064,-1.3633,0.153893,0.609659,2.44192,0.815555
-1.42208,6.03579,-1.77061,2.87204,1.36212,-2.94928,-1.13287,1.5622,-4.68583,1.32067,-1.32907,-0.758278,4.54717,1.47186,0.956663,-0.890936,3.04636,-1.96724,-4.68198,1.09455,0.562578,4.53591,3.335,1.46028
-0.148771,4.87435,-0.774726,0.988389,0.38665,-2.27629,-0.993193,1.001,-1.01479,0.761844,0.410079,-0.124233,2.23189,1.23213,-0.4364,-0.983214,1.12634,-1.75843,-2.71166,-0.887357,0.0560486,2.09529,3.17779,0.638886
1.37352,-6.12357,1.75581,-1.59288,-1.40894,0.979683,0.834547,-1.31853,1.89859,-1.15518,0.594455,-0.198165,-3.84807,-1.76734,-0.48636,0.988517,-2.23525,0.458388,3.72274,0.394696,0.221755,-3.23994,-4.37852,-1.36364
0.467406,3.97966,-0.272094,0.109814,1.61531,0.00886567,-0.907912,0.707608,-0.350264,0.914928,1.17331,-0.357053,2.03692,1.30972,2.18052,0.207003,0.261936,0.198489,-1.69001,-1.12154,-1.08314,2.3832,3.8514,-1.68623
-0.359712,1.6201,-0.498262,0.710738,0.208122,-0.841179,-0.299571,0.43976,-0.952209,0.291188,-0.362055,-0.0594336,1.05834,0.368713,-0.162386,-0.279504,0.797959,-0.573259,-1.08166,0.145303,0.187159,0.899331,0.799089,0.58185
0.135864,1.57556,0.0911218,0.890161,0.692706,-1.32306,-0.715891,0.489481,-2.27056,0.454812,-0.0111173,-0.824555,1.48229,0.29612,1.43877,0.278147,0.60551,-0.733158,-1.38045,0.596437,0.0500083,2.06752,0.908167,-0.823362
-0.885274,-6.29,0.196551,-0.202891,1.24418,4.81294,1.49969,-0.914854,-1.43582,-0.506453,-2.05226,-0.570742,-0.78347,-1.45381,3.66429,2.29912,-0.351763,4.46398,2.66725,2.82042,-0.548695,-0.191393,-3.35054,-1.28419
-2.02593,4.70455,-2.22163,-0.362169,0.708499,2.25723,0.604847,0.721817,2.95269,0.739994,-0.409657,2.10733,1.93052,1.82004,-1.98086,-1.783,1.33363,1.7107,-1.64922,-2.58686,-0.853987,-0.462393,4.19788,2.9862
0.567642,-2.45138,0.686305,-1.33283,0.80147,3.17859,0.51281,-0.658451,1.65608,-0.189648,0.499779,0.131093,-1.21107,-0.417711,2.0429,1.21965,-1.33288,2.60914,2.22803,-0.353238,-1.09472,-0.862074,-0.267815,-1.94493
-3.48032,6.8843,-3.43145,-0.19217,0.0340265,2.38172,0.971327,0.952546,4.41948,0.914475,-1.0862,3.41941,2.60673,2.40453,-4.72664,-3.30418,2.3096,1.50454,-2.82707,-3.57031,-0.395632,-1.25179,5.522,5.8679
-1.37388,3.46682,-1.46298,1.36521,0.803673,-0.654796,-0.361543,0.873617,-2.09685,0.786116,-1.22302,-0.053291,2.67466,0.938418,0.203216,-0.739284,1.87089,-0.216469,-2.58541,0.408154,0.164159,2.18498,2.14485,1.60702
-1.365,9.31399,-2.82135,2.03365,1.56044,-2.42575,-1.36772,2.17386,-2.45482,1.70549,-0.393877,0.528817,5.21161,2.61504,-0.0762302,-1.9238,2.91174,-1.84491,-5.80152,-1.60701,0.180789,3.79912,6.10394,1.93699
-0.735629,-0.527259,-0.515047,-0.606055,0.420479,2.35996,0.727456,-0.199472,1.41408,-0.0781763,-0.46526,0.651318,-0.0829367,0.0938587,0.109272,-0.032416,0.00706524,1.91419,0.649212,-0.511086,-0.530461,-0.722118,0.346673,0.504529
0.631602,-6.93206,1.26887,0.278107,0.132705,0.836276,0.401721,-1.07601,-2.2469,-0.606182,-1.15506,-1.28405,-2.36408,-1.92848,2.3779,2.47002,-0.950692,0.95737,2.88487,3.37397,0.0966495,-0.331973,-4.99898,-1.85751
-0.751697,2.84843,-0.851751,1.51632,0.0904426,-2.30145,-0.618016,0.79449,-2.26694,0.471327,-0.817942,-0.360415,2.06166,0.555793,-0.65774,-0.898585,1.5435,-1.65624,-2.56494,0.597463,0.654056,1.79348,1.02821,1.53002
0.654955,2.21753,0.0574341,1.45883,0.255641,-3.87003,-0.808677,0.240513,-3.03717,0.638477,0.439508,-1.4119,1.16862,0.181674,0.675087,-0.280905,1.21022,-2.80094,-2.22767,1.01083,0.885704,2.3913,0.185692,-0.678642
1.6255,-0.904017,1.18814,-0.476968,0.329036,-0.626327,-0.598088,-0.112177,-0.450223,-0.132134,1.25274,-0.934658,-0.727354,-0.261114,1.9733,1.11152,-1.13109,-0.482422,0.867423,-0.00119019,-0.330321,0.469072,-0.313597,-2.64822
1.20761,3.13908,0.567435,2.27763,-0.050394,-5.94716,-1.91129,0.983241,-4.80227,0.506553,0.527683,-2.00546,1.77044,0.179275,0.632883,-0.187918,0.861424,-4.57057,-3.03813,1.45518,1.07388,3.50356,0.311592,-1.06933
-0.368246,3.03558,-0.675773,0.43407,0.738621,-0.292849,-0.448598,0.700123,-0.449409,0.573629,0.0519819,0.143714,1.64558,0.951829,0.353591,-0.393097,0.848882,-0.131855,-1.5101,-0.636646,-0.288687,1.49087,2.40915,0.276358
1.65737,-3.17756,1.47342,-1.40956,-0.31731,1.37227,0.637464,-0.530815,3.00477,-0.806113,1.39959,0.0968513,-2.71363,-0.68142,0.0552257,1.17401,-2.07105,0.923316,3.20982,-0.834771,-0.375332,-2.54448,-1.7189,-2.35054
-1.99177,-1.07704,-1.12517,-0.257306,0.874431,3.15143,1.07213,-0.187622,-1.07531,-0.168682,-1.96033,0.199693,0.764165,0.224498,1.57768,0.521188,0.930595,2.58916,0.206586,1.13592,-0.12066,0.232826,-0.446944,1.17655
2.52767,-3.24624,2.35577,0.979543,0.253544,-3.03153,-1.21462,-0.320542,-4.57674,-0.309111,0.748582,-2.78512,-0.648416,-1.35799,3.82061,2.20979,-1.0939,-2.15303,0.697024,2.80185,0.526835,2.22374,-3.18175,-4.33081
-0.196572,0.164185,-0.0688069,-0.371681,-0.705412,-0.102349,0.200319,-0.0729444,1.28207,-0.170574,0.106968,0.574513,-0.505191,0.0469092,-1.4636,-0.64014,-0.168608,-0.414209,0.157869,-0.672425,0.165696,-1.05563,-0.0519962,0.839417
-0.250231,0.901574,-0.367198,0.386452,0.44901,0.291373,-0.0318212,0.262233,-0.637014,0.238839,-0.251041,-0.129531,0.856905,0.339309,0.648096,0.0202406,0.521164,0.449759,-0.571432,0.161069,-0.125459,0.828128,0.759579,0.0256975
0.709506,-4.21682,1.08226,0.543066,-1.19485,-1.87696,0.0890438,-0.558563,-2.27055,-0.730169,-0.616342,-1.1985,-1.50169,-1.61238,0.00702844,0.779236,-0.379653,-1.49453,0.981104,2.46483,1.27312,-0.424095,-4.23572,-0.493387
-0.0526597,-0.517801,-0.0120578,0.590831,3.14846,3.30448,-0.101029,0.259271,-3.41951,0.655412,-0.760521,-1.45281,2.26122,0.214301,6.3909,2.34953,0.459482,3.49874,-0.0312389,1.69022,-1.51919,3.48746,1.32308,-3.21426
-0.0475819,2.67881,-0.430829,0.130137,-0.560451,-1.55555,-0.495875,0.365811,0.857836,0.252431,0.43324,0.54475,0.421208,0.565646,-1.89122,-1.11935,0.31441,-1.47878,-1.16077,-1.18234,0.232513,-0.0971832,1.44142,1.20035
0.581511,-2.13088,0.939182,1.21374,0.225811,-1.98465,-0.772541,-0.307914,-4.47771,-0.499459,-0.82017,-1.26115,-0.133419,-1.05388,1.75157,1.10781,0.356498,-1.1534,-0.319984,3.03986,1.39236,1.65938,-2.67772,-0.85803
-0.853446,-1.22989,-0.466959,0.560565,1.49629,2.24377,0.403063,0.055691,-2.06399,0.162089,-1.30658,-0.556994,1.166,-0.209962,2.88353,1.09036,0.59969,2.31346,0.108118,1.55764,-0.420502,1.47382,-0.196299,-0.598102
1.40785,-2.35767,1.26858,0.592307,-0.466165,-2.47959,-0.586515,-0.155428,-2.61979,-0.402463,0.211329,-1.50892,-0.853184,-1.04227,1.1626,0.958767,-0.617699,-1.91546,0.413255,1.72058,0.801539,0.737629,-2.63772,-1.87936
2.12101,-0.250854,1.20962,-0.31515,-0.628479,-2.94621,-0.856984,-0.486523,0.158485,-0.145614,1.84599,-0.859122,-1.45837,-0.463183,-0.0644275,0.17026,-1.37969,-2.4505,0.0771977,-0.445946,-0.110866,0.16665,-1.01563,-1.23604
2.29898,-6.57377,2.53692,-1.7507,-1.13695,0.442556,0.405044,-1.41298,1.34212,-1.23544,1.38185,-0.815811,-4.15827,-1.95272,0.811609,1.81367,-2.91945,-0.0200458,4.1093,0.688036,-0.00444813,-2.51442,-4.46486,-3.05631
0.160351,2.29059,-0.356982,-0.712416,1.23271,1.78093,-0.11765,0.368981,1.48828,0.562648,0.966969,0.413684,0.862293,0.916672,1.41283,0.165276,-0.303393,1.55961,-0.24192,-1.69967,-1.37016,0.639229,3.05155,-1.05239
0.794062,-5.38042,1.45334,0.32237,-1.28105,-1.3526,0.199663,-0.88513,-2.00221,-0.987161,-0.66973,-1.124,-2.19766,-1.85563,0.144336,0.997186,-0.855354,-1.10183,1.79012,2.67324,1.25299,-0.906896,-4.98859,-0.714954
-1.26292,1.58843,-1.25479,-0.067585,1.75319,3.31109,0.485701,0.298225,0.383941,0.57206,-0.779895,0.545505,1.84241,0.885756,1.86463,0.336973,0.83291,3.09077,-0.454371,-0.398323,-1.21653,1.09567,2.50399,0.248173
-0.44341,-4.82404,0.991626,-1.25807,0.598012,3.51683,0.741285,-0.760261,0.866616,-0.786349,-0.768988,0.183036,-1.66717,-1.05191,2.11284,1.69463,-1.43477,3.28089,2.67294,1.4134,-0.673481,-1.50199,-2.20055,-1.33384
1.88933,2.95827,0.998351,1.09646,0.223335,-4.33737,-1.84692,0.688921,-2.57739,0.487971,1.51903,-1.44368,0.88954,0.358827,1.35417,0.24938,-0.096916,-3.5095,-1.76248,0.0598551,0.202174,2.66477,1.28935,-2.26553
-1.01719,1.40287,-0.965399,0.323127,1.18281,1.86829,0.231762,0.290556,-0.393405,0.472207,-0.687473,0.340791,1.54379,0.593607,1.27626,0.0265193,0.871377,1.81187,-0.762459,-0.015932,-0.676531,1.19721,1.80004,0.333167
1.58763,-3.74989,1.63308,-1.59947,-0.0446236,1.70429,0.335486,-0.816199,1.78927,-0.574522,1.2373,-0.302045,-2.48421,-0.835812,1.33832,1.33444,-1.99534,1.18472,2.90065,-0.349585,-0.68155,-1.66383,-1.77337,-2.63407
0.56917,1.20219,0.228931,-0.0170133,-0.286165,-1.23889,-0.594825,0.264777,0.0862375,0.0968947,0.679253,-0.16801,0.0665705,0.303658,-0.268069,-0.196126,-0.119796,-1.10532,-0.511451,-0.669756,-0.0107299,0.220765,0.743141,-0.441215
-0.275791,-3.29308,0.319027,-0.173813,-1.35445,-0.117886,0.72028,-0.641522,0.552263,-0.71412,-0.671084,0.25689,-1.7552,-1.02132,-1.76453,-0.191679,-0.329101,-0.401031,1.3725,0.855948,0.80614,-2.05495,-3.1263,1.0248
0.168528,5.27299,-0.560607,2.04914,-1.05727,-6.3074,-1.65855,1.12495,-2.73638,0.626053,0.270878,-0.598063,1.9003,0.802652,-2.6162,-1.75178,1.57131,-5.25199,-3.80992,-0.0632367,1.53982,2.02331,1.50897,1.71204
0.008173,4.22051,-0.654881,-0.931178,0.371963,0.90649,-0.199085,0.419862,3.3988,0.60634,1.36406,1.39304,0.706891,1.49046,-1.144,-1.04369,-0.189638,0.416449,-0.799206,-3.01943,-1.16538,-0.509819,3.98256,0.330434
0.999816,-2.00717,0.991903,-1.32143,-2.16972,-0.958805,0.240629,-0.776343,3.19533,-0.739366,1.17429,0.746319,-3.06845,-0.720413,-3.32692,-0.762078,-1.543,-1.46204,1.95753,-1.17536,0.664315,-3.28908,-2.1047,0.59614
1.74939,-1.34156,1.27491,1.76249,-1.35533,-5.63346,-1.05461,-0.119797,-4.26078,-0.6821,0.024889,-1.92472,-0.387881,-1.26066,0.038054,0.247158,-0.175121,-4.42586,-0.975503,3.00411,1.85705,1.22418,-3.27218,-0.819637
0.0347542,2.35571,-0.382482,-1.78506,-1.58555,0.110933,0.341736,-0.0881431,5.62641,-0.13758,1.75251,2.25512,-1.55117,0.850178,-4.53996,-1.88103,-0.861844,-0.805072,0.56948,-3.6332,-0.280382,-3.38643,1.76181,2.05394
-2.14896,3.97023,-2.02364,1.32488,0.0694111,-0.594861,0.0790632,0.880865,-0.668118,0.590884,-1.49924,0.879817,2.60954,1.07474,-1.97634,-1.66764,2.29184,-0.512938,-2.88799,-0.20285,0.525351,1.03375,2.15281,3.42899
0.0315337,-0.137662,0.157575,1.24069,-1.22065,-3.43032,-0.559366,0.0601005,-1.9411,-0.262926,-0.452339,-0.484547,-0.12596,-0.535749,-1.8789,-0.626484,0.553414,-2.85204,-1.03703,1.24721,1.51244,0.19192,-1.83394,1.12057
-1.2671,3.83309,-1.44693,-0.727917,-0.0757227,1.22729,0.374208,0.425444,3.62828,0.508408,0.240267,1.94298,0.757077,1.43284,-2.87293,-1.76534,0.498363,0.669192,-0.975966,-2.74482,-0.552153,-1.25859,3.32828,2.53881
0.0244603,-1.55827,0.00295508,-1.9161,2.40252,6.3804,0.902068,-0.450779,2.4035,0.241613,0.564456,0.536801,-0.0474572,0.466237,4.16791,1.71732,-1.15336,5.4029,2.21042,-1.12556,-2.51486,-0.114545,2.03389,-2.69369
0.184784,4.29224,-0.44712,-0.250774,0.227652,-1.03565,-0.579058,0.677306,1.46838,0.659679,1.3138,0.604156,1.06182,1.37012,-1.02716,-0.929619,0.127802,-1.03266,-1.45658,-2.17446,-0.46877,0.506317,3.28039,0.252496
-0.770944,5.3849,-1.55176,3.07032,2.14408,-3.27312,-1.61614,2.09786,-6.64452,1.42034,-1.33719,-1.76317,5.24435,1.22619,3.84363,0.309604,3.2844,-2.14248,-4.83644,2.51396,0.112406,6.44584,3.26077,-0.398929
-0.868311,3.21014,-1.05346,0.0949031,0.265214,0.175257,-0.117166,0.513958,1.02941,0.439911,0.0877351,0.842901,1.28407,0.967487,-1.15679,-1.13187,0.726224,0.0903848,-1.37056,-1.34122,-0.284974,0.251304,2.54009,1.39953
1.68828,-0.249903,1.24516,0.0861457,-0.996491,-3.0381,-0.790075,-0.0272041,-0.382354,-0.228223,1.34798,-0.725109,-1.22931,-0.471862,-0.789121,-0.0127354,-0.939083,-2.69294,0.194938,-0.03424,0.634225,-0.21492,-1.14045,-1.15824
0.66671,1.83457,0.0753424,-0.626506,-0.496686,-0.952643,-0.427841,0.0562666,2.02406,0.124918,1.31932,0.576008,-0.524622,0.449098,-1.46533,-0.832103,-0.606153,-1.13983,-0.0555602,-1.81846,-0.223374,-0.770262,1.35432,0.00709702
-0.0532625,-3.0577,0.468402,-0.826395,-0.89931,1.28588,0.573421,-0.662342,1.09205,-1.14322,-0.396008,0.156831,-2.20121,-1.05031,-0.53107,0.484164,-0.787884,0.699796,1.93642,0.765333,-0.0394705,-2.2286,-2.26832,0.200056
-1.68536,1.72051,-1.47457,-0.14899,0.312624,2.17989,0.691235,0.149655,1.63164,0.245632,-0.901781,1.33137,0.959053,0.773343,-1.12754,-0.951031,0.916533,1.76134,-0.53241,-0.985969,-0.327228,-0.45285,1.83401,2.26418
-0.838577,-1.75922,-0.420597,-1.85881,0.342863,5.08439,1.42872,-0.671853,4.04918,-0.200308,-0.165334,1.55099,-1.1504,0.0962272,-0.183262,0.124176,-0.660892,3.98813,2.21581,-1.469,-1.1624,-2.53215,0.58483,0.573095
-0.10164,1.03483,-0.240731,-0.407084,0.240696,0.485214,0.0688696,0.140374,0.966581,0.136575,0.399488,0.568972,0.164481,0.509725,-0.140614,-0.287083,0.0254138,0.367308,-0.0453614,-0.998716,-0.470328,-0.2201,1.21691,0.0756614
-2.72952,-1.04012,-1.86845,-0.348718,-0.663264,3.08701,1.64924,-0.340955,2.41673,-0.291945,-2.14754,1.89872,-0.126041,0.0206486,-3.01636,-1.3224,1.09463,2.42097,0.377114,-0.256824,0.309121,-2.35739,-0.613387,4.29465
1.5965,-1.8544,1.35737,-1.36479,-1.00183,-0.312044,-0.068688,-0.628129,2.29412,-0.590014,1.57876,0.0600645,-2.30351,-0.513794,-0.636256,0.355679,-1.85032,-0.533317,1.95964,-1.12388,-0.261629,-1.97873,-0.992802,-1.51152
-0.323485,1.72504,-0.386874,0.824724,-0.317799,-1.81096,-0.299001,0.50189,-0.922365,0.254402,-0.214924,-0.0946625,0.854146,0.228845,-1.06905,-0.700462,0.773637,-1.60418,-1.40878,0.148075,0.62399,0.637327,0.527832,1.0563
1.98141,-4.78227,2.00246,-1.46077,-1.16744,0.259765,0.238932,-1.08762,1.6957,-0.985184,1.2717,-0.374383,-3.49189,-1.38502,-0.0211199,1.09826,-2.28745,-0.145393,3.13833,0.08412,-0.00242902,-2.45532,-3.36107,-2.24961
2.4038,-1.03757,1.8111,0.568179,-0.825095,-4.06924,-1.34559,-0.110996,-2.39111,-0.251356,1.33659,-1.75944,-0.948269,-0.898031,0.937319,0.755068,-1.0134,-3.2962,0.0660954,1.05482,0.857808,0.955767,-2.01603,-2.72149
0.423823,-5.21327,0.918888,-0.0328849,2.35773,3.91972,0.518036,-0.612298,-3.03278,-0.20946,-0.898118,-1.8369,0.0121699,-1.15475,6.5401,3.28819,-0.690056,4.04701,2.12731,2.95315,-1.21323,1.77967,-2.05003,-3.89633
-2.94741,6.82734,-3.04342,1.67907,1.12855,0.0581749,-0.0010712,1.52626,-0.813169,1.26822,-1.65177,1.26135,4.28638,1.99678,-1.46204,-1.98361,3.12418,0.272447,-4.12971,-0.837994,0.000713611,2.16508,4.82939,3.92069
-2.58426,6.21112,-2.46321,2.22084,-0.887033,-3.35217,-0.376237,1.33481,-1.12887,0.650501,-1.61757,1.25464,2.97665,1.4504,-4.50479,-3.15257,3.0617,-2.73456,-4.47824,-0.483606,1.47044,0.980808,2.64406,5.3907
2.11958,2.02719,1.11414,1.49924,0.259634,-5.07374,-1.91578,0.652635,-4.08359,0.430383,1.24608,-2.11491,1.04176,-0.0191407,1.98295,0.725538,-0.0623748,-3.74977,-1.79481,1.12347,0.456193,3.08669,0.244876,-2.73065
-1.56376,6.24696,-1.87845,2.12365,0.584779,-2.70176,-0.953628,1.45975,-2.69515,0.995889,-0.865912,0.104632,3.83857,1.54614,-0.999226,-1.65232,2.52473,-2.02805,-4.30686,-0.105361,0.519878,2.92107,3.50136,2.44198
-0.531331,2.64847,-0.762158,0.418262,0.023495,-0.710148,-0.26319,0.376058,0.150278,0.254412,-0.0952016,0.399968,1.06476,0.751909,-1.03427,-0.923359,0.845275,-0.690463,-1.30814,-0.60196,0.0984689,0.497716,1.60517,1.23094
-0.6307,0.0888971,-0.00537891,1.63731,-0.812565,-3.03501,-0.196852,-0.00349953,-3.58693,0.295703,-1.62474,-0.679576,1.17416,-0.199593,-0.553029,-0.684908,1.59601,-2.16585,-1.44171,2.238,1.15183,1.00244,-1.68968,1.62658
-0.798923,-0.733756,-0.461393,-0.672399,0.188136,2.16465,0.648389,-0.195472,1.35245,-0.080162,-0.417977,0.7391,-0.231603,0.0709114,-0.187309,-0.0374343,0.0388373,1.85013,0.628845,-0.353675,-0.479186,-0.92455,0.191215,0.736039
1.07008,-3.52641,1.2996,-0.23763,-0.0513196,0.258965,0.0831611,-0.502774,-1.05381,-0.439594,0.179658,-1.03025,-1.3184,-1.15106,1.7518,1.33843,-1.12078,0.249265,1.7016,1.33807,0.104406,-0.0816173,-2.47215,-2.05252
0.0839654,1.3497,-0.18724,-0.266539,0.445284,0.419469,-0.181282,0.169556,0.586199,0.261311,0.361107,0.172422,0.443906,0.505692,0.429495,-0.0925832,-0.000237191,0.388167,-0.270316,-0.758329,-0.488398,0.345595,1.40181,-0.325132
0.777813,-2.89551,1.12643,0.0145799,1.36983,0.475863,-0.312344,-0.0050675,-2.89417,-0.265093,-0.224788,-1.55219,-0.176757,-0.649054,3.56495,2.10983,-0.431899,1.15359,0.497955,2.26727,-0.0675085,1.62495,-1.99136,-2.85552
-0.701063,-1.84619,-0.310506,-0.00887471,-0.758398,0.620469,0.714729,-0.404625,0.477546,-0.466169,-0.939114,0.420353,-0.772087,-0.508579,-1.37345,-0.363297,0.162933,0.377498,0.612264,0.491589,0.568604,-1.28536,-1.61721,1.40299
-0.0242583,1.57923,-0.346352,1.40574,0.250578,-2.26794,-0.612481,0.539673,-2.99798,0.283335,-0.490544,-0.881683,1.51611,0.23519,0.599399,-0.0833769,1.09736,-1.56905,-1.79784,1.19638,0.573113,2.09334,0.388176,0.0512596
0.443576,-1.63466,0.610487,0.846057,-0.520763,-2.03776,-0.267985,-0.041251,-2.29649,-0.281087,-0.348778,-1.0616,-0.429499,-0.752314,0.204304,0.496156,0.0254471,-1.41862,-0.0228116,1.72329,0.898051,0.496032,-2.17905,-0.384083
2.74038,-6.26494,2.81769,-0.698797,-1.00384,-1.46213,-0.317284,-1.16673,-0.940764,-1.04852,1.27255,-1.74068,-3.51522,-2.09511,1.6079,1.98474,-2.48453,-1.33138,3.12188,1.69745,0.50296,-1.27649,-5.02253,-3.69617
-0.861102,-0.0888017,-0.526606,-0.447532,-0.734477,0.907708,0.710001,-0.192627,1.89224,-0.261982,-0.406278,1.03495,-0.582437,0.0130523,-2.10362,-0.767069,0.173636,0.539145,0.323736,-0.819536,0.255604,-1.61742,-0.118971,1.89248
-1.05171,-2.49912,-0.481028,-0.514789,-0.0450568,2.65712,1.05643,-0.563426,0.888011,-0.31561,-1.1384,0.574158,-0.543673,-0.462626,-0.239672,0.118623,0.148313,2.21867,1.29907,0.504407,0.00318082,-1.32179,-1.36874,1.15688
-0.43268,0.854292,-0.387054,-1.37934,-0.772291,1.34742,0.510022,-0.228591,3.95635,-0.160882,0.736938,1.5884,-1.06596,0.437727,-2.52656,-1.03484,-0.613842,0.574032,0.736834,-2.24181,-0.319231,-2.2848,1.15509,1.31669
-1.14543,-2.35979,-0.623796,-1.86785,-1.33103,3.43247,1.71187,-0.779233,5.08222,-0.763876,-0.398728,2.30102,-2.25486,-0.233264,-3.56192,-1.0283,-0.665625,2.2405,2.22318,-1.70322,-0.0724895,-4.27181,-1.07527,2.65604
0.413891,4.99786,-0.310875,0.368345,-0.597176,-3.33446,-1.14325,0.885489,0.636145,0.542391,1.38161,0.373842,1.16527,1.22831,-2.31452,-1.50163,0.420709,-2.99567,-2.24625,-1.9948,0.180982,0.621943,2.91151,0.885475
0.357283,6.91752,-0.70728,1.57654,0.427326,-4.24454,-1.76541,1.38969,-1.97195,1.0338,0.991257,-0.471254,2.96713,1.62243,-0.338497,-1.23563,1.38939,-3.49779,-3.9034,-1.10568,0.151565,3.2396,4.02563,0.217218
0.501609,-4.55342,0.977075,0.0517084,1.32569,2.29447,0.3479,-0.508045,-2.47686,-0.319865,-0.717018,-1.53252,-0.541127,-1.25416,4.24871,2.37954,-0.612156,2.30367,1.81658,2.41836,-0.512991,1.03413,-2.51405,-2.79332
-1.17727,2.84142,-1.24111,0.585329,1.32015,1.22163,-0.0741241,0.638252,-0.57404,0.705493,-0.644533,0.433411,2.25977,1.00612,1.13646,-0.261857,1.21546,1.25658,-1.69406,-0.245495,-0.691441,1.66623,2.66425,0.70783
1.74879,-0.130326,1.30411,1.80115,-1.37007,-6.52339,-1.42989,0.355504,-4.08844,-0.199994,0.516684,-1.99384,-0.376915,-0.8962,-0.721985,0.0253032,0.0582822,-5.29714,-1.39686,1.88542,1.88112,1.47955,-2.57915,-0.899799
-1.13302,-4.26758,-0.27625,0.205444,-0.808797,2.13153,1.10407,-0.620847,0.0201304,-0.716178,-1.43502,0.30445,-1.14637,-1.42626,-0.144592,0.54938,0.267453,1.60842,2.02623,1.61025,0.756576,-1.95034,-2.87787,1.25836
1.28667,0.257635,0.749897,0.403553,0.676746,-1.29815,-0.832051,0.226184,-1.93021,0.222067,0.796679,-1.24087,0.304361,-0.0564967,2.22422,0.952467,-0.369771,-0.906489,-0.211154,0.600415,-0.253299,1.73241,0.228854,-2.26326
0.742622,5.4758,-0.276219,0.31775,-0.201154,-3.41763,-1.02928,0.890975,0.00042878,0.783439,1.1766,0.228171,1.60169,1.35358,-1.47209,-1.36088,0.400913,-3.02691,-2.93529,-1.69765,-0.30451,2.10284,3.23473,0.335134
-0.903326,4.31479,-1.24728,-0.173096,-0.119854,-0.34449,-0.126107,0.650167,2.1138,0.589717,0.356381,1.37619,1.26242,1.37551,-2.28388,-1.68679,0.80944,-0.372468,-1.63013,-2.25967,-0.211501,-0.172227,3.1741,1.99133
0.532528,3.53421,-0.135879,2.78806,-0.645886,-6.76454,-1.7761,1.09862,-5.06086,0.474269,-0.307886,-1.70604,2.08419,0.129941,-0.704465,-0.829409,1.56602,-5.28694,-3.59081,1.66532,1.84992,3.25938,0.0436038,0.581525
-0.389249,-3.56143,0.268798,-1.06093,-0.186571,3.0064,1.22858,-0.736788,1.58783,-0.576147,-0.423136,0.3883,-1.51387,-0.750393,0.225943,0.586073,-0.797877,2.28963,2.15707,0.301432,-0.337957,-1.79471,-1.76568,-0.0339077
0.188509,-3.9831,0.763427,0.487658,-0.175949,-0.12311,0.280521,-0.538834,-2.03998,-0.543262,-1.01131,-0.969799,-0.951376,-1.28414,1.14495,0.997196,-0.229034,0.16584,1.18316,2.29233,0.68693,-0.0843769,-3.37876,-0.657019
0.103051,1.3251,-0.00118994,-0.0742319,-0.811543,-1.45467,-0.266785,0.106619,1.02071,-0.0148566,0.59038,0.434732,-0.240708,0.191686,-2.09057,-0.983385,0.0409353,-1.61251,-0.532709,-1.02693,0.44091,-0.672684,0.526839,1.00948
0.339506,0.978738,0.114735,0.714945,0.656606,-1.07121,-0.600037,0.266663,-1.91021,0.319021,0.0938458,-0.806464,0.991948,0.232171,1.38609,0.352567,0.301837,-0.699196,-0.874252,0.550373,-0.0744865,1.73391,0.470206,-0.966663
-0.876073,0.477215,-0.69126,0.210852,0.96284,1.79717,0.321282,0.245791,-0.476318,0.332723,-0.775731,0.0447741,0.964636,0.234541,1.1215,0.183916,0.608985,1.6866,-0.422736,0.246784,-0.540543,0.855408,0.870728,0.184253
0.667072,-0.0756577,0.365572,-0.852409,0.410511,1.12516,-0.0213232,-0.250312,1.49072,0.0718691,1.03817,0.0755954,-0.469411,0.151398,0.903203,0.510835,-0.939534,0.899124,0.90393,-1.037,-0.88507,-0.385835,0.878093,-1.39057
-0.0771856,-1.54451,0.167964,-0.328258,-1.25788,-0.564551,0.34245,-0.445342,1.04142,-0.531125,-0.0210339,0.478144,-1.41438,-0.511533,-2.13848,-0.654528,-0.351482,-0.801767,0.866559,-0.000973152,0.696314,-1.79196,-1.78917,1.05526
1.41186,-1.97493,1.29814,-0.471891,0.227946,-0.141752,-0.315985,-0.408168,-0.538545,-0.146254,0.909591,-0.863531,-0.986901,-0.552908,1.83389,1.13226,-1.16474,-0.0671048,1.17905,0.511677,-0.294765,0.196045,-1.12618,-2.43415
-1.91461,2.62928,-1.8147,-0.0238388,0.69327,2.3927,0.651371,0.421033,1.34461,0.522852,-1.02355,1.41698,1.64538,1.09872,-0.741953,-1.01404,1.26375,1.95722,-1.18663,-1.04819,-0.547018,0.0420989,2.59544,2.38031
0.287588,-7.58671,1.53282,-3.38332,0.74083,7.63938,1.88411,-2.05289,5.28226,-1.1211,0.319935,1.0607,-3.67912,-1.71751,2.63946,2.19316,-3.07523,6.54815,5.48755,-0.866981,-1.96481,-4.05741,-2.36749,-2.68213
0.204634,4.93015,-0.523998,2.04308,1.56374,-2.98717,-1.57598,1.25227,-4.24879,1.02058,0.0133139,-1.33002,3.55139,1.15422,2.35923,0.102354,1.63648,-1.89678,-3.58994,0.675266,-0.123526,4.45328,3.10532,-1.02761
0.389269,-0.0744229,0.205091,-1.39346,0.859244,2.76628,0.252968,-0.222699,2.35253,0.104829,0.882326,0.389005,-0.396529,0.397973,1.34998,0.489602,-0.976037,2.12402,1.17912,-1.5651,-1.33644,-0.634975,1.49437,-1.47693
0.393577,-4.97463,0.955307,-1.08912,-0.466232,2.15875,0.964889,-1.07893,1.13438,-0.824852,-0.104346,0.0058949,-2.37443,-1.21106,0.511951,1.03743,-1.30502,1.69418,2.83983,0.703009,-0.158567,-1.9847,-3.10365,-1.03686
-1.09723,3.51446,-1.35105,-0.371001,0.585491,1.53372,0.149066,0.440182,2.1524,0.569757,0.0888075,1.34919,1.23917,1.22818,-1.10643,-1.19949,0.833625,1.1199,-1.0952,-2.01735,-0.685377,-0.182096,3.40499,1.62849
0.340592,-3.93433,0.780618,-1.44849,0.445693,3.64402,0.899119,-0.810659,1.83772,-0.491086,0.14575,0.2298,-1.77847,-0.69587,1.66827,1.30104,-1.36822,3.01199,2.88622,-0.0470133,-0.925431,-1.54749,-1.5376,-1.59961
1.34956,0.832365,0.929603,0.697231,0.309329,-2.77956,-1.13358,0.264866,-2.38596,0.159505,0.918552,-1.38641,0.504198,-0.107219,1.55289,0.571173,-0.18287,-2.20298,-0.880506,0.730214,0.215043,1.95518,0.00659457,-1.9702
-0.61823,-1.67868,-0.277483,0.0548672,0.185804,1.31034,0.564488,-0.222676,-0.405268,-0.192944,-0.967258,0.0647327,-0.0807441,-0.374688,0.48533,0.376017,0.262309,1.24103,0.398341,0.798468,-0.00874422,-0.193827,-0.939831,0.437113
0.194121,1.88394,-0.551491,0.739413,-0.885987,-2.54096,-0.493352,0.54243,-0.612501,0.112348,-0.0285993,-0.154343,0.360316,-0.113551,-2.43152,-1.18494,1.08231,-2.58046,-1.46535,0.247479,1.03236,0.505264,-0.354313,1.42048
-2.23694,2.28057,-1.84705,1.3256,0.291448,0.343908,0.405561,0.588865,-1.07064,0.380148,-1.90365,0.712217,2.15823,0.723043,-1.11245,-1.09035,1.98341,0.465233,-2.06252,0.613903,0.4643,0.804173,1.29735,3.10393
1.02855,4.96764,0.0748173,0.758812,-0.163624,-4.01526,-1.53492,0.898548,-0.598225,0.604758,1.57267,-0.389594,1.34173,1.16187,-0.839785,-0.960855,0.382961,-3.4307,-2.57547,-1.4295,0.224982,1.68807,2.79363,-0.289164
-0.710296,0.0730223,-0.79179,-1.62578,-0.414081,2.98619,0.8247,-0.0451999,5.2421,0.199842,0.524635,1.6709,-1.02164,0.731413,-2.25461,-1.0148,-0.703388,2.20289,1.13927,-2.77663,-0.855303,-2.16741,1.87133,1.25369
-1.4949,1.25249,-1.42335,-1.32638,1.64507,5.3654,1.06531,-0.0274286,3.10928,0.45025,-0.324368,1.48258,1.10896,1.17586,0.96796,-0.106387,0.225293,4.37508,0.602814,-1.80371,-1.61976,-0.65847,3.09042,0.677701
0.0624707,-0.344168,0.0595373,0.359517,0.231537,-0.243741,-0.130638,0.0401447,-0.973673,0.0483754,-0.141291,-0.44942,0.238414,-0.22157,0.717254,0.289411,0.185975,-0.118526,-0.150317,0.6953,0.1213,0.684176,-0.350071,-0.372518
0.16543,-2.04956,0.143541,-2.94524,0.0461597,5.1135,1.3224,-0.81108,5.88301,-0.384681,1.22315,1.76149,-2.34469,0.0369654,-0.563325,0.286558,-1.85367,3.73665,3.16498,-2.66685,-1.66189,-3.64393,0.688711,-0.426974
0.329183,0.346681,0.36109,1.66147,-0.546082,-3.72532,-0.830514,0.380379,-3.59309,0.0126498,-0.598222,-1.13718,0.689557,-0.474221,0.0190786,0.0295767,0.796625,-2.8836,-1.44425,1.73849,1.20507,1.72074,-1.47676,0.127979
0.866278,-0.764629,0.776678,0.621229,-1.43132,-3.68932,-0.579885,-0.00864482,-1.3042,-0.419494,0.406059,-0.720049,-0.883792,-0.551584,-1.58768,-0.322037,-0.247825,-3.22938,-0.260823,0.756305,1.3122,-0.349797,-2.12231,0.110877
-1.17745,-4.05699,-0.303572,-1.54611,-1.63211,3.0332,1.80546,-1.14878,4.06562,-0.968555,-0.822272,1.85012,-2.77456,-0.844712,-3.34544,-0.62047,-0.685399,1.99959,2.66296,-0.59705,0.269555,-4.36204,-2.70626,2.54485
-2.90113,5.661,-2.8189,0.186763,-0.370445,0.965078,0.636095,0.85454,3.08256,0.738328,-1.13601,2.67516,2.13429,1.87346,-4.49179,-2.91209,2.07385,0.443191,-2.57238,-2.67543,-0.0208709,-0.892312,4.15803,5.08381
-0.954688,7.7935,-1.78072,-0.831967,-0.116634,-0.0242867,-0.30979,1.04628,4.64578,0.975008,1.42243,2.46531,1.67122,2.45898,-3.776,-2.80654,0.786178,-0.576645,-2.28566,-4.60252,-0.8004,-0.637515,6.08213,2.7313
1.02499,-4.95511,1.4631,-1.09725,-2.03373,-0.539778,0.497571,-1.17576,1.58371,-1.22851,0.372144,0.0950984,-3.54976,-1.57734,-2.0203,0.299077,-1.71056,-0.920108,2.75631,0.435197,0.84205,-3.16814,-4.27589,-0.173979
-1.61809,1.07327,-1.19587,1.16287,-0.720446,-1.02436,0.299249,0.413599,-0.928615,0.0657673,-1.61707,0.512787,0.988985,0.079564,-2.25532,-1.21542,1.53645,-0.880564,-1.53435,0.746492,1.10882,0.103335,-0.347273,3.0283
0.407087,2.77398,-0.0264394,2.13392,0.152452,-4.37216,-1.47899,0.914193,-4.46762,0.502761,-0.328452,-1.50017,2.17279,0.274065,0.840888,-0.0828018,1.2592,-3.12567,-2.90088,1.58899,0.947838,3.24299,0.486992,-0.205925
0.695203,2.38178,0.230331,0.855594,-0.726465,-3.78951,-0.971169,0.479243,-1.27368,0.247087,0.794847,-0.598251,0.638637,0.290616,-1.13303,-0.759682,0.277707,-3.23723,-1.66683,-0.108598,0.682628,0.914688,0.609615,0.138997
2.71458,-4.06675,2.4988,-0.468577,-0.547395,-1.73053,-0.685514,-0.761534,-1.33369,-0.637347,1.47866,-1.8741,-2.23631,-1.47385,2.24342,1.90615,-2.0614,-1.45116,2.12463,1.26275,0.100584,-0.136877,-3.17595,-3.99902
0.472755,-5.73244,1.08899,-0.308381,-0.132999,1.84652,0.7432,-0.978255,-0.884193,-0.784958,-0.791594,-0.762083,-1.9556,-1.57916,1.65211,1.53213,-0.911945,1.63533,2.57203,2.16607,0.188953,-1.00771,-3.96684,-1.3048
-0.607552,1.23477,-0.779567,-0.818172,1.19739,3.06936,0.389161,0.157464,1.87267,0.410317,0.17297,0.822296,0.656592,0.765129,1.02041,0.00215885,0.0101879,2.6075,0.257776,-1.19084,-1.18741,-0.0727137,2.28014,0.0140646
-0.737319,-1.68587,-0.238556,-0.206182,0.0991883,2.11533,0.671931,-0.242964,0.491801,-0.23044,-0.83891,0.248297,-0.315476,-0.146954,0.250445,0.286817,0.0800142,1.63974,0.699476,0.367062,-0.121727,-0.735328,-0.739484,0.571993
-2.33841,0.575761,-1.79984,0.161092,1.48566,4.10723,1.12792,0.182961,0.33444,0.323558,-1.83303,0.996184,1.83753,0.733693,0.854799,-0.176792,1.37812,3.67648,-0.319992,0.0306832,-0.727539,0.362835,1.56853,1.83006
-0.808205,-0.785161,-0.394068,0.0741142,-1.50719,-0.854473,0.552726,-0.219417,0.93133,-0.454578,-0.713313,0.699728,-1.03118,-0.410096,-3.08816,-1.09959,0.313818,-1.02308,0.149294,0.0247664,0.95982,-1.76625,-1.53898,2.57376
-0.911187,2.66595,-1.02278,0.202035,1.38998,1.50922,-0.0601407,0.53745,-0.0433607,0.650043,-0.347982,0.357541,1.98792,1.0182,1.1783,-0.202436,0.859806,1.54313,-1.21692,-0.723468,-0.858201,1.30258,2.8421,0.263385
-0.799368,-1.73283,0.235364,-0.3607,-0.375792,1.15518,0.45148,-0.384912,1.14892,-0.143131,-0.46614,0.917992,-0.526624,-0.6231,-0.587337,0.199709,-0.604686,1.04691,1.14693,0.454334,0.110018,-1.46645,-1.26818,0.337077
0.509534,-1.74786,0.512243,0.866245,0.98307,-0.258582,-0.304345,0.0166576,-3.41566,0.0295994,-0.583971,-1.39186,0.66934,-0.589374,3.2993,1.47413,0.229234,0.330352,-0.0651999,2.20545,0.0731187,2.10112,-1.30367,-1.90535
-2.45215,10.5615,-3.23105,2.70715,2.48677,-1.67011,-1.24244,2.41093,-3.29446,2.13101,-1.10081,0.285519,6.55405,2.97658,0.790303,-1.94556,3.90093,-0.680564,-6.45846,-0.919231,-0.443713,5.45114,7.51489,2.5978
-0.695646,1.38436,-0.709983,-1.06143,0.782031,3.11113,0.544061,0.0680471,2.61882,0.370175,0.289735,1.07147,0.47261,0.81519,0.301961,-0.29375,-0.101769,2.50601,0.389506,-1.76123,-1.1756,-0.563997,2.38764,0.307855
1.20706,4.47063,0.22745,-0.56173,0.714349,-0.978981,-1.02399,0.781958,1.64481,0.672444,2.09866,0.290611,0.814314,1.3035,0.182552,-0.525886,-0.49268,-0.931708,-1.06752,-2.53201,-1.08391,0.934583,3.8851,-1.26899
-0.32914,2.73031,-0.538651,-0.133166,1.06913,1.8395,-0.175283,0.671315,0.709287,0.871921,0.205212,0.411832,1.63219,0.755096,1.82565,0.397067,0.342494,2.10352,-0.743433,-0.687811,-1.36566,1.13467,3.25976,-0.728979
0.464956,1.83162,0.180132,-0.614919,-0.550969,-0.783038,-0.226932,0.0691964,1.87462,0.125353,1.16285,0.493441,-0.401491,0.530276,-1.43066,-0.697033,-0.421036,-0.914953,-0.197763,-1.64487,-0.226446,-0.641465,1.26269,0.117818
1.81348,-1.33736,1.29349,-1.81978,0.967484,2.31525,-0.142521,-0.477508,2.05924,-0.0370786,1.88021,-0.296963,-1.36658,-0.0604655,2.59902,1.48968,-1.99865,1.82633,2.20139,-1.35921,-1.61563,-0.43007,0.676096,-3.51631
-2.05207,1.79632,-1.76743,0.759333,0.331094,0.882655,0.331457,0.227684,-1.02027,0.247174,-1.63942,0.967427,1.59667,0.66928,-0.480393,-1.006,1.24923,0.491567,-1.37473,0.293907,0.720624,0.607602,0.989011,2.2653
-0.497727,-1.78369,-0.0668325,1.2462,0.29362,-0.426037,0.0441982,0.0165044,-3.1992,-0.0609871,-1.53494,-1.00192,0.664311,-0.668285,1.47356,0.682028,0.83892,0.0160802,-0.370458,2.51118,0.673117,1.41882,-1.8231,-0.0107449
-0.470288,1.18296,-0.406152,1.80593,-0.55929,-3.26217,-0.564721,0.544327,-3.17709,0.184167,-0.942722,-0.752587,1.19949,-0.176061,-0.83015,-0.554268,1.26944,-2.48491,-1.95049,1.58553,1.35922,1.53068,-0.775923,1.19651
-2.56111,6.98169,-2.74545,2.08327,0.619401,-1.51332,-0.413252,1.51903,-1.32546,1.17038,-1.4593,0.847243,4.042,2.00373,-2.05439,-2.3006,3.09778,-1.02293,-4.53684,-0.588566,0.387886,2.42465,4.31386,4.0007
1.41475,0.242759,0.955073,0.456284,0.44857,-1.88819,-0.904806,0.230575,-1.96704,0.135241,0.784674,-1.26269,0.388715,-0.164997,1.91128,0.841539,-0.369426,-1.26459,-0.372819,0.583779,-0.189116,1.69505,0.0474291,-2.24657
-0.63237,0.443608,-0.337078,2.27384,0.128434,-2.86801,-0.505694,0.526304,-4.69174,0.185414,-1.58649,-1.30164,1.7407,-0.317445,0.72547,0.0278928,1.53962,-1.9177,-2.04637,2.55896,1.20246,2.49463,-1.15749,0.667126
-0.310957,-3.31532,0.326603,-0.714016,-0.0523293,2.11708,0.911076,-0.483973,0.755046,-0.338924,-0.672101,-0.0255541,-1.46349,-0.759551,0.596922,0.639015,-0.689157,1.94269,1.61811,0.949429,-0.304009,-1.02923,-2.09779,0.1022
0.216633,1.61621,-0.0310126,-1.15424,-1.41811,-1.43317,-0.460137,-0.0283138,2.9804,-0.0999213,1.52107,0.979376,-1.64746,0.342556,-3.18091,-1.51201,-0.41093,-1.73385,-0.120941,-2.07525,0.291727,-2.3749,0.481756,0.895719
-1.42625,4.52383,-1.56056,2.12219,1.21628,-1.84213,-0.716981,1.12421,-3.66687,0.886062,-1.27803,-0.545802,3.61552,1.05039,0.880247,-0.657428,2.35787,-0.97767,-3.60412,0.868023,0.339097,3.39747,2.54978,1.31404
0.263818,0.0976018,0.222423,-0.18315,-0.246196,-0.328417,-0.00696613,0.00336606,0.460818,-0.0414887,0.315275,0.108805,-0.376338,-0.0314882,-0.556951,-0.158292,-0.124858,-0.249807,0.226653,-0.405328,0.0357342,-0.501283,-0.000965435,-0.0214656
1.09441,-1.90723,1.07152,-0.609033,0.225561,0.60133,0.0077954,-0.401698,0.293701,-0.141259,0.773301,-0.537733,-1.07602,-0.456033,1.44262,1.00156,-1.15085,0.478035,1.40011,0.0243878,-0.428819,-0.201206,-0.863844,-2.03029
-1.06621,1.36036,-0.99117,-0.272088,-0.652022,0.562817,0.543622,0.0649061,2.11767,-0.0283578,-0.351333,1.37497,-0.00138491,0.522403,-2.6922,-1.37237,0.61983,0.0165536,-0.440486,-1.08804,0.223299,-1.4429,0.901814,2.47215
2.71966,-2.07587,2.24172,1.07729,-0.431566,-3.73723,-1.21447,0.182513,-3.78067,-0.466944,1.16166,-2.66526,-1.42498,-0.957478,2.51421,1.3366,-0.716692,-2.50595,0.117828,2.20101,0.852093,1.7352,-2.51286,-3.37937
0.584869,-0.284168,0.626835,-0.291083,-0.887173,-0.256577,0.184694,-0.679713,1.47908,-0.400234,1.05555,-0.121761,-1.16082,0.0296714,-1.03583,-0.323261,-0.438689,-0.449138,0.254861,-0.509239,0.0337944,-1.20909,-0.333858,-0.341164
0.615615,-1.16896,0.521454,-0.0963334,1.30097,1.39379,-0.0408101,-0.0237114,-1.19005,0.150517,0.104859,-0.833685,0.267599,-0.200213,3.1399,1.34674,-0.403728,1.4821,0.72874,0.652326,-0.797611,1.19471,0.0631643,-2.15742
-1.16379,6.88892,-1.73972,1.64769,-0.467711,-3.84644,-0.953613,1.30285,-0.647143,0.920573,-0.186404,0.79961,2.74924,1.51508,-3.29263,-2.53439,2.18199,-3.28587,-4.11662,-1.38001,0.935825,1.47466,3.52043,3.33154
-0.520994,-3.46574,-0.0228767,-0.692603,-1.10493,1.05029,0.71655,-1.13951,0.232357,-0.837883,-0.610074,0.123141,-1.77493,-1.344,-0.680976,0.248108,-0.408991,0.463467,1.97629,1.01795,0.507889,-1.5493,-3.09218,0.595512
0.506924,2.17487,-0.0891277,-2.78466,-0.360359,2.71354,0.444322,-0.273825,6.7697,0.104027,2.31587,2.16143,-1.5172,1.18025,-2.16833,-1.05241,-1.64114,1.61548,1.43998,-4.56015,-1.61791,-2.91715,3.3135,0.0688486
-0.866482,-0.962826,-0.427793,-1.24371,-1.39144,1.53256,1.00079,-0.53182,3.87188,-0.527476,-0.0788529,1.77495,-1.79369,-0.125645,-3.58449,-1.11589,-0.383969,0.609364,1.35715,-1.38512,0.213005,-3.25436,-0.606074,2.47167
-1.99288,6.24147,-2.34027,-0.383047,-0.998243,-0.093156,0.305417,0.845959,4.45757,0.598727,0.0288772,2.86035,1.32849,1.89241,-5.59587,-3.31114,1.34885,-0.638827,-2.34628,-3.75624,0.00171832,-1.791,4.44213,4.86361
0.682205,-1.91998,0.716438,0.460172,0.218276,-0.573612,-0.179158,-0.173606,-2.1535,-0.149731,-0.215882,-1.00428,-0.188503,-0.631183,1.58933,0.956359,-0.228275,-0.225751,0.335483,1.48463,0.25762,0.844698,-1.73724,-1.26335
-1.6157,5.77056,-1.9505,0.24386,0.436113,0.123604,-0.250882,1.0803,1.43696,0.930891,-0.102305,1.41589,2.44353,1.82607,-1.93335,-1.9092,1.58467,-0.0380772,-2.66908,-2.10976,-0.291718,0.694124,4.35178,2.66526
-0.715687,2.77977,-0.957389,-1.12418,0.835546,2.66414,0.36426,0.178766,3.31499,0.496772,0.634091,1.42253,0.651046,1.30793,-0.534091,-0.692586,-0.0214851,1.93687,-0.136712,-2.55521,-1.22965,-0.696928,3.41647,0.592836
-0.141864,-1.45224,0.187908,1.11444,0.486189,-0.610446,-0.151827,-0.0744621,-3.19184,0.0180688,-1.11585,-1.18328,0.6691,-0.474572,1.73592,0.945455,0.548536,-0.140175,-0.302163,2.09855,0.418404,1.48367,-1.56245,-0.680421
0.512162,-4.41594,0.91179,-1.69735,-1.16388,2.21001,0.958801,-1.01643,3.05782,-1.03582,0.356758,0.770845,-3.01869,-1.03344,-1.334,0.351173,-1.7002,1.3242,3.11727,-0.387061,-0.00753085,-3.35767,-2.71124,-0.123617
0.417408,4.3834,-0.282678,0.700679,-0.782665,-3.92271,-1.17873,0.729329,-0.161497,0.418051,0.984553,-0.00740506,0.947638,0.954213,-2.34691,-1.46076,0.561353,-3.59253,-2.26643,-1.43957,0.61787,0.65731,1.98818,0.97179
-0.711971,0.37752,-0.570605,1.74858,1.17542,-0.632626,-0.300237,0.529918,-4.06046,0.413479,-1.54781,-1.2046,2.16745,0.0329586,2.33221,0.472149,1.41277,0.0382484,-1.61409,2.32761,0.365662,2.74187,0.00986588,-0.191702
0.489336,0.198115,0.433838,0.823695,-2.21113,-4.51913,-0.58432,0.00215493,-0.728753,-0.407047,0.294022,-0.235222,-0.942543,-0.553614,-3.5112,-1.24089,0.0757452,-4.09351,-0.819836,0.397911,1.78925,-0.92038,-2.04382,1.48028
-0.981094,-1.21199,-0.438573,0.616725,0.0764963,0.470689,0.399676,-0.0787717,-1.33841,-0.045034,-1.37144,-0.116715,0.368715,-0.390525,0.273455,0.211428,0.696962,0.615739,-0.04653,1.44389,0.416247,0.217271,-1.20038,0.82988
0.240624,-1.9016,0.412493,0.0927972,0.616283,0.815184,0.131582,-0.172675,-1.36213,-0.0727374,-0.303608,-0.667143,-0.0883872,-0.442237,2.12235,1.10764,-0.228686,0.91093,0.589521,1.3238,-0.340731,0.697557,-1.12199,-1.38002
-0.606975,-1.48297,-0.373771,-2.66406,0.924123,6.5374,1.58228,-0.82262,5.46593,-0.123751,0.538306,1.86002,-1.40927,0.492649,0.475009,0.431075,-1.25464,4.9794,2.77336,-2.50376,-2.02297,-2.83459,1.60276,-0.206257
-0.654103,1.71447,-0.673388,2.14926,1.54832,-1.3256,-0.634107,0.815335,-5.07821,0.74894,-1.38905,-1.58271,2.9043,0.272719,3.06408,0.647218,1.87295,-0.408092,-2.41406,2.30728,0.27392,3.94994,0.733404,-0.493095
2.56883,0.588367,1.82576,0.400276,1.64436,-1.93486,-1.34276,0.610345,-2.83249,0.183849,1.50893,-2.19197,0.635963,-0.152549,3.79479,1.29869,-0.922092,-1.58137,-0.669301,0.673772,-0.373552,2.75037,0.951555,-4.39693
-0.353484,-3.32067,0.318393,1.58373,1.92341,1.33571,0.135513,0.0185461,-5.49341,0.154894,-1.98549,-2.04359,1.42291,-1.03582,5.10302,2.32057,0.827836,1.99589,0.0479167,3.8838,0.133325,3.12076,-2.11028,-2.13039
0.371775,0.389624,0.194066,-2.50915,-2.02754,0.972435,0.612373,-0.554516,6.85213,-0.503465,1.90172,2.3673,-2.81961,0.416016,-4.84233,-1.75757,-1.68797,-0.175362,1.86013,-3.87605,-0.298583,-4.68004,0.696725,1.68904
-0.70639,1.11813,-0.603822,-0.369824,-0.178341,0.627312,0.327775,0.023092,1.77763,0.0731292,0.079054,1.01295,-0.0827055,0.441203,-1.73153,-0.939576,0.262519,0.271323,-0.263577,-1.13803,-0.0527384,-0.939851,0.92841,1.51446
-0.109256,0.517827,-0.148377,-0.552975,0.303334,1.21171,0.105067,0.0449571,1.29452,0.173345,0.313833,0.516399,0.0652314,0.339104,0.0164843,-0.0823425,-0.193338,1.00268,0.248984,-0.937548,-0.651972,-0.404525,1.10288,-0.0804064
-0.0506122,2.38611,-0.123794,3.22025,-2.05266,-8.19913,-1.45273,0.843433,-5.43546,0.0142907,-0.994063,-1.31916,1.34734,-0.33126,-3.20273,-1.48704,1.96914,-6.70206,-3.72807,2.41542,2.95062,2.06199,-2.0483,2.4262
0.74991,1.99394,0.444658,1.00338,-0.660809,-3.69738,-0.980851,0.573169,-1.66056,0.21119,0.37966,-0.620754,0.589448,0.155941,-0.829776,-0.585547,0.427377,-3.09624,-1.5439,0.154128,0.800424,1.17593,0.276304,-0.0950687
1.46584,-3.28061,1.40168,0.54773,1.16986,-0.167229,-0.483898,-0.234343,-3.69732,-0.175415,0.0504057,-2.10334,-0.128362,-1.12588,4.60314,2.32411,-0.687149,0.441286,1.02913,2.56694,-0.277203,2.17257,-2.07114,-3.72712
-0.809883,-5.31598,0.566837,-0.0947464,-1.14864,0.748333,1.11871,-0.711206,-0.248058,-0.559276,-1.57448,0.263812,-1.98841,-1.21604,-0.410008,0.451456,-0.475532,1.19706,1.93433,2.05166,0.673281,-2.08262,-4.03842,0.70234
-0.488895,-0.525722,-0.614641,-0.37877,0.64702,2.47906,0.791544,0.228406,1.15843,0.127236,-0.212114,0.371873,0.836965,0.455865,0.997185,0.0186313,0.163992,2.56027,0.395204,-0.521033,-0.599623,0.205712,1.34154,-0.0448757
-0.700565,-1.47319,-0.391467,-1.5841,0.45402,4.47157,1.20296,-0.55895,3.51306,-0.11065,-0.191286,1.33374,-0.967998,0.0769181,0.071379,0.235243,-0.700433,3.4514,1.94823,-1.37436,-1.11271,-2.02807,0.515111,0.457401
0.0748116,1.71291,-0.172629,-0.528315,1.19801,1.8656,-0.102098,0.205676,1.09167,0.410947,0.664759,0.229679,0.814706,0.858774,1.63026,0.347462,-0.16828,1.58779,-0.0141211,-1.17231,-1.21358,0.673376,2.4778,-1.1785
-0.601011,-0.518531,-0.288167,1.88819,0.920356,-1.06964,-0.265578,0.354282,-4.77672,0.238863,-1.58398,-1.44578,1.84579,-0.393227,2.47088,0.835997,1.29232,-0.292332,-1.35406,2.87573,0.635703,2.69194,-1.14599,-0.344795
-0.19896,3.52069,-0.692577,-0.214978,0.616647,0.322918,-0.363717,0.501468,1.27505,0.57394,0.794724,0.699712,1.17883,1.16756,-0.231765,-0.640696,0.391014,0.14392,-1.1721,-1.8327,-0.781043,0.573408,3.20614,0.199268
-1.05678,3.63659,-1.40819,-0.931804,0.654395,2.43815,0.354138,0.405564,3.33996,0.619005,0.391277,1.70203,1.11368,1.4241,-1.05568,-1.10064,0.396144,1.89162,-0.757045,-2.74204,-1.19321,-0.615608,4.0106,1.42185
1.54765,-0.143731,1.35933,-0.397395,-0.911036,-2.22642,-0.940821,0.574297,0.68042,0.135866,1.49146,-0.589556,-1.12079,-0.254812,-0.504596,-0.014773,-1.30005,-2.18466,0.987612,-0.638574,0.138203,-0.512393,-0.47447,-1.15367
-1.00679,0.20219,-0.588098,2.35974,1.73339,-0.266512,-0.450633,0.393288,-5.4311,0.664018,-1.83756,-1.64626,3.05884,-0.221462,3.96931,1.39898,1.86622,0.360148,-2.43919,2.93927,0.00758124,3.64498,0.594859,-0.580177
2.6838,-5.05048,2.76517,0.509423,-0.212732,-2.73427,-0.923135,-0.64882,-4.04271,-0.736927,0.72855,-2.7208,-1.86804,-1.92182,3.30347,2.4231,-1.6052,-1.93365,1.7606,2.94864,0.610452,1.13311,-4.44118,-4.31534
-1.51957,-3.18201,-0.390043,1.94995,-0.861807,-1.48999,0.602629,-0.292367,-3.8626,-0.460855,-2.80607,-0.894347,0.186866,-1.26863,-0.695751,-0.0705883,1.54714,-0.884763,-0.527435,3.61283,1.89708,0.434818,-4.06269,2.25987
-0.950384,1.0685,-0.786567,2.02118,0.724544,-1.63844,-0.375777,0.580475,-4.05618,0.435172,-1.72044,-1.0813,2.22267,0.0711995,1.10109,0.0095483,1.79816,-0.886159,-2.19969,2.1403,0.779609,2.59325,-0.208023,0.888459
-1.31408,2.35188,-1.19352,-0.794672,-1.46195,0.165117,0.595003,0.194389,4.11131,0.0861269,0.215879,2.15255,-0.473118,0.740335,-4.75706,-2.26584,0.290612,-0.46225,-0.369484,-2.53889,0.259711,-2.736,1.47172,3.66489
-1.48925,-3.54805,-0.73668,-1.17028,1.57729,6.14954,1.21865,-0.424978,0.609724,-0.216077,-1.74234,0.705197,-0.0805575,-0.511313,3.61214,1.70994,-0.126105,5.23707,1.94191,0.762993,-1.69291,-0.584589,-0.798563,-0.791768
0.556781,-2.26988,0.508664,-1.66386,2.29593,5.51569,0.702659,-0.476617,1.4843,0.132303,0.486142,-0.114927,-0.233318,0.0490255,4.61647,1.97509,-1.3541,4.82841,2.32228,-0.371473,-2.25947,0.114172,1.03663,-3.28105
0.0394219,-5.21943,0.77188,-1.21058,1.03807,4.58196,1.28556,-0.952492,0.670526,-0.508943,-0.549588,-0.179006,-1.53733,-1.0376,2.95028,1.89784,-1.22584,3.96901,3.12558,1.12865,-0.956391,-1.12462,-2.17772,-1.98879
-1.09624,6.65034,-1.70364,1.05534,-0.661871,-3.29751,-0.764562,1.21228,0.39779,0.790628,0.108368,1.00396,2.32081,1.662,-3.71491,-2.56602,1.77149,-3.11085,-3.69991,-1.82823,0.646057,0.867318,3.67614,3.26283
0.930227,-5.69875,1.41955,-0.895212,0.328189,2.43054,0.637409,-1.06481,-0.2941,-0.713939,-0.2119,-0.820697,-2.06059,-1.49661,2.68458,2.11777,-1.56998,1.91861,3.10257,1.60304,-0.366991,-0.869508,-3.45549,-2.4518
1.24334,-1.32539,1.19427,0.556448,0.428962,-1.51358,-0.656011,-0.0334869,-2.5626,-0.079999,0.489338,-1.54712,-0.0364556,-0.599886,2.36266,1.20802,-0.593897,-0.95048,0.202637,1.32379,0.164517,1.56206,-1.25959,-2.36838
-1.27023,5.38444,-1.22236,1.57402,-0.184785,-4.02271,-1.15448,0.982861,-2.56162,0.492713,-0.60342,-0.374954,3.00838,1.27357,-2.28732,-1.72767,2.09594,-3.49687,-4.15336,0.14921,1.34947,2.6368,1.99498,2.81221
0.335991,4.35779,-0.372167,0.43954,-0.0469965,-2.49183,-1.07341,0.7541,-0.058505,0.667421,0.968611,0.151681,1.29402,1.04954,-1.04152,-1.11071,0.634465,-2.15998,-2.04569,-1.36223,0.108658,1.08768,2.69612,0.347999
-0.683194,4.20447,-1.08681,1.45596,0.720446,-1.97867,-0.891789,1.04015,-2.45287,0.803196,-0.536457,-0.292327,2.73744,0.934547,0.240161,-0.709463,1.69404,-1.32243,-2.85233,0.158647,0.233959,2.69618,2.49255,0.93482
0.874009,-1.87475,0.890089,-0.368176,-0.563636,-0.549747,-0.139217,-0.501278,-0.00938852,-0.438004,0.533693,-0.403938,-1.33304,-0.621823,0.041854,0.460572,-0.795727,-0.598131,1.01693,0.376127,0.196698,-0.611575,-1.57299,-0.999417
0.651689,1.93549,0.293534,1.07921,0.253291,-2.89782,-0.950668,0.420612,-2.48948,0.429513,0.400023,-1.05625,1.07347,0.242323,0.69338,0.0725728,0.464734,-2.1948,-1.59774,0.636904,0.379602,2.01605,0.559994,-0.828296
-1.44129,11.2243,-2.37608,2.12746,0.640545,-4.60248,-1.78615,2.20272,-1.41642,1.80082,0.297737,0.606657,5.1131,2.90159,-2.5518,-2.97286,3.02263,-3.66932,-6.19088,-2.14886,0.309935,3.55266,6.92088,3.10513
0.405842,-2.26555,0.701648,1.32645,-1.17364,-3.367,-0.435016,-0.209971,-3.28555,-0.47024,-0.789578,-1.15498,-0.735171,-1.20104,-0.654064,0.22217,0.231112,-2.71546,-0.209167,2.4526,1.65717,0.385004,-3.49649,0.184341
-0.639404,1.03077,-0.507588,0.639582,-0.222379,-0.963982,-0.0814315,0.248945,-0.890967,0.163132,-0.557639,0.0590182,0.670443,0.156705,-0.899134,-0.685425,0.814193,-0.758763,-1.01269,0.283189,0.576585,0.377181,0.19893,1.24669
-0.42055,-1.14081,-0.203403,-0.131465,-0.49732,0.513622,0.518092,-0.294517,0.572582,-0.220697,-0.433916,0.342066,-0.530053,-0.378445,-0.89115,-0.22304,0.0419731,0.379155,0.522219,0.199504,0.34667,-0.948607,-0.985453,0.794907
0.229277,0.174297,0.0263553,0.380017,1.56848,0.87675,-0.727626,0.423504,-1.8797,0.179507,-0.230445,-1.11309,1.43749,0.156847,3.76118,1.33723,0.633853,0.990071,-0.2436,1.13472,-0.564745,2.24885,0.951732,-2.23149
-0.714735,2.2161,-0.884628,-0.240936,0.449835,0.782939,0.03932,0.558367,1.03214,0.368565,0.269163,0.812299,0.639571,0.6857,-0.595351,-0.43592,0.811544,-0.319399,-0.581493,-1.0693,0.0215995,0.042347,2.05683,1.02916
-2.0889,2.7294,-1.65295,2.83629,0.659073,-2.07362,-0.421865,0.917014,-5.06972,0.614341,-2.64642,-0.785117,3.54514,0.447191,0.366121,-0.658474,2.92429,-1.05813,-3.53818,2.48887,1.14506,3.23541,0.566118,2.46351
-0.26987,-6.11917,0.742748,1.5397,0.218977,-0.0217448,0.440803,-0.759858,-5.19344,-0.65612,-2.28141,-1.97802,-0.501256,-2.02955,2.85058,1.9073,0.32904,0.60692,1.10369,4.78888,1.19647,1.17416,-5.24239,-0.974484
1.4714,-4.63486,1.6901,-1.38959,-0.207002,1.65121,0.276708,-0.859944,0.871487,-0.680859,0.920521,-0.548505,-2.46315,-1.20101,1.74459,1.55395,-1.99737,1.23615,2.96277,0.39071,-0.405674,-1.3275,-2.56996,-2.6321
-0.899796,-0.599147,-0.613043,0.617038,0.166746,0.414857,0.414715,-0.0381779,-1.31197,0.0586126,-1.19231,-0.0758564,0.655571,-0.141897,0.197476,-0.0743793,0.831013,0.500608,-0.399727,1.08836,0.385318,0.409682,-0.62062,1.00423
0.0303929,1.40726,-0.158645,-0.202018,-0.00858619,-0.100407,-0.0868565,0.15761,1.04548,0.174207,0.500518,0.467117,0.148955,0.501826,-0.537196,-0.434769,0.0870548,-0.126598,-0.347982,-1.07595,-0.253076,-0.244851,1.25545,0.198603
-0.0344083,2.07228,-0.0755269,2.85529,-1.7891,-7.24974,-1.25262,0.753238,-4.60749,0.074886,-0.885445,-1.2474,1.15494,-0.403504,-2.88318,-1.3457,1.70589,-5.83084,-3.2412,2.12172,2.64845,1.77617,-1.87121,2.12412
0.214801,1.61934,0.555493,1.49036,0.349074,-3.36108,-0.73993,0.20861,-3.34549,0.198997,-0.0140924,-1.57108,0.852648,0.120401,1.30626,0.212887,0.274797,-2.22081,-1.44357,0.953793,0.420593,2.83275,0.391434,-1.19529
-0.234736,-0.288601,-0.201593,-1.65341,-0.714849,2.3373,0.850497,-0.460638,4.44718,-0.221837,0.570262,1.70652,-1.49114,0.241239,-2.35351,-0.858547,-0.797221,1.40137,1.48583,-2.20248,-0.579338,-2.91453,0.612425,1.13164
-0.555933,0.267835,-0.330703,1.68595,-0.0871658,-2.21658,-0.339267,0.37723,-3.41879,0.140608,-1.27795,-0.918823,1.22054,-0.291552,0.0491028,-0.0951111,1.2665,-1.48101,-1.6671,1.87551,1.10516,1.61049,-1.07822,0.863013
0.367816,4.80081,-0.443142,0.221332,-0.759878,-3.00745,-0.979798,0.729957,1.16701,0.407851,1.3395,0.571783,0.921222,1.23037,-2.49455,-1.6818,0.371918,-2.73376,-2.09597,-2.22325,0.237479,0.215022,2.75152,1.05288
0.368254,2.67273,-0.235998,-0.990255,-0.767348,-0.673523,-0.282968,0.0812251,3.30529,0.163924,1.40207,1.23216,-0.518119,0.812204,-2.63529,-1.40728,-0.509864,-1.08837,-0.295656,-2.73929,-0.159897,-1.38122,2.11536,0.883788
0.639736,-0.499725,0.42915,-0.517892,0.109556,0.507493,0.082274,-0.166232,0.759665,-0.132067,0.552214,-0.0781494,-0.530312,-0.0835152,0.406605,0.334509,-0.570439,0.391653,0.784224,-0.376608,-0.36162,-0.446259,-0.0424597,-0.929547
-2.11681,2.06219,-1.58104,0.826932,-0.578989,0.459974,0.413512,0.586361,0.040354,0.138163,-1.67884,1.33963,1.40279,0.140158,-2.20426,-1.62174,1.66243,-0.318857,-1.47156,0.261481,1.01046,-0.0695073,0.677851,3.64482
0.131277,-2.67337,0.551831,0.777253,0.0529786,-0.50811,-0.0469912,-0.215632,-2.69769,-0.257176,-0.92347,-1.0611,-0.104373,-0.872713,1.46254,0.997865,0.164948,-0.131442,0.357889,2.1267,0.56564,0.876597,-2.39926,-0.74598
0.339426,-4.27867,0.836853,-2.80174,-0.0807224,5.31434,1.48395,-1.26863,5.10888,-0.804737,0.859473,1.30962,-3.04696,-0.57893,0.332344,0.832312,-2.16223,4.01593,4.00805,-1.67664,-1.37987,-3.59637,-1.0339,-1.11686
-0.569672,6.22141,-1.28811,0.165551,0.242045,-0.992579,-0.662728,1.0102,1.85767,0.923244,0.904343,1.20055,2.05187,1.93079,-1.82096,-1.66814,0.91261,-1.03466,-2.44344,-2.76555,-0.588766,0.791357,4.82504,1.5416
-0.839722,-3.45665,-0.203724,-1.44448,-0.0255585,4.29086,1.50812,-0.818722,3.08743,-0.558005,-0.52275,1.18059,-1.64319,-0.428727,-0.450395,0.320887,-0.898999,3.29997,2.48433,-0.366439,-0.654767,-2.73157,-1.37194,0.654236
-2.16121,-2.24262,-1.20211,0.605031,-0.727387,1.315,1.31048,-0.320551,-0.493407,-0.441522,-2.48738,0.711725,-0.00464572,-0.680606,-1.7564,-0.640939,1.21969,1.06682,0.119865,1.58404,1.01487,-1.18387,-2.1821,3.12034
-0.374293,-2.15899,0.0653603,0.551735,-0.300029,-0.0558653,0.271335,-0.238105,-1.50552,-0.310188,-1.10376,-0.4279,-0.227755,-0.749693,0.241775,0.419765,0.205251,0.147136,0.220334,1.55561,0.627581,0.00211683,-1.96555,0.288673
-0.0665159,0.760567,-0.258338,-1.25264,0.725554,2.78102,0.362586,-0.121545,2.77144,0.201453,0.703917,1.03845,-0.201187,0.628405,0.3031,0.00344521,-0.585925,2.08142,0.785645,-1.82717,-1.15156,-0.918038,1.95596,-0.355769
-0.987352,-0.438047,-0.692302,-0.353335,-0.161654,1.73568,0.72909,-0.239452,1.61659,-0.143665,-0.738396,0.935732,-0.319933,0.17633,-1.18035,-0.406985,0.315694,1.37591,0.451267,-0.352829,-0.00812794,-1.32137,-0.0101728,1.54268
0.839205,-2.02965,0.678353,-3.10399,0.363277,5.04484,0.967161,-0.917615,5.67016,-0.289243,1.72371,1.4046,-2.31167,0.0977378,0.491029,0.71515,-2.28736,3.65538,3.29282,-2.8264,-1.96119,-2.95199,0.968151,-1.65606
-0.619275,1.90672,-0.826707,0.616136,0.277553,-0.426533,-0.136587,0.455669,-0.411818,0.317139,-0.555535,0.263511,1.16988,0.485841,-0.408582,-0.580903,0.785224,-0.284893,-1.33218,-0.18316,0.0792659,0.705492,1.08964,1.054
0.632985,2.47078,0.0143631,-1.28903,1.1211,2.04482,-0.269267,0.229564,2.6084,0.483326,1.657,0.710179,0.342776,1.04945,1.1474,0.200441,-0.784357,1.58042,0.319328,-2.44627,-1.6724,0.0953482,3.50152,-1.41648
0.445993,-2.97385,0.797189,2.02629,-0.855842,-3.91983,-0.588893,-0.0656076,-5.25758,-0.532478,-1.4416,-2.06755,-0.116014,-1.52134,0.642037,0.742852,0.613928,-2.8376,-0.610722,3.70395,1.88211,1.45607,-4.3419,-0.308661
0.628474,1.50452,0.379668,2.45222,0.640713,-4.2207,-1.41376,0.797735,-5.78434,0.593264,-0.535432,-2.19952,2.21529,-0.0872755,2.11362,0.643588,1.32387,-2.97912,-2.54502,2.50593,0.989441,3.92278,-0.247311,-1.20609
-0.565342,5.30955,-1.2379,0.0300064,1.11898,0.23517,-0.54021,0.953676,0.80226,0.966176,0.633061,0.631246,2.27208,1.68578,0.185386,-1.04169,0.965609,0.174825,-2.09928,-1.94022,-0.918214,1.54665,4.46189,0.447743
-1.11245,3.60982,-1.14589,1.77756,-0.485334,-3.228,-0.553676,0.789281,-2.14042,0.428198,-0.933019,0.0907577,2.05055,0.652567,-2.11156,-1.56052,1.84255,-2.525,-2.98981,0.45633,1.15076,1.47167,1.15257,2.70694
2.46858,7.41687,0.633617,0.756783,0.717306,-5.47606,-2.69131,1.54812,-1.41896,1.1905,3.09475,-1.10269,2.22288,1.62647,0.883326,-0.478647,-0.0578062,-4.44307,-3.28536,-2.26586,-0.559282,3.53888,4.94336,-2.7429
0.419342,2.86785,-0.193499,-0.421824,0.520547,-0.134299,-0.55,0.420619,1.19811,0.511102,1.15352,0.283931,0.688718,0.941962,0.209482,-0.421675,-0.147012,-0.169797,-0.664294,-1.69998,-0.725971,0.655277,2.63923,-0.625157
0.193091,-4.47929,0.404103,-2.00253,-0.214596,3.68395,1.42189,-1.01315,2.61173,-1.04567,-0.493001,0.456105,-1.97153,-1.1275,0.284744,0.769679,-1.3793,2.58274,3.03817,0.138251,-0.575614,-2.30246,-2.15162,0.0963933
0.531646,0.639753,0.226249,0.447709,1.19518,-0.10366,-0.614227,0.256201,-1.82219,0.38373,0.232389,-0.923609,1.02561,0.151297,2.42708,0.810365,0.149253,0.0846833,-0.493317,0.591914,-0.492152,1.95568,0.757259,-1.65442
-0.621243,0.372202,-0.456272,-0.0773279,0.439499,1.12926,0.238766,0.0470565,0.132884,0.249376,-0.362464,0.347394,0.544087,0.210702,0.184026,-0.0107168,0.284423,0.981158,-0.183331,-0.0637742,-0.21354,0.064379,0.648174,0.396253
-0.36908,0.574313,-0.344001,-0.0200081,-0.200983,0.032275,0.138225,0.0588031,0.519178,0.0164938,-0.181018,0.35582,0.0558948,0.0838627,-0.718526,-0.374716,0.107694,0.125597,-0.181678,-0.178074,0.0780851,-0.361832,0.295214,0.792558
1.14749,-0.94331,0.857946,-1.00227,0.840122,1.71176,-0.0119151,-0.321978,0.926345,0.0510749,1.34293,-0.345747,-0.639648,-0.0254909,2.34405,1.067,-1.30163,1.36896,1.42275,-0.743195,-1.2008,-0.0448419,0.608428,-2.5926
1.21951,-3.89117,1.31809,-0.048012,0.430739,0.422057,-0.104723,-0.520991,-1.88864,-0.419456,-0.0121144,-1.39398,-1.10913,-1.20108,2.72136,1.83625,-0.978094,0.522737,1.68227,1.89145,-0.0464546,0.457079,-2.73142,-2.59896
0.448907,4.62693,-0.430566,-0.0790782,3.11531,2.06402,-0.881652,0.981331,-0.629009,1.36046,1.17697,-0.501209,3.0488,1.69601,4.75128,0.983955,0.294028,2.20488,-1.55301,-1.33173,-2.21889,3.66069,5.4312,-2.91079
0.058092,2.34302,-0.188092,1.22675,-1.28775,-4.41539,-0.83683,0.497919,-1.30016,0.137449,0.00607778,-0.0973343,0.568696,0.0723267,-2.80616,-1.43348,0.803195,-3.79255,-2.03515,0.151329,1.43514,0.418608,-0.13057,1.69506
1.59236,-3.60013,1.2604,-1.3444,0.0808259,1.51135,0.426866,-0.750953,1.08727,-0.477407,1.02707,0.233565,-1.90513,-0.540039,1.54092,1.36916,-1.72554,1.21087,2.22773,0.465443,-0.354688,-1.28795,-1.55207,-2.74797
0.668816,1.37241,0.347079,0.99968,0.0264506,-2.43146,-1.0387,0.26802,-1.47547,0.76776,0.890556,-1.16945,1.00192,0.571338,0.730739,-0.148088,0.127782,-1.41896,-1.41402,0.475521,0.254844,1.67582,0.32118,-0.934682
0.950594,0.401487,0.51705,-0.81743,0.00330849,0.0367606,-0.20774,-0.0533162,1.28307,0.103193,1.2442,0.0262481,-0.555332,0.205661,0.315882,0.182948,-0.832527,-0.13864,0.547087,-1.05671,-0.441447,-0.242517,0.771771,-1.29719
-0.00279435,-1.4212,0.197414,-0.6409,-2.11872,-1.17787,0.495155,-0.458479,2.22084,-0.706274,0.152923,0.920098,-2.01856,-0.562664,-3.85472,-1.17052,-0.552674,-1.50921,0.790637,-0.498138,1.05413,-2.79974,-1.86611,2.03073
-0.366293,3.30957,-0.716795,0.0337209,0.196559,-0.318062,-0.346241,0.523411,0.982715,0.486086,0.570928,0.669475,1.17096,0.980371,-0.787727,-0.836775,0.440467,-0.395706,-1.31378,-1.46631,-0.303441,0.368096,2.61055,0.829201
0.62576,-0.210031,0.535943,-0.030049,-0.555802,-1.2897,-0.171574,-0.10123,-0.124244,-0.143615,0.418107,-0.255394,-0.52607,-0.127201,-0.487556,-0.09975,-0.371081,-1.105,0.169285,-0.0626371,0.278831,-0.20344,-0.610782,-0.343016
-1.14199,-2.35901,-0.591706,0.183713,0.589198,2.54509,0.884974,-0.25557,-0.803039,-0.238263,-1.5786,0.0564287,0.225256,-0.408304,1.27001,0.551019,0.429275,2.36169,0.680788,1.35574,-0.129599,0.0906846,-1.13391,0.48611
0.740225,0.643723,0.495741,-0.353341,-1.07074,-1.66035,-0.302723,-0.0281325,1.36593,-0.139151,1.05323,0.424858,-0.937342,0.032235,-1.77839,-0.718977,-0.534698,-1.6679,0.127334,-1.09681,0.417654,-1.01929,0.020359,0.276239
0.820983,-5.99262,1.29435,-1.89403,1.42551,5.58735,0.999074,-1.14782,1.27376,-0.558095,0.158216,-0.4863,-2.04037,-1.00329,4.45204,2.7847,-2.05382,4.82667,4.04103,0.748648,-1.63993,-0.931931,-2.00612,-3.67506
0.86082,-4.76929,1.38223,1.41642,-0.0868219,-1.89487,-0.322028,-0.494652,-5.01126,-0.49997,-1.06238,-2.27606,-0.679887,-1.79729,2.73736,1.90117,-0.127192,-1.0997,0.810581,3.97943,1.19298,1.67593,-4.54381,-2.05385
1.40602,-1.95496,1.29788,-0.139705,-0.478866,-1.37979,-0.390583,-0.4177,-0.730658,-0.383661,0.780103,-0.877581,-1.26714,-0.75121,0.620362,0.711769,-0.856007,-1.12784,1.00932,0.642055,0.299434,-0.229177,-1.81208,-1.61067
0.304976,-1.86509,0.245472,-3.03413,0.00749529,5.11573,1.20168,-0.81661,6.08603,-0.377143,1.32712,1.75047,-2.33574,0.196818,-0.546381,0.167076,-2.00062,3.82726,3.36152,-2.88819,-1.64929,-3.59575,0.885216,-0.572068
0.555051,-1.31569,1.01623,0.784393,-1.51708,-4.06978,-0.50356,0.218326,-2.48256,-0.228466,-0.639011,-1.21853,-0.466422,-0.694955,-0.896934,0.328032,0.344396,-2.95778,-0.38075,2.1068,1.57422,0.178361,-3.31911,0.066023
0.616862,0.835678,0.370206,0.10244,-0.925617,-2.42926,-0.402357,0.0926458,0.00247804,-0.0944894,0.684659,-0.0660851,-0.430222,-0.0751613,-1.6105,-0.647684,-0.0939485,-2.18677,-0.466419,-0.415971,0.6865,-0.371589,-0.27163,0.295761
0.768495,0.0495146,0.388896,-1.75526,0.585086,2.72071,0.297028,-0.306514,3.56043,0.077389,1.48233,0.690641,-0.915234,0.431838,0.702141,0.290907,-1.41597,1.9192,1.61135,-2.1496,-1.41566,-1.32076,1.5895,-1.39112
1.22099,-1.91291,1.14747,0.710009,-0.357905,-2.19395,-0.56864,-0.0359154,-2.54934,-0.326941,0.226395,-1.44241,-0.505475,-0.926266,1.29515,1.02123,-0.400819,-1.63731,0.229958,1.70833,0.579206,0.843245,-2.12955,-1.66231
-0.31105,2.42111,-0.569057,0.541134,0.191492,-1.10231,-0.404116,0.51942,-0.604741,0.382207,-0.161943,0.0434478,1.10877,0.628681,-0.306275,-0.581063,0.726181,-0.809692,-1.35598,-0.325399,0.119868,0.993368,1.36772,0.627626
0.463504,1.58117,0.233881,1.82262,-2.08739,-6.5225,-1.1597,0.588711,-2.59027,-0.293379,-0.0115328,-0.779206,0.113035,-0.376148,-3.46356,-1.37208,0.888597,-5.49832,-2.30873,0.954041,2.21058,0.569794,-1.70062,1.77474
-0.652142,-2.6008,-0.10333,-0.782186,-1.55118,0.721317,1.11608,-0.720019,2.35435,-0.784429,-0.571122,1.11565,-2.10102,-0.70763,-2.96125,-0.772974,-0.509987,0.300763,1.48073,-0.183109,0.61375,-2.97383,-2.25887,2.03707
1.66486,0.00803767,1.23799,0.79704,-1.70988,-5.14824,-1.18299,0.00969739,-1.45026,-0.34149,1.13674,-0.96601,-1.11113,-0.599143,-1.5779,-0.226364,-0.534904,-4.43444,-0.525108,0.480391,1.3005,0.121401,-1.76675,-0.627495
-1.14959,4.07595,-1.33218,0.882936,1.79332,0.796332,-0.361223,0.922052,-1.37218,0.989001,-0.510369,0.0120847,3.06193,1.26807,1.80115,-0.188537,1.47732,1.03599,-2.27006,-0.40931,-0.918013,2.58932,3.61923,0.244096
-0.190539,-1.64943,0.0983684,1.06177,-0.183203,-1.14005,0.0339917,-0.048227,-2.51911,-0.24038,-1.01244,-0.742774,0.0437643,-0.73146,0.452184,0.318861,0.511465,-0.666038,-0.259907,2.03247,0.874122,0.757736,-2.04555,0.173568
-2.05412,-4.49792,-0.702213,1.00741,1.13905,3.49741,1.38285,-0.493719,-3.0849,-0.379198,-3.20675,-0.44782,0.712683,-1.13769,2.64957,1.29933,1.08473,3.4244,0.776214,3.3811,0.386328,0.667439,-2.86697,0.750776
-0.24402,-1.33113,-0.053677,-1.48026,-0.457086,2.62329,0.968664,-0.633979,3.65274,-0.364068,0.257914,1.37824,-1.44951,0.00280902,-1.52697,-0.404545,-0.809835,1.7797,1.82173,-1.49815,-0.579887,-2.57701,-0.0986873,0.756193
-0.277033,-1.44312,-0.101159,0.159279,0.94168,1.73849,0.461485,-0.0977161,-1.24108,0.0390572,-0.865739,-0.465584,0.451948,-0.270734,2.0554,0.963513,0.26438,1.78394,0.393165,1.18634,-0.34563,0.803716,-0.439617,-0.700596
0.619742,-4.09848,0.940131,-0.629253,-0.708613,0.471253,0.476219,-0.841962,0.251096,-0.76519,-0.0740228,-0.20115,-2.13155,-1.30149,0.00507151,0.778537,-1.03975,0.256391,2.05184,1.06923,0.42254,-1.53614,-3.14165,-0.744452
-0.756878,6.42233,-1.3856,1.96611,-0.273584,-4.38023,-1.18994,1.36641,-1.92936,0.930922,-0.152896,-0.00541738,2.99327,1.4734,-2.17717,-1.9614,2.0073,-3.46287,-4.17226,-0.55908,0.888769,2.42079,3.22328,2.32821
-1.05356,-0.0121158,-0.747472,-1.75831,-0.385182,3.42749,1.24978,-0.36703,4.63364,-0.234928,0.168879,1.98293,-1.08643,0.509158,-2.30406,-0.952006,-0.364816,2.3452,1.50003,-2.24393,-0.692745,-2.84596,1.09448,1.80496
0.435432,1.12435,0.0737132,0.356212,-0.0203014,-1.32929,-0.443551,0.281393,-0.825176,0.278743,0.368636,-0.430387,0.53142,0.137985,0.214877,-0.00322524,0.251153,-1.0518,-0.756772,0.0198814,0.124585,0.802112,0.501583,-0.354667
0.999865,0.852161,0.575522,-0.46808,-2.11021,-3.12317,-0.506425,-0.0415379,1.99996,-0.306286,1.36492,0.595734,-1.6127,-0.117401,-3.75104,-1.34896,-0.722794,-3.27044,0.032591,-1.49302,0.893087,-1.82765,-0.573422,0.929021
0.0868067,0.547247,0.0751343,1.70672,0.0424497,-2.68116,-0.745508,0.361256,-3.66534,0.238572,-0.741914,-1.18759,1.19963,-0.253687,0.734815,0.227515,0.870041,-1.99361,-1.55018,1.86973,0.969361,2.00126,-0.8197,-0.0607462
-0.0305002,-0.249619,0.0408876,-1.22984,-1.16829,0.630114,0.556234,-0.347686,3.34905,-0.283444,0.73675,1.32452,-1.474,-0.0080037,-2.72383,-0.869382,-0.703817,0.0513653,1.06328,-1.81969,-0.0549013,-2.55583,-0.0402522,1.24191
0.745951,-5.75109,1.39519,-0.39693,-0.962254,0.193933,0.539945,-0.912126,-0.700318,-1.03935,-0.461391,-0.61759,-2.57434,-1.7939,0.411986,1.27623,-1.08813,0.10821,2.61289,2.03146,0.760916,-1.53874,-4.62445,-0.96777
0.166978,5.48314,-0.766847,1.35129,-0.155188,-4.12426,-1.46616,1.1989,-1.63035,0.828247,0.620085,-0.42652,2.15705,1.07923,-1.21671,-1.17474,1.0937,-3.35683,-3.17718,-0.861217,0.455345,2.2562,2.89675,0.771071
1.38469,-3.31197,1.52278,1.96908,-0.377602,-4.02742,-1.04435,-0.154769,-5.52176,-0.494122,-0.603784,-2.50586,-0.362079,-1.64768,2.10142,1.55037,-0.242285,-2.84296,-0.146949,3.86577,1.47245,2.07423,-4.20828,-2.08418
-0.884832,1.35345,-0.815165,-0.586786,-0.222541,1.2191,0.430133,0.070347,2.05014,0.0209702,-0.0787137,1.11586,0.105696,0.529802,-1.64211,-0.901373,0.327246,0.761403,-0.132565,-1.34939,-0.218425,-1.07347,1.31172,1.56096
0.552712,0.0653952,0.329321,0.824897,1.12894,-0.442307,-0.659273,0.169284,-2.59622,0.257661,-0.00664527,-1.26586,1.04712,-0.0907698,2.79203,1.16768,0.19341,-0.0668859,-0.499753,1.18811,-0.24312,2.22456,0.163666,-1.85653
-1.20465,5.07314,-1.51392,0.825795,1.14398,-0.103532,-0.517458,0.971107,-0.725569,0.979892,-0.197533,0.401952,2.88504,1.596,0.352488,-0.869166,1.43961,0.0769412,-2.61974,-1.03694,-0.484301,2.14659,3.98059,0.853891
-1.7778,3.63533,-1.80232,0.360999,1.6892,2.62292,0.320941,0.731091,0.187696,0.898492,-0.683615,0.819393,2.74869,1.44615,1.10576,-0.485057,1.53578,2.32937,-1.75343,-0.951483,-1.0464,1.50848,3.88882,1.09347
0.488237,2.46066,0.109768,1.93969,-0.465939,-4.80971,-1.29672,0.828188,-3.3783,0.290486,0.164083,-1.20222,1.36214,0.113767,-0.592607,-0.607639,0.843308,-3.81729,-2.46506,1.03119,1.28429,2.14204,0.146659,0.306171
0.690265,2.24135,0.147029,0.966962,-0.114,-2.95837,-1.06431,0.634665,-1.88114,0.374775,0.491373,-0.813682,1.00414,0.278496,0.147443,-0.232385,0.404544,-2.44784,-1.61589,0.160278,0.415388,1.58202,0.911182,-0.466781
0.513611,-0.778093,0.47582,0.948441,-0.385267,-2.27024,-0.533129,0.0662887,-2.32925,-0.080369,-0.275638,-1.08348,-0.0590671,-0.644012,0.449437,0.379548,0.0761614,-1.5849,-0.440051,1.61396,0.70596,0.869177,-1.4217,-0.618092
-1.55937,2.07248,-1.38367,-0.73078,-0.600872,1.27588,0.73813,0.126765,3.157,0.102861,-0.100914,1.84628,0.0712038,0.917044,-3.11934,-1.69798,0.542962,0.793628,-0.48251,-2.09643,-0.113218,-1.87537,1.81211,2.93777
0.398992,-0.417924,0.369609,-2.02635,0.56726,3.26582,0.62151,-0.40211,3.88948,-0.0946795,1.33416,1.06534,-1.17876,0.409945,0.352746,0.27817,-1.28888,2.41136,1.83887,-2.47408,-1.43636,-1.71678,1.35105,-1.2004
1.11315,-6.51385,1.59736,-1.62068,0.521699,3.66271,0.97839,-1.33455,0.726067,-0.94592,-0.0290499,-0.522322,-2.56098,-1.70163,3.00612,2.29376,-1.88216,3.03313,3.89837,1.4543,-0.761292,-1.51531,-3.64704,-2.82899
-1.16956,-0.369422,-0.760104,-0.637569,-0.251082,1.98637,0.881094,-0.152336,1.85485,-0.156927,-0.595879,1.11176,-0.320904,0.222385,-1.43042,-0.534467,0.33048,1.44468,0.430471,-0.502049,-0.0690969,-1.2453,0.14295,1.72996
0.393541,-5.35072,1.12616,0.218715,-0.0382494,0.752558,0.388718,-0.781377,-2.23365,-0.734182,-1.06108,-1.08747,-1.33996,-1.70876,2.1095,1.57201,-0.537227,0.865872,1.95958,2.85685,0.411707,-0.152945,-4.00102,-1.39761
-0.567448,6.68831,-1.29144,4.02053,1.47063,-5.33969,-2.25037,1.91263,-7.47544,1.4438,-0.940868,-2.15066,5.39154,1.3479,2.48048,-0.400206,2.6964,-3.57579,-5.77844,1.9364,0.890242,6.38088,3.38127,-0.0948017
0.271707,5.6371,-0.578322,1.01026,0.0703199,-3.53618,-1.30311,1.04594,-0.992659,0.848447,1.08138,-0.317284,2.14819,1.46518,-0.997776,-1.22917,0.791109,-2.74992,-3.02868,-1.44485,0.142653,2.00977,3.39728,0.430761
0.33783,4.55867,-0.392556,0.696172,1.26258,-1.38204,-1.12819,0.928004,-1.38218,0.918504,0.974431,-0.618703,2.4307,1.34497,1.61433,-0.131598,0.529133,-0.73223,-2.29186,-0.986596,-0.683981,2.71582,3.75179,-1.15377
0.896868,-1.35165,0.867408,-0.776568,-0.020388,0.648654,0.0646126,-0.406098,0.916251,-0.253808,0.761879,-0.178938,-1.19638,-0.368002,0.57377,0.594067,-0.948946,0.434849,1.24967,-0.380165,-0.377742,-0.650067,-0.652433,-1.2272
-2.27428,6.48874,-2.61309,2.35622,0.609678,-2.18927,-0.607475,1.57624,-2.62241,1.17211,-1.35516,0.23527,4.27807,1.81173,-1.15459,-1.84233,2.72758,-1.34533,-4.63193,-0.0962552,0.583525,2.91589,3.8355,3.08694
0.0739263,-5.08841,0.807473,-1.68542,1.78716,5.98172,1.35788,-1.10108,1.01807,-0.522488,-0.54191,0.0401679,-1.25735,-0.888109,4.13173,2.29561,-0.982937,5.19352,3.39597,0.858665,-1.57941,-0.802455,-1.4573,-2.33734
1.59368,-3.10819,1.63851,-1.95054,-0.592519,1.28289,0.398161,-0.888265,2.8577,-0.68096,1.49873,0.108143,-2.93149,-0.823644,-0.081901,0.793626,-2.024,0.624524,2.83959,-1.04082,-0.6037,-2.30346,-1.57097,-1.9363
1.21648,-2.47513,1.28382,-0.786314,0.362406,1.02278,-0.000949656,-0.51733,0.184639,-0.39828,0.74121,-0.661525,-1.2787,-0.750422,1.85824,1.30671,-1.20286,0.777722,1.8221,0.388736,-0.494385,-0.225845,-1.18758,-2.34175
0.11687,-2.11352,0.455416,-1.37957,1.24621,3.95946,0.769854,-0.582998,1.26756,-0.11918,0.193893,0.266076,-0.620816,-0.178381,2.36459,1.2418,-0.77265,3.2622,2.04363,-0.248977,-1.28274,-0.614851,0.0652689,-1.67382
0.337281,1.42579,-0.00717623,-0.674399,0.281466,0.291217,-0.0273802,0.0209665,1.33642,0.130992,0.836012,0.365777,0.132605,0.583593,-0.139753,-0.155164,-0.168468,0.152544,-0.125174,-1.37579,-0.613929,-0.196821,1.56291,-0.339249
-0.765146,1.19966,-0.752485,0.115612,1.35877,2.09357,0.13916,0.284384,-0.406398,0.416672,-0.399788,0.0979527,1.52344,0.695494,1.81496,0.284307,0.668347,2.03521,-0.590768,-0.231715,-0.743169,1.19864,1.99309,-0.275514
-1.43612,7.71312,-2.04131,1.36621,2.70633,0.808713,-0.827075,1.52398,-2.00254,1.72363,-0.159925,-0.0349796,5.21494,2.57946,2.75489,-0.450126,2.06948,1.24212,-4.13865,-1.44209,-1.27552,4.38619,6.93,-0.0833729
-0.361831,3.96507,-0.815663,0.865104,1.59414,0.0849641,-0.727758,0.849152,-1.46213,0.906606,0.168783,-0.496531,2.78981,1.30923,2.06746,-0.0443529,0.890229,0.36186,-2.14413,-0.577134,-0.734992,2.6806,3.56738,-0.74328
-0.927936,2.97196,-1.11279,1.98247,0.0461955,-2.68837,-0.65237,0.962866,-3.04945,0.577385,-0.918629,-0.557277,2.40978,0.556334,-0.264782,-0.754626,1.47933,-1.79425,-2.78603,0.967493,0.837971,2.11938,1.02679,1.4753
2.15336,-0.653151,1.56854,1.62872,-0.513701,-5.23629,-1.66741,0.191662,-4.22804,-0.116459,0.569144,-2.23351,-0.0927281,-0.964424,1.20949,0.784956,-0.593273,-4.1584,-0.869561,2.11224,1.13327,2.0425,-2.0951,-2.31047
-1.2885,1.1494,-1.08445,-1.19279,0.1745,3.14468,1.0159,0.013062,3.53207,0.12989,0.05573,1.77999,0.127445,0.947895,-1.37505,-0.829283,0.305078,2.28224,0.409369,-2.16674,-0.781071,-1.69525,1.98799,1.64778
0.257539,-0.416176,0.251442,-2.05629,-0.602016,2.14255,0.807546,-0.572564,4.54747,-0.269924,1.13611,1.40107,-1.81881,0.154767,-1.84406,-0.460924,-0.850156,1.52256,1.7525,-2.39314,-0.664754,-2.6541,0.468041,0.434632
-0.101738,-5.35556,0.615717,-1.26164,-0.889767,2.57953,1.31395,-1.09134,1.86416,-0.902287,-0.736773,0.559131,-2.79184,-1.34813,-0.76446,0.72557,-0.863035,1.76378,2.94109,0.920186,0.243607,-2.82709,-3.73147,0.262982
1.62143,-1.88933,1.36866,-1.4984,0.818342,1.98141,0.105171,-0.624535,1.42022,-0.183231,1.34591,-0.37997,-1.25239,-0.300372,2.4606,1.37049,-1.51527,1.59199,2.14501,-0.63077,-1.10916,-0.300986,-0.100544,-3.07653
1.94614,0.0691796,1.44454,-1.38906,0.727523,0.722386,-0.559168,-0.269614,1.33327,0.120511,2.07744,-0.517481,-0.764784,0.141309,2.10799,1.07178,-1.53845,0.536204,1.28839,-1.38198,-1.2786,0.329635,1.31064,-3.25609
0.606302,-0.376061,0.474093,2.48765,-1.4553,-6.04581,-1.37024,0.464079,-4.55482,-0.170021,-0.734921,-1.68256,0.140915,-1.05274,-1.08521,-0.300106,0.500316,-4.71851,-1.76325,2.83087,2.11947,1.4986,-2.90691,0.516657
0.331309,-3.10333,0.815324,-3.46494,-0.592228,4.81703,1.75637,-1.12486,6.72588,-0.69511,1.23296,1.99743,-3.47195,-0.363303,-1.74913,0.00304266,-1.85157,3.25091,3.88773,-2.78275,-1.21632,-4.33668,-0.682956,-0.0132764
-0.0410641,-4.79741,0.651194,-1.13941,-1.05902,1.99843,1.11545,-0.904152,1.9796,-0.962062,-0.553488,0.772123,-2.76932,-1.30183,-1.30818,0.208523,-0.823965,1.20601,2.89342,0.793003,0.404418,-2.91699,-3.5749,0.835543
0.720623,3.29371,0.0772137,-1.50809,0.807967,1.3867,-0.116655,0.198169,3.20676,0.566039,1.95072,0.73678,0.333105,1.22313,0.348018,-0.194461,-0.6569,1.05291,0.0233649,-3.27844,-1.56594,-0.143499,3.90337,-1.27338
-0.941417,-3.49395,-0.0494833,-0.804359,0.338663,3.65659,1.28567,-0.666832,1.065,-0.438755,-1.20303,0.736353,-0.960836,-0.702603,0.59926,0.636943,0.0148688,3.09111,1.9197,0.737267,-0.301049,-1.49424,-1.77319,0.506124
-0.292764,0.643768,-0.248906,0.985562,1.08952,0.219962,-0.310147,0.27617,-2.19835,0.301997,-0.613496,-0.696579,1.48884,0.140717,2.16926,0.498243,0.498012,0.563571,-0.919787,0.986814,-0.14264,1.94056,0.735366,-0.629918
-1.18272,0.0607409,-0.825798,-1.42577,-0.197799,3.20872,1.14658,-0.240097,3.4089,-0.0647471,-0.0746275,1.6815,-0.657645,0.58169,-1.49475,-0.72744,0.135243,2.30849,0.920713,-1.73542,-0.528156,-1.90716,0.891731,1.53553
2.3935,-2.451,2.09799,-0.749269,0.744535,0.00568304,-0.687447,-0.713915,-0.722196,-0.379027,1.38214,-1.3406,-1.27678,-0.946832,3.2349,1.89647,-1.6188,-0.00636563,1.85199,0.656401,-0.708444,0.566933,-1.22687,-4.02703
-1.00919,-3.58161,-0.191653,-1.6335,0.458624,5.40948,1.64685,-0.911414,2.55761,-0.461932,-0.776191,1.25298,-1.30867,-0.336004,0.831893,0.646088,-0.318153,4.28072,2.63056,-0.0289417,-0.874997,-2.06651,-1.15339,0.32975
-0.389044,0.980718,-0.275711,-0.935822,-0.0160383,1.609,0.537633,-0.0405761,2.61264,0.07743,0.530003,0.957708,-0.260896,0.603383,-0.97272,-0.496937,-0.223271,1.02561,0.323914,-1.80215,-0.558679,-1.08527,1.49678,0.553194
0.135371,0.328839,0.0688479,-2.52965,0.9225,4.50975,1.01771,-0.487035,4.56547,0.0718216,1.39447,1.30626,-0.787218,0.877564,0.550149,0.185943,-0.791321,3.46252,1.79688,-2.94942,-1.81243,-1.68103,2.35795,-0.975027
0.474004,-1.60729,0.50211,-1.27602,-1.70579,-0.36137,0.437967,-0.455449,3.2734,-0.542828,0.818558,0.994599,-2.54333,-0.375262,-3.45855,-0.831606,-1.02672,-0.897972,1.55946,-1.27057,0.376887,-3.11222,-1.67648,1.07634
-0.757248,-1.09786,-0.223811,-1.09867,0.970675,4.10905,0.932924,-0.376547,1.46843,-0.0198237,-0.329827,0.882392,-0.118758,0.136865,1.28367,0.522772,0.00814022,3.34122,1.22323,-0.608914,-0.902784,-0.65812,0.716551,-0.190985
0.983742,-0.452797,0.727007,0.72659,-1.16865,-3.42401,-0.757459,0.0219144,-1.25334,-0.243277,0.389377,-0.80511,-0.734481,-0.636429,-1.23537,-0.23322,-0.386891,-2.88668,-0.221745,0.912855,1.1389,0.0328094,-1.77398,0.0068267
-1.48341,1.84685,-1.3113,-0.969579,-0.421047,1.76555,0.88981,0.299884,3.18673,0.232685,-0.0258147,1.71168,0.0943732,0.983332,-2.54688,-1.40289,0.555792,1.23154,-0.241114,-2.18985,-0.317342,-1.63684,1.87235,2.36793
1.44677,-5.16498,1.89237,-1.94565,0.299163,2.94552,0.748676,-1.31293,1.7072,-0.852411,0.581007,-0.112098,-2.81778,-1.32897,2.07142,1.65374,-1.77467,2.34314,3.6872,0.438059,-0.791028,-1.76178,-2.71086,-2.6013
1.16694,-1.11632,0.944441,0.317903,0.286493,-0.953897,-0.480678,-0.175662,-1.5076,-0.187806,0.430213,-0.947911,-0.193059,-0.5351,1.66935,0.895335,-0.531716,-0.555424,0.533592,0.905194,-0.00463836,0.898208,-0.921479,-1.77248
0.163249,1.24281,-0.139554,0.0509117,-1.24571,-2.42326,-0.297929,0.232647,0.862664,-0.0418841,0.5333,0.226339,-0.509204,0.188518,-2.74092,-1.15257,-0.0395794,-2.27905,-0.700164,-0.828119,0.704699,-0.743939,-0.055522,1.26051
0.881311,2.86839,0.174117,1.45304,0.174592,-3.39294,-1.33859,0.617017,-2.4599,0.544241,0.613037,-1.25172,1.5832,0.447338,0.820239,-0.104518,0.185159,-2.59853,-2.08977,0.224214,0.347129,2.27781,1.43436,-1.16498
-0.745487,2.29743,-0.872992,0.425607,-2.18485,-3.2833,-0.131703,0.640697,1.50186,0.0393405,0.201106,0.877262,-0.384621,0.488322,-5.09122,-2.25509,0.575875,-3.17458,-1.56979,-1.26814,1.3765,-1.54959,0.0778298,3.41063
-0.163954,-0.057226,-0.101323,0.698926,-0.163214,-1.10655,-0.338573,0.107621,-1.2592,-0.00161159,-0.30849,-0.338442,0.207182,-0.12959,-0.162533,-0.0633798,0.273958,-0.789894,-0.491218,0.787203,0.399696,0.471254,-0.535369,0.242193
0.720087,-3.18027,0.923222,-1.71878,-0.456434,1.91865,0.780314,-0.864261,2.51833,-0.574082,0.469305,0.497985,-2.29668,-0.72435,-0.436534,0.564854,-1.22956,1.25454,2.48522,-0.312015,-0.357988,-2.1756,-1.87733,-0.56917
1.93052,-4.19238,1.96816,0.755077,1.69082,0.268423,-0.719054,-0.680495,-4.34945,-0.344059,-0.244312,-2.40069,-0.0531768,-1.54814,5.80073,2.86171,-0.946095,0.675758,1.57073,3.29921,-0.298924,2.45765,-2.54752,-4.53454
-0.890477,2.85323,-1.1331,0.925037,-0.288232,-1.57812,-0.37387,0.603814,-0.515002,0.384773,-0.374954,0.249655,1.47589,0.781474,-1.44126,-1.16191,1.02942,-1.1425,-1.92661,-0.32681,0.42662,0.687819,1.54578,1.76342
0.822294,-1.89335,0.874509,-1.19819,-0.62837,0.419289,0.398612,-0.625011,2.08766,-0.481533,0.753884,0.359002,-1.87776,-0.599575,-1.04399,0.0278798,-0.996764,0.00669157,1.67496,-0.679898,-0.155124,-1.81556,-1.29025,-0.41168
0.382037,2.88355,-0.0659152,1.12251,-0.516828,-3.87626,-1.04546,0.731929,-1.56785,0.322443,0.553003,-0.717363,0.911319,0.534829,-1.10394,-0.833136,0.300321,-3.10154,-2.00082,-0.261261,0.745447,1.26833,0.927848,0.292397
-0.770938,4.39279,-1.12417,0.911629,-0.942166,-2.90046,-0.631147,0.99346,0.0885991,0.591659,0.22555,0.344756,1.43274,1.14028,-2.76384,-1.77635,0.915874,-2.40509,-2.61517,-1.42941,0.582365,0.491291,2.16502,2.13253
0.254081,-3.18331,0.631718,-1.33929,-0.0951618,2.4482,0.884094,-0.723996,1.62724,-0.483247,-0.0292768,0.381005,-1.73967,-0.744882,0.332734,0.724691,-0.801997,1.75046,2.28578,0.131499,-0.464292,-1.6689,-1.79073,-0.479603
-0.538739,0.866363,-0.403163,1.02107,0.225904,-0.782545,-0.280486,0.362149,-1.64907,0.23363,-0.575438,-0.309586,1.04607,0.172755,0.378426,-0.0699949,0.547828,-0.46528,-1.09313,0.698381,0.277699,1.01425,0.364078,0.443605
1.46479,-0.307958,1.13294,0.101635,1.7321,0.554052,-0.753295,-0.167201,-2.06319,0.117362,0.754078,-1.33608,0.757876,-0.207923,4.35406,1.7407,-0.637346,0.765984,0.375415,0.541787,-1.03011,2.11807,0.872867,-3.77562
-1.81366,6.19372,-2.30513,2.03973,-1.37518,-4.4328,-0.724948,1.52484,-0.832743,0.861321,-0.39021,0.543605,2.51998,1.53006,-4.33625,-2.85506,1.92149,-3.70338,-4.37951,-1.13201,1.4264,1.04807,2.8677,3.96684
0.992956,3.39435,0.234632,0.385132,0.706425,-1.71323,-1.08902,0.474875,-0.592837,0.61226,1.37806,-0.692835,1.45836,0.876957,0.997158,0.0116298,-0.185741,-1.32597,-1.43411,-1.25693,-0.545,1.84528,2.81565,-1.61248
0.123654,-2.02953,0.379895,-0.606773,-1.38141,-0.571394,0.486244,-0.401749,1.6178,-0.4958,-0.0409456,0.519709,-1.96093,-0.678931,-2.4756,-0.444918,-0.525938,-0.768129,1.13588,0.0470613,0.693736,-2.15732,-2.23025,1.20514
-0.967247,-0.242367,-0.706726,1.65862,-0.355921,-1.4567,-0.238909,0.298125,-2.64535,0.0504747,-1.54308,-0.41416,0.961385,-0.326499,-0.325532,-0.403452,0.961316,-0.837686,-1.20251,1.91588,1.11613,0.758858,-1.23673,1.61752
1.38057,-3.05933,1.42622,-0.539522,1.16968,1.79943,0.053013,-0.665792,-0.917559,-0.30683,0.295556,-0.946797,-0.786007,-0.934427,3.7309,1.87772,-0.967191,1.60847,1.94504,1.18659,-0.871551,0.597323,-1.36097,-3.1097
0.201296,-0.553224,0.261296,0.0560118,1.22116,1.32858,-0.0962297,-0.195664,-1.1849,0.10498,-0.11535,-0.536754,0.720322,-0.103181,2.72126,1.03635,-0.00272465,1.29617,0.247517,0.724975,-0.540217,1.2043,0.429151,-1.64775
-0.558318,0.343118,-0.449954,0.705549,0.732828,0.612602,-0.0371591,0.213316,-1.54989,0.203784,-0.654731,-0.296972,1.22895,0.248604,1.58731,0.385555,0.592066,0.72093,-0.64386,0.669983,-0.121497,1.20155,0.501978,-0.186533
1.04211,-1.72042,0.862877,1.67207,-0.518014,-3.53775,-1.0275,0.0281031,-3.89022,-0.261607,-0.596321,-1.67383,-0.0726098,-1.27261,1.04982,0.764376,-0.225776,-2.60506,-0.399451,2.80338,1.17412,1.38319,-2.78532,-1.09751
-1.15674,2.11642,-1.0271,-0.3014,0.907656,2.0444,0.431375,0.287318,0.908871,0.506831,-0.177613,0.762115,1.3139,1.04048,0.411797,-0.375009,0.813122,1.84,-0.771222,-1.34776,-0.755783,0.384337,2.47642,0.612326
1.7714,-3.96528,1.77698,0.140779,1.76853,1.15821,-0.61972,-0.87061,-2.95466,-0.500629,-0.105239,-1.82578,-0.364628,-1.37341,5.32715,2.65561,-1.04373,1.31773,1.91801,2.47134,-0.671098,1.76418,-1.94842,-4.25179
0.351643,-7.35148,1.4043,-1.16436,-1.36637,1.47296,1.16649,-1.37526,1.26562,-1.27637,-1.01781,0.515448,-3.92351,-2.206,-1.00714,0.892779,-1.18364,0.881836,3.70545,2.24651,0.783009,-3.24405,-5.97635,0.388139
-1.67209,-0.0171625,-1.00789,-1.22789,-0.651115,2.58556,1.43657,-0.143688,3.4977,-0.116708,-0.45601,1.92848,-0.877691,0.517646,-2.77561,-1.20872,0.435199,1.81709,0.601728,-1.59782,-0.0676331,-2.45152,0.258856,2.88804
1.5261,-2.36485,1.43192,-1.33274,0.1971,0.950903,0.0649239,-0.757417,1.28194,-0.46126,1.01394,-0.326253,-1.78603,-0.677303,1.23273,1.09119,-1.33134,0.745318,2.15771,-0.408806,-0.647547,-0.778808,-1.08446,-2.28858
-0.145005,-0.254305,0.0499094,-2.11365,0.203417,3.54338,1.14644,-0.526337,4.0396,-0.0302766,0.915995,1.24568,-1.21136,0.466847,-0.537578,-0.143607,-0.564754,2.53708,1.57695,-2.37431,-1.24066,-1.94617,1.21233,0.0094812
-1.45522,6.88383,-2.02481,2.36933,0.226007,-3.3752,-1.22927,1.56462,-2.62643,1.09974,-0.228239,-0.466862,3.96047,1.86972,-0.817457,-1.63521,1.7449,-2.42812,-4.6322,-0.766979,0.637356,3.00404,4.33193,1.81943
-0.498677,6.46719,-1.20105,-0.993483,-0.13021,-0.510114,-0.149371,0.890441,3.86795,0.912601,1.91178,1.30587,1.24171,2.31375,-2.87238,-2.00035,0.32273,-0.596019,-2.06511,-4.68939,-0.915589,-0.396271,5.42261,1.25668
0.218304,-1.7647,0.273353,0.647918,-0.565239,-1.31544,-0.294809,-0.0304487,-1.4043,-0.423093,-0.572708,-0.420623,-0.568723,-0.771031,-0.370927,0.196448,-0.163867,-1.08014,0.296411,1.55961,0.736234,-0.204982,-2.19896,0.219729
1.96378,-2.40472,1.93573,-3.1137,0.755788,3.60307,0.730904,-1.1925,4.15828,-0.595653,2.05752,0.478109,-2.5646,-0.3467,1.50689,1.33032,-1.93896,2.55719,3.54665,-2.23123,-1.87872,-1.98589,-0.0136099,-3.08328
1.11915,-6.40851,1.64565,0.151582,-0.555755,-0.344063,-0.0499006,-0.921012,-1.94179,-1.0854,-0.984406,-0.884548,-2.54006,-2.24959,1.28572,1.4779,-0.944833,-0.367071,2.53723,3.50051,0.91762,-0.878331,-5.63791,-1.20252
-0.376229,2.026,-0.43715,-0.287899,-0.079115,0.00928026,0.122385,0.266217,1.3824,0.256913,0.401758,0.448541,0.484653,0.686895,-1.23282,-0.747812,0.174244,-0.140842,-0.684772,-1.49397,-0.248395,-0.272817,1.65564,0.77466
-0.385787,3.52329,-0.826361,1.16983,0.433873,-1.5952,-0.778949,0.822438,-1.62813,0.565114,0.085577,-0.45353,2.20221,0.958795,0.338948,-0.543561,0.736446,-1.10033,-2.16792,-0.382999,0.0612208,1.95917,2.46682,0.204393
0.402264,1.38872,0.389494,-2.03387,0.51326,2.29799,0.526904,-0.258331,3.7551,0.189935,1.62912,0.903805,-0.561702,0.835884,-0.198022,-0.11328,-0.656749,1.64313,0.96879,-3.03991,-1.45265,-1.09512,2.51238,-0.979073
0.343231,1.15078,0.0320933,-0.161506,0.798722,0.765626,-0.110922,0.00119964,-0.0200659,0.260378,0.492467,-0.301161,0.924244,0.537519,1.51036,0.431679,0.00209133,0.932706,-0.213948,-0.597277,-0.726746,0.974362,1.6136,-1.24263
0.159585,1.43674,0.0472584,0.230613,0.907494,0.422735,-0.318077,0.11469,-0.738677,0.325515,0.376766,-0.422946,1.00615,0.37154,1.71372,0.309929,0.0694073,0.588585,-0.508365,-0.341436,-0.54951,1.27013,1.60848,-1.16136
0.175172,3.26356,-0.295886,1.36963,0.727117,-2.1104,-1.14793,0.673521,-2.50021,0.655897,0.248209,-0.970291,2.19963,0.689026,1.46463,-0.122469,0.506279,-1.30097,-2.1731,0.0277628,-0.0145471,2.56657,2.31644,-0.92591
3.24964,-7.65809,3.38619,-0.356137,1.8517,1.73841,-0.603659,-1.67447,-3.45334,-0.985649,-0.0648175,-2.29038,-1.93643,-2.6918,7.03215,3.96687,-2.03231,1.79751,4.15176,4.02583,-0.751255,1.28983,-4.64721,-6.17129
2.08953,-1.20024,1.58446,1.09873,-1.03332,-5.04687,-1.48987,0.0366654,-2.55091,-0.366847,0.661341,-1.83185,-1.03983,-1.21606,-0.0596599,0.534592,-1.15805,-4.11771,0.0243314,1.73151,1.02711,0.718055,-2.5753,-1.51866
-0.312577,0.227716,-0.291027,1.36797,0.226257,-1.22517,-0.530734,0.316943,-2.65604,0.130695,-0.756171,-0.726618,1.10476,-0.215958,1.04416,0.128175,0.48567,-0.742062,-1.0332,1.52316,0.413368,1.40004,-0.378343,0.028709
-1.12729,3.17674,-1.31686,1.08197,0.112811,-0.855432,-0.363528,0.848241,-0.836239,0.599248,-0.364626,0.184115,1.87262,1.01189,-0.702307,-0.99768,1.10164,-0.443217,-2.22963,-0.477754,0.221943,1.13771,2.16268,1.41368
-0.177712,1.59613,-0.264298,0.132554,-0.238019,-0.827422,-0.170276,0.301247,0.330806,0.17098,0.370692,0.169823,0.550414,0.443478,-0.799013,-0.484378,0.136101,-0.637204,-0.697872,-0.71661,0.0317074,0.22778,1.04518,0.319979
-1.07757,-3.83336,-0.17549,-0.898479,-0.0521045,3.44254,1.35157,-0.674236,1.17462,-0.360836,-1.25169,0.980365,-1.37856,-0.738639,-0.104816,0.339041,0.263413,2.62,1.97939,1.06815,0.0399098,-1.80014,-2.55854,1.17894
-1.90048,-1.61105,-1.0766,-0.685496,0.254783,3.81173,1.48171,-0.200306,1.43332,-0.0312631,-1.23927,1.40833,-0.1511,0.130439,-0.369757,-0.219845,0.890649,3.0273,0.792584,0.148216,-0.132243,-1.3647,-0.396418,1.99198
1.49919,-5.51605,1.8912,-1.22913,-0.0346754,1.63986,0.456162,-1.19028,0.701715,-0.875151,0.178013,-0.23113,-2.78521,-1.74842,1.17415,1.5236,-1.4243,0.919522,3.3531,1.38407,-0.222024,-1.52506,-3.81381,-1.89657
-0.183576,1.53661,-0.22044,0.0566538,2.05387,2.47032,-0.138339,-0.0518119,-1.14315,0.537141,0.059662,-0.442532,2.09753,0.601694,3.62269,0.90303,0.421007,2.3053,-0.457529,-0.324132,-1.15329,2.09929,2.65013,-1.87782
-0.425326,0.465431,-0.321564,0.922619,1.87153,1.92296,-0.14153,0.0405507,-2.82719,0.349333,-0.905,-0.768779,2.24046,0.311126,4.01908,1.09381,0.694264,2.03879,-0.668196,1.21973,-0.659,2.31316,1.35253,-1.60576
-1.09745,1.29882,-1.02065,0.706814,-0.540055,-0.862571,0.0245779,0.495767,-0.176445,0.237714,-0.602151,0.428042,0.744068,0.430475,-1.48582,-0.933518,0.729759,-0.659582,-1.31531,-0.0156569,0.614658,0.0408877,0.467934,1.77354
-0.243365,-3.4721,0.440737,-0.433102,1.14882,3.42603,0.707488,-0.679165,-0.724202,-0.425943,-1.09282,0.0493062,-0.27675,-0.847174,2.71662,1.41557,0.0353576,2.86447,1.79184,1.72049,-0.393678,-0.0437046,-1.7271,-0.911478
1.67471,-5.1047,1.89661,0.075143,1.09739,0.803269,-0.461453,-1.09622,-2.78638,-0.678618,-0.495555,-1.52902,-1.01078,-1.95742,4.37966,2.49401,-0.921793,0.977258,2.40096,3.25909,-0.157855,1.00224,-3.47472,-3.40017
0.930869,5.10184,-0.180866,1.48519,0.339475,-4.04276,-1.72424,0.827775,-2.05714,0.684767,1.391,-1.29137,2.35899,1.12364,0.599209,-0.539108,0.0241469,-2.95705,-2.93716,-1.18137,-0.131149,2.7864,3.47124,-1.42128
0.142942,-0.780825,0.054821,1.2333,-0.041337,-1.68167,-0.676188,0.051364,-2.32114,-0.152905,-0.564169,-0.86701,0.430028,-0.550259,0.696938,0.278986,0.103984,-1.13087,-0.508455,1.80955,0.644439,0.908637,-1.24555,-0.27518
-1.21895,6.61811,-1.82054,1.15689,0.402097,-1.64079,-0.542076,1.26248,-0.616786,1.02331,0.4163,0.0232895,3.33148,2.14896,-0.808722,-1.46172,1.19546,-1.10912,-3.74915,-2.2896,-0.177755,2.10285,5.13332,1.10919
-0.459453,1.56625,-0.490386,0.434249,0.170742,-0.268984,-0.0977988,0.31226,-0.487891,0.235598,-0.118083,-0.0219535,0.934276,0.458714,0.0562051,-0.281162,0.337263,-0.114878,-1.0215,-0.267941,0.0507467,0.648728,1.18251,0.415247
0.359723,-4.41242,1.01175,-1.88345,-0.355116,2.86253,1.27338,-1.05669,2.73971,-0.66575,-0.107817,0.896562,-2.74821,-0.921314,-0.470277,0.611691,-0.788176,2.01366,3.13289,0.26466,-0.256237,-2.64364,-2.87125,-0.0671111
0.404911,2.43787,-0.049095,1.15016,0.922662,-1.44486,-0.984307,0.466571,-2.3537,0.444159,0.308605,-1.14195,2.0569,0.514129,2.01998,0.330569,0.233286,-0.85404,-1.64685,0.0356261,-0.264164,2.3975,2.12997,-1.59424
-1.83197,2.76423,-1.97766,2.46808,0.00891488,-1.66307,-0.520801,1.02302,-3.09745,0.575149,-1.505,-0.290882,2.78672,0.756793,-0.300787,-0.867929,1.68842,-0.949273,-3.10747,1.21672,1.0102,1.91807,1.21229,2.177
-0.922852,-0.489758,-0.418776,-0.811212,1.03039,3.66374,0.914376,-0.240087,0.872831,0.0985123,-0.470892,0.735952,0.495938,0.35749,1.50611,0.343068,0.482968,3.14797,0.717589,-0.421375,-0.87461,-0.321918,0.863727,-0.0749502
1.79823,-6.5364,2.24701,-2.10123,-0.878589,1.37643,0.747488,-1.32476,2.33564,-1.10889,0.388113,0.237876,-4.26127,-2.06252,-0.528257,1.21871,-1.73299,0.620884,4.33019,1.07945,0.0709005,-2.98533,-5.02981,-1.26555
-0.0425315,1.6027,-0.409896,0.836702,-0.72423,-2.59604,-0.585787,0.504869,-0.800573,0.199429,0.0918833,-0.35382,0.465466,0.256682,-1.41735,-0.767771,0.10691,-2.04017,-1.36591,-0.164776,0.600504,0.408457,0.282785,0.709088
-1.89925,-0.385832,-1.29959,-0.937206,-3.11865,-0.919084,1.31861,0.427575,4.42206,-0.192567,-0.369271,2.24195,-2.55404,0.209043,-7.59979,-2.58691,0.349577,-1.48103,0.116527,-1.47083,1.46638,-4.2612,-2.03113,5.4008
1.38452,1.446,0.868402,-0.379172,-0.117681,-2.02319,-0.715064,0.0523051,0.576522,0.189349,1.5978,-0.704852,-0.242791,0.17005,-0.339403,-0.0256965,-0.826452,-1.68641,-0.162305,-1.27733,-0.312127,0.345994,1.17091,-1.44481
4.61884,-8.93448,4.53128,-3.0674,-0.372197,0.750419,0.078486,-2.18579,2.60739,-1.7367,1.87703,-0.838941,-6.10732,-3.24017,1.68722,2.86758,-3.70234,-0.00620544,6.57109,1.25334,-0.711586,-2.95881,-6.28426,-4.98156
-1.48394,2.24736,-1.26708,0.153887,0.458294,1.50202,0.490106,0.377001,0.50082,0.50728,-0.427787,0.795425,1.42332,1.06866,-0.192301,-0.638222,1.00492,1.28601,-1.17812,-1.08381,-0.226643,0.285936,2.18801,1.37725
2.87553,-9.02545,3.66896,-2.59288,1.48275,4.78656,0.739531,-2.23706,0.813157,-1.42375,0.285557,-0.543165,-3.99976,-2.73226,5.01983,3.47164,-2.09055,3.76589,6.12234,2.42445,-1.28419,-1.39592,-5.11051,-4.93376
1.32535,-3.24447,1.44602,-0.569458,0.294724,0.540064,0.0527245,-0.787487,-0.464303,-0.565826,0.0902949,-0.749213,-1.34711,-1.16003,1.801,1.32254,-0.886513,0.433071,2.04105,1.25865,-0.298348,-0.224387,-2.25413,-1.90566
-0.41706,2.83452,-0.7741,1.36694,0.813677,-0.891164,-0.6309,0.515183,-2.1797,0.453728,-0.126241,-0.681948,2.40144,0.634576,1.4754,-0.115472,0.674737,-0.302321,-1.92047,0.11439,-0.0719913,2.0641,2.24674,-0.472028
0.30037,-7.04434,1.1327,-1.14967,-0.506954,2.75177,1.27076,-1.23307,0.857588,-1.12903,-1.25324,0.599869,-3.18547,-1.99979,0.232364,1.14621,-0.702257,1.82959,3.68269,2.45648,0.410803,-2.57712,-5.48004,0.298647
1.44001,-4.97023,1.8348,-3.22198,-0.799406,2.66349,1.36467,-1.36377,4.956,-0.86784,0.968002,1.22274,-4.4364,-1.18466,-1.80269,0.613338,-1.631,1.48399,4.39967,-1.01831,-0.593593,-3.90663,-3.23784,-0.590445
0.783309,-1.54723,0.864256,0.0217559,1.48078,1.6455,-0.284147,-0.540052,-1.87698,-0.156536,-0.284476,-0.770551,0.502537,-0.61027,3.86888,1.61485,-0.191067,1.47533,0.926823,1.28738,-0.674554,1.39765,-0.272316,-2.63369
-2.91307,6.38576,-2.96306,1.24776,0.522508,0.557522,0.163514,1.37743,-0.333726,1.16044,-0.502462,0.854309,3.87064,2.49069,-0.826916,-1.81285,2.23097,0.785047,-3.92001,-2.08858,-0.154569,1.74109,5.21771,2.68191
-0.827493,6.63676,-1.48309,0.648526,0.53374,-1.21255,-0.601339,1.10821,0.131243,1.03311,1.16638,0.0419681,3.0817,2.23027,-0.46185,-1.31949,0.961458,-0.690334,-3.42016,-3.03662,-0.642442,1.87582,5.59646,0.427487
0.247392,-2.9304,0.542024,0.122156,-0.209648,0.181432,0.14913,-0.425387,-0.667087,-0.411557,-0.767164,-0.160089,-0.982388,-1.02232,0.368683,0.705661,-0.199548,0.16114,1.20958,1.67675,0.415015,-0.550227,-2.65772,-0.0299643
-0.397599,4.99807,-0.841693,-0.0459006,0.883382,0.316038,-0.162683,0.532084,0.803744,0.830427,1.13073,0.138046,2.21628,1.82153,0.471855,-0.739066,0.596545,0.458222,-2.03513,-2.75043,-1.0398,1.38548,4.81627,-0.506978
1.07579,-0.272867,0.523332,2.55553,0.707746,-3.25087,-1.86046,0.155266,-5.54927,-0.00795219,-0.608667,-2.20909,1.70307,-0.918481,3.22552,1.15338,-0.161209,-2.05813,-1.18142,3.16359,0.65837,3.11011,-0.967779,-2.12103
-0.852843,0.950654,-0.455392,1.06238,2.378,2.83536,-0.160288,-0.0869974,-3.06386,0.435052,-1.0029,-0.677732,3.04561,0.518142,5.05629,1.16897,1.04006,2.90551,-0.905236,1.14102,-0.894349,2.92967,2.23672,-1.9028
2.81567,-0.0142721,1.54728,0.311936,-2.16961,-6.86178,-1.72734,0.157282,0.048465,-0.363959,1.90986,-1.337,-2.32734,-1.08686,-3.23618,-0.495627,-1.90708,-5.85103,-0.0845135,-0.16194,1.03534,-0.659247,-2.06324,-0.943804
2.62767,-3.19333,2.15709,-0.585055,-0.817763,-2.49078,-0.762698,-0.713583,0.126163,-0.699016,1.09851,-1.06012,-2.64464,-1.63398,-0.125069,0.975593,-1.81243,-2.2152,2.09051,0.940306,0.201829,-0.811102,-3.17311,-2.0125
-0.153154,3.3512,-0.486669,0.373308,0.718376,-0.244139,-0.329755,0.389141,-0.532649,0.634334,0.614466,-0.434645,1.90279,1.05506,0.881575,-0.268069,0.425752,-0.107962,-1.6374,-1.29041,-0.493471,1.57252,3.02626,-0.709348
-1.46462,2.91551,-1.5592,1.90261,0.49355,-0.787668,-0.444263,0.788587,-2.50182,0.643922,-0.995782,-0.34324,2.80578,0.988062,0.771823,-0.611904,1.34006,-0.132376,-2.53071,0.462714,0.383041,1.99258,2.11819,1.02596
-1.4722,7.63809,-2.43267,3.94887,-0.0776511,-5.39686,-1.98753,2.00974,-4.95693,1.19976,-0.55152,-1.30733,4.94513,1.77381,-0.331837,-1.58388,1.68067,-3.79449,-6.10688,0.145766,1.22659,4.17204,4.40064,1.5689
0.0944748,2.836,-0.470177,0.981648,-0.11364,-2.44443,-0.802437,0.718596,-1.023,0.440995,0.490378,-0.633455,1.18977,0.705081,-0.501401,-0.561421,0.0861215,-1.86707,-1.80896,-0.538002,0.263541,1.18538,1.58416,0.0707181
2.08175,-9.8061,2.90623,-1.30626,-0.114073,1.87874,0.552601,-1.87969,-0.370027,-1.52514,-0.942612,-0.347923,-4.47437,-3.31703,2.14303,2.4957,-1.73614,1.29259,5.23013,4.21538,0.332643,-2.12889,-7.72829,-2.09866
0.463211,-4.75059,1.14477,-0.091156,1.77977,3.46174,0.252565,-1.17148,-2.25326,-0.507335,-1.29695,-0.636336,-0.134127,-1.51382,4.86792,2.15138,-0.181662,3.06379,2.40763,2.92275,-0.509867,0.822083,-2.48137,-2.48
0.222076,1.27133,0.119926,0.442733,1.19392,0.352127,-0.554576,0.0109525,-1.70971,0.223711,0.098455,-0.674084,1.53377,0.280419,2.3835,0.528142,0.162543,0.5144,-0.692849,0.271443,-0.501489,1.76886,1.59408,-1.4481
1.04848,-1.09367,0.788283,1.24592,0.57894,-1.63597,-1.01275,-0.120703,-3.11792,-0.209376,-0.257787,-1.4221,0.447686,-0.889699,2.27455,1.06514,-0.454112,-1.0906,-0.0518915,2.09566,0.367934,1.67365,-1.03773,-1.79892
-0.215864,-6.20569,1.05387,-1.55766,0.521963,4.80892,1.50764,-1.31179,1.16415,-0.885052,-1.34729,0.952499,-2.29922,-1.50779,1.75288,1.47616,-0.202155,3.66122,3.64047,2.05332,-0.339524,-1.98264,-3.95747,-0.32648
1.1198,-0.460398,0.958985,0.360254,1.71993,1.0651,-0.686893,-0.527795,-2.40892,-0.00629714,0.0883956,-1.2346,1.16872,-0.380691,4.40912,1.58336,-0.284305,1.20559,0.392695,0.974406,-0.832095,2.14337,0.748619,-3.25976
0.627842,-1.68498,0.581899,-0.307722,-0.807153,-0.993676,-0.0648594,-0.156995,0.646276,-0.373395,0.0770324,0.00874063,-1.55508,-0.671845,-1.17205,0.0471442,-0.669938,-0.978446,0.905624,0.537111,0.42008,-1.01693,-1.94239,0.209023
1.92595,0.595976,1.35592,-1.09102,-0.64255,-2.41219,-0.569663,-0.238472,2.13065,-0.159578,1.90823,-0.405459,-1.8073,-0.197712,-1.64543,-0.117525,-1.48881,-2.1417,0.725051,-1.83617,-0.361414,-0.848934,0.17684,-1.43563
-0.424147,0.467448,-0.34484,-0.95207,-0.155695,1.32987,0.633435,0.0024335,1.93481,0.150966,0.213089,0.849505,-0.345983,0.547424,-1.11288,-0.477895,0.252611,0.947823,0.292758,-1.32447,-0.327053,-0.892804,0.838426,0.835956
-0.832117,3.13803,-1.13772,0.670162,-1.02872,-2.22677,-0.178428,0.848138,0.657137,0.392354,0.328563,0.373486,0.66678,0.919794,-3.08068,-1.57952,0.434224,-1.96482,-1.96612,-1.37341,0.623112,-0.22796,1.4525,2.05835
-1.56226,4.15416,-1.82796,2.28748,0.4345,-1.55904,-0.761043,1.01214,-3.10225,0.78827,-0.817093,-0.50473,3.52486,1.18007,0.824927,-0.732916,1.38019,-0.726558,-3.47088,0.19096,0.393565,2.56622,2.97819,0.917219
0.467404,1.99663,-0.0692211,1.10569,0.693785,-1.43503,-0.969123,0.248546,-2.0447,0.35763,0.323047,-1.17058,1.67822,0.263664,1.78906,0.310348,0.0896358,-0.820753,-1.38498,0.179306,-0.0922555,2.1157,1.57574,-1.26119
-1.19702,-1.00036,-0.185679,-3.08767,0.797708,6.33923,2.31242,-0.77514,5.01648,-0.103553,0.199632,2.15035,-1.20901,0.740022,-0.311377,-0.173544,0.55467,4.82332,2.20861,-2.68611,-1.45939,-2.54895,1.14855,0.708503
0.380962,-2.25183,0.876735,-1.43834,0.020381,1.88574,0.763747,-0.671138,1.98131,-0.349119,0.211528,0.635681,-1.7331,-0.443541,-0.112896,0.433352,-0.462445,1.23579,2.05519,-0.182722,-0.39826,-1.35369,-1.29227,-0.304141
1.89561,-2.50655,1.79143,-0.697029,-0.115673,-0.863375,-0.363976,-0.596452,0.369296,-0.582687,0.686327,-0.685374,-1.85651,-1.16277,0.368504,0.863184,-1.30717,-0.873555,1.75138,0.651463,-0.0731805,-0.570416,-2.06128,-1.86256
1.16619,0.603032,0.909422,-0.743516,0.563121,0.0614517,-0.298678,-0.235695,0.727445,-0.00903681,1.08062,-0.413157,-0.0306042,0.188972,1.0724,0.546653,-0.592163,0.171651,0.457554,-1.1371,-0.727855,0.38408,1.12101,-2.03259
0.207047,-0.705298,0.20958,-1.6574,-1.86961,-0.713336,0.83272,0.0391867,4.11382,-0.221595,0.936955,1.23303,-2.79163,0.11429,-4.44316,-1.13055,-0.662719,-1.11471,1.07067,-1.82675,0.32483,-3.1361,-1.31546,1.89004
-0.38885,-0.679201,-0.17259,-1.19883,-1.45955,0.0928981,0.888268,-0.0483,3.17409,-0.132703,0.33439,1.15363,-1.94861,0.0735209,-3.61908,-1.00541,-0.185007,-0.340497,0.835262,-1.27769,0.380504,-2.53361,-1.09659,2.07778
1.71196,-5.17888,1.78579,0.494324,-0.608675,-1.93011,-0.782296,-0.676192,-1.92434,-0.85137,-0.647519,-1.0039,-2.3273,-2.42381,0.884207,1.4048,-1.26518,-1.63474,2.15574,3.50999,0.845092,-0.388655,-5.01445,-1.24229
-2.21816,3.62581,-2.25458,0.0999562,-1.6784,-1.03094,0.705504,1.17841,2.2671,0.720184,-0.116105,1.31342,0.556451,1.58179,-4.97877,-2.40785,1.04152,-1.06917,-2.33849,-2.3743,0.749365,-1.36446,1.96322,4.24901
0.528219,3.445,-0.0900489,0.261913,0.00500191,-2.07427,-0.658231,0.467806,0.106583,0.467408,1.2755,-0.59879,1.05293,0.90837,-0.348037,-0.555477,-0.27434,-1.48559,-1.56848,-1.81345,-0.342147,0.953036,2.60575,-0.83867
0.766655,1.75617,-0.0169732,1.63014,-1.12389,-5.15678,-1.51479,0.701066,-1.93525,0.290851,0.355966,-1.27455,0.521884,-0.246521,-1.34417,-0.530426,-0.59583,-3.89006,-1.84451,0.616213,0.887681,1.17897,-0.299347,-0.0231333
-2.53974,1.61511,-1.73475,-1.24663,0.240849,4.49478,1.92852,0.218231,3.06564,0.367744,-0.518196,2.13062,0.638876,1.47381,-1.2125,-1.04102,1.47543,3.4991,-0.341032,-2.19023,-0.68983,-1.37059,2.39557,2.4934
-0.888777,0.00509499,-0.846966,1.7913,-0.267108,-1.37982,-0.44683,0.472858,-2.63127,0.0843713,-1.28442,-0.425286,1.12709,-0.297395,0.252148,-0.187467,0.532332,-0.913091,-1.29338,1.99438,0.943585,0.88566,-0.849611,1.13539
-0.749042,-1.91872,-0.157947,-2.28348,-1.4575,2.07359,1.77076,-0.244888,4.9884,-0.343842,0.202316,2.14395,-2.9731,0.107414,-4.29118,-1.00446,0.0325014,1.0271,1.92535,-1.71402,0.164606,-3.74989,-1.72522,2.77601
3.23459,-4.37328,2.62463,-1.11468,-1.66325,-3.83596,-0.700094,-0.744705,1.49794,-0.940721,1.30353,-0.768815,-4.29186,-2.23209,-2.18038,0.750914,-2.44679,-3.45904,2.87838,1.01644,0.552677,-1.98905,-4.77101,-1.45352
0.513516,-4.7429,0.802275,2.53109,1.79375,0.662997,-1.17456,-0.707986,-6.88201,-0.565854,-2.42358,-1.87136,1.46092,-2.19763,6.51052,2.66996,0.130652,1.14299,0.739856,6.07583,0.63055,2.99547,-3.52882,-2.60654
-1.23473,3.13009,-1.1775,-0.29585,0.020803,1.09316,0.503892,0.501129,1.4034,0.507448,0.27802,0.763228,1.15731,1.47411,-1.14979,-1.12177,0.869383,0.748799,-1.43957,-2.24301,-0.368523,0.012047,2.85551,1.16718
0.287561,-0.220805,0.222436,-0.294119,0.379759,0.899214,0.0537195,-0.162374,0.00382757,-0.0251624,-0.0154585,-0.0807506,0.0824085,-0.0915734,0.96618,0.273201,-0.0138359,0.717707,0.364731,-0.0722339,-0.257278,0.151122,0.315849,-0.685086
0.118593,-4.55895,0.616117,-0.562886,-0.240981,1.67018,0.615365,-0.608721,0.450987,-0.541167,-1.10524,0.515831,-2.07303,-1.34193,0.0265931,0.732231,-0.176536,1.09172,2.22751,2.06924,0.413641,-1.62139,-3.75211,0.488574
-0.434095,0.309761,-0.459248,-0.305025,-1.05458,-0.710617,0.360828,0.285534,1.47686,0.116399,0.0718616,0.668792,-0.670402,0.24726,-2.45342,-0.852858,0.0271761,-0.755407,-0.271608,-0.830388,0.381248,-1.19256,-0.33697,1.72327
1.27897,1.6884,0.78274,0.509694,1.39132,-0.736184,-1.09034,-0.229112,-1.98006,0.142255,0.878206,-1.4278,1.57401,0.152255,3.19086,0.915851,-0.479051,-0.192264,-0.510729,-0.134887,-0.816207,2.21883,2.13103,-2.97621
0.761556,1.31042,0.385067,-0.979646,-0.950476,-1.73163,-0.0304211,0.191499,2.51915,0.109851,1.36076,0.230636,-1.15257,0.395302,-2.72287,-0.620459,-0.751192,-1.56937,0.0158675,-2.13488,-0.140941,-1.1454,0.621714,0.301947
-1.1532,-2.11841,-0.517114,-0.743908,-0.54982,2.3371,1.18075,-0.171931,1.45547,-0.258988,-1.03098,1.32649,-1.15807,-0.279238,-1.2547,-0.1458,0.616898,1.64619,1.1245,0.486621,0.267805,-1.89814,-1.8438,2.02507
-0.199987,1.15866,-0.233233,-0.82818,0.0353588,0.645568,0.434537,-0.0549851,1.66473,0.188308,0.629107,0.404388,-0.111715,0.617964,-0.913404,-0.430121,0.0886536,0.44613,-0.130654,-1.64193,-0.454802,-0.561758,1.29974,0.161259
0.31483,-1.67182,0.443513,-0.526122,-0.717835,-0.425525,0.215375,-0.107686,1.07205,-0.324668,0.0325223,0.226591,-1.57603,-0.51287,-1.42672,0.0146591,-0.390448,-0.533266,0.95229,0.233286,0.302839,-1.16905,-1.69309,0.393471
1.70563,-1.34062,1.40134,-0.232246,-0.176969,-1.44056,-0.494997,-0.378154,0.268715,-0.371217,0.824875,-0.542189,-1.29849,-0.720379,0.00970646,0.540375,-1.05618,-1.28904,1.10659,0.260395,-0.0615758,-0.216969,-1.30085,-1.44916
-0.245047,-2.16915,-0.070889,1.29746,-0.544395,-1.29089,-0.384816,0.0769697,-2.28759,-0.301096,-1.28668,-0.425149,-0.213633,-0.972891,-0.00227026,0.256037,-0.0178805,-0.96829,0.103481,2.83267,1.09875,0.140548,-2.70961,0.838089
-0.395536,2.22687,-0.68963,0.832421,-0.609801,-2.12398,-0.553549,0.646795,-0.53853,0.286176,0.289485,-0.309878,0.796625,0.4905,-1.32519,-0.771598,0.132671,-1.74694,-1.67083,-0.483812,0.379427,0.476794,0.972054,0.904486
-1.46251,7.42586,-1.81997,1.30678,0.946744,-0.624167,-0.413756,1.12011,-0.890483,1.20842,0.879146,-0.458086,4.24124,2.64348,0.643374,-1.2619,1.21016,0.0415603,-4.01362,-2.97576,-0.703167,2.78318,6.59173,0.124299
-2.14397,4.65849,-2.48329,2.04753,-0.61573,-1.84903,-0.50213,1.36254,-1.73714,0.933845,-0.62646,0.123981,2.92034,1.60049,-1.55957,-1.6905,1.39874,-1.19054,-3.76773,-0.539877,0.821625,1.47063,2.89405,2.63054
-0.884675,2.71418,-0.899235,0.450106,0.723002,0.775403,0.074381,0.350059,-0.573401,0.447646,-0.0227803,-0.0150889,1.89701,1.02032,0.870182,-0.21489,0.842681,0.793939,-1.50336,-1.0788,-0.396776,1.13095,2.62609,0.040245
0.12599,-1.20856,0.127359,-0.916922,-0.6869,0.116782,0.397508,-0.0311535,1.80982,-0.239076,0.242938,0.522982,-1.50107,-0.189347,-1.7437,-0.253124,-0.340195,-0.218328,0.915477,-0.324156,0.177447,-1.57072,-1.25471,0.833511
1.1538,-1.68559,0.913822,-0.00428375,-0.259172,-1.33348,-0.467207,-0.229157,-0.28406,-0.286373,0.23594,-0.488527,-1.05253,-1.01842,0.0380676,0.409347,-0.706885,-1.04222,0.916758,0.853428,0.248913,-0.226665,-1.80075,-0.684812
-0.2388,-1.16589,-0.212898,-0.19232,-0.586126,0.00433904,0.387019,-0.00394378,0.676673,-0.105564,-0.404958,0.38689,-0.906259,-0.274261,-1.23927,-0.290965,0.0907345,-0.0584983,0.429138,0.430715,0.330561,-1.08569,-1.40121,1.05958
2.03985,3.76419,0.768476,0.459719,-1.22232,-6.30677,-1.61208,0.743276,0.563349,0.457337,2.34671,-1.44518,-0.36358,0.478048,-2.87582,-0.837415,-1.60086,-4.96877,-1.64466,-2.28806,0.189315,0.578826,1.70799,-0.972556
2.25833,-8.06636,3.20312,-3.72316,0.816813,5.00725,1.55913,-2.22011,3.68965,-1.28954,0.287949,1.04899,-4.77502,-2.22377,1.84626,2.243,-1.50107,3.46192,6.23297,0.906554,-1.14772,-3.19116,-4.95395,-2.6147
-0.976735,-0.0504431,-0.822248,0.692998,-1.5814,-1.84304,-0.0241144,0.602125,0.255736,0.0359149,-0.585393,0.489553,-0.600298,-0.0735089,-2.97514,-1.08227,0.187527,-1.65862,-0.736762,0.424991,1.10064,-0.991627,-1.55615,2.41446
0.349327,-6.1064,1.29381,-2.73011,-0.728014,3.46524,1.8484,-1.04932,3.83542,-0.891588,-0.513191,1.69506,-4.32294,-1.46283,-1.72721,0.592121,-0.494415,2.0664,4.28157,0.77066,-0.154414,-3.76976,-4.79011,0.927107
-0.522999,-1.46567,-0.356576,1.1812,-0.139844,-0.473903,-0.319436,0.215398,-2.01578,-0.0651267,-1.20053,-0.356211,0.327459,-0.626554,0.665426,0.153153,0.219922,-0.242855,-0.271539,2.15883,0.857379,0.451074,-1.75672,0.625468
-0.739401,4.13828,-1.38762,1.66869,-0.0482141,-2.38953,-0.74694,0.948615,-1.80014,0.576585,0.191618,-0.665482,2.43475,1.15454,-0.281092,-0.818873,0.48355,-1.61654,-2.93542,-0.755785,0.317737,1.74136,2.80684,0.523353
0.676371,-2.8743,0.991125,-1.22217,-0.476896,0.763237,0.526909,-0.578156,1.90067,-0.515767,0.117084,0.621989,-2.34186,-0.821385,-0.972921,0.347958,-0.738212,0.276391,2.16009,0.306972,-0.0452562,-1.777,-2.4352,0.0575975
1.2329,-5.29536,2.21936,-4.30045,0.722926,5.94706,2.12961,-1.75828,5.55633,-0.811813,0.805832,1.64912,-4.03834,-0.918816,0.464944,1.30912,-0.714828,4.15082,5.09643,-1.35996,-1.56544,-3.3061,-2.30404,-1.60055
-1.0913,5.1508,-1.46758,1.10764,0.615832,-0.207013,-0.309143,0.738277,-1.02181,0.806579,0.425894,-0.247126,3.17605,1.8732,0.727374,-0.75633,1.05153,0.336055,-2.95961,-1.87403,-0.393155,2.02892,4.61524,0.147279
-2.10319,5.23868,-2.29001,1.93835,0.607783,0.00621665,-0.316558,0.986372,-2.13237,0.921094,-0.364279,-0.10646,4.00265,1.92131,0.960237,-1.01202,1.60444,0.514064,-3.71729,-1.10725,0.00393533,2.37351,4.54483,0.968103
-0.462079,0.899795,-0.53173,1.56416,0.628754,-0.396412,-0.64693,0.224783,-2.75064,0.123085,-0.675487,-0.688284,1.87014,0.114554,1.9371,0.326205,0.422958,-0.0326264,-1.19457,1.21003,0.199117,1.68567,0.74041,-0.355969
-1.34957,5.80659,-1.65706,-0.165718,-0.742867,-0.908405,0.357773,1.05251,2.38753,0.94467,1.17195,0.602251,1.51916,2.33723,-3.09468,-1.94979,0.66736,-0.705076,-2.63439,-4.11628,-0.272127,-0.0497889,4.53636,1.77461
1.38291,-2.45179,1.55752,-0.506224,1.42272,1.93179,-0.256489,-1.06434,-0.978774,-0.431556,0.0470524,-0.615524,-0.251697,-1.03982,3.81285,1.69499,-0.512043,1.66397,1.90528,1.30179,-0.764614,0.792185,-0.822022,-3.0417
-1.71255,2.58287,-1.90513,2.22274,-0.782892,-2.26332,-0.631844,1.12909,-2.29084,0.46518,-1.04151,-0.237543,2.11179,0.655138,-1.25526,-1.28222,0.903065,-1.54058,-2.89664,0.68985,1.1268,1.10453,1.01631,2.31519
-1.88945,5.43922,-2.4113,1.77902,-0.881353,-2.68528,-0.510687,1.49412,-0.859034,0.9603,0.0759204,-0.00356376,2.56125,1.81752,-2.40024,-1.91161,0.95382,-1.84939,-3.8733,-1.64354,0.582743,1.13794,3.4287,2.44546
-0.420159,3.51569,-0.519668,-0.240437,0.625373,0.6715,0.0953767,0.192216,0.63078,0.531649,0.924734,-0.0493065,1.59133,1.37589,0.662249,-0.43408,0.360485,0.821682,-1.30682,-2.30515,-0.842459,0.994484,3.69834,-0.662737
-0.376924,0.0646511,-0.437118,1.23391,0.217024,-0.481704,-0.353609,0.137571,-2.01319,0.0906021,-0.676942,-0.349121,1.08965,-0.153402,0.960513,0.134055,0.323109,-0.0895298,-0.78601,1.27136,0.348908,0.947213,-0.186021,0.221966
-0.639312,3.78277,-1.16914,1.85796,0.171924,-2.38605,-1.07011,0.890711,-2.40618,0.578349,0.096307,-0.896811,2.48217,0.887527,0.436364,-0.646744,0.495269,-1.473,-2.78761,-0.263851,0.336096,2.18194,2.61997,0.0577293
-2.68303,4.84191,-2.59259,-0.0641637,-1.45871,-0.236626,0.984384,1.43975,2.75864,0.892119,0.335444,1.39436,1.22329,2.4296,-4.52846,-2.38471,1.26784,-0.278999,-2.79073,-3.46593,0.309388,-1.03039,3.43796,3.95464
1.06557,-1.1019,1.25355,-2.20569,0.118699,1.38029,0.689195,-0.560514,3.0219,-0.336443,1.09935,0.601378,-1.85764,-0.149504,-0.621013,0.394851,-0.729115,0.897904,1.93017,-1.68202,-0.993918,-1.4571,-0.188654,-1.08121
-1.7509,4.84787,-1.9443,1.02,-0.36981,-0.798655,-0.107895,1.07447,-0.273424,0.860433,0.167391,0.0781149,2.62845,1.87911,-1.30007,-1.56304,1.07679,-0.350834,-3.1864,-1.96805,0.245295,1.02759,3.79174,1.68544
-1.0104,2.1583,-1.05564,1.14664,0.174081,-0.4119,-0.393242,0.481577,-1.50939,0.374644,-0.424504,-0.254386,1.91244,0.701655,0.40727,-0.485131,0.612225,-0.173737,-1.87467,-0.113243,0.240307,1.1614,1.66925,0.646561
-0.155617,1.60161,-0.0352479,-0.450496,0.453369,0.986433,0.269186,-0.00163563,0.856697,0.124138,0.567793,0.136534,0.691512,0.767629,0.310856,-0.14633,0.281996,0.905928,-0.378451,-1.46309,-0.673769,0.215327,1.87953,-0.449839
-0.290924,2.63243,-1.11959,2.03716,-1.92968,-5.81418,-1.37724,1.31771,-1.49651,0.495523,0.201117,-0.817626,0.582249,0.270578,-3.3726,-1.45074,-0.363813,-4.51697,-2.70685,0.165624,1.34162,0.437573,-0.020862,2.04948
-1.02785,4.13033,-1.00801,0.902847,1.60968,1.77351,-0.0599408,0.248212,-1.64608,0.627967,0.169381,-0.399069,3.60006,1.62219,3.12568,-0.0699622,1.03526,1.91531,-2.26278,-1.39668,-0.874529,2.3616,4.7604,-1.2594
0.320813,3.24343,-0.0922705,0.305951,0.676113,-0.796221,-0.577718,0.102658,-0.423086,0.35321,1.07455,-0.722147,1.68891,0.913607,0.97775,-0.0817798,-0.103094,-0.351824,-1.29786,-1.77734,-0.641252,1.56903,3.13858,-1.36654
1.3254,-3.11625,1.1473,0.530129,-0.391053,-1.82087,-0.772038,-0.306216,-1.41301,-0.507429,-0.469447,-0.648714,-1.49062,-1.59703,0.216722,0.82785,-0.921959,-1.53562,1.27316,2.45121,0.598886,-0.253272,-3.45493,-0.718303
-0.768944,3.11449,-0.878617,0.946127,0.769205,0.144997,-0.315179,0.442366,-1.44414,0.530801,0.10571,-0.388336,2.44345,1.10475,1.50879,-0.124876,0.729768,0.552803,-1.90985,-0.856845,-0.324488,1.80222,3.11317,-0.471
1.75337,-2.15981,1.99674,-2.61055,0.494071,1.87193,0.716233,-1.05336,3.22893,-0.529177,1.30008,0.323479,-2.46867,-0.615913,0.176342,0.866137,-0.916571,1.1371,2.87706,-1.44805,-1.17421,-1.56278,-0.758691,-1.99365
0.0803154,-0.678312,0.0606456,-0.129298,-0.231388,-0.319256,-0.0685181,-0.0507854,0.322351,-0.162353,0.0132809,0.0788814,-0.479645,-0.248313,-0.539705,-0.0310886,-0.206948,-0.346331,0.263253,0.190611,0.15122,-0.424825,-0.717647,0.294054
-0.293591,-2.99974,0.994141,-3.26317,1.78306,7.61275,2.36065,-1.5355,3.49567,-0.425556,0.0870769,1.82908,-1.32267,0.157119,2.53337,1.21464,0.849914,5.64702,3.43985,-1.30732,-1.71157,-1.69727,0.0280098,-1.16289
0.98783,-3.16341,1.8154,-4.29634,-0.375349,3.55515,2.23932,-1.02828,6.60208,-0.505538,1.47186,1.90367,-4.24367,-0.254135,-2.65718,0.15678,-0.622022,2.11677,4.07564,-2.80034,-1.03943,-3.94851,-1.65409,0.129385
-1.11751,0.601042,-1.25033,0.983008,-1.19002,-1.63172,-0.0273063,0.826004,-0.434609,0.180199,-0.780532,0.407076,0.0831669,0.107872,-2.27665,-1.09298,0.327892,-1.21804,-1.17505,0.604832,1.05009,-0.432348,-0.890983,2.42082
0.979938,0.651578,0.610781,-1.28122,-0.609668,-0.90156,0.22519,-0.0690518,2.47774,0.0186889,1.36698,0.0231307,-1.24776,0.202111,-1.90191,-0.351987,-0.694958,-0.911771,0.506965,-1.94848,-0.435864,-1.07515,0.335262,-0.329819
-1.02363,1.57484,-0.81188,-1.24201,-0.597808,0.994585,1.09503,0.35814,3.15475,0.308825,0.591379,1.1952,-0.429299,1.11185,-2.79387,-1.11119,0.587767,0.675424,-0.250916,-2.55006,-0.237285,-1.47624,1.33507,1.76684
-0.846513,1.52709,-0.758722,2.28004,2.52695,2.36379,-0.886086,-0.274584,-5.40313,0.192096,-1.29839,-1.22987,4.37441,0.296163,6.67865,1.26336,1.22036,2.53849,-1.60545,1.93092,-0.499921,3.84625,2.8689,-2.40962
-0.0895162,-0.0729294,-0.302096,1.30904,-0.472559,-1.9465,-0.798346,0.29081,-1.7783,-0.0485775,-0.535781,-0.579982,0.372823,-0.347192,-0.228879,-0.205804,-0.19007,-1.63497,-0.825926,1.32716,0.738748,0.519052,-0.881717,0.501302
0.203599,-3.47536,0.537891,-0.767112,-0.539584,0.503452,0.417159,-0.245932,1.02529,-0.484608,-0.673426,0.689059,-2.19815,-1.07044,-1.24828,0.278333,-0.38474,0.0409721,1.89089,1.32602,0.510367,-1.62382,-3.30716,0.796535
0.291545,1.18869,0.169628,-0.772468,0.176651,0.45738,0.22397,-0.0984211,1.22884,0.122973,0.783415,0.0675455,0.0990416,0.437678,-0.240803,-0.168167,-0.0473282,0.255804,-0.0251194,-1.54422,-0.465081,-0.0672167,1.41839,-0.646447
-0.778443,0.0808387,-0.401242,-0.00146341,0.599146,1.77258,0.31728,-0.02682,-0.431629,0.103824,-0.5153,0.297693,0.77153,0.224054,1.05692,0.100905,0.562109,1.52327,-0.101738,0.162411,-0.211311,0.329088,0.600683,0.098849
-2.18693,-1.29734,-1.08098,-0.198314,0.817509,4.77283,1.32553,-0.190422,-0.137236,0.115579,-1.65101,1.48592,0.878387,0.370396,1.53778,0.129391,1.64452,3.85584,0.47042,0.856931,-0.219497,-0.379355,0.00675695,1.47618
0.261849,-1.88824,0.00540893,0.861312,-0.796835,-1.66288,-0.456871,0.133471,-1.31898,-0.245438,-0.720434,-0.204524,-0.755243,-1.01189,-0.639374,0.140628,-0.472409,-1.46812,0.192733,2.16037,0.831839,-0.361642,-2.64082,0.676021
-0.581668,1.46095,0.201492,-2.02112,1.7936,5.16809,1.52228,-0.763718,2.13556,0.197544,0.811049,0.811898,1.09713,1.33556,2.33589,0.326711,0.99261,4.13711,0.729187,-2.85514,-1.76003,0.0989804,3.55557,-1.61261
0.358357,-2.14997,0.65119,-0.507012,0.395115,1.44002,0.239513,-0.562848,0.0379015,-0.381152,-0.409645,0.181464,-0.831729,-0.654151,1.03257,0.64132,-0.13038,1.0406,1.38254,1.03999,-0.118183,-0.451526,-1.4555,-0.535127
-0.232608,-1.51477,-0.0267992,-0.218009,-0.676549,-0.0681513,0.268398,0.101384,0.788912,-0.144525,-0.385677,0.586892,-1.27084,-0.470183,-1.46996,-0.227581,-0.0929464,-0.224761,0.610454,0.598143,0.439489,-1.06839,-1.80398,1.25707
-1.80205,1.26835,-1.4404,-0.46389,-1.00506,0.698174,0.956205,0.750078,2.02672,0.357732,-0.194417,1.28633,-0.19768,1.08869,-2.90501,-1.36728,0.848819,0.355084,-0.907305,-1.43249,0.410846,-1.31548,0.61562,2.85696
0.152707,5.89377,-1.13239,2.93212,0.0525556,-5.05169,-2.15026,1.0567,-3.74778,0.670462,0.849688,-2.08259,3.68252,1.15939,0.725434,-0.70197,-0.264534,-3.36506,-4.19894,-0.769213,0.272777,3.40147,4.16466,-0.976767
-0.283803,-2.27378,0.325299,-1.15805,0.13267,2.55495,0.834019,-0.459443,1.41989,-0.231881,-0.447994,0.971546,-1.28914,-0.295051,0.0381672,0.317702,0.3298,1.82749,1.62231,0.213767,-0.218004,-1.18704,-1.46335,0.38921
1.64364,-0.513377,0.569594,2.15273,-0.15891,-4.55309,-2.23658,0.126077,-3.79476,-0.325483,-0.240153,-1.99525,0.406765,-1.28737,1.256,0.597549,-1.24059,-3.39168,-0.727526,2.70888,0.849551,1.82659,-1.55666,-1.3557
-0.14351,-6.3081,0.701249,0.0268924,0.353345,2.84974,0.40201,-0.735722,-1.52303,-0.776449,-2.33029,0.71729,-1.66238,-2.10006,2.15961,1.45899,0.214954,2.00591,2.75487,4.4735,0.62244,-0.957718,-5.13366,0.464274
-1.74327,5.38323,-1.94091,2.44363,1.43465,0.335859,-0.764534,0.642377,-3.94042,0.713653,-0.379209,-1.01987,4.96482,1.78771,3.3399,-0.40098,1.38074,0.954077,-3.86618,-0.691142,-0.21024,3.49172,5.27763,-0.758205
-1.17124,-0.436207,-0.440331,-0.224864,1.07482,3.76167,0.880837,-0.350356,-0.351904,-0.0195241,-0.809812,0.627897,1.14719,0.319376,2.3748,0.444108,1.13458,3.08359,0.304268,0.223228,-0.464385,0.274843,0.880721,-0.14685
-0.729912,0.801543,-0.58588,-0.387414,-0.636082,0.194728,0.623414,0.315329,1.35777,0.172432,0.17743,0.620482,-0.261281,0.526219,-1.71729,-0.627659,0.316311,0.120492,-0.385282,-1.22494,0.124138,-0.774895,0.499331,1.38089
-1.10943,4.36261,-1.56585,0.838676,-1.0251,-2.73299,-0.223565,1.15318,0.42566,0.643978,0.735098,-0.109382,1.31695,1.45227,-2.69982,-1.56874,0.249991,-1.94984,-2.93699,-2.1761,0.482794,0.398154,2.68325,1.68441
-0.941938,2.7359,-1.24783,1.88991,0.466352,-0.745252,-0.698993,0.557773,-2.93048,0.418348,-0.444561,-0.704033,2.70173,0.75836,1.59329,-0.24311,0.477878,-0.269071,-2.32147,0.359048,0.262464,2.11506,2.22338,0.0505106
0.432246,-2.88779,1.36252,-3.73454,-0.412377,3.48497,2.10951,-0.692461,5.80971,-0.361765,0.830189,2.00674,-3.72878,-0.189448,-2.64962,0.0964994,-0.126868,2.06063,3.34626,-2.146,-0.902787,-3.45094,-1.82003,0.745965
1.76421,0.334651,0.542079,1.08955,-1.34555,-5.71227,-1.57135,0.510343,-0.686401,-0.133557,0.786236,-1.39675,-1.11385,-0.804659,-2.39385,-0.314788,-1.67629,-4.55353,-0.705208,0.66038,0.743329,0.188327,-1.5017,-0.125207
0.978219,-1.73422,0.623844,0.227368,-0.583629,-1.80103,-0.536444,0.000678174,-0.352008,-0.273706,-0.185716,-0.286921,-1.27973,-0.930001,-0.775241,0.234856,-0.76266,-1.49698,0.705345,1.35201,0.470262,-0.39833,-2.22303,0.0605881
-1.3506,1.0284,-1.56365,1.09956,-1.52491,-2.2945,-0.186609,1.18056,-0.066453,0.434473,-0.565224,0.426465,0.0825617,0.375844,-3.07481,-1.26162,0.293893,-1.7754,-1.6031,0.244809,1.23556,-0.497872,-0.568631,2.83437
1.59075,-0.577611,0.829363,0.365856,-0.970487,-3.9701,-1.0322,0.187987,-0.0813742,-0.165959,0.718018,-0.973303,-1.44296,-0.776906,-1.77006,0.0665008,-1.29571,-3.21076,0.0922727,0.594603,0.350527,-0.169784,-1.77287,-0.295328
0.633954,-0.835174,-0.278273,3.59978,-0.326459,-4.51967,-2.43909,0.572507,-5.70408,-0.25857,-1.39884,-1.81606,1.3577,-1.46952,1.62727,0.561458,-0.758301,-3.31142,-1.63733,4.2897,1.539,2.26536,-2.19189,-0.301763
0.0976905,0.150093,-0.311579,0.664644,-0.678932,-2.14353,-0.509861,0.341174,-0.48303,0.0502391,0.0542063,-0.343396,-0.274381,-0.194025,-1.25004,-0.407916,-0.412308,-1.63476,-0.515243,0.330187,0.522426,-0.0423619,-0.66735,0.656948
2.37475,-1.98955,1.52608,1.07301,0.147174,-3.13946,-1.67415,-0.463138,-2.46072,-0.466907,0.1111,-1.64232,-0.62027,-1.74947,1.46666,1.23714,-1.54355,-2.45575,0.786193,2.40853,0.372504,1.06747,-2.41183,-2.29669
-0.931336,3.86248,-1.43404,1.32217,-0.169306,-1.5953,-0.475986,0.788542,-1.16706,0.630654,0.28842,-0.568708,2.15239,1.2225,-0.288294,-0.89372,0.417327,-0.836354,-2.60904,-1.25739,0.100927,1.33556,3.04715,0.491326
0.480064,-3.99978,1.42406,-2.71632,-0.0498138,3.44039,1.5479,-0.90041,3.60573,-0.541339,-0.0712247,1.63481,-3.1587,-0.7752,-0.760981,0.615055,0.0289694,2.09909,3.47791,-0.220505,-0.597755,-2.67905,-2.70452,0.155002
1.09254,-2.98259,0.655948,0.306987,-0.957354,-2.36003,-0.700147,0.0410116,-0.420114,-0.474907,-0.398842,-0.249931,-2.00122,-1.56711,-1.33057,0.408198,-1.10013,-2.09091,1.11995,2.15414,0.850139,-0.862589,-3.65357,0.520064
-1.656,-1.53645,-0.594285,-2.79439,-0.84594,3.96647,2.60145,0.0824823,5.10161,0.150376,-0.091001,2.77185,-2.44524,0.766001,-3.60841,-1.00963,1.14531,2.57576,1.60248,-2.1357,-0.169181,-3.47388,-0.841506,3.15807
0.2675,-1.43246,0.218719,1.027,0.778617,0.466726,-0.6774,-0.359569,-2.45704,-0.198243,-0.906243,-0.550875,0.753603,-0.706472,2.75649,0.833987,0.00494008,0.421793,0.279308,2.15677,0.262186,1.17121,-0.889934,-1.05788
-0.63352,-2.11716,-0.466325,-0.2596,-0.976269,0.11536,0.404349,0.214918,0.760946,-0.147602,-0.859901,0.818526,-1.54308,-0.501357,-1.97209,-0.332706,0.0753856,-0.178977,0.651529,1.11838,0.797055,-1.43107,-2.57281,2.07424
0.275456,-0.0160832,0.200002,-1.00852,-0.87449,-0.858452,0.333985,0.185871,2.19838,0.0231833,0.658674,0.376563,-1.54054,0.0590859,-2.48045,-0.513714,-0.292378,-0.834467,0.479581,-1.15156,-0.0096833,-1.36997,-0.51313,0.78847
-0.152643,-1.57475,0.158274,-0.403665,0.505298,1.79509,0.365774,-0.410874,-0.0965053,-0.228542,-0.543134,0.312682,-0.378329,-0.31725,1.05696,0.50392,0.27241,1.33212,0.926571,0.823702,-0.0985504,-0.235276,-0.81365,-0.150601
0.552367,-1.75115,0.45557,-0.603512,-0.508481,-0.504536,0.185489,-0.141678,1.13097,-0.172126,-0.0285398,0.392122,-1.7062,-0.650647,-1.29939,0.0679995,-0.412168,-0.550867,1.18942,0.466258,0.178279,-1.07514,-1.95156,0.481753
3.08553,-5.96818,2.88317,-1.54616,0.167997,-0.188422,-0.32778,-1.4233,0.949018,-1.07175,0.148967,-0.226464,-3.90989,-2.62596,0.730121,1.77744,-1.76613,-0.658108,4.15267,2.43391,-0.279325,-1.4334,-5.11259,-2.31787
1.29963,-0.525415,0.889039,0.458471,0.559448,-1.15282,-0.982598,-0.414109,-1.47575,-0.286939,0.227823,-1.05755,-0.0261722,-0.768216,1.52523,0.836223,-0.775732,-0.785818,0.460852,0.88531,-0.130912,0.936899,-0.574289,-1.77566
0.272871,0.7321,-0.128705,0.569767,-0.173172,-1.30553,-0.43412,0.209024,-0.4825,0.168764,0.195453,-0.469252,0.287917,-0.031682,-0.189093,-0.152647,-0.188312,-0.954563,-0.522122,-0.0138716,0.178318,0.446345,0.353759,-0.228793
1.01498,-1.27971,1.12368,-1.42689,-0.0230589,0.220799,0.422867,-0.414988,2.03072,-0.31598,0.670982,0.235045,-1.70624,-0.408213,-0.9061,0.283921,-0.618075,-0.117238,1.57749,-0.645792,-0.393117,-1.13712,-0.914855,-0.655589
0.550184,-0.670093,0.841863,-2.14466,-0.0214254,1.68064,1.12006,-0.474185,3.31418,-0.182683,0.85471,0.792651,-1.73961,0.178552,-1.37684,-0.113982,-0.121482,1.04893,1.60865,-1.98164,-0.712335,-1.55601,-0.0658309,-0.0789706
0.349198,-1.6879,0.728905,-0.600153,1.16554,2.46985,0.374009,-0.778487,-0.312607,-0.303712,-0.41231,0.180396,0.0778676,-0.520794,2.69621,0.884051,0.314707,1.96142,1.33405,0.784487,-0.574572,0.288992,-0.337825,-1.46299
-2.48416,8.04382,-2.33107,-0.432168,-0.613104,0.067092,1.19057,1.38189,2.7931,1.40509,1.87417,0.62092,2.68061,3.61463,-3.08135,-2.42917,1.42591,0.397603,-3.83307,-6.1826,-0.664581,0.352155,6.99204,1.8209
1.92307,-0.363113,1.16608,0.412512,-0.26454,-3.59621,-1.3523,-0.216462,-0.865019,-0.294962,0.809682,-1.36557,-0.602494,-0.886733,-0.129345,0.464328,-1.47826,-2.66005,0.181417,0.723538,0.0240276,0.619708,-0.850788,-1.56342
-0.411322,0.828609,-0.606217,0.607526,-0.545287,-1.21459,-0.222285,0.588591,-0.3589,0.215997,0.0159051,-0.0888254,0.336508,0.169402,-1.12318,-0.523478,-0.0376735,-0.967333,-0.880976,-0.0164429,0.432507,0.0437691,0.217616,0.896426
-1.05955,1.70577,-0.130769,-1.89677,1.22663,4.9556,1.82677,-0.450022,2.51616,0.161777,0.671396,1.14931,0.860906,1.47204,1.24274,-0.00094662,1.40865,3.77656,0.473861,-3.1235,-1.39827,-0.302955,3.33967,-0.594822
-0.671875,-2.7516,-0.383289,0.64513,-0.304273,0.911697,0.118387,-0.0781261,-1.00838,-0.205635,-1.53772,0.613394,-0.582891,-0.847351,0.2022,0.24017,0.353588,0.504733,0.710981,2.50469,0.823706,-0.637944,-2.73516,1.38244
-0.93043,-1.64922,0.0690801,-1.63,0.3477,4.04755,1.61021,-0.396209,2.22391,-0.0256821,-0.438819,1.53969,-0.985038,0.179502,0.0926487,0.203693,0.975239,2.85194,1.56675,-0.636017,-0.437379,-1.40203,-0.513716,0.805829
-1.34022,5.11525,-1.76296,1.73332,-0.502424,-2.15159,-0.636061,1.11654,-1.3387,0.827896,0.492981,-0.652619,2.76776,1.59119,-0.820125,-1.38659,0.413794,-1.30325,-3.4617,-1.85939,0.242259,1.60493,3.89859,0.813981
-0.495503,-3.12208,0.958849,-4.06316,0.0440325,5.49094,2.91084,-0.825938,5.88434,-0.227082,0.239465,2.77099,-3.23786,0.250134,-2.04346,-0.10659,0.979302,3.6594,3.61195,-2.10302,-0.891489,-3.63477,-1.51055,1.26712
-0.568876,1.90099,-0.418818,-0.374839,-0.0274956,0.471687,0.393987,0.310013,1.05497,0.417738,0.53425,0.257136,0.557512,1.00101,-0.566918,-0.467058,0.334922,0.442568,-0.675458,-1.74275,-0.312824,-0.092656,1.88148,0.22166
0.0172399,-0.720798,-0.0934094,0.142876,-0.840582,-1.2889,-0.122804,0.401943,0.41038,-0.036398,-0.143213,0.113776,-0.90364,-0.343855,-1.59856,-0.297184,-0.278364,-1.18487,0.00186203,0.473895,0.59293,-0.608801,-1.34788,0.992772
-0.0487346,-0.798496,0.0958773,-0.409317,-0.144251,0.485966,0.317009,-0.0792696,0.544959,0.00207741,-0.162338,0.332935,-0.675859,-0.163561,-0.475231,0.0344247,-0.0316473,0.196102,0.510578,0.19069,0.0647217,-0.591736,-0.707335,0.400224
0.958638,-4.37915,1.85498,-1.65765,1.61116,4.52208,0.86338,-1.58966,0.513951,-0.805115,-0.677047,0.686789,-1.43862,-1.19666,3.37436,1.84865,0.285088,3.37422,3.49543,1.4773,-0.924831,-0.632941,-2.09808,-1.99836
-0.232524,-2.9844,0.665745,-2.23769,0.228307,3.75481,1.61612,-0.524005,2.80492,-0.191117,-0.378413,1.62559,-2.08837,-0.134322,-0.484564,0.273358,0.552907,2.52419,2.59287,-0.237415,-0.421402,-2.10951,-1.71819,0.752583
0.145379,2.98246,-0.43814,1.71309,1.07649,-1.03623,-1.27831,0.0140214,-3.33786,0.130819,0.130359,-1.54525,3.0351,0.508332,2.93381,0.268621,0.038059,-0.331783,-2.01482,0.0663868,-0.309661,2.63517,2.98914,-2.05978
-1.22633,-0.518884,-0.372318,-2.03287,0.025243,4.16259,1.95185,-0.227229,3.17278,0.0746234,-0.012765,1.91855,-0.871436,0.903251,-1.01181,-0.353504,1.29865,3.11455,1.10439,-1.88583,-0.580384,-1.74878,0.541718,1.28096
-0.998258,3.28234,-1.07627,0.763612,-0.0837521,-0.410515,0.0141804,0.590808,-0.481066,0.439449,0.393583,-0.269513,1.96312,1.32257,-0.0755332,-0.693312,0.505287,0.0388262,-2.02542,-1.64025,-0.183291,0.931513,2.94448,0.218496
-1.17774,5.33901,-0.809125,-2.28341,-0.219332,1.63177,1.77463,0.414077,4.60602,0.849285,2.17256,1.04061,0.707996,2.98394,-2.92228,-1.63087,1.01579,1.40176,-1.39948,-6.4244,-1.33928,-0.796385,5.48869,0.625855
-0.351109,1.75957,-0.651493,0.322835,-1.02261,-2.01384,-0.14184,0.739948,0.640753,0.336695,0.535097,-0.105461,0.0857793,0.542562,-2.23689,-0.923737,-0.20813,-1.5935,-1.19495,-0.944451,0.341647,-0.202263,0.620113,1.11091
-1.61979,2.91523,-1.41022,0.954023,0.35453,1.12682,0.190514,0.518329,-1.11827,0.492842,-0.14593,0.0956666,2.4373,1.28293,0.939475,-0.574896,1.04537,1.08768,-2.13901,-1.07646,-0.060548,1.04778,2.98454,0.595626
0.0477994,-2.91581,0.909285,-1.48846,1.59679,5.14556,1.21094,-1.26045,0.704902,-0.506489,-0.741518,1.06443,-0.41732,-0.393355,3.00558,1.16712,0.906771,3.85798,2.36962,0.797022,-0.753706,-0.57021,-0.644563,-1.13336
1.16464,-1.59956,1.12956,-0.212403,0.624073,0.347896,-0.260372,-0.588622,-0.463394,-0.401091,0.0693391,-0.393484,-0.549165,-0.927017,1.62025,0.878975,-0.450694,0.257325,1.29514,0.896346,-0.38907,0.260124,-1.00526,-1.66819
1.06306,0.739159,0.267655,1.94525,0.0294669,-3.51447,-1.85015,0.05048,-3.09413,-0.113589,-0.00760102,-1.69065,1.08441,-0.72728,1.20825,0.35715,-1.15661,-2.44873,-1.08329,1.61303,0.400411,1.8155,-0.119934,-1.37722
-0.667029,-2.49815,0.504203,-2.64323,0.0642507,4.2982,2.10424,-0.547092,3.8538,-0.130693,-0.202903,2.05436,-2.18203,0.17885,-1.13206,0.0786074,0.976352,2.96107,2.44073,-0.973064,-0.439134,-2.4191,-1.37031,1.19042
-1.95849,4.87592,-2.47444,2.49807,-0.480112,-2.13992,-0.793124,1.29421,-2.4975,0.769577,-0.140677,-0.623498,3.35479,1.75608,-0.282576,-1.31071,0.666469,-1.05826,-4.00726,-0.927853,0.562714,1.86191,3.69755,1.26164
0.53225,1.78129,1.30131,-3.44737,1.26011,4.11976,2.01343,-1.0881,4.536,0.0797851,2.10626,0.804232,-0.456605,1.46898,0.394364,0.229094,0.654172,3.10757,1.57911,-4.97792,-2.14794,-0.764069,3.62321,-2.23611
0.406923,-2.15326,0.231082,2.27741,0.846254,-0.470731,-1.51942,-0.332182,-4.55378,-0.511214,-1.49757,-0.938447,1.23354,-1.58048,3.70519,1.27873,-0.23751,-0.11563,0.0289748,4.17504,0.652173,1.76532,-1.86937,-1.1884
2.93908,-3.59924,2.65867,-0.807833,1.19251,-0.0837003,-0.899456,-1.43165,-0.655116,-0.899953,0.241891,-0.955438,-1.5272,-2.06527,2.83903,1.94156,-1.30694,-0.189821,2.93591,1.89655,-0.707293,0.324749,-2.52093,-3.3215
0.288719,0.595057,-0.156054,0.96414,-0.0906268,-1.39396,-0.596133,0.0781624,-1.35413,0.065322,-0.0261065,-0.641667,0.62225,-0.176549,0.412661,0.0302138,-0.347368,-0.925209,-0.634599,0.397404,0.272533,0.718938,0.22373,-0.373924
0.772676,-3.59361,0.728324,0.447404,0.547817,0.594361,-0.4809,-0.592388,-1.70689,-0.499842,-1.14806,-0.0322664,-0.790175,-1.61068,1.90622,1.15048,-0.352259,0.320464,1.62366,3.1278,0.307747,0.0889286,-3.01498,-0.65234
0.564782,-1.65218,0.431355,0.581884,0.11367,-0.707418,-0.584105,-0.173618,-1.23531,-0.252365,-0.59339,-0.375416,-0.340628,-0.999222,0.72383,0.628073,-0.439027,-0.498499,0.649579,1.9094,0.467351,0.204806,-1.88075,-0.272027
0.103777,-2.97012,0.769198,-2.15347,-0.600451,2.10993,1.35367,-0.319778,3.35062,-0.225114,-0.110702,1.5736,-2.86429,-0.367376,-2.07801,0.0489574,0.1051,1.14315,2.47456,-0.337866,-0.155563,-2.45877,-2.54822,1.17262
-0.904983,3.19223,-1.29915,2.9344,0.946075,-0.337113,-1.23937,0.213018,-4.74289,0.280911,-0.651455,-1.38896,4.16053,0.692565,3.96163,0.0662425,0.564568,0.310161,-2.72305,0.947659,0.237291,3.06769,3.20232,-1.16546
2.4152,-5.98925,2.50341,-1.42635,0.453974,0.634528,-0.190767,-1.28082,0.7792,-0.827437,-0.544204,0.275693,-3.4713,-2.57143,0.712677,1.67662,-1.21225,-0.146153,4.05904,2.94741,-0.190272,-1.44505,-5.20012,-1.41558
-1.14887,-0.644173,-1.4673,2.05376,-1.2881,-2.29272,-0.854291,0.980138,-2.07492,0.0608393,-1.40209,-0.0209503,0.326245,-0.418613,-1.32834,-0.583761,0.0186374,-1.74485,-1.35281,2.46929,1.46343,-0.0757535,-1.99582,2.47085
0.424622,1.65367,0.535742,-0.0387438,1.21534,0.984649,-0.139454,-0.668884,-0.745493,-0.0449647,0.600849,-0.784077,1.54409,0.334158,2.69856,0.510845,0.1602,1.04371,-0.289397,-1.13199,-0.910353,1.33063,2.60616,-2.28818
-0.181139,2.01928,-0.277241,0.104435,0.225505,0.132632,0.0922691,0.125779,-0.11922,0.149256,0.554483,-0.300184,1.14882,0.679789,0.355651,-0.282924,0.232924,0.187983,-0.935322,-1.36349,-0.405015,0.685819,2.14138,-0.44175
1.52946,-5.56827,1.44186,1.36551,1.0486,0.267998,-1.52539,-0.970003,-3.95677,-1.05695,-2.00033,-0.631682,-0.657409,-2.90638,4.18056,1.97099,-0.746114,0.0715574,2.39592,5.72811,0.574221,0.8469,-4.70949,-1.69045
-1.78545,1.79737,-2.21528,2.45122,-1.22268,-2.23049,-0.759748,1.4251,-2.19519,0.533943,-0.982654,-0.12209,1.5565,0.689121,-1.38997,-1.16284,0.33845,-1.59291,-2.77309,1.05674,1.39667,0.646662,0.304511,2.53553
1.2728,2.7565,0.371553,1.14608,0.00938516,-3.81815,-1.39236,0.273355,-1.53983,0.123145,1.19058,-1.86142,1.18323,0.0651016,0.269331,-0.0812779,-1.09167,-2.56838,-1.56326,-0.793535,-0.283831,1.62228,1.95833,-1.84981
-2.6309,1.68066,-1.78434,-0.415062,-0.00243387,3.59161,1.68761,0.432551,0.965204,0.525868,-0.515923,1.53214,1.31117,1.83248,-0.3775,-0.967505,1.96875,2.80541,-1.15295,-1.58245,-0.0371524,-0.535297,2.04823,2.09036
0.0497956,1.27598,0.135698,1.55257,2.15349,1.98823,-0.803835,-0.932323,-3.816,-0.35587,-0.449109,-1.09215,3.44999,0.0411777,5.78702,1.1203,0.551277,2.09183,-0.743847,0.923168,-0.726225,2.80238,2.7388,-3.18773
0.580295,-0.348797,0.633675,-0.150593,0.748006,0.373581,-0.252823,-0.477311,-0.405106,-0.224558,0.15281,-0.364057,0.153195,-0.289771,1.48508,0.604359,-0.0783509,0.35691,0.571596,0.165249,-0.444226,0.514321,0.206928,-1.41629
-2.23954,2.35565,-1.94931,0.62375,-0.615632,0.774839,0.721083,0.913827,0.0366092,0.686018,-0.390046,0.821379,1.38828,1.45638,-1.15378,-1.18631,1.0298,0.690864,-2.00933,-1.22452,0.440091,0.029714,1.9094,2.15184
2.49011,-3.05328,2.18875,-0.179789,1.38343,0.238799,-0.81819,-1.31623,-1.31682,-0.935956,-0.132215,-0.981912,-0.774763,-1.76106,3.2892,1.76774,-1.04327,0.0583107,2.48865,2.10486,-0.601502,0.746068,-1.79925,-3.2081
-1.80009,1.00582,-1.76337,1.50101,-0.483876,-0.119756,-0.0841942,0.862575,-1.46901,0.279951,-0.932945,0.287554,1.24631,0.540508,-0.316259,-0.768243,0.740499,-0.0539805,-1.73887,0.876096,0.965167,0.315641,0.264285,2.03381
-1.21457,-0.587895,-1.64097,1.93821,-1.06082,-1.68366,-0.682197,1.03848,-1.94538,0.189189,-1.44125,0.186221,0.359624,-0.418694,-1.16857,-0.620411,-0.0433313,-1.19996,-1.34212,2.23997,1.42859,-0.0107383,-1.74817,2.545
0.497444,-5.62133,0.799009,-1.19866,-0.847458,0.780283,0.49301,-0.0927387,1.80193,-0.369983,-1.24342,1.49933,-3.83214,-1.69931,-2.27853,0.382708,-0.468687,-0.128244,2.89467,2.76448,0.805847,-2.57448,-5.65245,1.97654
0.327696,-6.5998,2.22874,-3.94267,1.2971,7.69478,2.62571,-1.88487,3.92068,-0.8451,-0.892547,2.84861,-3.60243,-1.21693,1.5215,1.52991,1.23305,5.18392,5.53926,0.820462,-1.08214,-2.99199,-3.83393,-0.147899
1.75681,-0.644705,1.20843,-0.712159,-0.672273,-2.95535,-0.464152,0.0182814,1.34174,-0.0752579,0.907538,-0.711996,-2.04196,-0.710508,-2.1528,-0.0167922,-1.41752,-2.59339,0.855251,-0.405077,-0.10641,-0.650678,-1.41916,-0.553627
-0.190579,-1.99369,-0.15894,1.96313,0.868845,0.933072,-1.0417,-0.376977,-3.9017,-0.343533,-1.73131,-0.326034,1.4504,-1.09633,3.68616,1.02279,0.310322,0.899325,0.0758723,3.65242,0.676284,1.42246,-1.45162,-0.603846
0.182039,5.07532,-0.453978,-0.293144,-0.715005,-3.06844,-0.0599614,0.724439,1.78109,0.695278,2.25392,-1.03682,0.831759,1.68284,-2.63111,-1.23237,-0.482849,-1.9972,-2.25084,-4.31012,-0.628852,0.523117,4.08742,-0.317191
-0.595283,1.16611,-0.298412,-1.14661,-0.425355,0.491078,0.885401,0.232362,2.4017,0.301294,0.723488,0.661884,-0.443793,1.03962,-1.99335,-0.76987,0.362956,0.379279,-0.187254,-2.18027,-0.143504,-0.961065,1.02623,0.96205
0.753081,-0.501793,0.972383,-2.25187,-0.542333,0.0484209,0.961293,-0.04616,3.80271,0.0599717,1.26833,0.676743,-2.3614,0.126558,-2.85083,-0.354144,-0.246587,-0.32168,1.40274,-2.18224,-0.627539,-1.82872,-0.484721,0.262171
2.03347,-4.84729,2.17772,-1.57024,0.132074,0.171468,0.0411351,-0.833866,1.54622,-0.669414,-0.103758,0.331843,-3.24881,-1.92906,-0.352,1.19114,-0.968963,-0.380456,3.49818,1.89164,-0.132634,-1.54296,-4.37371,-0.708176
-0.867529,-0.247448,-0.661672,-0.347334,-0.705474,0.33795,0.614173,0.439602,1.1605,0.213556,-0.174354,0.770076,-0.79218,0.299741,-1.86127,-0.496418,0.387314,0.172164,-0.0460613,-0.387188,0.284372,-0.910168,-0.607975,1.73253
0.2654,-1.90499,0.493147,-0.404963,0.508142,1.45788,0.144163,-0.512364,-0.088597,-0.296556,-0.586487,0.396718,-0.522417,-0.733464,1.14661,0.66327,0.178248,1.07395,1.15976,1.09803,-0.0525763,-0.334033,-1.32699,-0.338008
2.1808,-4.25614,1.88831,-0.744825,0.373663,-0.0289463,-0.569868,-0.973679,0.0636173,-0.817198,-0.403608,-0.122937,-2.31121,-2.05427,0.907877,1.40154,-1.15761,-0.424803,2.8748,2.6085,-0.0888907,-0.581958,-3.72952,-1.20166
-0.388904,0.959511,0.12234,-1.61899,-0.100758,1.18398,1.09831,0.0705338,2.58503,0.204947,0.865744,0.633411,-0.525579,0.885958,-1.55163,-0.5138,0.580527,0.864382,0.204979,-2.40842,-0.627808,-0.979512,1.20811,0.363053
2.19588,1.75797,0.738945,2.04533,-0.300475,-6.20006,-2.54759,0.24397,-2.71114,-0.086413,1.08358,-2.7975,0.758869,-0.898837,0.140875,0.236588,-2.20746,-4.50361,-1.46439,0.75616,0.204082,2.02485,0.457954,-2.27247
-0.984311,0.0874999,-0.723906,0.712155,0.143943,0.911332,0.13673,0.111191,-1.05921,0.0203224,-0.644624,0.293819,0.785517,0.191583,0.79728,-0.140882,0.623771,0.779422,-0.607778,0.715672,0.313564,0.220594,0.106333,0.639238
-0.720807,-3.05321,0.24325,-1.08212,0.491777,3.79671,1.10031,-0.487709,0.762154,-0.199878,-1.19637,1.56464,-1.08839,-0.463136,0.820249,0.47156,0.982101,2.5608,1.73758,1.35259,0.13245,-1.25631,-2.12672,0.801834
-0.177911,-1.11164,-0.844262,2.70359,0.116584,-1.32594,-1.59662,0.317036,-4.14022,-0.191918,-1.57869,-0.722256,1.49391,-1.09936,2.11281,0.464599,-0.322616,-0.91516,-0.863881,3.83228,1.13061,1.27392,-1.44069,0.216065
0.159552,-4.48321,0.470459,-0.638545,-0.499067,1.13075,0.429657,-0.0969118,0.838831,-0.304137,-1.21085,1.16182,-2.50531,-1.32976,-1.12193,0.431436,0.0324891,0.324546,2.14667,2.56449,0.607971,-1.8505,-4.41521,1.73448
0.0632086,-3.2993,1.26432,-3.72801,-0.0402363,4.1387,2.53775,-0.538287,5.02943,-0.148575,0.211096,2.331,-3.50448,0.0479837,-2.19357,0.21632,0.917276,2.50189,3.39828,-1.39888,-0.735581,-3.07796,-2.20624,1.07468
0.164656,1.02483,-0.419559,0.329644,-1.22225,-3.00667,-0.412208,0.913029,0.791864,0.316863,0.506509,-0.340148,-0.761779,0.184755,-2.82526,-0.778511,-0.810513,-2.18099,-0.999958,-0.58741,0.479177,-0.40272,-0.257543,1.12197
1.45234,0.134912,1.86038,-2.41262,1.12828,1.87625,0.902787,-1.13633,2.50949,-0.322705,1.48067,-0.0693796,-0.694315,0.273561,0.783627,0.560403,0.0555945,1.44872,1.82347,-2.58788,-1.48508,-0.249062,1.72403,-2.54476
-0.00246106,1.84489,-1.29142,1.5188,-2.41855,-6.49845,-1.18223,1.84635,0.435908,0.548358,0.545619,-0.806326,-1.02077,0.0610588,-5.27558,-1.50391,-1.5063,-4.88721,-2.28303,-0.257873,1.31094,-0.431985,-1.13045,2.61719
-1.43599,1.65676,-0.8623,0.516775,0.723587,2.36984,0.465014,-0.0608215,-1.14685,0.122648,-0.338469,0.257839,2.1464,1.02184,2.03451,-0.252748,1.29624,2.06624,-1.14127,-0.755959,-0.231953,0.841607,2.32411,-0.178407
0.462508,-2.01471,0.926893,-1.6378,0.033897,1.64235,0.76875,-0.414503,2.12924,-0.155495,0.104777,0.893318,-1.73819,-0.297177,-0.609665,0.324936,0.161328,0.882469,1.84613,-0.276544,-0.336992,-1.17607,-1.40155,0.0513525
2.42611,0.00605431,1.51341,0.213801,0.112769,-3.97158,-1.39239,-0.398304,-0.528789,-0.367173,1.03002,-1.79989,-0.774996,-1.08462,-0.195216,0.540698,-1.79025,-2.96694,0.363404,0.351124,-0.217403,0.750943,-0.657085,-2.154
-2.6255,5.27937,-2.4612,0.415755,-0.924013,-0.0744315,0.950202,1.35523,1.08593,1.06699,0.881152,0.403933,2.10819,2.73109,-2.30926,-1.91666,1.29334,0.228356,-3.39226,-3.82661,0.100159,0.248495,4.378,2.18739
-0.316968,-1.22932,-0.363446,0.363287,-0.351307,0.220908,-0.108068,0.160625,-0.384349,0.0100976,-0.721047,0.451594,-0.500009,-0.401102,-0.299269,0.0274488,0.0623918,0.000114269,0.237869,1.27521,0.576855,-0.296924,-1.45544,0.99318
1.14885,-2.63958,1.54065,-2.15009,0.329027,1.73456,0.843141,-0.84639,2.37958,-0.290624,0.167722,0.821048,-2.20897,-0.721997,-0.422392,0.542463,-0.0382222,0.838054,2.52833,-0.146808,-0.537377,-1.39459,-1.83278,-0.474744
1.37573,-1.87359,1.44494,-0.893808,0.786699,1.01355,0.0120028,-0.930548,0.363589,-0.601596,0.0513334,-0.09377,-0.865258,-0.773073,1.39082,0.923358,-0.236127,0.604818,1.7806,0.546042,-0.479372,-0.0593268,-0.934946,-1.65786
-0.614161,0.822446,0.772502,-3.90457,0.644803,5.07814,2.91839,-0.754767,5.32306,0.330605,1.42232,1.83518,-1.01643,1.7254,-1.10739,-0.355319,1.70218,3.63694,1.65981,-4.75596,-1.55646,-1.82504,2.51376,-0.0815405
0.783091,-2.16781,1.49541,-3.19572,0.224758,2.65767,1.69092,-0.772827,4.07472,-0.283038,0.70669,1.38447,-2.66648,-0.103907,-1.41872,0.370613,0.294683,1.63816,2.67179,-1.57311,-0.922431,-2.06329,-1.22226,-0.153554
1.17254,-2.24819,2.21513,-2.50729,2.02286,4.75465,1.188,-1.90809,1.6167,-0.657797,0.301195,0.610564,-0.678674,-0.449245,3.282,1.41414,0.812646,3.47732,3.16703,-0.682952,-1.51295,-0.381012,0.308449,-2.80243
2.8344,-0.547258,1.21992,1.24159,-0.483959,-6.13495,-2.37758,-0.0267526,-1.38804,-0.446405,0.691618,-2.28954,-0.974531,-1.78564,-0.817317,0.527505,-2.65515,-4.56999,0.138905,1.69262,0.176204,0.95832,-1.86353,-1.76229
-0.16428,5.35502,-0.382183,-0.342485,0.222387,-0.848515,0.414983,0.00907068,0.942481,0.580245,2.06442,-1.16721,2.1414,1.98807,-0.255024,-0.837467,0.187625,-0.140033,-2.18902,-4.49927,-1.1029,1.23905,5.35698,-1.58161
0.242678,0.720223,0.848388,-2.1766,0.365916,1.90097,1.19512,-0.501256,2.81308,0.0911474,1.15562,0.584031,-0.607686,0.881549,-0.634118,-0.0398652,0.597004,1.34668,1.0449,-2.84111,-1.09366,-0.720454,1.50757,-0.844358
-0.109681,2.02407,-0.789147,0.647514,-1.10715,-3.12516,-0.445779,0.925115,0.465032,0.536658,0.825317,-0.616656,-0.016989,0.506675,-2.55147,-0.91814,-0.707788,-2.29603,-1.66281,-1.20364,0.33158,0.0268238,0.732054,0.928603
-1.18559,2.1316,-1.57949,2.12321,-0.0303273,-0.730558,-0.811818,0.503472,-2.87238,0.355942,-0.594445,-0.570326,2.54272,0.611845,1.24028,-0.448668,0.212626,-0.158228,-2.26275,0.679845,0.56344,1.43307,1.73823,0.407506
-2.43285,5.45679,-2.54515,2.37799,-0.252596,-0.769053,-0.253036,1.09866,-2.52089,0.762364,0.17786,-0.723611,4.0544,2.09933,0.792913,-1.31079,0.876788,0.162106,-4.32369,-1.81385,0.284399,2.05866,4.87066,0.752056
-0.790078,-1.73015,-0.865707,0.0357754,-1.37996,-1.05529,0.149267,0.942803,0.866855,0.229131,-0.848871,1.02912,-1.69092,-0.240485,-3.09322,-0.58587,-0.133246,-1.08281,0.0405749,1.31576,0.963898,-1.58125,-2.77292,2.92332
-1.56259,0.855042,-0.411684,-1.88219,0.237862,3.93951,2.01618,-0.131993,2.69648,0.299633,0.285738,1.59379,0.039871,1.54469,-0.66775,-0.631422,1.7854,3.01233,0.2178,-2.59004,-0.52631,-1.10554,1.786,1.01023
1.1455,-0.622243,0.120166,2.29939,-0.0558049,-3.37431,-2.13635,0.107011,-3.3974,-0.298804,-0.702853,-1.45811,0.677202,-1.46629,1.33417,0.672667,-1.40546,-2.48054,-0.564144,3.0539,0.739896,1.40858,-1.3996,-0.925603
0.354623,1.05085,0.399018,-0.549082,0.212852,-0.0780606,0.172204,-0.301609,0.66926,-0.0522701,0.764044,-0.354237,0.182936,0.369509,0.0146171,0.00288133,-0.0645475,-0.0652093,0.0243453,-1.37812,-0.541019,0.138373,1.19462,-0.855119
-0.994013,-0.382482,-1.30398,0.81183,-1.63883,-2.44883,-0.248395,1.35141,0.316592,0.450201,-0.634041,0.444527,-1.06705,-0.118254,-3.37847,-0.950239,-0.405051,-1.95916,-0.934392,0.930303,1.19893,-1.04224,-2.01627,2.9584
2.31118,1.18057,0.209665,4.25038,0.470487,-6.33389,-3.90163,-0.185873,-6.40784,-0.562747,-0.201327,-3.70051,2.62236,-1.91364,3.43681,0.916262,-2.59948,-4.30257,-1.96045,3.50826,0.64699,3.5729,0.261918,-3.17492
-0.501788,-0.186697,0.323743,-0.956512,0.926113,3.36755,0.986725,-0.668393,0.500209,-0.134297,-0.095912,0.721928,0.522022,0.390066,1.7285,0.322866,1.03524,2.45274,0.763976,-0.72595,-0.521883,-0.0611531,0.995102,-0.636445
-2.84103,1.45946,-2.02346,-0.0420601,-0.654024,2.62674,1.38302,0.864795,0.853118,0.665201,-0.521447,1.57751,0.874565,1.64094,-1.15849,-1.06499,1.74361,2.01785,-1.39938,-1.26416,0.440743,-0.799296,1.2537,2.91836
0.317974,-1.70044,1.03512,-2.78503,-0.0946623,2.19124,1.64133,-0.344542,3.83609,-0.0905179,0.568417,1.33687,-2.45731,0.24849,-1.88429,0.0423834,0.523747,1.33605,2.15724,-1.61307,-0.689241,-1.98378,-1.21041,0.492203
0.685015,-2.59241,-0.032708,1.90718,-0.171102,-1.6971,-1.52873,0.11307,-2.83295,-0.435353,-1.4718,-0.424343,-0.292985,-1.79227,1.11709,0.722336,-0.981908,-1.43894,0.35455,4.12533,1.02145,0.541061,-3.3274,0.256619
-0.534382,-1.78628,0.0904291,-0.74283,0.285839,2.7209,0.79317,-0.335648,0.577213,-0.119029,-0.77993,1.16055,-0.529476,-0.159085,0.668656,0.251737,0.830108,1.78142,1.25611,0.831663,-0.0318441,-0.731698,-1.21796,0.604833
0.0041522,-1.22392,0.680057,-1.86329,0.138644,2.3912,1.2807,-0.312371,2.53512,-0.0207669,0.196801,1.19633,-1.50232,0.176675,-0.886684,0.0518592,0.717211,1.52228,1.51087,-1.1231,-0.433574,-1.42587,-0.627173,0.543416
-0.70777,-1.42012,-0.647501,-0.206546,-1.10544,-0.685202,0.280823,0.85083,1.07087,0.159194,-0.545449,0.841675,-1.65109,-0.134448,-2.73214,-0.52686,-0.124077,-0.716221,0.215027,0.962701,0.813339,-1.37768,-2.45681,2.5351
0.527174,-1.58651,0.418907,-0.976323,-0.640196,-0.723322,0.280128,0.162873,1.84677,-0.00571309,0.126606,0.536973,-2.07722,-0.490996,-2.21062,-0.0416961,-0.355379,-0.897846,1.14762,0.155595,0.177711,-1.26921,-2.10376,0.880787
0.887985,-0.647324,-0.189183,1.273,-1.13834,-4.28373,-1.48326,0.715077,-0.868904,-0.0377279,-0.144289,-0.964005,-0.887399,-0.955736,-2.07896,-0.107881,-1.69023,-3.3454,-0.450122,1.68782,0.784501,-0.0466283,-2.1628,0.76908
0.970354,1.76704,-0.143194,1.43764,-0.0646334,-3.37167,-1.4242,0.0964129,-1.83998,-0.00435355,0.586242,-1.73178,1.08167,-0.298816,0.46559,0.105411,-1.24003,-2.23672,-1.25198,0.0309012,0.100758,1.49158,1.10296,-1.33747
0.222541,-4.13442,1.34924,-1.03071,1.92152,5.85594,0.786447,-1.63588,-0.715408,-0.732975,-1.54258,1.36369,-0.204204,-1.17204,4.40905,1.50315,1.42081,4.04984,2.95417,2.42829,-0.540712,-0.259022,-1.85061,-1.36653
-1.6132,2.22965,-1.95328,2.8028,0.127904,-0.283385,-1.0161,0.572988,-3.89434,0.196048,-0.986308,-0.551256,3.26805,0.64511,2.3691,-0.37163,0.451088,0.232394,-2.71298,1.33284,0.805406,1.91714,2.00879,0.374907
3.30465,-4.28553,4.41655,-5.37611,1.70027,3.8039,2.01549,-2.31321,5.78018,-0.836302,1.45959,0.961934,-4.33158,-1.05248,-0.0179333,1.67022,0.0912995,2.20024,5.87852,-2.04509,-2.22104,-2.24144,-2.08036,-3.08307
-1.71224,1.63435,-1.20476,-0.691434,-0.780974,1.18016,1.30429,0.733421,1.86438,0.515597,0.395998,0.990258,0.119805,1.53372,-2.02038,-1.03978,1.08324,0.920871,-0.945625,-2.27378,0.0986746,-0.742627,1.58439,1.80339
0.829802,2.18679,0.207126,1.14733,0.69893,-1.67116,-1.11337,-0.445147,-1.85754,-0.0999545,0.734078,-1.66898,1.83176,0.0943121,1.82291,0.261294,-0.69291,-0.95811,-1.05346,-0.66332,-0.350211,1.73792,2.40109,-2.32782
0.547271,-2.17177,0.765961,-0.137297,0.838907,1.67833,-0.0590401,-0.788626,-0.763445,-0.44402,-0.751444,0.137733,-0.198649,-0.863343,2.06888,0.888765,0.174446,1.07818,1.46888,1.68229,-0.195058,0.140478,-1.22378,-0.993391
-0.244426,-0.407877,0.131555,0.210516,0.964807,2.22931,0.0660717,-0.71329,-1.314,-0.206691,-0.713012,0.220298,1.06788,-0.157317,2.61653,0.576944,0.643945,1.62935,0.341668,0.723872,-0.13454,0.603508,0.415761,-0.907853
2.61984,-1.46235,2.59215,-1.81067,1.34498,0.395696,0.00186665,-1.59006,1.14763,-0.651163,0.956971,-0.649911,-1.18611,-1.01181,1.5492,1.29106,-0.674106,0.176573,2.58136,-0.427322,-1.2563,0.12755,-0.304594,-3.29745
0.705354,1.78138,-0.360697,1.5071,-0.40886,-3.87871,-1.39874,0.546505,-1.53158,0.137031,0.547085,-1.55754,0.677418,-0.2527,-0.525467,-0.315388,-1.26168,-2.66372,-1.58165,0.0975308,0.296595,1.16698,0.805688,-0.553873
0.862961,-7.28072,3.25095,-5.68965,1.93133,9.35909,3.41607,-2.33602,5.588,-0.780718,-0.716957,3.65392,-4.34293,-1.0931,1.30435,1.74113,2.30563,6.0042,6.73429,0.0128026,-1.55448,-3.48056,-4.05502,-0.540945
-0.183216,-1.69567,1.08802,-1.41686,1.65619,4.96661,1.03123,-1.40231,0.181424,-0.480258,-0.54417,1.11997,0.28249,-0.105748,3.29912,0.914771,1.50403,3.53614,1.97236,0.138448,-0.733852,-0.124058,0.376934,-1.44498
1.31445,-3.90269,2.74356,-4.19257,1.38042,5.12778,2.19214,-1.71208,4.2809,-0.530979,0.284432,1.82259,-2.93897,-0.6439,0.544945,1.15812,1.0623,3.1666,4.48363,-1.07518,-1.44335,-2.09605,-1.67492,-1.2995
-2.00229,3.22207,-0.640299,-1.18123,0.939482,4.71082,2.00844,-0.504005,1.04654,0.410363,0.643848,0.947609,2.25275,2.32939,1.7063,-0.587605,2.49171,3.93694,-1.10711,-3.69091,-0.882285,0.332986,4.77985,-0.394365
0.0729909,2.72102,-1.09843,2.05928,-1.10551,-5.01332,-1.6041,1.12157,-1.60619,0.290817,0.607359,-1.70488,0.928832,0.182536,-1.69535,-0.759769,-1.548,-3.37549,-2.62414,-0.192029,0.58648,1.06609,1.05924,0.330007
-1.27604,3.1942,-1.81061,1.55671,-1.0747,-2.55904,-0.540209,1.22278,-1.04923,0.613229,0.357479,-0.680584,1.54439,1.0316,-1.49843,-1.17407,-0.192434,-1.44206,-2.94095,-1.08926,0.593991,0.640702,1.96615,1.34411
-0.344938,1.39944,-0.856988,1.5443,-0.246308,-1.68606,-0.870229,0.42386,-1.92486,0.0582866,-0.169156,-0.782396,1.36607,0.0486462,0.53829,-0.323151,-0.363496,-0.966996,-1.48595,0.507572,0.377424,1.00974,0.887333,-0.140541
0.500176,0.00109803,0.0537718,0.911545,-0.0456086,-1.65226,-0.96169,0.0697589,-1.23884,-0.171266,-0.0404361,-0.772565,0.23655,-0.493815,0.347154,0.0636628,-0.69191,-1.15929,-0.286951,0.969099,0.238976,0.644112,-0.32471,-0.433563
-0.437222,-0.824882,0.727272,-1.81017,0.876143,4.10885,1.65076,-0.846028,1.70346,-0.0534055,-0.0046407,1.23327,-0.270699,0.5754,1.11468,0.288836,1.47037,2.91191,1.43017,-1.23002,-0.712255,-0.731426,0.571825,-0.31004
-0.886292,1.25583,-2.1435,4.10729,-0.692516,-3.23574,-2.28777,1.0973,-5.13305,0.0989133,-1.30558,-1.2834,2.64516,-0.454811,1.43814,-0.284993,-0.858644,-2.01522,-2.99987,3.25829,1.51404,1.9002,0.0214594,0.901603
-0.154266,1.64266,-0.495176,1.33109,0.137413,-0.93135,-0.680231,0.0736124,-1.86478,-0.0153394,-0.00890147,-0.867087,1.60842,0.256405,1.24898,-0.00273183,-0.179228,-0.380637,-1.40609,0.105197,0.194176,1.16444,1.42559,-0.686313
0.265487,-3.13763,0.601376,0.586015,1.48737,3.18769,-0.413986,-1.00709,-2.43717,-0.785016,-1.65577,0.551521,0.615011,-1.24803,4.20899,1.25203,0.592811,2.23943,1.74377,3.37081,0.237982,0.529106,-1.727,-1.1962
2.06673,-5.81535,1.66226,-0.190471,0.10708,-0.787908,-0.971434,-0.443269,-0.393448,-0.751783,-1.44417,0.462787,-3.17805,-2.86687,0.174283,1.49377,-1.31544,-1.15657,3.32082,4.70169,0.46774,-1.11883,-5.92063,0.049385
-0.232373,-1.47088,0.241737,-1.356,-0.0419451,1.86149,1.01697,-0.0884514,1.6746,0.0136152,-0.318659,1.11822,-1.25819,0.0819287,-0.783176,0.0565718,0.734285,1.11354,1.2263,-0.26936,-0.0919397,-1.10325,-1.18992,0.731205
-2.48023,3.79922,-2.21448,1.89248,0.250746,1.78627,0.195187,0.313653,-2.70323,0.393373,-0.15566,-0.133795,3.93803,1.88582,2.37665,-0.846252,1.4384,1.78789,-3.14634,-1.24864,0.205745,1.61903,4.26089,0.138735
1.01502,3.65304,-0.090367,1.15329,-0.461169,-4.68155,-1.30027,0.356993,-0.869306,0.0970708,1.56084,-2.34458,1.20784,0.413921,-1.03444,-0.487488,-1.58881,-3.01778,-2.11946,-1.89506,-0.213878,1.55326,2.64612,-1.4877
-1.37444,2.11889,-2.95197,4.0444,-1.94483,-5.377,-2.20977,2.12465,-3.77773,0.542071,-0.846917,-1.26038,1.71438,0.0607416,-1.7661,-1.17157,-1.36786,-3.62854,-3.91303,2.26288,1.90095,1.12792,-0.410962,2.76911
2.61726,-3.22823,2.04772,-0.73125,0.398887,-1.67979,-0.898433,-0.742645,0.361928,-0.654121,-0.000807317,-0.660966,-2.23216,-2.0678,0.0428007,1.2476,-1.55089,-1.61802,2.44241,2.0249,-0.349794,-0.352417,-3.22737,-1.56513
-2.27905,0.180772,-1.11435,-2.41478,-1.30208,2.42937,2.5117,0.942657,4.37719,0.887041,0.329351,2.36502,-1.8329,1.90403,-4.22379,-1.32445,1.68001,1.6008,-0.0640438,-2.91964,0.0350282,-2.50405,-0.00713035,3.50151
-0.194871,1.95633,-1.83249,3.87693,-0.851736,-4.75006,-2.58876,1.17058,-4.33462,0.130395,-0.560161,-1.99398,2.15196,-0.49061,0.466623,-0.393543,-1.51882,-3.02929,-3.01747,2.46729,1.27537,1.8419,0.23341,0.448385
0.263525,1.41586,0.34429,-0.313275,0.046041,-0.236434,0.314176,-0.284505,0.646479,0.15267,0.935479,-0.577108,0.434302,0.551743,-0.183983,-0.145851,-0.0598139,-0.00206243,-0.318078,-1.64282,-0.550318,0.293257,1.57262,-0.858942
-0.177501,1.59394,-0.816396,1.67311,-0.0894735,-1.9055,-1.12909,0.347309,-2.14124,0.120084,-0.101187,-1.04864,1.43455,0.178306,0.695856,-0.199034,-0.503003,-1.18877,-1.64622,0.606038,0.418166,1.20261,1.2272,-0.289445
-0.0503576,-1.66508,1.56367,-3.36225,1.16058,5.24606,2.34645,-1.23408,3.47767,-0.123601,0.318132,1.83315,-1.39763,0.608437,0.661708,0.543744,1.84245,3.71792,2.74632,-2.03709,-1.11346,-1.4912,0.140774,-0.629991
1.32334,0.527027,1.67343,-2.4719,0.508603,0.406769,1.0415,-0.796951,3.11677,-0.0654368,1.64256,-0.17716,-1.25252,0.333295,-0.998624,0.219051,0.088433,0.247479,1.31112,-2.98684,-1.2752,-0.617621,1.13676,-1.6228
0.74926,0.0816723,0.613835,0.255544,0.871605,0.167069,-0.484546,-0.757662,-1.00007,-0.451923,0.0618694,-0.57138,0.74663,-0.441826,1.87744,0.579902,-0.130183,0.142657,0.369274,0.298823,-0.363285,0.807991,0.646774,-1.71358
-0.132023,1.80712,1.09596,-2.77441,0.905088,3.6173,2.10793,-1.11276,3.11862,0.116994,1.40715,0.667057,0.278482,1.62296,0.327648,-0.171853,1.59909,2.81157,0.86285,-4.35179,-1.55585,-0.419829,3.39699,-1.61254
1.3579,-2.39476,0.773201,-0.174316,-0.50759,-2.22894,-0.67491,0.136775,0.545024,-0.203537,-0.35135,-0.147812,-2.12726,-1.39311,-1.70501,0.452473,-1.33231,-1.92723,1.30677,1.77001,0.249046,-0.724447,-3.17669,0.494481
1.00418,-4.09392,1.92757,-3.33584,0.305208,2.79399,1.64894,-0.752289,4.10291,-0.260792,-0.132401,1.95686,-3.59299,-0.626009,-1.66884,0.681277,0.595583,1.29839,3.66766,-0.0499889,-0.581414,-2.35206,-3.35051,0.529639
-0.908801,4.2546,-2.00492,2.75942,-0.611247,-3.46894,-1.43001,1.00097,-3.10203,0.451216,0.413817,-1.67414,2.98574,0.816628,0.385807,-0.878107,-0.767021,-1.8956,-3.74577,-0.568542,0.62081,1.97625,3.02221,-0.06854
1.74616,0.321562,1.06581,-0.55708,-0.420139,-3.22131,-0.452065,0.000280229,1.3999,0.00909889,1.17522,-1.14489,-1.30766,-0.457595,-2.13781,0.0603448,-1.3403,-2.33559,0.386285,-1.03658,-0.43383,-0.11313,-0.39079,-0.76176
-2.26544,-3.90039,-0.665215,-1.13671,0.607016,7.42399,2.03695,-0.284893,0.520294,-0.0360604,-2.2366,3.39268,-0.551751,0.12696,1.91433,0.316208,2.86674,4.93374,1.89247,2.15737,0.539091,-1.69462,-2.44208,2.44531
0.715249,1.35629,-0.812525,2.67629,-0.739337,-5.2061,-2.38847,0.828099,-2.79394,0.00939916,-0.0728301,-2.02393,1.00669,-0.820595,-0.377095,-0.175019,-1.93921,-3.48883,-1.93216,1.69353,0.799975,1.50987,-0.171254,-0.20251
2.42374,-2.35102,0.791336,2.22029,0.108714,-4.31897,-2.83966,-0.126796,-3.10926,-0.73057,-0.903492,-1.82939,-0.542388,-2.6136,1.34037,1.04965,-2.4308,-3.33911,0.622326,4.49036,0.661281,1.10686,-3.31083,-1.26902
-1.52244,0.658593,-2.0247,2.58269,-0.745533,-1.0792,-1.13493,1.07212,-2.84419,0.257786,-1.14833,-0.135196,1.60263,0.113886,0.451026,-0.593346,-0.122066,-0.502744,-2.10502,2.04973,1.30581,0.752853,-0.220095,1.78701
-1.40774,2.25281,0.0898672,-1.74297,1.42552,5.51284,2.19918,-1.06093,1.04505,0.0114088,0.690986,0.910643,2.0296,1.95665,2.57869,-0.0353148,2.58218,4.29199,-0.0289075,-3.6572,-1.18536,0.311041,4.41153,-1.47725
0.649312,-2.63732,0.724275,-1.20172,-0.326869,0.166609,0.275022,-0.0856314,1.87026,-0.060614,-0.352382,0.783264,-2.36544,-0.825897,-1.69216,0.277824,-0.161918,-0.347254,1.71282,0.967227,0.0939519,-1.41435,-2.88043,0.988262
-0.57558,-2.01648,0.155221,-0.985886,0.138684,2.54055,0.741787,-0.111134,1.0304,0.0169223,-0.700727,1.43225,-1.05666,-0.208866,-0.0600256,0.184165,0.733377,1.55966,1.33713,0.711879,0.128525,-1.00431,-1.70511,1.06965
0.737256,-0.218584,-0.147934,1.17751,-0.520219,-3.08206,-1.34342,0.544885,-1.16895,-0.0188823,-0.111738,-0.930461,-0.218679,-0.86736,-0.761085,0.0748396,-1.3577,-2.23704,-0.483207,1.58634,0.428398,0.304442,-1.18436,0.13371
-1.59546,1.86465,-1.87109,1.99861,-0.521065,-0.311573,-0.589917,0.758093,-2.2102,0.269903,-0.506601,-0.199525,1.84206,0.848154,0.556032,-0.706933,0.259313,-0.0300857,-2.24804,0.440622,0.723692,0.75533,1.41595,1.0767
2.59647,-0.485135,0.947393,2.29827,0.484038,-5.00147,-2.91625,-0.422923,-3.50794,-0.804374,0.056168,-2.64586,0.393402,-2.19054,1.67327,1.11865,-2.66507,-3.58697,-0.0169334,3.03724,0.162527,1.80432,-1.18173,-2.52283
-1.13053,0.504525,-1.75257,2.34437,-0.678358,-1.64763,-1.08668,1.04408,-2.53936,0.134479,-0.934001,-0.265537,1.12534,-0.114067,0.135659,-0.431043,-0.378086,-0.981112,-1.84617,1.95524,1.11125,0.686924,-0.422887,1.46745
-1.4761,2.2679,-2.37699,3.14719,-0.82708,-1.96007,-1.35589,1.16986,-3.53471,0.318346,-0.592634,-0.890642,2.60489,0.465165,0.708987,-0.735534,-0.412897,-1.12634,-3.1913,1.29175,1.15773,1.28098,1.27781,1.19527
-0.891995,0.786671,-0.83632,0.176186,-0.56473,-0.307472,0.151406,0.527975,0.339186,0.349547,0.0238067,0.22654,0.221889,0.570274,-1.05554,-0.500071,0.178953,-0.129906,-0.902259,-0.566116,0.314624,-0.247164,0.404096,1.0297
-1.46101,3.57952,-1.42837,0.646661,-0.881211,-1.18793,0.321731,0.906377,0.145599,0.718651,0.940662,-0.344127,1.44436,1.66132,-1.45524,-1.24703,0.21445,-0.407435,-2.66673,-2.52262,0.121865,0.392354,2.94829,0.810963
-0.499579,3.43518,-0.962817,1.59843,-0.225547,-2.16136,-0.654746,0.350556,-1.45772,0.0886831,0.81511,-1.53926,2.18592,0.883188,0.34993,-0.594302,-0.50115,-1.13702,-2.41127,-1.41663,0.0935419,1.33101,3.03957,-0.712949
0.249678,0.63963,-0.141719,0.534577,-0.159783,-1.15484,-0.437014,0.108633,-0.565575,0.0106644,0.145016,-0.622283,0.311164,-0.0431585,-0.0522176,-0.0294066,-0.498068,-0.773669,-0.539962,0.0474778,0.0239197,0.379717,0.471163,-0.343121
0.456878,-0.708743,0.175493,0.366235,-0.0462601,-0.837446,-0.578061,-0.050378,-0.366149,-0.121061,-0.266481,-0.18806,-0.379064,-0.719917,-0.0390916,0.261916,-0.544342,-0.718136,0.265198,1.01168,0.109738,0.0367847,-0.926006,-0.0735872
-1.75083,-2.39982,-1.58718,0.452201,-1.10014,1.19391,0.102262,1.24863,0.0364149,0.360736,-1.59208,1.90859,-1.06387,-0.165558,-1.50053,-0.267839,0.636384,0.452373,0.0253116,2.57096,1.37897,-1.35081,-3.27542,3.56542
0.104037,-2.71728,1.15192,-1.88693,0.816028,3.81015,1.15817,-0.879592,1.46985,-0.322275,-0.628624,1.55006,-1.23114,-0.356231,0.957643,0.637924,1.16182,2.31732,2.43805,0.694665,-0.404452,-1.07654,-1.53632,0.00930479
1.08143,-3.98937,1.93806,-2.25699,1.02136,3.49182,0.925946,-1.0939,1.76818,-0.525232,-0.60572,1.63969,-2.04717,-1.12541,0.928015,1.1938,0.811078,2.00774,3.53947,1.22814,-0.59671,-1.32033,-2.76188,-0.4422
-0.448554,4.1188,-1.07827,1.05516,-0.874312,-3.25688,-0.382675,0.815416,-0.417703,0.560813,1.32958,-1.56226,1.59959,1.26743,-1.45134,-1.057,-0.763703,-1.84791,-2.78555,-2.59787,-0.0576832,1.06253,3.3256,-0.252149
-1.6681,0.511769,-1.13839,-0.637992,-0.994489,0.980618,1.0916,0.931345,1.85015,0.647796,-0.0580063,1.20395,-0.610157,1.15652,-2.35056,-0.859336,0.874828,0.718658,-0.688028,-1.30742,0.332403,-1.09953,0.0738618,2.46733
0.14759,-0.524769,0.754791,-2.04585,-0.115961,1.3397,1.47853,-0.163429,2.82379,0.159154,0.564843,0.808626,-1.47143,0.381197,-1.58769,-0.137346,0.570353,0.690633,1.04647,-1.71467,-0.522844,-1.10524,-0.29382,0.313116
-1.07319,3.14306,-2.40369,3.05382,-1.78815,-5.18813,-1.70609,1.88986,-2.14014,0.541336,0.24908,-1.52147,1.50454,0.520787,-2.24328,-1.26083,-1.61269,-3.39447,-3.6182,0.199557,1.15612,1.07485,0.994432,1.61902
-1.05623,2.27042,-1.69416,3.19103,0.23224,-0.272014,-1.45792,0.118946,-4.49208,-0.118457,-0.654593,-1.1106,3.50702,0.242325,3.56085,-0.168151,-0.0486392,0.340017,-2.46272,1.47905,0.529894,2.0714,2.34307,-0.778547
-0.320569,0.663207,-0.12301,0.118497,0.232478,0.864599,0.232003,-0.276104,-0.288773,0.0110903,0.0843494,0.0603222,0.875231,0.439039,0.768865,-0.0357976,0.380576,0.758316,-0.351049,-0.453986,-0.0954015,0.245455,1.11299,-0.36265
-1.43473,3.62146,-1.40643,2.08006,0.508984,0.601599,-0.493628,-0.102445,-3.01296,-0.00135783,0.0401902,-1.03133,3.78887,1.20146,3.10193,-0.43012,0.655746,1.02864,-2.64815,-0.828895,0.124627,1.98991,3.94645,-1.00549
0.926026,-1.5671,0.200493,-0.123678,-0.920555,-2.75284,-0.594679,0.697822,1.08147,0.135151,-0.0124194,-0.101967,-2.01831,-1.11166,-2.67694,0.0162162,-1.31627,-2.26609,0.557721,1.16857,0.381947,-0.837252,-2.83718,1.07549
-0.183827,0.562191,-0.796107,0.118954,-1.49645,-2.84508,-0.13437,1.2271,1.26635,0.565577,0.335779,-0.198633,-1.12091,0.225329,-3.38002,-0.766657,-0.888184,-2.08326,-0.960155,-0.515961,0.46985,-0.633297,-0.837934,1.77388
1.85461,1.9004,-1.11768,5.96731,-0.13214,-8.22277,-5.04686,0.534644,-7.45402,-0.698052,-0.55494,-4.24155,3.13296,-2.23918,2.90785,0.513425,-3.91457,-5.31548,-3.12847,4.75051,1.11464,3.68168,0.204797,-2.29711
0.0811967,2.87292,-0.795651,1.44312,-0.611091,-3.49979,-1.03704,0.61319,-1.13971,0.315535,0.849009,-1.59496,1.27015,0.373609,-0.798991,-0.613826,-1.20265,-2.18095,-2.18151,-1.08959,0.0725914,1.04806,2.02471,-0.384628
-1.12657,-0.633216,-0.739337,-0.56825,-0.626977,1.24362,0.870889,0.573473,1.13418,0.440796,-0.215295,1.23519,-0.713037,0.613659,-1.45066,-0.433863,0.689863,0.672052,-0.0342814,-0.23063,0.348123,-0.994775,-0.823795,1.96649
-0.546204,4.0045,-0.179155,-1.54804,-0.888957,-1.28051,1.58296,0.593342,3.29539,0.773445,2.19319,-0.593879,-0.022254,2.23939,-3.3436,-1.27686,0.218168,-0.604659,-1.55354,-5.46562,-0.764486,-0.417591,3.64438,-0.0202092
0.511279,3.39898,-0.496207,1.49966,-0.519686,-4.31731,-1.31005,0.460052,-1.09106,0.19196,1.16933,-2.16948,1.25829,0.344914,-0.87985,-0.601723,-1.50408,-2.49738,-2.30281,-1.40246,-0.109939,1.32083,2.36029,-1.07828
2.08305,-1.94135,0.765612,-0.0659521,-1.23976,-5.16415,-1.26606,0.851519,1.33557,0.0705955,0.252993,-0.824551,-3.06916,-1.6205,-3.77049,0.19824,-2.41902,-4.05901,0.846757,1.52724,0.403384,-0.898627,-3.77718,0.909989
0.13705,0.103382,0.793317,-0.213568,1.81977,3.97397,0.341085,-1.60226,-1.64035,-0.559209,-0.393919,0.00558124,2.0403,0.0865637,4.63047,0.760965,1.40011,3.04498,0.751656,-0.0441438,-0.635868,1.03153,2.06707,-2.46429
1.18073,4.10618,-0.834803,3.4611,-0.682783,-7.4785,-2.90964,0.712931,-3.34604,-0.00934678,1.26238,-3.92077,2.19982,-0.423439,-0.352248,-0.419788,-3.03715,-4.81093,-3.38527,-0.190096,0.235076,2.48133,2.44946,-1.88722
-0.591342,-0.262284,-0.0623045,-0.916392,-0.242935,1.1357,0.899446,0.160859,1.37229,0.244436,0.072381,0.849705,-0.587213,0.523089,-0.960319,-0.285511,0.618894,0.749584,0.236328,-0.782729,0.0256402,-0.713638,-0.124129,0.862189
0.914049,-2.61641,1.89591,-1.95583,1.5144,3.97086,1.03088,-1.59063,1.02823,-0.589763,-0.516758,1.16614,-0.97274,-0.698212,2.17648,1.09561,1.2173,2.50168,2.92596,0.619971,-0.832235,-0.634642,-0.986985,-1.50556
-1.1414,0.454116,-1.05514,0.456093,-0.657951,0.129956,0.154255,0.783809,-0.118024,0.306956,-0.261156,0.431637,0.313505,0.484464,-0.67605,-0.498863,0.287184,0.209707,-0.897558,0.173237,0.534084,-0.257461,-0.118169,1.51912
-2.15692,6.99601,-2.9576,2.90013,-1.56827,-4.02198,-0.684252,1.66531,-2.06252,0.892756,1.47421,-2.1715,3.71585,2.48304,-1.3579,-2.08935,-0.5492,-1.90474,-5.67665,-3.42932,0.522692,1.86724,5.44193,0.564368
-0.775387,4.03118,-0.173879,-0.719222,-0.0798754,0.303823,1.2381,-0.103138,1.27546,0.426472,1.67009,-0.660657,1.53704,2.01595,-0.52314,-0.828019,0.831957,0.69935,-1.67109,-4.4822,-0.857206,0.503174,4.45662,-1.0795
-1.94003,3.82534,-1.77409,0.999213,-0.687161,0.0543478,0.474906,0.721544,-0.686262,0.603726,0.581716,-0.312029,2.36441,1.95459,-0.092875,-1.13907,0.860131,0.648696,-2.85832,-2.49464,0.146913,0.802759,3.63229,0.592604
0.630715,-2.91841,3.02876,-5.58816,1.6033,7.02394,3.70741,-1.9498,5.64365,-0.142674,0.533808,2.77981,-2.78858,0.636151,0.155982,0.72674,2.91628,4.49126,4.59842,-3.16051,-1.79694,-2.34322,-0.399913,-1.11189
-0.0874233,-1.8058,0.0490483,0.79953,0.845969,2.1567,-0.621406,-0.535977,-2.06266,-0.46978,-1.28504,0.403483,0.732874,-0.873697,3.1227,0.689683,0.5236,1.36857,0.84435,2.69961,0.274507,0.421234,-1.08862,-0.397861
-0.788456,4.02337,-1.18558,1.84405,-0.173083,-1.59114,-0.648513,0.247482,-2.22714,0.157845,0.757725,-1.67204,3.0937,1.16981,1.2865,-0.682633,-0.197663,-0.452064,-2.89213,-1.7554,-0.0686808,1.71838,3.99687,-1.18869
1.56733,-0.0647658,1.73159,-1.28982,0.745677,-0.159344,0.241174,-0.971298,1.18355,-0.406301,0.796242,-0.594968,-0.590207,-0.415507,0.422959,0.497173,-0.279552,-0.0985891,1.25457,-1.22484,-1.01134,0.184014,0.554161,-2.19916
-1.72951,4.47014,-2.15164,1.9717,-0.899937,-1.5194,-0.2581,0.954121,-1.54259,0.55994,0.652916,-1.07622,2.69722,1.76224,-0.17102,-1.30187,0.0543147,-0.406398,-3.64726,-2.11157,0.406469,1.13708,3.86887,0.376936
0.328149,0.344305,-0.726436,1.91839,-0.506574,-3.10998,-1.59307,0.635414,-1.91447,0.000991595,-0.273806,-1.05767,0.406808,-0.762899,-0.176276,-0.0927662,-1.43021,-2.02397,-1.11401,1.59299,0.639759,0.716899,-0.786239,0.165511
-0.221714,2.81298,0.116459,-0.378643,0.307632,0.287871,0.624188,-0.473406,0.29704,0.0432495,1.14469,-0.834928,1.39125,1.14953,0.580721,-0.472217,0.393994,0.513783,-1.01936,-2.92703,-0.708019,0.748628,3.4528,-1.54754
1.05572,2.75309,-1.47345,3.76526,-1.38494,-8.3832,-3.33186,1.33237,-3.39514,0.109047,0.608077,-3.40873,1.25892,-0.93999,-1.41626,-0.489949,-3.63834,-5.50526,-3.26672,1.48998,0.943308,1.93323,0.249741,-0.264059
1.25614,-2.53531,0.588944,0.0964644,-0.320545,-2.28107,-1.12876,0.340012,-0.040978,-0.231707,-0.689482,-0.0227508,-1.97545,-1.59585,-1.32971,0.624099,-1.42156,-1.91626,1.20431,2.59028,0.511911,-0.530432,-3.48371,0.603648
0.0128739,-0.40193,0.522088,-1.54958,-0.32674,0.406093,1.19483,0.0314773,2.33849,0.296656,0.482919,0.73514,-1.32253,0.467947,-1.88265,-0.203395,0.408215,0.144052,0.794023,-1.42246,-0.24847,-0.868301,-0.411442,0.526874
-0.383747,1.06137,-0.150501,0.271019,0.140523,0.365537,0.0874403,-0.241722,-0.518578,-0.049037,0.167779,-0.230387,0.958349,0.398188,0.712582,-0.130263,0.321006,0.483628,-0.646951,-0.694819,-0.111159,0.375039,1.28168,-0.509584
1.18182,0.298901,0.398107,0.576606,-0.145218,-2.94719,-0.985912,0.11906,-0.581728,-0.146615,0.389248,-1.27553,-0.16168,-0.69835,-0.52178,0.230453,-1.4087,-1.99557,-0.181606,0.391307,-0.0333182,0.622193,-0.260336,-0.805495
2.79665,-5.17504,2.76299,-1.62848,1.46304,1.23284,-0.473178,-1.5768,0.616169,-1.01783,-1.07312,0.641188,-2.68001,-2.66026,1.48507,1.87835,-0.52403,0.100019,4.23552,3.33576,-0.534566,-0.732917,-4.30221,-1.54596
-1.51546,4.81895,-1.60316,1.59605,-0.348937,-0.559023,0.0816684,0.269756,-1.63428,0.265336,1.0103,-1.28075,3.30521,1.91998,0.990943,-1.00918,0.503046,0.375313,-3.30326,-2.85991,-0.0206421,1.59915,4.96472,-0.83316
-1.63345,1.98168,-0.97932,0.874549,0.437372,2.61494,0.459844,-0.336573,-1.59392,0.0514811,-0.147251,0.104453,2.43414,1.08533,2.4821,-0.275819,1.36744,2.17776,-1.32981,-0.837703,0.0332282,0.784967,2.62184,-0.381192
0.394322,-2.24694,-0.468127,3.94043,1.52885,1.05809,-3.02733,-0.959207,-6.77669,-1.25094,-2.56933,-0.635687,2.91242,-2.43985,6.79634,1.35835,-0.585193,0.686038,0.105892,6.49442,1.02703,2.11129,-1.40829,-1.37419
-1.66504,0.838243,-2.208,3.32231,-0.145682,0.0814942,-1.48784,0.585987,-4.35341,-0.156846,-1.34952,-0.345809,2.76023,-0.0156465,2.84886,-0.319335,-0.0552992,0.218735,-2.2681,2.75919,1.18253,1.2643,0.546047,0.812076
1.1551,-1.21946,0.884829,0.609195,1.00669,0.290942,-0.863845,-0.904368,-1.61421,-0.664578,-0.538522,-0.576145,0.493421,-1.223,2.55367,0.832333,-0.466703,-0.0298981,0.970912,1.89722,-0.238327,0.790263,-0.580422,-1.70751
3.12937,2.58794,1.03179,2.94708,0.896037,-6.60077,-3.40092,-0.961924,-4.13008,-0.956822,1.09883,-4.5058,2.28632,-1.92156,2.60807,0.689124,-3.41763,-4.11854,-1.40765,1.01226,-0.540678,3.08652,2.10798,-4.65794
0.854268,-0.221948,0.228499,0.193867,-0.468355,-2.72504,-0.772439,0.329433,0.269252,0.0260729,0.217289,-0.819882,-0.8282,-0.538709,-1.52589,0.0600155,-1.24324,-1.99708,-0.109593,0.300568,0.0194687,0.0624682,-1.00315,0.00534783
-0.20437,3.04934,-0.442175,0.568976,-0.354102,-1.63785,-0.116631,0.169686,-0.197778,0.225022,1.19518,-1.26921,1.23729,0.997175,-0.389365,-0.602445,-0.315621,-0.712317,-1.72566,-2.23627,-0.288493,0.800619,2.78246,-0.903813
-0.823783,-0.129355,0.687111,-3.09547,0.129893,3.63652,2.64814,-0.394718,3.66555,0.384271,0.584955,1.76212,-1.15859,1.50877,-1.33051,-0.402255,2.08958,2.50877,1.23015,-3.08693,-0.786843,-1.53402,0.758436,0.625874
1.05142,-0.617494,0.833093,0.803721,1.13211,0.515402,-0.942686,-1.10173,-2.18446,-0.790026,-0.494305,-0.729877,1.08648,-1.01833,3.07929,0.844363,-0.28963,0.260246,0.703295,1.7135,-0.235202,0.905789,0.228742,-1.96354
-2.30288,2.28439,-1.62361,0.258076,-0.577892,1.7951,1.10796,0.624711,0.0657782,0.62105,0.274751,0.641348,1.5363,1.87358,-0.208603,-1.03095,1.41339,1.63015,-1.96651,-2.12698,0.243641,-0.110111,2.51235,1.12726
1.38436,-3.00593,1.15869,-0.798193,0.314588,-0.185939,-0.272482,-0.312988,0.93068,-0.25667,-0.57093,0.494704,-2.09039,-1.42556,-0.454445,0.732675,-0.53925,-0.670401,2.13202,2.06318,-0.0135877,-0.864174,-3.06552,0.0402665
-2.21751,0.26324,-0.52935,-2.43517,-0.628905,4.00974,2.87366,0.305409,3.41936,0.760188,0.362089,2.34856,-0.919378,2.12156,-2.14684,-1.00589,2.49976,2.77952,0.242262,-3.03509,-0.162319,-1.75849,0.808514,2.12804
-0.0385018,0.99976,0.387584,-0.466594,0.419897,0.858189,0.542021,-0.547376,0.262464,0.00618612,0.464657,-0.277364,0.69842,0.594726,0.6811,-0.10637,0.58677,0.717846,-0.0922286,-1.58635,-0.555168,0.280629,1.71358,-1.10686
-2.08245,2.95173,-2.6321,2.70554,-1.12075,-1.55832,-0.798985,1.32585,-2.40582,0.457217,-0.0921345,-0.638005,2.34417,1.1588,-0.154772,-1.04296,-0.160267,-0.554417,-3.26444,0.00993202,0.991944,0.778382,1.84262,1.3677
-0.655727,3.61602,-0.546611,-0.484274,-0.963201,-1.96876,0.91132,0.651397,1.74255,0.748521,1.77842,-0.94066,0.5322,1.7114,-2.68744,-1.16807,-0.0446772,-0.880528,-2.03483,-4.15607,-0.461102,0.104219,3.03983,0.000595783
-1.32882,3.48913,-1.30611,1.36688,-0.36299,-0.512487,-0.0145225,0.314898,-1.45878,0.239477,0.62137,-0.969507,2.53129,1.33699,0.715744,-0.908774,0.285342,0.30122,-2.56165,-2.00931,0.0755656,1.03913,3.56298,-0.483498
-0.153625,1.40867,-0.291607,-0.939235,-1.35873,-2.8893,0.656708,1.07648,2.80264,0.749083,1.34693,-0.373523,-1.45578,0.938685,-4.43825,-0.95543,-0.759678,-1.85659,-0.882165,-2.72269,-0.105368,-0.769041,0.165411,1.31668
-0.451587,2.81965,-0.918498,1.78788,-0.28072,-1.89571,-0.859047,0.189424,-2.05385,-0.0898788,0.458416,-1.61484,2.1618,0.544319,0.922028,-0.426779,-0.595729,-0.83554,-2.1792,-0.762991,0.119235,1.43251,2.60251,-0.959041
-3.34639,4.74904,-3.51334,1.69581,-2.49053,-2.36852,0.469724,2.5093,0.0301008,1.34441,0.892626,-0.268352,1.69225,2.78725,-3.53388,-2.1624,0.181721,-0.974459,-4.77168,-2.97311,0.982202,0.0320953,3.0007,3.14536
-1.41805,0.0220593,-1.62772,0.252979,-1.5205,-1.33113,0.103782,1.58186,0.812576,0.767222,-0.159203,0.748486,-0.945106,0.609201,-3.03753,-0.835711,-0.306478,-1.0916,-1.21537,0.117541,0.786105,-0.906069,-1.21436,2.86615
1.62634,0.315701,0.338409,1.75811,0.0518119,-4.0342,-2.1325,-0.0894115,-2.05096,-0.406134,-0.00108478,-2.1272,0.481535,-1.50778,0.651159,0.445453,-2.1701,-2.68228,-0.395017,1.74063,0.12379,1.23989,-0.387706,-1.4052
0.818601,0.969516,-0.345379,2.77807,0.725041,-1.95164,-2.14403,-0.557403,-4.10227,-0.819688,-0.388768,-1.8749,2.3776,-1.13664,3.29202,0.528179,-1.44112,-1.17222,-1.08977,2.20698,0.33244,1.93651,1.0297,-2.05071
3.90094,-6.94983,3.28142,-1.83187,1.23618,-0.703475,-1.15124,-1.28691,1.37779,-0.917587,-1.31711,0.70079,-4.4539,-3.71475,-0.141142,2.20113,-1.47783,-1.56681,5.31237,4.94411,-0.405538,-1.22771,-6.87028,-0.858123
2.16111,0.235874,1.70447,-0.522692,0.676953,-2.24984,-0.697884,-0.961228,0.225165,-0.499295,0.871487,-1.54375,-0.451706,-0.86552,0.108181,0.583672,-1.26033,-1.59328,1.00699,-0.607667,-0.785379,0.621542,0.404331,-2.55325
0.0125877,1.98493,-0.141286,0.105991,-0.230792,-1.15892,0.154067,0.0979638,0.164244,0.109622,0.893063,-0.791196,0.680427,0.710349,-0.614874,-0.485404,-0.132367,-0.514799,-0.984946,-1.83568,-0.387781,0.542389,1.78562,-0.676556
1.18064,2.08917,0.154473,0.851827,-0.249891,-4.04044,-1.09221,0.164259,-0.534455,-0.122188,1.13929,-2.13582,0.544164,-0.112041,-0.907496,-0.21359,-1.78599,-2.49805,-1.38511,-1.13503,-0.324482,1.07606,1.49946,-1.53513
0.712302,-1.3206,0.273853,0.396803,0.110108,-0.846199,-0.698963,-0.00222447,-0.475658,-0.148418,-0.43145,-0.0162128,-0.711607,-0.861815,0.112552,0.411306,-0.769472,-0.710903,0.666704,1.78921,0.230464,-0.069033,-1.64288,0.155754
-1.20515,2.28101,-1.93454,2.27991,-1.13816,-2.58628,-1.12658,1.25071,-1.98298,0.30551,0.132871,-1.09761,1.53891,0.448046,-0.423634,-0.796505,-0.969348,-1.27987,-2.7073,0.19987,0.779813,0.766706,1.24158,0.926616
1.75892,-2.58155,1.14748,0.731443,0.965435,-0.487911,-1.44625,-0.713869,-1.66618,-0.734834,-0.929877,-0.392696,-0.558502,-2.09234,2.12946,1.12033,-0.912171,-0.604315,1.75325,3.37076,0.101698,0.438863,-2.3057,-1.15076
-0.504582,1.04752,0.266774,-0.487507,0.825719,2.67578,0.91054,-0.948365,-0.286772,-0.203456,0.205296,0.145344,1.42896,0.752011,2.21729,0.0202835,1.49074,1.99404,-0.0689971,-1.60042,-0.534042,0.454187,2.28197,-1.29499
