ch00,ch01,ch02,ch03,ch04,ch05,ch06,ch07,ch08,ch09,ch10,ch11,ch12,ch13,ch14,ch15,ch16,ch17,ch18,ch19,ch20,ch21,ch22,ch23
-0.583453,-9.22012,1.06983,0.581647,-0.481029,1.84753,1.44943,-1.38512,-3.35482,-1.37211,-2.81654,-1.36663,-2.27915,-2.62574,1.87474,2.1231,-0.277474,1.86847,3.0544,4.84148,1.28696,-1.07943,-7.34768,-0.406861
0.331875,-3.04693,0.616856,-2.13185,-1.79187,1.77677,1.03858,-1.04831,4.96344,-0.951491,0.883437,1.62315,-3.33984,-0.550303,-3.28193,-0.616756,-1.73061,0.69122,2.83538,-1.82838,0.0199726,-4.49759,-1.78917,0.953227
0.92904,-0.122587,0.700123,-0.453679,-0.381992,-0.891111,-0.36193,-0.166125,0.71034,-0.069584,1.02871,-0.146965,-0.926614,-0.0672402,-0.294487,-0.030464,-0.743226,-0.850724,0.480841,-0.578502,-0.0150896,-0.494584,-0.155706,-0.924491
-1.93152,0.500117,-1.42438,1.02858,1.25368,2.10381,0.516315,0.353026,-1.75735,0.305517,-2.04988,0.165658,1.92785,0.41584,1.32529,0.0844629,1.59247,2.17193,-1.13417,1.28095,-0.154898,1.4299,0.759945,1.32953
0.311112,2.56852,-0.246916,0.451011,0.226297,-1.50527,-0.658422,0.572247,-0.569119,0.46248,0.53587,-0.172492,0.968793,0.534828,-0.0909357,-0.366751,0.262293,-1.22122,-1.24077,-0.489172,-0.0438441,1.06249,1.59698,-0.155991
0.624804,0.0845052,0.351141,-1.08767,0.814677,1.76788,0.0166265,-0.18699,1.58722,0.0797917,0.975976,0.115939,-0.359675,0.20206,1.32032,0.633888,-0.87858,1.46066,0.950695,-1.04738,-1.025,-0.206288,1.17304,-1.54687
-0.326959,2.19793,-0.510439,1.55485,0.578277,-1.98034,-0.740499,0.769386,-3.14332,0.600168,-0.741986,-0.779823,2.06337,0.44882,0.95062,0.0222418,1.27652,-1.25085,-2.09305,1.2162,0.432922,2.51906,0.770402,0.237204
-0.440718,0.573136,-0.429912,-1.0792,0.911217,3.08592,0.488832,-0.113494,2.27913,0.19596,0.271301,0.830061,0.0896193,0.480773,0.756215,0.0751674,-0.27522,2.55148,0.764451,-1.47949,-1.19912,-0.579898,1.86251,-0.242301
-0.794476,-1.50908,-0.457398,-1.28684,-1.04971,2.13843,1.114,-0.625428,3.63318,-0.45229,-0.104595,1.56701,-1.62928,-0.0964735,-2.63895,-0.793547,-0.541678,1.29943,1.51831,-1.31098,-0.0489494,-3.13126,-0.679966,1.99386
-1.14997,1.71189,-0.949635,1.66176,0.775451,-1.01097,-0.157527,0.636629,-3.16411,0.410791,-1.52169,-0.481683,2.18488,0.360904,0.724685,-0.273408,1.59991,-0.449731,-2.09655,1.60752,0.569463,2.26638,0.618794,1.13458
-0.818205,-1.91732,-0.419681,-1.4121,0.441255,4.49381,1.25112,-0.491262,2.94482,-0.129274,-0.375597,1.22193,-0.838162,-0.0849808,0.182433,0.292509,-0.52128,3.51449,1.88609,-0.76035,-1.02615,-1.84423,0.184888,0.415148
0.496569,-9.45362,1.59472,-2.05615,0.720239,6.26527,1.8002,-1.79067,1.14579,-1.2051,-0.60689,-0.385676,-3.34329,-2.0716,4.02698,3.04619,-2.34646,5.40842,5.4251,1.89118,-1.04018,-2.41462,-4.82628,-3.08898
1.00917,-2.67555,0.932425,-1.28315,1.34365,3.17925,0.22741,-0.599826,0.872857,-0.0805678,0.817946,-0.423635,-0.904102,-0.336397,3.55878,1.91095,-1.41778,2.80866,2.27826,-0.0750328,-1.4267,-0.091951,-0.270113,-3.15287
-0.858215,0.45058,-0.657018,-0.0411244,-0.525736,0.270372,0.485254,-0.0777806,1.06895,-0.00603545,-0.458384,0.717502,-0.0615281,0.233242,-1.77113,-0.866227,0.467068,0.0231438,-0.216713,-0.485872,0.229149,-1.04405,0.12843,1.758
2.00097,-9.74799,2.69438,-3.45194,-1.92553,3.62998,1.5781,-2.37274,5.14221,-1.90234,1.33986,0.537742,-6.44687,-2.4566,-0.789392,1.70897,-3.99162,2.3657,6.76544,-0.355454,-0.316611,-6.05481,-6.11366,-2.17076
0.997151,-0.79467,0.831852,-0.626043,-0.711941,-0.689139,-0.124167,-0.304825,1.20337,-0.359395,1.04479,-0.0775313,-1.41642,-0.356906,-0.58628,0.056426,-1.05391,-0.749375,0.880122,-0.675825,0.113556,-1.01894,-0.73148,-0.837687
1.2675,-0.606636,0.947674,-0.392384,1.42594,1.00155,-0.549108,-0.060647,-0.848602,0.228855,0.874137,-1.005,0.176578,-0.045729,3.58758,1.49521,-0.88304,1.17587,0.775955,0.157646,-1.15088,1.29622,0.616943,-3.10333
0.50351,-4.35058,0.858908,-1.80695,-1.29309,1.90532,1.02586,-1.07596,3.37784,-0.947412,0.448489,0.871813,-3.2581,-1.10978,-1.61705,0.117749,-1.72175,1.17443,3.11012,-0.590843,0.0329748,-3.53898,-2.70204,0.0314419
1.31086,-4.80063,1.46003,-1.6225,-1.67307,0.70087,0.631363,-1.20698,2.86787,-1.02444,1.01018,0.359745,-3.68857,-1.39294,-1.5926,0.464409,-2.11963,0.0951799,3.28478,-0.248724,0.223669,-3.48252,-3.41911,-0.833759
-1.04213,-0.837267,-0.633959,-1.0934,-1.43862,1.26843,1.06637,-0.454029,3.75415,-0.570329,-0.244015,1.80888,-1.61372,-0.0772566,-3.76706,-1.46914,-0.214306,0.59725,1.13301,-1.41852,0.373727,-3.42479,-0.723732,2.81518
-0.482511,-2.43459,0.0141192,-0.393528,-1.52805,-0.0384265,0.696432,-0.559834,1.14372,-0.697531,-0.711716,0.656306,-1.62235,-0.805101,-2.55162,-0.530026,-0.220467,-0.384084,1.00676,0.432033,0.865095,-2.20131,-2.42144,1.76151
-0.406009,7.09185,-1.38483,-0.68648,0.878605,0.456422,-0.65039,0.990203,3.28757,1.12795,1.63603,1.4635,2.11642,2.349,-1.16444,-1.58273,0.488407,0.262588,-2.21328,-3.94219,-1.40526,0.587668,6.35833,0.856114
0.864826,1.48463,0.41632,-0.0234847,-0.725572,-2.36138,-0.702613,0.127044,0.480054,-0.00375329,1.13753,-0.0901822,-0.297735,0.229019,-1.11243,-0.526111,-0.322387,-2.10916,-0.518804,-0.961333,0.308032,-0.0641788,0.589307,-0.235191
-0.318927,-5.49455,0.411382,-1.40294,-0.941277,3.12257,1.51672,-1.18125,2.51891,-1.09709,-0.656113,0.820831,-2.88428,-1.24305,-0.952828,0.480646,-1.18575,2.18077,3.21528,0.393273,0.0937097,-3.27591,-3.48389,0.536195
0.67991,-5.171,1.18009,1.07192,1.0345,0.554561,-0.0242623,-0.584773,-4.8894,-0.338198,-1.29338,-2.3027,-0.206322,-1.69335,4.78621,2.6108,-0.215074,1.08251,1.24309,4.01003,0.240541,2.08672,-3.86091,-2.98014
1.67794,1.93565,1.02016,0.955078,1.24344,-2.62356,-1.6261,0.661869,-3.40666,0.599204,1.18478,-1.87544,1.36977,0.257908,3.39524,1.15129,-0.191421,-1.82296,-1.35821,0.718446,-0.40152,3.4375,1.28606,-3.39142
-0.719939,6.58874,-1.51085,1.69314,1.25811,-2.28866,-1.23234,1.46758,-2.18675,1.2379,0.0127192,-0.175673,3.77543,1.64155,0.483548,-1.06985,1.88407,-1.45791,-3.96362,-0.648805,-0.185007,3.52225,4.46105,0.795804
1.5395,0.60961,1.05932,0.581032,-0.672625,-3.82572,-1.20548,0.140336,-1.76015,0.00545293,1.18603,-1.20719,-0.295217,-0.306468,0.0768114,0.1789,-0.338343,-3.22789,-0.630264,0.440834,0.561072,1.02279,-0.687717,-1.45534
1.74659,0.895261,1.04891,0.0240934,-1.68355,-4.19916,-1.02264,-0.0515566,0.327118,-0.286981,1.67641,-0.391801,-1.23345,-0.217915,-2.17912,-0.664743,-0.895522,-3.92531,-0.325623,-0.804031,0.96211,-0.646662,-0.63224,-0.496178
-1.61577,7.11894,-2.09477,1.12241,0.542069,-1.29557,-0.633933,1.2794,0.0903039,1.21447,-0.245257,1.05781,3.36015,2.02814,-1.77321,-2.02061,1.95616,-1.05231,-3.70955,-1.8193,-0.177485,1.79428,5.00379,2.76881
-0.916341,3.447,-1.36022,-2.01722,1.74502,5.45009,0.739069,0.143999,5.10336,0.722091,0.992355,2.13664,0.969862,1.93703,0.575722,-0.508347,-0.26865,4.26364,0.371247,-3.75873,-2.47416,-0.910416,5.32241,0.065618
-0.0555175,-2.99327,0.460516,1.00482,-0.413636,-1.00958,0.138093,-0.26167,-2.68507,-0.408159,-1.26407,-1.08764,-0.372368,-1.05483,0.598218,0.645593,0.359045,-0.650555,0.272421,2.49372,0.994311,0.364668,-3.11528,0.0357321
0.911181,-5.17916,1.29164,-1.14218,-0.517344,1.57821,0.71279,-1.00713,0.689947,-0.798622,0.123673,-0.290606,-2.67917,-1.38422,0.890644,1.35905,-1.54075,1.26072,2.8029,0.875748,0.0388878,-1.76967,-3.29231,-1.50697
0.401063,-0.0188027,0.466437,-2.21649,-3.58786,-1.33392,0.647773,-0.697812,6.79404,-0.909803,1.79489,2.37606,-3.79608,-0.105283,-7.30694,-2.55411,-1.65249,-2.41623,1.60525,-3.50247,0.809793,-5.66714,-0.871107,3.0811
0.358935,7.63938,-0.842962,2.0283,2.25552,-3.19282,-2.11266,1.77492,-4.10108,1.71579,0.763749,-1.3796,4.62006,1.88067,2.99318,-0.0999088,1.76416,-2.04893,-4.36871,-0.257877,-0.612193,5.4417,5.28302,-1.47124
1.28352,-5.65258,1.54022,-0.644685,-0.28673,0.81867,0.449542,-1.0801,-0.50659,-0.828954,0.120687,-0.95068,-2.52843,-1.71357,1.65345,1.70782,-1.67352,0.851999,2.90391,1.72543,0.129176,-1.20231,-4.03979,-2.14836
0.42023,0.463076,0.196755,-0.66198,-1.8144,-1.78928,-0.12583,-0.212154,2.39243,-0.387863,1.0225,0.896518,-1.59983,0.0510698,-3.62673,-1.3132,-0.604752,-2.05093,0.326882,-1.45663,0.704603,-2.18693,-0.495483,1.43554
0.390417,-5.91362,1.13942,-0.4558,-0.266011,1.7149,0.806579,-1.03117,-0.649745,-0.896076,-0.787005,-0.712238,-2.09577,-1.61949,1.50458,1.51573,-1.02917,1.43834,2.65094,2.06244,0.233804,-1.32348,-4.17068,-1.24812
-0.189855,2.43078,-0.595059,-1.40034,-0.648168,0.860202,0.191405,0.0874292,4.38508,0.0782863,1.24925,1.75378,-0.562272,1.04758,-2.80923,-1.43735,-0.52117,0.189989,0.177403,-3.16334,-0.557505,-1.99513,2.45378,1.37676
-1.628,2.54175,-1.56524,1.22391,0.756673,0.144952,0.102276,0.710117,-1.51759,0.533805,-1.5791,0.106759,2.4328,0.756877,-0.0392146,-0.751187,1.80381,0.391369,-2.12808,0.499403,0.143025,1.67938,1.65504,1.98516
-0.609867,-0.412543,-0.502776,-0.0437734,2.15491,3.56064,0.281322,0.111833,-0.96169,0.460232,-0.708661,-0.409981,1.42189,0.219151,3.91527,1.32675,0.31005,3.3417,0.271948,0.609273,-1.3241,1.67971,1.2801,-1.4928
0.163088,1.13849,0.0239907,1.35624,-0.700795,-3.54701,-0.76008,0.461877,-2.3572,0.0888207,-0.157804,-0.77038,0.640885,-0.0993455,-0.955111,-0.440486,0.681277,-2.87103,-1.60137,1.00947,1.08549,1.15597,-0.648362,0.55642
-0.918105,1.48368,-0.812853,1.39103,0.211921,-1.13912,-0.271699,0.519453,-2.35342,0.294401,-1.08939,-0.376444,1.64188,0.13555,0.134652,-0.428409,1.36712,-0.766301,-1.78505,1.16397,0.544498,1.50281,0.354643,1.07653
-0.493035,0.80841,-0.35875,0.805909,-0.413304,-1.48408,-0.253231,0.208634,-1.24585,-0.000960358,-0.562122,-0.132162,0.659032,-0.0161879,-0.742722,-0.493299,0.734274,-1.14339,-1.02925,0.621821,0.65643,0.450358,-0.355199,1.15921
-0.580188,4.54416,-0.85847,2.24354,-0.472973,-4.71835,-1.20155,1.18173,-3.18438,0.59012,-0.452314,-0.435015,2.46312,0.700127,-1.57976,-1.40635,1.91762,-3.71064,-3.70501,0.520604,1.27837,2.4176,1.46062,1.82149
-0.000742082,3.81585,-0.465243,-0.0389578,0.584191,-0.400528,-0.506043,0.622893,0.777248,0.658451,0.795659,0.46703,1.37648,1.24342,-0.0939705,-0.588519,0.353294,-0.265916,-1.44778,-1.73144,-0.677157,0.863,3.21599,-0.0434269
1.2873,-1.88274,1.11662,0.487303,1.65822,0.33218,-0.600158,0.00375578,-3.34602,0.122647,0.155691,-1.94941,0.466045,-0.600603,4.878,2.32137,-0.466899,0.828085,0.468613,2.02864,-0.479623,2.63643,-0.777936,-3.69214
0.252714,-1.55745,0.35315,-1.05824,0.329275,2.12841,0.337007,-0.482361,1.55073,-0.173882,0.378642,0.293302,-0.922434,-0.150651,0.838926,0.694911,-0.934895,1.77707,1.42832,-0.44738,-0.702842,-0.93325,-0.257872,-1.11488
1.26615,-3.51216,1.47036,-0.421511,-0.508522,-0.390549,0.0336959,-0.628527,-0.542224,-0.539773,0.40642,-0.829579,-1.75319,-1.08064,0.875083,1.13633,-1.18664,-0.344783,1.73337,1.02536,0.183212,-0.708924,-2.74614,-1.74046
0.0400097,1.85653,-0.18262,0.258221,0.606955,-0.354031,-0.423986,0.362195,-0.717811,0.419795,0.34857,-0.200253,1.06688,0.583027,0.724944,0.0465754,0.359646,-0.181807,-1.04098,-0.280845,-0.289516,1.25464,1.51084,-0.476347
-0.881718,-1.2864,-0.328545,-0.0761806,0.15158,1.74484,0.615245,-0.263969,0.283905,-0.217585,-0.912386,0.32709,-0.134695,-0.190741,0.0560231,0.215146,0.229065,1.44752,0.539227,0.369491,0.0195963,-0.566911,-0.590713,0.861105
-1.21955,8.19872,-1.94238,3.21322,1.26827,-4.52521,-1.85212,2.08258,-5.06427,1.64021,-0.859278,-0.879634,5.47816,1.9237,0.544248,-1.36218,3.24426,-3.18787,-5.96668,0.527461,0.619081,5.26494,4.6084,1.61259
-0.548351,5.11867,-1.00003,2.12731,-0.14429,-4.72716,-1.30421,1.31852,-3.11172,0.769249,-0.423029,-0.443936,2.67024,1.01544,-1.5803,-1.51329,2.00015,-3.75978,-3.95241,0.301687,1.13681,2.57352,1.95851,1.90451
1.51228,-1.71351,1.38164,0.439742,0.187993,-1.69919,-0.840457,-0.134823,-2.45122,-0.163679,0.566128,-1.62847,-0.362118,-0.783447,2.21334,1.27217,-0.825843,-1.18173,0.404028,1.46855,0.200333,1.24286,-1.66568,-2.63217
0.695619,-1.69046,0.661625,0.286644,1.6488,1.16744,-0.261125,0.0419985,-2.69297,0.105869,-0.24615,-1.52079,0.758612,-0.401384,4.51914,2.03854,-0.338851,1.54316,0.55723,1.58147,-0.68965,2.31472,-0.382631,-3.01891
-0.560776,6.36172,-1.35217,1.0298,0.232957,-2.51499,-1.11715,1.29731,-0.445179,1.00226,0.443283,0.427472,2.63634,1.64665,-1.44469,-1.71101,1.49188,-2.06888,-3.37819,-1.47801,0.0354656,1.88566,4.06322,1.45951
-0.209637,-6.9469,0.85259,-0.996546,0.626958,4.7412,1.47583,-1.29598,-0.0524571,-0.857654,-1.23694,-0.479673,-2.01446,-1.65338,3.06556,2.35889,-1.1973,4.03338,3.59645,2.09319,-0.518476,-1.35797,-3.86702,-1.71651
1.61937,-0.774326,1.24875,-0.951469,-0.130282,-0.179217,-0.477992,-0.273593,1.07982,-0.174995,1.59784,-0.308064,-1.22021,-0.199257,0.943825,0.84125,-1.42656,-0.372446,1.27556,-0.765326,-0.541483,-0.368893,-0.112617,-2.39616
-1.36866,3.58144,-1.54559,0.493347,0.129679,-0.2362,0.0748848,0.661241,0.311124,0.672383,-0.710565,0.851507,1.88173,1.0897,-1.44761,-1.37561,1.38936,-0.190707,-1.962,-0.904823,0.129578,0.517791,2.4203,2.4363
-0.965011,-2.52947,-0.346013,-1.21946,-1.03979,2.58258,1.37497,-0.67969,3.34233,-0.619154,-0.53583,1.57712,-1.81295,-0.443716,-2.27913,-0.574915,-0.544022,1.80062,1.81339,-0.637587,0.0927906,-3.13564,-1.35292,1.94993
-0.14797,-0.952294,-0.0586286,-0.238003,2.9009,4.55547,0.343222,0.0135603,-1.34034,0.465131,-0.439975,-0.704784,1.45094,0.14338,5.6027,2.10616,-0.117607,4.29065,0.806135,0.895144,-1.81912,2.22965,1.47715,-2.87274
-0.212107,-0.10316,-0.0287301,-0.799193,1.2494,3.03061,0.345921,-0.107109,1.22399,0.192349,0.189072,0.407967,0.240891,0.402594,1.79093,0.66043,-0.273259,2.53693,0.852789,-0.663288,-1.211,0.0782596,1.34864,-0.921938
-1.52406,3.82802,-1.61739,-0.178354,1.34869,2.54059,0.331219,0.61497,1.64425,0.822654,-0.214292,1.26696,2.14036,1.47672,0.00190937,-0.848605,1.05378,2.13912,-1.39128,-1.73595,-1.09003,0.626806,3.97569,1.29748
0.948018,1.62235,0.338373,-0.508476,1.35007,0.776379,-0.500239,0.246104,0.184594,0.544152,1.18691,-0.291346,0.664171,0.607962,2.30916,0.803424,-0.479544,0.774461,-0.0426459,-0.991997,-1.16096,1.24508,2.31266,-2.26721
-0.32803,0.516204,-0.125916,0.772842,-1.03995,-2.29964,-0.219533,0.199978,-0.934144,-0.120971,-0.468295,0.0215806,-0.0125087,-0.209412,-1.93517,-0.789045,0.659804,-1.84057,-0.861074,0.48761,1.05069,-0.146468,-0.823261,1.50591
-0.476451,1.27806,-0.4219,0.840369,-0.778209,-2.13006,-0.29304,0.266988,-0.926846,0.0211996,-0.391838,0.0332242,0.554964,0.147038,-1.721,-0.869715,0.838864,-1.73799,-1.34959,0.316248,0.905472,0.272931,-0.137559,1.51609
-1.88613,0.662578,-1.43584,-0.341705,-0.360954,2.00079,0.960488,-0.0971134,2.08748,-0.10799,-1.10802,1.56716,0.17587,0.446535,-2.28303,-1.24613,0.848293,1.54417,-0.17473,-0.714462,-0.0897952,-1.50984,0.610047,2.92443
0.637011,4.36124,-0.100605,0.117115,-1.50747,-4.2244,-1.0477,0.616713,1.38756,0.273783,1.51798,0.686734,0.141044,0.942209,-3.83922,-1.92065,0.147873,-4.02831,-1.86871,-2.11186,0.772695,-0.463105,1.93301,1.41722
0.936753,-4.23692,1.45937,0.481323,-1.12454,-1.78772,-0.00565214,-0.623763,-2.17583,-0.788258,-0.240171,-1.26221,-1.79028,-1.57465,0.377738,0.9571,-0.777589,-1.36266,1.26214,2.24252,1.04804,-0.385863,-4.20712,-1.08689
-0.394778,-3.77134,0.200905,-1.77348,0.540698,5.12542,1.42631,-0.944633,2.74418,-0.434188,-0.206734,0.827649,-1.63359,-0.472783,1.31358,1.00743,-1.17146,4.08925,2.88808,-0.380526,-1.2178,-2.16786,-1.07392,-0.706363
-0.677124,-6.93358,0.611355,-1.20067,-2.59065,1.54135,1.80837,-1.56989,2.65009,-1.59987,-1.13673,0.991396,-4.08434,-2.03897,-3.71057,-0.288704,-1.1063,0.696769,3.53891,1.02396,1.28595,-4.87353,-5.71114,2.25661
1.46914,-8.41706,2.25326,0.359476,-1.21431,-1.21532,0.408011,-1.33287,-3.56104,-1.36619,-0.775397,-2.08414,-3.13344,-2.93683,1.84828,2.26771,-1.3312,-0.758626,2.93574,4.25747,1.37017,-0.667294,-7.26462,-2.24989
-0.0368599,-2.44957,0.417543,-0.0266073,-0.252757,0.598859,0.414907,-0.533809,-0.44161,-0.436138,-0.550615,-0.169321,-0.866664,-0.717601,0.324257,0.55282,-0.214473,0.48286,0.96508,1.00781,0.284646,-0.514067,-1.86873,-0.147319
-0.394689,3.977,-0.901689,0.536645,0.0969195,-1.49388,-0.595986,0.692558,0.147191,0.612213,0.276192,0.446973,1.4931,1.00717,-1.31036,-1.10017,0.834661,-1.304,-1.92475,-1.13693,0.0847398,0.848198,2.52018,1.20512
-0.423892,3.01188,-0.933314,-1.5419,-0.138386,1.98829,0.430922,0.140077,4.66942,0.260254,1.0991,1.82855,-0.145079,1.18117,-2.16322,-1.15802,-0.334141,1.12785,0.139247,-3.36766,-0.986053,-1.77128,3.40663,1.26744
1.58656,-1.98824,1.45035,-0.775607,-0.858003,-0.979565,-0.296774,-0.432983,0.902127,-0.408589,1.26778,-0.328275,-1.95944,-0.689548,-0.260399,0.403009,-1.47194,-0.970087,1.45259,-0.297568,0.173512,-1.04,-1.62189,-1.51814
-1.24786,-2.16665,-0.714512,-1.78663,0.753981,5.54175,1.52089,-0.678511,3.59736,-0.176682,-0.560623,1.55296,-0.908121,0.0513814,0.351013,0.271492,-0.445664,4.46414,2.21966,-1.07764,-1.26635,-2.1673,0.407086,0.659885
0.850406,-2.245,0.973095,-0.512099,-2.56429,-2.37036,0.222712,-0.682437,1.73767,-0.926429,0.754615,0.387116,-2.85198,-0.890228,-3.79469,-0.785589,-1.09883,-2.61486,1.32799,-0.363561,1.35716,-2.96248,-2.90087,1.11
0.94245,0.435941,0.464512,-1.52986,0.345932,1.69687,-0.0099551,-0.194254,3.07413,0.123623,1.52056,0.635151,-0.82121,0.517117,0.466911,0.199237,-1.25272,1.20858,1.22559,-2.12988,-1.26844,-1.05655,1.64732,-1.48497
-0.017565,-0.111318,0.0915982,-1.9899,-1.81161,0.974342,0.642258,-0.544958,5.39497,-0.544759,1.24493,1.92433,-2.39588,0.124465,-4.09855,-1.43033,-1.19276,-0.0614693,1.55874,-2.79747,-0.040106,-3.87302,0.209592,1.62907
2.44801,-6.32017,2.54625,-0.545204,-0.834668,-1.27395,-0.228211,-1.07135,-1.37563,-1.01835,0.809348,-1.78582,-3.20427,-2.05447,1.87449,1.9613,-2.17942,-0.970598,2.92593,2.01591,0.595433,-0.938537,-4.94325,-3.51655
1.32508,-0.836275,0.964644,-0.970898,-0.12914,0.261805,-0.175054,-0.356636,1.52677,-0.239213,1.32425,-0.0967133,-1.29871,-0.169352,0.410493,0.537035,-1.30812,-0.0206874,1.29909,-0.935876,-0.554059,-0.867127,-0.120045,-1.77007
0.272327,3.00615,-0.243252,1.37804,1.83423,-1.15379,-1.13056,0.92051,-3.6494,0.933771,0.0281177,-1.33984,2.81341,0.774853,3.52594,0.799184,0.965218,-0.460611,-2.23504,0.845182,-0.583737,3.95022,2.33129,-1.85494
1.65531,-8.0075,2.2055,-1.58837,-1.35838,1.57577,0.828963,-1.61085,1.17154,-1.3727,0.35149,-0.594993,-4.35873,-2.31559,0.546911,1.75846,-2.5681,1.04694,4.59435,1.46651,0.224733,-3.12319,-5.63606,-2.35008
2.21825,1.01549,1.44136,-1.75432,-1.5234,-1.8481,-0.604719,-0.295113,3.86956,-0.365842,2.93596,0.575814,-2.41046,0.119814,-2.30272,-0.595675,-2.11871,-2.262,1.22481,-2.85264,-0.246686,-2.25756,0.561208,-1.20913
-0.562176,-7.42211,0.614142,-1.38312,0.555646,5.77124,1.92143,-1.46158,1.14451,-1.00405,-1.35015,0.0910632,-2.33681,-1.56754,2.61851,2.14863,-1.24604,4.86829,4.08952,1.63456,-0.685104,-2.08119,-3.77829,-1.17761
0.0334093,1.14626,-0.196239,-0.0649381,-0.105225,-0.178973,-0.0685558,0.07269,0.842399,0.114454,0.29757,0.30679,0.16455,0.449546,-0.666734,-0.369916,0.0958665,-0.231777,-0.181168,-0.722548,-0.0436073,-0.148255,0.845221,0.308942
1.44409,-3.046,1.50337,-0.322084,-0.045831,-0.288343,-0.144931,-0.41909,-0.972024,-0.357283,0.646738,-1.13895,-1.41888,-0.994485,1.8771,1.34695,-1.22074,-0.219504,1.5422,0.996236,-0.0647376,0.0380671,-2.24233,-2.46592
1.22422,-7.02332,1.64856,-1.72143,0.248753,3.96157,1.01748,-1.46482,1.27452,-0.995977,0.224219,-0.595877,-3.00906,-1.76171,2.67511,2.30294,-2.28964,3.18017,4.31984,1.0294,-0.789761,-1.96185,-3.63773,-2.97357
-0.410226,1.03653,-0.478887,-0.10707,1.02272,1.66433,0.136673,0.19299,0.24405,0.411688,-0.03391,0.249084,0.918931,0.61764,1.35684,0.265858,0.309388,1.54824,-0.217278,-0.449623,-0.822019,0.68144,1.64169,-0.399917
-0.0349059,4.01955,-0.484706,3.09844,0.531437,-5.30496,-1.67897,1.32353,-6.09708,0.859157,-0.765165,-1.87268,3.24751,0.400864,1.11063,-0.365342,2.15634,-3.84913,-4.05225,2.22865,1.23302,4.41696,0.951218,0.196213
1.55258,-0.283857,1.35742,-0.0563672,-2.18087,-4.51352,-0.910205,-0.220343,0.191688,-0.420782,1.42991,-0.452592,-1.79042,-0.562293,-2.73752,-0.612652,-1.02744,-4.12729,0.171902,-0.320286,1.30485,-1.09718,-1.78183,-0.106438
-1.49573,2.28395,-1.31815,2.15237,-0.0236986,-2.18742,-0.228914,0.70135,-3.20844,0.454578,-1.83774,-0.231502,2.33611,0.371964,-1.01157,-1.10367,2.27115,-1.54481,-2.81383,1.48298,1.20699,1.86173,0.296207,2.60126
-1.40106,0.14051,-1.05298,-0.211302,-0.0772378,1.88017,0.753625,-0.0789951,1.20533,0.062446,-0.912378,0.983623,0.283247,0.230961,-1.0768,-0.633957,0.592419,1.37969,0.0631118,-0.386323,0.0269121,-1.00329,0.238343,1.97028
0.209945,-8.32663,1.34235,-1.28839,-1.64924,2.37803,1.60763,-1.71918,1.32444,-1.68105,-0.977255,0.00690686,-4.14828,-2.29376,-0.837891,1.20553,-1.82227,1.65475,4.24157,1.90595,0.804887,-3.85705,-6.20025,-0.0139906
-1.46983,2.5366,-1.3592,-0.398323,-1.07259,0.0181427,0.544473,0.290341,2.83935,0.108717,-0.281682,1.81904,0.126202,0.833342,-4.00154,-2.04867,0.856784,-0.388548,-0.833378,-1.84317,0.307863,-1.92021,1.42317,3.49799
-0.0912188,-1.91941,0.206139,0.184986,0.68958,1.19803,0.362921,-0.273992,-1.10058,-0.0780307,-0.635033,-0.489038,0.0449826,-0.44629,1.73067,0.872823,0.0517017,1.25658,0.673536,1.24106,-0.179433,0.458771,-1.07533,-0.71425
0.265814,-3.49421,0.613081,-2.21874,-0.0839652,4.14763,1.01925,-1.03355,3.88767,-0.50547,0.738902,0.943459,-2.49632,-0.516636,0.317169,0.784546,-1.79507,3.00302,3.25061,-1.22485,-1.15301,-2.82798,-0.882246,-1.00792
0.760724,2.65251,0.275054,0.448768,-0.733386,-3.559,-0.955345,0.456792,-0.36441,0.231633,1.06386,-0.291856,0.324977,0.324489,-1.37998,-0.794947,0.0824162,-3.06534,-1.43513,-0.687583,0.556252,0.589785,0.908184,-0.00102471
-1.09125,1.01151,-0.926523,0.336849,0.573778,1.04989,0.340386,0.24835,-0.3061,0.322066,-0.82855,0.267686,1.09128,0.33517,0.195128,-0.335519,0.841933,1.0447,-0.75996,0.262629,-0.0581463,0.591601,0.939578,1.03116
0.400345,-1.87696,0.552913,-0.364535,0.155116,0.814722,0.229614,-0.309969,0.117459,-0.251508,0.168705,-0.269841,-0.890476,-0.492782,0.799147,0.712437,-0.684062,0.723649,1.07245,0.413127,-0.168643,-0.334017,-1.07724,-1.03233
2.02725,3.10314,0.905179,0.278624,-1.10656,-4.97225,-1.57787,0.513552,-0.175411,0.214889,2.12204,-0.530247,-0.175324,0.433832,-1.64135,-0.74072,-0.538163,-4.4506,-1.30757,-1.27162,0.594263,0.514816,1.02589,-0.945267
1.15184,-2.46238,1.10483,-1.23858,-0.458496,0.835968,0.21115,-0.688178,1.68392,-0.382571,0.989755,-0.0495338,-1.94587,-0.539884,0.223453,0.626528,-1.47341,0.516598,2.06678,-0.487323,-0.249365,-1.51102,-1.28603,-1.48378
-1.29923,0.947432,-1.031,1.10427,-1.34669,-2.19819,0.0897499,0.302646,-0.879936,-0.0674933,-1.35994,0.489542,0.578417,-0.0139143,-3.27973,-1.56046,1.31085,-2.05156,-1.4943,0.666005,1.53147,-0.450097,-0.902516,3.34373
0.28184,-1.34231,0.374144,-2.21489,-1.11115,2.25581,0.940942,-0.795218,5.26094,-0.425361,1.21716,1.68797,-2.60657,-0.00421846,-2.45161,-0.6345,-1.562,1.11854,2.47232,-2.54882,-0.696395,-3.65163,-0.11587,0.452349
-1.28909,3.88081,-1.53803,-0.931261,0.308954,2.07394,0.409105,0.415629,3.65135,0.541331,0.331709,1.93925,1.02881,1.56801,-1.88802,-1.50909,0.53226,1.38152,-0.864922,-2.84719,-0.849283,-0.944304,3.95687,2.12056
1.39207,-5.24309,1.9282,-0.0792478,-1.45222,-1.59078,0.0161596,-1.00521,-1.0559,-0.980311,0.159554,-1.12742,-2.79753,-1.76697,0.00048812,1.18079,-1.51267,-1.40103,2.22819,1.74959,1.0228,-1.42697,-4.75682,-1.52585
0.382317,4.10682,-0.328461,1.73718,-0.970933,-5.58048,-1.36352,0.919849,-2.29114,0.424158,0.340211,-0.506754,1.36817,0.545514,-2.15522,-1.42159,1.13874,-4.67759,-3.07269,0.0781557,1.36602,1.61027,0.893579,1.21863
-0.228948,2.96995,-0.715848,-1.22895,0.40704,1.65337,0.12868,0.231461,3.38061,0.512508,1.06265,1.44825,0.421642,1.17735,-0.879657,-0.903553,-0.1969,1.21045,-0.172051,-2.63351,-1.11326,-0.808653,3.30281,0.585635
0.986309,2.40551,0.561302,2.61061,-0.726652,-6.82145,-1.9633,0.8824,-5.3565,0.267004,-0.00540776,-1.95233,1.52597,-0.121536,-0.227328,-0.269874,1.09842,-5.4844,-3.10153,1.95818,1.82251,3.15152,-0.69005,-0.315328
0.907237,-1.49405,0.74589,-1.73108,-0.434996,1.52958,0.275824,-0.612922,3.22637,-0.460116,1.32799,0.684472,-1.90911,-0.148608,-0.46361,0.205948,-1.5196,0.879289,2.0575,-1.58106,-0.707184,-2.17904,-0.183143,-0.980924
0.972338,-1.96429,0.887405,-0.250212,-0.371126,-0.38936,-0.0508798,-0.367896,-0.289294,-0.305087,0.443535,-0.503026,-1.16942,-0.78049,0.587661,0.727492,-0.831207,-0.345806,1.13772,0.462999,0.153002,-0.356047,-1.55957,-1.32166
0.798754,2.71428,0.254701,0.780176,0.000207515,-2.7516,-1.03237,0.542917,-1.43697,0.486004,0.869658,-0.64531,0.950779,0.566007,0.0319457,-0.310054,0.329634,-2.2997,-1.51085,-0.261536,0.197817,1.54314,1.32027,-0.650083
1.65883,-8.60217,2.26444,-2.74122,-0.0456591,5.05769,1.4114,-1.85641,3.08294,-1.3224,0.890585,-0.167907,-4.48875,-1.95782,2.56356,2.61418,-3.36387,4.04592,5.738,0.358153,-1.18173,-3.40976,-4.24227,-3.5233
0.238103,-4.5468,0.685308,-0.151298,-0.674219,0.866349,0.712714,-0.830093,-0.297828,-0.776131,-0.61814,-0.399081,-1.7355,-1.3115,0.416992,0.903954,-0.646342,0.720374,2.0393,1.60454,0.503413,-1.42104,-3.5112,-0.429539
-2.39081,3.84744,-2.11896,0.539459,-0.769878,-0.376543,0.470463,0.647205,1.58984,0.343453,-1.22021,1.80784,1.52043,1.11394,-4.12465,-2.43603,1.8753,-0.549959,-2.23172,-1.34301,0.669566,-0.772442,2.16286,4.66111
1.54252,2.39318,0.775263,-0.407334,-0.311174,-2.42565,-1.12425,0.333501,0.801977,0.251172,1.84584,-0.27197,-0.149565,0.488259,-0.529191,-0.326982,-0.786107,-2.24199,-0.459984,-1.62474,-0.146232,0.197621,1.47463,-1.44277
-1.40026,3.3374,-1.58442,1.02655,1.33856,0.672784,-0.12893,0.846125,-1.43314,0.835372,-1.07048,0.158767,2.75791,1.11627,0.955426,-0.527912,1.7606,0.885006,-2.33062,0.113313,-0.278897,2.16163,2.6749,1.14335
-0.936299,-1.33285,-0.469033,0.091364,0.81695,2.21639,0.649415,-0.175396,-0.790589,0.175001,-1.23124,-0.161976,0.574792,-0.101142,1.5441,0.517773,0.463042,2.10345,0.303125,1.0065,-0.367258,0.381873,-0.373413,0.144925
0.500436,2.72353,0.00439455,-0.0228951,0.111369,-1.24271,-0.593161,0.525591,0.595742,0.37249,1.09198,0.180453,0.590806,0.682405,-0.409276,-0.546719,-0.0394103,-1.19757,-0.845182,-1.28591,-0.212273,0.491475,1.98208,-0.321616
0.784152,-0.719404,0.474378,-1.70781,1.2042,3.44008,0.263429,-0.331295,2.4096,0.0422022,1.14067,0.283144,-0.713608,0.177389,2.19506,0.954074,-1.36534,2.75353,1.7218,-1.36508,-1.69219,-0.535432,1.33275,-2.23942
-0.125702,-3.52282,0.319439,-1.73631,0.482498,4.59605,1.23753,-0.845728,2.94393,-0.594217,0.0646906,0.750002,-1.80907,-0.581841,1.0448,1.01229,-1.30658,3.62784,2.81824,-0.538257,-1.00166,-2.20284,-0.89544,-0.853891
2.60159,-6.1149,2.66534,-1.6032,-1.34717,-0.387833,0.091257,-1.25511,1.05732,-1.14371,1.56793,-0.897417,-4.04648,-1.86088,0.59357,1.68191,-2.80305,-0.713755,3.68228,0.499228,0.216529,-2.38552,-4.39294,-3.17314
-0.985594,-0.670704,-0.657041,-0.992685,1.40189,4.62109,0.956574,-0.181128,1.7979,0.188771,-0.549625,0.798275,0.428774,0.445131,1.73596,0.569708,-0.0491927,3.91671,0.993022,-0.66389,-1.37906,-0.350238,1.22542,-0.179655
-0.399389,-1.51675,-0.0747473,-0.11722,2.76158,4.54172,0.500394,-0.0540666,-1.64242,0.438957,-0.798171,-0.697207,1.41979,0.0312451,5.57357,2.02786,0.110576,4.44832,0.859821,1.28296,-1.6178,2.1631,0.97404,-2.59884
-0.789374,-2.93098,-0.104405,0.157851,0.243293,1.84159,0.756903,-0.414545,-0.924576,-0.384713,-1.30707,-0.177871,-0.325429,-0.658748,0.967884,0.711749,0.289392,1.7652,1.05328,1.60311,0.100964,-0.24748,-2.00086,0.333391
3.53088,-10.7582,3.91604,-4.37605,-2.19168,3.31929,1.35612,-2.75474,6.12992,-2.21737,2.76257,0.149667,-7.84125,-2.70927,-0.259889,2.35548,-5.42841,1.79739,7.97968,-0.973281,-0.668271,-6.54538,-6.4898,-4.23803
0.816779,-6.42035,1.52339,-1.70587,1.26778,5.05801,1.06515,-1.24135,0.860526,-0.675773,0.00914935,-0.734792,-2.15757,-1.44516,4.39271,2.76995,-2.03934,4.43503,4.07856,1.14352,-1.47601,-1.01803,-2.71382,-3.526
1.04058,-1.748,0.929422,-0.488575,0.568218,0.633094,-0.172481,-0.243372,-0.489837,-0.141528,0.733977,-0.813831,-0.567076,-0.457017,2.26003,1.29519,-1.01932,0.735396,1.18001,0.3671,-0.543995,0.437173,-0.629023,-2.38338
-1.79224,0.691648,-1.27147,0.557312,-0.172353,0.928583,0.737139,0.147435,0.154817,0.0897523,-1.48316,0.88465,0.80776,0.349587,-1.42953,-0.906496,1.19607,0.768019,-0.829356,0.22886,0.407112,-0.363617,0.236853,2.59197
1.25227,-2.55973,1.39306,-0.599416,-2.21867,-2.54427,-0.0462365,-0.659431,1.00737,-0.933878,0.922108,0.025711,-2.72948,-1.04298,-2.59401,-0.259637,-1.28729,-2.58284,1.395,0.0548053,1.06816,-2.34532,-3.04576,0.0538582
-0.0934879,-5.8474,0.876082,1.11912,-0.267685,-0.327827,0.430688,-0.772187,-4.25815,-0.803746,-1.85864,-1.7314,-0.923238,-1.94581,1.87925,1.59878,0.0921758,0.151552,1.23149,4.096,1.24349,0.555048,-5.16376,-0.882287
-0.168533,-6.64339,0.660374,-2.69398,-0.765475,5.62589,2.12136,-1.64124,4.99115,-1.25515,-0.00228807,1.37743,-3.93641,-1.34437,-0.659744,0.806274,-2.13433,4.18018,4.89362,-0.68468,-0.729225,-4.76128,-3.30739,-0.0679743
-0.24576,7.10622,-1.16404,1.48971,-0.0354284,-4.01333,-1.46382,1.43603,-1.06878,1.09955,0.693087,0.161472,2.83537,1.75185,-1.93248,-1.88033,1.67081,-3.46433,-3.95456,-1.46145,0.442576,2.29432,4.06401,1.55733
1.33484,-2.122,1.1712,-2.19626,-0.637144,1.80462,0.280108,-0.807306,4.01372,-0.485316,1.87789,0.689674,-2.79042,-0.366879,-0.487708,0.44361,-2.142,0.936151,2.72642,-1.836,-0.829802,-2.73603,-0.532683,-1.56057
1.67484,4.42819,0.723828,2.38996,1.39682,-5.35405,-2.58271,1.33341,-5.9941,1.12134,0.923846,-2.58583,3.15549,0.678125,3.55991,0.849255,0.892993,-3.75887,-3.47732,1.41761,0.279069,5.55808,2.20066,-3.12675
-1.35812,6.4695,-1.90395,0.418687,-0.340468,-1.49163,-0.440587,1.09194,1.70092,0.769343,0.123929,1.52446,2.19544,1.78298,-3.3302,-2.40362,1.58174,-1.42994,-2.9462,-2.4003,-0.0155288,0.379439,4.3059,3.07147
-1.27475,0.406705,-0.875356,0.718456,0.564044,0.760051,0.372725,0.227684,-1.17524,0.123124,-1.39197,0.125261,1.21027,0.124464,0.163654,-0.249171,1.11601,0.760446,-0.878873,0.85569,0.177713,0.707004,0.165751,1.2981
1.57684,-3.17221,1.57682,0.00831016,-2.01341,-3.26022,-0.265094,-0.634162,-0.377644,-0.885539,0.704044,-0.748646,-2.57801,-1.41662,-1.80336,0.170675,-1.22304,-2.90749,1.39753,0.954115,1.38771,-1.42922,-3.71053,-0.60805
-0.632362,0.920719,-0.567015,-0.306976,-1.02463,-0.220524,0.303706,0.0993941,2.14457,-0.140281,-0.0287095,1.172,-0.440969,0.240764,-2.98523,-1.26812,0.19083,-0.504172,-0.299594,-1.17299,0.30557,-1.65327,0.307913,2.16695
1.04752,-3.18353,1.24422,-1.5787,-0.273133,1.86743,0.393027,-0.752492,2.11418,-0.599142,0.943326,0.105679,-2.18595,-0.782455,0.757186,0.913723,-1.7648,1.37445,2.62698,-0.404999,-0.712743,-1.7419,-1.35804,-1.8828
0.0896336,1.58709,-0.171269,-0.527157,-0.928947,-0.98951,-0.242663,0.0485154,2.05501,-0.0963291,0.801768,0.891655,-0.488089,0.449214,-2.37477,-1.02078,-0.257063,-1.20126,-0.335802,-1.66955,0.156248,-1.13548,0.902213,1.06993
0.756939,2.42405,0.126695,-1.65371,0.0147966,1.00597,-0.156817,0.118334,4.00861,0.195865,2.08371,1.1497,-0.516064,1.02276,-0.907466,-0.529925,-1.10085,0.426738,0.549528,-3.11738,-1.23294,-1.26948,2.88079,-0.701943
0.435836,2.1899,0.0489247,0.148639,-0.00234265,-1.315,-0.651358,0.468007,-0.0689249,0.332809,0.751346,-0.100674,0.810944,0.499971,-0.0915662,-0.383797,0.114741,-1.05099,-0.90599,-0.783345,-0.141012,0.631122,1.45505,-0.342717
-0.127981,2.57907,-0.326599,1.20894,0.407559,-2.07443,-0.842443,0.626679,-2.32483,0.462022,-0.3145,-0.646416,1.6557,0.466913,0.384916,-0.285106,1.05602,-1.53002,-2.10977,0.547102,0.421356,2.1019,1.22053,0.201125
-0.393522,6.24465,-1.17006,1.09627,0.0246968,-3.30695,-1.21481,1.15568,-0.724954,0.867975,0.484512,0.275546,2.34581,1.57088,-1.89329,-1.68276,1.46289,-2.8549,-3.40513,-1.35877,0.345555,1.84841,3.5542,1.70019
-0.0819389,-1.334,0.0701113,-0.155367,0.761289,1.56309,0.326393,-0.176609,-0.211503,-0.117495,-0.358355,-0.136435,-0.0977591,-0.275212,1.50716,0.598052,-0.154313,1.50492,0.668844,0.588188,-0.445132,0.0889963,-0.400815,-0.779508
-0.126121,2.13767,-0.277392,1.56668,-1.25223,-4.56434,-0.85499,0.492044,-2.41815,0.0736153,-0.36436,-0.537589,0.848053,-0.139059,-2.24716,-1.20943,1.103,-3.80957,-2.21841,0.768972,1.58379,1.05567,-0.597266,1.65329
0.608726,-4.18568,1.16422,0.277118,-0.572447,-0.606951,0.151764,-0.664519,-1.94413,-0.66514,-0.398662,-1.1238,-1.42681,-1.44598,1.00371,1.14437,-0.565192,-0.310643,1.41645,2.10446,0.781066,-0.26436,-3.62068,-1.15052
-0.801002,-1.2006,-0.590099,-1.71992,1.34692,5.5875,1.29667,-0.490737,3.14995,0.0383783,-0.0784911,1.03079,-0.263937,0.38991,1.65082,0.609686,-0.59253,4.70234,1.87753,-1.24698,-1.80747,-1.21482,1.45132,-0.46909
1.04491,-2.74964,0.900712,0.257497,0.187388,-0.413175,0.528233,-0.593218,-0.812382,-0.849711,0.474607,-0.81604,-1.08784,-0.892856,0.592361,1.49736,-0.36969,0.256985,1.68537,0.196458,-0.0597317,-0.994537,-1.55423,-1.31504
-0.637589,-2.63449,-0.0284657,-2.20135,-2.02749,4.82169,-0.194904,-0.54606,2.11531,0.892303,-0.522704,1.63496,-0.88239,0.687564,1.18964,-1.35534,-1.20835,2.03552,1.73155,-0.849499,1.38758,-0.523918,-2.38968,-0.19773
-1.05771,5.09125,-2.13667,0.068925,-1.2574,0.784257,0.254775,0.52153,2.18311,0.28241,0.680009,2.3237,2.04781,2.49732,-2.46212,-2.07576,1.93188,0.44341,-1.13946,-5.16491,0.909709,-1.17546,3.76848,2.68019
-0.564012,3.81832,-1.09523,0.588783,0.217785,-1.01065,-0.139657,0.540951,0.529527,0.211077,0.242124,0.598202,1.57067,1.04059,-1.65025,-0.920806,1.22378,-0.558225,-1.51227,-1.92521,-0.000373018,-0.0268292,2.88478,1.58309
-0.534581,3.57108,-0.476887,1.34944,0.631415,-2.85669,-1.15751,1.0966,-2.50908,0.934435,-0.677988,-0.78944,2.14804,0.469381,0.150436,-0.912871,0.906696,-2.36471,-3.13156,1.57971,0.381466,2.98861,1.32056,0.573686
-0.128403,-0.599405,-0.217086,-0.178501,-2.45572,1.50395,-0.968694,-0.0589812,-1.65356,0.971611,-0.322416,0.625604,0.914824,1.24877,1.84545,-1.23509,0.143043,-0.149529,0.0344681,-1.11898,2.68958,1.35593,-2.09545,-0.450598
-0.144593,2.0603,-0.835639,0.0509794,-0.166948,0.352246,0.61875,-0.0328943,1.68464,-0.424783,0.668898,1.09687,0.44646,0.930613,-1.67897,-0.367991,0.994383,0.538525,0.168353,-3.13729,-0.157379,-1.79557,2.1509,1.22708
0.805676,-3.28394,1.7818,0.160558,2.50889,-2.05971,-0.000581269,-0.216575,-1.63695,-0.642989,-0.576309,-2.46399,-1.9293,-2.88198,1.23475,2.20477,-1.63624,-0.754541,0.164123,5.53096,-2.26771,1.13548,-1.80802,-1.96042
0.675457,-4.25414,0.844959,-0.86944,-1.10177,2.06146,0.242713,-0.894276,-0.0429008,-0.27768,-0.0439011,-0.00555661,-1.53639,-0.574844,1.63425,0.829662,-0.995702,1.33034,2.48293,0.00148133,0.90278,-1.04339,-3.10507,-1.54998
-1.19546,1.5857,-0.385751,-0.763952,0.282802,1.02631,-0.987651,0.716196,0.505627,1.71448,-1.23145,0.359928,0.724061,0.308276,0.335343,-1.74326,-0.665543,-0.362538,-2.06444,2.42212,-0.304032,2.43105,0.3813,0.864587
-0.792085,1.25835,-0.777281,-0.698317,-1.08926,1.43989,-0.539664,0.150731,0.599218,0.86535,-0.269234,1.12519,0.872044,1.14285,-0.0198942,-1.54708,0.0695635,0.225607,-0.635059,-1.04184,0.935824,0.53987,0.287446,0.928157
1.04772,-3.87874,1.44836,-0.317975,2.15441,-0.532347,1.45877,-0.799496,1.07732,-1.65929,0.568792,-1.27417,-2.70731,-2.41934,-0.266057,2.66593,-1.48352,1.0366,2.19075,2.05869,-2.52396,-2.1531,-0.90354,-1.34227
-1.01108,2.27965,-0.692935,-0.381639,0.11848,0.43183,-0.613047,0.618839,0.578267,1.119,-0.695329,0.656826,1.01532,0.593601,-0.437328,-1.45609,-0.0817402,-0.33253,-1.76591,0.695907,-0.0910308,1.49659,1.27007,1.09161
1.60257,-6.87229,1.83358,-0.649304,-0.760863,1.47443,0.628389,-1.4542,-0.974172,-1.2763,0.253449,-1.11958,-2.71149,-1.58199,2.44724,2.27582,-1.52734,1.34212,3.77158,0.985934,0.465572,-1.58817,-4.75927,-2.9001
0.636627,-0.932973,0.242714,0.547133,-0.157364,-0.789388,0.197623,-0.308283,-0.82524,-0.662666,0.390906,-0.369623,-0.189453,-0.248203,0.210937,0.831553,0.269917,-0.106268,0.78779,-0.564567,0.362355,-0.646348,-0.529025,-0.569211
0.779156,-2.60063,0.940827,-0.0409566,0.589134,-0.313664,0.384047,-0.360824,-0.476083,-0.791691,0.0871287,-0.903432,-1.33977,-1.18877,0.622146,1.47176,-0.698011,0.258784,1.30592,1.38557,-0.583166,-0.584716,-1.36994,-1.18857
-0.208253,-1.41095,0.00558174,-0.974517,-0.660278,2.0698,0.171798,-0.359184,1.15004,0.16453,-0.0972743,0.757965,-0.674936,0.08865,0.403778,-0.296685,-0.543995,1.00782,0.984893,-0.515864,0.37389,-0.696143,-1.06608,-0.148499
-0.773795,-1.87208,-0.0841952,-2.47008,0.349,4.39323,1.1605,-0.574844,5.07434,-0.141348,-0.0801926,1.51002,-2.04309,-0.367414,-1.22926,-0.353353,-1.76034,2.96889,2.01267,-0.455464,-1.64843,-2.57872,0.266595,0.703426
0.173962,2.54045,-0.26205,1.51604,0.0365675,-2.64925,-0.723644,0.5491,-2.53633,0.202498,-0.0266015,-0.677776,1.61733,0.581232,0.0394211,-0.24524,1.2236,-1.90207,-1.77589,-0.170649,0.767214,1.55936,1.02778,0.286432
-1.35858,2.61557,-1.56955,-0.838265,-2.87184,2.93338,-1.19125,0.452693,0.671985,1.83284,-0.486223,2.33742,1.99095,2.68691,0.365859,-3.15354,0.782977,0.257379,-1.22139,-3.08907,2.78124,1.29782,0.265693,1.60925
-0.682625,3.99865,-0.836866,0.88363,0.213315,-1.83979,-0.815113,0.959283,-0.943161,0.831858,-0.309604,0.149674,1.94833,0.926663,-0.778735,-1.13189,1.15212,-1.58117,-2.601,-0.0367227,0.175262,1.89991,2.12996,1.28907
0.802621,0.585364,0.0445615,1.02321,1.10748,-2.04689,0.826368,-0.180314,-0.245363,-1.21151,0.855976,-0.723111,-0.180355,-0.50289,-1.23551,1.31633,0.640129,-0.200858,0.336982,-0.803187,-1.02887,-1.35822,1.36559,0.00582536
0.778789,-3.3357,0.687761,-0.884058,0.530054,1.8654,1.88779,-1.13482,3.11188,-1.76807,1.07291,0.438285,-2.4411,-0.903616,-1.01223,1.76097,-0.745818,2.47534,3.41533,-1.91359,-1.18927,-4.11162,-0.40028,-0.658481
0.782437,-2.07385,0.974427,0.454565,1.19728,-1.46493,0.351506,-0.242254,-1.09079,-0.802625,0.187589,-1.43743,-1.04578,-1.43888,0.612013,1.6874,-0.618955,-0.466063,0.611078,2.06869,-0.927419,-0.0862784,-1.10316,-1.24905
0.446108,-2.20054,0.244895,-1.25005,1.70148,1.90926,2.48208,-0.93661,4.90541,-1.93666,1.24919,0.596641,-2.79361,-1.07134,-2.51249,1.81,-0.847648,2.83815,3.11548,-1.9879,-2.82671,-5.03796,1.33048,0.367496
0.873734,-0.377098,0.267552,1.59642,-2.00599,-1.84773,-1.29893,0.158404,-5.04026,0.460998,-0.0866245,-0.870303,1.58259,0.838322,2.49893,-0.268185,1.16543,-2.00042,-0.654325,-0.418303,3.02365,2.23634,-2.50369,-1.41353
-1.98494,4.3726,-1.61648,-0.624072,-1.66556,1.68316,-1.87033,1.07624,-0.0132949,2.72482,-1.26477,1.67083,2.76465,2.22572,0.322879,-3.59525,0.589854,-1.0047,-3.36045,-0.152894,1.80392,3.44536,1.23264,1.94031
0.85052,0.0240632,0.525241,1.4003,0.741935,-2.94307,-0.0340288,0.182677,-2.46759,-0.537632,0.184911,-1.37141,0.282331,-0.657838,0.456309,1.09138,0.501494,-1.52793,-0.409488,1.13452,-0.101615,0.668413,-0.0889864,-0.805253
1.52171,-3.64461,0.832065,0.932275,-2.44406,-0.330038,-0.362794,-0.760064,-3.79927,-0.551304,0.57478,-0.675687,-0.0499802,0.271539,2.70512,1.10896,0.585968,-0.379787,2.1763,-1.78568,3.1477,-0.310891,-3.92591,-2.32628
0.224881,-0.339105,-0.136402,-0.270315,0.487038,0.640213,1.21017,-0.439031,2.18634,-1.00172,0.846628,0.446008,-0.816333,-0.151899,-1.49166,0.705534,0.150308,1.13502,1.43138,-2.08432,-0.873909,-2.70072,1.26992,0.417291
-0.690375,1.55842,-0.366989,-0.437321,1.43528,0.121151,0.410184,0.266539,2.29074,0.0940008,-0.0688863,0.336057,-0.289134,-0.328646,-1.63616,-0.260816,-0.299291,0.437858,-0.734668,0.594129,-1.87071,-0.393794,2.06788,1.05595
1.82743,-5.64949,2.1427,0.120086,2.11101,-1.11474,1.57922,-1.10577,0.0921223,-2.37335,0.792352,-1.99854,-3.25484,-2.89968,0.353148,3.71426,-1.39731,0.953017,3.24849,2.14212,-2.28722,-2.68486,-2.02376,-2.345
0.243307,0.0885529,-0.0675364,0.694262,-0.282368,-0.813837,-0.0595517,-0.0461044,-0.914022,-0.214569,0.27745,-0.145612,0.335178,0.237424,0.111587,0.146863,0.604415,-0.477466,0.0689951,-0.788424,0.573231,-0.0763243,-0.0313088,-0.169431
-0.66255,0.417714,-0.396938,-0.475331,-1.40553,1.39403,-0.922151,0.166493,-0.695774,1.2395,-0.745776,0.682996,0.785993,0.896979,1.10487,-1.51245,-0.0619457,-0.2202,-0.785939,0.248909,1.5357,1.65177,-0.967621,0.193766
-1.08815,-0.0250504,-1.12429,-2.05628,-2.11553,5.08703,0.391903,-0.371701,4.05492,0.67179,0.17357,2.84883,-0.181677,1.79499,-0.740763,-1.91358,-0.280637,2.68621,1.49941,-3.85929,1.1148,-2.04163,0.103042,1.35194
-0.843651,0.274758,-0.797247,-1.68758,-0.954531,3.77206,0.669836,-0.308059,3.77456,0.250023,0.254621,2.06342,-0.490385,1.04935,-1.23715,-1.25812,-0.254342,2.19291,1.13791,-2.79431,0.0573504,-2.02706,0.843503,1.2735
0.220599,0.0174151,0.348172,0.446891,0.574579,-1.29027,-0.196309,0.177614,-1.11958,-0.136426,-0.223313,-0.718428,0.102499,-0.47946,0.286716,0.496236,-0.0746343,-0.716945,-0.59707,1.42248,-0.419221,0.817441,-0.139496,-0.304861
1.17332,-4.39683,1.08604,-0.0293878,-2.13465,0.882732,-0.684248,-0.783062,-3.21975,0.110292,-0.224824,-0.623245,-0.510706,-0.144604,3.20203,0.629282,-0.415522,-0.172862,1.89497,0.469981,2.57606,0.870134,-4.71264,-2.42652
-1.48276,-1.91077,-0.0789767,-3.09261,-1.24124,5.62053,-0.583426,-0.198863,3.19103,1.83724,-1.42088,1.8254,-0.948032,0.294027,1.27853,-2.22807,-2.17164,2.03679,0.490814,1.69288,0.350923,0.942283,-2.11702,0.441574
0.638822,3.24464,-1.00609,1.79033,-0.46611,-2.20981,0.825937,0.0560143,-0.153895,-1.18846,1.6623,0.520719,1.36025,1.46121,-2.20208,0.323864,2.53096,-0.420749,0.157574,-5.22928,0.754629,-2.2786,3.01121,1.15288
0.595259,0.207878,-0.155726,0.970329,-1.26994,-0.873997,-0.100658,-0.123598,-1.66799,-0.247938,0.546242,0.00563457,0.694378,0.777322,0.386617,0.142199,1.15802,-0.496547,0.425189,-2.1808,1.56343,-0.264916,-0.34128,-0.282671
-0.782204,4.96762,-0.797547,1.52909,0.836494,-3.34697,-1.37909,1.32302,-2.37207,1.13567,-0.696337,-0.653795,2.5829,0.678419,-0.484841,-1.29321,1.24631,-2.75716,-3.97507,1.71925,-0.0604834,3.48654,2.42618,1.21454
0.849785,-3.72809,1.16321,-0.498222,0.925565,0.258057,0.795931,-0.737535,0.352932,-0.985288,0.0967427,-0.975858,-2.0677,-1.72923,0.668295,1.7003,-1.27702,0.826393,2.04855,1.75016,-1.12225,-1.20039,-1.77256,-1.50896
0.039719,-5.13653,1.48154,-2.4162,2.29062,2.94132,1.78081,-0.973702,4.49453,-1.08658,-0.212066,-0.309567,-3.91279,-2.69871,-0.541636,1.88534,-2.93962,2.89638,2.95863,3.05002,-3.60155,-2.72756,-1.23343,-0.8506
-1.45497,5.18178,-1.54318,-0.426096,1.5147,0.248353,0.637811,0.779307,3.98659,0.360408,0.315788,1.41781,0.913531,0.921636,-3.61816,-1.39537,0.614616,0.526865,-1.88911,-1.67369,-2.15727,-0.929919,5.09149,2.86169
0.0221354,1.52518,0.302304,1.28691,0.716219,-3.08674,-1.3923,0.870699,-3.7046,0.99725,-0.994398,-1.50332,1.4389,-0.459176,1.30208,-0.229835,0.192498,-2.55702,-2.83735,3.62431,0.256237,3.77875,-0.26614,-0.538382
-0.444699,-1.89959,0.207121,-1.58537,-0.0418162,2.76672,0.360993,-0.371864,2.31088,0.22744,-0.286256,0.726136,-1.29904,-0.427335,0.177469,-0.182672,-1.2898,1.567,1.20877,0.60453,-0.641758,-0.926868,-0.952228,-0.0127839
1.3416,-6.17748,1.82905,-0.570603,-0.453721,1.10313,0.377352,-1.02995,-1.28129,-0.788504,-0.0167823,-1.18045,-2.36417,-1.59392,2.42492,1.93695,-1.51783,0.978811,3.03371,1.83118,0.426173,-0.831952,-4.49231,-2.66704
-0.92851,1.62512,-1.55291,-1.2728,-2.75558,4.04657,0.307794,-0.231877,3.12034,0.386982,0.557122,3.11278,0.843197,2.5874,-1.15398,-2.21763,0.978533,2.04716,1.16104,-5.8217,1.99644,-2.21259,0.989719,1.81086
1.28528,-6.07367,1.57589,-1.01478,0.421723,1.72411,1.37224,-1.3615,1.35427,-1.7318,0.561438,-0.753295,-3.27735,-1.99083,0.821042,2.5121,-1.67803,1.98331,3.85996,0.709173,-1.10301,-3.03653,-2.94068,-2.12731
0.173829,-0.444888,0.236561,-0.313386,1.78166,-0.193636,1.16957,-0.302575,2.1709,-0.976409,0.495205,-0.27463,-1.3614,-1.10973,-1.52335,1.17907,-0.527369,0.828906,0.85251,0.379336,-2.17243,-1.92169,1.35296,0.243303
0.659823,-5.83875,1.228,-2.47651,1.2652,4.06227,2.52406,-1.53433,5.54188,-1.94631,0.839517,0.587557,-4.4308,-2.11964,-1.06746,2.20216,-2.46802,4.08385,4.81612,-0.239887,-2.83934,-5.18703,-1.26904,-0.836606
0.899495,-2.02523,0.654054,0.551492,-0.997768,-0.745307,-0.356883,-0.416253,-2.55174,-0.164435,0.16245,-0.689175,-0.0189453,-0.0490593,1.69387,0.650489,0.229696,-0.560798,0.783945,-0.0944381,1.46705,0.391835,-2.18739,-1.44674
1.30615,-8.18799,2.40105,-1.50497,0.990244,1.69761,0.945801,-1.39139,0.306973,-1.24898,-0.182925,-1.69701,-3.93507,-3.15171,2.26421,2.91419,-2.82131,1.70219,3.94639,4.06457,-1.48855,-1.53302,-4.86005,-3.23111
0.617046,-0.131824,0.193665,0.321077,1.78293,-1.19143,1.60844,-0.356302,1.92336,-1.62456,1.01108,-0.431362,-1.22899,-0.973739,-2.05958,1.72388,0.170679,0.851798,1.17708,-0.978312,-2.04379,-2.85279,1.96316,0.258077
-0.228305,4.01845,-0.97958,1.92689,-1.46273,-2.65942,-1.53865,0.93686,-3.94807,1.09235,-0.198368,-0.230812,3.22132,1.77047,0.798236,-1.4586,2.08135,-2.68085,-2.83999,-1.16642,2.50699,2.95913,0.741163,0.610304
-1.05681,0.108906,-0.820457,-1.80247,-1.76707,4.04511,-0.343534,-0.124932,2.40798,1.21048,-0.424909,2.04818,0.150578,1.33761,0.230007,-2.0201,-0.524011,1.55806,0.41029,-1.54302,1.15544,-0.159339,-0.612028,0.968803
-0.765503,3.06762,-0.912789,0.221041,-0.219722,-0.188549,-0.337165,0.531862,0.420154,0.61473,-0.0819415,0.87999,1.31083,1.02323,-1.02245,-1.20195,0.752638,-0.478361,-1.39172,-1.17035,0.206282,0.542224,1.95809,1.32796
0.371807,-2.12948,0.154696,-0.564251,-1.62106,2.09571,0.215751,-0.702955,0.365173,-0.167987,0.277894,0.713615,-0.511565,0.530003,0.676594,-0.0400199,-0.0914995,1.21455,1.93981,-2.11593,1.31136,-1.38608,-1.53535,-0.529837
1.17148,-2.64497,0.695214,-0.0103728,1.00604,-0.0230424,1.75814,-0.89166,1.68971,-2.0305,1.19894,-0.338373,-2.07047,-1.17282,-1.08028,2.35668,-0.300908,1.56094,2.73192,-1.43482,-1.48684,-3.64582,0.131182,-0.707209
1.41575,-5.52995,1.86011,-0.462921,1.64537,0.0626864,1.57438,-1.14591,0.839827,-1.98671,0.526165,-1.50481,-3.25468,-2.65559,0.365827,3.24641,-1.7112,1.44877,3.30344,2.0591,-2.07969,-2.81017,-2.16604,-2.13622
-1.98415,4.71557,-1.36442,-0.894961,0.935181,0.767758,-0.55846,1.05173,2.52772,1.50512,-0.898267,1.21491,1.38048,0.993181,-1.90288,-2.45071,0.0572192,-0.0951326,-3.01084,0.970207,-1.34048,1.52799,3.46696,2.48517
1.55431,-1.53989,0.442369,1.61177,-1.65871,-1.84627,-0.0255976,-0.435389,-3.63593,-1.01642,0.935771,-0.726299,0.477508,0.519135,1.39114,1.15968,1.33236,-0.808554,1.40348,-2.525,2.36424,-0.62759,-1.87341,-1.56284
1.00958,3.8639,-0.703026,3.48565,-0.842317,-5.39863,-0.734192,0.700047,-5.37917,-0.541242,0.94492,-1.11045,3.03389,1.33361,0.0309519,0.193769,3.24225,-3.14544,-2.02766,-2.69672,2.34897,1.40408,1.44637,-0.0033407
0.804108,-3.67315,0.780335,-0.92331,-0.358971,1.81737,1.19932,-0.915754,1.55694,-1.18395,0.52269,0.117605,-2.08692,-0.887179,0.144568,1.39085,-0.919107,1.94184,2.99337,-0.98486,-0.228632,-2.65993,-1.61589,-1.07006
-0.248083,0.468915,-0.419031,-0.538558,0.50096,1.13785,1.13379,-0.302296,2.89746,-0.701326,0.712976,0.809522,-0.712129,0.214708,-1.81054,0.201069,0.096975,1.39739,1.02479,-2.04367,-1.14241,-2.46639,1.80554,0.89566
-2.34867,2.61288,-1.75194,-2.80021,-1.41439,5.56046,-0.216504,0.275655,5.44278,1.82266,-0.688844,3.44172,0.51603,1.97278,-1.39493,-3.48983,-0.596528,2.31092,-0.50608,-2.3173,0.207194,-0.516658,1.83346,2.69846
0.360253,4.42442,-0.854028,2.42184,0.384261,-4.11519,0.0153621,0.697044,-2.10756,-0.692093,0.997786,-0.484569,2.09095,1.01079,-1.61777,0.229295,2.51987,-1.96408,-1.782,-2.73986,0.442611,-0.0224811,3.20233,1.04889
-1.1999,6.61315,-1.67247,1.13388,0.605978,-2.32907,-0.807774,1.36405,-0.205432,1.00221,-0.158001,0.617176,2.77706,1.48587,-1.98468,-1.94753,1.80364,-1.83617,-3.72097,-0.91999,-0.165771,1.89762,4.27079,2.42385
-0.221194,-2.47732,0.356787,-1.38514,-1.19705,2.74802,-0.384987,-0.344953,0.395934,0.716885,-0.602022,0.539916,-0.737572,0.153086,1.45136,-0.593769,-1.10533,0.979275,1.04687,0.663141,0.869947,0.368921,-2.2814,-0.678538
-0.147944,-2.54429,0.483226,-1.80594,1.57123,2.6731,1.66998,-0.708066,4.68808,-1.02618,0.279797,0.419206,-2.66208,-1.46456,-1.5069,1.06642,-1.78529,2.65344,2.28166,0.595801,-2.76647,-3.13556,0.413357,0.126498
0.925337,-5.88768,1.20494,-1.58872,-0.873228,3.29091,1.08631,-1.31001,1.64143,-1.05826,0.366038,0.134622,-2.71161,-1.07257,1.09191,1.51607,-1.62539,2.50022,4.09287,-0.534073,0.0693667,-2.8314,-3.38676,-1.69753
-0.1687,4.16818,-1.01965,1.72168,-0.0939188,-2.69784,-0.628259,0.78489,-1.7022,0.231586,0.331328,-0.0435429,2.23193,1.17559,-0.914779,-0.744904,1.94396,-1.89001,-2.30092,-1.57933,0.773303,1.15798,2.45909,1.07166
-0.0821074,-0.538395,-0.0639777,-0.377338,-0.915757,0.934244,-0.237926,-0.130096,-0.190286,0.377632,-0.196492,0.340933,0.128763,0.40447,0.548288,-0.429107,-0.0734237,0.269625,0.366811,-0.466769,0.880317,0.0978411,-0.931755,-0.14536
1.5688,-2.39171,1.22118,0.892296,2.79255,-2.67282,2.00488,-0.718766,0.58562,-2.66299,1.36611,-1.70913,-2.29302,-2.28875,-1.36823,3.57576,-0.26142,0.515648,2.29953,0.439745,-2.84678,-3.24528,0.799528,-1.05985
0.544045,-0.653001,0.310212,0.424275,0.0549526,-0.721954,0.246969,-0.074742,-0.750687,-0.49444,0.258657,-0.522243,-0.188323,-0.243066,0.128695,0.759938,0.251932,-0.16067,0.550727,-0.221763,0.0986532,-0.506931,-0.316908,-0.498749
2.07846,-9.523,2.55932,-1.25912,0.353586,2.14122,1.77549,-1.97158,0.769209,-2.3155,0.745147,-1.41949,-4.55607,-2.86054,1.95041,3.79084,-2.49653,2.68276,5.73579,1.47193,-1.07772,-3.65759,-5.09505,-3.47307
-0.395595,-4.95932,0.639571,-3.12623,-1.30977,6.13633,0.5888,-1.06587,3.98375,0.450603,-0.56306,1.45968,-2.69283,-0.422094,1.20876,-0.555097,-2.48506,3.44615,3.14493,0.332039,0.0895381,-1.85287,-3.13843,-0.607009
0.205099,2.16843,-0.218498,1.51397,0.124891,-2.71161,-0.805323,0.619426,-2.78272,0.201768,-0.0380782,-0.794881,1.52474,0.227361,0.299569,-0.114873,1.02019,-1.98598,-1.85603,0.491423,0.624914,1.78986,0.630384,-0.040812
0.285195,0.970445,-0.0840375,0.743305,0.753403,-1.7204,0.128804,0.108605,-0.657919,-0.377279,0.226772,-0.556452,0.335469,-0.276059,-0.469574,0.520487,0.460769,-0.609823,-0.439472,0.0433781,-0.450648,0.063781,0.94971,0.0533416
-0.925478,0.69606,-0.487671,-0.928481,-0.731919,1.79183,-0.495252,0.253532,0.852517,1.14931,-0.607979,1.00718,0.459147,0.697257,0.238836,-1.56384,-0.433868,0.348103,-0.804629,0.129697,0.430418,0.94271,-0.0287368,0.578441
-0.32165,-2.45095,-0.0587553,-2.04611,-1.16745,4.15244,0.578933,-0.809571,3.16299,-0.016257,0.0719521,1.56363,-1.44769,0.312484,0.184482,-0.544163,-1.111,2.48128,2.28954,-1.70675,0.233362,-1.97565,-1.22698,0.105421
0.086507,0.126481,0.344108,0.948192,-0.913229,-1.62582,-1.57336,0.475986,-3.9965,0.988911,-0.914278,-1.00964,1.34155,0.294051,2.38823,-0.639767,0.245744,-2.0235,-1.70845,2.05485,1.83732,3.35456,-2.01151,-0.994044
-0.368128,5.14083,-1.50005,1.95203,-1.92092,-2.55972,-1.62226,1.0153,-3.68628,1.21671,-0.0069795,0.357988,3.71589,2.43556,0.222925,-1.98688,2.73601,-2.61645,-3.08591,-2.54968,2.98056,2.75043,1.42632,1.04767
-0.180992,-3.60688,0.417926,-2.12641,-1.13385,4.26222,0.548846,-0.861166,2.3939,0.0784302,-0.167127,1.06953,-1.79663,-0.159993,0.826678,-0.217378,-1.52644,2.39002,2.4302,-0.307645,0.184431,-1.51342,-2.32248,-0.509159
0.252974,-0.164707,0.205305,0.276668,0.864695,-0.727014,0.343177,-0.0729359,0.1955,-0.507369,0.109827,-0.475475,-0.339176,-0.469623,-0.417042,0.658139,-0.0801808,-0.0491468,0.0970387,0.454288,-0.887918,-0.426621,0.425653,-0.0953563
0.363421,-1.72386,0.227352,-0.306783,-0.715332,1.06151,0.245167,-0.472584,0.12369,-0.388099,0.249173,0.277705,-0.605203,0.0193817,0.49874,0.212849,-0.19077,0.72884,1.22945,-0.771901,0.569829,-0.779551,-1.20394,-0.517232
-0.380791,1.44192,-0.64486,-0.0141851,-0.634006,0.412521,-0.0970999,0.200664,0.40758,0.260912,0.23312,0.798639,0.738691,0.917614,-0.441103,-0.82026,0.505073,0.0533581,-0.33929,-1.68454,0.607236,-0.0996429,0.746131,0.732164
-0.605919,1.17302,-0.951424,-0.833528,-0.939524,2.22103,0.424648,-0.131588,2.5333,0.0369828,0.430112,1.7373,0.132027,1.25207,-1.28045,-1.04963,0.336406,1.329,0.571769,-3.29185,0.359718,-1.53708,1.36806,1.26285
-0.467203,-0.814044,0.197196,-0.812363,0.264247,1.08024,-0.390354,0.0131229,0.544156,0.719364,-0.710702,0.0163208,-0.420986,-0.427412,0.493686,-0.391096,-1.08608,0.190893,-0.436387,2.21138,-0.329513,1.04473,-0.804235,-0.193473
0.314827,-2.86607,0.411013,-1.04152,-0.358181,2.06386,0.634539,-0.690463,1.37986,-0.504719,0.062906,0.249258,-1.50472,-0.513356,0.430482,0.502136,-1.01573,1.43092,2.04324,-0.209861,-0.118838,-1.46248,-1.59395,-0.703288
0.303969,0.0331732,-0.0722029,0.0792913,0.193117,-0.339597,0.507503,-0.237485,0.468695,-0.679982,0.440825,0.0346796,-0.191082,-0.0642232,-0.638462,0.438034,0.368746,0.236925,0.669656,-1.2895,-0.289823,-1.2167,0.60474,0.163306
1.10426,-3.24317,1.02797,0.386189,-0.334897,-0.509741,0.117499,-0.616132,-1.80613,-0.821122,0.137538,-0.994557,-1.0014,-0.931982,1.47192,1.47143,-0.300111,-0.0540628,1.58032,0.692296,0.495057,-0.328756,-2.48652,-1.70151
0.0586643,0.797371,-0.395537,-0.212351,0.518505,0.506109,1.48772,-0.217568,2.96805,-1.25927,1.09099,0.732062,-0.672468,0.0740403,-2.35647,0.529192,0.427472,1.39292,1.28672,-2.89857,-1.29939,-3.09379,2.32819,1.01143
-0.282238,0.779367,-0.235416,-0.527139,1.31816,0.403797,1.05772,-0.0384051,2.65184,-0.588761,0.47109,0.484673,-0.743907,-0.317525,-1.86224,0.32732,-0.269381,1.02821,0.369213,-0.610256,-1.82776,-1.8279,1.95772,0.886061
-0.47892,1.62977,-0.448521,0.346696,-0.71903,-0.324741,-0.96376,0.560977,-1.15307,0.969977,-0.525453,0.114224,1.24115,0.877953,0.485746,-1.15846,0.518721,-0.948588,-1.51964,0.200518,0.936188,1.89589,0.0699124,0.459316
1.24985,-3.00018,0.993534,0.498783,-0.13868,-0.727745,0.398025,-0.578358,-1.44007,-0.992661,0.449731,-0.94226,-1.0044,-0.973275,1.08341,1.60505,-0.129,0.0273109,1.74618,0.198332,0.373421,-0.837444,-1.89934,-1.65498
0.789974,-1.81879,0.631473,0.375652,-0.508623,-0.285824,-0.0511938,-0.401932,-1.36937,-0.418799,0.324964,-0.520185,-0.444437,-0.29064,0.96735,0.800566,-0.0490123,-0.0916119,1.10284,-0.138788,0.696797,-0.253621,-1.65716,-1.0866
0.115891,2.71909,-0.147948,1.60355,1.01716,-3.57034,-0.684922,0.652999,-2.467,0.104574,-0.122922,-1.14948,1.40331,-0.101834,-0.141548,0.151434,0.876976,-2.13204,-2.24643,1.46455,-0.294781,1.86631,1.41961,0.242679
-0.139089,1.6452,-0.807651,-0.502763,1.39007,0.90975,2.25769,-0.416532,5.06554,-1.80511,1.64918,1.41243,-1.08246,0.123343,-3.8666,0.81901,0.540751,2.32132,1.81326,-4.40622,-2.27197,-4.94796,3.97506,1.7758
0.0377867,-1.4647,0.689808,-0.456816,1.38023,-0.0615631,0.0254971,-0.0013961,0.247023,0.0763946,-0.609258,-0.889121,-0.983021,-1.36136,0.383921,0.536731,-1.19639,0.0475798,-0.144239,3.27344,-1.47566,0.733579,-0.66097,-0.529896
-0.862085,2.08475,-0.723257,0.108437,-1.87389,0.261355,-1.77563,0.628429,-2.15154,1.80417,-0.917941,0.588257,2.10396,1.53235,1.49745,-2.18676,0.563579,-1.39132,-2.15494,0.248654,2.33872,3.17362,-0.759872,0.483384
0.592473,-0.0162061,0.319997,1.09984,-0.0340929,-1.72972,-0.265293,0.0571877,-2.01224,-0.335538,0.126228,-0.735919,0.463754,-0.124464,0.583147,0.600336,0.621232,-0.988376,-0.197739,0.102047,0.576796,0.619982,-0.395479,-0.646231
-0.276987,0.98119,-0.229606,-0.305476,1.04819,0.075807,0.601028,0.0125145,1.89909,-0.354258,0.264752,0.174241,-0.331441,-0.207725,-1.46856,0.235889,-0.0875401,0.487837,-0.0535019,-0.31988,-1.28833,-1.1825,1.75215,0.878096
0.640261,-0.247044,-0.0499022,1.02722,-1.74757,-0.75333,-0.532377,-0.142191,-2.53257,-0.173104,0.401312,-0.104324,0.944292,1.024,1.11678,-0.0650393,1.17492,-0.770153,0.360219,-2.29986,2.42601,0.375205,-1.31965,-0.648376
1.05826,-5.15895,1.73818,-0.609164,0.809368,0.568919,0.556959,-0.913797,-0.313951,-0.922274,-0.0477782,-1.29799,-2.4082,-2.10383,1.55744,2.09122,-1.64632,0.828796,2.40361,2.67786,-0.951859,-0.895514,-3.09811,-2.11879
1.21518,-0.4435,0.786007,2.06631,0.673682,-3.99086,-0.383091,0.192539,-4.27618,-0.720392,0.150959,-2.08875,0.535132,-0.75116,1.17482,1.5232,0.740056,-2.21209,-0.57149,1.29828,0.471389,1.32169,-0.923425,-1.44572
-0.187264,4.08849,-0.257928,1.75718,2.89953,-4.44875,-0.10119,1.0169,-0.960952,-0.18778,-0.0197665,-1.37873,1.08446,-0.684384,-1.9048,0.585445,0.921232,-2.1465,-3.03367,2.06635,-2.19344,1.30494,3.67555,1.06104
-0.727461,3.29731,-0.580038,-0.0530256,2.67003,-1.12719,1.19925,0.443738,3.29562,-0.690198,0.382845,0.253623,-0.185423,-0.522058,-3.5435,0.306754,0.155175,0.350764,-1.11336,-0.0759223,-3.26377,-1.53238,4.54151,2.01159
0.779921,-5.44813,1.00906,-1.38763,-1.18222,3.15574,0.859846,-1.21866,1.10553,-0.769681,0.282388,0.330618,-2.26914,-0.554319,1.39097,1.13229,-1.36458,2.27236,3.64426,-0.810059,0.616428,-2.38054,-3.40795,-1.67171
-0.317879,0.306528,0.219763,-0.228956,0.770458,-0.691499,-0.764299,0.361355,-0.908568,0.818184,-0.934588,-0.664401,0.17317,-0.567378,0.687076,-0.326819,-0.80058,-0.873789,-1.39981,3.0684,-0.504837,2.18047,-0.428249,-0.217003
0.846729,-3.66571,1.01714,-0.409994,-0.341217,0.949805,0.458993,-0.706245,-0.238907,-0.687701,0.196444,-0.486501,-1.46069,-0.869268,1.09004,1.16731,-0.882641,0.808074,2.0803,0.536201,0.18068,-0.956006,-2.49231,-1.5732
1.06402,-3.05077,1.06605,0.7965,-0.990249,-1.37505,-0.951724,-0.246553,-4.35747,0.189712,-0.385506,-1.55706,-0.0267474,-0.59387,3.02701,0.845617,-0.20261,-1.4209,0.299684,2.19281,1.751,2.15917,-3.84008,-2.2299
-0.387523,0.659894,0.0867556,-0.444984,1.19104,-0.151129,0.162831,0.20278,1.15134,0.193807,-0.331374,-0.174899,-0.327187,-0.625548,-0.669156,-0.00346245,-0.446683,0.105155,-0.653211,1.50706,-1.45465,0.267907,0.940082,0.455997
-0.470712,-2.86631,0.300321,-2.40824,0.278392,4.11286,1.03939,-0.711212,4.18188,-0.0975236,-0.213303,1.04121,-2.28757,-0.857217,-0.463949,0.0776248,-1.9585,2.69837,2.24341,0.454962,-1.4417,-2.05995,-0.718729,0.086186
-0.280382,4.97232,-1.0952,1.49449,0.85717,-2.89556,0.106301,0.759659,-0.133321,-0.291417,0.641243,0.0784546,1.88438,0.857846,-2.28851,-0.271345,1.81448,-1.2457,-2.08729,-1.78683,-0.55026,-0.152485,3.96352,1.75645
0.660789,-0.936804,0.687751,0.683843,1.23751,-1.91128,0.374919,-0.0599482,-1.01448,-0.731851,0.238236,-1.20367,-0.645441,-1.05841,0.0181962,1.47188,-0.188829,-0.495169,0.206253,1.44563,-0.962602,-0.147444,-0.133425,-0.699826
-0.253566,3.25951,-0.904415,0.801477,0.672588,-1.48805,0.433385,0.401438,0.830439,-0.354639,0.582021,0.374005,0.965101,0.537513,-2.17091,-0.155236,1.32611,-0.371254,-1.05172,-2.01127,-0.712064,-0.9029,3.14138,1.43168
-0.889691,2.84739,-1.32104,-0.124879,-1.62684,1.44686,-0.426557,0.272751,0.861317,0.881389,0.0544003,1.73934,1.56878,1.99121,-0.748611,-1.94335,1.13406,0.223585,-0.772652,-3.26828,1.60282,0.0687285,1.29814,1.52792
-1.04986,4.98135,-1.57756,0.635497,-1.05977,-0.440953,-0.719748,0.810549,-0.221134,1.10943,-0.0486016,1.27457,2.63884,2.1984,-1.12437,-2.20541,1.74032,-0.9379,-2.38231,-2.65693,1.40249,1.27367,2.66502,1.90105
0.41096,2.474,0.194978,2.24198,1.79435,-4.99022,-0.68039,0.764271,-3.52851,-0.213997,-0.0165221,-1.98154,1.35136,-0.659353,-0.116109,0.908014,1.07108,-2.90187,-2.56336,2.37766,-0.750739,2.29157,1.45797,-0.123385
1.65363,-5.31869,1.24139,-0.32553,-0.767888,1.17881,1.31458,-1.49165,0.258486,-1.75929,1.1289,-0.261945,-2.31489,-0.857909,0.754945,2.19023,-0.589747,1.81932,4.10927,-2.02649,0.466057,-3.46927,-2.90963,-1.94605
-0.297806,0.36061,-0.232894,-0.425167,-0.00893921,0.749499,0.0583754,0.00790923,0.878924,0.272549,-0.086537,0.442922,-0.0513166,0.154029,-0.23503,-0.435972,-0.123987,0.356649,-0.126113,-0.0834081,-0.117696,-0.059903,0.442492,0.389109
2.05489,-7.82757,2.16537,-0.753437,0.235313,1.35724,1.67094,-1.71864,0.300758,-2.14018,0.834391,-1.16969,-3.76635,-2.43849,1.39879,3.52438,-1.84153,2.20385,5.06816,0.702055,-0.696872,-3.59455,-4.25597,-3.08957
0.424633,-2.39518,0.654045,-0.0637017,-1.10443,0.831606,-0.383462,-0.416962,-1.38552,0.174825,-0.280677,-0.287543,-0.464669,-0.0253497,1.71177,0.197193,-0.396242,0.0238171,0.987297,0.546066,1.07303,0.536994,-2.59369,-1.17303
-0.965066,3.44749,-0.770095,-0.319608,1.75782,-0.433928,0.309132,0.643424,2.36392,0.308612,-0.148754,0.430807,0.417264,-0.118097,-2.20567,-0.612585,0.023296,-0.0161118,-1.82487,0.613868,-2.10668,0.0921527,3.4829,1.79206
0.0765107,1.95526,-0.0118432,1.48312,0.860106,-2.9769,-0.783474,0.66545,-2.50834,0.351831,-0.301766,-1.11595,1.15843,-0.241159,0.206674,0.126495,0.667612,-2.11255,-2.10376,1.81615,-0.12972,2.10696,0.718438,0.0125556
-0.0699476,3.76019,-0.699702,1.69816,0.465328,-3.32129,-0.593846,0.758384,-2.11204,0.191156,0.106787,-0.575225,2.01831,0.718863,-0.787509,-0.293692,1.57325,-2.08207,-2.47417,-0.455599,0.326795,1.48808,2.17814,0.905495
-1.06837,1.23019,-0.4428,-1.82766,3.25521,1.76182,1.93967,0.021055,6.69498,-0.813723,0.22277,0.952977,-2.07872,-1.22432,-3.86615,0.458834,-1.37219,2.44865,0.475153,0.579157,-4.64743,-3.23231,3.95651,1.95541
0.43293,2.24222,-0.621207,1.03535,1.35029,-1.84412,1.71926,-0.116541,1.88224,-1.813,1.65763,0.179959,-0.115376,0.108705,-3.06241,1.32771,1.51115,0.442904,0.684378,-3.8019,-1.52733,-3.60609,3.71679,1.15922
0.464047,0.0219563,0.467421,0.644657,1.13837,-1.6884,0.338439,0.0374339,-0.279766,-0.688399,0.222021,-0.852457,-0.292863,-0.672416,-0.494129,1.01512,0.157533,-0.394375,-0.0006369,0.697118,-1.08181,-0.468662,0.637184,-0.191778
-1.09767,3.57197,-0.728222,0.505559,-0.701369,-0.93528,-1.8502,1.1345,-2.35744,2.04798,-1.19134,0.114008,2.4364,1.17047,0.834087,-2.21323,0.747652,-2.04819,-3.48281,1.61436,1.35729,4.06434,0.489364,0.87882
-0.482826,5.14106,-1.48758,1.6532,-1.21264,-2.12419,-1.04361,0.903223,-2.22148,0.751955,0.141359,0.754697,3.1343,2.2775,-0.682721,-1.7658,2.44758,-1.85049,-2.61528,-2.91293,2.00128,1.66296,2.40954,1.44136
-0.89389,-0.175851,-0.401216,-1.45603,-0.425777,2.94123,0.285511,-0.157205,2.79603,0.445738,-0.305858,1.29934,-0.626063,0.413722,-0.483653,-0.94461,-0.760133,1.53997,0.633633,-0.670963,-0.303882,-0.77992,0.241846,0.70364
-1.05396,11.9188,-2.24726,4.17086,1.31007,-8.15787,-1.91292,2.62052,-4.89853,1.27529,-0.10598,-0.905318,5.94374,2.34846,-2.50413,-2.17509,4.32067,-5.5538,-7.60882,-0.760429,0.56336,4.91363,6.91493,3.11466
-1.46257,2.05267,-0.786829,-1.87625,1.46612,2.60658,0.691917,0.290757,5.17748,0.490884,-0.367084,1.52714,-0.749381,-0.0501789,-2.51426,-1.15566,-1.06847,1.74551,-0.544841,0.153391,-2.60222,-1.21062,3.02506,2.09048
0.0892054,-1.80924,0.784669,-0.436776,0.407044,0.33699,-0.220385,-0.0105932,-0.262323,0.16963,-0.493295,-0.610028,-0.790651,-0.914029,0.862266,0.340565,-1.01239,0.0792086,0.255676,2.28396,-0.404306,0.59656,-1.33148,-0.82274
-0.660612,1.97593,-0.519009,0.0289527,0.110304,-0.249902,-0.529219,0.419085,-0.0820112,0.746229,-0.443855,0.218336,0.910035,0.487826,-0.286417,-0.921361,0.309457,-0.641643,-1.5389,0.47783,0.018963,1.30748,0.964145,0.741405
0.946878,2.40943,-0.232067,2.16115,1.20253,-4.03854,0.860395,0.227987,-1.18537,-1.59075,1.22767,-0.87149,0.740514,0.0659139,-1.81998,1.3998,1.88381,-1.21261,-0.401102,-2.1412,-0.585776,-1.41312,2.66414,0.385538
-0.212065,2.3056,-0.607826,0.48545,0.827692,-1.03122,0.475363,0.347747,0.979103,-0.319379,0.425027,0.318889,0.508309,0.250977,-1.62264,0.075844,0.709777,-0.195246,-0.724794,-1.27405,-0.978293,-0.846953,2.45263,1.11095
0.401766,-2.92415,1.30621,-0.54318,2.02213,-0.358656,0.33407,-0.199628,0.128981,-0.402464,-0.639066,-1.46804,-1.80574,-2.17105,0.696978,1.45176,-1.66093,0.0508318,0.588153,4.15218,-1.96822,0.279201,-1.36857,-1.23245
-2.67911,7.06988,-2.64757,-1.22606,-1.07248,2.79348,-0.996314,1.22972,3.62932,2.41049,-0.814666,3.08954,2.92534,3.07334,-2.30171,-4.4143,1.00807,0.37454,-3.40709,-2.56536,0.523526,1.49777,4.37829,3.95357
-0.0696614,0.990133,-0.484418,0.101024,0.265324,0.210636,0.778916,-0.265197,1.64551,-0.575196,0.792711,0.598913,-0.165104,0.337905,-1.52736,0.218645,0.501096,0.783577,0.475876,-2.12893,-0.600405,-1.8215,1.69593,0.754653
0.191246,4.24341,-0.439507,2.41971,1.34445,-4.70222,-0.542093,0.881658,-2.9145,-0.071661,0.269814,-1.15424,2.20004,0.241356,-0.900751,0.102799,1.80301,-2.77636,-2.98111,0.368654,-0.169868,1.83548,2.76917,0.664768
-0.554786,4.903,-1.73834,1.34395,-1.85155,-1.01286,-0.895687,0.642541,-1.38059,0.646439,0.440273,1.2889,3.0136,2.729,-0.879623,-1.93735,2.44454,-1.30585,-2.00516,-4.26737,2.40704,0.779104,2.28985,1.65951
1.54252,-5.74419,1.95885,0.0062675,0.455879,-0.368393,0.431425,-0.960615,-1.65977,-1.11053,0.0408139,-1.7553,-2.36876,-2.14495,2.10637,2.57837,-1.48192,0.417766,2.54544,2.70725,-0.367712,-0.641806,-3.826,-2.6928
0.757637,-3.91325,0.62344,-0.602894,-1.88094,2.04918,0.0370982,-0.891579,-0.682661,-0.227526,0.0899663,0.204101,-0.970979,0.0886037,1.97641,0.410424,-0.516919,1.03465,2.37532,-0.943719,1.75102,-0.706055,-3.45195,-1.51205
0.983609,-2.54489,0.437455,-0.381181,0.216526,0.994404,1.77027,-0.991573,2.34687,-1.91273,1.30089,0.359173,-1.93986,-0.57948,-1.1702,1.71314,-0.104847,2.0245,3.19472,-2.71125,-0.867568,-4.1413,0.0180689,-0.41758
0.224987,-0.753089,0.0682862,0.626708,-2.84708,0.161368,-1.5862,0.145264,-3.84555,1.11068,-0.497375,0.0312169,1.6263,1.31197,2.93457,-1.19319,0.691076,-1.2456,-0.462437,-0.469493,3.64394,2.62864,-3.06114,-1.11998
-0.351573,0.22086,0.0844164,-0.357734,0.541307,0.273295,-0.105645,0.152961,0.565822,0.254241,-0.363847,0.0674902,-0.164847,-0.258707,-0.286917,-0.204617,-0.505726,0.0245687,-0.425786,1.13161,-0.780754,0.428024,0.240344,0.236359
-1.16234,-0.564441,-0.70188,1.28997,0.0777843,-0.39533,0.191002,0.184229,-2.48597,0.0533722,-1.69432,-0.370518,1.00062,-0.322579,0.288985,0.00781334,1.14101,-0.010684,-0.942375,1.94625,0.804237,1.04863,-1.10596,1.22503
-2.4501,-3.54341,-1.23175,-0.170559,-0.574188,3.3373,1.80488,-0.653665,0.889009,-0.58537,-2.56515,1.20723,-0.747781,-0.757553,-1.6197,-0.364296,0.817338,2.76842,1.37167,1.28494,0.519616,-2.17894,-2.54396,3.0759
1.26814,3.09721,0.49942,-0.829972,0.152119,-1.0166,-0.876676,0.380444,2.07636,0.432914,2.09128,0.235365,-0.104331,0.907753,-0.316684,-0.335187,-0.850798,-1.08748,-0.367229,-2.26764,-0.796149,0.125273,2.63221,-1.32017
-0.466236,3.38037,-0.778108,2.00756,0.351871,-3.35839,-0.886714,1.01509,-3.52647,0.648702,-0.784583,-0.681594,2.4705,0.602311,-0.0509684,-0.68335,1.85133,-2.461,-3.14198,1.0106,0.9598,2.76125,1.20318,1.07703
0.377294,-4.87119,0.88708,-1.04677,-0.570303,1.95968,1.04099,-1.06542,1.24472,-0.788713,-0.249156,0.0658612,-2.36334,-1.17227,0.168129,0.866039,-1.18784,1.51061,2.71182,0.780764,0.0145605,-2.16872,-3.12673,-0.575439
-1.6339,-0.057331,-1.18823,-0.322594,1.16688,3.75,0.87242,-0.144594,0.672208,0.168803,-1.25655,0.781732,0.997896,0.48671,1.02579,0.186154,0.767621,3.26432,0.248598,0.0226671,-0.655441,-0.0835075,1.02419,0.920388
0.847625,1.53546,0.46336,-0.802546,-2.43211,-3.04765,-0.431771,-0.110951,3.14018,-0.430457,1.68999,1.10092,-1.82734,0.186985,-4.6563,-1.72383,-0.851977,-3.2006,0.023354,-2.28653,0.726681,-2.6596,0.0473591,1.43395
1.33233,-1.30261,1.12531,-0.0246312,-1.29892,-2.77284,-0.563078,-0.266543,-0.475454,-0.456678,0.837596,-0.564505,-1.42202,-0.709027,-1.07286,0.00967001,-0.755563,-2.50892,0.444135,0.401232,0.732828,-0.647876,-1.90153,-0.742634
1.90341,-2.1803,1.7652,0.744113,-0.344869,-3.11486,-0.949013,-0.109116,-3.26748,-0.32652,0.58578,-1.92496,-0.934094,-1.14717,1.7672,1.34538,-0.795424,-2.42537,0.454041,2.02711,0.715026,1.3299,-2.63857,-2.57756
-0.753519,6.79092,-1.41696,0.938435,0.184813,-2.4758,-0.874569,1.26085,0.0731552,1.04022,0.393896,0.6864,2.57112,1.70394,-1.924,-1.85129,1.63937,-2.17091,-3.50045,-1.81197,0.13506,1.46952,4.2058,2.01792
0.402288,4.23238,-0.296047,1.34481,1.787,-1.70847,-1.30572,1.07562,-3.26691,1.10506,0.395553,-1.14172,2.90536,1.08089,2.89773,0.497076,1.12324,-1.01001,-2.6827,0.297677,-0.475372,3.99912,3.17519,-1.64424
-1.77455,6.13616,-2.18544,-1.37106,0.587124,3.13057,0.474377,0.684345,5.46662,0.81442,0.681647,2.80196,1.64849,2.41546,-2.71289,-2.25774,0.798118,2.1419,-1.33584,-4.42592,-1.4438,-1.25272,6.04174,2.84299
-0.668239,-1.23598,-0.390318,-1.66173,-0.229407,3.40638,1.09572,-0.541126,3.82072,-0.29117,0.173782,1.41995,-1.33947,0.126279,-1.12663,-0.258747,-0.755394,2.48861,1.73163,-1.61931,-0.65474,-2.54738,0.264248,0.891606
0.492454,6.70959,-0.506142,2.1994,-0.31894,-6.79197,-2.13334,1.57288,-3.3745,0.955287,0.87252,-0.944967,2.77943,1.24203,-1.61116,-1.60727,1.58642,-5.50706,-4.45101,-0.309379,1.17899,3.23775,2.6932,0.759271
0.646201,0.0710939,0.324075,1.39892,2.20234,-0.289945,-0.826615,0.383333,-4.8399,0.71075,-0.447479,-2.12579,2.05038,-0.0289222,5.19765,1.86859,0.627398,0.560444,-1.04278,2.33205,-0.533473,3.92949,0.362771,-3.13791
-0.241998,-1.97603,0.0192339,-0.313515,0.796393,2.43208,0.553767,-0.263379,-0.270954,-0.125539,-0.677342,-0.207509,-0.104907,-0.38181,1.71367,0.917482,-0.256028,2.18601,1.05888,0.756913,-0.448006,0.121319,-0.761918,-0.749432
0.255215,-0.808265,0.208512,-0.0305643,2.69987,3.23338,-0.108537,0.0892813,-1.87354,0.575345,-0.126297,-1.14728,1.41803,0.205805,5.44171,2.19762,-0.0554473,3.2543,0.555948,0.991528,-1.53551,2.49903,1.15297,-3.17071
-0.926329,-3.35075,-0.136592,0.475301,-1.73947,-0.621121,0.856665,-0.702986,-0.487791,-0.847288,-1.61849,0.234689,-1.44949,-1.23162,-2.54534,-0.546946,0.414858,-0.703562,0.694437,1.64166,1.48695,-1.85699,-3.81389,2.40421
-0.402878,6.29946,-1.19234,2.73542,2.24601,-3.09463,-1.7033,1.63922,-5.38528,1.47548,-0.561349,-1.49969,4.92279,1.51999,3.08332,0.11014,2.52757,-1.64837,-4.6516,1.04541,0.0181741,5.73382,4.06638,-0.618857
-1.28445,1.33659,-1.11899,-0.276974,-0.132173,1.29409,0.670551,0.13098,1.83332,0.0945399,-0.415047,1.18365,0.462379,0.656863,-1.77109,-1.10601,0.678798,0.825036,-0.353416,-1.0093,-0.0920235,-0.979197,1.24103,2.06957
-0.695019,-1.48687,-0.250078,1.15915,-0.846139,-1.39149,0.281115,-0.0919918,-1.90126,-0.418801,-1.42993,-0.339141,-0.00748754,-0.792582,-1.23291,-0.246252,0.860226,-1.21085,-0.454374,1.669,1.26477,-0.167709,-2.54446,1.54968
1.14903,-6.23779,1.63035,-2.5449,-0.236685,4.34714,1.30368,-1.47575,3.54406,-0.94882,0.884132,0.30449,-3.73737,-1.36238,1.36012,1.65537,-2.66314,3.36003,4.71464,-0.519312,-1.00698,-3.41431,-2.88401,-2.28781
1.19422,3.74583,0.244269,-0.239558,0.309839,-1.76489,-1.13355,0.627711,0.815272,0.644778,1.96077,-0.0642987,0.665981,0.973329,0.135005,-0.305153,-0.438086,-1.57753,-1.10643,-1.96778,-0.503736,0.990612,2.95601,-1.25795
1.65718,-3.01294,1.5321,-1.50082,-0.439979,0.859944,0.131631,-0.78067,1.92367,-0.604356,1.46715,-0.126808,-2.49234,-0.769033,0.544316,0.914961,-2.05344,0.409256,2.50224,-0.524467,-0.499867,-1.68054,-1.53317,-2.20958
1.26456,-3.62645,1.3224,-1.4271,-1.67628,-0.117445,0.424392,-0.93256,2.56963,-0.871412,1.07631,0.439227,-3.33547,-1.04747,-1.88267,0.0369412,-1.87345,-0.561249,2.72373,-0.577178,0.295506,-3.07724,-2.85583,-0.490567
-1.31385,2.15777,-1.21338,0.396163,-0.339496,-0.218419,0.15865,0.346428,0.680677,0.220012,-0.691244,0.955259,0.98246,0.605094,-2.04689,-1.24721,0.95612,-0.299581,-1.31567,-0.620825,0.365697,-0.255925,1.24709,2.40559
-0.709521,-3.77506,0.0674753,-0.503861,-1.5894,0.747991,0.998271,-0.7523,1.20322,-0.904503,-1.05786,0.653434,-2.01213,-1.10298,-2.36317,-0.448213,-0.374301,0.394132,1.56526,0.833123,0.895207,-2.71567,-3.23314,1.97703
-1.14397,3.45044,-1.28062,0.293411,0.164871,0.111127,-0.0995083,0.597938,0.85609,0.462744,-0.289325,0.934138,1.58838,1.11605,-1.44667,-1.24067,1.08986,0.00658357,-1.72182,-1.20986,-0.130645,0.387704,2.52414,2.00907
0.106604,1.26689,0.0906696,2.46961,-1.13968,-5.84829,-1.12979,0.651636,-4.46182,-0.000316499,-0.755021,-1.33606,1.05906,-0.532991,-1.45276,-0.721821,1.31178,-4.51752,-2.56227,2.17727,2.03914,1.84247,-1.7173,1.10954
1.3466,-6.50095,1.86232,-1.30478,-0.121294,2.45857,0.70159,-1.20309,0.371702,-0.930654,0.252878,-0.80772,-2.85701,-1.68343,2.34862,2.17611,-2.16115,2.05317,3.67752,1.22205,-0.331319,-1.59842,-3.77984,-2.88073
1.41668,0.651372,0.869646,-1.06369,-0.427168,-0.640157,-0.462406,-0.110703,2.05156,-0.0730015,1.93495,0.169822,-1.14298,0.108893,-0.430807,-0.0527952,-1.31816,-0.876986,0.802751,-1.72513,-0.506131,-0.887109,0.793531,-1.44651
2.17885,-6.18429,2.32582,-0.649069,0.866656,1.50541,0.120288,-1.07567,-1.89782,-0.665826,0.611873,-1.99557,-2.08309,-1.77616,4.72866,3.07819,-2.05011,1.56639,3.22553,2.18336,-0.665852,0.31566,-3.65711,-4.73852
1.20217,-1.72974,1.21565,0.674499,-0.75792,-3.03834,-0.643093,-0.145593,-2.27452,-0.420152,0.305683,-1.32931,-0.716653,-0.863564,0.339945,0.656453,-0.450241,-2.39885,0.106101,1.47205,0.854145,0.593074,-2.48875,-1.29169
0.554879,2.10099,0.0763305,1.0005,-1.17617,-4.61179,-1.02481,0.453864,-1.47384,0.0985289,0.515975,-0.395763,0.227876,0.0536936,-2.11419,-0.932765,0.45758,-3.82054,-1.76105,0.0814994,1.21725,0.737137,-0.113503,0.8449
-0.796993,-5.17985,0.143903,-1.08108,-1.87832,1.98237,1.5156,-1.24096,2.51199,-1.16649,-1.01062,1.13009,-2.9258,-1.34314,-2.75669,-0.19867,-0.800517,1.18936,2.68345,0.489623,0.774652,-3.79573,-3.94032,1.88054
-0.0127471,5.90373,-0.75393,1.66305,0.654764,-3.69865,-1.54353,1.34414,-2.57428,0.95296,0.431036,-0.638356,2.92852,1.42253,-0.00447245,-0.970616,1.55619,-2.88418,-3.61152,-0.501262,0.216381,3.12827,3.38734,0.283375
-0.1092,-0.567005,-0.147431,0.0669537,4.10784,5.28727,0.0563925,0.177186,-2.59643,0.867171,-0.580662,-1.21103,2.59252,0.547038,7.82039,2.91637,0.13941,5.1826,0.328227,1.30737,-2.31281,3.73018,2.34304,-4.14332
0.959212,-6.19112,1.57778,0.133852,-1.62754,-1.52349,0.437273,-1.10451,-1.65266,-1.14952,-0.553285,-1.16895,-2.81748,-2.14008,-0.278711,1.05341,-1.00483,-1.20288,2.36986,2.55915,1.40994,-1.56432,-5.65934,-0.701372
0.015663,-0.566881,0.0671868,-0.265544,-0.737581,-0.465032,0.180765,-0.170868,0.71624,-0.163736,0.126192,0.302948,-0.739682,-0.208303,-1.32592,-0.259939,-0.225377,-0.604252,0.295251,-0.126591,0.389647,-0.911759,-0.651892,0.515683
-1.08849,3.40324,-1.32364,0.453996,1.67903,1.57039,-0.0913018,0.748807,-0.484002,0.854513,-0.433107,0.329939,2.55298,1.19884,1.50293,-0.155951,1.25412,1.62117,-1.75331,-0.533676,-0.836983,1.97346,3.43631,0.274122
2.33683,-6.48949,2.53854,0.0153692,0.60586,-0.206753,-0.276439,-1.01775,-3.6322,-0.722378,0.289476,-2.67949,-1.94754,-2.10201,4.93048,3.17349,-1.79215,0.282892,2.70842,3.37627,0.0583273,1.02343,-4.61491,-4.96579
0.183254,-1.35785,0.366426,1.22102,1.39835,-0.0353522,-0.309443,0.127098,-4.00183,0.158026,-0.898945,-1.5794,1.203,-0.531853,3.7565,1.62028,0.465635,0.576689,-0.391265,2.52864,-0.113642,2.56645,-1.08318,-1.97091
1.82092,-4.29584,1.73484,-1.57516,0.187619,1.81055,0.368261,-0.839388,1.23405,-0.573477,1.19018,-0.528325,-2.3812,-0.991964,2.16519,1.80125,-2.18494,1.43694,3.14461,0.160403,-0.834169,-1.23936,-1.98321,-3.14026
-1.04205,4.88397,-1.48958,0.476663,0.59641,-0.266553,-0.395104,0.918483,0.368944,0.823721,0.0123919,0.745278,2.34545,1.51349,-0.808679,-1.30376,1.35314,-0.211274,-2.4076,-1.38478,-0.24709,1.2258,3.67135,1.58854
-0.298355,-0.414041,-0.0164746,0.703973,0.0301335,-0.870043,-0.136076,0.138175,-1.66666,0.0368563,-0.611223,-0.584441,0.457402,-0.295186,0.446633,0.198304,0.398113,-0.499059,-0.363316,1.00698,0.453482,0.659177,-0.735381,0.0698122
2.34764,-2.27948,2.11228,-0.154069,-1.12971,-3.11634,-0.774298,-0.416235,-0.890485,-0.548321,1.48832,-1.19339,-2.04546,-1.0921,0.101315,0.790472,-1.53379,-2.77025,1.28744,0.604796,0.67408,-0.375754,-2.65148,-2.38058
-0.0983996,2.43907,-0.263827,1.54552,0.401489,-2.65727,-0.895556,0.735154,-3.13439,0.662124,-0.355292,-0.998307,1.78744,0.327833,0.642282,-0.14667,1.19782,-1.90455,-2.28802,0.978557,0.614813,2.46178,0.80425,0.0960904
1.26091,-5.43959,1.70348,-0.698857,-1.18079,-0.272725,0.268132,-1.07695,0.0548889,-1.102,0.307504,-0.78874,-3.0215,-1.71314,0.0426921,1.16747,-1.66273,-0.442943,2.74753,1.41623,0.653311,-1.8386,-4.39816,-1.39456
-0.815327,-1.85105,-0.351627,0.132217,0.533336,1.96127,0.702013,-0.224607,-0.625572,-0.0842095,-1.20876,-0.0415605,0.087523,-0.434556,1.04418,0.46866,0.32256,1.8006,0.697486,1.00124,-0.140715,-0.0509266,-0.856166,0.174031
1.44884,4.54782,0.607193,2.16723,-2.58979,-9.5027,-2.2104,0.923434,-2.98671,0.141449,1.25606,-1.08755,0.478543,0.237906,-4.06555,-2.01733,0.835081,-8.10912,-3.53537,0.181398,2.44576,1.39814,-0.199166,1.16019
0.137868,-0.55117,0.147345,-0.416765,-2.21985,-1.98073,0.308772,-0.370321,2.2979,-0.587329,0.448087,0.979874,-1.93876,-0.384523,-4.12317,-1.50404,-0.483305,-2.16614,0.541469,-1.0055,1.09957,-2.74557,-1.46592,2.07316
-0.238932,5.01955,-0.745079,0.808538,0.13891,-2.45537,-0.860088,1.01353,-0.247993,0.694657,0.570789,0.275037,1.94394,1.21272,-1.32081,-1.37896,1.05654,-2.21282,-2.61512,-1.23737,0.0654913,1.41543,3.04457,1.16817
-0.620236,0.872825,-0.587223,0.0063233,0.066145,0.441311,0.203256,0.129687,0.550133,0.239478,-0.15891,0.526052,0.380021,0.348946,-0.618632,-0.553845,0.377073,0.338831,-0.403805,-0.557312,-0.0165552,-0.142644,0.750862,0.878033
-0.16319,-0.995339,-0.108659,-1.21007,1.72492,4.46911,0.697595,-0.288517,1.51416,0.238753,0.0788987,0.285276,0.171759,0.219603,2.90029,1.19669,-0.657342,3.95217,1.53811,-0.51381,-1.70835,-0.0410442,1.33037,-1.59273
0.325682,-3.91168,0.867218,1.58265,-0.918934,-2.99567,-0.155646,-0.324226,-4.48922,-0.567393,-1.25504,-1.78597,-0.708847,-1.62092,0.518465,0.873424,0.344575,-2.11116,0.10187,3.64018,1.73564,0.816903,-4.71093,-0.345577
-1.40731,1.9644,-1.32226,-0.909224,0.478185,3.28303,0.916906,0.149101,3.22681,0.276176,-0.258651,1.7971,0.705088,1.15809,-1.12174,-0.983554,0.456788,2.48179,-0.0277368,-1.99468,-0.819072,-1.20496,2.56226,1.77589
-0.379555,-2.91037,0.243263,0.267014,-2.05952,-1.68091,0.50965,-0.560338,0.0459167,-0.902533,-0.91406,0.234824,-1.77147,-1.23899,-3.11456,-0.741141,-0.0259828,-1.68542,0.691944,1.04292,1.66053,-2.17655,-3.62085,2.0445
-0.982766,-1.1917,-0.613682,-1.35198,2.27264,6.25216,1.0618,-0.297678,1.8946,0.329042,-0.417131,0.679366,0.525738,0.5058,3.35623,1.30902,-0.329404,5.33433,1.69475,-0.583835,-2.02257,-0.127527,1.63956,-1.1616
0.879151,-1.66514,0.863883,-2.00442,-2.9591,-1.02259,0.597089,-0.883003,5.18901,-0.945639,1.45937,1.60136,-3.75886,-0.693056,-5.3058,-1.5127,-1.86595,-1.84694,2.15292,-2.34466,0.813639,-4.82454,-1.98257,1.64533
0.0275205,-4.85428,0.578021,-1.13715,1.24941,4.79156,1.13043,-0.903581,0.447377,-0.376155,-0.636723,-0.27116,-1.20431,-0.934554,3.31502,2.05238,-0.983933,4.20908,2.88854,1.06681,-1.208,-0.646401,-1.75907,-2.00129
-0.847217,1.78765,-0.804501,-0.98964,-0.431961,1.26642,0.50292,-0.00374342,3.39323,0.0890987,0.354888,1.72724,-0.152921,0.729411,-2.73948,-1.38307,0.0206778,0.670504,-0.0286471,-2.14314,-0.243833,-1.91453,1.73584,2.16134
0.424213,0.806302,0.224667,0.175018,-2.00379,-3.45801,-0.382362,-0.0557138,0.588945,-0.33188,0.533791,0.336574,-0.954291,-0.213695,-3.51367,-1.31212,-0.0920056,-3.26561,-0.600854,-0.496008,1.29084,-1.30238,-0.929503,1.58977
2.72086,0.512879,1.80919,1.64789,-0.406256,-6.3781,-2.04198,0.304919,-4.94899,0.0510092,1.4,-2.71871,0.186711,-0.607984,1.68703,0.903039,-0.361119,-4.97145,-1.42803,1.79931,1.05232,3.01867,-1.49913,-3.15343
1.20033,-5.19358,1.52626,-2.18866,0.595686,4.11708,0.80251,-1.17638,2.32746,-0.605556,0.904898,-0.139745,-2.8399,-1.02069,2.58581,2.00523,-2.28779,3.31311,3.89119,-0.157424,-1.36508,-2.03769,-1.89171,-3.15006
-1.3389,1.14606,-1.06412,1.79631,-0.0779432,-1.67613,-0.0640754,0.453625,-2.77802,0.211897,-1.69571,-0.273733,1.67228,-0.0224394,-0.903891,-0.705408,1.80049,-1.16208,-2.04759,1.63901,1.15369,1.33939,-0.354532,2.2039
0.91758,1.11003,0.452034,-1.11534,-1.10926,-0.800511,-0.229139,-0.0732519,2.97377,-0.122916,1.64074,0.709289,-1.33636,0.229513,-2.13096,-0.795955,-0.995555,-1.19772,0.528717,-2.22913,-0.16562,-1.67235,0.84043,0.0635023
-0.687637,-6.14277,0.461331,-0.316107,-0.29622,2.93232,1.36806,-1.0456,-0.383821,-0.909354,-1.60151,-0.235213,-1.82853,-1.548,0.971733,1.28378,-0.551643,2.39223,2.68852,2.19331,0.346363,-1.61806,-4.18901,-0.0832158
-2.11127,1.00534,-1.62275,-0.434199,-0.313296,2.49189,1.08845,-0.000565018,2.43634,0.11693,-1.28522,1.79692,0.487637,0.55737,-2.55577,-1.40408,0.983189,1.76152,-0.269467,-1.06808,-0.106308,-1.57526,1.10818,3.23925
-0.166529,2.72868,-0.475091,0.900515,0.951327,-0.792694,-0.583768,0.624379,-1.71441,0.622527,-0.0884184,-0.426578,1.82065,0.624018,1.22992,-0.0307502,0.740987,-0.422556,-1.68516,0.0723779,-0.22954,2.13078,1.99987,-0.312791
0.94787,2.80224,0.287697,-0.216093,0.66595,-0.802547,-0.798701,0.498232,0.233832,0.451311,1.40536,-0.291758,0.749298,0.783934,1.0368,0.109924,-0.441352,-0.639792,-0.754511,-1.15867,-0.635247,1.2218,2.43076,-1.63693
0.402316,-0.645222,0.558255,2.52627,-0.380266,-4.9173,-1.00226,0.4172,-5.90799,-0.0268467,-1.08773,-2.16944,0.969997,-0.924616,0.799936,0.490448,1.15492,-3.5395,-1.81006,3.43353,1.73469,2.63391,-2.72253,-0.346976
-1.35978,2.25537,-1.16482,1.35206,-0.812358,-2.27182,-0.151702,0.480908,-1.16892,0.118872,-1.15788,0.352776,1.17798,0.330355,-2.64677,-1.49339,1.61378,-1.859,-2.1345,0.538081,1.20057,0.417823,0.14696,2.9003
-0.731162,2.96915,-1.04865,0.855309,-0.0478761,-1.08333,-0.301312,0.561316,-0.362584,0.441183,-0.390807,0.423149,1.39408,0.752356,-1.08886,-0.97576,1.11193,-0.926512,-1.88848,-0.380012,0.190634,0.780765,1.71907,1.5834
-0.053399,0.383066,-0.0720406,-0.460569,-0.271415,0.271332,0.0867749,-0.0473573,1.56504,-0.0265214,0.232663,0.562903,-0.357992,0.173827,-1.05011,-0.473962,-0.216041,0.0710938,0.245249,-0.848798,-0.191652,-0.869147,0.386457,0.4464
1.3165,-4.75616,1.49738,-3.4431,-0.302149,5.00376,1.30459,-1.46864,5.67184,-0.809683,1.77118,1.06656,-3.86405,-0.690898,0.49924,1.27046,-3.10889,3.65755,4.75336,-2.1118,-1.61928,-4.0775,-1.29706,-2.18033
1.05478,-3.7312,1.32813,-0.150257,-1.19979,-1.37289,0.0850296,-0.856032,-0.315173,-0.856726,0.256413,-0.558674,-2.27975,-1.30699,-0.637013,0.498842,-1.0442,-1.3743,1.65987,1.14291,0.935252,-1.39853,-3.40741,-0.741847
0.340133,-0.624551,0.509438,1.46907,0.0399778,-2.46763,-0.674632,0.233063,-3.98474,-0.0052928,-0.642704,-1.48556,0.682557,-0.606494,1.28188,0.685769,0.507796,-1.71624,-1.0682,2.18306,0.843231,1.90263,-1.65413,-0.736374
-0.122896,-1.71709,0.212759,-0.6108,-1.10977,0.198307,0.619173,-0.479922,1.64985,-0.518426,-0.0646908,0.688432,-1.48828,-0.508274,-2.02312,-0.406319,-0.437704,-0.157607,1.09061,-0.155679,0.398506,-1.959,-1.61981,1.12231
0.103202,1.51648,-0.00962888,1.08917,0.590474,-1.7318,-0.818445,0.507733,-2.58958,0.376164,-0.0661153,-0.858318,1.41702,0.169563,1.2595,0.16281,0.629431,-1.17842,-1.41245,0.893952,0.209996,2.1241,0.660006,-0.648633
-0.0246065,3.09378,-0.531471,0.366971,0.281618,-1.00065,-0.561423,0.598997,-0.0201568,0.439761,0.479621,0.179634,1.21304,0.818625,-0.397429,-0.755142,0.544657,-0.810756,-1.52732,-0.991607,-0.122744,0.841032,2.1794,0.425579
-0.577227,-0.954185,-0.185254,0.736996,-0.453688,-0.690073,0.273438,-0.0617598,-1.35819,-0.16939,-0.961393,-0.204412,0.0187714,-0.472305,-0.556182,-0.141348,0.566451,-0.520876,-0.337481,1.27907,0.739258,0.0715917,-1.43509,1.013
-0.407074,4.84654,-0.860592,2.21302,-1.56769,-6.48159,-1.39444,1.17709,-2.58263,0.34016,-0.178368,-0.300741,1.82818,0.589162,-3.65428,-2.16448,1.70543,-5.32338,-3.87125,0.100385,1.93926,1.61574,0.988835,2.70716
0.0391375,-1.05069,-0.0614254,-2.19644,0.80804,4.72906,0.921666,-0.624086,4.2795,-0.12776,0.82417,1.2875,-1.15911,0.291238,0.768636,0.50313,-1.39004,3.74445,2.30252,-2.15053,-1.90904,-1.883,1.56084,-1.00407
1.25906,4.59689,0.283461,-0.457885,-0.856124,-3.01878,-1.15799,0.56941,2.2689,0.408287,2.32416,0.51391,0.00975367,1.12904,-2.40206,-1.42783,-0.535296,-2.99273,-1.3518,-2.90647,-0.104335,-0.298923,2.89564,-0.00434738
1.28355,-2.59359,1.2911,0.00136895,-0.665125,-1.6925,-0.298917,-0.374871,-1.05534,-0.549299,0.627292,-0.986943,-1.42672,-0.9489,0.411833,0.832376,-0.965415,-1.38968,1.12677,1.0339,0.433043,-0.272114,-2.48245,-1.55388
-2.64986,-1.80929,-1.72869,-1.29205,-0.609764,4.899,2.18344,-0.663008,4.07008,-0.496239,-1.79319,2.55249,-0.893772,-4.16841e-06,-2.8692,-1.25632,0.47181,3.71126,1.49706,-0.960606,-0.08989,-3.44048,-0.424922,3.80369
-0.864134,1.66323,-0.670222,0.879308,0.360418,-0.41406,-0.14886,0.43379,-1.14773,0.273478,-0.702078,-0.0242297,1.35932,0.448592,0.0680194,-0.375793,0.943863,-0.250989,-1.33344,0.407904,0.281069,1.00136,0.787685,0.987022
0.527175,-1.73478,0.636981,-0.981003,-0.807709,0.351435,0.357782,-0.52722,1.98602,-0.490561,0.642441,0.433918,-1.74754,-0.350351,-1.08027,-0.0292658,-1.1229,0.0282578,1.46977,-0.582305,-0.0454731,-1.87607,-1.0542,-0.0300457
-1.01552,3.30747,-1.22185,0.26719,-0.623404,-1.03166,-0.0997031,0.513544,1.21139,0.317882,-0.141249,1.11414,0.908448,1.00657,-2.91325,-1.72133,1.00356,-0.959109,-1.71107,-1.28786,0.426731,-0.403581,1.89149,2.59897
1.88276,-3.86149,1.83104,-1.47832,-1.84646,-0.759575,0.157936,-1.02188,2.58125,-1.076,1.55156,0.0985381,-3.54494,-1.264,-1.60024,0.251257,-2.24097,-1.11492,2.89008,-0.664496,0.427219,-3.08116,-2.92874,-1.2492
-0.22439,-0.222524,-0.106846,0.281555,0.891583,0.930095,0.0523658,0.103152,-1.30369,0.173638,-0.512818,-0.467891,0.864062,-0.0698593,1.81799,0.688595,0.285585,1.03802,-0.195502,0.801548,-0.279558,1.15098,0.30552,-0.681635
1.25227,-3.33558,1.31747,-0.62445,-0.733719,-0.335798,-0.0154234,-0.752617,0.280859,-0.638317,0.645824,-0.451573,-2.08612,-1.06625,0.141173,0.760988,-1.35167,-0.431137,1.91481,0.488873,0.201998,-1.14355,-2.60987,-1.43833
-0.853136,2.06847,-1.02597,-2.27558,-0.790027,3.12311,1.1042,-0.186623,6.61331,0.0238122,0.964924,2.87603,-1.18325,1.03166,-3.89766,-1.91108,-0.611701,1.81611,0.924518,-3.94599,-0.955879,-3.56043,2.71782,2.50865
1.1855,-4.0631,1.53414,1.01235,-2.27869,-4.62101,-0.469892,-0.504824,-2.68934,-1.13497,-0.306802,-1.34863,-2.14585,-1.85245,-1.98957,0.127075,-0.555593,-3.95327,0.652107,2.5419,2.20767,-0.868709,-5.21503,0.0811359
-0.127788,-3.68544,0.422344,-1.27574,-1.00351,1.90864,1.11858,-0.936146,2.42872,-0.824614,-0.195297,0.786363,-2.35765,-0.82062,-1.35705,0.0397444,-1.04208,1.32218,2.404,-0.171196,0.181737,-2.84327,-2.43196,0.588646
-0.167795,0.981949,-0.232866,1.55058,0.911424,-1.39926,-0.539576,0.523555,-3.65786,0.396482,-0.715023,-1.31707,1.7589,-0.0490392,2.02173,0.67831,1.0852,-0.635823,-1.60786,1.71291,0.304553,2.61934,0.178859,-0.617516
-0.789957,-4.31616,0.105966,-0.940917,0.699778,4.26398,1.28875,-0.760303,0.732678,-0.369636,-1.2207,0.217244,-1.08717,-0.922239,1.77247,1.26846,-0.450652,3.7057,2.34243,1.09976,-0.616086,-1.1865,-1.85345,-0.486244
0.243336,-2.99288,0.790985,-1.325,-1.41862,0.952481,0.815647,-0.817603,2.92631,-0.751682,0.438009,0.835197,-2.59812,-0.787582,-2.07576,-0.103913,-1.28817,0.343314,2.20685,-0.77524,0.20908,-3.14956,-2.08231,0.575567
-1.05388,2.46326,-0.955908,0.952862,-0.00265343,-1.20424,-0.265441,0.607858,-1.3237,0.313226,-0.763992,0.164517,1.64101,0.577115,-0.927785,-0.985844,1.49028,-0.871346,-1.98077,0.150345,0.449093,1.04643,1.20042,1.66649
1.41476,-0.150931,1.14447,3.18961,0.881124,-5.51037,-1.77293,0.802622,-8.50309,0.426002,-0.688405,-3.5156,2.10085,-0.827457,4.15325,1.64667,1.09856,-3.66762,-2.38031,4.31015,1.42667,5.17588,-2.20408,-2.75748
0.0409225,-0.609336,0.367393,2.18556,-1.47794,-5.11701,-0.716802,0.24558,-4.20257,-0.278306,-1.05872,-1.30903,0.284514,-0.856463,-1.63874,-0.561502,1.05578,-3.98552,-1.65479,2.60679,2.15897,1.05913,-3.00146,1.23592
1.10753,2.00074,0.528043,-0.547679,-0.509413,-1.58151,-0.728949,0.257978,1.39742,0.15038,1.74302,0.161139,-0.474545,0.373146,-0.994098,-0.456153,-0.787045,-1.64565,-0.31792,-1.65681,-0.265553,-0.351219,1.42254,-0.695514
-0.515066,7.44075,-1.25576,2.14345,1.05321,-3.95059,-1.62129,1.63842,-3.19108,1.29286,0.193747,-0.525068,4.10059,1.81256,0.0823237,-1.31368,2.19739,-2.89776,-4.84151,-0.456647,0.118688,3.99953,4.55399,0.878593
2.15233,-4.17763,2.03781,-1.00069,1.01727,1.34356,-0.211126,-0.739393,-0.825052,-0.417221,1.18757,-1.51435,-1.72684,-1.05875,4.292,2.60654,-1.91688,1.29237,2.63878,1.1267,-0.935557,0.33038,-1.99865,-4.63192
0.382438,-3.86587,0.784272,0.00625727,-1.86115,-1.3852,0.52376,-0.757945,-0.200015,-0.956032,-0.467719,-0.240433,-2.36803,-1.39812,-1.84299,0.0420358,-0.723477,-1.36996,1.36748,1.25406,1.20925,-2.03465,-3.96797,0.515745
0.425736,-3.8771,0.815512,-0.696772,-1.45553,0.121754,0.638723,-0.76558,1.22719,-0.90469,-0.113551,0.138092,-2.54927,-1.19586,-1.5654,0.179494,-1.00475,-0.187574,2.07586,0.487352,0.619793,-2.58161,-3.36972,0.322248
-0.246774,3.61747,-0.716527,0.515766,1.20445,-0.139839,-0.689832,0.722827,-0.901465,0.834825,0.261293,-0.0435092,2.14482,1.13847,1.30249,-0.128173,0.872202,0.162374,-1.769,-0.637913,-0.640283,2.0128,2.96288,-0.314372
-0.40577,2.04095,-0.517218,-0.681454,-0.509808,0.136467,0.156193,0.156527,2.47441,0.142139,0.552183,1.18393,-0.081794,0.699439,-2.2528,-1.15751,-0.0108359,-0.308048,-0.37081,-1.82606,-0.230806,-1.27435,1.68532,1.36116
0.209789,2.99238,-0.182846,1.47708,0.424134,-2.99597,-1.06158,0.762427,-2.92071,0.586277,-0.0203842,-0.932025,2.03815,0.507916,0.751537,-0.21828,1.10192,-2.22006,-2.38065,0.763379,0.440053,2.57151,1.32064,-0.303617
1.20093,1.95963,0.712541,1.3808,-1.08148,-5.50311,-1.46506,0.569024,-2.65653,0.0572487,0.809318,-1.1599,0.32304,-0.0896432,-1.30667,-0.603416,0.326064,-4.70004,-1.92371,0.580809,1.30351,1.41812,-0.620883,-0.183677
1.67109,-2.5316,1.51849,1.1915,1.13298,-1.47316,-0.869641,-0.107521,-5.01016,-0.0320641,-0.115018,-2.62683,0.348747,-1.01802,4.69833,2.40711,-0.337365,-0.547549,0.309559,3.00292,-0.00212856,2.9148,-2.27321,-3.89544
0.937817,-1.46701,0.787976,-1.558,0.149533,2.09095,0.274642,-0.567634,2.62669,-0.283372,1.26325,0.290014,-1.48484,-0.0892793,0.649767,0.633974,-1.53885,1.56889,2.0096,-1.34264,-1.00231,-1.39588,0.157221,-1.6502
-0.00791337,-3.95503,0.530367,-0.235392,1.1146,2.95206,0.59118,-0.541255,-1.12256,-0.249831,-0.736542,-0.808642,-0.432972,-0.88453,3.42589,1.86823,-0.542503,2.75563,1.75612,1.78751,-0.628285,0.397693,-1.88372,-2.08207
0.166145,7.38127,-0.890176,1.70296,-0.825766,-5.93182,-1.76408,1.49808,-1.45505,0.935198,0.956791,-0.0646157,2.47932,1.53326,-2.89853,-2.1743,1.55129,-5.00373,-4.28075,-1.45816,1.02222,2.22459,3.52354,1.72943
-2.52179,-0.374854,-1.5191,3.19072,-0.648524,-2.78076,0.313942,0.581051,-5.44276,-0.0175383,-3.61702,-0.640231,2.20573,-0.617413,-1.41664,-0.917374,3.11645,-1.68975,-2.90221,3.88332,2.31063,1.81616,-2.62962,3.87696
0.261239,1.70641,0.044796,0.361119,-1.2996,-3.00328,-0.421573,0.240698,0.242871,-0.0462336,0.493487,0.265769,-0.208531,0.225382,-2.76238,-1.21595,0.226178,-2.73719,-0.998502,-0.638127,0.925518,-0.491419,0.100781,1.26064
-0.240147,-1.06239,0.0380009,-0.780497,-1.54017,-0.23407,0.570906,-0.434701,2.30159,-0.485524,0.116406,1.05088,-1.60826,-0.34691,-3.02374,-0.985248,-0.489135,-0.670756,0.865541,-0.808947,0.609785,-2.45934,-1.1983,1.61955
-1.01829,0.425559,-0.857374,-1.23551,-1.73471,0.915176,0.922653,-0.401543,4.44784,-0.393257,0.100335,2.16464,-1.36116,0.291208,-4.54692,-1.87281,-0.182737,0.0852057,0.625412,-2.11057,0.360336,-3.45073,0.200239,3.23467
0.517641,-1.94782,0.620627,0.200564,0.0197533,-0.35482,-0.030421,-0.230991,-1.26834,-0.190234,-0.0710294,-0.72323,-0.595468,-0.631345,1.09976,0.696426,-0.345502,-0.140514,0.604824,1.13509,0.193894,0.290307,-1.58809,-1.06221
0.36878,-1.63386,0.49638,-0.17768,-1.18607,-1.11214,0.122584,-0.433409,0.483457,-0.403542,0.0166673,0.00123358,-1.34205,-0.631052,-1.61429,-0.223928,-0.391588,-1.116,0.788877,0.205501,0.769655,-1.33805,-1.93139,0.496332
2.02648,-8.86075,2.64016,-1.72676,-0.625974,2.28163,0.909834,-1.81329,0.513924,-1.3429,0.417945,-1.14651,-4.20272,-2.40652,2.56053,2.67364,-2.87331,1.85112,5.02179,1.8837,-0.196928,-2.49025,-5.81564,-3.64098
-1.04046,-0.434423,-0.618089,-0.0528368,-1.03525,0.132851,0.667124,-0.189672,1.14876,-0.313064,-0.840919,0.892586,-0.623843,-0.165624,-2.4246,-0.954487,0.362897,-0.146581,-0.0134427,-0.150596,0.688862,-1.6507,-0.787112,2.32647
1.18965,-4.32172,1.55322,1.67767,0.179592,-2.54571,-0.572969,-0.285448,-5.9005,-0.326997,-1.111,-2.73393,-0.240506,-1.69069,3.36358,2.03513,-0.0246178,-1.41956,0.281684,4.1393,1.0974,2.36608,-4.31477,-2.52168
-0.370952,1.98575,-0.614734,-0.447235,0.669731,1.25306,-0.0239622,0.272789,1.17533,0.372463,0.420324,0.630584,0.810437,0.78069,0.210528,-0.428487,0.242482,1.01894,-0.439715,-1.25322,-0.701584,0.227456,2.21242,0.130685
-0.272847,-0.0337441,-0.212339,0.761316,0.618353,0.0266795,-0.0133989,0.142555,-1.93647,0.231168,-0.747634,-0.619585,0.949256,0.00813546,1.3609,0.4203,0.662979,0.276448,-0.651781,1.02998,0.0336234,1.33319,0.0118576,-0.189229
-0.612165,2.23598,-0.742821,1.33029,0.79822,-0.994383,-0.402863,0.746015,-2.52575,0.512578,-0.574439,-0.51244,2.06365,0.644436,0.966662,-0.130781,1.17086,-0.43903,-1.91733,0.819646,0.181887,2.08409,1.34146,0.30278
1.19188,-1.10266,1.01152,0.561914,-0.305587,-2.29274,-0.627737,-0.123226,-2.06756,-0.223347,0.452207,-1.18548,-0.527394,-0.606276,0.929469,0.756675,-0.438268,-1.75379,-0.0822286,1.19223,0.546809,0.863397,-1.54969,-1.50024
-0.421766,2.94968,-0.649829,0.506941,0.636912,-0.65766,-0.436337,0.558808,-0.717424,0.585604,0.0406403,0.00619278,1.57263,0.797397,0.282144,-0.449181,0.818417,-0.459122,-1.58781,-0.440649,-0.306517,1.44754,2.22236,0.301158
0.162097,-7.83582,1.06714,-2.91021,-0.941652,5.6602,2.17315,-1.78222,4.89694,-1.40638,-0.00866508,1.3166,-4.39313,-1.51954,-0.584723,1.10029,-2.40681,4.18157,5.37215,-0.29876,-0.563218,-5.05448,-4.04648,-0.408474
-0.616138,-3.17344,0.00858758,-1.43247,-1.26351,2.32627,1.32135,-0.94537,3.48231,-0.847692,-0.298987,1.3508,-2.49324,-0.711876,-2.43702,-0.465621,-0.77401,1.43293,2.34667,-0.723528,0.228741,-3.59078,-2.10493,1.61716
0.479786,4.52717,-0.11206,2.02705,-1.15498,-6.52682,-1.57191,0.981465,-2.95013,0.418388,0.508051,-0.833963,1.54861,0.529096,-2.37548,-1.56052,1.20855,-5.47109,-3.45404,0.15136,1.59649,2.06578,0.930383,1.2256
1.27065,-3.85976,1.38774,-1.30685,-0.315677,1.37018,0.424184,-0.845378,1.74023,-0.644808,0.876705,-0.11008,-2.39769,-1.0955,0.752256,1.15837,-1.80874,0.8099,2.72572,-0.0577827,-0.33923,-1.89598,-2.11173,-1.90375
0.82739,-0.940626,0.659595,-0.36702,0.0318932,-0.127249,-0.266709,-0.114856,-0.172747,-0.173437,0.598348,-0.516914,-0.530675,-0.320838,1.01319,0.659335,-0.632609,-0.165939,0.745731,0.198006,-0.185314,0.00818707,-0.559563,-1.24442
-0.672652,3.79168,-1.12053,-0.0719434,1.69049,1.60958,-0.237313,0.635541,0.692223,0.938166,0.318861,0.524586,2.04128,1.45537,1.36218,-0.214834,0.741623,1.55358,-1.35763,-1.51949,-1.20776,1.50625,3.93242,-0.0666169
0.361157,-3.31502,0.797904,-0.691018,-0.930145,0.723206,0.55129,-0.74168,0.859937,-0.759692,-0.024864,0.0562305,-1.98554,-0.924809,-0.546006,0.387548,-0.965555,0.31954,1.84293,0.584606,0.335944,-1.73448,-2.56055,-0.151754
-1.19769,2.0447,-1.02565,1.19712,1.46029,0.610219,-0.133185,0.524726,-2.34868,0.633212,-1.15688,-0.440046,2.52934,0.640681,1.77564,0.104209,1.47054,0.875262,-1.87732,0.876693,-0.237717,2.43328,1.7612,0.339679
1.22976,-5.87139,1.77365,-0.832007,-2.04993,-0.675497,0.53945,-1.15938,0.955516,-1.30556,0.37054,-0.290453,-3.80003,-1.89751,-1.36491,0.763557,-1.7799,-0.998675,3.14115,1.08083,1.04977,-3.04906,-5.04998,-0.526498
-0.218472,-4.86732,0.368705,-2.92533,-0.611374,5.26458,1.85206,-1.395,5.53065,-0.902347,0.370755,1.84288,-3.37496,-0.841144,-1.00604,0.346311,-1.96128,3.94856,4.26844,-1.4599,-0.951685,-4.62085,-1.77833,0.205679
-0.89652,-3.25388,-0.333673,-1.62895,1.99043,7.00557,1.54991,-0.684747,1.95692,-0.0879514,-0.621309,0.610347,-0.311275,-0.138035,3.515,1.56703,-0.707827,5.9792,2.65581,-0.0380698,-1.90588,-0.847178,0.251393,-1.29596
2.02746,-7.31807,2.4333,-0.484162,-0.749116,-0.254119,0.23437,-1.19172,-1.6553,-1.16096,0.26854,-1.68404,-3.12349,-2.30016,2.25228,2.2778,-2.06812,-0.0471246,3.32829,2.63714,0.494159,-1.00722,-5.65648,-3.25667
2.51247,1.46573,1.39332,-1.39341,-1.04927,-2.29645,-1.00218,-0.0533819,2.95798,-0.101172,3.01983,0.117307,-1.74107,0.316736,-1.33896,-0.2978,-1.96189,-2.42152,0.822895,-2.68378,-0.334264,-1.22288,1.07052,-1.94825
-0.126713,-1.50172,0.127017,-0.15846,-1.33582,-0.640555,0.394323,-0.364759,0.793086,-0.467734,-0.269637,0.350311,-1.35714,-0.528652,-2.16004,-0.56965,-0.334306,-0.860519,0.675498,0.239107,0.761791,-1.67631,-1.877,1.29551
-1.19189,1.82082,-1.1299,0.225109,2.20421,3.1614,0.166405,0.402511,-0.52269,0.772094,-0.663276,0.131549,2.21588,0.872961,2.86613,0.551893,0.915053,2.98983,-0.819749,-0.175431,-1.31268,1.93485,2.84111,-0.500447
-2.33791e-06,-1.11167,-0.053202,-2.34801,1.01284,5.28503,1.11217,-0.555323,4.47521,-0.0529516,0.73056,1.30363,-1.12665,0.367286,1.0051,0.511582,-1.32624,4.09811,2.39999,-2.28001,-1.8871,-2.14082,1.65582,-0.918182
-2.1718,8.73956,-2.68042,2.0339,-0.345281,-3.6943,-0.87845,1.7768,-0.589508,1.16329,-0.741305,1.24014,3.91114,2.20897,-4.19434,-3.28602,3.15544,-3.22687,-5.32928,-1.64355,0.868882,1.8269,5.00651,4.76939
0.018343,-1.15319,0.126391,0.342399,-0.628899,-1.00515,0.123965,-0.159303,-0.67012,-0.233544,-0.366935,-0.245739,-0.519572,-0.537584,-0.654167,-0.0360832,0.0955747,-0.732242,0.0816723,0.809317,0.71975,-0.306625,-1.50128,0.458384
-0.193865,-0.483344,-0.0185466,-0.36233,-2.87045,-2.48826,0.420169,-0.372083,2.40737,-0.818722,0.128106,1.24864,-2.09488,-0.480217,-5.49849,-1.96279,-0.183968,-2.66536,0.346159,-1.04976,1.5129,-3.25064,-1.85884,3.08749
0.980239,-0.933578,0.924384,1.92909,-0.195911,-4.12241,-1.07461,0.191112,-5.04026,-0.0376627,-0.353426,-2.14652,0.642346,-0.834804,1.50713,0.869845,0.485008,-2.95719,-1.21238,2.84818,1.21414,2.45125,-2.22275,-1.36637
-0.373686,1.52905,-0.649345,-1.66082,1.41573,4.18344,0.506504,0.0527303,3.48589,0.469756,0.769352,1.23304,0.349847,1.17769,1.12177,0.123061,-0.588124,3.37523,0.818992,-2.40742,-1.90727,-0.583924,3.26849,-0.566483
0.053401,-0.408062,-0.0738447,-2.20261,-2.37874,0.826211,0.852989,-0.645327,6.34013,-0.711431,1.21657,2.46921,-2.92837,0.113952,-5.42469,-1.86321,-1.32501,-0.30051,1.88135,-3.22765,0.185373,-4.88863,-0.199123,2.39456
-0.0768828,0.371971,-0.609666,0.084719,-2.08715,1.21212,-0.283428,-0.183113,-0.362796,0.174354,0.314048,1.13033,1.00585,1.41581,0.369309,-0.935683,0.86462,0.333305,0.506162,-3.04544,2.06393,-0.442605,-0.442487,0.346722
-1.18978,4.09024,-1.51033,-0.0179322,-0.714071,0.701439,-0.324483,0.692148,1.37078,0.990845,0.0687512,1.5058,1.72746,1.82835,-1.43871,-2.08698,1.16613,-0.164964,-1.64459,-2.57579,0.557598,0.292144,2.77376,2.06743
0.439339,0.309031,-0.0230418,1.44388,-2.25484,-1.47379,-1.86902,0.337362,-4.89835,0.936482,-0.366316,-0.47601,2.09623,1.23304,2.61833,-0.794572,1.16103,-2.11764,-1.27942,-0.255973,3.37911,3.12299,-2.23054,-1.06177
-0.539491,3.51686,-0.737179,0.721503,1.11126,-1.78561,0.0461923,0.654109,0.210085,0.110615,0.0508959,-0.0322312,1.12772,0.326647,-1.72139,-0.380133,0.936725,-1.04961,-1.84808,-0.208631,-0.934041,0.510907,2.91714,1.31112
0.736218,-2.45072,0.619256,-0.0789348,-0.629453,0.355021,0.130328,-0.502858,-0.872985,-0.534376,0.180324,-0.43635,-0.803297,-0.447187,1.13164,0.920971,-0.356465,0.300434,1.44177,0.0361058,0.53689,-0.479589,-1.89985,-1.14338
-1.47465,-1.09276,-0.636917,-2.82211,-1.232,5.58471,0.00153321,-0.281709,4.3406,1.28261,-0.663019,2.24347,-1.02512,0.555062,-0.0550092,-2.01972,-1.52613,2.68891,0.99789,-0.500904,0.0619102,-0.731635,-0.713029,1.01837
-1.36689,5.92427,-0.879031,1.25663,0.953894,-3.29767,-2.02476,1.76794,-2.73525,2.09128,-1.38977,-0.755222,3.13295,0.736183,-0.0230749,-2.06595,1.02779,-3.36727,-5.38464,3.31815,0.151992,5.26833,2.453,1.51315
0.418138,-1.58404,0.36954,0.0616129,-1.01693,0.207858,-0.479364,-0.167717,-1.53044,0.130076,-0.158689,-0.323372,-0.00883918,0.0623446,1.31908,0.122245,-0.126589,-0.179729,0.447157,0.248848,1.209,0.69602,-1.92945,-0.886925
0.639836,0.251908,0.526817,1.46572,0.749712,-3.1009,-0.595696,0.311891,-3.03657,-0.120186,-0.129618,-1.64443,0.551705,-0.717201,0.847824,0.881196,0.464665,-1.82648,-1.13095,1.98481,0.112467,1.67933,-0.340313,-0.919837
-0.380209,2.24631,-0.297039,0.645369,0.954021,-1.74017,-0.483657,0.633529,-0.807065,0.529999,-0.349013,-0.384865,0.936707,-0.0610337,-0.50948,-0.406714,0.378038,-1.27797,-1.83645,1.42083,-0.590115,1.66349,1.33417,0.606124
0.226982,4.00335,-0.658634,2.44881,0.73162,-4.57556,-0.417832,0.854734,-2.98628,-0.166173,0.386856,-0.985303,2.17947,0.517436,-0.884886,0.0729044,1.95146,-2.59142,-2.56281,-0.54747,0.356084,1.4794,2.36177,0.625403
1.19925,-4.72151,1.00092,-0.380685,-1.0718,1.7328,0.969769,-1.2503,0.269897,-1.37708,0.814965,-0.00162707,-1.88835,-0.594739,1.03793,1.67546,-0.49612,1.74118,3.6167,-1.74753,0.823636,-2.77403,-2.82399,-1.6476
0.643091,-2.53182,0.910116,-0.0254943,0.26624,-0.348288,-0.0574577,-0.252731,-1.26251,-0.247229,-0.291461,-1.07682,-0.996568,-1.08771,1.31421,0.984088,-0.836203,-0.251922,0.672556,2.11722,-0.168954,0.570922,-2.04512,-1.41551
0.0353239,-0.956062,0.19868,-0.780568,0.534152,0.90618,0.565144,-0.356903,1.69817,-0.399518,0.172659,0.272579,-1.04265,-0.437019,-0.523624,0.343914,-0.533812,1.06625,0.929093,0.0415102,-0.875495,-1.15835,0.0429966,0.0212408
2.07142,-1.55085,1.00529,2.11154,1.75348,-4.01395,1.68618,-0.679598,-1.31275,-2.86135,1.83484,-1.8405,-1.14959,-1.47435,-1.19738,3.50637,0.978522,-0.372364,2.11969,-1.5765,-1.34633,-3.3071,0.84593,-1.33127
1.22556,-7.14092,1.82442,-1.95928,1.43101,3.06625,2.69335,-1.75094,4.45552,-2.52574,1.0459,-0.218386,-4.82527,-2.56688,-0.705943,3.22414,-2.41574,3.84884,5.51425,-0.0124139,-2.78182,-5.6308,-2.04719,-1.63343
0.7897,-1.04469,0.500757,0.707663,-0.0339655,-1.29996,-0.114127,-0.211689,-1.66437,-0.520793,0.28622,-0.833552,-0.0859193,-0.349202,0.798849,0.936412,0.155965,-0.529684,0.467362,0.187266,0.508154,0.0442085,-1.11357,-0.986839
0.921694,-9.27991,1.56818,-3.16445,-2.32178,6.96752,1.35993,-2.10396,3.22121,-0.959088,0.278198,1.16062,-4.19909,-0.972846,2.3633,1.1341,-2.70019,4.41022,6.27241,-1.07613,0.931386,-3.82992,-5.88867,-2.4294
-0.128707,1.77709,-0.317922,0.286843,1.21739,-0.939211,0.67213,0.152231,1.48894,-0.581608,0.579583,0.092648,-0.0618975,-0.129335,-1.82025,0.361824,0.393338,0.126794,-0.280645,-0.724668,-1.42761,-1.19004,2.44472,0.961703
0.231963,2.35502,-0.778712,1.0098,0.0477012,-1.3644,0.684699,0.0700084,0.20843,-0.745771,1.00618,0.397485,0.821844,0.928003,-1.65898,0.101008,1.55809,-0.103059,-0.0714831,-3.29436,0.142215,-1.59207,2.29983,0.965561
1.29593,0.220132,0.385763,2.3725,-0.462701,-3.85856,-0.651169,0.159464,-4.78076,-0.470339,0.386566,-1.62999,1.22481,0.0785178,1.20689,1.0737,1.58678,-2.35705,-0.563732,-0.345949,1.60119,1.28925,-0.906551,-1.19169
-1.311,-2.21924,-0.152666,-3.34974,-0.733088,6.11424,0.601058,-0.598066,5.37955,0.699349,-0.590739,2.1633,-1.83684,0.174495,-0.36444,-1.25772,-2.09029,3.40426,1.7945,-0.377203,-0.735386,-1.73587,-0.937629,0.753389
-2.09914,4.56431,-1.95672,-1.174,-1.62021,2.79747,-1.07612,0.859946,2.19777,2.20815,-0.823821,2.47804,2.20011,2.46449,-0.879539,-3.73352,0.437491,0.291943,-2.47536,-1.77511,1.24227,1.68534,2.11647,2.70487
0.766793,-3.51238,0.939682,-0.27786,-0.474,0.901369,0.0743658,-0.628151,-0.586618,-0.460286,0.0534585,-0.43662,-1.36034,-0.804889,1.38456,0.971524,-0.884837,0.568703,1.78649,0.810066,0.341537,-0.418723,-2.62049,-1.49174
-0.0547857,-2.95475,0.301612,-1.89755,-0.087507,3.64205,1.21479,-0.763238,3.70772,-0.571737,0.263949,1.17937,-2.18626,-0.544135,-0.625636,0.314259,-1.35035,2.78296,2.65844,-1.13661,-0.947498,-2.90002,-0.758666,-0.0201595
0.358189,-2.59646,0.659597,-0.908891,1.10504,1.35646,1.34702,-0.718773,2.64835,-1.14388,0.502854,0.0144686,-2.15745,-1.3015,-0.822958,1.39527,-1.07607,1.72387,2.22486,0.166258,-1.74663,-2.65469,-0.134602,-0.327003
-0.0857541,-2.31127,0.223727,-1.39059,-0.623791,2.71533,0.464579,-0.508436,1.93424,-0.17294,0.0126139,0.816207,-1.35331,-0.13705,0.180733,0.0837805,-0.89772,1.7655,1.83782,-0.627854,-0.0187083,-1.50142,-1.21211,-0.222133
0.533967,-1.66896,1.47593,0.855233,1.82993,-3.23123,-1.13358,0.431735,-3.82117,0.602649,-1.25912,-2.80939,-0.261081,-2.2183,2.26178,1.12113,-1.29288,-2.36697,-1.8447,6.74006,-1.05891,3.81464,-2.0503,-1.77369
-0.471079,3.30834,-1.02066,0.601602,-0.37316,-0.630472,-0.184482,0.534273,0.207471,0.310457,0.348147,0.684715,1.50642,1.29023,-1.22218,-1.08361,1.29583,-0.453326,-1.24739,-2.17159,0.529504,0.0327348,2.23453,1.39041
0.536868,-5.88166,1.34825,-2.34176,1.1647,3.72481,2.13105,-1.45206,4.6551,-1.58499,0.513088,0.217989,-4.05778,-2.15173,-0.485674,2.10391,-2.55125,3.6165,4.40072,0.603596,-2.6215,-4.44773,-1.67424,-1.11974
0.143881,-1.59848,-0.131917,-0.606775,-2.07207,2.47576,0.0940912,-0.536955,0.454367,0.0203418,0.307454,1.09294,-0.151116,0.931967,0.811537,-0.65838,0.113694,1.15207,1.65558,-2.50722,1.76462,-1.11491,-1.56365,-0.259833
-0.245995,2.67455,-0.373014,0.954913,1.06633,-2.46659,-0.482173,0.712547,-1.06814,0.267274,-0.28976,-0.609885,1.15645,-0.0728111,-0.727031,-0.25245,0.605937,-1.46735,-2.12413,1.15745,-0.703271,1.51382,1.93782,0.614234
0.165893,0.388448,0.631832,0.486797,3.15533,-2.70446,0.404027,0.285156,0.127473,-0.519575,-0.164365,-1.74681,-0.87657,-1.82274,-0.97121,1.50768,-0.74816,-0.960201,-1.07089,3.69308,-3.09438,0.371752,1.51968,-0.0332363
-0.918303,3.17832,-1.30246,-0.494517,0.0588004,0.980446,0.304688,0.306092,2.81796,0.359661,0.233416,1.41838,0.742202,1.11049,-2.12854,-1.24433,0.597364,0.734288,-0.858909,-2.40204,-0.665435,-1.06762,3.05151,1.90533
1.65442,-5.26168,1.55544,-0.138722,0.85925,0.0771165,1.69661,-1.28125,0.590366,-2.14148,0.997599,-1.16518,-2.96433,-1.92932,0.292477,3.12924,-1.13973,1.55993,3.73064,-0.0288938,-1.1826,-3.45761,-2.02675,-2.00397
1.26205,0.753255,0.333753,2.8618,-1.3129,-4.53326,-1.36982,0.434295,-6.63086,-0.0475968,0.170989,-1.72751,2.20567,0.611478,2.21716,0.610718,1.99884,-3.26928,-1.36305,-0.125888,2.87031,2.64968,-1.58947,-1.4274
-1.3164,-3.2027,-0.287642,-3.94998,-1.40511,7.58403,0.7408,-0.804569,6.08379,0.809863,-0.548568,2.64198,-2.21446,0.188931,-0.0848232,-1.58803,-2.44193,4.14695,2.61041,-0.789388,-0.368046,-2.27566,-1.53146,0.680886
0.338302,-0.201182,0.122309,0.748595,-0.847204,-0.730313,-0.538636,0.000244904,-2.07152,0.119522,0.0113081,-0.264528,0.674033,0.389507,1.0367,-0.0341667,0.696097,-0.754685,-0.22137,-0.546362,1.42247,0.770946,-0.942217,-0.551186
-0.122988,3.62504,-0.368818,1.92135,0.652562,-3.88066,-0.952089,0.934578,-3.07742,0.528937,-0.211284,-1.1097,2.20045,0.338487,-0.0424151,-0.382115,1.38348,-2.65645,-2.92492,1.13849,0.284202,2.7157,1.68144,0.540967
-0.552108,6.13677,-1.01965,2.08162,1.8799,-4.74316,-0.81472,1.41874,-1.86112,0.480508,-0.0201983,-0.940709,2.51953,0.397474,-1.80598,-0.550237,1.65253,-2.84997,-4.13801,0.972298,-0.992828,2.51092,4.1179,1.6323
0.340259,1.85366,-0.415921,1.10475,0.327117,-1.81852,0.267169,0.202546,-0.437285,-0.604488,0.718883,-0.161701,0.742798,0.386346,-0.996142,0.389576,1.28187,-0.529742,-0.395376,-1.84307,0.0540173,-0.732426,1.75201,0.449717
-2.56708,5.23174,-2.57924,-1.7383,-2.62044,4.55973,-0.839555,0.681356,3.73213,2.47546,-0.644933,3.71259,2.42255,3.49178,-1.39141,-4.59362,0.77988,1.27096,-2.00842,-3.99937,1.79134,0.710138,2.63773,3.46166
0.00879525,-3.23699,1.13983,-0.846361,-0.514462,1.28326,-1.03943,-0.0631477,-1.51808,1.05311,-1.1726,-0.658054,-0.821942,-0.790865,2.68251,-0.137148,-1.52217,-0.173389,0.203313,3.6774,0.688303,2.19506,-3.51554,-1.56332
0.827616,-1.1416,0.269581,0.169867,0.842399,-0.524461,1.32552,-0.539498,1.08436,-1.5011,0.992938,-0.277377,-1.19707,-0.667303,-1.07038,1.49725,0.176128,0.988878,1.75001,-1.41994,-1.12724,-2.58401,0.661459,-0.281002
-0.0847228,4.11842,-0.714209,1.61856,1.33511,-3.28198,0.0840493,0.690763,-0.754775,-0.339567,0.513092,-0.411341,1.44061,0.298462,-1.84489,0.148359,1.50462,-1.59471,-2.00717,-0.813654,-0.82299,0.273715,3.43566,1.22791
0.568944,-1.31076,0.573389,0.760075,-0.32865,-1.30192,-0.768906,-0.0135795,-2.86903,0.257636,-0.324622,-1.08847,0.244421,-0.411309,1.70465,0.533161,-0.0369613,-1.1627,-0.217728,1.62475,0.974939,1.63589,-1.89658,-1.28438
-0.670943,1.93731,-1.41843,-0.98449,-1.11566,3.07558,1.2178,-0.304357,4.57951,-0.477377,1.17527,2.58707,0.0900382,1.84361,-2.61243,-1.17172,0.963625,2.3706,1.42388,-5.7654,0.16135,-3.71232,2.66244,2.1354
0.682851,-4.53066,0.841197,-1.26041,-0.530456,2.61258,0.919146,-0.968218,1.54292,-0.867584,0.350415,0.153777,-2.32026,-0.782735,0.754186,1.10736,-1.27413,2.01321,3.14198,-0.506155,-0.0337556,-2.27715,-2.5049,-1.26356
-0.306095,-0.125026,0.175725,-0.118356,-0.22921,0.0109367,-0.765563,0.325112,-1.19604,0.86726,-0.810609,-0.346957,0.366198,-0.0822254,1.20342,-0.540941,-0.373667,-0.738444,-0.986262,2.00547,0.26737,1.88896,-0.939336,-0.390451
-0.237475,1.57821,0.279053,0.718551,2.7664,-3.00556,-0.29691,0.805041,-0.894499,0.147874,-0.720131,-1.66509,0.126495,-1.41071,-0.569308,0.626184,-0.470104,-1.68456,-2.26733,4.2008,-2.33063,1.96961,1.61244,0.195185
1.3967,-3.21428,1.04064,0.516332,0.47011,-0.905558,0.977677,-0.833719,-0.791179,-1.56385,0.795867,-1.01326,-1.5767,-1.20006,0.341967,2.2147,-0.21921,0.46289,2.38983,-0.347782,-0.32099,-1.98493,-1.46097,-1.55299
1.02556,-3.95196,1.3939,0.474224,-1.20959,-0.538339,-1.10548,-0.259967,-4.35451,0.341333,-0.643376,-1.63356,-0.316069,-0.789667,3.61937,0.661423,-0.661486,-1.08987,0.637698,2.77525,1.89722,2.35011,-4.54458,-2.60649
-0.71312,4.87664,-0.955434,1.36096,0.0745924,-2.77113,-1.26014,1.18233,-2.22667,1.07099,-0.59107,-0.261654,2.76773,1.12754,-0.294765,-1.48158,1.53614,-2.49699,-3.54251,0.398521,0.804486,3.05222,2.29029,1.30414
0.746569,-0.510123,0.56133,1.24801,0.283652,-2.26361,-0.245828,0.014899,-2.58529,-0.35694,0.0876892,-1.31832,0.215244,-0.581996,0.867454,0.962329,0.47086,-1.27218,-0.178608,1.10901,0.304311,0.882346,-0.789168,-0.922916
0.946369,-1.86445,0.603409,0.636865,-0.0949038,-1.03147,0.0275193,-0.36102,-1.8114,-0.52366,0.264136,-0.893452,-0.400755,-0.501745,0.994153,1.06555,0.122573,-0.361838,0.850397,0.177332,0.505895,-0.113302,-1.35979,-1.23096
-0.592796,-2.23516,-0.251709,-2.30154,-1.08841,4.96875,1.01682,-0.836405,4.41055,-0.066266,0.269668,2.05461,-1.56762,0.47826,-0.429312,-0.690419,-1.08336,3.01174,2.5274,-2.3824,0.037923,-2.77729,-0.690242,0.463449
-0.014934,-1.24167,-0.069483,-1.07622,-0.770481,2.4641,0.625885,-0.47344,2.1347,-0.213451,0.298453,1.05557,-0.899431,0.310285,-0.295313,-0.134237,-0.368944,1.59048,1.60705,-1.76282,0.090195,-1.74305,-0.414126,0.139029
1.88181,-3.04807,1.5781,2.05826,0.553613,-3.8786,0.0318801,-0.422969,-4.61976,-1.2203,0.475771,-2.59506,-0.579931,-1.53825,1.94783,2.63544,0.385629,-1.8206,0.860082,1.86012,0.525302,0.614571,-2.62287,-2.55364
-0.0752891,4.79869,-0.738463,1.80383,1.59701,-3.86423,0.0305254,0.94802,-0.74962,-0.484819,0.537585,-0.563433,1.6868,0.32064,-2.17672,0.100274,1.65854,-1.70126,-2.42616,-0.889577,-1.18894,0.427618,3.92439,1.46062
0.0344272,-2.0796,0.129592,-0.957575,-1.11848,2.23107,-0.0959861,-0.472478,0.511875,0.267933,-0.237697,0.450174,-0.632422,0.213563,1.0002,-0.288043,-0.618083,0.968861,1.1643,-0.413105,0.887253,-0.33846,-1.80364,-0.52585
-0.0598522,7.09515,-1.93043,2.47449,0.55282,-4.01994,0.699164,0.89482,-0.0191898,-0.919728,1.68255,0.669263,2.7135,1.98733,-3.74633,-0.382015,3.47243,-1.46392,-2.10929,-5.46805,-0.0311381,-1.50395,6.02768,2.62101
-0.684771,-2.76171,0.00710501,-2.15551,-2.67055,5.05025,-0.660963,-0.526447,1.30916,1.32904,-0.80225,1.60922,-0.616284,0.854895,1.95054,-1.78336,-1.27147,1.80387,1.53656,-0.522432,2.11455,0.345101,-3.19263,-0.287443
-0.0667899,0.33887,-0.264496,-0.589121,1.28792,0.8278,1.54186,-0.260567,3.61174,-1.18206,0.916584,0.747381,-1.09329,-0.314441,-2.40658,0.726813,-0.0846062,1.73727,1.26937,-1.83769,-2.03379,-3.12173,2.31438,0.975531
-0.450895,3.47148,-0.785817,0.801015,0.925426,-1.51772,0.202669,0.563659,0.596261,0.0118638,0.230134,0.178267,1.13098,0.442348,-1.81796,-0.506272,0.872281,-0.619378,-1.64715,-0.797937,-0.91275,0.0895789,2.9688,1.4231
0.836583,-1.63611,0.0903309,0.604624,-2.51181,0.331153,-0.461783,-0.419829,-2.53315,-0.193457,0.378602,0.171346,0.463678,1.05111,1.71885,-0.0405238,0.862245,-0.114217,1.24907,-2.59334,3.05081,-0.0282471,-2.51488,-1.03552
-1.51769,-1.88538,-0.124834,-3.0748,-0.890614,5.4042,-0.423679,-0.211593,3.67281,1.65534,-1.38544,1.62694,-1.12683,0.115134,0.717524,-2.02515,-2.23718,2.22128,0.466879,1.77962,-0.0856888,0.592026,-1.63421,0.538654
-0.323951,0.234924,-0.36603,-0.628469,-0.126989,1.14361,0.273128,-0.157225,1.5663,0.0260241,0.153194,0.757345,-0.149459,0.261972,-0.656397,-0.40262,-0.20566,0.812323,0.340943,-0.881624,-0.255563,-0.909933,0.559915,0.449491
2.33391,0.0760598,1.04279,3.47908,2.69537,-7.04284,1.18979,-0.140754,-3.8069,-2.86019,1.6544,-3.13727,-0.118797,-1.83225,-1.09029,4.07882,1.75576,-2.27573,0.415432,-0.0905854,-1.49851,-1.54865,1.52012,-1.34382
0.53856,-5.93587,1.59112,-1.77271,0.592766,2.62617,0.727926,-1.02164,1.56474,-0.600525,-0.370462,-0.553762,-3.04062,-2.07963,1.35018,1.56356,-2.53327,1.96681,3.0096,2.73392,-1.18951,-1.3475,-3.42293,-1.96853
0.962021,-1.07464,0.980761,0.947431,3.04421,-2.96547,1.21615,-0.207928,0.0834501,-1.74782,0.543376,-1.92881,-1.57984,-2.18251,-1.06549,2.7802,-0.470037,-0.371095,0.572585,2.30442,-3.06184,-1.40323,1.15254,-0.797165
1.07826,-1.40214,0.748862,1.17567,0.449912,-2.15238,0.161273,-0.224141,-2.27758,-0.852832,0.263717,-1.30943,-0.321807,-0.828266,0.734181,1.48155,0.246188,-0.870505,0.578295,0.681558,0.182298,-0.0341565,-1.01125,-1.33132
-0.934589,-0.767695,-0.119399,-1.77795,-0.405375,3.11886,-0.261273,0.0593954,2.14611,1.04979,-0.860812,1.07107,-0.559516,0.132838,0.264748,-1.33361,-1.31555,1.15708,0.124365,0.988823,-0.138309,0.37909,-0.724538,0.442951
-1.1049,2.81638,-0.916793,-0.183914,-0.530283,0.530517,-0.837928,0.667927,0.0672331,1.2645,-0.569216,0.87026,1.46748,1.09623,-0.176549,-1.91784,0.290964,-0.575721,-1.95193,-0.02594,0.659738,1.71781,1.06614,1.22076
-0.579342,0.260185,-0.999444,-1.4755,-0.92787,3.74541,1.27991,-0.477633,4.67834,-0.415216,0.812088,2.31018,-0.720866,1.24562,-1.96202,-0.803585,-0.0788289,2.76552,1.96669,-4.36987,-0.231015,-3.58342,1.52849,1.46716
0.707239,-2.10424,0.567725,0.394968,-0.669983,-0.297413,-0.0744984,-0.419723,-1.64932,-0.396834,0.153015,-0.570708,-0.386402,-0.269068,1.22309,0.819882,-0.0166968,-0.197866,0.93732,-0.0285805,0.954133,-0.15076,-1.86634,-1.31096
-0.462028,0.228282,-0.260405,-0.528566,-0.579341,1.15757,-0.499297,0.0784698,0.455697,0.79488,-0.396649,0.47245,0.228807,0.458164,0.298776,-0.924146,-0.323352,0.200708,-0.423392,0.237703,0.380595,0.701593,-0.191362,0.313668
-0.944668,2.59968,-0.334356,0.0634899,1.67909,-1.33041,-0.440886,0.736474,0.211739,0.772104,-0.690519,-0.35391,0.759057,-0.377401,-0.837606,-0.595941,-0.232844,-1.09535,-2.37315,2.40771,-1.49007,1.77661,1.86118,0.863573
-0.267565,0.481351,-0.43812,-0.500072,0.21425,1.26253,0.930928,-0.293178,2.57188,-0.491999,0.548481,0.943201,-0.486663,0.300382,-1.55145,-0.00906205,0.0518086,1.42788,0.924687,-2.08272,-0.72395,-2.11079,1.41424,0.822179
-1.34649,4.19026,-0.918368,0.73669,-0.489845,-1.36791,-2.26958,1.42246,-2.70609,2.37599,-1.48966,-0.0429059,2.89316,1.21584,0.966666,-2.504,0.631291,-2.6096,-4.17158,2.35433,1.28115,4.80885,0.782144,1.02683
0.571181,-3.71519,0.937134,-0.828996,-0.579402,1.44483,-0.0578615,-0.574624,-0.363669,-0.0606334,-0.213956,-0.334326,-1.29485,-0.746223,1.70526,0.489014,-1.14202,0.723095,1.68958,1.28327,0.478953,-0.129305,-2.93618,-1.41127
-0.554959,3.84659,-1.23553,1.20063,-1.60284,-1.23202,-1.55672,0.90709,-2.74561,1.30462,-0.361445,0.537404,2.8804,1.9485,0.591488,-1.86464,1.81313,-1.90104,-2.53224,-1.4639,2.54516,2.69423,0.74457,0.834717
-1.25165,-0.927719,-0.315926,-2.75783,0.11084,4.81188,0.753024,-0.309026,5.31396,0.663564,-0.461007,1.8239,-1.56546,-0.012532,-1.02784,-1.1846,-1.84518,2.8328,1.23023,-0.0295914,-1.39675,-1.60407,0.320229,1.08095
-0.241314,0.221937,-0.620044,-0.525865,-1.10383,1.65147,0.418249,-0.325489,1.47366,-0.153564,0.416615,1.18403,0.0333778,0.888435,-0.556773,-0.60897,0.313753,1.06263,0.848771,-2.64793,0.763144,-1.39149,0.368613,0.565358
-0.422905,1.10563,-0.554605,-0.0275222,-1.03992,0.334952,-0.70602,0.234325,-0.7363,0.737914,-0.228619,0.605331,1.09062,1.03486,0.459392,-1.20719,0.355166,-0.507283,-0.859794,-0.722916,1.26398,1.14097,-0.149166,0.316954
-0.702113,7.31839,-2.34367,2.0982,-1.69925,-2.4061,-0.988906,1.17032,-1.9966,0.849528,0.562306,1.35161,4.15345,3.27142,-1.46569,-2.47642,3.44557,-2.18212,-3.15597,-5.14322,2.60113,1.22823,3.88407,2.41871
-0.614928,2.36525,-0.830905,0.432054,-2.21001,0.0737988,-1.73172,0.631615,-2.58178,1.66411,-0.69384,0.678194,2.31519,1.7647,1.44896,-2.26424,1.05219,-1.56137,-2.09686,-0.620277,2.80254,3.05371,-0.678363,0.433973
0.2182,-2.41088,0.881993,-0.455898,-0.289168,0.477105,-0.704913,-0.135053,-1.49662,0.547149,-0.802125,-0.722775,-0.557215,-0.726322,1.93317,0.212635,-0.958234,-0.338511,0.166234,2.64716,0.513546,1.50343,-2.6225,-1.26399
-0.354049,5.03787,-1.41887,1.5761,0.108578,-2.43069,0.101747,0.648465,-0.352248,-0.20652,0.777333,0.533558,2.1297,1.51126,-2.05873,-0.640752,2.20935,-1.24573,-1.85556,-3.15419,0.280519,-0.255255,3.64928,1.76956
0.763104,-0.595581,0.0823837,0.570461,-0.371612,-0.50225,0.741729,-0.431297,-0.147863,-1.12639,0.959813,0.0022382,-0.208042,0.223607,-0.39179,1.00632,0.759046,0.440639,1.38332,-2.56077,0.445812,-1.97054,0.153358,-0.312822
-0.403375,-1.5541,0.513662,-1.51852,1.90353,1.65151,1.15492,-0.306162,3.61355,-0.47941,-0.129206,0.12626,-2.22025,-1.57379,-1.17444,0.76703,-1.67691,1.73693,1.11292,1.90275,-2.82381,-1.73005,0.660891,0.25201
0.115415,0.354839,0.239392,0.729116,0.21418,-1.70582,-0.886708,0.446641,-2.57912,0.552321,-0.574414,-1.03386,0.715836,-0.224418,1.0861,-0.060596,0.098737,-1.5907,-1.36295,2.33471,0.243373,2.47086,-0.701134,-0.515626
1.1269,-0.623726,0.619313,1.46693,0.506982,-2.7569,0.0928558,-0.0372334,-2.41093,-0.983945,0.552276,-1.3556,-0.0690393,-0.636832,0.387525,1.57925,0.651448,-1.08005,0.204502,0.288077,0.0348862,-0.042157,-0.336879,-1.03206
1.69794,0.34716,1.28933,3.43511,1.88383,-7.50016,-0.793963,0.556343,-6.75981,-0.844148,0.0472331,-3.75678,0.994721,-1.73981,1.37149,2.54483,1.20951,-3.91824,-2.1743,3.73132,-0.21978,2.83715,-0.5639,-2.02428
-0.784172,-1.61339,0.261756,-1.74005,0.23063,2.56099,-0.365091,-0.0377485,1.54054,1.06364,-1.07469,0.317039,-1.00763,-0.609584,0.866763,-0.722609,-1.87821,0.955118,0.0942317,2.91434,-0.727255,1.03243,-1.45523,-0.155992
-0.826631,2.00926,-1.28439,-0.342087,-2.6485,2.17503,-0.594676,0.151186,0.598351,1.03494,0.0395103,1.91561,1.4978,2.16541,0.0201426,-2.25422,1.06068,0.481359,-0.423941,-3.62306,2.46687,0.164135,0.365103,1.13711
0.248639,1.86963,0.287459,1.21229,2.67879,-3.54414,0.412189,0.457547,-0.626308,-0.725936,0.133485,-1.56947,0.0659287,-1.33158,-1.36496,1.17953,0.229652,-1.38438,-1.6139,2.31888,-2.41535,0.487701,2.33977,0.319675
-0.9097,1.1304,-0.70218,-0.639829,-0.980552,1.30576,-0.749319,0.181503,0.212636,1.2866,-0.743972,0.775567,0.797319,0.83036,0.384975,-1.56247,-0.124508,-0.0514297,-1.06192,0.234207,0.815175,1.40094,-0.116562,0.527036
-0.120858,-0.261489,0.0640011,-0.231315,0.0485622,0.220249,-0.183675,0.0174214,-0.289495,0.33102,-0.298773,-0.0922531,0.0366184,-0.122318,0.461683,-0.160382,-0.334955,-0.0527592,-0.196377,0.778743,0.0785804,0.575386,-0.490225,-0.192695
1.44279,-3.60059,1.46203,0.772416,1.28392,-2.00811,0.578217,-0.659985,-1.60902,-1.41221,0.332058,-1.86105,-1.56597,-1.90638,1.00674,2.59849,-0.595958,-0.332323,1.6141,2.1118,-0.944491,-0.739828,-1.91362,-2.00951
-0.539112,3.36329,-0.601478,0.603598,1.40895,-1.91873,-0.0926256,0.715129,0.138357,0.206447,-0.092764,-0.213175,0.953543,0.0683543,-1.46855,-0.3326,0.5288,-1.12465,-2.13691,0.743062,-1.32137,0.930235,2.7432,1.22586
0.756953,-0.427923,0.267751,1.28032,-0.182354,-1.92811,-0.0132105,-0.0305165,-2.31167,-0.555427,0.402657,-0.880081,0.32185,-0.154901,0.58995,0.911468,0.712286,-0.960741,0.136216,-0.450411,0.792275,0.159339,-0.629247,-0.877
-2.41249,3.65868,-2.2205,-2.22303,-2.95847,5.40647,-0.957733,0.485273,3.61092,2.41646,-0.703631,3.65422,1.87321,3.28093,-0.688001,-4.35663,0.305212,1.57154,-1.29657,-3.54867,2.06652,0.589856,1.41384,2.75545
0.0198908,-2.12066,0.843335,-0.356545,0.457675,-0.0242801,-0.646456,0.00261668,-1.307,0.437894,-0.841307,-1.03576,-0.713812,-1.15873,1.76843,0.414004,-1.25875,-0.496636,-0.0942351,3.67998,-0.326409,1.79547,-2.11044,-1.23552
-0.437692,-0.300347,-0.436202,-0.536925,-2.10227,1.86532,-0.998442,0.0850777,-0.885435,1.32708,-0.675085,0.918887,0.751317,1.11849,1.51557,-1.56103,0.0422389,0.0148041,-0.353534,-0.484518,2.16338,1.53723,-1.7545,-0.103412
0.468605,-3.00385,0.757626,-1.03041,0.641524,1.45459,1.04216,-0.698281,2.01338,-1.00777,0.275395,-0.201023,-2.08087,-1.09987,-0.202066,1.35966,-1.15924,1.62369,2.1507,0.290458,-1.35813,-2.1886,-0.970617,-0.660368
-1.18012,0.821897,-0.544731,-1.26448,-0.927258,2.30262,-0.768229,0.321831,1.19723,1.35894,-0.737882,1.21546,0.494204,0.835521,0.273319,-1.75005,-0.54384,0.522592,-0.824979,0.399215,0.507286,1.21932,-0.272656,0.759043
0.82927,0.680973,0.022557,2.19879,-1.77632,-2.98965,-1.34928,0.222625,-5.38835,0.260366,0.210503,-1.02813,2.04604,0.97321,1.99563,-0.129557,1.73056,-2.41237,-0.976575,-0.991771,2.95632,2.21523,-1.55455,-1.04864
0.843616,0.689741,-0.256338,1.06033,-0.323863,-1.16281,0.997539,-0.272687,0.0360221,-1.28468,1.42779,0.157199,0.189682,0.514589,-1.28946,0.889337,1.4096,0.167761,1.02377,-3.80925,0.383227,-2.4814,1.34354,0.185815
0.110562,1.60732,0.406333,1.45014,1.76261,-3.58387,-0.824346,0.849281,-2.95137,0.405619,-0.791907,-1.8801,0.90696,-0.878767,0.463072,0.370348,0.134281,-2.39817,-2.58832,3.97106,-1.00044,3.06637,0.466336,-0.360608
-0.82004,1.49394,-0.623181,-0.328776,-0.485908,0.897832,-0.432751,0.317595,0.889323,0.736447,-0.366922,0.869964,0.670359,0.686509,-0.399628,-1.26176,-0.0513145,0.141928,-0.881794,-0.320647,0.195024,0.592351,0.775024,0.885098
-0.216995,4.61715,-0.519118,1.83313,2.51959,-4.48989,0.147867,0.927591,-0.908379,-0.417036,0.289326,-1.11331,1.31011,-0.309269,-2.17096,0.541681,1.32854,-2.09843,-2.7535,0.922018,-1.95069,0.890975,3.97936,1.2353
0.526304,-1.03785,0.313168,0.297418,-0.273972,-0.287511,0.159216,-0.144516,-0.835602,-0.329006,0.17327,-0.466449,-0.289877,-0.182895,0.588907,0.537481,0.144271,-0.173998,0.638433,-0.129178,0.40365,-0.219408,-0.878857,-0.67358
2.36652,-7.33186,2.71265,0.483673,1.64322,-1.64158,0.958285,-1.21352,-2.35871,-2.1876,0.435073,-2.9451,-3.33634,-3.37097,2.23696,4.07651,-1.67386,0.254113,3.41705,3.68734,-1.22192,-1.35298,-4.33353,-3.69532
-0.291642,1.22438,-0.143344,0.256783,0.566829,-0.916651,-0.543924,0.496845,-0.589868,0.512419,-0.485452,-0.299417,0.579803,-0.139411,0.0569908,-0.365586,-0.0291579,-0.865887,-1.33266,1.46009,-0.310784,1.38736,0.575021,0.247677
0.148519,-0.800935,0.102045,-0.111889,-0.481558,0.458466,-0.2687,-0.200727,-0.537574,0.236219,-0.159342,0.0258932,0.0382249,0.0833269,0.798131,-0.153422,-0.0866041,-0.0357029,0.348955,0.137546,0.658547,0.414282,-0.932687,-0.406972
0.336973,-3.29516,0.507293,-1.05713,-1.38266,2.58465,0.31313,-0.724854,0.683209,-0.197792,0.206374,0.546283,-1.17994,-0.0332656,1.13583,0.16546,-0.699761,1.47276,2.1789,-0.896092,0.936886,-1.20074,-2.43877,-0.81126
-0.168605,2.29045,-0.83966,0.630233,-0.97996,-0.576522,-0.448305,0.296571,-0.662405,0.307211,0.306977,0.591903,1.4338,1.22197,-0.405943,-0.894961,1.23005,-0.644165,-0.827856,-2.13676,1.19191,0.455468,1.0539,0.7131
0.250609,1.51426,-0.584324,0.631287,-0.549121,-0.527692,0.460188,-0.0288232,0.176189,-0.587112,0.954533,0.562757,0.610717,0.909543,-1.00664,0.0634118,1.19697,0.111773,0.334616,-3.19706,0.554084,-1.44567,1.31293,0.652179
2.10392,-0.616878,0.706878,3.24039,-0.458672,-5.067,-0.258754,-0.156831,-5.82773,-1.42863,1.00013,-2.1838,1.09257,-0.117343,1.46339,2.16525,2.0655,-2.52599,0.306427,-1.29524,2.01145,0.407759,-1.31924,-2.00122
1.49994,-2.59197,1.35237,1.43346,0.837888,-2.76913,0.272587,-0.365914,-2.88955,-1.30973,0.424673,-2.11125,-0.848589,-1.53737,1.24262,2.35631,-0.0458074,-1.08763,0.946248,1.71772,-0.167001,0.0101899,-1.75985,-2.04486
-0.0377263,1.32878,-0.403162,0.252566,0.602464,-0.414067,0.563647,0.0289491,1.21331,-0.480642,0.597646,0.276697,0.018613,0.135874,-1.42159,0.180142,0.571665,0.262781,0.0520937,-1.53351,-0.689189,-1.41541,1.88564,0.815662
-0.781882,0.893776,0.223594,-0.575418,2.13077,-0.388751,-0.41432,0.567511,0.911645,0.762146,-0.958617,-0.536247,-0.315091,-1.01486,-0.345002,-0.28301,-1.3341,-0.436824,-1.82919,4.13909,-2.14811,1.87421,0.964711,0.404616
-1.0445,7.03749,-1.91597,1.41844,0.479839,-2.54917,-0.187211,1.13491,0.41133,0.328568,0.445434,0.86672,2.81654,1.85511,-2.90669,-1.5304,2.32393,-1.49311,-3.0762,-2.8853,-0.164931,0.488806,5.19999,2.80903
1.28391,-3.30387,0.951715,0.488464,-0.971328,-0.336162,0.13619,-0.721126,-2.05251,-0.746634,0.377712,-0.893526,-0.853941,-0.4696,1.73428,1.27538,-0.131118,0.0469015,1.8532,-0.231653,1.23409,-0.598948,-2.79083,-1.78278
-0.0754625,-0.489691,0.731989,-0.143135,2.0588,-1.26503,-0.136235,0.301661,-0.349359,0.0711299,-0.661816,-1.28238,-0.825011,-1.64788,0.216357,0.745336,-1.09792,-0.616864,-0.833865,4.14298,-1.97058,1.36666,-0.117568,-0.362465
0.866773,1.15443,0.194803,1.60498,1.68667,-3.36971,0.874103,0.122313,-0.711959,-1.47513,0.999418,-1.10728,-0.0517604,-0.684253,-1.64774,1.74933,0.932871,-0.785299,-0.0253871,-0.718011,-1.32838,-1.39052,1.9804,0.0138165
0.192774,-4.84878,0.557623,-2.3755,-1.34653,5.02375,1.04488,-1.29119,3.41283,-0.405701,0.201184,1.35388,-2.55031,-0.268276,0.578747,0.218774,-1.63004,3.28804,3.80255,-1.48192,0.246286,-2.93685,-2.611,-0.691254
1.0535,-5.84417,1.87014,-1.07794,1.30972,1.14293,1.05233,-1.05102,0.856803,-1.14875,-0.10839,-1.3429,-3.22912,-2.43203,1.12378,2.40584,-2.2812,1.55984,2.8002,3.20462,-1.81499,-1.53122,-3.04181,-2.09735
-0.301249,6.59011,-0.685954,2.92312,3.13011,-6.87526,-0.697659,1.6297,-2.88662,0.109472,-0.0704926,-1.9344,2.54437,-0.2672,-2.08985,0.211707,1.88124,-3.73627,-4.75437,2.32956,-2.07149,2.92252,4.80215,1.46913
0.553619,-5.3836,1.48835,-1.88755,1.47337,2.51428,1.5826,-1.14994,3.26829,-1.25465,0.161962,-0.44118,-3.58527,-2.31492,-0.00897991,2.05879,-2.47083,2.57007,3.37285,2.00022,-2.55286,-2.86804,-1.69978,-1.19655
0.00378934,1.1463,0.260432,0.98466,1.00732,-2.3595,-0.575664,0.547669,-1.85825,0.202857,-0.35755,-1.18339,0.703079,-0.485018,0.285119,0.156996,0.281808,-1.54951,-1.6899,2.14279,-0.495849,1.75883,0.375175,-0.104821
0.000648362,-1.41613,-0.215856,-1.2102,-0.430849,2.81654,1.33636,-0.760732,3.56831,-0.929084,0.851522,1.4024,-1.35601,0.142042,-1.29133,0.262628,-0.377344,2.35834,2.48549,-3.05932,-0.513389,-3.48373,0.403727,0.407592
0.207843,-1.91811,0.120672,-0.874478,-0.716786,2.22813,0.646908,-0.50529,1.78778,-0.491805,0.430082,0.805592,-1.14001,0.0560934,-0.10865,0.121894,-0.516799,1.60843,2.05273,-1.65347,0.246881,-2.04994,-0.732832,-0.355055
-0.269477,-5.61578,0.301588,-3.37382,-3.07967,7.36449,0.50456,-1.36946,3.49395,0.438015,-0.280146,2.25001,-2.26392,0.573242,1.78071,-0.996988,-2.06829,3.84941,4.1126,-1.96194,1.7831,-2.40273,-4.30502,-0.815414
0.672529,-2.84565,1.13183,-0.45212,2.00433,-0.199697,1.2479,-0.616013,1.48585,-1.31468,0.37952,-0.978889,-2.30109,-2.01667,-0.582275,2.06264,-1.23856,1.0542,1.78242,1.82942,-2.29831,-1.96608,-0.353528,-0.947095
0.203713,0.548878,0.0034793,1.2535,-1.99844,-1.77709,-2.14529,0.560222,-5.30005,1.4704,-1.01746,-0.911448,2.19541,0.9244,2.94348,-1.21778,0.934184,-2.57448,-2.08787,1.3677,3.07533,4.22069,-2.5656,-1.04393
0.123696,-4.53486,1.08849,-1.95141,0.185041,3.01701,0.583396,-0.856164,2.07187,-0.0297551,-0.482789,0.0997362,-2.41845,-1.41783,1.01326,0.742363,-2.14765,1.91469,2.22031,2.08765,-0.843573,-1.04145,-2.57742,-1.16412
0.460984,0.667532,0.376899,1.39969,0.794717,-3.12866,-0.716588,0.50323,-3.10903,0.138104,-0.314116,-1.52038,0.818732,-0.522089,0.622683,0.627348,0.508866,-1.88084,-1.44541,2.07827,-0.0364954,1.94382,-0.144255,-0.663607
0.61511,1.35206,0.432213,1.24287,3.16734,-3.53893,1.24966,0.171785,0.517166,-1.6064,0.767331,-1.41756,-0.64626,-1.61971,-2.20716,2.1893,0.281531,-0.708185,-0.447154,1.05698,-2.99395,-1.5418,2.9335,0.322571
0.0132614,6.7922,-1.72154,2.85485,-0.514913,-4.36715,-0.55385,1.05771,-2.61608,-0.0904806,1.02265,0.284219,3.65547,2.18393,-2.01922,-0.963983,3.56135,-2.63718,-2.86777,-4.387,1.55856,0.735804,4.21727,1.82622
0.522833,-2.77292,0.844443,-0.167445,-0.738834,0.354673,-0.587263,-0.359327,-1.84425,0.369558,-0.427696,-0.790145,-0.497662,-0.50046,2.08765,0.364233,-0.719513,-0.246466,0.527105,1.77693,0.978622,1.12878,-2.94357,-1.47235
0.648992,3.50812,-0.314483,2.647,0.969596,-4.95788,-0.0618708,0.690599,-3.07846,-0.755009,0.703357,-1.22617,1.71007,0.195115,-1.00053,0.743719,2.01455,-2.35698,-1.90555,-0.736607,-0.0067492,0.72681,2.56868,0.333796
0.620618,1.59257,0.701147,2.183,2.82052,-5.45199,-0.276527,0.744001,-3.28191,-0.589808,-0.127323,-2.64019,0.560441,-1.61768,-0.236993,1.76498,0.499684,-2.75174,-2.27603,3.7227,-1.75159,1.95141,1.24892,-0.5528
1.20833,-1.92007,1.1235,1.12391,1.60607,-2.75592,0.652399,-0.16607,-1.55695,-1.39048,0.480617,-1.83142,-1.09826,-1.67662,0.0849098,2.37336,-0.151076,-0.673214,0.832539,1.56853,-1.25715,-0.695068,-0.430611,-1.42464
-0.237488,-4.42122,0.732525,-2.61099,-0.0485317,4.63637,1.11958,-0.987574,4.11831,-0.308789,-0.131547,0.990296,-2.89477,-1.08364,0.156369,0.469201,-2.35095,3.25237,3.10188,0.536988,-1.17363,-2.50908,-1.91366,-0.559511
-2.48161,7.71746,-2.58855,-0.685103,0.620216,1.12646,-0.00984709,1.16917,4.48402,1.29882,-0.154745,2.60217,2.27458,2.2442,-3.82095,-3.20198,1.28461,0.35402,-3.20164,-2.77861,-1.12888,-0.00540675,6.11786,4.18794
0.262786,-4.60069,0.645953,-1.66955,-2.56093,4.23893,-0.17703,-1.00473,0.492831,0.431393,-0.305013,0.916732,-1.47911,0.250127,2.4136,-0.401574,-1.28748,1.96215,2.87503,-0.655268,2.06412,-0.71695,-4.25783,-1.39961
-0.0824366,-0.273428,-0.297487,-0.770975,0.175844,1.62844,1.19274,-0.466451,2.93108,-0.913564,0.722795,1.05728,-0.936227,0.163191,-1.57164,0.316628,0.0202376,1.76268,1.58188,-2.374,-0.862236,-2.79119,1.14606,0.717859
-1.88542,4.38567,-1.58192,-1.08909,-0.255624,1.87239,-0.764942,0.83195,2.63162,1.67285,-0.749598,1.92852,1.64084,1.63062,-1.42414,-2.79056,0.13456,0.189304,-2.46387,-0.564828,-0.236781,1.36212,2.79237,2.50669
-1.41881,5.47456,-1.26232,-0.0925501,2.55654,-1.2836,0.51416,0.970873,3.23456,0.243916,0.0272729,0.661964,0.985791,0.251318,-3.50291,-0.940028,0.423995,-0.317826,-2.70499,0.185326,-2.93954,-0.15643,5.37661,2.77591
-0.739703,-2.46652,-0.195667,-0.972425,-0.509306,2.49363,1.07884,-0.59761,2.10598,-0.488329,-0.507385,0.821201,-1.45988,-0.459807,-0.961905,-0.00330185,-0.567123,1.85651,1.70296,-0.307536,-0.109906,-2.14644,-1.27997,0.911413
-1.63441,-0.31215,-1.13515,0.485393,1.09589,2.56521,0.78057,0.023105,-0.773674,0.0923905,-1.66907,0.204868,1.30366,0.211903,1.16532,0.229599,1.04906,2.44621,-0.316776,0.889278,-0.235271,0.68906,0.348537,1.15513
0.977206,-0.49196,0.652122,-0.584254,-0.303742,-0.453833,-0.245258,-0.159558,0.865708,-0.196919,1.06105,-0.027152,-1.01276,-0.242602,-2.26918e-05,0.239533,-0.916633,-0.555879,0.709341,-0.646408,-0.147965,-0.614462,-0.240674,-1.0402
-0.583821,1.01793,-0.421795,3.14178,0.716578,-3.62791,-1.00887,0.824737,-6.9827,0.515569,-1.82491,-2.13959,2.90835,-0.244271,2.16738,0.500842,2.18745,-2.34015,-3.00897,3.60092,1.46921,4.13506,-0.957526,-0.0125559
-1.42378,9.07818,-2.28949,1.57538,-1.02041,-4.79679,-1.13142,1.68297,0.44242,0.984858,0.156268,1.40111,3.10263,2.18345,-5.13592,-3.50404,2.473,-4.22352,-5.09108,-2.56041,1.03098,1.14909,4.85418,4.47128
-0.780162,-7.22457,0.466392,-1.07454,-1.52519,2.93312,1.80498,-1.48967,1.39704,-1.2994,-1.67899,0.688972,-3.12492,-1.92809,-1.27982,0.546563,-0.795748,2.21138,3.49762,1.71301,0.653112,-3.60268,-5.26422,1.36014
0.0104265,4.63007,-0.661149,-0.448187,-0.478397,-1.3644,-0.588282,0.608848,2.63542,0.523426,1.3433,1.19034,0.612718,1.36175,-2.57861,-1.66014,0.22221,-1.43876,-1.44503,-2.85424,-0.3158,-0.469271,3.40693,1.20996
1.19171,-8.32187,1.94964,-3.75582,-1.73048,4.72071,1.88616,-2.10966,6.18008,-1.64156,1.13749,1.24423,-5.84083,-1.85851,-1.36787,1.11813,-3.55638,3.16346,6.31604,-1.1347,-0.721666,-6.14374,-4.52863,-1.29844
-0.115041,-0.450474,0.0894802,0.215261,-0.482733,-0.639531,0.0710377,0.0267472,-0.118298,-0.0617065,-0.219755,0.156884,-0.117043,-0.213485,-0.864454,-0.337336,0.102078,-0.644271,-0.133547,0.229769,0.457739,-0.364536,-0.776464,0.626814
-0.611808,-4.10235,0.124674,-0.347832,1.32465,4.10913,1.01087,-0.721189,-0.975502,-0.323376,-1.37976,-0.423776,-0.400065,-0.921285,3.20786,1.75087,-0.27885,3.76601,1.91858,1.82557,-0.745652,0.0208512,-1.88995,-1.26971
-4.03015,6.39829,-3.68927,2.10258,-0.0806995,-0.837878,0.325942,1.311,-0.65822,0.987204,-2.72241,1.86701,3.96052,1.79202,-4.09611,-3.18267,3.79184,-0.600129,-4.48522,-0.539571,1.12133,1.08603,3.45884,6.39064
0.525981,-0.662422,0.49514,1.04488,0.334425,-1.60631,-0.568596,0.152123,-2.87458,0.0999036,-0.169968,-1.29787,0.418222,-0.421883,1.63797,0.717299,0.200397,-0.974381,-0.483158,1.61316,0.432924,1.63843,-0.942323,-1.18898
-0.0369159,-0.579431,0.0685559,-1.71291,1.42353,4.39662,0.696796,-0.391226,2.63497,0.190663,0.777109,0.644643,-0.202799,0.402599,2.22361,0.923226,-0.937597,3.71724,1.75448,-1.43208,-1.85757,-0.574667,1.70839,-1.7412
0.974983,-2.44621,1.03633,0.113594,-0.0885994,-0.612167,-0.241736,-0.262992,-1.5396,-0.319122,0.23753,-1.01211,-0.927771,-0.855974,1.55106,1.14062,-0.682858,-0.359596,0.955675,1.24627,0.0913353,0.270117,-2.03578,-1.77458
-0.793514,-2.43857,-0.218597,-0.0651804,-0.333846,1.49594,0.958343,-0.387574,0.205252,-0.50532,-1.17106,0.331366,-0.728032,-0.622935,-0.373209,0.155281,0.150071,1.26167,1.05544,0.852295,0.310309,-1.14116,-1.76518,1.088
1.17499,-0.0747596,0.942387,0.539541,-0.47229,-2.82049,-0.763574,0.116816,-1.55991,-0.063803,0.725645,-1.0673,-0.225067,-0.378319,0.319544,0.315755,-0.401193,-2.26513,-0.307855,0.583637,0.552849,0.88337,-0.923679,-1.29466
0.532309,-0.589365,0.38754,0.0631171,1.12053,0.856105,-0.219505,0.0660937,-1.40603,0.164174,0.0357787,-0.817566,0.554556,-0.0185329,2.86534,1.17173,-0.306633,0.931409,0.217128,0.702183,-0.53006,1.43034,0.236521,-2.11434
-1.92158,1.92064,-1.57363,0.913596,0.974259,1.16666,0.357675,0.545728,-1.35733,0.479571,-1.66044,0.322968,2.32156,0.696917,0.307319,-0.579199,1.77397,1.27572,-1.6894,0.587914,-0.15991,1.38205,1.49461,1.95055
-2.2363,4.23592,-1.98502,2.49616,2.32487,0.181625,-0.376048,1.31601,-4.59172,1.19352,-2.31628,-0.584155,4.84285,1.2287,2.67452,-0.0505343,2.99965,1.03955,-3.71692,1.77809,-0.12343,4.43642,3.01684,1.17009
-2.27665,3.91202,-2.4012,0.0324682,2.1624,4.00727,0.633497,0.768437,0.827202,1.03423,-1.12432,1.2939,3.01884,1.72971,1.37587,-0.508774,1.6027,3.61323,-1.63335,-1.25442,-1.41482,1.31673,4.43474,1.47639
1.14355,-2.4219,0.987697,-2.60755,-1.74761,1.35498,0.7419,-0.939149,5.75337,-0.905498,1.86903,1.43193,-3.76408,-0.510844,-2.94341,-0.520866,-2.37861,0.230548,3.12899,-2.54326,-0.348252,-4.37799,-1.10596,-0.146244
-0.227348,-4.94451,0.489136,-1.63426,0.57311,4.81826,1.35892,-1.12907,2.0743,-0.601952,-0.344543,0.521492,-1.99394,-0.999115,1.71529,1.34535,-1.27536,4.05104,3.25485,0.378459,-0.943066,-2.04038,-2.03914,-1.14612
2.37779,-2.35684,1.92798,-0.600665,2.12423,1.47462,-0.7512,-0.198664,-2.26348,0.136559,1.42211,-2.01788,-0.167375,-0.509542,6.42786,3.14409,-1.57606,1.73715,1.65263,1.09183,-1.50093,2.45634,-0.196695,-5.76636
0.236807,5.01131,-0.474964,0.0445564,0.542974,-1.0602,-0.817672,0.785812,1.04528,0.832937,1.20965,0.452554,1.59171,1.43406,-0.479322,-0.93068,0.289654,-0.981501,-1.92898,-2.25238,-0.570703,1.12462,3.91562,-0.0406513
-1.7124,-1.21296,-0.990221,-0.129487,0.033044,2.45783,1.08957,-0.217407,0.79263,-0.11746,-1.66132,0.860996,0.116762,-0.035162,-0.793591,-0.325112,0.634796,2.08211,0.320754,0.416019,0.0259306,-1.08021,-0.523052,1.99906
1.35461,-4.3467,1.69577,0.598565,-1.27699,-2.71751,-0.254893,-0.598179,-2.59376,-0.864447,-0.114774,-1.64433,-1.929,-1.69035,0.268738,1.03747,-0.756054,-2.15381,1.28892,2.54447,1.3312,-0.256815,-4.5676,-1.31033
2.80787,2.46893,1.37534,-1.18871,1.39069,-0.344117,-1.32595,0.303003,1.02854,0.656892,3.19224,-0.900481,0.0265928,0.762146,3.12435,1.15942,-1.73545,-0.301267,0.32291,-2.27216,-1.73858,1.48984,3.23302,-4.57343
0.886648,-4.84103,1.23214,-1.33558,-1.23623,0.984641,0.749946,-1.05498,2.15014,-0.95652,0.389639,0.254867,-3.21934,-1.3459,-0.882441,0.573688,-1.70376,0.544798,3.02477,0.203194,0.183802,-2.96078,-3.43663,-0.72708
0.533235,-2.10987,0.571538,-2.11493,-0.103335,3.42976,0.830116,-0.783851,4.0638,-0.416064,1.13029,1.00711,-1.9417,-0.199342,-0.0029532,0.456246,-1.77141,2.44092,2.68239,-1.78451,-1.13481,-2.54444,-0.00986741,-0.939767
0.213911,1.68257,-0.0122263,0.444521,-0.3115,-1.64055,-0.540755,0.412736,-0.286891,0.217825,0.448967,-0.0872032,0.468639,0.32328,-0.669056,-0.442573,0.170134,-1.49143,-0.958352,-0.423877,0.213353,0.504241,0.849899,0.10201
0.179052,-1.60849,0.41138,0.158201,0.503488,0.448905,0.046697,-0.192505,-1.27484,-0.167505,-0.282965,-0.674433,-0.0863319,-0.441004,1.63689,0.862268,-0.129219,0.597457,0.448975,1.0814,-0.0970284,0.665672,-0.96527,-1.01991
-0.332724,-1.83524,0.156652,-0.26823,-0.498363,0.650365,0.575751,-0.366658,0.479087,-0.360182,-0.574757,0.276085,-0.855459,-0.452268,-0.654872,0.00552722,-0.187563,0.330951,0.808883,0.436456,0.338271,-1.04617,-1.55504,0.661259
0.751598,0.269773,0.549124,0.691128,-0.364715,-2.49271,-0.687073,0.120348,-1.76571,0.0663706,0.374438,-0.832508,0.103891,-0.228751,0.0959944,0.146079,0.0237984,-1.88231,-0.724887,0.699606,0.566272,0.89582,-0.590855,-0.556448
0.701118,-1.67416,0.722553,-0.525673,1.04944,1.78978,0.106246,-0.308527,-0.297284,-0.0611378,0.364075,-0.60451,-0.272012,-0.19942,2.68796,1.3793,-0.794666,1.68738,1.16795,0.326411,-0.882523,0.394346,-0.212944,-2.24507
1.56731,-2.95092,1.48231,-0.197301,-0.0206971,-0.614425,-0.301326,-0.461101,-1.2791,-0.330124,0.619879,-1.28599,-1.38445,-0.952873,1.81553,1.39225,-1.05032,-0.537315,1.44115,1.21627,0.107306,0.158323,-2.33416,-2.52689
1.37341,-1.62241,1.00912,-0.176965,0.965601,0.597476,-0.322654,-0.199268,-1.20625,-0.0300671,0.718957,-1.19348,-0.359183,-0.369393,3.18345,1.63721,-0.971888,0.657598,1.03006,0.764795,-0.708151,1.0974,-0.481783,-3.0437
-1.0994,1.40471,-0.870348,0.835456,-0.728458,-1.36247,0.0639226,0.372613,-0.758057,0.141027,-1.01761,0.528683,0.7808,0.234877,-1.8901,-1.09342,1.16571,-1.11445,-1.44253,0.298272,0.852711,-0.029704,0.0400315,2.32596
-0.540866,-0.815844,-0.206789,1.05254,1.61296,1.22413,0.0263624,0.221323,-3.15326,0.26009,-1.28953,-0.980179,1.63914,-0.161288,3.3371,1.27534,0.845658,1.5365,-0.471135,1.98034,-0.264725,2.39439,-0.145991,-1.02875
2.20031,-5.27366,2.25569,-0.173501,0.477581,-0.0639113,-0.31745,-0.739331,-2.55533,-0.551007,0.606412,-2.12105,-1.7924,-1.53799,4.05546,2.66016,-1.71193,0.218404,2.38048,2.34743,-0.24621,0.765013,-3.53416,-4.28184
0.239443,-0.770774,0.29655,-0.108799,1.34412,1.84584,-0.0502112,0.000354189,-0.783194,0.0628111,0.0374395,-0.523512,0.412866,-0.0132958,2.79924,1.12304,-0.348578,1.73306,0.482295,0.627073,-0.889452,0.940215,0.309443,-1.9365
-2.68885,2.71341,-2.31252,0.499194,0.756221,2.56764,0.820259,0.519001,0.706765,0.552182,-1.87059,1.50524,2.27564,1.14045,-1.03578,-1.28422,1.8562,2.18709,-1.64012,-0.548431,-0.20143,0.211761,2.38912,3.33358
-1.20499,4.92649,-1.37626,2.25913,-1.33726,-5.53229,-1.05702,1.22059,-2.42838,0.48065,-0.877077,0.0574653,2.17613,0.753463,-3.79274,-2.41161,2.29713,-4.45861,-3.98276,0.291636,1.85179,1.39182,1.15566,3.65153
2.91778,-2.99258,2.5831,-2.181,-2.82401,-2.47712,-0.428506,-1.08893,4.17067,-1.05731,3.08306,0.231323,-4.64959,-1.08999,-3.22181,-0.0457741,-3.13151,-2.96054,3.085,-2.00005,0.416936,-4.00712,-2.73921,-1.67546
0.940308,-1.56358,0.928678,2.23894,1.28947,-2.70637,-1.14703,0.366613,-6.93007,0.292085,-0.864425,-2.95699,1.61975,-0.805936,4.77469,2.04048,0.628883,-1.35673,-1.19686,3.91209,0.715419,4.18103,-2.03671,-2.87068
0.446431,-1.95044,0.654375,0.300598,-0.474379,-1.16493,-0.177001,-0.224402,-1.23544,-0.353342,-0.27212,-0.709289,-0.697707,-0.859,0.155734,0.375206,-0.296416,-0.89908,0.429602,1.24895,0.634042,0.00737614,-1.96316,-0.434968
-0.590534,3.96866,-1.02113,-0.0843591,-0.259633,-0.695166,-0.238525,0.581701,1.83511,0.498835,0.570014,1.09613,0.868651,1.23452,-2.30134,-1.58628,0.513804,-0.831276,-1.42341,-2.04161,-0.0579801,-0.299623,2.83042,1.8054
0.372941,1.71398,-0.0356084,0.166678,-0.766247,-2.12257,-0.454634,0.156333,0.697158,0.0243446,0.785967,0.130096,-0.103162,0.274177,-1.73952,-0.900599,0.0363037,-1.87232,-0.721309,-0.936079,0.582395,-0.293933,0.550156,0.521487
-0.76998,2.42003,-0.701349,2.93512,-0.237348,-4.96143,-0.945543,0.879783,-5.59252,0.428392,-1.67356,-1.32117,2.4567,0.0104754,-0.526126,-0.674948,2.28971,-3.61127,-3.49165,2.52932,1.81845,3.04169,-0.564578,1.69908
-1.40104,2.60406,-1.57914,-0.103834,0.33161,1.5364,0.381248,0.412466,1.56644,0.395793,-0.509318,1.31579,1.36959,1.02572,-1.29726,-1.1309,1.00508,1.11691,-1.03494,-1.32455,-0.342675,-0.176751,2.47217,2.2409
1.18667,-0.153771,0.816307,-1.57623,0.870087,2.23144,-0.0284657,-0.168761,2.33091,0.105483,1.66085,0.211412,-0.697332,0.265998,1.82389,0.902685,-1.4907,1.63954,1.46557,-1.50787,-1.37836,-0.446767,1.40943,-2.47517
-0.507985,-2.36227,-0.067085,-0.116694,-0.373716,1.06719,0.688936,-0.466048,0.330793,-0.394959,-0.806298,0.243745,-0.90368,-0.567436,-0.389822,0.0784487,-0.0457797,0.715672,0.988445,0.717169,0.274177,-1.12597,-1.7355,0.701614
0.344146,0.89459,0.177332,0.198548,-2.18079,-3.71351,-0.346214,-0.0137157,0.920626,-0.293536,0.514681,0.486209,-1.05208,-0.147856,-4.17349,-1.58663,-0.000361264,-3.48956,-0.677983,-0.588775,1.42413,-1.62155,-1.08944,1.97044
0.700053,2.84715,0.0143841,-0.659409,0.807559,0.177371,-0.607684,0.436028,1.39915,0.553387,1.41916,0.212999,0.683865,1.0544,0.567993,-0.139184,-0.351282,0.115454,-0.51174,-1.85881,-0.971922,0.52972,2.9454,-1.13313
-0.887378,7.82227,-1.72527,2.36007,0.666346,-4.07221,-1.47375,1.7157,-3.17772,1.38458,-0.40878,-0.261771,4.27528,1.77949,-0.703609,-1.61533,2.54494,-3.0162,-4.93233,-0.339593,0.483841,3.85955,4.35882,1.97516
-1.41795,6.86762,-1.8393,0.564003,-0.403397,-1.91614,-0.454552,1.07441,1.66272,0.824502,0.119829,1.57486,2.12337,1.79844,-3.71657,-2.75849,1.70378,-1.8344,-3.26617,-2.43197,0.183244,0.335717,4.30359,3.50962
-0.439903,-3.99148,0.32894,-1.23651,-1.61128,1.56916,1.18438,-1.02794,2.77359,-0.952351,-0.411271,1.023,-2.64042,-0.983914,-2.5976,-0.267939,-0.906907,0.921873,2.49753,-0.214482,0.516146,-3.45762,-2.97688,1.51625
-0.888082,1.13915,-0.586159,0.0378081,-1.32357,-1.3658,0.266366,0.129871,1.15445,-0.121775,-0.434888,0.969067,-0.261845,0.0723756,-3.55737,-1.62089,0.482987,-1.48481,-0.64261,-0.634502,0.795811,-1.43673,-0.211411,2.67168
1.1559,-2.9071,1.06081,-1.97532,1.11275,3.9531,0.557074,-0.827581,2.30679,-0.272049,1.17812,-0.0520707,-1.63064,-0.25379,2.97468,1.7791,-1.95394,3.32305,2.95884,-0.887614,-1.77984,-0.948587,-0.129566,-3.18528
1.13739,-4.85515,1.47216,-1.98804,-0.959401,2.34163,0.819327,-1.27171,3.28378,-0.928862,1.04598,0.459711,-3.39688,-1.15157,-0.287083,0.989908,-2.22018,1.42902,3.71442,-0.50207,-0.404585,-3.20723,-2.80857,-1.45758
-0.260651,2.94342,-0.541761,0.666804,1.40395,0.274532,-0.518694,0.699005,-1.13129,0.862403,0.0320544,-0.261477,2.11715,0.894225,1.77641,0.130352,0.844289,0.382868,-1.53813,-0.201249,-0.644193,2.11125,2.6206,-0.499634
-0.761289,1.86291,-0.805197,0.487505,-0.230112,-0.597593,-0.0691214,0.323958,0.060327,0.321136,-0.539144,0.538487,0.851554,0.449859,-1.26339,-0.874313,0.823231,-0.56821,-1.23809,-0.379625,0.283943,0.17959,0.967849,1.56403
1.3797,-1.81388,1.15689,-2.04389,0.773964,2.87121,0.132762,-0.554146,2.67877,-0.0793998,1.77663,0.214215,-1.60629,-0.132161,2.22261,1.36341,-2.05412,2.18188,2.51428,-1.52632,-1.54885,-1.0352,0.538141,-3.00544
1.36798,5.66423,0.0906911,1.1391,-0.69379,-5.72604,-1.87292,1.09079,-1.36567,0.692065,1.72904,-0.678778,1.40126,1.09399,-1.56575,-1.22305,0.49187,-4.85978,-3.02156,-1.30679,0.575667,1.9756,2.63594,-0.210447
1.4119,-4.43056,1.62075,-0.424674,-1.41453,-1.40211,0.0982136,-0.877829,-0.151768,-1.00733,0.537237,-0.707928,-2.66242,-1.51053,-0.535035,0.738838,-1.40693,-1.39827,2.0493,1.17663,0.802427,-1.62958,-3.99049,-1.27069
0.404764,-5.31178,0.997893,-0.15983,-0.293205,0.885852,0.562999,-0.889574,-1.06081,-0.787937,-0.72564,-0.823777,-1.84868,-1.58472,1.24701,1.32681,-0.785483,0.848538,2.2326,2.05857,0.490935,-0.897123,-3.95445,-1.0937
-1.53473,2.27662,-1.29959,0.148594,-1.75661,-1.40126,0.269146,0.190427,2.1519,-0.0415995,-0.506109,1.67637,-0.0575735,0.640393,-5.18066,-2.43177,1.02393,-1.70365,-1.33326,-1.34209,1.12476,-1.93704,0.464385,4.36363
2.42627,1.33009,1.44622,-0.566792,-1.25751,-3.81424,-1.20336,0.143153,1.05992,-0.220569,2.46251,-0.38329,-1.42878,-0.00990506,-1.34241,-0.294519,-1.36421,-3.54408,0.101988,-1.45865,0.312513,-0.475843,0.160569,-1.61427
2.74724,0.319047,1.87041,-0.677999,0.558941,-1.49704,-1.29701,0.0149687,-0.27085,0.173826,2.4305,-1.30757,-0.783995,-0.101268,2.71202,1.37797,-1.76087,-1.11243,0.662978,-0.654196,-0.864463,1.07962,0.691728,-4.20805
-0.988644,0.141467,-0.733203,-0.063203,1.59309,3.0312,0.466168,0.110291,-0.386058,0.434385,-0.742638,0.0953802,1.22383,0.414038,2.15208,0.632963,0.572738,2.88389,-0.0834012,0.19968,-0.925547,1.00006,1.39432,-0.292214
0.383998,0.445537,0.114937,0.379652,0.280461,-0.885744,-0.391889,0.177608,-1.13715,0.178779,0.20777,-0.534952,0.460399,0.0110891,0.700348,0.354969,0.218721,-0.600565,-0.470989,0.437501,0.0478658,0.995617,0.130694,-0.682507
-1.35413,-1.71629,-0.690081,0.476101,-1.8643,-0.736953,0.862687,-0.304303,0.436515,-0.695641,-1.54449,0.901198,-0.842064,-0.650771,-3.72688,-1.37771,0.833114,-0.887682,0.0310149,0.910201,1.58035,-2.12086,-2.63761,3.60458
-0.209923,-1.60476,0.137632,0.35183,-1.10223,-1.2338,0.133538,-0.261811,-0.516138,-0.471154,-0.624788,-0.110457,-0.795203,-0.620889,-1.58472,-0.27401,0.0451653,-1.13308,0.272591,0.935544,1.06078,-0.848819,-2.12396,1.08918
1.54095,-3.44325,1.42499,-3.75956,-0.0870385,4.86498,1.02283,-1.28038,6.61655,-0.682316,2.33024,1.38075,-3.69895,-0.313944,0.166488,0.899209,-3.23239,3.38109,4.56492,-3.05398,-1.96671,-4.07239,-0.0237025,-2.45761
1.56779,-4.37957,1.66881,-1.30256,-0.294902,1.29456,0.377954,-0.913362,1.06991,-0.75404,0.918331,-0.586927,-2.55098,-1.13121,1.26877,1.42327,-1.98612,0.886826,2.89494,0.346612,-0.343015,-1.60677,-2.67541,-2.65151
-0.280496,3.70173,-0.747882,-0.0220495,2.70098,2.60396,-0.453377,0.660605,-0.0698133,1.05079,0.52252,-0.0593948,2.60775,1.5369,3.49366,0.558331,0.586319,2.49232,-1.12636,-1.18351,-1.90391,2.54852,4.35168,-1.7117
-0.869916,-1.05027,-0.512042,-1.12978,1.84472,5.13524,1.03431,-0.333429,1.58455,0.241997,-0.42933,0.548452,0.484485,0.267376,2.74776,1.00966,-0.2201,4.4617,1.30507,-0.427404,-1.65645,-0.140441,1.30595,-0.940188
-1.12049,1.53111,-0.989677,0.689361,-0.305464,-0.485716,0.143492,0.3123,-0.265264,0.236253,-0.91504,0.550047,1.06104,0.429711,-1.6119,-0.958804,1.19236,-0.337921,-1.19259,0.0528676,0.544343,0.135254,0.544707,2.17596
-0.655134,3.51409,-0.847737,1.99584,2.45776,-0.535028,-0.992764,1.12171,-4.60225,1.0737,-0.847857,-1.35057,3.91796,0.917519,3.99444,0.765842,1.82369,0.360756,-2.97231,1.47189,-0.412543,4.72044,2.79314,-0.995554
1.98361,-1.82507,1.565,-0.0966508,-1.00298,-2.57856,-0.681433,-0.295009,-0.647475,-0.442064,1.27713,-1.05004,-1.78838,-0.846243,0.0479949,0.577972,-1.32479,-2.36893,0.893575,0.477049,0.519676,-0.288548,-2.13594,-2.0439
0.639258,0.717871,0.428924,0.207972,-0.904374,-2.42556,-0.504615,0.116714,-0.107625,-0.0543684,0.590206,-0.174586,-0.34491,-0.130293,-1.40187,-0.589157,-0.115887,-2.10103,-0.534133,-0.193379,0.670036,-0.261125,-0.51066,0.295557
-0.0644276,6.62207,-0.895518,2.30767,1.89163,-3.27629,-1.84621,1.69788,-4.61406,1.40429,0.0612382,-1.40486,4.41297,1.57036,2.57944,-0.146443,2.03056,-2.16,-4.42214,0.367181,-0.181672,5.15393,4.34998,-0.839882
0.338121,2.79459,-0.160679,0.0879646,-0.959802,-2.48346,-0.60963,0.460294,0.98244,0.170541,0.863963,0.521452,0.126382,0.569076,-2.43301,-1.34573,0.157028,-2.40425,-1.25842,-1.40906,0.579424,-0.416663,1.20236,1.01252
-1.99884,6.8732,-2.2265,1.14932,-0.359081,-2.00397,-0.377005,1.21721,0.554495,0.884023,-0.582833,1.48837,2.8217,1.83671,-3.75347,-2.79125,2.33637,-1.77778,-3.74832,-1.95045,0.518946,0.792783,4.01939,4.22332
-1.98165,7.48837,-2.44716,0.0410894,1.8166,2.11907,-0.0991423,1.27307,1.95717,1.4272,-0.0117852,1.59163,3.60319,2.71551,-0.182621,-1.64857,1.87111,1.79489,-2.96689,-2.96426,-1.41198,1.69942,6.871,1.99994
-1.08915,1.95781,-0.932193,1.09446,-0.384324,-1.46725,-0.110423,0.377225,-1.00544,0.226841,-0.851697,0.215582,1.14573,0.383714,-1.62489,-1.02377,1.22263,-1.16422,-1.75076,0.390208,0.69235,0.620098,0.539986,2.08112
-1.196,-0.34706,-0.929179,0.12216,1.37939,2.84785,0.613097,0.0816683,-0.605778,0.341978,-1.19718,0.185442,1.35654,0.242246,1.92949,0.417696,0.706524,2.78037,-0.028343,0.691213,-0.717561,0.906553,0.737877,0.251141
0.79034,-2.33589,0.694251,-1.0933,0.679699,2.28343,0.321811,-0.584445,0.917859,-0.290379,0.6428,-0.0976964,-0.944861,-0.305307,1.89172,1.24476,-1.00314,1.9143,1.77925,-0.0688717,-0.950117,-0.596439,-0.497686,-1.93306
-0.558385,-4.39009,0.207698,-0.501361,-0.701635,2.06,1.22578,-0.832611,0.697428,-0.888265,-1.09353,0.238311,-1.78012,-1.09879,-0.482053,0.429415,-0.432079,1.5394,2.10204,1.15636,0.346308,-2.05017,-3.09081,0.75172
1.75295,1.30546,1.05755,0.710648,0.865236,-2.55783,-1.33131,0.48062,-2.75456,0.429258,1.21367,-1.66918,0.831295,0.0947526,2.81351,1.03088,-0.399011,-1.74002,-0.892763,0.603098,-0.365013,2.66854,0.824017,-3.08019
-0.724519,3.00649,-1.0251,-0.263538,1.25718,1.98067,-0.0557926,0.583811,1.22209,0.607507,0.179951,0.747696,1.57899,1.19635,0.614886,-0.345654,0.497707,1.69569,-0.885182,-1.56395,-1.11571,0.721418,3.30913,0.344803
-1.66804,-0.150068,-1.28636,-0.118591,0.849704,3.3211,0.957471,-0.0747584,0.902062,0.157254,-1.28633,0.857911,0.769046,0.360508,0.145958,-0.189664,0.848027,2.84857,0.055736,-0.0394535,-0.518649,-0.387237,0.823966,1.51273
0.451898,0.241675,0.420536,2.35231,-0.690679,-5.15189,-1.1316,0.4554,-5.16444,-0.0213193,-0.748978,-1.72288,1.00276,-0.616072,0.036676,0.110941,1.11437,-3.93327,-2.02988,2.76469,1.76997,2.39383,-2.07863,0.00787517
-0.454951,-3.05824,0.164774,0.382889,0.869153,1.91677,0.512506,-0.281217,-2.00474,-0.195282,-1.31558,-0.743495,0.0795525,-0.706765,2.59479,1.30466,0.131882,1.96778,0.842935,2.01089,-0.143479,0.727626,-1.71376,-0.857539
0.701435,3.79854,-0.00619419,0.460468,-2.20431,-5.35179,-1.07612,0.560182,1.0369,-0.0446214,1.23486,0.518386,-0.335643,0.577685,-4.75563,-2.17415,0.179914,-4.95196,-1.92437,-1.66979,1.358,-0.832645,0.763765,1.92023
-0.629732,2.56871,-0.881932,-1.67643,-0.352414,2.09824,0.545653,0.039444,5.04428,0.188266,0.966626,2.22194,-0.395072,1.12674,-2.89802,-1.49209,-0.384126,1.12354,0.263089,-3.40175,-0.939807,-2.29992,2.89898,1.7836
-0.493443,0.876667,-0.526545,-0.662109,0.0593819,1.35272,0.243404,0.0346564,2.01581,0.148608,0.172069,0.910275,-0.0621885,0.416108,-0.959904,-0.568882,-0.103152,0.955613,0.231129,-1.30592,-0.449444,-0.881436,1.2595,0.81169
1.06209,1.55883,0.468929,-0.959915,1.07742,1.11428,-0.402742,0.0355892,1.36391,0.437367,1.64945,-0.0683468,0.14783,0.614823,1.78131,0.495845,-0.851949,0.775886,0.302779,-1.7362,-1.28047,0.530967,2.33478,-2.35143
-0.171815,0.269579,-0.266403,-0.227263,1.4922,2.28616,0.162593,0.0553197,-0.189269,0.370371,-0.127469,-0.196275,0.905185,0.396748,2.34797,0.804265,0.0844184,2.10155,0.20127,-0.0232387,-1.04916,0.949564,1.31579,-1.11542
-0.822929,7.41442,-1.54776,2.6664,-1.08465,-6.62759,-1.49074,1.55494,-2.71566,0.920438,-0.22106,0.0376412,3.1332,1.43945,-3.72047,-2.77944,2.52852,-5.40927,-5.19269,-0.401902,1.70242,2.50098,2.88658,3.35807
-0.0948916,-5.48053,0.621798,-1.32914,-0.823722,2.92821,1.36829,-1.22232,2.26389,-1.00801,-0.593886,0.611593,-2.87605,-1.29524,-0.684619,0.697348,-1.29684,2.21213,3.20823,0.477273,0.160322,-3.1276,-3.59184,0.140224
-0.589301,-1.1607,0.109486,1.30607,0.0771146,-1.30854,-0.14538,0.153634,-2.91976,0.082021,-1.20881,-0.632442,0.810445,-0.592435,0.581913,0.672124,0.945934,-1.34357,-0.273362,2.2908,1.38698,1.18063,-1.99979,0.0524127
-0.717279,5.52555,-1.27609,0.130304,-0.350003,-1.41432,-0.49635,0.842037,1.76715,0.605059,0.543337,1.18437,1.58244,1.55085,-2.85131,-1.96918,0.929368,-1.42641,-2.20986,-2.42432,0.0544543,0.025464,3.59327,2.30804
0.140409,3.22583,-0.395617,0.0911066,0.569359,-0.769163,-0.711293,0.613796,0.184635,0.526039,0.794256,0.0988058,1.12883,0.908663,0.17493,-0.453166,0.314518,-0.770036,-1.29468,-1.15563,-0.383794,1.10356,2.52392,-0.278877
-0.425328,-0.11377,-0.385467,-0.704823,0.560394,2.41736,0.530016,-0.219732,1.69195,0.159475,-0.0417794,0.717529,-0.0191647,0.306006,0.49143,0.154445,-0.162835,2.0207,0.708195,-0.795245,-0.803401,-0.606759,0.945346,0.127628
-0.511938,5.12582,-0.56644,2.15643,0.562327,-3.20144,-1.3292,1.41735,-3.71061,0.946456,-0.0664081,-0.705522,2.86465,0.834658,1.12596,-0.619134,1.64966,-2.06335,-3.67914,0.363425,0.424317,3.81978,2.97007,0.187745
0.369513,-3.61153,0.796237,-0.708767,-0.770467,0.999407,0.85015,-1.10972,1.39222,-1.05367,0.276993,-0.0582709,-2.05311,-0.96608,0.387349,0.0875243,-1.19828,1.00487,2.15389,0.357981,-0.184699,-1.69669,-2.48084,-1.20944
1.86354,-3.21115,1.69346,-1.37502,3.28558,5.02439,-0.0850058,-0.472308,-0.685565,0.243201,1.28125,-1.57847,-0.0778629,-0.359942,7.7784,3.54552,-1.99368,4.62312,2.69396,0.655807,-2.5284,1.95928,0.66434,-6.39064
0.251987,1.53974,-0.013893,0.440182,-1.14256,-2.95821,-0.516587,0.173212,-0.177678,-0.0317207,0.419094,0.0452476,-0.0539046,0.0817685,-2.21835,-1.04877,0.198186,-2.5658,-1.08835,-0.395953,0.702994,-0.190995,0.0299107,1.03738
3.92287,-8.0861,4.05841,0.76651,-0.216421,-3.63096,-1.18761,-1.00945,-6.00661,-1.03779,0.846152,-4.02619,-2.91559,-2.99011,5.33858,3.75121,-2.38289,-2.45611,2.8484,4.733,1.0011,1.73785,-7.17176,-6.546
1.00935,-8.10146,1.71855,-1.83634,1.31793,5.5395,1.31219,-1.54189,0.39837,-0.820885,-0.311126,-0.786871,-2.68655,-1.73599,4.89665,3.28434,-2.2591,4.95402,4.75536,1.73732,-1.39362,-1.33401,-3.83428,-3.84888
-1.7624,3.58472,-1.72338,0.632437,0.938848,1.00671,0.195896,0.669938,-0.018275,0.681795,-1.03546,0.722916,2.342,1.21026,-0.228783,-0.971739,1.57524,1.00911,-1.95114,-0.648796,-0.35115,1.11552,2.9974,1.93309
-1.76517,2.02039,-1.49174,1.2487,0.876446,0.525033,0.184182,0.594714,-1.85394,0.590601,-1.84103,0.22928,2.47042,0.708176,0.455922,-0.413111,1.90503,0.792024,-1.9621,0.995948,0.258258,1.69921,1.3634,1.91603
-1.75322,2.59372,-1.6243,0.870361,1.49117,1.63101,0.218534,0.627145,-0.914356,0.651036,-1.33042,0.332627,2.47979,0.986846,0.933132,-0.367999,1.69975,1.65382,-1.83418,-0.0167917,-0.577836,1.56513,2.49158,1.34936
1.18246,-2.17008,0.950227,-0.0652502,-0.222456,-0.577417,-0.16225,-0.406594,-0.749582,-0.477405,0.40531,-0.822491,-1.10982,-0.773644,0.970312,0.889934,-0.85042,-0.361992,1.00805,0.732629,0.201411,-0.0548939,-1.78424,-1.61842
-0.357296,-0.953114,-0.0209797,1.2455,0.173729,-0.904445,-0.144168,0.0792002,-2.89137,0.00523791,-1.11794,-0.941319,0.714823,-0.403667,0.917554,0.468507,0.811432,-0.434581,-0.713101,1.8174,0.673525,1.39071,-1.45489,0.209639
1.33355,-2.47796,1.3149,-1.07837,1.04717,2.34437,0.0709046,-0.509041,0.398606,-0.155341,1.02513,-0.787143,-1.01481,-0.371473,3.31453,1.88725,-1.45252,2.19369,2.10182,0.048839,-1.25259,0.0867765,-0.393578,-3.39759
-1.60468,6.18295,-1.85066,1.67696,2.01028,-0.344714,-0.765466,1.34467,-2.38672,1.43581,-0.789108,-0.174993,4.36087,1.70953,1.45334,-0.694117,2.36489,0.0903741,-3.72811,-0.32953,-0.624154,3.75523,4.68071,0.988995
-2.16889,1.93703,-1.48374,0.893267,-1.43214,-1.47588,0.447108,0.178035,0.137334,-0.00554865,-1.48465,0.976971,1.07049,-0.0372505,-3.95926,-1.78365,1.56691,-1.47311,-1.79856,0.0927578,1.04682,-1.07504,-0.401943,4.34022
0.932504,0.71218,0.666347,1.71857,-0.349566,-4.34059,-1.30589,0.488292,-4.17313,0.153609,-0.129303,-1.58849,0.821214,-0.44373,0.658473,0.187984,0.680297,-3.33694,-1.53731,1.82018,1.05672,2.23221,-1.18382,-0.901544
0.808008,-7.85452,2.02403,-0.885236,-0.040047,1.82015,1.1941,-1.10384,-0.663983,-1.40959,-0.743386,-1.044,-2.98915,-1.98208,2.69504,1.79474,-1.58048,1.99849,3.52718,2.48924,0.322168,-1.49181,-5.0027,-2.24787
-0.621484,6.95018,-1.61618,-2.05958,1.04939,3.14947,-0.0194292,0.803638,6.35193,1.09082,2.03495,2.59262,1.39134,2.65059,-1.68312,-1.80254,-0.205245,2.17476,-1.03701,-5.45572,-2.23222,-0.981784,7.31623,1.07392
0.224781,4.8475,-0.442702,1.14659,-0.961615,-4.86385,-1.31299,0.852024,-0.967522,0.567307,0.747082,-0.0394392,1.23293,0.92191,-2.6886,-1.8349,0.959249,-4.08473,-2.91458,-0.916148,0.974125,1.14994,1.9606,1.35955
-2.13016,4.60961,-2.03246,0.964988,1.16496,0.979106,0.134233,0.896755,-0.29436,0.966763,-1.15997,0.88307,3.15902,1.54564,-0.293217,-1.26793,2.13887,1.10467,-2.72645,-0.611091,-0.310305,1.74338,3.69483,2.35854
-0.348676,2.8464,-0.639741,0.433339,-0.520579,-1.81559,-0.430539,0.472498,0.394714,0.270211,0.137417,0.537957,0.754516,0.755993,-2.02125,-1.18495,0.639557,-1.70284,-1.58852,-0.898853,0.46751,0.136738,1.27978,1.50537
-0.342234,-2.28859,0.020404,1.70239,0.847147,-0.481877,-0.0313212,0.0353928,-4.92621,-0.074159,-1.77226,-1.64706,1.15769,-0.879393,2.92496,1.33418,1.03456,0.284338,-0.573446,3.47274,0.606773,2.45487,-2.20622,-0.64651
-1.95345,-0.575217,-1.41595,-0.450725,0.0817788,3.51404,1.3216,-0.260834,2.10076,-0.0671956,-1.45852,1.48397,0.114536,0.183471,-1.10702,-0.648424,0.678055,2.94435,0.528802,-0.437691,-0.387185,-1.45365,0.298682,2.43627
-1.19974,3.52161,-1.47162,-0.145211,1.622,2.59357,0.300344,0.659238,1.01528,0.820736,-0.262264,0.957725,2.21507,1.44656,1.01014,-0.452539,0.902241,2.27078,-1.20788,-1.34573,-1.21699,1.13493,3.94018,0.599561
1.99344,-1.39836,1.64779,1.86374,-0.874646,-5.81758,-1.54421,0.07958,-5.26476,-0.248635,0.323634,-2.54178,-0.218108,-1.25499,1.10113,0.936546,-0.111324,-4.44403,-0.852735,2.95679,1.68455,2.21966,-3.25669,-2.08638
-0.950576,1.21842,-0.869982,0.173669,0.59544,1.35749,0.255248,0.222408,0.455585,0.334899,-0.605575,0.46628,1.05127,0.58577,0.245802,-0.291246,0.738979,1.19275,-0.612242,-0.351677,-0.41695,0.376596,1.31494,0.822592
1.10707,-0.326056,0.738691,-0.888903,-0.277856,0.0938659,-0.161177,-0.301854,1.65444,-0.147025,1.30919,0.177119,-1.04386,-0.0353364,-0.124518,0.140703,-1.03578,-0.25035,0.944393,-1.11975,-0.353442,-0.852491,0.272184,-1.19651
-1.50401,3.04294,-1.25632,3.10503,-0.459381,-4.63165,-0.847068,0.971574,-5.10717,0.495474,-2.10151,-0.857783,2.91561,0.248581,-1.39608,-1.33662,2.80427,-3.45493,-3.87149,2.32813,1.96968,2.8695,-0.297391,2.84436
0.529002,-2.68173,0.586961,-1.78997,0.841029,3.99096,0.822822,-0.637557,2.38233,-0.324807,0.578566,0.382524,-1.39321,-0.228674,2.04163,1.18516,-1.4543,3.3236,2.69189,-0.821276,-1.37658,-1.30487,-0.0581937,-1.89938
0.457798,-0.195323,0.360314,-0.0715136,-0.968674,-1.36602,-0.169041,-0.101764,0.514951,-0.311547,0.337245,0.0941007,-0.858828,-0.200873,-1.43957,-0.371109,-0.333171,-1.40514,0.207402,-0.204551,0.530984,-0.847233,-0.727506,0.419748
-1.08631,-2.73014,-0.377178,0.22464,0.735239,2.63657,0.848827,-0.410655,-1.05795,-0.172963,-1.58647,-0.0858512,0.171512,-0.668666,1.44921,0.736824,0.542359,2.43023,0.780085,1.60777,-0.0715976,0.0656244,-1.33494,0.286378
0.836792,1.71233,0.47726,1.6394,-0.747794,-5.95828,-1.4956,0.54978,-3.8193,-0.276272,0.294718,-1.01479,1.41248,0.0534405,-0.514644,-0.439071,0.737353,-4.55407,-2.14976,1.18057,1.68121,2.03395,-0.847514,0.209224
-1.55479,5.8574,-1.89003,0.267936,-1.08811,-1.84444,-0.16482,0.868159,2.31187,0.585756,-0.00879362,1.99184,1.48779,1.57728,-4.92781,-2.94002,1.59219,-1.89002,-2.74799,-2.56969,0.469116,-0.672425,3.45997,4.24017
-0.208827,5.59205,-1.03,0.481802,1.17517,-0.678102,-0.277718,1.25168,0.519232,1.05504,0.804409,0.572933,2.41639,1.96371,0.126987,-0.668319,0.811739,-0.496982,-2.09926,-1.8993,-0.811646,1.23268,4.86801,0.14706
-2.169,2.38021,-1.92425,1.24858,2.34158,2.78488,0.257818,0.786101,-2.36108,0.866175,-1.9728,0.0276331,3.52902,1.05505,2.70367,0.271576,2.15732,2.85656,-2.03327,1.06657,-0.696156,2.81912,2.63272,0.947593
1.68583,-5.00893,1.77855,-0.978495,0.357572,1.62871,0.25288,-1.01269,-0.272902,-0.556984,0.569547,-1.10992,-2.09401,-1.30354,2.98844,2.09751,-1.88883,1.53559,2.93518,1.15289,-0.461816,-0.517061,-2.86489,-3.42757
-1.40956,7.01735,-1.91423,1.69871,-0.592937,-3.98111,-0.966755,1.28029,-0.668807,0.830255,-0.222871,0.788919,2.75695,1.60939,-3.66463,-2.70632,2.25647,-3.38167,-4.2555,-1.27921,1.04463,1.466,3.60788,3.6616
1.33609,2.05837,0.702075,0.170321,0.587721,-1.86148,-1.14632,0.474284,-1.0332,0.439751,1.262,-0.85338,0.665885,0.429178,1.41773,0.355265,-0.309198,-1.39086,-0.83258,-0.448906,-0.340785,1.65622,1.52095,-1.97152
1.96552,1.39215,1.55604,-1.8399,0.0440862,-0.878896,-0.624029,-0.0284411,2.85972,0.254159,2.81716,0.0600481,-1.20099,0.888945,-0.567431,-0.265058,-1.8049,-1.08824,0.995219,-2.49464,-1.30256,-0.945075,1.76405,-1.99064
-0.320801,-0.205053,0.0297475,0.10456,-0.910672,-0.0992409,0.111077,-0.192426,0.928319,0.183038,-0.471546,0.470365,0.0675018,0.0252704,-1.83856,-1.05375,0.252132,-0.125512,0.278607,-0.435013,0.323105,-1.02199,-0.143139,1.58781
0.606661,-2.43816,0.85429,0.783649,0.270882,-0.775635,-0.100338,-0.218244,-2.75565,-0.278249,-0.507239,-1.33118,-0.296494,-0.911624,1.96111,1.1507,-0.139258,-0.295783,0.509666,2.12785,0.510354,0.967012,-2.2156,-1.53618
-0.469498,1.75427,-0.668922,0.264556,0.637513,0.419244,-0.0350268,0.343451,-0.249517,0.394767,-0.20492,0.252661,1.2186,0.621766,0.359413,-0.220711,0.620266,0.398277,-0.91507,-0.368733,-0.350093,0.85164,1.44108,0.431689
1.39708,-1.78058,1.2798,2.32589,1.30161,-3.65963,-1.11267,0.771923,-7.31373,0.250432,-1.21301,-3.52088,1.4884,-1.1306,4.62275,1.73093,0.561381,-1.91655,-1.39895,4.27066,0.737668,4.62428,-2.58543,-3.12943
1.37052,-1.31032,1.20967,-0.51537,-1.09627,-1.72956,-0.400875,-0.351965,0.641694,-0.485004,1.13996,-0.455078,-1.84133,-0.589976,-0.766073,0.192153,-1.15665,-1.68482,0.998416,-0.234473,0.350158,-1.04275,-1.46715,-1.10292
0.956591,-9.31302,1.85185,-1.47388,1.39779,5.72388,1.39536,-1.71061,-0.565328,-0.908818,-0.757759,-1.30535,-2.73919,-2.25395,5.56812,3.61225,-2.09844,5.14569,5.01664,2.75159,-1.11623,-0.954543,-4.87055,-4.14284
-0.215509,-1.29362,0.0958492,0.803818,-0.257666,-0.999462,-0.0248093,-0.122935,-1.89716,-0.225126,-0.796637,-0.623547,0.00255888,-0.59194,0.108231,0.23103,0.288016,-0.628433,-0.0967191,1.58264,0.696198,0.598557,-1.69914,0.223815
-0.849045,2.78136,-0.9688,-0.622712,-1.64535,-0.942766,0.306433,0.229873,3.65694,-0.0405323,0.335987,1.92346,-0.488558,0.753406,-4.95782,-2.27561,0.331078,-1.19236,-0.727697,-2.46733,0.47967,-2.39936,1.33294,3.35702
-0.763363,3.36491,-1.07341,-0.190401,1.18164,0.0782672,0.885897,0.36129,3.18335,-0.349807,0.504465,1.1573,0.408476,0.576889,-2.97677,-0.601789,0.697941,0.669981,-0.719711,-2.04033,-1.52027,-1.65921,3.88387,2.08626
-0.347266,-0.913171,0.482226,-0.589207,0.667206,0.409055,-0.526382,0.126084,-0.0899727,0.636416,-0.803032,-0.448475,-0.555048,-0.758904,0.834684,-0.0533661,-1.11413,-0.269565,-0.51571,2.97016,-0.694363,1.39358,-0.895562,-0.474144
-0.329518,2.71371,-0.781924,0.249312,0.807376,-0.557418,0.877945,0.214767,1.90419,-0.600436,0.740284,0.631987,0.466747,0.440101,-2.39025,-0.093783,1.0018,0.26579,-0.368054,-2.31925,-0.98821,-1.70219,3.1655,1.52469
-0.519281,3.74907,-1.20625,0.758379,-0.404458,-1.07782,-0.443572,0.625286,-0.318082,0.500002,0.174439,0.57095,1.93114,1.49076,-1.04781,-1.33254,1.49381,-0.962005,-1.84182,-2.08448,0.695268,0.733277,2.29521,1.42104
0.116767,-0.970411,0.424924,-0.668388,1.43057,0.347283,0.991733,-0.272345,1.94277,-0.766633,0.300044,-0.159466,-1.35102,-0.968476,-1.00335,0.882253,-0.75276,0.891848,0.892385,0.774665,-1.85392,-1.4982,0.547745,-0.0140742
-1.7962,5.78423,-1.74524,-0.0177063,-0.825845,0.284105,-1.24372,1.19084,0.413768,1.9613,-0.621485,1.56666,2.84316,2.21639,-0.993086,-3.10585,1.16906,-1.05054,-3.48623,-1.05436,0.945352,2.5225,2.80418,2.4416
1.90672,-7.72897,2.03414,-0.582403,-1.09906,1.7309,0.740677,-1.60153,-1.13594,-1.45651,0.479922,-1.00027,-2.91381,-1.56959,2.74375,2.52425,-1.49814,1.62146,4.49058,0.482007,0.898504,-2.06563,-5.37758,-3.12327
1.36185,-4.87203,1.31369,-0.371831,-0.0664859,0.664054,0.692768,-0.951156,-0.498587,-1.09902,0.321708,-0.948693,-2.11795,-1.40923,1.39923,1.9494,-1.05915,0.870829,2.85831,0.826458,-0.153557,-1.51121,-2.95515,-2.09061
0.704861,-3.24753,0.413059,-0.442024,-2.261,2.272,0.133234,-0.930426,-0.44,-0.226212,0.266519,0.60392,-0.74148,0.380349,1.63264,0.14599,-0.209,1.05737,2.40174,-1.98534,2.04099,-1.19804,-2.96231,-1.24461
1.39231,-8.42457,2.31823,-1.88294,1.32875,2.71701,1.83933,-1.56209,2.26648,-1.7831,0.162017,-1.21556,-4.64724,-3.14393,1.13911,3.25871,-2.87532,2.78203,4.79733,2.81242,-2.15462,-3.34939,-4.02097,-2.74198
0.317596,-2.34431,0.238991,-1.09315,-0.535931,2.51664,1.21663,-0.902123,2.67292,-0.9777,0.748716,0.915304,-1.63213,-0.0476964,-0.693168,0.626176,-0.577533,2.31693,2.76975,-2.29558,-0.260113,-3.07408,-0.553601,-0.132955
0.141459,3.03758,-0.648646,1.81145,-0.94215,-2.92053,-1.29949,0.837843,-4.00739,0.674499,-0.199269,-0.531327,2.49924,1.19549,0.81152,-0.87254,1.73459,-2.57808,-2.39578,-0.378671,2.01139,2.83385,0.396063,0.0656822
-0.975728,4.90902,-1.61611,0.57908,-0.491033,-0.693797,-0.418855,0.841541,0.226493,0.788244,0.01922,1.10977,2.29193,1.87115,-1.39403,-1.88255,1.62205,-0.853577,-2.25251,-2.2433,0.738187,0.93194,2.94765,2.04911
1.23298,-1.42154,0.758866,1.69432,-0.514738,-2.6827,-0.536218,-0.195312,-4.23459,-0.464938,0.18305,-1.65244,0.539405,-0.430416,1.79106,1.10106,0.710823,-1.82366,0.104722,0.684099,1.45018,1.13019,-1.96804,-1.66152
-1.48321,6.48301,-1.75232,1.03343,-0.692818,-0.718843,-1.23702,1.18587,-0.573331,1.36295,-0.0397733,0.960884,3.04196,2.51618,-0.928469,-2.6387,2.04585,-1.59495,-3.66126,-1.51847,0.917964,3.00558,3.04338,2.3145
-0.578951,1.49888,-0.18066,-0.35343,1.12063,-0.0943757,0.352837,0.412062,1.64933,0.104458,-0.0573384,0.21524,-0.0551105,-0.237112,-1.28411,-0.233129,-0.171571,0.226186,-0.729795,0.731481,-1.45988,-0.156615,1.72947,0.971987
1.14876,-2.79912,1.16114,0.0538808,0.103199,-0.47652,-0.0857221,-0.546502,-1.79333,-0.708449,-0.741545,-1.50802,-0.866222,-0.995466,1.42883,1.19613,-0.472811,-0.396436,0.540804,2.27761,-0.31203,0.438355,-2.13245,-1.43281
-0.307505,0.426505,0.564982,0.0604119,2.33624,-1.71241,-0.157729,0.381385,-0.193418,0.224433,-0.736298,-1.47483,-0.433271,-1.67836,-0.243741,0.651241,-0.938731,-0.985311,-1.55954,4.44208,-2.40154,1.65393,0.607491,-0.154918
-0.538089,0.606093,-0.546718,-0.776079,0.135118,1.58979,0.464189,-0.115599,2.45601,0.0439119,0.217169,0.996924,-0.2936,0.229383,-1.14252,-0.507551,-0.224114,1.1747,0.353144,-1.08444,-0.670909,-1.0896,1.19724,0.915334
1.29141,1.73127,-0.0393473,2.57077,0.68379,-4.51588,0.451294,0.139296,-2.86349,-1.36323,1.12253,-1.50001,0.94851,0.00890258,-0.7366,1.63089,1.98738,-1.79376,-0.364041,-1.72427,0.0837148,-0.604982,1.46519,-0.272793
1.12921,-4.7638,1.37211,-0.830126,1.26153,1.06254,1.83312,-1.07511,2.09387,-1.85556,0.630594,-0.685561,-3.13335,-2.03192,-0.211193,2.51767,-1.46207,1.98286,3.44694,0.566213,-2.00342,-3.23383,-1.49785,-1.5156
-0.180266,3.16244,-0.734578,1.29913,-0.111898,-2.22882,-0.507655,0.570996,-1.56522,0.226124,0.21378,0.00833263,1.85745,0.9793,-0.541994,-0.604636,1.46475,-1.43646,-1.78549,-1.17171,0.641783,0.936812,1.79107,0.769691
0.520061,-2.00878,1.05149,0.0510126,1.87796,-1.10649,0.589377,-0.206974,-0.0100595,-0.860985,0.00857555,-1.39243,-1.41137,-1.85127,0.061859,1.71156,-0.939896,0.0703576,0.635711,2.71707,-1.88666,-0.420123,-0.499614,-0.920365
-0.198306,2.0743,-0.412175,1.0149,-1.01301,-1.522,-1.18728,0.538407,-2.81669,0.97372,-0.375709,-0.199115,1.8851,1.00818,0.807579,-1.07872,1.05177,-1.68874,-1.80236,0.102381,1.60988,2.36418,-0.112927,0.141561
0.809197,-6.15893,1.59617,-1.43405,-1.1747,2.73883,-0.0486614,-1.04537,-0.71614,0.0900183,-0.59534,-0.35581,-2.11689,-1.1297,2.8438,0.826241,-2.01775,1.27084,2.79273,2.05033,0.956631,-0.0425338,-5.03468,-2.49186
0.907203,-1.98532,0.401118,0.349973,-1.62031,0.191065,-0.0162268,-0.467493,-1.57759,-0.406917,0.445016,0.00522856,-0.0614221,0.35578,1.29722,0.416822,0.366592,0.119828,1.45183,-1.76927,1.81187,-0.581668,-2.13065,-1.12618
0.255774,-0.178702,-0.111875,0.376134,-1.32384,0.10209,-0.53993,0.00152294,-1.5191,0.313643,-0.0228878,0.0470923,0.660383,0.682823,0.910726,-0.326101,0.547604,-0.407952,0.0877289,-0.998797,1.63665,0.638757,-1.01571,-0.44663
-0.679522,3.02225,-0.803413,0.461622,-0.455924,-0.758963,-0.860566,0.717848,-0.821081,1.05544,-0.296349,0.405747,1.81356,1.10512,-0.146045,-1.38156,0.853926,-1.12499,-1.98821,-0.258839,0.800081,1.65334,1.32548,1.00788
2.17463,-5.36604,2.12145,0.813227,1.67823,-2.17063,1.20833,-0.922603,-1.74852,-2.24909,0.753947,-2.49373,-2.59797,-2.79352,1.07769,3.81029,-0.901376,0.103555,2.90012,2.18989,-1.45669,-1.88011,-2.62005,-2.85369
-0.732278,6.38213,-1.36196,1.64746,1.61911,-3.4814,0.00314917,1.13302,0.191301,0.0123348,0.406038,0.0975015,2.18828,0.781791,-2.92589,-0.663329,1.87856,-1.7824,-3.2045,-1.25979,-1.27118,0.540685,5.23006,2.26229
0.203371,-0.34352,0.877347,0.928889,0.634687,-2.64311,-1.6188,0.612751,-4.05642,0.9907,-1.17602,-1.8756,0.658457,-1.08777,2.30493,0.254651,-0.555999,-2.44522,-2.12659,5.01657,0.144113,4.07285,-1.87848,-1.28115
2.19721,-4.37016,1.96464,2.31477,0.762754,-4.07274,0.754572,-0.939975,-4.60503,-2.33181,0.862349,-2.72698,-1.11795,-2.05527,1.7816,3.32059,0.583664,-1.01756,1.55175,1.50658,0.489078,-0.55576,-2.63479,-2.78757
1.63487,1.59176,0.61898,3.78602,0.562648,-6.77298,-0.909912,0.525976,-6.88099,-0.674814,0.472575,-2.81052,2.01479,-0.373765,1.25274,1.6845,2.13912,-3.85307,-2.02405,0.926135,1.27931,2.48116,-0.199807,-1.43234
-0.689549,0.596348,0.00559011,-0.630429,0.848101,0.439087,-0.163582,0.327631,1.01153,0.497239,-0.549444,0.13065,-0.164021,-0.352727,-0.218187,-0.510437,-0.679778,0.0668405,-0.896731,1.806,-1.02374,0.90987,0.556893,0.451982
0.485141,1.46671,0.399364,2.37366,-0.0188683,-4.68482,-1.84255,0.767767,-6.16159,0.688392,-0.67041,-2.07433,2.09382,-0.0935683,2.13337,0.149132,1.06141,-3.63132,-2.89335,2.96887,1.47831,4.20034,-1.07505,-1.07067
0.69687,6.32766,-0.545701,4.2532,2.06323,-8.40188,-0.68185,1.39433,-5.22996,-0.576162,0.633695,-2.30525,3.37856,0.225326,-1.5168,0.848497,3.13135,-4.58613,-4.20148,0.442017,-0.332236,2.51429,4.20016,0.810922
0.216054,1.43702,0.219868,1.34672,0.317116,-2.76401,-0.853306,0.601488,-3.05843,0.384075,-0.431014,-1.28408,1.2471,-0.150094,0.936825,0.020581,0.544229,-2.09359,-2.0139,1.86802,0.379841,2.52717,-0.0136261,-0.280345
1.50865,-5.28953,2.27856,1.00442,-0.485155,-2.24094,-1.67973,-0.234531,-6.46009,0.490961,-1.2002,-3.11144,-0.456859,-1.81465,4.99618,1.60291,-1.29916,-2.40182,-0.0266777,5.9792,1.71878,4.15087,-6.10299,-3.82953
0.588862,-1.6577,0.384833,-0.118921,-0.958683,0.718126,0.0872858,-0.42335,-0.50005,-0.346074,0.248727,-0.0412893,-0.388367,-0.00091031,0.743751,0.333451,0.00996077,0.413035,1.15512,-0.930233,0.974733,-0.573562,-1.44274,-0.848695
-0.855515,1.15712,-0.419032,-0.265512,-1.39333,0.466894,-1.74544,0.679636,-1.89961,1.85775,-1.33456,0.270233,1.58983,0.943671,1.65536,-1.97306,-0.0424365,-1.24359,-2.05753,1.79993,1.53135,3.48535,-1.13545,0.134416
-0.532292,2.27104,-0.858929,-0.24461,0.508821,0.469434,0.74182,0.170197,2.54044,-0.274773,0.426857,1.0063,0.188972,0.526746,-2.16166,-0.487251,0.391686,0.725646,-0.234026,-1.8882,-1.0403,-1.3893,2.58801,1.57138
-2.01028,-0.316104,-0.97078,-3.72989,-1.06137,6.94851,0.336811,-0.343548,6.39868,1.54575,-0.788778,3.12374,-1.09301,0.961303,-1.02105,-2.65724,-1.90562,3.42583,1.05583,-1.05467,-0.600351,-1.34675,0.356426,1.86277
0.656708,-2.88508,-0.0947046,-0.376995,-4.09097,2.93938,-0.755743,-0.645904,-1.84198,0.39136,0.162983,1.16539,0.429947,1.70558,2.74584,-0.956201,0.49177,0.779513,2.13938,-3.42107,4.25671,-0.265289,-3.98967,-1.25645
-1.11217,1.50949,0.109034,-0.615026,0.622042,-0.185568,-1.74839,0.422205,-0.823425,1.63655,-1.32423,-0.230318,1.02961,0.15779,0.960432,-1.55054,-0.093146,-1.14353,-2.19646,3.13406,-0.131473,3.24231,0.0390365,0.159505
-0.8019,6.73363,-1.46426,2.32368,-0.892626,-4.09586,-2.32442,1.62664,-4.67865,2.02351,-0.762114,-0.231628,4.46882,2.21993,0.370312,-2.37138,2.46897,-3.91746,-5.17213,-0.0190065,2.37103,4.89957,2.19989,1.33707
0.641004,-8.53561,1.9363,-3.89708,-1.18198,6.20149,0.383425,-1.69266,2.62464,-0.352046,-0.55055,0.381837,-4.4612,-1.48332,3.01039,1.01164,-3.38871,3.98466,4.30554,2.78174,-0.185377,-1.57899,-5.96742,-2.65412
-0.362597,5.06762,-1.06094,0.389675,2.221,-1.64581,1.9118,0.273474,4.26511,-1.5768,1.73366,0.717568,0.235892,0.244132,-4.98179,0.300827,1.11303,0.488888,-0.762491,-3.18801,-3.11421,-3.86346,5.99655,3.04808
0.378328,-0.989526,0.624326,0.187779,1.20746,-1.0228,0.325493,-0.0398199,-0.128336,-0.563364,0.107694,-0.852933,-0.871912,-1.09253,-0.148864,1.103,-0.473994,-0.186881,0.318805,1.49284,-1.18791,-0.285359,-0.0475183,-0.559821
-0.585494,1.37002,-0.100494,0.472772,-0.5014,-1.20005,-1.7853,0.703507,-3.13221,1.68141,-1.19983,-0.658829,1.67665,0.418285,1.8204,-1.18728,0.0508987,-2.093,-2.58171,2.95514,1.21942,4.04505,-1.10531,-0.163132
1.0619,1.24963,0.618759,2.59595,1.99721,-5.6156,-0.289732,0.55482,-4.12264,-0.701533,0.20711,-2.58382,0.853858,-1.18599,0.199286,1.73447,1.00331,-2.80372,-1.74217,2.46653,-0.777835,1.75534,0.713403,-0.912927
-0.562807,1.19199,-0.666513,-0.585852,-0.499666,1.50009,0.246195,0.126046,1.77823,0.135887,0.226964,1.13428,0.321493,0.828362,-0.930527,-0.808951,0.330318,0.83994,0.146427,-2.04442,0.207354,-0.959104,1.06992,1.02611
-0.0444363,-2.44364,-0.00678252,-1.57628,-1.3829,3.54788,0.791145,-0.884896,2.63533,-0.346279,0.387502,1.30908,-1.42075,0.340361,0.0414994,-0.102014,-0.671272,2.34028,2.57345,-2.30679,0.557072,-2.45327,-1.1791,-0.129416
-0.0234492,-3.89248,0.23604,-2.12407,-2.24156,5.03757,0.493698,-1.04488,2.31566,0.132872,0.00318324,1.64352,-1.68194,0.460849,1.13902,-0.520514,-1.22935,2.77714,3.19346,-2.12778,1.39358,-2.12821,-2.87122,-0.704299
0.0560816,-5.21114,1.04866,-2.5441,0.280825,4.45797,1.44153,-1.26028,4.06443,-0.711316,0.00637123,0.566547,-3.34038,-1.51375,0.190597,1.0295,-2.50499,3.27082,3.60086,0.742318,-1.49394,-2.97338,-2.25496,-0.968203
-1.3525,5.54088,-2.239,0.0572728,-1.5683,0.943327,-0.425026,0.764201,1.49202,1.05781,0.337531,2.19628,2.63466,2.73296,-1.8075,-2.71169,1.73288,-0.211219,-1.94472,-4.34358,1.36652,0.191537,3.38867,2.59606
-0.588715,0.159707,-0.207657,-1.0068,0.520777,1.59873,0.292189,-0.0507322,2.17739,0.173055,-0.126975,0.612976,-0.5757,-0.102616,-0.754096,-0.376476,-0.755093,0.958478,0.153122,0.227888,-0.868818,-0.585305,0.600706,0.633156
0.484951,-3.6049,0.984135,-0.149051,-2.10025,0.8739,-1.37741,-0.166164,-3.35191,0.871807,-0.892737,-0.65301,-0.0849127,-0.086816,3.5836,-0.112926,-0.793307,-0.662326,0.613192,2.03233,2.49428,2.39591,-4.60747,-2.10425
-0.108074,0.347176,-0.249325,-0.705421,0.604047,0.959207,1.02994,-0.304732,2.69706,-0.698804,0.560703,0.685429,-0.833842,-0.0475714,-1.6371,0.29324,-0.103452,1.37288,0.974327,-1.57157,-1.22935,-2.31416,1.56766,0.789604
0.147862,-2.56035,0.0872449,-2.26796,-0.138783,4.17758,1.99736,-1.45351,5.96922,-1.19405,0.778909,1.86819,-2.42682,0.089888,-2.27666,0.620211,-0.875534,3.42037,3.76985,-3.10309,-1.44505,-5.49962,0.663741,0.449786
0.118239,0.737199,-0.23109,0.430486,-0.427418,0.196105,-0.695885,0.450737,-0.175316,0.489533,-0.153122,0.313928,0.993138,0.814688,-0.32616,-0.907543,0.500445,-0.307014,-0.203698,-0.982118,0.652412,0.159914,0.490058,0.381711
-0.615383,4.45665,-1.68137,1.15763,-3.07696,-0.094407,-1.29219,0.708043,-2.04303,1.27387,0.246937,1.62369,3.43862,3.22435,0.132659,-2.65562,2.53373,-1.32763,-1.84794,-4.60284,3.63223,1.53651,1.13881,1.48893
-0.498554,2.99433,-0.411406,1.20899,0.272711,-2.45564,-1.18798,0.901543,-2.57852,0.978251,-0.577374,-0.639847,1.88621,0.389863,0.34328,-0.887778,0.737185,-2.24276,-2.81007,1.60881,0.499357,2.94758,0.934341,0.484812
0.833015,-4.57216,0.516326,-2.33814,-0.3962,3.13391,1.52672,-1.76391,3.14539,-1.10257,0.520832,0.993393,-2.82748,-0.554465,-0.215059,0.716347,-1.24391,2.86845,3.61924,-1.49041,-0.351259,-3.32772,-1.67642,-0.632412
-1.02671,4.87674,-0.779017,0.98902,1.77127,-2.59548,-0.501147,1.20852,-0.24309,0.667435,-0.476595,-0.410884,1.71951,0.179274,-1.49111,-0.880285,0.760734,-1.80175,-3.33966,1.56327,-1.43635,1.99017,3.48008,1.63794
-0.176696,-1.77509,-0.265722,-1.48836,-1.89286,3.69082,0.23365,-0.599091,2.02612,0.195573,0.131682,1.57916,-0.706414,0.89037,0.409985,-0.822332,-0.45101,2.00301,1.8999,-2.50756,1.30476,-1.56384,-1.35062,0.130908
0.843465,-5.08913,0.853787,-1.76152,0.0815996,3.54555,2.13073,-1.54547,4.20548,-1.84325,1.06192,0.70176,-3.39732,-1.12875,-0.659922,1.87653,-1.48771,3.58522,4.67385,-2.00403,-1.40729,-5.09465,-1.49685,-0.930162
0.852453,-4.33369,1.13913,-0.84169,0.151479,1.24214,0.729364,-0.900619,0.700819,-0.904919,0.194989,-0.488238,-2.20849,-1.33002,0.925046,1.5329,-1.28227,1.34578,2.50431,0.746555,-0.568271,-1.63715,-2.36051,-1.54158
0.733639,-3.37645,0.800186,-0.44351,-0.0148747,0.918055,0.83766,-0.744198,0.69037,-0.957157,0.405749,-0.250576,-1.58689,-0.822497,0.443226,1.33709,-0.788328,1.25828,2.28599,-0.138775,-0.310861,-1.93327,-1.55609,-1.09855
0.0759348,-0.173807,-0.371002,-0.0165484,-2.04659,1.14615,-0.325049,-0.16081,-0.817651,0.491262,0.129555,0.849668,0.813352,1.35213,0.879516,-0.969513,0.635944,0.121755,0.547821,-2.18229,2.19392,0.155413,-1.15841,-0.0998724
1.81601,-3.90158,1.2053,0.775928,-0.163852,-0.820895,1.30162,-1.10812,-0.933793,-2.29693,1.50746,-0.965692,-1.70266,-0.949681,0.391881,2.72392,0.291093,0.750005,3.38838,-1.9993,0.277865,-3.17787,-1.81811,-1.83415
0.889884,-3.91584,0.784148,-1.23188,0.345204,2.32639,2.02493,-1.18091,3.33266,-1.83938,1.06854,0.438287,-2.77915,-1.06191,-0.831734,1.81591,-1.0107,2.83361,3.91353,-2.04703,-1.33586,-4.36885,-0.816036,-0.664215
0.338976,-0.950063,0.0897028,0.0649833,-0.717362,0.458326,0.147576,-0.249138,-0.181329,-0.270426,0.320525,0.0396762,-0.251234,0.25982,0.316406,0.144484,0.116328,0.352479,0.932011,-1.00825,0.602696,-0.572243,-0.726462,-0.391287
-0.930444,6.14768,-1.20236,1.62369,0.650272,-3.48303,-1.30861,1.5505,-2.29171,1.16585,-0.571176,-0.29708,3.07759,1.08027,-0.881496,-1.66704,1.72838,-2.88104,-4.38828,0.826305,0.180824,3.49654,3.2501,1.71076
1.28122,-3.39167,1.68677,0.477826,2.29722,-2.13046,0.823465,-0.475324,-1.113,-1.48275,0.213348,-2.31101,-2.02523,-2.59086,0.433016,2.86988,-1.09523,-0.287451,1.22503,3.34971,-2.18901,-0.66564,-1.20054,-1.88754
-0.497641,3.57653,-1.39059,0.0975801,0.52403,0.123826,1.2591,0.13978,3.45111,-0.841442,1.10097,1.48131,0.507504,1.10185,-3.43134,-0.432227,1.26405,1.03616,-0.0164269,-4.27921,-1.03416,-2.88195,4.2215,2.21016
-0.307976,0.840119,-0.00293568,-0.158888,1.28833,-0.226823,0.349362,0.135549,1.28223,-0.0932274,0.00274208,-0.104617,-0.334817,-0.441485,-1.06845,0.284163,-0.349132,0.190166,-0.38501,0.931813,-1.5546,-0.361726,1.40977,0.613214
-0.414424,8.02519,-1.67372,3.45542,-0.144882,-5.84964,-1.61729,1.73063,-4.745,0.904324,0.200301,-0.602775,4.71058,2.14899,-0.957809,-1.53045,3.46539,-4.2261,-4.97157,-1.75001,1.7121,3.60453,4.06969,1.77056
1.07742,-5.17553,1.34779,-1.5235,0.216154,2.76603,1.85097,-1.29728,3.20516,-2.24206,1.232,-0.600198,-3.53242,-1.55577,-0.306418,2.11848,-1.15893,3.02264,4.67681,-1.25607,-1.45524,-4.63445,-1.42385,-1.74283
-0.991234,3.10699,-1.18396,0.591783,-2.50841,0.433103,-1.93188,0.876824,-2.30211,2.09314,-0.699899,1.09072,2.8392,2.34631,1.2615,-2.84378,1.21684,-1.34287,-2.4813,-1.30664,3.11997,3.19992,-0.182067,0.889708
1.23084,-4.9752,1.19818,-0.341413,-0.96996,1.35115,0.502692,-1.09745,-0.76822,-0.960651,0.432491,-0.425242,-1.91049,-0.841483,1.74559,1.4599,-0.808155,1.18154,3.10004,-0.268968,0.86363,-1.55998,-3.49181,-2.02893
-0.227274,-2.46912,0.477694,-1.14358,-1.17894,2.2609,-0.699634,-0.300828,-0.317952,0.96137,-0.832956,0.244801,-0.490922,-0.179453,2.01541,-0.695136,-1.19075,0.434269,0.640624,1.70261,0.942243,1.27097,-2.84383,-0.88096
-1.77007,1.66395,-0.94328,-2.17043,0.422058,3.57753,0.280994,0.246275,4.86965,1.07414,-0.662341,1.96997,-0.369285,0.40851,-1.73085,-1.88745,-1.03089,1.9,-0.504318,-0.0747937,-1.5771,-0.591928,2.12707,2.09993
-1.73612,11.5031,-2.99195,2.34349,-0.202198,-4.04925,-0.95996,2.33487,-2.01212,1.70086,0.0642256,1.6729,5.64675,3.55132,-2.59586,-3.18125,4.13579,-3.38678,-6.04022,-4.11923,1.22952,2.7674,6.99939,4.20239
-1.69873,0.527536,-1.291,-3.22817,-0.983722,6.48811,1.06858,-0.466886,7.2995,0.603133,-0.0378888,3.46601,-1.21172,1.40562,-2.34318,-2.20827,-1.20797,3.92487,1.53486,-3.3614,-0.852891,-3.20931,1.77355,2.34669
1.3545,-6.85601,1.82458,-1.18756,0.203911,1.99381,1.08769,-1.41926,0.816343,-1.37558,0.304777,-0.841341,-3.21658,-2.04442,1.57819,2.39453,-2.00419,2.04535,3.97954,1.38647,-0.757915,-2.39542,-3.85912,-2.46325
0.157732,4.21363,-0.288358,2.04684,2.85788,-5.07012,0.271571,0.905278,-1.11132,-0.662999,0.300667,-1.4151,1.186,-0.663478,-2.21944,0.900088,1.31404,-2.06375,-2.58069,1.28234,-2.26942,0.6935,3.99358,1.03556
1.19479,-4.20065,1.36535,0.219711,-0.845998,-0.0275554,-0.223808,-0.692793,-2.54968,-0.448424,0.011304,-1.1191,-1.00892,-0.881802,2.36165,1.29369,-0.626747,-0.0622585,1.84705,1.08513,1.21698,0.177615,-3.83148,-2.34768
-0.161542,-0.645112,0.48249,-0.375621,1.67635,-0.229628,0.40439,0.0577528,1.11814,-0.26748,-0.225173,-0.572925,-0.970956,-1.31457,-0.490811,0.654144,-0.899558,0.207419,0.0264726,2.31968,-1.88051,-0.195745,0.327576,-0.0630788
-1.43389,0.999275,-0.919407,-1.82619,-1.25119,3.70336,-0.386409,0.144811,2.70063,1.53574,-0.676839,2.06205,0.411929,1.34975,-0.23108,-2.33563,-0.596283,1.29394,-0.458171,-0.852922,0.684756,0.4176,0.315685,1.31332
0.907365,-0.795504,1.16065,1.33709,1.77744,-2.65123,0.166023,0.0876834,-1.87562,-0.287731,-0.0924708,-1.96122,-0.221391,-1.27535,0.5926,1.88036,-0.393638,-0.792969,-0.114956,2.73804,-0.972474,1.11745,-0.159955,-0.930693
-1.60507,0.990338,-0.638296,-2.24534,0.801107,3.18835,0.243085,0.211615,4.45161,0.977824,-0.84368,1.41156,-0.672935,-0.0394358,-1.35441,-1.48912,-1.38429,1.62443,-0.617054,1.43292,-1.96091,-0.132363,1.52435,1.65577
0.137075,0.816639,-0.170998,0.561712,-0.331191,-0.758614,-0.137173,0.0622811,-0.670328,-0.123277,0.300603,0.00603259,0.622408,0.469194,-0.154618,-0.0135985,0.686461,-0.453323,-0.261514,-1.1426,0.5852,-0.164849,0.438983,0.113903
-0.109786,1.39567,-0.6594,0.741451,0.810604,-1.19964,0.0237289,0.62544,0.0882594,-0.227303,0.294247,-0.496789,0.593891,-0.118723,-0.802828,-0.168163,0.121554,-0.416784,-0.345916,0.0618882,-0.702669,-0.273907,1.65021,0.729807
-0.0403033,1.99988,-0.0489029,1.34222,1.00662,-3.00807,-0.687169,0.703848,-2.24846,0.312451,-0.434221,-1.22706,1.17081,-0.349883,0.128825,0.0961697,0.451415,-1.89383,-2.20214,2.10981,-0.351309,2.19387,0.99709,0.0539642
0.295529,-2.27122,1.04626,-0.246848,0.906132,-0.361639,-0.253849,-0.158421,-0.892049,0.00365923,-0.459031,-1.11111,-0.963974,-1.35838,1.2481,0.870126,-1.02831,-0.210505,0.277532,3.03407,-0.714496,0.911351,-1.58752,-1.19578
-0.0577641,-2.17542,0.140531,-1.05927,-0.481942,2.43426,0.410092,-0.348747,2.07028,-0.0681258,-0.17753,0.108145,-1.56856,-0.520188,-0.200143,-0.231243,-1.00026,1.81261,1.17823,-0.24955,-0.174363,-1.244,-0.506064,-0.353675
-0.383774,-2.65492,0.174226,-1.97882,-0.115005,3.53707,0.688257,-0.674869,3.26972,-0.0262292,-0.218133,0.943434,-1.83708,-0.467456,-0.0732312,-0.102789,-1.65397,2.24847,1.79575,0.291969,-0.796909,-1.61143,-0.941784,0.00096747
-0.822249,2.13843,-0.40976,-0.209565,0.909464,-0.393579,-0.606696,0.636813,0.379681,0.954148,-0.831104,-0.00992684,0.718935,-0.0619958,-0.278882,-1.03667,-0.276222,-0.711202,-2.16841,2.09007,-0.86282,1.79641,1.25437,0.942711
-0.256096,0.39409,-0.293884,-0.400513,-0.0998803,0.832224,0.343848,0.0509944,1.21037,-0.0880769,0.323345,0.699824,-0.0812697,0.321429,-0.642833,-0.26676,0.0874102,0.636384,0.267846,-1.11784,-0.163411,-0.865822,0.674917,0.55808
1.25628,0.941067,0.665488,2.40016,2.88178,-5.62815,0.736352,0.237734,-2.25511,-1.8028,0.899343,-2.41453,-0.113241,-1.76221,-1.20828,2.59218,0.988951,-1.86341,-0.734465,1.37734,-2.05709,-0.479078,1.91352,-0.654684
-0.560402,1.21067,-0.508296,0.0393469,-1.61493,0.332776,-1.36536,0.374947,-1.7943,1.39575,-0.679082,0.442957,1.4973,1.19325,1.30501,-1.69937,0.274152,-1.01868,-1.42756,0.153972,2.02026,2.44361,-0.901409,0.131441
1.0028,3.7085,-0.700302,3.51434,-1.89869,-5.11219,-1.63031,0.789048,-6.77856,0.248232,0.538415,-0.968049,3.67641,1.83169,1.27173,-0.439369,3.28288,-3.68305,-2.45504,-2.52354,3.63932,2.88389,0.215776,-0.211137
1.66811,-2.06299,1.85812,2.37727,2.19642,-5.67205,-0.421134,0.148803,-5.44992,-0.947079,-0.163816,-3.62755,-0.3673,-2.30905,1.76762,2.76138,-0.0362854,-2.92001,-0.873351,4.86522,-0.866036,2.20274,-1.78187,-2.43016
-0.667679,3.57901,-0.805434,0.155427,1.57317,-1.14201,0.304266,0.612316,1.70214,0.0325415,0.140115,0.354573,0.69574,0.161551,-2.17332,-0.465639,0.505871,-0.309913,-1.59729,-0.382294,-1.66412,-0.220658,3.36301,1.64684
0.202876,-2.8532,1.13177,-1.53097,3.72446,0.882597,2.03903,-0.572206,4.60893,-1.48912,0.189153,-0.753425,-3.48135,-2.87609,-2.11605,2.26182,-2.38277,2.21732,2.0105,3.11834,-4.76043,-3.03064,1.02793,-0.165025
2.52379,-3.85361,1.58737,1.33682,2.8787,-3.37646,2.64729,-1.12205,0.198904,-3.71422,2.08792,-2.15412,-2.98351,-2.73059,-1.58384,4.8503,-0.0219779,0.769087,3.52009,-0.557994,-2.89957,-4.76506,0.285793,-1.95159
0.478866,-1.42049,0.626839,0.0639659,0.775713,-0.555366,0.243626,-0.131824,-0.18742,-0.436304,-0.0648525,-0.724761,-0.814609,-0.911062,0.194971,1.01104,-0.525559,0.0108205,0.498524,1.27014,-0.817026,-0.298602,-0.622196,-0.638695
-0.501645,-3.67564,0.319365,-2.40603,-2.15525,5.16053,-0.199813,-0.684544,1.9378,0.972272,-0.711831,1.47465,-1.34185,0.336736,1.76515,-1.22427,-1.71557,2.20501,2.00494,0.105234,1.20958,-0.255603,-3.32072,-0.549659
-1.69386,4.05726,-1.51567,-0.98557,0.286167,1.66655,0.0800275,0.579528,3.44461,0.908963,-0.19073,1.88907,1.02073,1.25139,-2.27489,-2.06615,0.200892,0.717763,-1.73233,-1.51556,-0.943502,-0.179681,3.50007,2.5288
2.66529,-7.51058,2.59198,1.17222,-1.38789,-0.758542,-0.180801,-1.23391,-5.17077,-1.43246,0.595198,-2.31965,-2.18222,-1.89884,4.01429,3.02769,-0.488584,-0.762595,3.05293,2.02218,1.58649,0.323988,-5.94295,-4.10373
1.26736,-0.164931,-0.221272,1.61312,-1.84658,-1.25888,0.434777,-0.393636,-2.03901,-1.19126,1.42755,0.172593,0.79212,1.09083,0.0939707,0.844068,1.98198,-0.283409,1.54501,-4.88364,2.29275,-1.90601,-0.343488,-0.548825
0.0370132,-6.7414,0.899571,-3.42676,-1.18016,6.88811,1.66512,-1.73611,5.40067,-0.672684,0.223531,1.73479,-3.92317,-0.863674,0.504426,0.503122,-2.71663,4.57575,5.11771,-1.19436,-0.569082,-4.23201,-3.29666,-1.00717
-1.14387,-1.02881,-0.714237,-2.82916,-0.0605187,5.50245,1.5962,-0.675681,6.90907,-0.261592,0.334277,2.57597,-2.01424,0.260229,-2.27964,-0.73128,-1.36016,3.85144,2.43654,-2.69665,-1.68169,-4.00495,1.45382,1.60905
1.19877,-2.48061,1.3092,1.00341,1.19444,-2.4998,0.111663,-0.315355,-2.3646,-0.999644,0.129186,-2.08221,-0.976267,-1.71329,1.08377,2.11084,-0.476784,-0.919971,0.618862,2.7216,-0.676165,0.337525,-1.53453,-1.82539
0.92013,-1.14891,0.525062,0.678201,0.315971,-1.02314,0.556916,-0.418009,-0.609507,-1.08379,0.50571,-0.721368,-0.560132,-0.553253,-0.0266645,1.31465,0.220871,-0.0162873,1.11742,-0.380529,-0.190861,-0.977423,-0.263896,-0.739115
0.8778,-5.97006,0.99378,-1.6972,-1.6151,3.906,0.811707,-1.34683,1.32764,-0.746865,0.300166,0.583823,-2.47143,-0.592058,1.59723,0.937366,-1.5121,2.62604,3.99806,-1.0149,0.863261,-2.50135,-3.97182,-1.79584
-0.461116,1.48496,-0.614892,-0.480845,0.351433,0.676367,0.543269,0.0894263,2.27594,-0.146255,0.380968,0.884376,-0.0221216,0.320591,-1.77398,-0.405186,0.195325,0.782847,0.0473033,-1.56583,-0.863712,-1.46434,2.01499,1.17454
0.659393,3.31684,-0.272097,2.17981,2.04369,-4.60388,0.854225,0.359557,-0.8958,-1.42859,1.15334,-1.05831,0.853341,-0.246107,-2.43046,1.54312,1.88675,-1.46965,-1.056,-1.49123,-1.5105,-1.16371,3.747,0.801017
-0.193222,2.4467,-0.864045,0.531747,-1.1013,-0.266146,-0.432368,0.363894,-0.633199,0.386295,0.27379,0.848346,1.57758,1.53698,-0.352403,-1.21384,1.17173,-0.498349,-0.903838,-2.34796,1.42951,0.256482,1.02505,0.840162
-1.48403,0.501061,-1.13269,-2.65874,-0.404323,5.24463,1.26282,-0.587979,6.4621,0.0117214,-0.0742055,2.60026,-0.798354,1.01288,-2.58561,-1.94397,-1.355,3.56644,1.78365,-3.42421,-0.968792,-3.32561,1.83048,2.33556
1.08948,-4.96422,1.84997,0.41666,-1.26536,-0.707421,-1.70304,-0.207555,-5.48948,0.785309,-1.15789,-2.04358,-0.440922,-1.08918,4.61953,0.728492,-1.21767,-1.61889,0.28306,4.46634,2.27213,3.55463,-5.95071,-3.22684
1.15885,-4.28027,0.95416,-0.371194,-0.978021,1.18348,0.725337,-1.09466,-0.20208,-1.06198,0.566579,-0.294665,-1.6326,-0.671883,1.31947,1.43802,-0.620633,1.22609,3.00227,-0.921511,0.78248,-1.94574,-2.90846,-1.75879
0.588314,1.9631,-0.732329,1.2866,-0.928046,-1.19444,0.109527,-0.145427,-0.79059,0.276485,0.506851,0.431621,1.23471,1.2039,-1.09761,-0.507936,1.56021,-0.601939,-0.122496,-3.71105,1.57199,-0.803237,1.20078,0.37447
-0.729198,5.69656,-1.71584,1.24775,-0.249054,-1.74063,-0.214763,0.857135,0.0310164,0.264647,0.519256,0.856853,2.54404,1.9445,-2.09244,-1.38934,2.27341,-1.14479,-2.3515,-3.46632,0.546265,0.204841,3.8642,2.12046
-0.0839802,-0.901389,0.127038,-0.880978,1.29023,1.01324,0.879443,-0.283201,2.71325,-0.632568,0.211391,0.073324,-1.4573,-0.89391,-1.1242,0.738166,-0.841732,1.3409,0.987908,0.515422,-1.9127,-1.6761,0.818718,0.388207
2.21634,-8.24176,2.60222,0.149001,-0.703708,-0.0782845,-0.0819385,-1.28474,-3.81945,-1.03122,-0.241432,-2.40153,-2.52623,-2.16343,4.11047,2.83464,-1.70121,0.100581,3.33508,3.17915,1.19386,0.187716,-6.54041,-4.21356
0.0603791,0.371785,0.333586,0.514231,1.11139,-1.42872,-0.161019,0.270619,-0.462836,-0.0368958,-0.126459,-0.743577,-0.153026,-0.682171,-0.0825629,0.498009,-0.169102,-0.682504,-0.83503,1.7951,-1.0146,0.71342,0.4135,-0.172688
-1.01334,3.85583,-1.17497,-0.030865,1.79277,-0.629074,0.739053,0.556484,2.9648,-0.11029,0.236817,0.79493,0.410576,0.238903,-2.91526,-0.536148,0.630639,0.230411,-1.41455,-0.850974,-2.16613,-0.898839,4.32449,2.1295
1.2093,-9.65667,2.64542,-2.60529,0.402589,3.95196,1.15978,-1.72559,1.87688,-1.09047,-0.391845,-0.891533,-4.86291,-2.97742,2.59709,2.70658,-3.62876,3.08063,4.89561,3.70607,-1.44286,-2.34688,-5.83966,-3.15041
0.282821,-0.151101,0.218149,0.547976,-0.299633,-0.986979,-0.311609,0.083913,-1.46363,-0.0189041,0.102037,-0.441437,0.365048,-0.0703983,0.554619,0.249905,0.359653,-0.603955,-0.236594,0.0690132,0.545809,0.634478,-0.503917,-0.46806
-0.70859,6.34262,-1.40411,2.23991,-0.0441137,-4.17916,-1.75364,1.60785,-3.70178,1.49246,-0.500726,-0.381347,3.72921,1.53691,-0.330345,-1.71681,2.21402,-3.60586,-4.71398,0.360654,1.23424,4.08233,2.7812,1.43085
-1.08437,2.78069,-0.699406,-0.0918151,-0.246667,-0.0976399,-0.959224,0.80819,-0.352009,1.40968,-0.759073,0.518939,1.55452,0.819076,-0.0652582,-1.65835,0.260573,-1.00819,-2.3276,0.851228,0.51752,2.21227,1.04453,1.08538
-1.03068,1.69403,-1.06779,-0.45312,-2.96681,2.08739,-1.58867,0.290423,-1.15269,1.91812,-0.676259,1.45278,2.10162,2.22856,1.47971,-2.80723,0.664868,-0.411679,-1.33585,-1.61107,3.17796,2.32676,-0.97175,0.659137
0.476892,1.0276,-0.108067,1.17027,-0.0545486,-1.79148,0.0274438,0.11586,-1.44136,-0.451229,0.500606,-0.368934,0.76961,0.378655,-0.184432,0.536491,1.00572,-0.764589,-0.257953,-1.27258,0.479233,-0.116198,0.675783,-0.104637
-1.53614,3.65529,-1.16075,-0.412744,-0.940271,0.642877,-1.6163,1.00168,-0.554169,2.25701,-1.23196,0.982197,2.1668,1.51561,0.389082,-2.75827,0.325772,-1.09265,-3.05693,0.864143,1.17705,3.32717,0.964423,1.55569
-1.09933,-1.43052,-0.146313,-2.61089,0.593061,4.31222,0.949267,-0.396217,5.21396,0.291515,-0.468673,1.4707,-1.90704,-0.612077,-1.20165,-0.592786,-1.96533,2.843,1.32151,0.637001,-1.9709,-1.80621,0.389013,0.918892
0.0689116,-1.69683,-0.144834,-1.17756,-0.843745,2.87275,1.01144,-0.769994,2.69168,-0.636392,0.634452,1.31742,-1.18105,0.334655,-0.668862,0.0993884,-0.362905,2.19035,2.31658,-2.69989,0.10422,-2.70519,-0.350831,0.196171
-0.691925,1.36047,-0.46563,-0.195886,-0.613456,0.593459,-0.848694,0.329796,-0.353113,1.15845,-0.672442,0.513721,0.998244,0.73258,0.542106,-1.3325,0.0164517,-0.458732,-1.33341,0.598827,0.713558,1.7025,-0.0246757,0.450476
-0.595667,-0.462016,-0.236899,-1.64583,1.11245,2.55238,1.56477,-0.328956,4.97843,-0.73145,0.471071,1.24515,-1.70864,-0.354307,-2.24645,0.212795,-0.922151,2.48343,1.51377,-1.30205,-2.30368,-3.18971,1.77981,1.15428
-0.134177,0.907947,0.0624471,0.231452,0.335861,-0.213413,0.0195122,0.451376,0.0575789,0.142246,0.435864,0.245546,0.515619,0.355657,-0.691435,-0.401726,-0.227472,-0.26038,-0.522163,-0.139379,-0.0595424,0.11388,0.430815,0.569327
0.484016,-6.13154,0.884335,-2.1442,-1.18975,4.26317,0.925321,-1.24342,2.18888,-0.146513,0.0456213,0.553444,-2.40831,-0.305494,1.263,0.522466,-1.75128,3.55383,4.25244,-0.865161,0.475495,-2.55248,-3.70253,-1.17897
1.05394,1.78377,0.241665,2.40357,1.47101,-4.69395,0.407883,0.303042,-2.63973,-1.28941,0.78043,-1.66351,0.672877,-0.527209,-0.85906,1.68921,1.48109,-1.97378,-0.894593,-0.0636302,-0.732115,0.0129188,1.82661,-0.252267
0.567291,2.55933,-0.438795,1.92335,0.66235,-3.50281,0.252566,0.313651,-1.69183,-0.850573,0.901681,-0.700928,1.21407,0.278324,-1.12941,0.810881,1.81949,-1.51772,-0.895857,-1.69669,-0.0812686,-0.357767,2.05836,0.376914
-0.36143,0.579807,-0.00267716,-0.451583,1.13773,0.0565927,0.275701,0.184621,1.38772,0.0973203,-0.299908,0.0800759,-0.355522,-0.513868,-0.785146,-0.0886894,-0.496893,0.284228,-0.470512,1.26873,-1.43101,-0.0598267,1.04012,0.517376
-0.222808,0.85299,-0.257716,-0.00870136,0.0867535,0.00584569,0.0524035,0.127449,0.550044,0.0236803,0.0420556,0.260773,0.293005,0.320862,-0.474371,-0.386407,0.230352,0.0578838,-0.236819,-0.511268,-0.0375351,-0.197568,0.682272,0.488013
-0.968126,4.78197,-1.07906,1.23011,-0.285651,-2.29512,-1.77314,1.17421,-2.58097,1.77224,-0.877077,-0.120818,3.01486,1.30645,0.272208,-1.9444,1.30379,-2.65666,-3.92966,0.951284,1.17212,3.96191,1.51844,1.21785
2.27789,-4.61139,1.53784,1.23799,0.451856,-1.87409,1.40129,-1.1314,-1.60317,-2.57562,1.436,-1.81572,-2.09645,-1.65311,0.588962,3.38844,0.128469,0.493487,3.42779,-0.984144,-0.218986,-3.08823,-2.04508,-2.24775
-1.19233,-1.7933,-0.159047,-2.6884,-1.37897,5.47099,-0.0943691,-0.416758,3.69836,1.31073,-0.860476,2.08346,-1.11577,0.581784,0.471721,-1.77926,-1.71096,2.5073,1.23994,-0.00709763,0.288027,-0.51328,-1.47772,0.583044
-1.17365,-1.86595,-0.24407,-3.00075,-0.591391,5.5391,0.702083,-0.620411,5.08045,0.533335,-0.366952,2.08653,-1.71824,0.25565,-0.589455,-1.17636,-1.83699,3.1527,1.7786,-0.614523,-0.833518,-1.81425,-0.417164,0.872406
-0.615231,-0.56334,-0.314332,-1.3134,-0.731392,2.78933,0.0841652,-0.237574,2.17661,0.439769,-0.179026,1.21179,-0.54505,0.423536,-0.142515,-0.897537,-0.642977,1.37175,0.721021,-0.745284,0.169976,-0.647188,-0.283502,0.471269
1.25898,-0.310475,0.812894,-3.52442,-2.17117,1.29753,0.632771,-0.870788,8.45293,-0.892598,2.95241,2.55018,-3.96419,0.284417,-4.90495,-1.46745,-2.68274,-0.061502,3.049,-4.81729,-0.669688,-5.62086,0.673165,0.723017
-0.43373,0.901789,-0.29934,-0.341097,0.0969351,1.34831,0.202713,0.0917625,1.44274,0.469109,0.474344,0.680466,0.194556,0.786317,0.168653,-0.378383,-0.130336,0.964261,-0.247457,-1.3639,-0.418885,-0.346407,1.03631,0.402412
1.01906,-3.15769,1.24645,-0.0775252,-0.968277,-1.1441,-0.073792,-0.606235,-0.675038,-0.550434,0.264342,-0.744784,-1.74393,-1.08368,0.0713604,0.639824,-0.892492,-1.03614,1.30544,1.12333,0.710888,-0.701408,-2.83345,-1.0513
0.207496,-6.03055,0.884702,-0.315405,0.528088,2.67257,1.01284,-0.979391,-1.42115,-0.694423,-1.00821,-1.00994,-1.51744,-1.48986,3.00927,2.06269,-0.83854,2.49284,2.6341,2.54654,-0.0602026,-0.371013,-3.66758,-1.85468
1.01413,-7.00761,1.69284,-0.0880811,-0.343335,0.801617,0.566891,-1.14114,-1.92698,-0.965033,-0.650167,-1.48746,-2.32754,-2.02791,2.31584,2.09288,-1.2497,0.904734,3.01838,3.04337,0.598617,-0.744362,-5.23182,-2.28912
-0.0271543,3.96407,-0.429961,0.976469,-0.147995,-3.08936,-0.984154,0.855513,-1.04234,0.548997,0.48133,-0.0610305,1.51087,0.855026,-1.12131,-1.0718,0.874955,-2.65451,-2.37102,-0.652508,0.539491,1.38843,1.90192,0.838225
0.615968,-0.464974,0.482871,-0.0966861,-0.965489,-1.5883,-0.0788595,-0.1824,0.338945,-0.291412,0.411801,-0.00196598,-0.952074,-0.294008,-1.32529,-0.274694,-0.427178,-1.51885,0.359453,-0.0623253,0.473991,-0.796631,-0.900193,0.146748
0.821384,0.413185,0.440858,-1.14153,-0.23735,0.288474,-0.0574134,-0.130484,2.34051,-0.0127209,1.36824,0.458959,-0.962504,0.243076,-0.563795,-0.124183,-1.02484,0.0520091,0.787748,-1.64575,-0.495437,-1.13026,0.750638,-0.610993
-0.988787,0.546178,-0.856059,-0.152439,0.618004,1.88215,0.521335,0.147435,0.606869,0.212127,-0.656833,0.601239,0.743842,0.314518,0.378437,-0.0932461,0.534678,1.71572,-0.161202,-0.200116,-0.497967,0.0510586,1.10063,0.779112
0.879832,-0.968477,0.998698,-0.307309,-1.66895,-2.91528,-0.15243,-0.236633,0.475545,-0.240459,0.9339,0.378141,-1.06688,-0.430727,-2.76031,-0.739103,-0.639041,-2.43797,0.43699,-0.248422,1.08306,-1.18822,-1.53059,0.339115
-0.353481,0.798258,-0.242447,1.72134,-0.702478,-3.30284,-0.472836,0.445991,-3.07541,-0.0452886,-1.04894,-0.752292,0.869078,-0.206298,-0.998243,-0.58435,1.26565,-2.58293,-1.79399,1.67377,1.44232,1.24962,-1.10716,1.3094
-0.0922236,1.19065,-0.260228,0.898445,-0.205467,-1.91812,-0.401361,0.360733,-1.52124,0.171733,-0.277145,-0.380187,0.89422,0.0822402,-0.36626,-0.40233,0.6579,-1.51129,-1.19322,0.479024,0.565265,0.977744,0.0711064,0.441813
-1.49333,-0.162412,-1.10338,-1.8484,-0.425749,3.97432,1.37225,-0.506345,5.13592,-0.220517,-0.239964,2.35904,-1.05411,0.480157,-2.68381,-1.18739,-0.330262,2.94288,1.29308,-2.3628,-0.76409,-3.31458,1.14008,2.49343
-1.39394,-4.46742,-0.201477,0.542311,-0.568232,1.25906,1.0415,-0.480076,-1.19722,-0.36996,-2.24364,0.062459,-1.61368,-1.88393,-0.571651,0.204856,0.394977,1.00789,1.66585,2.00355,1.20556,-0.922096,-3.78509,1.80124
1.14462,-3.02693,1.12794,-1.33186,-0.0119754,1.83752,0.369331,-0.797766,1.57507,-0.477127,0.943724,-0.0844584,-1.96441,-0.778879,1.14318,1.0342,-1.54199,1.37407,2.4381,-0.314728,-0.730191,-1.34464,-1.41889,-1.92216
-0.688349,-3.87206,0.0397447,-1.35778,-0.235098,3.64234,1.36686,-0.888388,2.27103,-0.603353,-0.649851,0.924194,-1.75142,-0.764773,-0.206069,0.471409,-0.77686,2.85517,2.52514,0.100787,-0.402134,-2.48222,-1.78175,0.494073
-0.954433,3.31273,-0.994671,1.76999,-1.98966,-5.2901,-0.604218,0.66788,-1.48617,0.0180143,-0.67787,0.280246,0.984889,0.476169,-4.63978,-2.34665,1.76896,-4.66532,-2.97448,0.187833,2.06997,0.147613,-0.209807,3.7983
0.821818,-3.64804,1.09402,-0.331966,0.966939,1.77524,0.160619,-0.430163,-1.37201,-0.271135,-0.114582,-1.1622,-0.786342,-0.886635,3.40564,1.94301,-0.879987,1.77972,1.77437,1.39134,-0.558356,0.499088,-1.82961,-2.69673
0.207329,-7.72415,1.18063,-1.47222,-1.82712,2.06397,1.52343,-1.71088,2.00022,-1.49201,-0.838913,0.326965,-4.05999,-2.13014,-1.62731,0.776332,-1.66388,1.27454,4.01802,1.1987,0.864564,-4.13251,-5.85092,0.356028
-1.10378,-2.18131,-0.582065,-0.939489,0.932747,4.72296,1.36097,-0.3973,1.57147,-0.125926,-0.918614,0.805138,-0.166104,-0.0786872,1.27312,0.645714,-0.172207,3.96738,1.62393,-0.0149603,-0.997738,-0.989772,-0.0125584,0.184096
-0.339936,-7.37456,1.11663,2.72975,0.56835,-1.42046,0.254983,-0.370283,-8.51792,-0.755344,-2.77184,-3.00962,-0.044278,-2.79939,5.2403,2.99806,0.760838,-0.361389,0.337765,6.81826,1.65211,3.12755,-6.32574,-1.92509
-0.0911279,1.28735,-0.267722,-0.00115381,-1.68125,-2.1012,-0.027216,-0.0495162,1.83947,-0.224528,0.413824,0.941279,-0.921851,0.170579,-4.00712,-1.59082,0.165926,-2.33347,-0.539553,-1.17917,0.952146,-1.85018,-0.210709,2.34588
1.20126,-3.03665,1.19764,-0.810004,-0.0641002,0.699454,0.0895183,-0.675794,0.268333,-0.411218,0.694734,-0.621503,-1.64565,-0.792426,1.47578,1.19333,-1.35679,0.615032,2.00989,0.497958,-0.294948,-0.659476,-1.79167,-2.01579
-0.0850066,0.551568,-0.193978,1.54165,1.59246,-0.648812,-0.489499,0.492733,-4.25226,0.410608,-0.973311,-1.48807,2.13239,0.121778,3.34743,1.07251,1.13489,0.0931432,-1.41223,2.08118,-0.0644174,3.2764,0.189684,-1.30631
0.0418298,3.28915,-0.53891,-0.698228,1.45238,1.93255,-0.210165,0.447661,1.53463,0.751747,0.901683,0.469078,1.38014,1.31014,1.51189,0.0656453,0.0377041,1.66601,-0.583534,-1.89831,-1.45571,0.944682,3.76482,-0.911974
1.38667,4.16991,0.0309658,0.976915,0.164521,-3.44541,-1.87805,0.720935,-2.02034,0.392059,1.72507,-0.882915,1.98847,1.32816,0.804477,-0.371429,0.537514,-2.7702,-2.2686,-0.430297,-0.111764,2.33298,2.32444,-1.0254
-0.657133,8.01667,-1.45524,1.20764,-0.486623,-4.19831,-1.2536,1.39015,0.249477,1.01024,0.654385,0.891172,2.69811,2.01329,-3.42575,-2.69128,1.76763,-3.61473,-4.3078,-2.3393,0.470285,1.53823,4.63572,2.76311
-1.85246,9.70042,-2.69282,2.64913,1.75247,-2.91073,-1.46054,2.23374,-3.33825,1.81633,-0.879461,0.0402028,5.81189,2.61926,0.0939869,-1.86755,3.45951,-1.86916,-6.05212,-0.651462,-7.51568e-06,4.89921,6.29576,2.53561
-0.143909,5.11737,-0.706647,0.475712,-1.39767,-3.80681,-0.871791,0.804105,1.20428,0.367637,1.03533,0.935577,0.78958,1.1557,-4.08418,-2.31121,0.793133,-3.61059,-2.4589,-2.09862,0.795593,-0.162909,2.46454,2.52
2.49482,-5.7629,2.59884,-0.194266,-1.64434,-2.85962,-0.372098,-1.14325,-1.61728,-1.10636,0.839391,-1.75685,-3.23595,-2.08486,0.366964,1.45808,-1.98325,-2.42631,2.42171,2.04215,1.11224,-1.1345,-5.44054,-2.64468
-0.708656,0.47104,-0.725474,-1.44139,0.593163,3.83724,0.828031,-0.0421351,3.34353,0.102857,0.232494,1.41242,-0.106178,0.676508,-0.0530694,-0.31646,-0.39638,2.94555,1.00139,-1.86185,-1.26593,-1.43142,1.93891,0.422735
1.37955,0.481572,0.969126,0.15057,-1.23048,-3.31402,-0.89773,-0.016833,-0.305813,-0.135181,1.24893,-0.526279,-0.94081,-0.271855,-1.29389,-0.326007,-0.588119,-3.06732,-0.362632,-0.360229,0.656526,-0.14627,-0.812472,-0.60039
-0.433214,6.97363,-0.976984,1.93057,1.38928,-3.27002,-1.20052,1.56982,-2.5406,1.4387,-0.109911,-0.266001,3.66098,1.91289,-0.184792,-1.58696,2.00001,-2.86625,-4.10767,-1.08164,0.347871,3.8747,4.28695,1.12504
-2.37781,3.2974,-2.10414,-0.292227,-1.26865,0.758115,0.893333,0.30791,3.60366,0.187399,-0.806905,2.55202,0.686561,1.1426,-5.07359,-2.73965,1.35273,0.0344251,-1.43814,-2.26309,0.265147,-2.3,2.27571,4.9013
0.413069,1.75054,0.105782,2.49847,-0.433421,-5.39702,-1.35138,0.719563,-5.08477,0.231,-0.528888,-1.76869,1.71688,-0.151084,0.126251,-0.159346,1.29708,-4.09785,-2.78506,2.33018,1.59432,2.87744,-0.928287,0.0798287
-0.452135,0.457438,-0.499705,-0.581913,1.15906,2.81413,0.375724,0.0383662,1.11375,0.31595,-0.11983,0.469721,0.520468,0.521195,1.47827,0.25949,-0.0150444,2.43319,0.280598,-0.659489,-1.15739,0.115022,1.54673,-0.424351
-1.59131,1.48835,-1.26303,0.890255,-0.0498024,-0.199629,0.380081,0.522675,-0.672577,0.216593,-1.24571,0.541251,1.3957,0.456911,-1.25623,-0.939301,1.38618,-0.132237,-1.49603,0.378396,0.535019,0.384297,0.629117,2.32391
-1.59823,1.61403,-1.28484,1.40527,0.765179,0.0888215,0.0235523,0.56828,-2.43066,0.384607,-1.62133,-0.173246,2.12131,0.344316,0.337338,-0.373313,1.8242,0.409696,-1.81787,1.23781,0.338354,1.73956,0.726019,1.65398
-0.332255,-0.543701,-0.193063,-1.08828,-0.407016,1.82208,0.676175,-0.356289,2.79033,-0.223348,0.271167,1.07279,-0.934364,0.141664,-1.21479,-0.333052,-0.548676,1.30054,1.12207,-1.19143,-0.418035,-1.81642,0.357816,0.750696
-0.379382,3.50584,-0.655225,-0.0417794,-0.423178,-1.26318,-0.340631,0.541107,1.36311,0.453126,0.585111,0.80681,0.805064,0.979787,-2.05083,-1.45804,0.465233,-1.29183,-1.33714,-1.65319,-0.0802021,-0.0356601,2.21127,1.34016
-1.47424,2.54357,-0.956934,1.39065,-0.372537,-2.73876,-0.15844,0.738304,-1.28648,0.461309,-1.08444,0.222923,1.87087,0.752753,-2.06723,-1.45452,2.18159,-1.56343,-2.56319,0.281537,1.17119,0.926108,0.18963,2.71024
0.127176,0.430303,-0.00508253,-1.00296,-1.04581,-0.0138408,0.203524,-0.201535,2.87676,-0.206979,0.776767,1.13062,-1.18576,0.175967,-2.4477,-0.887756,-0.576127,-0.377185,0.594422,-1.67636,-0.00822824,-1.94101,0.41834,0.923933
-1.26641,2.86745,-1.32566,1.51324,0.551519,-0.866804,-0.303014,0.774989,-2.14484,0.510021,-1.15429,-0.0923537,2.26578,0.710627,-0.104197,-0.794944,1.75541,-0.427217,-2.37253,0.586953,0.371439,1.76318,1.55218,1.73426
-1.29764,3.20028,-1.06599,2.87945,0.975212,-3.55218,-0.726707,0.732483,-5.85058,0.629602,-1.67978,-1.53001,3.60769,0.251084,0.283202,-0.476284,2.42707,-2.52349,-3.6176,1.92042,1.09296,4.29957,0.5179,1.29255
-0.313636,2.24633,-0.633041,-1.08396,1.65526,3.30511,0.145009,0.213782,2.03895,0.663875,0.622332,0.753748,1.10121,1.15868,1.96758,0.25141,-0.291694,2.87839,-0.0217651,-1.90114,-1.85123,0.587368,3.52083,-1.01818
-0.954563,1.86771,-1.04112,-1.17455,0.219187,2.68032,0.616767,0.0470676,3.55239,0.206921,0.322744,1.65425,0.0438167,0.983438,-1.42644,-0.889409,0.00250785,1.86227,0.239617,-2.25215,-0.948372,-1.46343,2.53585,1.35603
-1.54552,-1.88287,-0.712493,0.390764,-0.447639,1.29597,1.03021,-0.338659,-0.17274,-0.370846,-1.82334,0.512358,-0.0664239,-0.52543,-1.08396,-0.362097,0.762692,1.17316,0.274564,1.13298,0.543228,-1.02499,-1.6225,2.15737
-1.04641,-3.081,-0.309639,0.30568,0.418052,2.13378,0.984924,-0.460624,-1.16586,-0.340296,-1.84824,-0.26129,-0.0932078,-0.855943,1.07144,0.834345,0.462439,1.93781,0.913748,1.83125,0.29192,-0.211955,-2.05794,0.506491
0.0405073,0.285143,0.0292856,0.621269,1.63645,0.76483,-0.370457,0.229973,-2.27585,0.45408,-0.295639,-0.971119,1.38515,0.19115,3.24525,1.05663,0.48419,1.11389,-0.546136,1.09157,-0.627359,2.20801,0.708331,-1.59672
-0.949205,-1.04133,-0.482667,-0.79266,-1.66779,0.823035,0.964523,-0.483543,3.16301,-0.565468,-0.484663,1.60955,-1.57509,-0.227513,-3.88307,-1.47518,-0.0836841,0.129104,1.03269,-1.0723,0.57691,-3.11939,-1.17745,2.95531
-2.35745,1.48788,-2.11851,-1.63272,1.56196,6.92756,1.75711,-0.273249,4.76426,0.291021,-0.365867,2.11955,0.549268,1.36595,0.215444,-0.826423,0.829617,5.72242,0.200513,-2.61246,-1.92229,-1.53355,3.79678,1.78744
-0.162633,-4.37794,0.575786,0.476774,-0.956021,-0.233325,0.695061,-0.640936,-1.41743,-0.923973,-1.43446,-0.481303,-1.37805,-1.37302,-0.421963,0.518824,-0.0992935,-0.18584,1.25841,2.2917,1.08501,-1.0124,-4.17533,0.588195
0.939901,-6.09226,1.57307,-0.924088,-1.11331,0.809478,0.696329,-1.2472,0.427959,-0.987842,-0.0707053,-0.460119,-3.09277,-1.79725,0.260404,1.2192,-1.5341,0.526961,3.0933,1.4221,0.558775,-2.23654,-4.50046,-1.13106
2.67896,-2.71746,2.18687,-0.827046,2.77413,1.98229,-0.793143,-0.294702,-2.29268,0.277304,1.66639,-2.33679,-0.195545,-0.543,7.55246,3.62237,-1.97069,2.27313,2.05047,1.07777,-1.87654,2.68693,0.0435052,-6.89399
-2.41825,1.54112,-1.96721,0.341463,1.11195,3.24166,0.887372,0.40635,0.58219,0.471646,-1.78866,1.06679,1.90814,0.854781,0.0157698,-0.687113,1.60046,2.82606,-0.846438,-0.132501,-0.536415,0.287794,2.00429,2.44152
2.43008,-3.79945,2.09391,-1.43266,-0.647101,-0.175861,-0.266489,-0.819699,1.24015,-0.747001,1.71915,-0.708862,-2.92628,-1.13658,0.803446,1.30059,-2.45583,-0.44396,2.71653,-0.179909,-0.255377,-1.41418,-2.42894,-3.04228
-0.087072,-3.24743,0.428774,0.504921,0.757216,1.42687,0.395663,-0.396314,-2.26017,-0.223542,-1.10527,-0.963678,-0.033573,-0.863453,2.75718,1.44885,-0.0606454,1.64498,0.905201,2.24874,0.0116281,0.846221,-2.15709,-1.25646
-3.26323,7.15496,-3.33712,0.778366,1.47832,2.2682,0.353297,1.29,1.18135,1.3185,-1.44198,1.8746,4.2282,2.36474,-1.28082,-2.03202,2.80502,2.02517,-3.51544,-1.89507,-0.833606,1.55708,5.98502,3.88856
1.15624,2.99424,0.164552,1.7342,0.732503,-2.96894,-1.72043,0.685583,-3.99183,0.726546,0.0793074,-1.47202,2.31439,0.85063,1.93346,0.204438,0.886758,-1.89681,-2.13391,0.755721,-0.172594,3.43936,1.36548,-1.11031
0.845092,-3.36372,1.15333,0.301344,1.28523,0.719939,0.266288,-0.617511,-2.86888,0.245119,-0.579338,-1.8657,-0.264482,-1.08756,3.86354,2.30761,-0.652214,0.852968,1.31491,2.61454,-0.313207,1.46091,-1.95373,-2.66424
-0.223927,1.28574,-0.255836,1.05572,0.4066,-1.29569,-0.416377,0.513364,-2.29728,0.380105,-0.545997,-0.62163,1.38648,0.209195,0.78093,0.0540451,0.947501,-0.722149,-1.46533,0.85354,0.371326,1.81041,0.471274,0.164456
1.32089,-1.93817,1.24807,-0.72739,0.48379,0.582985,-0.187683,-0.339587,-0.0918005,-0.170093,0.885667,-0.771634,-1.0258,-0.515879,2.14978,1.29356,-1.26478,0.648836,1.40676,0.262621,-0.61499,0.176217,-0.688863,-2.75661
1.67921,5.26279,0.542128,1.30625,-0.901797,-6.54877,-2.06956,1.03647,-1.9303,0.663987,1.82757,-1.03279,1.24718,0.819895,-1.38943,-1.15052,0.447644,-5.49501,-2.98499,-0.843982,0.913949,2.18567,1.95165,-0.427131
0.56943,-1.73665,0.701846,-0.86562,-1.15211,-0.195521,0.248994,-0.501299,1.83253,-0.603163,0.605917,0.39513,-1.95576,-0.463019,-1.66734,-0.233684,-1.02794,-0.508737,1.3609,-0.651971,0.352446,-2.05539,-1.41451,0.231688
-1.98185,1.28525,-1.61103,-0.550592,0.0829143,2.73935,1.00198,0.0634554,2.45645,0.141425,-0.958881,1.77503,0.66866,0.730661,-1.82622,-1.15197,0.77367,2.11911,-0.210447,-1.34019,-0.436011,-1.31444,1.70006,2.73899
-1.98829,4.59507,-1.88387,1.075,-1.2834,-2.50558,-0.0163166,0.84727,0.504086,0.339847,-0.900654,1.3952,1.46221,1.13756,-4.57296,-2.82496,1.95414,-2.31794,-2.94976,-1.08481,1.20094,-0.310339,1.85739,4.5661
-0.14703,-2.38797,0.23261,-0.827562,0.546025,2.84952,0.774902,-0.540223,0.970532,-0.268237,-0.132454,0.196442,-0.698789,-0.344617,1.26352,0.820897,-0.572657,2.39752,1.64168,0.118321,-0.747262,-0.810557,-0.641212,-0.888569
-0.232331,5.52362,-0.973224,0.344753,0.145238,-1.72186,-0.787066,1.04662,1.00802,0.816391,0.93978,0.755593,1.72395,1.55375,-1.6045,-1.61754,0.823135,-1.60607,-2.46779,-2.20036,-0.279419,0.978808,3.92516,1.0357
0.874801,-3.28342,0.632717,0.209431,1.22533,1.46882,-0.0949557,-0.534501,-2.00398,-0.0847852,0.186949,-1.26142,-0.523634,-0.569115,4.31347,1.76433,-0.945056,1.55982,1.65617,1.5194,-0.685351,0.836205,-1.9687,-2.7873
-0.389551,1.55917,-0.54728,-0.167493,0.921963,1.40918,-0.029165,0.256187,0.418235,0.411531,0.085379,0.265701,1.1062,0.644689,0.968412,0.0601928,0.188708,1.27628,-0.413454,-0.67132,-0.795547,0.710065,1.92986,-0.103488
1.00639,-0.426078,0.827625,-0.788393,-0.422662,-0.376144,-0.186248,-0.263381,1.38904,-0.192658,1.16485,-0.030902,-1.17999,-0.0194732,-0.387206,0.14493,-1.13699,-0.508157,0.86149,-0.932445,-0.294572,-0.863775,-0.117211,-1.02652
-2.47674,-0.300543,-1.598,-0.533409,-3.1015,0.0666115,1.53609,-0.392657,4.15085,-0.725118,-1.51747,2.76621,-1.55299,-0.19311,-7.56426,-3.02094,0.786207,-0.813422,0.160127,-1.14485,1.59029,-4.71882,-1.50785,6.39642
1.14696,0.11255,0.912787,0.164619,-1.43337,-3.22566,-0.560609,-0.000243575,0.0615941,-0.317183,0.99978,-0.29409,-1.12726,-0.391093,-1.93207,-0.39802,-0.568783,-2.95507,-0.0626203,-0.217854,0.853936,-0.513964,-1.20174,-0.110615
-0.277153,0.508228,-0.322152,-0.555446,-0.0474461,1.19458,0.419209,-0.00984215,1.57643,0.0708569,0.118035,0.75435,-0.148594,0.410838,-0.88953,-0.426568,-0.0368304,0.756433,0.274311,-1.01814,-0.327195,-0.900814,0.869943,0.74761
0.866634,-4.30134,1.13957,0.0773467,2.04347,2.66685,0.100222,-0.494041,-3.13411,-0.133838,-0.549905,-1.94332,-0.0458911,-1.13823,5.92454,2.92815,-0.700647,2.84543,1.71757,2.61646,-0.921356,1.80873,-1.87601,-3.99248
-1.09524,5.15291,-1.40296,-0.377595,-0.459768,0.623967,-0.124319,0.829757,2.98181,0.737805,0.568203,1.83678,1.54964,1.77556,-2.71794,-1.79374,0.97822,0.337155,-1.23355,-2.99937,-0.716036,-0.436416,4.55416,2.58548
-0.0474117,2.309,-0.612409,1.06935,0.547801,-0.819739,-0.644148,0.687676,-2.00663,0.476033,-1.0012,-0.675907,2.01677,0.278939,1.16059,0.0747514,0.939779,-0.368282,-1.50128,0.4363,-0.151168,1.70111,1.52366,0.711841
-1.76242,4.0466,-1.72931,1.36303,0.136812,-1.1844,-0.194411,0.878938,-1.07419,0.599326,-1.33687,0.726625,2.5002,1.03853,-1.80257,-1.52565,2.04555,-0.855251,-2.90694,-0.116978,0.585843,1.22246,2.23383,2.9763
-2.16318,3.15864,-1.75062,1.94,-2.59671,-4.77483,2.1515e-06,0.632728,-0.575524,-0.0505614,-1.72157,1.08346,0.780554,0.313701,-6.64244,-3.15812,2.28331,-4.24191,-3.05209,0.199611,2.36476,-0.884783,-0.630648,5.88569
1.66251,-5.86168,2.05768,-0.0914655,0.478609,0.801206,0.109234,-0.73542,-2.3757,-0.711523,0.104755,-1.94778,-1.82075,-1.75176,3.9203,2.63074,-1.48117,0.899219,2.57987,2.56765,-0.129134,0.334724,-3.84353,-3.76718
-0.64601,2.6269,-1.28951,2.02417,-0.0577719,-3.17257,-0.510847,0.883168,-4.12411,0.477255,-1.43858,-0.607165,2.38634,0.343557,-0.742179,-0.368985,2.32489,-2.21797,-2.88021,1.6187,1.34094,2.83304,-0.0755962,1.52858
-0.867277,4.71192,-1.22644,0.710217,-1.44959,-3.17024,-0.475651,0.762636,1.15133,0.357055,0.0550083,1.18754,0.944601,1.05886,-4.46111,-2.50605,1.28776,-2.96382,-2.5101,-1.69708,1.0107,-0.389544,1.96169,3.39549
-0.722389,-3.93477,0.204444,1.0902,0.674698,0.911706,0.590534,-0.287949,-3.75013,-0.375582,-2.00299,-1.33985,0.286338,-1.17954,2.57144,1.39402,0.677867,1.22223,0.682559,3.27037,0.526832,1.20176,-3.17795,-0.537827
-0.8456,3.95144,-1.27332,0.583178,0.0867599,-0.997231,-0.295846,0.693895,0.293639,0.612018,-0.101531,0.73686,1.74923,1.10798,-1.59469,-1.43087,1.21015,-0.754293,-2.04224,-1.16215,0.0405276,0.700928,2.69586,1.84668
-0.324398,5.03404,-0.964345,1.75286,3.39471,0.29437,-1.18271,1.35464,-4.46393,1.56883,-0.36239,-1.43437,4.692,1.54572,5.35431,1.07714,1.79684,1.05147,-3.36362,0.878564,-1.29834,5.7201,4.54107,-2.15932
-0.667381,-0.76381,-0.459236,-1.68818,-2.56863,0.629551,1.06044,-0.674606,5.33583,-0.75833,0.307914,2.34133,-2.55578,-0.0913757,-5.79362,-2.09025,-0.735448,-0.415497,1.48668,-2.3803,0.606747,-4.7031,-0.900687,3.45977
0.905737,-4.30181,1.41088,-1.58439,-1.37274,1.82509,0.595634,-1.02629,2.87778,-0.949507,0.55807,0.286748,-3.07006,-0.768132,-1.26202,1.02612,-1.60766,0.557769,3.38961,-0.631,-0.122707,-3.01942,-2.64014,-0.77911
-0.776149,-1.19418,-0.227251,-0.270025,0.0190132,1.56719,0.722539,-0.292824,0.791182,-0.13869,-0.763704,0.477813,-0.300992,-0.134795,-0.327407,-0.0583767,0.0447996,1.25532,0.547512,0.209514,-0.0181595,-0.808468,-0.539687,0.82745
-1.74459,9.12485,-2.51399,2.6733,-0.0257653,-4.87312,-1.32324,1.8079,-2.50702,1.38865,-0.770405,0.355199,4.46742,2.11965,-2.84899,-2.73567,3.24381,-3.8557,-5.87389,-0.757713,1.02681,3.20256,4.74885,3.82482
-1.13817,2.77351,-1.05457,-0.974103,0.582339,2.80106,0.417017,0.196208,3.25343,0.453212,0.230106,1.60459,0.861164,1.20799,-0.825562,-0.957148,0.32378,2.01042,-0.344196,-2.33026,-1.16239,-0.773063,3.35313,1.32087
-0.776833,-1.73178,-0.54351,-2.57122,0.642133,6.26483,1.47936,-0.79106,5.39118,-0.223756,0.295246,2.00111,-1.37523,0.301911,-0.106354,0.158436,-1.15957,4.77551,2.70522,-2.29496,-1.70264,-2.95952,1.17371,0.364773
0.394052,-0.471893,0.218007,-0.350442,0.504784,0.958263,-0.0323627,-0.147162,0.380978,0.0164942,0.370737,-0.106953,-0.211586,0.0612839,1.02898,0.564524,-0.467766,0.779828,0.657148,-0.27851,-0.557701,0.0386332,0.274925,-1.01858
0.839856,-3.83882,1.07067,-0.570727,-0.0566912,1.01819,0.30644,-0.787912,-0.188371,-0.524822,0.183259,-0.59247,-1.58335,-0.983786,1.34188,1.27732,-1.09202,0.830183,2.11458,0.943922,-0.0762456,-0.720215,-2.51448,-1.65846
1.0863,-1.07995,0.827022,-0.814405,-0.809916,-0.622863,-0.227347,-0.384926,1.22257,-0.398479,1.09599,-0.0389276,-1.52231,-0.351654,-0.605566,0.142264,-1.08492,-0.865008,1.05938,-0.582406,0.0192252,-1.15738,-0.739988,-0.985533
1.17191,1.61245,0.524686,-0.754677,0.325048,-0.295279,-0.551674,0.103851,1.41313,0.247802,1.56204,0.073602,-0.13795,0.54676,0.33814,0.139317,-0.815941,-0.186961,0.167304,-1.60528,-0.861562,0.0944392,1.77796,-1.39675
0.0915189,-5.70414,1.02417,-3.64985,0.660787,7.88715,2.19592,-1.5897,6.04566,-1.07616,0.961344,1.41254,-3.60844,-0.85632,1.5182,1.87443,-2.93648,6.06912,5.4141,-1.40453,-2.39895,-4.36128,-1.47199,-2.59276
0.575917,1.93249,-0.212533,-0.395053,0.304679,-0.138639,-0.876417,0.0624787,0.371235,0.382765,1.03677,0.0999489,0.592539,0.70258,0.0364469,-0.290309,0.0518324,-0.56409,-0.428026,-1.28733,-1.0207,0.197466,1.60293,-0.204528
-0.26217,4.76687,-0.707809,0.872541,-1.99053,-4.97345,-0.841929,0.799949,0.792926,0.238169,0.649512,0.829421,0.559364,0.852309,-5.00409,-2.56794,0.985597,-4.49541,-2.70751,-1.69824,1.3986,-0.413864,1.44917,3.08306
-1.65228,0.0847224,-1.15085,-0.381225,1.63229,4.404,0.969845,0.100983,0.726513,0.322701,-1.20339,0.605166,1.32079,0.486647,1.83928,0.327275,0.697582,3.77013,0.0977127,-0.0554024,-1.11672,0.404931,1.64719,0.595456
0.952575,-1.31057,1.23803,-0.398162,-0.715831,-0.43319,-0.493278,-0.0845385,0.538619,-0.35693,1.21725,-0.274788,-1.30985,-0.515303,-0.472277,0.708234,-1.28664,-0.565752,0.96912,-0.374506,-0.0942508,-1.15642,-1.19942,-1.38832
0.129875,3.6944,-0.562737,0.485684,0.656266,-1.1423,-1.25868,0.891234,-1.38574,1.12643,0.606316,-0.277205,2.54475,0.929521,1.4286,0.211063,0.885451,-0.978864,-2.35413,-0.763396,-0.312949,2.77699,3.42303,-0.902406
-0.13387,-5.22688,0.631724,-0.506765,-0.785458,1.55223,0.969318,-0.989015,0.171256,-0.909947,-0.990874,-0.11787,-2.17361,-1.44768,-0.0927266,0.748095,-0.850454,1.38304,2.40414,1.54352,0.412857,-1.98831,-3.83483,0.0406282
-0.01848,-3.52973,0.43446,-1.31578,0.829185,4.31028,1.01993,-0.745634,1.50828,-0.433575,-0.24688,0.186162,-1.19092,-0.511254,2.25657,1.39849,-1.06268,3.5393,2.58127,0.133319,-1.09695,-1.00845,-0.965084,-1.46588
-1.22839,-4.47748,-0.280737,-1.39392,-0.605838,4.08412,1.72615,-1.0465,2.9039,-0.823444,-1.18668,1.33648,-2.08096,-0.882604,-1.25222,0.0274024,-0.566364,3.05893,2.71556,0.163993,-0.0805284,-3.30254,-2.53112,1.58541
-0.050091,0.330959,-0.178069,-0.391147,1.5891,2.51973,0.179884,0.106816,0.22394,0.434449,0.262409,0.00679291,0.841795,0.421663,2.65694,0.936753,-0.166617,2.33492,0.406064,-0.405181,-1.10536,0.968878,1.6112,-1.38147
0.436601,2.90295,0.197787,-0.783855,1.48317,0.703476,-1.05857,0.80091,-0.0990836,0.683804,1.24616,-0.124791,1.23403,0.731207,2.21282,0.622714,-0.641215,0.612045,-0.667106,-1.53493,-1.35197,1.42195,3.36504,-1.79725
-0.691278,1.30263,-0.771664,-1.30836,-0.702173,1.57638,0.668916,-0.167942,4.32748,-0.023256,0.528277,1.90627,-0.760603,0.700525,-2.98788,-1.43126,-0.25919,0.729076,0.464779,-2.52041,-0.324652,-2.4038,1.59377,1.97261
-0.41469,0.985656,-0.385544,0.606607,-3.00896,-4.29455,-0.0571286,0.0156855,1.14215,-0.463394,-0.210695,0.949003,-1.08413,-0.214484,-6.02342,-2.40043,0.537893,-4.10709,-0.996469,-0.519564,2.10024,-2.33049,-1.62266,3.8906
-0.474633,5.18112,-1.05758,-0.797644,0.452817,0.771455,-0.234703,0.626298,3.24106,0.775641,1.21136,1.58516,1.31301,1.73504,-1.50744,-1.52987,0.34353,0.399372,-1.25142,-3.32407,-0.998323,-0.161836,4.723,0.997995
-0.714316,3.74628,-1.03816,-1.07694,-1.03194,0.33649,0.2979,0.251609,4.63749,0.230864,0.984639,2.18986,-0.177099,1.23445,-4.22064,-2.20083,0.10849,-0.432567,-0.460889,-3.36839,-0.313691,-2.16023,3.00603,2.69294
-0.172879,-1.30809,-0.0132798,-1.55855,0.891647,3.91443,0.873419,-0.50105,2.54626,-0.124695,0.357766,0.711874,-0.582826,0.144767,1.19971,0.668774,-0.810728,3.25073,1.71648,-0.919792,-1.27957,-1.04764,0.696147,-0.822624
0.156435,0.147412,0.023054,-1.405,0.391769,1.39286,0.367894,0.263042,2.36287,0.305486,1.15099,-0.0131,-0.728332,0.397255,0.0901667,0.142675,-0.807601,1.03058,0.655652,-1.67419,-0.758835,-0.861055,1.29509,-1.12338
-0.24974,3.13939,-0.646878,1.87115,-0.122388,-3.64183,-0.997155,0.831328,-2.93609,0.502549,-0.40593,-0.691506,1.92521,0.415019,-0.731641,-0.74072,1.37578,-2.8131,-2.71592,0.818855,0.952298,2.19227,0.798653,0.954774
1.32776,-2.78907,1.27582,-1.77028,-1.21314,0.501885,0.278098,-0.824682,2.95544,-0.666563,1.42241,0.351798,-2.82598,-0.769508,-1.06197,0.23503,-1.95411,-0.003014,2.53973,-1.15668,-0.136703,-2.71303,-1.66855,-1.05014
-1.29172,-2.69211,-0.473635,0.919395,-0.959339,-0.425228,0.722924,-0.252503,-1.60878,-0.631993,-2.04653,-0.110881,-0.401967,-0.995235,-1.47583,-0.258959,0.857169,-0.223351,0.075686,2.23953,1.28926,-0.708512,-3.10815,2.08118
1.19195,-2.13726,1.18189,0.354337,1.4954,0.609128,-0.36376,-0.0912753,-3.16395,0.0751587,0.129861,-1.81165,0.343916,-0.596959,4.66714,2.267,-0.675043,0.952455,0.691882,1.9565,-0.573924,2.27698,-0.968889,-3.59837
-0.681468,-0.878045,-0.508827,0.236012,0.957381,1.93562,0.521569,-0.0300427,-0.886655,0.122232,-0.991302,-0.0984245,0.786739,-0.0452481,1.64823,0.601114,0.455307,1.86831,0.181357,0.931736,-0.395141,0.83476,0.0623099,-0.00839525
1.03479,-3.73565,1.25936,-0.942018,-0.323429,1.02374,0.326838,-0.81686,0.686512,-0.631203,0.475359,-0.381487,-2.05261,-1.05958,0.801803,1.145,-1.45005,0.74505,2.34429,0.437606,-0.102992,-1.39851,-2.42013,-1.67823
-0.606267,-3.99724,-0.0346442,-1.53225,0.0901077,4.35179,1.48069,-0.941965,2.68965,-0.512099,-0.606935,0.975437,-1.74205,-0.597628,0.21845,0.581565,-0.892523,3.33227,2.7027,-0.130824,-0.675598,-2.45478,-1.56725,0.141608
-2.21745,6.95375,-2.29847,3.66667,1.44956,-3.60763,-1.15388,1.88023,-6.13034,1.37788,-2.2446,-0.842062,5.60281,1.4854,0.48127,-1.30155,3.9257,-2.26974,-5.73754,1.77728,0.967637,5.22459,3.32322,2.59543
0.0858274,3.23996,-0.246165,0.63119,0.000642347,-2.31041,-0.786551,0.663001,-0.901981,0.388341,0.388906,-0.162722,1.24439,0.71776,-0.635635,-0.7635,0.674309,-1.82924,-1.74627,-0.638415,0.229722,1.26464,1.67282,0.439066
-0.545169,-3.57836,0.181378,-0.279384,-2.14258,-0.652149,0.866453,-0.915506,0.702906,-0.802433,-0.866346,0.521762,-2.26205,-1.23297,-3.08778,-0.684547,-0.260932,-0.84728,1.33641,0.97363,1.39124,-2.69432,-3.70548,2.20258
-3.09631,0.261213,-2.28576,0.0936828,1.71034,5.27812,1.53509,0.166486,0.637715,0.42768,-2.60512,1.30154,2.01586,0.701825,0.666473,-0.227211,1.79227,4.64211,-0.396068,0.3555,-0.790506,0.0313129,1.58832,2.65499
-0.948511,2.99606,-1.11549,0.0803186,-0.319543,-0.224476,0.0579774,0.461019,1.43744,0.459151,-0.116621,1.13609,0.896646,0.884268,-2.19854,-1.44538,0.789931,-0.370454,-1.20495,-1.36333,0.0805745,-0.300724,2.06167,2.21212
1.00875,0.11266,0.623449,-1.34192,-0.622921,-0.00720049,-0.0812795,-0.291801,2.961,-0.181254,1.49476,0.604908,-1.48177,0.142299,-1.2589,-0.333334,-1.2663,-0.283256,1.14526,-1.94255,-0.461025,-1.62677,0.464071,-0.469632
1.32888,2.79725,0.450561,0.0119103,0.204191,-2.09033,-1.07009,0.440759,0.0352622,0.394648,1.67175,-0.504723,0.55335,0.686137,0.439917,-0.163492,-0.421979,-1.74791,-0.876856,-1.18728,-0.358203,1.11458,1.96503,-1.55712
2.39702,-2.65187,2.1069,-0.453727,-0.934473,-2.42798,-0.646839,-0.513545,-0.510713,-0.619026,1.55297,-1.27492,-2.22583,-1.12155,0.393696,0.972865,-1.78988,-2.22567,1.57809,0.472994,0.426896,-0.500399,-2.53064,-2.70568
-2.32736,-0.775847,-1.4129,-0.767964,-1.36335,2.33752,1.64999,-0.340851,3.3672,-0.555578,-1.49592,2.12514,-0.856119,0.0045371,-4.11941,-1.66377,0.69442,1.45043,0.688524,-0.972622,0.490697,-3.24491,-0.66957,4.24783
-0.311803,0.12065,-0.289914,-0.357212,0.141031,1.0573,0.248558,0.00100853,0.953188,0.0968859,-0.0427307,0.340786,0.0968948,0.214093,0.00300662,-0.0659878,-0.0330712,0.724794,0.116013,-0.425287,-0.34375,-0.224792,0.605916,0.223465
-0.731649,-1.78631,-0.245948,-0.303483,-0.811092,0.766095,0.829049,-0.413935,1.01501,-0.512449,-0.77724,0.721319,-1.00751,-0.493751,-1.72229,-0.468516,0.0782088,0.497835,0.817533,0.209036,0.417394,-1.79649,-1.53876,1.5146
2.4669,-10.1045,3.13089,-0.932876,0.191132,1.82393,0.522291,-1.64608,-2.33072,-1.43071,0.0679675,-2.41976,-3.6763,-2.9081,4.88927,3.76497,-2.75538,1.7842,4.71208,3.71528,-0.14661,-0.739216,-6.84345,-5.18785
-1.54724,0.176337,-1.46484,0.834227,0.351289,1.94305,0.893139,-0.404643,-1.03732,-0.148538,-2.01598,0.616919,0.839753,0.0330595,-0.233526,-0.396234,1.7217,1.67584,-0.619441,1.14246,0.396027,-0.139627,-0.56595,2.0122
-0.301922,2.32828,-0.753949,-0.409533,2.11491,2.84772,-0.0715211,0.474135,0.500733,0.861398,0.313284,0.122597,1.80052,1.0886,2.85691,0.653742,0.222747,2.66205,-0.498365,-0.98261,-1.60689,1.67042,3.4165,-1.30627
0.440462,1.01803,0.259508,0.986315,-0.0356155,-2.55473,-0.925484,0.0845884,-1.83718,0.439426,-0.0324673,-0.764957,0.949844,0.191849,-0.309856,0.169579,0.516752,-2.11959,-1.1327,1.03406,0.587768,1.18252,-0.125594,-0.420619
0.788386,-1.3023,0.674386,-2.32952,-0.0866574,2.97066,0.607069,-0.581946,4.39437,-0.282557,1.54284,0.99154,-1.98514,0.0324901,-0.121924,0.356511,-1.7718,2.03374,2.53697,-2.21003,-1.27842,-2.34924,0.518574,-1.20404
1.36944,1.07283,0.82108,0.187688,-0.537735,-2.76261,-1.00336,0.18018,-0.683746,-0.0091821,1.17841,-0.644773,-0.282511,0.0342881,-0.166136,-0.0328081,-0.414366,-2.27762,-0.490723,-0.222689,0.342377,0.599912,0.207085,-1.22602
-1.30899,2.92182,-1.35848,-1.07442,1.13422,3.66638,0.605351,0.286404,3.14214,0.662323,0.00776115,1.6305,1.23745,1.48117,-0.0236077,-0.713252,0.432519,2.96499,-0.351356,-2.28205,-1.48112,-0.483108,3.83618,0.969641
0.351202,-8.475,1.4908,0.344122,0.210103,1.89416,1.03647,-1.24793,-3.54754,-1.00309,-1.84318,-1.86571,-2.00025,-2.44339,3.7162,2.81394,-0.802671,1.99605,3.04155,4.42072,0.629327,-0.101877,-6.23825,-2.31196
1.31306,-6.78539,1.71777,-2.46908,0.0999751,4.79849,0.842314,-1.4626,3.06842,-0.831343,0.44094,0.0240625,-3.15345,-1.74048,1.74448,2.40902,-2.44624,3.80348,4.44465,-0.141953,-1.42276,-2.77014,-3.23497,-3.11741
-1.71574,2.6546,-1.86284,0.358347,1.76261,2.81394,0.200768,0.352726,-1.08338,1.00279,-0.672909,0.0928527,2.56747,1.06897,2.2215,0.273625,1.27768,2.55023,-0.968229,-0.0341323,-0.755323,1.68163,2.53564,0.220212
-0.467309,-1.58187,-0.181504,-1.9485,0.0288988,4.03635,1.12084,-0.644606,4.03681,-0.300738,0.215189,1.37269,-1.41163,0.017406,-0.449156,0.0570108,-0.898049,3.00205,2.14877,-1.71411,-1.07349,-2.52988,0.411697,0.286968
0.383514,4.11394,-0.250175,0.374986,0.47482,-1.72396,-1.001,0.824135,-0.225667,0.653692,1.02592,-0.049937,1.40014,1.14664,0.120317,-0.55501,0.398026,-1.40633,-1.80271,-1.31715,-0.343319,1.57562,3.01118,-0.403824
-2.355,5.46851,-2.23738,2.84182,-1.02352,-4.89459,-0.606361,1.29968,-3.03384,0.685105,-1.94674,0.333069,3.30771,0.986521,-4.18868,-2.78509,3.2869,-3.94524,-4.75126,0.857297,2.09217,1.78486,1.34835,5.08381
-0.142928,-1.72396,0.0977119,-0.92242,-1.94851,-0.123152,0.678193,-0.544091,2.97228,-0.694069,0.154398,1.1057,-2.29406,-0.537317,-3.68017,-0.983843,-0.750074,-0.689653,1.37318,-0.874234,0.734506,-3.15069,-1.90122,1.98249
0.148187,-4.19197,0.612464,0.403758,-0.595352,-0.551598,0.561596,-0.617948,-2.1479,-0.714052,-0.592624,-1.1851,-0.895581,-1.21142,0.795492,0.830104,-0.188717,0.360775,0.913237,2.30164,0.840008,-0.559497,-3.97755,-0.191327
-0.018086,0.479891,-0.196592,-0.300137,0.120479,0.611475,0.0107574,0.0940231,0.849416,0.104676,0.3372,0.314543,-0.0491981,0.193857,-0.158947,-0.140335,-0.155493,0.416426,0.10785,-0.51158,-0.366777,-0.259552,0.638508,0.0474428
0.364768,2.01227,-0.0299999,0.532677,-0.981017,-3.12014,-0.611556,0.358721,-0.289983,0.0394177,0.504562,3.07577e-05,0.130586,0.255221,-1.98703,-0.962792,0.284224,-2.62318,-1.29657,-0.495346,0.834694,0.0317824,0.387108,0.981755
1.05837,-4.07369,1.34607,-1.17683,-1.13532,0.158739,0.484967,-0.886647,1.26271,-0.835063,0.643527,-0.131986,-2.75912,-1.33193,-0.58752,0.611817,-1.57744,-0.191072,2.51708,0.348439,0.281934,-2.16999,-3.0162,-0.978433
0.519733,2.98614,-0.0764219,1.98037,1.11554,-3.27032,-1.40971,1.01994,-4.58271,0.773367,-0.120955,-1.79891,2.57526,0.574028,2.28967,0.508896,1.22965,-2.20122,-2.72822,1.3902,0.348725,3.90154,1.41271,-1.28957
-1.33112,3.10371,-1.31379,1.03698,-0.373999,-1.62841,-0.131185,0.6386,-0.41822,0.334685,-0.762287,0.571544,1.5163,0.658523,-2.27498,-1.55457,1.50133,-1.31855,-2.09648,-0.247777,0.707042,0.386537,1.38704,2.77733
0.224849,2.20031,-0.351106,1.23065,0.582708,-2.31116,-0.016954,0.346975,-1.03543,-0.416683,0.466013,-0.371891,0.884912,0.335373,-0.829024,0.312457,1.23876,-0.919456,-0.92319,-0.82075,-0.0878873,0.0289853,1.57055,0.442132
0.660949,-2.04396,0.562544,-0.0372058,0.240267,0.0171435,0.402914,-0.372729,0.0887154,-0.628512,0.176936,-0.447137,-0.973662,-0.745372,0.33176,1.1037,-0.443432,0.494744,1.28074,0.383255,-0.39288,-0.887337,-1.01182,-0.809428
0.155868,2.49937,-0.0276842,1.90702,1.61544,-3.78368,0.0350262,0.349111,-1.8408,-0.475116,0.0623168,-0.964737,0.494932,-0.724546,-0.782837,0.582803,1.00856,-2.53844,-1.66738,1.5316,-1.01177,1.22684,1.86488,0.0245881
-1.70396,4.7494,-1.94923,-0.882347,-1.18925,2.21445,-0.357229,0.49363,2.77377,1.23833,-0.189868,2.52365,1.86964,2.31757,-1.93017,-2.88304,0.941868,0.619231,-1.73154,-3.22682,0.737072,0.0632843,3.09346,2.8284
1.05851,-5.32719,1.17882,-0.600782,-2.51855,2.22949,-0.473594,-0.947399,-2.30113,0.0609777,-0.147429,-0.207642,-0.981606,-0.0878658,3.40118,0.351284,-0.812477,0.741046,2.51531,0.0546898,2.86779,0.150595,-5.14427,-2.36964
-1.22013,6.75488,-1.90374,1.62519,-1.24464,-2.33553,-1.90056,1.57326,-2.60351,1.77273,-0.446561,0.847442,4.12235,2.51137,-0.364604,-2.83037,2.32014,-2.69733,-4.35153,-1.48468,2.15493,3.59537,2.75119,2.04013
-1.0014,-0.432273,-0.533692,-1.69706,-1.93831,3.8809,-0.628801,-0.135757,1.68697,1.21458,-0.549083,1.75043,0.204094,1.23939,0.741528,-2.04545,-0.589043,1.31528,0.293254,-1.17597,1.41321,0.346669,-1.14245,0.572995
1.05912,1.22947,0.146499,1.83208,1.81838,-3.731,1.27934,-0.109131,-0.359934,-1.9892,1.44735,-1.07485,-0.183516,-0.681891,-2.06726,2.08494,1.26726,-0.665979,0.282524,-1.50372,-1.63863,-2.21646,2.62416,0.0412284
-0.778378,0.234538,-0.974601,-1.95371,-1.96605,4.62128,0.662344,-0.545179,4.17927,0.28183,0.490577,2.75964,-0.337086,1.62,-1.26682,-1.65271,-0.122887,2.57619,1.71401,-4.36325,0.886631,-2.57781,0.67024,1.48672
-0.841676,2.14854,-0.721574,-0.415318,0.453024,0.454397,0.108025,0.355666,1.63607,0.354278,-0.219768,0.808891,0.454254,0.500967,-1.20082,-0.859063,0.00544888,0.261559,-0.912967,-0.50327,-0.619534,-0.0890507,1.82277,1.33444
-1.85761,3.52943,-0.951975,-0.527571,-0.384949,0.486842,-2.06772,1.38195,-0.744448,2.68336,-1.98948,0.493982,2.04333,0.978876,0.818664,-3.03286,-0.299454,-1.56904,-3.9849,3.18132,0.548577,4.71439,0.627938,1.3027
1.31853,-4.16935,1.66459,0.0421521,0.803184,-1.75075,0.204677,-0.495907,-1.87018,-0.796425,-0.0967866,-1.59241,-1.71063,-1.91275,1.48089,2.1629,-1.28327,0.053292,1.68224,1.81008,-0.890114,-0.521934,-2.55509,-2.13798
0.773917,-5.51429,0.853662,-1.46862,-1.99155,3.90041,0.720506,-1.31824,1.22591,-0.571544,0.358262,0.777145,-2.09186,-0.213148,1.61077,0.645228,-1.17338,2.52317,3.92955,-1.83573,1.36959,-2.42174,-3.70087,-1.57661
-0.989367,-1.89225,0.233359,-1.91595,-1.49654,3.28898,-1.2599,0.0359692,0.0735187,1.93957,-1.54429,0.669603,-0.241257,0.194122,2.30062,-1.79578,-1.62177,0.514801,-0.380119,2.71672,1.26602,2.58101,-3.0031,-0.475781
-0.202727,-3.86592,0.61547,-2.07513,-0.783733,3.8383,0.401194,-0.763023,2.30252,0.0420841,-0.324544,0.840511,-1.93928,-0.490209,1.0156,-0.0223812,-1.8804,2.26916,2.39095,0.575227,-0.111737,-1.18631,-2.43852,-0.758883
1.20189,-3.41811,0.975688,0.401265,-0.93094,-0.0149432,0.207691,-0.629473,-1.82682,-0.718466,0.344398,-0.70003,-0.891397,-0.603499,1.59737,1.30232,-0.225279,0.260078,2.09563,-0.417125,1.15249,-0.787274,-2.69259,-1.79639
-0.300695,0.0779746,-0.128013,-0.477125,0.182968,0.772505,0.299579,-0.0133178,1.33698,-0.0499545,-0.0564903,0.357544,-0.436865,-0.0629903,-0.561165,-0.109171,-0.294143,0.564217,0.149053,-0.0382832,-0.479076,-0.550924,0.546897,0.353276
0.0145819,-0.724098,0.231951,-0.160653,-0.497658,0.445285,-0.67222,0.0610894,-0.919419,0.604927,-0.483229,-0.128534,0.183792,0.0591413,1.09311,-0.344611,-0.318374,-0.374235,-0.252859,1.1043,0.630555,1.22714,-1.26519,-0.386445
-1.11174,4.59768,-1.0571,0.541347,0.853322,-1.7195,-0.802099,1.11725,0.00892083,0.99959,-0.538925,0.17811,1.82377,0.703114,-1.27521,-1.51074,0.876661,-1.53785,-3.20217,0.75921,-0.71972,1.99121,2.99461,1.65759
0.638436,-2.19403,0.355217,-0.654745,0.635338,1.39994,1.97816,-0.96433,3.1274,-1.84889,1.14527,0.487218,-2.08672,-0.667393,-1.62028,1.57038,-0.433193,2.25891,3.0177,-2.43375,-1.5019,-4.22799,0.442731,-0.175536
-1.40398,2.21305,-0.997759,-1.30336,-0.314246,2.15398,-0.393653,0.492866,2.26597,1.3499,-0.605066,1.4602,0.595497,0.975972,-0.775157,-2.00499,-0.307078,0.513072,-1.32771,-0.014376,-0.254115,0.836478,1.37199,1.61637
-0.644696,-1.09084,-0.494734,-1.65593,-2.59699,4.04669,-0.492617,-0.439358,1.23909,1.00493,-0.380604,1.80427,0.113038,1.36873,1.09612,-1.8039,-0.483536,1.55049,1.04022,-1.91552,2.10399,-0.0220638,-1.71934,0.284342
-0.218127,3.12558,-0.39705,1.75503,-0.125549,-3.41051,-1.66594,1.03157,-4.12812,1.07004,-0.670543,-1.03868,2.51726,0.638644,1.05239,-0.939743,1.27092,-2.95475,-3.28975,1.50855,1.32666,3.77786,0.49584,0.160318
0.83753,4.51674,-0.19737,4.76461,-1.6203,-7.94875,-3.36429,1.63312,-11.2059,1.43285,-0.697095,-2.62613,5.17324,1.42251,3.35779,-0.762292,3.39013,-6.64292,-5.25264,1.61391,4.49603,7.26362,-1.03613,-1.27397
-1.22745,1.1679,-0.582385,-1.09718,-0.9262,1.9918,-1.16993,0.471724,0.55284,1.733,-1.17007,0.996074,0.919825,0.857312,0.663224,-2.22948,-0.499467,-0.0550505,-1.52299,1.20284,0.773001,2.16404,-0.394443,0.788492
-1.30541,6.25055,-1.63961,0.867944,0.2102,-1.75075,-0.835421,1.16539,-0.196943,1.11574,-0.178914,0.758975,2.68199,1.65507,-1.72861,-2.04072,1.76752,-1.60763,-3.58084,-1.15058,0.17004,1.89317,4.01912,2.42967
1.02997,-2.27058,0.497025,0.0731304,-0.509829,-0.205796,0.00529538,-0.263203,-0.854137,-0.584652,0.684655,-0.372576,-0.523801,-0.521241,0.662453,0.873383,-0.015346,-0.138249,1.9039,-0.526495,1.12702,-1.19898,-1.43978,-1.18919
1.0215,-5.51561,1.59693,-1.17579,0.870947,1.38209,1.21277,-1.16085,1.26225,-1.28956,0.165329,-0.996963,-3.18656,-2.13995,0.811152,2.39185,-1.918,1.71184,3.13341,1.88416,-1.45534,-2.20294,-2.7253,-1.89894
-0.191816,-3.55187,0.511792,-2.12042,-0.166385,3.7268,0.672678,-0.755653,3.08491,-0.0433136,-0.301434,0.81574,-2.08408,-0.642435,0.342881,0.138631,-1.8284,2.42599,2.20046,0.610431,-0.700264,-1.61571,-1.76318,-0.514829
1.16381,-7.12585,2.24083,-0.98897,-0.286978,1.35834,-0.303142,-0.940389,-2.10582,-0.115526,-0.910054,-1.58207,-2.48803,-2.14055,3.69196,1.68728,-2.31291,0.463654,2.30957,4.43971,0.442501,0.885381,-5.83625,-3.33391
1.05465,-3.84346,1.49429,-0.198731,1.41457,-0.34553,0.622465,-0.62064,-0.128765,-1.05959,0.0457324,-1.46282,-2.20526,-2.02358,0.799208,2.03102,-1.39722,0.388977,1.62633,3.04335,-1.62465,-0.711932,-1.82062,-1.6161
1.53055,-1.8136,0.712006,1.46021,-0.799482,-1.95108,0.260358,-0.541563,-2.88567,-1.18349,1.03368,-1.03155,0.0155696,-0.159599,0.988441,1.67915,0.913257,-0.60753,1.53426,-1.5475,1.44257,-0.808844,-1.63711,-1.59587
-0.398393,3.52453,-1.14235,1.30481,-1.90055,-1.01274,-1.22706,0.677189,-2.44148,1.13817,-0.0442113,0.680262,2.67345,2.03933,0.454779,-1.83319,1.84125,-1.56794,-1.99648,-2.2395,2.71766,1.93224,0.648482,0.787642
0.00366064,2.13667,-0.280842,1.19596,0.740009,-2.35782,-0.144316,0.46392,-0.99743,-0.208905,0.228119,-0.520831,0.838217,0.151289,-0.725089,0.127829,0.891522,-1.21209,-1.2574,0.00156374,-0.410878,0.460992,1.71067,0.469438
0.146129,0.675346,0.17687,0.485891,-0.982292,-1.0788,-1.10873,0.133605,-3.0908,1.50345,-0.90517,-0.235964,1.179,0.618579,1.78298,-1.01017,0.463139,-1.59926,-1.18963,1.26447,1.61881,2.8496,-1.0665,-0.400572
-0.262152,0.0183817,-0.680115,-0.976055,-1.46893,2.90142,0.875519,-0.472803,2.76635,-0.285589,0.78521,1.93308,-0.222011,1.19493,-0.973162,-0.80468,0.356238,1.99105,1.68462,-4.05262,0.70201,-2.61074,0.594226,0.806845
-0.565837,-1.49578,0.100265,-1.65925,0.851617,2.59138,0.753888,-0.311911,3.31737,-0.0841949,-0.167631,0.708877,-1.52387,-0.669277,-0.779424,0.0438689,-1.3656,1.85825,1.06663,0.747454,-1.58384,-1.27415,0.0630875,0.3134
-0.445803,-0.0951774,-0.237112,-0.481219,-1.02217,1.31017,-0.751149,0.0765933,-0.350543,1.04964,-0.583505,0.557211,0.560754,0.54279,1.01642,-1.13184,-0.340954,-0.153224,-0.531557,0.50732,0.903595,1.36379,-0.940581,0.127752
-0.436626,1.80746,-1.25557,-0.322397,-1.99067,2.01688,0.368677,-0.171631,1.88806,-0.0319541,0.905341,2.09436,0.915123,2.04433,-1.24032,-1.27886,1.21748,1.17258,0.851363,-5.17641,1.56634,-1.93851,1.3383,1.44209
1.27448,-1.30392,0.541716,2.48139,-0.297891,-3.53581,-0.425698,-0.168474,-5.05508,-0.83782,0.653222,-1.23444,0.485941,-0.0916288,1.82233,1.23982,1.05378,-2.15503,-0.0629429,0.158441,1.41166,1.24853,-1.98595,-1.64764
-1.02528,2.00226,-0.541075,-0.782993,0.453265,0.858015,-0.189311,0.486721,1.57045,0.943441,-0.545604,0.710622,0.45885,0.336603,-0.717515,-1.27375,-0.353749,0.244834,-1.36466,0.860497,-0.733559,0.878637,1.48952,1.18549
0.426769,-0.131506,-0.328937,0.379759,-1.78518,0.705792,0.260101,-0.33144,-0.0878147,-0.426019,0.794714,0.858925,0.336933,1.12804,0.0304831,-0.170058,0.996964,0.473411,1.21643,-3.60659,1.82519,-1.44434,-0.295792,-0.0242528
-0.343838,-6.27078,1.22217,-3.09397,0.125425,4.45986,0.160526,-1.55116,2.60897,0.119348,-1.0072,0.232516,-3.54155,-2.11106,2.30913,0.430076,-3.51548,2.79498,2.60301,4.09823,-0.946762,-0.536869,-3.78205,-2.16132
0.543386,-5.1166,1.71572,-0.998892,0.177187,1.15747,-0.552504,-0.497605,-1.34301,0.424375,-1.0693,-1.33981,-1.90818,-1.88984,2.93715,0.882007,-2.25171,0.248127,1.07863,4.79685,-0.105149,1.63938,-4.3919,-2.40496
0.569078,-2.79307,0.230029,-0.609264,-1.8848,2.18106,0.250909,-0.722485,0.0729279,-0.360917,0.323167,0.657167,-0.608613,0.428114,1.17147,0.199047,-0.200633,1.21408,2.28345,-2.25922,1.81826,-1.32701,-2.34598,-0.946602
-1.20592,6.52959,-1.53772,1.08809,0.99595,-2.46948,-0.512186,1.23904,0.204828,0.735681,-0.042151,0.437372,2.49038,1.37123,-2.23772,-1.48242,1.64619,-1.61813,-3.56863,-0.896248,-0.725463,1.39368,4.52511,2.46904
-1.47358,-0.439047,-0.487528,-2.39432,-1.46717,4.70279,-0.437828,0.0225403,2.76632,1.54595,-0.886898,1.96025,-0.232398,1.0034,0.511105,-2.2289,-1.20962,1.70898,0.172683,-0.0351859,0.776607,0.515028,-0.976673,0.76341
0.458585,1.89667,-0.44967,1.55894,-0.725948,-2.14587,-0.277588,0.262713,-2.20459,-0.321597,0.598751,-0.199198,1.45505,0.904385,-0.0693251,-0.043005,1.66183,-1.35994,-0.611088,-2.17094,1.19375,0.233257,0.818671,0.144393
-0.0943709,5.16482,-1.47025,2.09151,-0.799601,-2.7916,-0.182951,0.645002,-1.48419,-0.0568067,0.908507,0.665742,2.75136,2.0886,-1.60713,-0.89714,2.84727,-1.59446,-1.85855,-4.29498,1.44365,0.0241548,3.27997,1.51956
0.0812193,-1.4033,1.02133,0.743793,-0.799418,-1.54804,-2.35336,0.542097,-5.39986,1.70824,-1.67306,-1.78487,0.990652,-0.545976,3.91215,-0.580762,-0.71423,-2.54819,-2.14656,5.27074,1.86777,5.24248,-3.81016,-1.94172
0.874821,-3.05061,0.540078,0.328125,-1.05384,-0.0303361,-0.801171,-0.312345,-2.65982,0.417235,-0.351563,-0.221919,-0.215553,0.188577,2.44489,0.235273,-0.729078,-0.835118,0.89105,1.17445,2.06759,1.49712,-3.42322,-1.82954
-0.325374,2.50602,-1.40261,-0.794497,1.00238,1.88391,2.90771,-0.59185,6.99257,-2.16592,2.17498,2.49186,-1.12135,0.809999,-5.14916,0.458002,1.04845,3.21062,2.36993,-6.81431,-2.41159,-6.62572,5.2745,2.65939
-0.587063,-2.20655,0.0941484,-2.24138,0.29679,3.61917,0.691457,-0.440393,3.88608,0.115537,-0.196326,1.03708,-1.92983,-0.537933,-0.539525,-0.228299,-1.62497,2.43081,1.7555,0.481219,-1.2568,-1.70596,-0.616485,0.216452
-0.688732,0.721045,-0.12528,-0.313468,-0.415399,0.516386,-1.03788,0.46578,-0.797377,1.25872,-0.962047,0.0804064,0.674811,0.359667,1.03944,-1.17143,-0.2888,-0.727681,-1.44178,1.75216,0.601968,2.25672,-0.736666,0.115644
0.498838,1.21348,0.460952,2.32635,-0.318895,-4.31575,-2.06535,0.813114,-6.54322,1.10115,-0.888273,-2.10756,2.19563,-0.0468877,2.66813,-0.0700709,1.00695,-3.81957,-2.93454,3.32913,1.83064,4.90912,-1.67591,-1.31228
-0.698643,4.16826,-1.30667,-0.030589,1.92489,-0.331589,1.49432,0.457243,4.30496,-0.871198,1.00474,1.20342,0.0759066,0.38003,-4.10098,-0.0117692,0.855983,0.904562,-0.515417,-2.83653,-2.78569,-2.982,5.26148,2.55614
0.0703114,3.01435,-0.613125,1.29547,0.243102,-2.06416,0.273229,0.34054,-0.399002,-0.585082,0.677287,0.0785253,1.18062,0.772175,-1.5103,0.00459935,1.59547,-0.793789,-0.830257,-2.48371,-0.00455456,-0.65297,2.52865,0.959548
1.39289,0.952236,0.243519,2.79816,0.0178197,-4.68081,-0.137102,0.203596,-4.53693,-1.08721,1.03477,-1.65452,1.16009,0.0137722,0.414205,1.50431,1.90815,-2.34185,-0.504907,-1.28868,1.00037,0.402687,0.118798,-0.933884
-1.73745,7.21842,-1.98767,0.779362,-0.206882,-1.37877,-1.51351,1.61367,-0.502352,2.04088,-0.66636,1.05838,3.4933,2.14627,-1.42474,-3.16433,1.73934,-1.97768,-4.58568,-0.523987,0.740759,3.35726,3.80131,2.78081
-0.130276,-2.25289,0.241723,-1.21314,-1.16675,2.51309,-0.309784,-0.150154,0.476683,0.602309,-0.479431,0.491526,-0.671887,-0.0383757,1.40591,-0.616516,-1.01599,0.913966,0.940277,0.685414,0.81819,0.369345,-2.15004,-0.515667
0.194359,0.823213,-0.603603,0.317411,-1.62125,0.473849,0.0720928,-0.183335,-0.18262,-0.157098,0.644293,0.836018,0.774879,1.28434,-0.284694,-0.517724,1.21773,0.155676,0.595298,-3.46646,1.54745,-0.941157,0.246447,0.462101
0.483287,1.39585,-0.169267,1.66281,-0.513775,-2.63815,-0.537762,0.273398,-2.91955,-0.0646656,0.306033,-0.695949,1.50239,0.613008,0.30796,0.147627,1.44476,-1.68058,-0.991445,-0.978632,1.34267,1.08014,0.237886,-0.189298
-0.515382,5.23608,-1.39577,1.25437,0.541942,-2.10926,0.365665,0.61987,0.726063,-0.264954,0.781271,0.660592,1.85409,1.40397,-2.63682,-0.642558,2.07517,-0.769113,-1.69817,-3.28511,-0.413761,-0.670521,4.22865,2.02655
0.765494,-8.08938,1.418,-2.62522,-2.13971,5.69911,0.78053,-1.7456,2.06114,-0.53003,0.099611,0.804937,-3.39751,-0.791971,2.52366,0.876955,-2.3475,3.54469,5.08116,-0.647189,1.1462,-2.81793,-5.56288,-2.41792
0.262593,0.0771431,-0.130113,-0.377126,2.44417,-0.0186163,2.32542,-0.40488,4.37665,-2.0646,1.33691,0.264679,-1.95774,-1.07129,-3.46853,1.78814,-0.246828,1.99622,1.80289,-1.76741,-3.32798,-4.41011,3.19946,0.919956
-0.136327,-1.63435,0.821864,-0.399404,0.0207585,0.341937,-0.881959,0.148707,-1.3759,0.923998,-1.14784,-0.72053,-0.234786,-0.736049,1.85819,-0.297904,-1.12258,-0.617672,-0.468468,3.40998,0.20348,2.24214,-2.08669,-0.944758
0.534329,-4.02663,0.922879,-0.781461,-1.00807,1.93375,-0.0314024,-0.792894,-0.363768,-0.0321105,-0.236672,-0.115072,-1.26454,-0.446459,1.95889,0.453532,-1.15898,1.04449,1.91913,0.903505,0.965021,-0.256378,-3.27775,-1.54939
-0.897814,2.86703,-0.735856,0.134818,0.15435,-0.675505,-0.954796,0.802313,-0.365315,1.25158,-0.760515,0.166227,1.35192,0.525005,-0.205298,-1.38615,0.209953,-1.089,-2.41863,1.13805,0.036658,2.19994,1.1561,1.03999
-0.134512,0.654775,-0.138813,0.253907,-0.108452,-0.362181,-0.180439,0.0658161,-0.328241,0.174883,-0.0173908,0.0112788,0.462617,0.219236,0.01959,-0.299254,0.118787,-0.335199,-0.404834,0.00613262,0.217271,0.327109,0.253506,0.130036
-0.27578,-1.27791,0.276883,-0.916539,0.114189,1.30545,-0.0378504,-0.0998192,0.814335,0.275917,-0.338876,0.0722192,-0.6323,-0.4438,0.458764,-0.169878,-1.02327,0.635551,0.272393,1.51512,-0.449811,0.225226,-0.894935,-0.212366
0.234202,-5.01465,0.820608,-2.06113,-1.43527,4.36064,0.728731,-1.15336,2.35467,-0.233117,0.0066146,1.05385,-2.3398,-0.366417,1.17383,0.411526,-1.63554,2.74523,3.46541,-0.780136,0.510367,-2.17158,-3.18821,-1.12
0.547093,-4.32249,1.32669,-1.23575,1.04209,1.65363,0.884251,-0.739509,1.83357,-0.863727,-0.0403685,-0.443013,-2.67836,-1.77435,0.436693,1.65396,-1.82149,1.79673,2.51763,1.91076,-1.70618,-1.70865,-1.96649,-1.22531
0.171799,-3.94147,0.847312,-0.564226,-1.58061,2.15178,0.0552392,-1.11013,-0.4621,-0.744716,0.0665026,0.475774,-1.23416,0.0184958,1.52739,-0.0406527,-0.430712,1.26454,2.13899,-0.583786,1.89162,-0.971071,-3.13555,-1.56654
0.47872,1.32653,-0.51082,1.32023,-1.19053,-1.36647,0.015586,-0.0438871,-1.53023,-0.46648,0.813161,0.266219,1.14399,1.23476,-0.317498,0.192807,1.65913,-0.682814,0.0499803,-3.18759,1.66979,-0.645871,0.614799,0.242753
-0.374425,-3.25031,0.481199,-2.18941,0.0221549,3.66907,0.655353,-0.700926,3.20263,-0.0578335,-0.19986,0.786506,-2.10433,-0.848332,0.126132,0.104893,-1.80214,2.24219,2.14671,0.917724,-1.02763,-1.50873,-1.36088,-0.239836
1.97247,-5.80085,1.9504,-0.297546,2.19402,0.552209,3.30985,-1.75794,2.78434,-3.87702,2.03035,-0.884933,-4.24097,-2.67377,-2.03783,4.39518,-1.08536,3.12107,5.86733,-2.0403,-3.14983,-7.09221,-0.628384,-2.16856
1.49262,-3.92849,0.556686,-0.518729,0.710377,0.69185,2.10619,-1.38248,2.41195,-2.367,1.39047,-0.141558,-2.75133,-1.16957,-0.670743,2.47245,-0.566325,2.39547,3.68536,-1.94153,-0.976802,-4.78444,-0.30579,-1.20957
-0.0196867,-2.34406,0.847301,-0.930772,0.905397,0.832646,0.0478631,-0.160672,0.536537,0.115614,-0.640672,-0.648664,-1.36235,-1.24927,0.73119,0.60137,-1.43337,0.472875,0.372962,2.99515,-1.10183,0.313549,-1.39996,-0.792385
-0.238004,5.31966,-1.06769,2.16238,0.792618,-4.32373,-0.664916,1.0726,-2.33568,0.163379,0.328863,-0.537572,2.62256,0.944656,-1.36268,-0.438852,2.09166,-2.47693,-3.23415,-0.682865,0.156649,1.61511,3.31271,1.30594
-0.17541,5.82317,-0.876969,3.38281,-0.791782,-6.0308,-2.92371,1.72049,-7.69684,1.88016,-1.01976,-1.61491,4.73909,1.60032,1.7326,-1.69202,2.58256,-5.43304,-5.62594,1.87305,2.77876,6.51391,0.845703,0.155839
0.576615,-1.14698,0.29449,-0.0629736,1.65897,-1.12347,1.43835,-0.244509,1.85615,-1.47504,0.741951,-0.867417,-1.82448,-1.45332,-1.0311,1.89536,-0.59299,0.868459,1.04647,0.870473,-2.30794,-2.3305,1.06305,-0.620361
-1.06707,2.98622,-0.909626,0.252945,-1.30998,0.0759316,-1.44144,0.759694,-1.44331,1.70625,-0.865367,0.581725,2.16059,1.52236,0.587692,-2.2436,0.644279,-1.34962,-2.50308,0.209934,1.69854,2.98359,0.353324,0.942583
-1.6183,5.24182,-1.53863,0.0189844,-0.359855,-0.0908224,-1.26906,1.29032,0.0435713,1.81762,-0.965585,0.99227,2.47664,1.67014,-0.725706,-2.73929,1.01049,-1.29231,-3.53252,0.00716438,0.581593,2.83885,2.53393,2.13262
-0.333202,4.01123,-0.983048,1.29101,-0.398612,-2.29415,-0.854071,0.933212,-2.18359,0.767827,-0.195342,-0.0670378,2.36125,1.28757,-0.314822,-1.14803,1.58526,-1.85077,-2.52594,-0.842416,1.07023,1.99016,1.78907,0.968693
0.304959,0.0640172,-0.177369,0.242921,-0.115757,-0.0630735,0.731239,-0.381971,0.610782,-0.891759,0.834337,0.301865,-0.182324,0.204972,-0.890774,0.555568,0.636038,0.561595,0.988025,-2.23219,0.0138336,-1.8657,0.627314,0.205289
0.0809589,-3.06281,0.66558,-1.7719,1.61333,2.42765,1.76284,-0.831946,4.30294,-1.11772,0.463312,0.266978,-2.85712,-1.59289,-1.32955,1.4721,-1.76908,2.58679,2.63415,0.746301,-2.73098,-3.20129,0.0808488,-0.131724
0.826969,-1.62404,0.69766,0.3598,1.26057,-1.03083,0.997495,-0.522378,0.440206,-1.35089,0.663558,-0.828628,-1.38478,-1.25215,-0.562668,1.82344,-0.278636,0.440819,1.43142,0.184723,-1.38845,-1.77708,0.0734579,-0.645557
2.30663,-7.79038,2.46104,-0.1198,0.211755,-0.0644884,1.09636,-1.45751,-1.66103,-1.92578,0.477022,-2.03122,-3.30762,-2.51505,2.37879,3.47153,-1.58629,1.0339,4.21363,1.82232,-0.26788,-2.11969,-4.8341,-3.53513
-0.849404,1.79585,-0.724022,-0.721032,0.295493,1.0949,0.16863,0.333484,1.90555,0.456623,-0.171122,0.949597,0.166657,0.493447,-1.11894,-0.990784,-0.0668704,0.58034,-0.617706,-0.490011,-0.614992,-0.191219,1.60989,1.14209
-1.20655,3.21259,-1.09623,-0.263379,-0.462026,0.676641,-0.716211,0.670087,0.73665,1.34231,-0.681991,1.17402,1.57696,1.30195,-0.519328,-2.07049,0.344061,-0.445488,-2.06833,-0.308801,0.524153,1.52362,1.56565,1.48432
0.364849,-6.21326,1.13458,-2.28043,-1.32326,4.58631,0.677139,-1.31536,2.09385,-0.208155,-0.102472,0.551655,-2.74294,-0.940997,1.80807,0.594977,-2.16069,2.74696,3.75554,0.378145,0.353597,-2.03885,-4.09514,-1.58625
0.74804,-0.733277,-0.207852,0.642431,-2.75629,0.512895,-0.444918,-0.318669,-2.16262,-0.0317697,0.553867,0.581414,1.01051,1.49024,1.37775,-0.355481,1.1669,-0.170094,1.12438,-3.48997,3.07528,-0.197063,-1.80534,-0.615261
-0.577486,-0.347412,0.438243,-0.318714,-0.191504,-0.168162,-1.82702,0.564859,-2.38604,1.79387,-1.64137,-0.824654,0.629779,-0.396454,2.25794,-1.04947,-1.00333,-1.47483,-2.00294,4.59649,0.551309,4.17194,-2.11304,-0.711561
-0.707047,4.79031,-1.13457,1.29588,0.801295,-2.29885,-0.116012,0.771445,0.191654,0.166446,0.308386,0.203344,1.75212,0.824947,-2.01708,-0.627543,1.43993,-1.22594,-2.263,-1.39527,-0.60948,0.405723,3.69007,1.73746
0.249076,4.51336,-1.07091,2.3199,0.0741561,-3.58471,-0.231976,0.749944,-2.11276,-0.222111,0.737906,-0.0363182,2.34108,1.3254,-1.43414,-0.245691,2.48573,-1.91526,-1.76479,-2.92624,0.960219,0.274849,2.90404,1.16415
-1.46226,3.41092,-1.21506,-0.535079,-1.04418,1.3654,-0.982878,0.610429,0.805827,1.64257,-0.729842,1.36519,1.80069,1.6683,-0.375338,-2.47669,0.47596,-0.227678,-2.03462,-0.809964,1.00157,1.68736,1.46769,1.6916
-0.267279,-1.10625,0.270779,-1.41776,1.38421,1.80809,1.23133,-0.56292,3.75238,-0.543854,-0.0599712,0.502369,-2.39618,-1.44153,-1.18268,0.0789533,-1.61738,1.98028,0.946965,0.92263,-2.27248,-2.09712,1.01452,0.268031
-1.06847,-0.728913,-0.238542,-1.77276,-0.853721,3.32124,-0.501728,0.0329292,1.75963,1.18382,-0.825215,1.22862,-0.37319,0.315308,0.711689,-1.47555,-1.12823,1.1852,0.0551349,0.931463,0.296067,0.77899,-1.00755,0.341393
-1.29007,5.12929,-1.56304,0.088319,0.226059,-0.457545,-0.463482,0.853102,1.30215,0.989391,-0.111692,1.20882,1.92659,1.51694,-1.82917,-1.87387,1.18723,-0.603102,-2.58275,-1.46428,-0.250509,0.864149,3.63572,2.35584
0.872042,-2.24663,1.04559,0.172101,1.80264,-1.24832,1.04872,-0.529611,0.27118,-1.25339,0.387958,-1.27329,-1.72822,-1.79253,-0.267904,2.11863,-0.823146,0.308742,1.32607,1.62702,-1.9407,-1.39376,-0.361423,-0.988712
1.27117,-1.49745,0.401429,1.3919,-1.77894,-1.50408,-0.446029,-0.295015,-3.63909,-0.526437,0.573208,-0.657603,0.64824,0.581071,1.73784,0.734898,1.06267,-1.04449,0.963879,-1.70801,2.49356,0.0756265,-2.16847,-1.52682
0.129593,5.30951,-1.6527,2.40628,-1.82951,-2.70955,-0.447556,0.629712,-2.3621,-0.0945283,1.14716,0.747629,3.23303,2.77379,-1.22023,-1.16468,3.44643,-1.80287,-1.62829,-5.78731,2.59576,-0.0973023,2.85288,1.5129
-0.679804,1.34712,-0.265804,-0.581426,1.66534,0.206482,0.52593,0.283701,2.41143,-0.0332127,-0.120304,0.198602,-0.384393,-0.496991,-1.55162,-0.0124423,-0.452413,0.464086,-0.587593,1.03898,-2.05522,-0.44934,2.0556,1.08856
2.21405,-5.63976,2.37123,0.723167,2.90906,-2.55531,1.8459,-1.0491,-0.672043,-2.77507,0.901318,-2.70535,-3.48881,-3.50115,0.332392,4.54216,-1.35919,0.481374,3.05492,2.89685,-2.88128,-2.69034,-1.78997,-2.67666
-0.190373,-0.745517,-0.0511624,-0.671573,-0.45021,1.34629,0.0673329,-0.14455,0.810414,0.11946,-0.19382,0.581378,-0.340534,0.0688432,0.229147,-0.346189,-0.376789,0.718687,0.387817,-0.1581,0.161912,-0.342701,-0.563523,0.014567
1.11002,0.328084,0.197618,2.30588,-1.45164,-3.14514,-1.03959,0.240175,-5.30599,-0.131394,0.228249,-1.14506,1.79991,0.710851,1.87327,0.440238,1.6351,-2.34125,-0.635695,-0.875246,2.66935,1.76166,-1.39694,-1.37429
-2.82841,2.46955,-2.04227,-3.95132,-0.436151,6.36656,0.656385,0.16347,7.25611,2.17863,-0.972511,3.80399,-0.246133,1.31787,-2.1743,-3.30681,-1.40835,2.96361,-0.188665,-2.09812,-1.05803,-1.52346,2.95825,3.28726
-0.435267,3.86584,-1.02807,1.12644,-0.818834,-1.50132,-0.83785,0.713103,-1.53396,0.702103,0.0568911,0.488544,2.29331,1.62783,-0.563337,-1.387,1.66784,-1.39734,-2.09496,-1.80833,1.36461,1.4514,1.74664,1.10025
-1.21297,5.46945,-1.336,0.461091,1.44133,-1.40151,-0.0791809,0.960066,1.47114,0.435281,-0.103045,0.572154,1.69995,0.708648,-2.52443,-1.22865,1.03752,-0.800761,-2.80353,-0.475577,-1.34637,0.623038,4.45523,2.44933
1.14674,-1.56218,0.388904,0.50415,1.05817,-0.839903,1.88717,-0.841666,1.50842,-2.31616,1.57882,-0.31372,-1.63485,-0.800976,-1.79905,2.3512,0.385819,1.26588,2.53,-2.75515,-1.37405,-4.1847,1.02629,-0.262661
1.58562,-2.67278,0.714336,1.26718,-1.29518,-1.19041,0.41174,-0.780367,-2.53809,-1.41864,1.084,-0.753286,-0.444241,-0.0432722,1.24687,1.68,0.927962,-0.120235,2.22538,-2.38624,1.77464,-1.49394,-2.07127,-1.71937
0.284739,-1.60934,0.502039,0.126432,-1.20628,0.203512,-0.907041,-0.0441953,-2.43659,0.798345,-0.615442,-0.547605,0.337262,0.0289453,2.27304,-0.292244,-0.226516,-0.796413,-0.136121,1.43267,1.6674,1.96538,-2.66833,-1.0966
0.222331,-3.57994,0.70577,-1.53,0.067004,2.58938,0.769814,-0.80516,2.08139,-0.48196,-0.0270567,0.147318,-2.15396,-0.99151,0.430059,0.808338,-1.54341,1.89753,2.3073,0.677224,-0.790482,-1.63282,-1.69769,-0.827058
1.33092,0.160848,0.497547,2.28275,0.94104,-3.98149,0.347462,0.0217388,-2.9349,-1.46517,0.877002,-1.57497,0.401867,-0.511145,-0.167015,2.04229,1.28715,-1.60589,0.0150081,-0.599004,0.021245,-0.441082,0.514964,-0.940963
-0.888164,1.00945,0.0107672,-1.37324,3.33332,0.620641,1.1881,0.19501,4.75319,-0.313942,-0.247279,0.111794,-1.56244,-1.52275,-2.72624,0.429382,-1.52921,1.34673,-0.365615,2.5029,-4.28217,-1.36248,3.08294,1.31579
0.931998,2.31696,0.102253,2.82657,3.37106,-5.90277,1.46567,0.213002,-1.22742,-1.95353,1.40574,-2.13727,0.191739,-1.13351,-2.623,2.47447,1.62114,-1.53217,-1.0496,0.143266,-2.63841,-1.76654,3.36863,-0.31422
-0.453577,-1.63786,0.337843,-1.43509,0.336008,2.1428,0.127253,-0.14869,1.87088,0.369873,-0.598898,0.375672,-1.0679,-0.675765,0.366966,-0.376536,-1.4826,1.11337,0.600869,1.9151,-0.883574,0.0828529,-0.985969,-0.196913
-1.28521,-0.896228,-0.432029,-2.87352,-0.278776,5.11272,0.742311,-0.367213,5.46235,0.518593,-0.380509,2.11031,-1.43979,0.228979,-1.05653,-1.29418,-1.70698,2.9954,1.3883,-0.74377,-1.02699,-1.87306,0.337264,1.18039
1.27499,5.10943,-0.322206,4.2376,2.11451,-7.94345,0.114538,0.987282,-4.40856,-1.57437,1.33535,-2.25817,2.28137,-0.0523878,-1.88492,1.84837,3.22435,-3.64318,-2.62972,-1.15647,-0.710122,0.580104,4.08008,0.441026
0.0465575,-2.01153,0.303195,-1.30146,0.818634,1.94983,1.15069,-0.610814,2.9518,-0.744687,0.279952,0.489893,-1.85223,-0.748908,-0.837828,0.583156,-1.07854,1.93221,1.83941,-0.0315521,-1.45555,-2.27719,0.0306156,-0.180564
0.31124,-2.57072,0.194468,-0.464716,-2.51938,2.18007,-0.595595,-0.482725,-1.20423,0.495687,-0.143368,0.561986,0.0199968,0.861311,2.13866,-0.592315,-0.216752,0.478071,1.36864,-1.16654,2.56495,0.292672,-3.14721,-1.06596
0.270147,-1.1898,0.79324,-0.435822,2.443,-0.579407,2.3338,-0.390147,3.33279,-1.70042,1.19386,-0.83574,-2.37157,-1.52347,-2.63962,1.71692,-0.959701,1.82889,2.32573,-0.257,-3.13601,-3.59767,1.71508,0.0897215
-0.428759,-1.31879,-0.0670952,-0.822696,-2.12605,2.4208,-0.863133,-0.208939,-0.596682,0.952851,-0.419533,0.815477,0.346072,0.933906,1.7612,-1.34856,-0.411225,0.409092,0.423444,-0.366082,2.17692,0.980913,-2.33749,-0.435371
-0.127478,-3.61348,0.726362,-1.502,-1.19376,2.85228,-0.636801,-0.471253,-0.143635,0.916135,-1.02027,0.162234,-1.12613,-0.384892,2.2894,-0.439431,-1.72793,0.904907,1.05719,2.21833,0.931257,1.07563,-3.53132,-1.23841
0.0844444,-0.24877,-0.245795,-0.16105,-1.68651,1.1335,-0.386029,-0.0443834,-0.744644,0.340449,0.0446726,0.557795,0.510622,0.953869,0.883712,-0.768115,0.315663,0.120703,0.334267,-1.62569,1.69269,0.242556,-1.0635,-0.102049
-0.384826,-1.80857,0.0515101,-1.60525,-0.531189,2.96858,0.261093,-0.329707,2.00529,0.368968,-0.409293,0.832307,-1.01528,-0.0541197,0.312746,-0.611515,-1.19387,1.48297,1.14836,0.112049,-0.0279871,-0.662837,-1.02733,-0.0302668
-0.0713785,-1.99775,0.567639,-0.67399,-0.342053,1.01688,-0.518855,-0.155259,-0.617751,0.51669,-0.592094,-0.248748,-0.513494,-0.400089,1.37665,-0.140816,-1.00728,0.0950088,0.207627,1.83727,0.31332,0.94814,-1.9689,-0.783441
-0.381113,1.19486,-0.631048,-0.303748,-0.0957301,1.01991,-1.10497,0.546555,-0.444413,0.920072,-0.910718,0.200097,0.744559,0.276505,0.898708,-1.46697,-0.663317,-0.973421,-1.36479,1.67844,0.541938,2.37466,-0.136497,0.321433
-0.833824,2.46197,-1.33464,-0.0640331,-2.70116,1.3627,-1.25677,0.452125,-0.889982,1.5217,-0.239242,1.54131,2.26467,2.43829,0.587107,-2.48773,1.16499,-0.450537,-1.2768,-2.58611,2.81039,1.54329,-0.0113451,1.10905
-0.0356321,1.67984,0.00804351,0.689452,1.82061,-2.15133,0.228196,0.37336,0.125411,-0.264862,0.0370328,-0.645419,0.138373,-0.627368,-1.25251,0.666616,0.214878,-0.784288,-1.08717,1.26077,-1.6297,0.199893,1.91533,0.503037
0.593966,-2.14474,0.975471,-0.33756,2.40394,-0.564396,1.48923,-0.464694,2.04782,-1.45732,0.510473,-0.956176,-2.306,-1.95269,-1.25103,2.24452,-1.04718,1.02561,1.51911,1.57234,-2.90952,-2.18467,0.6672,-0.475491
-0.102071,1.98186,0.0110469,0.500201,3.13157,-2.54831,0.91797,0.400509,1.47592,-1.00918,0.368591,-0.919322,-0.505767,-1.26965,-2.39093,1.30603,-0.0234798,-0.391037,-0.993173,1.44332,-3.28113,-1.008,3.22467,0.803842
1.46264,-1.65553,0.424223,1.64878,-1.79537,-1.59771,-0.00445736,-0.586055,-3.38506,-0.939478,0.997564,-0.60723,0.453977,0.529264,1.40349,1.07204,1.41433,-0.842757,1.42221,-2.71765,2.49267,-0.653373,-1.95965,-1.43059
1.55541,-2.46221,0.741475,1.57694,-2.53299,-1.57688,-1.00137,-0.394128,-5.3055,-0.190685,0.209144,-1.01768,0.725034,0.604625,3.04124,0.576636,1.07039,-1.41624,0.86085,-1.09529,3.59244,1.28474,-3.79473,-2.23324
1.57408,-5.20399,0.875274,-0.686277,-0.587573,2.20961,2.10018,-1.62226,2.20991,-2.24831,1.59514,0.330386,-2.76892,-0.685212,-0.249372,2.32672,-0.589114,2.82605,4.91027,-3.36574,-0.0484947,-5.01794,-1.91941,-1.31958
-0.238634,2.16579,-0.679201,0.621791,-0.85524,-0.462464,-0.586876,0.365356,-1.07027,0.521402,0.0372999,0.48203,1.50042,1.22139,-0.0990138,-0.937527,1.1248,-0.72457,-1.07739,-1.53868,1.23512,0.838753,0.802186,0.697281
-0.0133152,0.408662,-0.62158,-0.241828,-1.25627,1.57407,0.486386,-0.265663,1.40745,-0.397443,0.701835,1.25376,0.156896,1.08754,-0.804676,-0.507056,0.681404,1.02027,1.08941,-3.54687,0.920404,-1.91433,0.526838,0.623894
-2.14368,6.56972,-2.61492,0.398331,-1.90751,0.326954,-1.63017,1.5024,0.755732,1.78093,-0.31559,2.31031,3.45831,2.88282,-1.56304,-3.34222,2.35446,-0.740672,-3.54398,-3.5383,1.51352,1.7102,3.39938,2.59367
0.233623,0.875632,-0.00405955,1.19907,-1.08714,-1.76359,-1.35336,0.403466,-3.66322,0.829087,-0.424145,-0.727173,1.54944,0.713085,1.7071,-0.531307,0.795038,-1.8748,-1.51728,0.686467,1.95705,2.62545,-1.24514,-0.62797
-0.547876,-2.81746,0.330389,-2.19439,-0.280602,4.02413,0.442123,-0.534745,3.2759,0.353592,-0.46016,1.08728,-1.81898,-0.36262,0.22879,-0.375784,-1.84481,2.33073,1.79994,0.687657,-0.68702,-1.25412,-1.4761,-0.163558
0.679711,-4.66247,1.37813,-1.24438,1.04342,1.61146,0.944873,-0.830015,1.54709,-0.933805,-0.0878561,-0.755424,-2.76286,-1.94864,0.622503,1.76471,-1.89569,1.53901,2.50519,2.25582,-1.57832,-1.64619,-2.19253,-1.41206
-0.812105,5.17915,-1.59672,0.606028,0.131065,-0.861409,0.273197,0.64973,1.51949,0.229038,0.578829,1.27071,1.91853,1.62148,-2.55043,-1.30836,1.7018,-0.302448,-1.86331,-3.13106,-0.330168,-0.482961,4.11168,2.43454
-0.239181,-2.34016,-0.0596846,-1.57172,-1.59836,3.7231,0.178768,-0.630966,1.90631,0.368601,-0.125939,1.38308,-0.920865,0.588923,0.549198,-0.70284,-0.855923,1.96123,1.88496,-1.42068,0.876019,-1.23596,-1.67243,-0.156292
0.663424,1.55484,-0.377898,1.79054,-1.2753,-2.31985,-0.364425,0.0930142,-2.98633,-0.29867,0.592431,-0.251823,1.64697,1.14248,0.354243,0.0742977,1.83057,-1.43117,-0.475624,-2.6489,2.09004,0.340374,0.175955,-0.218444
0.0739917,-1.68736,0.00983448,-0.308575,-2.21842,1.43784,-0.769179,-0.20692,-1.57113,0.750277,-0.339212,0.357105,0.399931,0.820075,1.98204,-0.731825,0.000706146,0.157013,0.753727,-0.769208,2.52253,0.924157,-2.68547,-0.829064
-0.427971,6.60341,-1.19848,2.59808,0.858766,-5.05551,-1.05619,1.3785,-2.90437,0.458629,0.0595143,-0.585417,3.30647,1.1996,-1.5099,-0.966284,2.55476,-3.23205,-4.06896,-0.518557,0.28114,2.5124,3.98222,1.59874
-0.0315389,-0.386868,-0.0186126,0.205937,-1.6389,0.50758,-0.786452,0.0105135,-1.65554,0.561744,-0.251673,0.160876,0.808872,0.866602,1.36253,-0.754771,0.31374,-0.396634,-0.201923,-0.778438,1.9457,1.09223,-1.54675,-0.433263
-1.21521,4.93646,-0.7478,0.640757,1.53403,-2.49522,-1.16236,1.37682,-0.969791,1.51595,-1.18896,-0.540942,2.05898,0.261582,-0.641961,-1.48905,0.520462,-2.22605,-4.18437,2.95227,-0.829227,3.56065,2.73777,1.46836
1.01294,3.01651,-0.608985,3.107,-2.0619,-4.19178,-0.991832,0.508363,-5.47402,-0.110031,0.797511,-0.645953,3.01218,1.86124,0.840578,-0.224211,2.93894,-2.83623,-1.55643,-3.25485,3.34751,1.55238,0.319835,-0.24679
2.11498,-3.10574,1.72006,1.95327,1.67165,-4.06157,0.877316,-0.538426,-3.2745,-2.12605,0.900917,-2.70544,-1.41166,-2.32159,0.855864,3.52216,0.14271,-1.11281,1.51814,1.75389,-0.993373,-1.00619,-1.44711,-2.41735
0.146351,-1.52291,0.312749,-0.00830854,0.808705,0.883486,0.138255,-0.0827489,-1.27093,-0.0502161,-0.389979,-0.734781,0.0759008,-0.40059,2.04288,0.926292,-0.123178,1.13053,0.526518,1.02537,-0.356745,0.792875,-0.635626,-1.25936
0.123892,5.09798,-0.593025,1.03838,-0.645785,-4.00055,-1.16105,0.946354,-0.66296,0.691478,0.719409,0.0391965,1.59373,1.11159,-2.1813,-1.59951,1.03822,-3.55447,-2.85042,-1.13376,0.663564,1.3154,2.52491,1.40774
-0.636108,1.6774,-0.825128,-0.811926,1.26071,3.19011,0.413792,0.121996,2.01399,0.42075,0.191558,0.921272,0.872692,0.997744,1.04554,-0.0638619,0.107539,2.61343,0.0471224,-1.49282,-1.35708,0.118084,2.77606,-0.0644304
-1.77337,-2.89349,-0.812259,-0.527328,0.84057,4.48123,1.59177,-0.562952,0.746696,-0.288174,-1.85294,0.736195,-0.106867,-0.385258,0.942457,0.478565,0.363795,3.96332,1.34595,0.869778,-0.511691,-1.03693,-1.06108,1.01653
-1.62544,3.63039,-1.54157,1.36211,-0.373886,-1.98322,-0.169829,0.720408,-1.03145,0.342403,-1.09116,0.631091,1.98892,0.796947,-2.53877,-1.73925,1.825,-1.59895,-2.66533,-0.0981795,0.935061,0.793618,1.45654,3.09015
-0.21706,7.49995,-1.09937,3.40578,2.014,-4.74852,-2.20002,2.075,-6.70194,1.64953,-0.391922,-2.01647,5.38555,1.6326,2.95891,-0.271984,2.76247,-3.00257,-5.54727,1.37253,0.232978,6.66861,4.29892,-0.641494
-1.19035,2.07528,-1.26326,-1.21783,1.57116,4.45112,0.755204,0.172666,2.86688,0.610962,-0.0254895,1.36167,1.12446,1.25396,0.894599,-0.164052,0.26472,3.78215,0.157454,-1.95344,-1.75955,-0.265821,3.57575,0.447727
-0.256553,6.52662,-1.6727,0.48002,2.01696,0.844083,-0.720503,0.925273,0.106933,1.4659,0.568419,0.599705,3.70379,1.86604,1.39615,-1.05871,1.51871,1.01506,-3.01886,-2.0745,-1.36031,2.9671,5.95056,-0.0464698
-0.458716,1.32597,-0.580167,-1.03491,1.32281,3.49335,0.424859,0.0556535,2.20062,0.465751,0.489837,0.783097,0.668663,0.874751,1.24449,0.232628,-0.26164,2.91792,0.437905,-1.62801,-1.43949,-0.152408,2.61493,-0.457704
-0.324083,3.33919,-0.615317,2.06168,0.0458992,-3.98245,-1.07398,0.911661,-3.60806,0.612256,-0.552152,-0.920346,2.20724,0.536797,-0.402898,-0.710853,1.61529,-3.0589,-3.07559,1.10351,1.08396,2.62206,0.88605,0.971179
-0.991552,0.309824,-0.899629,-0.508742,1.49128,3.85613,0.750533,0.0727903,1.01851,0.38832,-0.635819,0.719586,0.981468,0.516176,1.76836,0.383075,0.353175,3.25816,0.322093,-0.350094,-1.17931,0.327496,1.72155,-0.0648166
-0.955275,6.4412,-1.55512,-0.201243,-1.04214,-1.76055,-0.374135,0.827318,3.45731,0.628619,0.951712,1.97288,1.07619,1.83499,-4.81187,-2.92326,0.959636,-2.12828,-2.45903,-3.51022,0.171657,-1.01739,4.12116,3.37909
-2.19907,3.91403,-2.52036,-0.551093,-0.172195,1.87162,0.841263,0.151563,3.55233,0.289811,-0.33152,2.91537,1.09639,1.27031,-3.69918,-1.68068,0.829898,1.42273,-0.898679,-2.54005,-0.329815,-1.83884,2.88679,3.78985
-0.22098,-0.827547,-0.00396056,0.189884,0.50798,0.718231,0.166259,0.0270951,-0.885028,-0.0670888,-0.460138,-0.266442,0.371387,-0.17593,1.09441,0.513837,0.196897,0.717668,0.19605,0.713092,-0.0260654,0.528202,-0.517812,-0.273288
0.354865,2.9647,-0.382997,-1.46803,-2.0223,-0.859737,0.12915,-0.0609531,4.7878,0.216711,1.52247,1.85143,-1.50219,1.09389,-4.58511,-1.82461,-0.730772,-1.61175,-0.0645381,-3.2278,0.470336,-2.37244,2.22956,2.07858
0.209986,-2.64056,0.410086,0.498226,1.23592,1.52925,0.152614,-0.266806,-2.77008,-0.0189207,-0.9192,-1.27531,0.301252,-0.72045,3.60654,1.68443,-0.0511178,1.80343,0.662713,2.16901,-0.311956,1.48474,-1.44613,-1.88727
1.17209,-4.22123,1.4293,-0.461253,0.643339,1.29838,0.0461458,-0.781225,-1.17901,-0.476829,0.174569,-1.20135,-1.33776,-1.07406,3.24205,1.94649,-1.23031,1.32885,2.22972,1.57678,-0.449828,0.232305,-2.43506,-3.04671
-2.6076,-3.40786,-1.37986,-0.816766,-0.378741,4.75708,2.19439,-0.763685,2.43168,-0.656569,-2.50138,1.75595,-0.802309,-0.489462,-1.81022,-0.59596,0.513582,3.91075,1.73359,0.521922,0.141895,-2.88616,-1.78209,3.39753
-0.608765,-0.62577,-0.223506,0.113898,-2.22938,-1.83945,0.463752,-0.194817,1.29304,-0.616228,-0.492384,0.85426,-1.33316,-0.440204,-4.30614,-1.50215,0.192875,-1.9566,0.020801,-0.282888,1.42225,-2.25065,-1.96991,2.94654
0.480203,-3.47341,0.765948,-0.891208,-0.763852,1.07313,0.685371,-0.744931,1.44445,-0.683378,0.240117,0.128676,-2.10057,-0.903099,-0.478476,0.471096,-1.14772,0.733502,2.1613,0.138415,0.144628,-1.9774,-2.46851,-0.342819
-0.880171,3.80288,-1.1604,-0.879952,0.929527,2.32525,0.17058,0.416753,2.75775,0.669444,0.466991,1.47382,1.32537,1.43252,-0.358491,-0.891801,0.392666,1.78174,-0.752139,-2.40593,-1.2913,-0.0774327,3.98724,0.905305
-1.43894,3.39403,-1.93039,0.0196709,0.84907,2.07091,0.363892,0.718361,1.79267,1.01262,-0.487581,1.10949,1.68841,1.03839,-0.432807,-0.603346,1.11894,1.23827,-0.858913,-1.5052,-0.731685,0.41168,3.44393,1.57019
-0.50627,2.15303,-0.602753,0.041621,-0.738634,-1.16199,-0.143199,0.251801,1.23074,0.123699,0.108707,0.811332,0.200263,0.436292,-2.6033,-1.31579,0.481307,-1.15242,-0.91297,-1.17155,0.422879,-0.745524,1.13299,1.79071
-0.485733,-2.16682,0.0767313,-0.0479615,-1.30585,-0.374165,0.660232,-0.55317,0.576237,-0.547711,-0.746317,0.422868,-1.30068,-0.775255,-2.20413,-0.496097,0.00890135,-0.480745,0.803793,0.470659,0.914308,-1.90339,-2.33944,1.80997
-0.051113,-0.0309866,-0.206881,0.180318,-0.176281,-0.118854,-0.153245,-0.118882,-0.984245,0.326853,-0.146817,0.00527262,0.363501,-0.211232,0.560574,-0.00513142,0.0541562,-0.497391,-0.16371,0.420891,-0.11306,0.469487,-0.474655,-0.440541
-0.394939,2.2358,-0.718511,-1.57359,-1.10809,0.77235,0.396996,0.0108579,5.11561,-0.0056083,1.21764,2.12017,-1.09644,0.90663,-3.81719,-1.88858,-0.513155,-0.020221,0.364614,-3.29117,-0.334276,-2.8668,1.94206,2.11545
-1.04345,3.19775,-1.08042,1.9751,-1.31429,-4.40968,-0.542569,0.761666,-1.95683,0.244535,-1.00807,0.151931,1.45513,0.391191,-3.5822,-1.97749,1.83366,-3.64148,-3.01068,0.503706,1.8254,0.756577,0.158328,3.39696
-1.44284,-2.55232,-0.713645,-0.324939,1.33536,4.45187,1.24364,-0.373844,-0.192303,-0.0863438,-1.7241,0.251627,0.511644,-0.212486,2.30086,1.12346,0.446787,4.01229,1.20833,1.12595,-0.844853,0.110046,-0.550174,0.0184029
0.747878,-0.290672,0.491296,-0.936924,0.04948,0.738769,-0.0107498,-0.184868,1.41183,-0.0956276,1.04455,0.194918,-0.809238,0.00996883,0.22942,0.305744,-0.935698,0.383586,0.884664,-0.957126,-0.697805,-0.661112,0.288408,-1.03441
1.26819,1.10561,0.562798,-1.17606,0.501291,0.704915,-0.284336,0.014075,1.99891,0.20397,1.7112,0.255049,-0.492157,0.444214,0.812869,0.207388,-1.19262,0.436565,0.688079,-1.8355,-1.08727,-0.217283,1.85071,-1.8499
1.909,-0.80588,1.66355,0.0284859,-0.308254,-2.07612,-1.02765,-0.276695,-1.51395,-0.135042,1.3201,-0.896766,-0.153376,-0.725354,1.18153,0.970324,-1.02809,-1.98783,0.686035,0.625876,-0.351352,0.833741,-1.07827,-2.30436
0.250461,-3.97223,0.723253,0.766589,0.911366,0.94236,0.183596,-0.416016,-3.63219,-0.21373,-1.21513,-1.63771,-0.021372,-1.17502,3.72634,2.06167,-0.143121,1.2741,1.0791,3.00285,0.0912335,1.49943,-2.64785,-2.17179
-0.620428,-1.14576,-0.390465,-0.683721,0.930148,3.45986,0.735801,-0.252254,1.30237,0.0218699,-0.40721,0.430696,-0.064954,0.0959083,1.40013,0.556509,-0.190422,2.99308,1.07553,-0.116883,-0.884464,-0.330333,0.415242,-0.349864
-1.15031,3.40661,-1.21206,1.18656,-0.00106924,-1.51501,-0.289632,0.670682,-0.956072,0.561894,-0.580984,0.320537,1.78931,0.893986,-1.19063,-1.14002,1.53116,-1.15703,-2.38388,-0.218046,0.419454,1.24331,1.83354,1.87942
-0.138037,0.0534265,-0.273519,-1.97391,-0.470969,2.68222,0.81732,-0.450987,4.79484,-0.237085,0.78751,1.80473,-1.41313,0.421571,-2.12985,-0.830394,-0.913042,1.65403,1.44128,-2.5963,-0.77583,-2.87707,1.09414,0.89096
0.0363281,4.00034,-0.63673,0.380311,-0.201167,-1.91121,-0.646041,0.613652,0.334224,0.522861,0.734526,0.320376,1.16214,1.03085,-1.48645,-1.15079,0.624708,-1.73058,-1.79064,-1.3633,0.153893,0.609659,2.44192,0.815555
-1.42208,6.03579,-1.77061,2.87204,1.36212,-2.94928,-1.13287,1.5622,-4.68583,1.32067,-1.32907,-0.758278,4.54717,1.47186,0.956663,-0.890936,3.04636,-1.96724,-4.68198,1.09455,0.562578,4.53591,3.335,1.46028
-0.148771,4.87435,-0.774726,0.988389,0.38665,-2.27629,-0.993193,1.001,-1.01479,0.761844,0.410079,-0.124233,2.23189,1.23213,-0.4364,-0.983214,1.12634,-1.75843,-2.71166,-0.887357,0.0560486,2.09529,3.17779,0.638886
1.37352,-6.12357,1.75581,-1.59288,-1.40894,0.979683,0.834547,-1.31853,1.89859,-1.15518,0.594455,-0.198165,-3.84807,-1.76734,-0.48636,0.988517,-2.23525,0.458388,3.72274,0.394696,0.221755,-3.23994,-4.37852,-1.36364
0.467406,3.97966,-0.272094,0.109814,1.61531,0.00886567,-0.907912,0.707608,-0.350264,0.914928,1.17331,-0.357053,2.03692,1.30972,2.18052,0.207003,0.261936,0.198489,-1.69001,-1.12154,-1.08314,2.3832,3.8514,-1.68623
-0.359712,1.6201,-0.498262,0.710738,0.208122,-0.841179,-0.299571,0.43976,-0.952209,0.291188,-0.362055,-0.0594336,1.05834,0.368713,-0.162386,-0.279504,0.797959,-0.573259,-1.08166,0.145303,0.187159,0.899331,0.799089,0.58185
0.135864,1.57556,0.0911218,0.890161,0.692706,-1.32306,-0.715891,0.489481,-2.27056,0.454812,-0.0111173,-0.824555,1.48229,0.29612,1.43877,0.278147,0.60551,-0.733158,-1.38045,0.596437,0.0500083,2.06752,0.908167,-0.823362
-0.885274,-6.29,0.196551,-0.202891,1.24418,4.81294,1.49969,-0.914854,-1.43582,-0.506453,-2.05226,-0.570742,-0.78347,-1.45381,3.66429,2.29912,-0.351763,4.46398,2.66725,2.82042,-0.548695,-0.191393,-3.35054,-1.28419
-2.02593,4.70455,-2.22163,-0.362169,0.708499,2.25723,0.604847,0.721817,2.95269,0.739994,-0.409657,2.10733,1.93052,1.82004,-1.98086,-1.783,1.33363,1.7107,-1.64922,-2.58686,-0.853987,-0.462393,4.19788,2.9862
0.567642,-2.45138,0.686305,-1.33283,0.80147,3.17859,0.51281,-0.658451,1.65608,-0.189648,0.499779,0.131093,-1.21107,-0.417711,2.0429,1.21965,-1.33288,2.60914,2.22803,-0.353238,-1.09472,-0.862074,-0.267815,-1.94493
-3.48032,6.8843,-3.43145,-0.19217,0.0340265,2.38172,0.971327,0.952546,4.41948,0.914475,-1.0862,3.41941,2.60673,2.40453,-4.72664,-3.30418,2.3096,1.50454,-2.82707,-3.57031,-0.395632,-1.25179,5.522,5.8679
-1.37388,3.46682,-1.46298,1.36521,0.803673,-0.654796,-0.361543,0.873617,-2.09685,0.786116,-1.22302,-0.053291,2.67466,0.938418,0.203216,-0.739284,1.87089,-0.216469,-2.58541,0.408154,0.164159,2.18498,2.14485,1.60702
-1.365,9.31399,-2.82135,2.03365,1.56044,-2.42575,-1.36772,2.17386,-2.45482,1.70549,-0.393877,0.528817,5.21161,2.61504,-0.0762302,-1.9238,2.91174,-1.84491,-5.80152,-1.60701,0.180789,3.79912,6.10394,1.93699
-0.735629,-0.527259,-0.515047,-0.606055,0.420479,2.35996,0.727456,-0.199472,1.41408,-0.0781763,-0.46526,0.651318,-0.0829367,0.0938587,0.109272,-0.032416,0.00706524,1.91419,0.649212,-0.511086,-0.530461,-0.722118,0.346673,0.504529
0.631602,-6.93206,1.26887,0.278107,0.132705,0.836276,0.401721,-1.07601,-2.2469,-0.606182,-1.15506,-1.28405,-2.36408,-1.92848,2.3779,2.47002,-0.950692,0.95737,2.88487,3.37397,0.0966495,-0.331973,-4.99898,-1.85751
-0.751697,2.84843,-0.851751,1.51632,0.0904426,-2.30145,-0.618016,0.79449,-2.26694,0.471327,-0.817942,-0.360415,2.06166,0.555793,-0.65774,-0.898585,1.5435,-1.65624,-2.56494,0.597463,0.654056,1.79348,1.02821,1.53002
0.654955,2.21753,0.0574341,1.45883,0.255641,-3.87003,-0.808677,0.240513,-3.03717,0.638477,0.439508,-1.4119,1.16862,0.181674,0.675087,-0.280905,1.21022,-2.80094,-2.22767,1.01083,0.885704,2.3913,0.185692,-0.678642
1.6255,-0.904017,1.18814,-0.476968,0.329036,-0.626327,-0.598088,-0.112177,-0.450223,-0.132134,1.25274,-0.934658,-0.727354,-0.261114,1.9733,1.11152,-1.13109,-0.482422,0.867423,-0.00119019,-0.330321,0.469072,-0.313597,-2.64822
1.20761,3.13908,0.567435,2.27763,-0.050394,-5.94716,-1.91129,0.983241,-4.80227,0.506553,0.527683,-2.00546,1.77044,0.179275,0.632883,-0.187918,0.861424,-4.57057,-3.03813,1.45518,1.07388,3.50356,0.311592,-1.06933
-0.368246,3.03558,-0.675773,0.43407,0.738621,-0.292849,-0.448598,0.700123,-0.449409,0.573629,0.0519819,0.143714,1.64558,0.951829,0.353591,-0.393097,0.848882,-0.131855,-1.5101,-0.636646,-0.288687,1.49087,2.40915,0.276358
1.65737,-3.17756,1.47342,-1.40956,-0.31731,1.37227,0.637464,-0.530815,3.00477,-0.806113,1.39959,0.0968513,-2.71363,-0.68142,0.0552257,1.17401,-2.07105,0.923316,3.20982,-0.834771,-0.375332,-2.54448,-1.7189,-2.35054
-1.99177,-1.07704,-1.12517,-0.257306,0.874431,3.15143,1.07213,-0.187622,-1.07531,-0.168682,-1.96033,0.199693,0.764165,0.224498,1.57768,0.521188,0.930595,2.58916,0.206586,1.13592,-0.12066,0.232826,-0.446944,1.17655
2.52767,-3.24624,2.35577,0.979543,0.253544,-3.03153,-1.21462,-0.320542,-4.57674,-0.309111,0.748582,-2.78512,-0.648416,-1.35799,3.82061,2.20979,-1.0939,-2.15303,0.697024,2.80185,0.526835,2.22374,-3.18175,-4.33081
-0.196572,0.164185,-0.0688069,-0.371681,-0.705412,-0.102349,0.200319,-0.0729444,1.28207,-0.170574,0.106968,0.574513,-0.505191,0.0469092,-1.4636,-0.64014,-0.168608,-0.414209,0.157869,-0.672425,0.165696,-1.05563,-0.0519962,0.839417
-0.250231,0.901574,-0.367198,0.386452,0.44901,0.291373,-0.0318212,0.262233,-0.637014,0.238839,-0.251041,-0.129531,0.856905,0.339309,0.648096,0.0202406,0.521164,0.449759,-0.571432,0.161069,-0.125459,0.828128,0.759579,0.0256975
0.709506,-4.21682,1.08226,0.543066,-1.19485,-1.87696,0.0890438,-0.558563,-2.27055,-0.730169,-0.616342,-1.1985,-1.50169,-1.61238,0.00702844,0.779236,-0.379653,-1.49453,0.981104,2.46483,1.27312,-0.424095,-4.23572,-0.493387
-0.0526597,-0.517801,-0.0120578,0.590831,3.14846,3.30448,-0.101029,0.259271,-3.41951,0.655412,-0.760521,-1.45281,2.26122,0.214301,6.3909,2.34953,0.459482,3.49874,-0.0312389,1.69022,-1.51919,3.48746,1.32308,-3.21426
-0.0475819,2.67881,-0.430829,0.130137,-0.560451,-1.55555,-0.495875,0.365811,0.857836,0.252431,0.43324,0.54475,0.421208,0.565646,-1.89122,-1.11935,0.31441,-1.47878,-1.16077,-1.18234,0.232513,-0.0971832,1.44142,1.20035
0.581511,-2.13088,0.939182,1.21374,0.225811,-1.98465,-0.772541,-0.307914,-4.47771,-0.499459,-0.82017,-1.26115,-0.133419,-1.05388,1.75157,1.10781,0.356498,-1.1534,-0.319984,3.03986,1.39236,1.65938,-2.67772,-0.85803
-0.853446,-1.22989,-0.466959,0.560565,1.49629,2.24377,0.403063,0.055691,-2.06399,0.162089,-1.30658,-0.556994,1.166,-0.209962,2.88353,1.09036,0.59969,2.31346,0.108118,1.55764,-0.420502,1.47382,-0.196299,-0.598102
1.40785,-2.35767,1.26858,0.592307,-0.466165,-2.47959,-0.586515,-0.155428,-2.61979,-0.402463,0.211329,-1.50892,-0.853184,-1.04227,1.1626,0.958767,-0.617699,-1.91546,0.413255,1.72058,0.801539,0.737629,-2.63772,-1.87936
2.12101,-0.250854,1.20962,-0.31515,-0.628479,-2.94621,-0.856984,-0.486523,0.158485,-0.145614,1.84599,-0.859122,-1.45837,-0.463183,-0.0644275,0.17026,-1.37969,-2.4505,0.0771977,-0.445946,-0.110866,0.16665,-1.01563,-1.23604
2.29898,-6.57377,2.53692,-1.7507,-1.13695,0.442556,0.405044,-1.41298,1.34212,-1.23544,1.38185,-0.815811,-4.15827,-1.95272,0.811609,1.81367,-2.91945,-0.0200458,4.1093,0.688036,-0.00444813,-2.51442,-4.46486,-3.05631
0.160351,2.29059,-0.356982,-0.712416,1.23271,1.78093,-0.11765,0.368981,1.48828,0.562648,0.966969,0.413684,0.862293,0.916672,1.41283,0.165276,-0.303393,1.55961,-0.24192,-1.69967,-1.37016,0.639229,3.05155,-1.05239
0.794062,-5.38042,1.45334,0.32237,-1.28105,-1.3526,0.199663,-0.88513,-2.00221,-0.987161,-0.66973,-1.124,-2.19766,-1.85563,0.144336,0.997186,-0.855354,-1.10183,1.79012,2.67324,1.25299,-0.906896,-4.98859,-0.714954
-1.26292,1.58843,-1.25479,-0.067585,1.75319,3.31109,0.485701,0.298225,0.383941,0.57206,-0.779895,0.545505,1.84241,0.885756,1.86463,0.336973,0.83291,3.09077,-0.454371,-0.398323,-1.21653,1.09567,2.50399,0.248173
-0.44341,-4.82404,0.991626,-1.25807,0.598012,3.51683,0.741285,-0.760261,0.866616,-0.786349,-0.768988,0.183036,-1.66717,-1.05191,2.11284,1.69463,-1.43477,3.28089,2.67294,1.4134,-0.673481,-1.50199,-2.20055,-1.33384
1.88933,2.95827,0.998351,1.09646,0.223335,-4.33737,-1.84692,0.688921,-2.57739,0.487971,1.51903,-1.44368,0.88954,0.358827,1.35417,0.24938,-0.096916,-3.5095,-1.76248,0.0598551,0.202174,2.66477,1.28935,-2.26553
-1.01719,1.40287,-0.965399,0.323127,1.18281,1.86829,0.231762,0.290556,-0.393405,0.472207,-0.687473,0.340791,1.54379,0.593607,1.27626,0.0265193,0.871377,1.81187,-0.762459,-0.015932,-0.676531,1.19721,1.80004,0.333167
1.58763,-3.74989,1.63308,-1.59947,-0.0446236,1.70429,0.335486,-0.816199,1.78927,-0.574522,1.2373,-0.302045,-2.48421,-0.835812,1.33832,1.33444,-1.99534,1.18472,2.90065,-0.349585,-0.68155,-1.66383,-1.77337,-2.63407
0.56917,1.20219,0.228931,-0.0170133,-0.286165,-1.23889,-0.594825,0.264777,0.0862375,0.0968947,0.679253,-0.16801,0.0665705,0.303658,-0.268069,-0.196126,-0.119796,-1.10532,-0.511451,-0.669756,-0.0107299,0.220765,0.743141,-0.441215
-0.275791,-3.29308,0.319027,-0.173813,-1.35445,-0.117886,0.72028,-0.641522,0.552263,-0.71412,-0.671084,0.25689,-1.7552,-1.02132,-1.76453,-0.191679,-0.329101,-0.401031,1.3725,0.855948,0.80614,-2.05495,-3.1263,1.0248
0.168528,5.27299,-0.560607,2.04914,-1.05727,-6.3074,-1.65855,1.12495,-2.73638,0.626053,0.270878,-0.598063,1.9003,0.802652,-2.6162,-1.75178,1.57131,-5.25199,-3.80992,-0.0632367,1.53982,2.02331,1.50897,1.71204
0.008173,4.22051,-0.654881,-0.931178,0.371963,0.90649,-0.199085,0.419862,3.3988,0.60634,1.36406,1.39304,0.706891,1.49046,-1.144,-1.04369,-0.189638,0.416449,-0.799206,-3.01943,-1.16538,-0.509819,3.98256,0.330434
0.999816,-2.00717,0.991903,-1.32143,-2.16972,-0.958805,0.240629,-0.776343,3.19533,-0.739366,1.17429,0.746319,-3.06845,-0.720413,-3.32692,-0.762078,-1.543,-1.46204,1.95753,-1.17536,0.664315,-3.28908,-2.1047,0.59614
1.74939,-1.34156,1.27491,1.76249,-1.35533,-5.63346,-1.05461,-0.119797,-4.26078,-0.6821,0.024889,-1.92472,-0.387881,-1.26066,0.038054,0.247158,-0.175121,-4.42586,-0.975503,3.00411,1.85705,1.22418,-3.27218,-0.819637
0.0347542,2.35571,-0.382482,-1.78506,-1.58555,0.110933,0.341736,-0.0881431,5.62641,-0.13758,1.75251,2.25512,-1.55117,0.850178,-4.53996,-1.88103,-0.861844,-0.805072,0.56948,-3.6332,-0.280382,-3.38643,1.76181,2.05394
-2.14896,3.97023,-2.02364,1.32488,0.0694111,-0.594861,0.0790632,0.880865,-0.668118,0.590884,-1.49924,0.879817,2.60954,1.07474,-1.97634,-1.66764,2.29184,-0.512938,-2.88799,-0.20285,0.525351,1.03375,2.15281,3.42899
0.0315337,-0.137662,0.157575,1.24069,-1.22065,-3.43032,-0.559366,0.0601005,-1.9411,-0.262926,-0.452339,-0.484547,-0.12596,-0.535749,-1.8789,-0.626484,0.553414,-2.85204,-1.03703,1.24721,1.51244,0.19192,-1.83394,1.12057
-1.2671,3.83309,-1.44693,-0.727917,-0.0757227,1.22729,0.374208,0.425444,3.62828,0.508408,0.240267,1.94298,0.757077,1.43284,-2.87293,-1.76534,0.498363,0.669192,-0.975966,-2.74482,-0.552153,-1.25859,3.32828,2.53881
0.0244603,-1.55827,0.00295508,-1.9161,2.40252,6.3804,0.902068,-0.450779,2.4035,0.241613,0.564456,0.536801,-0.0474572,0.466237,4.16791,1.71732,-1.15336,5.4029,2.21042,-1.12556,-2.51486,-0.114545,2.03389,-2.69369
0.184784,4.29224,-0.44712,-0.250774,0.227652,-1.03565,-0.579058,0.677306,1.46838,0.659679,1.3138,0.604156,1.06182,1.37012,-1.02716,-0.929619,0.127802,-1.03266,-1.45658,-2.17446,-0.46877,0.506317,3.28039,0.252496
-0.770944,5.3849,-1.55176,3.07032,2.14408,-3.27312,-1.61614,2.09786,-6.64452,1.42034,-1.33719,-1.76317,5.24435,1.22619,3.84363,0.309604,3.2844,-2.14248,-4.83644,2.51396,0.112406,6.44584,3.26077,-0.398929
-0.868311,3.21014,-1.05346,0.0949031,0.265214,0.175257,-0.117166,0.513958,1.02941,0.439911,0.0877351,0.842901,1.28407,0.967487,-1.15679,-1.13187,0.726224,0.0903848,-1.37056,-1.34122,-0.284974,0.251304,2.54009,1.39953
1.68828,-0.249903,1.24516,0.0861457,-0.996491,-3.0381,-0.790075,-0.0272041,-0.382354,-0.228223,1.34798,-0.725109,-1.22931,-0.471862,-0.789121,-0.0127354,-0.939083,-2.69294,0.194938,-0.03424,0.634225,-0.21492,-1.14045,-1.15824
0.66671,1.83457,0.0753424,-0.626506,-0.496686,-0.952643,-0.427841,0.0562666,2.02406,0.124918,1.31932,0.576008,-0.524622,0.449098,-1.46533,-0.832103,-0.606153,-1.13983,-0.0555602,-1.81846,-0.223374,-0.770262,1.35432,0.00709702
-0.0532625,-3.0577,0.468402,-0.826395,-0.89931,1.28588,0.573421,-0.662342,1.09205,-1.14322,-0.396008,0.156831,-2.20121,-1.05031,-0.53107,0.484164,-0.787884,0.699796,1.93642,0.765333,-0.0394705,-2.2286,-2.26832,0.200056
-1.68536,1.72051,-1.47457,-0.14899,0.312624,2.17989,0.691235,0.149655,1.63164,0.245632,-0.901781,1.33137,0.959053,0.773343,-1.12754,-0.951031,0.916533,1.76134,-0.53241,-0.985969,-0.327228,-0.45285,1.83401,2.26418
-0.838577,-1.75922,-0.420597,-1.85881,0.342863,5.08439,1.42872,-0.671853,4.04918,-0.200308,-0.165334,1.55099,-1.1504,0.0962272,-0.183262,0.124176,-0.660892,3.98813,2.21581,-1.469,-1.1624,-2.53215,0.58483,0.573095
-0.10164,1.03483,-0.240731,-0.407084,0.240696,0.485214,0.0688696,0.140374,0.966581,0.136575,0.399488,0.568972,0.164481,0.509725,-0.140614,-0.287083,0.0254138,0.367308,-0.0453614,-0.998716,-0.470328,-0.2201,1.21691,0.0756614
-2.72952,-1.04012,-1.86845,-0.348718,-0.663264,3.08701,1.64924,-0.340955,2.41673,-0.291945,-2.14754,1.89872,-0.126041,0.0206486,-3.01636,-1.3224,1.09463,2.42097,0.377114,-0.256824,0.309121,-2.35739,-0.613387,4.29465
1.5965,-1.8544,1.35737,-1.36479,-1.00183,-0.312044,-0.068688,-0.628129,2.29412,-0.590014,1.57876,0.0600645,-2.30351,-0.513794,-0.636256,0.355679,-1.85032,-0.533317,1.95964,-1.12388,-0.261629,-1.97873,-0.992802,-1.51152
-0.323485,1.72504,-0.386874,0.824724,-0.317799,-1.81096,-0.299001,0.50189,-0.922365,0.254402,-0.214924,-0.0946625,0.854146,0.228845,-1.06905,-0.700462,0.773637,-1.60418,-1.40878,0.148075,0.62399,0.637327,0.527832,1.0563
1.98141,-4.78227,2.00246,-1.46077,-1.16744,0.259765,0.238932,-1.08762,1.6957,-0.985184,1.2717,-0.374383,-3.49189,-1.38502,-0.0211199,1.09826,-2.28745,-0.145393,3.13833,0.08412,-0.00242902,-2.45532,-3.36107,-2.24961
2.4038,-1.03757,1.8111,0.568179,-0.825095,-4.06924,-1.34559,-0.110996,-2.39111,-0.251356,1.33659,-1.75944,-0.948269,-0.898031,0.937319,0.755068,-1.0134,-3.2962,0.0660954,1.05482,0.857808,0.955767,-2.01603,-2.72149
0.423823,-5.21327,0.918888,-0.0328849,2.35773,3.91972,0.518036,-0.612298,-3.03278,-0.20946,-0.898118,-1.8369,0.0121699,-1.15475,6.5401,3.28819,-0.690056,4.04701,2.12731,2.95315,-1.21323,1.77967,-2.05003,-3.89633
-2.94741,6.82734,-3.04342,1.67907,1.12855,0.0581749,-0.0010712,1.52626,-0.813169,1.26822,-1.65177,1.26135,4.28638,1.99678,-1.46204,-1.98361,3.12418,0.272447,-4.12971,-0.837994,0.000713611,2.16508,4.82939,3.92069
-2.58426,6.21112,-2.46321,2.22084,-0.887033,-3.35217,-0.376237,1.33481,-1.12887,0.650501,-1.61757,1.25464,2.97665,1.4504,-4.50479,-3.15257,3.0617,-2.73456,-4.47824,-0.483606,1.47044,0.980808,2.64406,5.3907
2.11958,2.02719,1.11414,1.49924,0.259634,-5.07374,-1.91578,0.652635,-4.08359,0.430383,1.24608,-2.11491,1.04176,-0.0191407,1.98295,0.725538,-0.0623748,-3.74977,-1.79481,1.12347,0.456193,3.08669,0.244876,-2.73065
-1.56376,6.24696,-1.87845,2.12365,0.584779,-2.70176,-0.953628,1.45975,-2.69515,0.995889,-0.865912,0.104632,3.83857,1.54614,-0.999226,-1.65232,2.52473,-2.02805,-4.30686,-0.105361,0.519878,2.92107,3.50136,2.44198
-0.531331,2.64847,-0.762158,0.418262,0.023495,-0.710148,-0.26319,0.376058,0.150278,0.254412,-0.0952016,0.399968,1.06476,0.751909,-1.03427,-0.923359,0.845275,-0.690463,-1.30814,-0.60196,0.0984689,0.497716,1.60517,1.23094
-0.6307,0.0888971,-0.00537891,1.63731,-0.812565,-3.03501,-0.196852,-0.00349953,-3.58693,0.295703,-1.62474,-0.679576,1.17416,-0.199593,-0.553029,-0.684908,1.59601,-2.16585,-1.44171,2.238,1.15183,1.00244,-1.68968,1.62658
-0.798923,-0.733756,-0.461393,-0.672399,0.188136,2.16465,0.648389,-0.195472,1.35245,-0.080162,-0.417977,0.7391,-0.231603,0.0709114,-0.187309,-0.0374343,0.0388373,1.85013,0.628845,-0.353675,-0.479186,-0.92455,0.191215,0.736039
1.07008,-3.52641,1.2996,-0.23763,-0.0513196,0.258965,0.0831611,-0.502774,-1.05381,-0.439594,0.179658,-1.03025,-1.3184,-1.15106,1.7518,1.33843,-1.12078,0.249265,1.7016,1.33807,0.104406,-0.0816173,-2.47215,-2.05252
0.0839654,1.3497,-0.18724,-0.266539,0.445284,0.419469,-0.181282,0.169556,0.586199,0.261311,0.361107,0.172422,0.443906,0.505692,0.429495,-0.0925832,-0.000237191,0.388167,-0.270316,-0.758329,-0.488398,0.345595,1.40181,-0.325132
0.777813,-2.89551,1.12643,0.0145799,1.36983,0.475863,-0.312344,-0.0050675,-2.89417,-0.265093,-0.224788,-1.55219,-0.176757,-0.649054,3.56495,2.10983,-0.431899,1.15359,0.497955,2.26727,-0.0675085,1.62495,-1.99136,-2.85552
-0.701063,-1.84619,-0.310506,-0.00887471,-0.758398,0.620469,0.714729,-0.404625,0.477546,-0.466169,-0.939114,0.420353,-0.772087,-0.508579,-1.37345,-0.363297,0.162933,0.377498,0.612264,0.491589,0.568604,-1.28536,-1.61721,1.40299
-0.0242583,1.57923,-0.346352,1.40574,0.250578,-2.26794,-0.612481,0.539673,-2.99798,0.283335,-0.490544,-0.881683,1.51611,0.23519,0.599399,-0.0833769,1.09736,-1.56905,-1.79784,1.19638,0.573113,2.09334,0.388176,0.0512596
0.443576,-1.63466,0.610487,0.846057,-0.520763,-2.03776,-0.267985,-0.041251,-2.29649,-0.281087,-0.348778,-1.0616,-0.429499,-0.752314,0.204304,0.496156,0.0254471,-1.41862,-0.0228116,1.72329,0.898051,0.496032,-2.17905,-0.384083
2.74038,-6.26494,2.81769,-0.698797,-1.00384,-1.46213,-0.317284,-1.16673,-0.940764,-1.04852,1.27255,-1.74068,-3.51522,-2.09511,1.6079,1.98474,-2.48453,-1.33138,3.12188,1.69745,0.50296,-1.27649,-5.02253,-3.69617
-0.861102,-0.0888017,-0.526606,-0.447532,-0.734477,0.907708,0.710001,-0.192627,1.89224,-0.261982,-0.406278,1.03495,-0.582437,0.0130523,-2.10362,-0.767069,0.173636,0.539145,0.323736,-0.819536,0.255604,-1.61742,-0.118971,1.89248
-1.05171,-2.49912,-0.481028,-0.514789,-0.0450568,2.65712,1.05643,-0.563426,0.888011,-0.31561,-1.1384,0.574158,-0.543673,-0.462626,-0.239672,0.118623,0.148313,2.21867,1.29907,0.504407,0.00318082,-1.32179,-1.36874,1.15688
-0.43268,0.854292,-0.387054,-1.37934,-0.772291,1.34742,0.510022,-0.228591,3.95635,-0.160882,0.736938,1.5884,-1.06596,0.437727,-2.52656,-1.03484,-0.613842,0.574032,0.736834,-2.24181,-0.319231,-2.2848,1.15509,1.31669
-1.14543,-2.35979,-0.623796,-1.86785,-1.33103,3.43247,1.71187,-0.779233,5.08222,-0.763876,-0.398728,2.30102,-2.25486,-0.233264,-3.56192,-1.0283,-0.665625,2.2405,2.22318,-1.70322,-0.0724895,-4.27181,-1.07527,2.65604
0.413891,4.99786,-0.310875,0.368345,-0.597176,-3.33446,-1.14325,0.885489,0.636145,0.542391,1.38161,0.373842,1.16527,1.22831,-2.31452,-1.50163,0.420709,-2.99567,-2.24625,-1.9948,0.180982,0.621943,2.91151,0.885475
0.357283,6.91752,-0.70728,1.57654,0.427326,-4.24454,-1.76541,1.38969,-1.97195,1.0338,0.991257,-0.471254,2.96713,1.62243,-0.338497,-1.23563,1.38939,-3.49779,-3.9034,-1.10568,0.151565,3.2396,4.02563,0.217218
0.501609,-4.55342,0.977075,0.0517084,1.32569,2.29447,0.3479,-0.508045,-2.47686,-0.319865,-0.717018,-1.53252,-0.541127,-1.25416,4.24871,2.37954,-0.612156,2.30367,1.81658,2.41836,-0.512991,1.03413,-2.51405,-2.79332
-1.17727,2.84142,-1.24111,0.585329,1.32015,1.22163,-0.0741241,0.638252,-0.57404,0.705493,-0.644533,0.433411,2.25977,1.00612,1.13646,-0.261857,1.21546,1.25658,-1.69406,-0.245495,-0.691441,1.66623,2.66425,0.70783
1.74879,-0.130326,1.30411,1.80115,-1.37007,-6.52339,-1.42989,0.355504,-4.08844,-0.199994,0.516684,-1.99384,-0.376915,-0.8962,-0.721985,0.0253032,0.0582822,-5.29714,-1.39686,1.88542,1.88112,1.47955,-2.57915,-0.899799
-1.13302,-4.26758,-0.27625,0.205444,-0.808797,2.13153,1.10407,-0.620847,0.0201304,-0.716178,-1.43502,0.30445,-1.14637,-1.42626,-0.144592,0.54938,0.267453,1.60842,2.02623,1.61025,0.756576,-1.95034,-2.87787,1.25836
1.28667,0.257635,0.749897,0.403553,0.676746,-1.29815,-0.832051,0.226184,-1.93021,0.222067,0.796679,-1.24087,0.304361,-0.0564967,2.22422,0.952467,-0.369771,-0.906489,-0.211154,0.600415,-0.253299,1.73241,0.228854,-2.26326
0.742622,5.4758,-0.276219,0.31775,-0.201154,-3.41763,-1.02928,0.890975,0.00042878,0.783439,1.1766,0.228171,1.60169,1.35358,-1.47209,-1.36088,0.400913,-3.02691,-2.93529,-1.69765,-0.30451,2.10284,3.23473,0.335134
-0.903326,4.31479,-1.24728,-0.173096,-0.119854,-0.34449,-0.126107,0.650167,2.1138,0.589717,0.356381,1.37619,1.26242,1.37551,-2.28388,-1.68679,0.80944,-0.372468,-1.63013,-2.25967,-0.211501,-0.172227,3.1741,1.99133
0.532528,3.53421,-0.135879,2.78806,-0.645886,-6.76454,-1.7761,1.09862,-5.06086,0.474269,-0.307886,-1.70604,2.08419,0.129941,-0.704465,-0.829409,1.56602,-5.28694,-3.59081,1.66532,1.84992,3.25938,0.0436038,0.581525
-0.389249,-3.56143,0.268798,-1.06093,-0.186571,3.0064,1.22858,-0.736788,1.58783,-0.576147,-0.423136,0.3883,-1.51387,-0.750393,0.225943,0.586073,-0.797877,2.28963,2.15707,0.301432,-0.337957,-1.79471,-1.76568,-0.0339077
0.188509,-3.9831,0.763427,0.487658,-0.175949,-0.12311,0.280521,-0.538834,-2.03998,-0.543262,-1.01131,-0.969799,-0.951376,-1.28414,1.14495,0.997196,-0.229034,0.16584,1.18316,2.29233,0.68693,-0.0843769,-3.37876,-0.657019
0.103051,1.3251,-0.00118994,-0.0742319,-0.811543,-1.45467,-0.266785,0.106619,1.02071,-0.0148566,0.59038,0.434732,-0.240708,0.191686,-2.09057,-0.983385,0.0409353,-1.61251,-0.532709,-1.02693,0.44091,-0.672684,0.526839,1.00948
0.339506,0.978738,0.114735,0.714945,0.656606,-1.07121,-0.600037,0.266663,-1.91021,0.319021,0.0938458,-0.806464,0.991948,0.232171,1.38609,0.352567,0.301837,-0.699196,-0.874252,0.550373,-0.0744865,1.73391,0.470206,-0.966663
-0.876073,0.477215,-0.69126,0.210852,0.96284,1.79717,0.321282,0.245791,-0.476318,0.332723,-0.775731,0.0447741,0.964636,0.234541,1.1215,0.183916,0.608985,1.6866,-0.422736,0.246784,-0.540543,0.855408,0.870728,0.184253
0.667072,-0.0756577,0.365572,-0.852409,0.410511,1.12516,-0.0213232,-0.250312,1.49072,0.0718691,1.03817,0.0755954,-0.469411,0.151398,0.903203,0.510835,-0.939534,0.899124,0.90393,-1.037,-0.88507,-0.385835,0.878093,-1.39057
-0.0771856,-1.54451,0.167964,-0.328258,-1.25788,-0.564551,0.34245,-0.445342,1.04142,-0.531125,-0.0210339,0.478144,-1.41438,-0.511533,-2.13848,-0.654528,-0.351482,-0.801767,0.866559,-0.000973152,0.696314,-1.79196,-1.78917,1.05526
1.41186,-1.97493,1.29814,-0.471891,0.227946,-0.141752,-0.315985,-0.408168,-0.538545,-0.146254,0.909591,-0.863531,-0.986901,-0.552908,1.83389,1.13226,-1.16474,-0.0671048,1.17905,0.511677,-0.294765,0.196045,-1.12618,-2.43415
-1.91461,2.62928,-1.8147,-0.0238388,0.69327,2.3927,0.651371,0.421033,1.34461,0.522852,-1.02355,1.41698,1.64538,1.09872,-0.741953,-1.01404,1.26375,1.95722,-1.18663,-1.04819,-0.547018,0.0420989,2.59544,2.38031
0.287588,-7.58671,1.53282,-3.38332,0.74083,7.63938,1.88411,-2.05289,5.28226,-1.1211,0.319935,1.0607,-3.67912,-1.71751,2.63946,2.19316,-3.07523,6.54815,5.48755,-0.866981,-1.96481,-4.05741,-2.36749,-2.68213
0.204634,4.93015,-0.523998,2.04308,1.56374,-2.98717,-1.57598,1.25227,-4.24879,1.02058,0.0133139,-1.33002,3.55139,1.15422,2.35923,0.102354,1.63648,-1.89678,-3.58994,0.675266,-0.123526,4.45328,3.10532,-1.02761
0.389269,-0.0744229,0.205091,-1.39346,0.859244,2.76628,0.252968,-0.222699,2.35253,0.104829,0.882326,0.389005,-0.396529,0.397973,1.34998,0.489602,-0.976037,2.12402,1.17912,-1.5651,-1.33644,-0.634975,1.49437,-1.47693
0.393577,-4.97463,0.955307,-1.08912,-0.466232,2.15875,0.964889,-1.07893,1.13438,-0.824852,-0.104346,0.0058949,-2.37443,-1.21106,0.511951,1.03743,-1.30502,1.69418,2.83983,0.703009,-0.158567,-1.9847,-3.10365,-1.03686
-1.09723,3.51446,-1.35105,-0.371001,0.585491,1.53372,0.149066,0.440182,2.1524,0.569757,0.0888075,1.34919,1.23917,1.22818,-1.10643,-1.19949,0.833625,1.1199,-1.0952,-2.01735,-0.685377,-0.182096,3.40499,1.62849
0.340592,-3.93433,0.780618,-1.44849,0.445693,3.64402,0.899119,-0.810659,1.83772,-0.491086,0.14575,0.2298,-1.77847,-0.69587,1.66827,1.30104,-1.36822,3.01199,2.88622,-0.0470133,-0.925431,-1.54749,-1.5376,-1.59961
1.34956,0.832365,0.929603,0.697231,0.309329,-2.77956,-1.13358,0.264866,-2.38596,0.159505,0.918552,-1.38641,0.504198,-0.107219,1.55289,0.571173,-0.18287,-2.20298,-0.880506,0.730214,0.215043,1.95518,0.00659457,-1.9702
-0.61823,-1.67868,-0.277483,0.0548672,0.185804,1.31034,0.564488,-0.222676,-0.405268,-0.192944,-0.967258,0.0647327,-0.0807441,-0.374688,0.48533,0.376017,0.262309,1.24103,0.398341,0.798468,-0.00874422,-0.193827,-0.939831,0.437113
0.194121,1.88394,-0.551491,0.739413,-0.885987,-2.54096,-0.493352,0.54243,-0.612501,0.112348,-0.0285993,-0.154343,0.360316,-0.113551,-2.43152,-1.18494,1.08231,-2.58046,-1.46535,0.247479,1.03236,0.505264,-0.354313,1.42048
-2.23694,2.28057,-1.84705,1.3256,0.291448,0.343908,0.405561,0.588865,-1.07064,0.380148,-1.90365,0.712217,2.15823,0.723043,-1.11245,-1.09035,1.98341,0.465233,-2.06252,0.613903,0.4643,0.804173,1.29735,3.10393
1.02855,4.96764,0.0748173,0.758812,-0.163624,-4.01526,-1.53492,0.898548,-0.598225,0.604758,1.57267,-0.389594,1.34173,1.16187,-0.839785,-0.960855,0.382961,-3.4307,-2.57547,-1.4295,0.224982,1.68807,2.79363,-0.289164
-0.710296,0.0730223,-0.79179,-1.62578,-0.414081,2.98619,0.8247,-0.0451999,5.2421,0.199842,0.524635,1.6709,-1.02164,0.731413,-2.25461,-1.0148,-0.703388,2.20289,1.13927,-2.77663,-0.855303,-2.16741,1.87133,1.25369
-1.34115,0.759845,-1.30425,-2.09805,-2.40041,4.99646,-0.180099,-0.195131,3.31111,1.26297,-0.214079,2.75153,0.575969,2.13421,-0.29394,-2.64648,-0.216838,2.04263,0.649737,-3.22305,1.6856,-0.836746,0.0464627,1.505
0.195814,-0.365029,0.113943,0.277795,-0.292793,-0.364722,-0.297063,0.00706258,-0.956169,0.11164,0.00336816,-0.310276,0.165407,-0.0649547,0.598881,0.03152,0.134073,-0.440003,-0.0775649,0.326246,0.545949,0.607444,-0.667811,-0.389954
-0.874446,-2.47597,-0.209879,-3.15959,-0.190629,5.76852,1.29582,-0.715964,5.97486,0.0519542,0.0239933,2.06996,-2.33959,-0.206623,-1.05502,-0.521752,-1.9295,3.77742,2.55115,-1.03817,-1.43369,-3.15843,-0.19956,0.774309
0.886444,0.737445,0.530966,2.01091,0.772255,-3.99689,-0.451483,0.374267,-3.70521,-0.47749,0.0639626,-1.68632,0.842227,-0.612992,0.672254,1.23931,0.96963,-2.22616,-1.10251,1.20981,0.107818,1.49166,-0.0736031,-0.809196
0.811011,-0.294739,0.698642,1.32192,2.17295,-3.41333,0.526093,0.132593,-1.49025,-1.17388,0.401719,-1.86885,-0.411754,-1.38207,-0.430859,1.99242,0.149977,-1.16512,-0.254595,1.8875,-1.63538,-0.229599,0.644985,-0.716003
0.945897,-2.97457,0.392615,-0.802328,0.406086,1.79938,2.33573,-1.28446,3.79599,-2.19438,1.65185,0.719406,-2.58221,-0.698739,-1.83296,2.04336,-0.357835,2.80272,3.93304,-3.47366,-1.46861,-5.31281,0.317323,-0.290954
-1.16154,6.33815,-2.22331,0.493032,-0.240069,-0.148413,0.599187,0.685416,2.94293,0.0650193,0.86568,2.24474,2.09108,2.34102,-3.75616,-1.73308,2.17118,0.223477,-1.54838,-5.47678,-0.185148,-1.71143,5.43721,3.13965
-2.40984,7.40771,-2.30065,-0.827016,1.10071,0.995582,0.127196,1.23769,4.69256,1.25306,-0.230179,2.39804,1.88038,1.76805,-3.95752,-2.92823,0.852126,0.36337,-3.12798,-1.87613,-1.74839,0.0822864,6.04427,4.03092
1.31932,-4.26998,1.49523,-0.220578,2.17795,-0.44881,1.77408,-1.04663,1.33892,-2.24317,0.779628,-1.32744,-3.0106,-2.44523,-0.525545,3.2293,-1.22863,1.43136,2.97457,1.17127,-2.61415,-3.19739,-0.799234,-1.53471
0.638737,2.02578,-0.432104,1.66723,-0.00767221,-2.43268,0.417814,0.214659,-1.13846,-0.924612,0.988714,-0.220741,1.00384,0.563266,-1.12317,0.668466,1.72312,-0.855661,-0.200042,-2.73076,0.450835,-0.945144,1.73528,0.3722
0.303597,2.74984,-0.0638136,2.13904,0.263262,-4.29801,-1.44049,0.928719,-4.46557,0.517326,-0.445588,-1.51276,2.19083,0.219449,0.835904,-0.0756622,1.26658,-3.045,-2.96053,1.78989,0.860588,3.29482,0.503156,-0.119464
-0.136878,2.38714,-0.0941557,1.1851,1.6289,-3.09569,-0.213268,0.651171,-1.33453,0.0493522,-0.122899,-1.17126,0.974662,-0.479519,-0.694138,0.252216,0.499762,-1.75371,-2.13066,1.92964,-1.21724,1.36959,1.87915,0.473512
0.784353,-4.55644,1.80647,-0.430123,1.22935,-0.366897,-0.0562742,-0.501531,-1.28018,-0.30334,-0.71084,-2.01551,-1.93774,-2.42696,2.05561,1.85029,-1.95593,-0.111904,1.00905,4.92604,-1.28944,0.822154,-3.10014,-2.31499
1.5027,-5.42838,1.45327,-0.267064,-0.766967,1.13984,0.503609,-1.10516,-0.929322,-1.0307,0.381851,-0.787812,-2.07394,-1.14159,1.85505,1.76665,-0.933329,1.0998,3.17067,0.302107,0.673637,-1.51124,-3.76288,-2.28072
-1.02697,0.716773,-0.880491,-1.40486,-1.43892,3.16413,-0.399486,0.100161,2.04385,1.13268,-0.352419,1.76525,0.327242,1.24119,-0.00892392,-1.97992,-0.30268,1.17535,-0.0170941,-1.26778,0.983782,0.0567953,-0.0552914,1.12431
0.294019,-1.45226,0.134735,-0.267265,-1.05604,1.373,0.272683,-0.389638,0.474082,-0.364637,0.327577,0.390184,-0.501857,0.408838,0.283451,0.182464,0.000784469,0.806784,1.29333,-1.64973,0.78946,-1.25312,-0.940209,-0.277092
-0.371714,0.728994,-1.05284,-0.37788,-2.86321,2.54856,-0.290447,-0.177537,0.413933,0.52901,0.356151,1.95808,1.20221,2.27861,0.215876,-1.77447,0.988619,0.864613,0.789396,-4.43501,2.76607,-0.680568,-0.484122,0.739384
0.777959,0.180483,0.107097,0.856796,1.16871,-1.69925,1.30197,-0.277347,0.669029,-1.61824,1.15382,-0.516489,-0.73705,-0.561748,-1.5811,1.64206,0.686648,0.234427,1.11045,-1.79098,-1.2824,-2.44639,1.61716,0.171354
-1.03661,2.21917,-1.01785,-0.395374,-1.54164,1.39465,-0.952192,0.439615,0.120969,1.32684,-0.540292,1.32999,1.60987,1.64501,0.169495,-2.19211,0.528129,-0.107086,-1.32214,-1.3655,1.54493,1.28537,0.475894,1.12322
-0.0283757,-1.41773,0.497526,-0.203296,-0.207969,0.66902,0.468814,-0.455725,1.08122,-0.465201,0.422822,0.69178,-0.53142,-0.440748,-0.225315,0.793968,-0.549324,1.01227,1.60195,-0.755447,-0.0528368,-1.82661,-0.615617,-0.551681
0.705041,-1.99514,0.61808,0.433155,-1.37688,-0.542065,-1.03554,-0.0917588,-3.306,0.464449,-0.398002,-0.675237,0.354752,-8.28115e-05,2.60531,0.0589078,-0.0236459,-1.04818,0.0243768,1.20478,1.99781,1.94709,-3.00773,-1.53905
-2.11278,10.0391,-3.03612,1.82061,-2.29421,-2.20784,-2.72125,2.19696,-3.06797,3.03299,-0.789231,1.74997,5.9187,4.15421,-0.638206,-4.84829,3.38593,-3.46372,-6.31032,-2.85394,3.45736,5.1659,4.02426,3.40219
-1.09556,0.957236,-0.814246,-1.52429,-1.24129,3.23419,-0.057768,0.0318727,2.75615,0.953514,-0.203165,1.81259,0.222539,1.15827,-0.519111,-1.86402,-0.345605,1.42005,0.132688,-1.69296,0.493337,-0.427714,0.542419,1.2457
-1.74902,3.39033,-0.793087,-0.980431,1.00956,0.947623,-0.803055,1.08881,1.8548,1.70549,-1.29432,0.855537,0.955142,0.392166,-0.898475,-2.19254,-0.60066,-0.263727,-2.80204,2.37756,-1.22762,2.33999,2.11352,1.90744
-1.31659,1.9057,-0.823765,-0.943463,-2.23755,2.25599,-1.1441,0.645598,0.959198,1.94911,-0.984097,1.69758,1.23506,1.22039,0.350784,-2.37918,-0.0719041,0.385179,-1.35941,-0.0313491,1.37291,1.51526,0.0181005,1.1707
-0.723649,1.61169,-0.256011,-0.473257,1.14238,0.0966277,0.344022,0.251866,1.87594,0.202194,-0.175568,0.213307,-0.139475,-0.192086,-1.35031,-0.340843,-0.28951,0.251394,-0.878281,0.784007,-1.57278,-0.0352687,1.7757,1.00724
-0.911343,-2.54333,0.378074,-2.50959,-0.303837,3.98821,-0.411431,-0.252779,2.33428,1.24698,-1.27267,0.720998,-1.43809,-0.55163,1.09775,-1.05258,-2.26966,1.56209,0.585977,2.72048,-0.485088,0.825111,-2.15794,-0.208263
-0.272004,2.25091,-1.12932,0.728207,-1.2854,-0.373428,-0.242087,-0.0112623,-1.07077,-0.0655847,0.380106,1.09074,1.3242,1.54326,-0.299991,-0.940127,1.15441,-0.730938,-0.345698,-3.07803,1.98449,-0.276245,0.93624,0.706855
1.06631,-1.39741,0.495415,1.19985,-1.22321,-1.53611,-0.48929,-0.197077,-3.23848,-0.315038,0.237908,-0.862482,0.412325,0.121444,1.6005,0.676996,0.744885,-1.11309,0.532649,-0.479411,1.86258,0.639721,-1.94457,-1.35628
0.739214,1.7732,-0.00642285,2.19154,0.408363,-3.97787,-0.321865,0.45976,-3.32047,-0.472519,0.463413,-1.33438,1.28384,-0.0492093,-0.031845,0.837087,1.43455,-2.13766,-1.22911,-0.108885,0.527341,0.984048,0.795919,-0.371208
-0.894141,7.41675,-2.14901,2.06765,-0.825706,-2.68502,-0.929326,1.29785,-1.37638,0.862724,0.43305,0.940592,3.7958,2.80666,-1.86298,-2.19415,3.01662,-2.12861,-3.57245,-3.72643,1.51524,1.59874,4.3179,2.52436
-0.0275571,-0.333597,0.463068,0.180769,0.230832,-0.972305,-0.907775,0.366668,-1.84548,0.717056,-0.876739,-0.870505,0.410237,-0.527872,1.26551,-0.207441,-0.462304,-1.14493,-1.223,2.87472,0.036809,2.37132,-1.09847,-0.607653
0.962512,0.968808,0.220463,2.4164,-0.45415,-3.93569,-0.754501,0.344813,-4.78269,-0.280935,0.237157,-1.47007,1.6095,0.269925,1.17026,0.65119,1.55085,-2.51943,-1.11509,-0.212138,1.6264,1.72533,-0.53108,-0.942396
0.539792,-3.14311,0.636995,-0.794032,-1.15576,1.4947,0.535661,-0.610631,0.748374,-0.417269,0.287661,0.13997,-1.63686,-0.267063,0.574928,0.454847,-0.771233,1.16978,2.10636,-0.757684,0.570775,-1.46028,-2.38048,-0.561148
-0.744665,1.75956,-0.42239,-0.575274,2.31017,-0.564443,0.723821,0.208234,2.85695,-0.544889,0.477342,-0.00707552,-1.12788,-0.774824,-2.34446,0.313463,-0.0424986,0.554254,-0.645981,0.57039,-2.72733,-1.82307,2.73215,1.03415
-0.461586,4.53735,-1.18674,1.76871,-1.3695,-2.63684,-1.55128,0.930343,-3.60399,1.08415,-0.211673,0.0718334,3.24485,1.91049,0.418807,-1.73612,2.11653,-2.61497,-3.06483,-1.45314,2.42312,2.87386,1.19071,0.890539
0.00481106,0.100287,0.121296,-0.0791123,0.494439,-0.111949,0.231236,0.0571643,0.441486,-0.104644,0.0297248,-0.0719643,-0.270768,-0.2729,-0.417891,0.161554,-0.0549078,0.216234,0.0823546,0.231282,-0.561759,-0.359488,0.400019,0.0808223
0.00390267,-2.33209,0.698212,-0.801562,0.141098,1.29916,0.0300949,-0.295782,0.381378,0.281407,-0.48155,-0.267036,-1.04929,-0.748517,0.980583,0.260692,-1.21217,0.614209,0.75816,1.77969,-0.323601,0.312207,-1.66786,-0.810873
-0.0596785,1.8933,-0.663543,0.109176,0.459866,-0.0123385,0.839603,0.00607543,1.98216,-0.640764,0.82387,0.792032,0.108805,0.558661,-1.92757,-0.0146555,0.791295,0.480342,0.163136,-2.40955,-0.71989,-1.8898,2.44848,1.09201
1.25866,-2.42836,1.71551,1.13264,1.04657,-2.6962,-0.697375,0.38433,-3.74721,-0.242794,-0.493394,-2.81524,-1.18161,-1.70902,2.41566,1.38121,-0.622048,-1.41626,-0.725127,5.01227,-0.309115,2.46457,-2.35174,-2.13755
-0.134759,-0.302963,0.34902,-0.0399822,0.97782,0.332005,0.787489,-0.537498,1.43555,-0.534255,0.259004,-0.561903,-0.892651,-0.597493,-0.712525,0.439741,-0.265759,0.735795,-0.148132,1.20384,-1.46852,-0.820157,0.630214,-0.00948543
-0.148931,-1.8144,0.30154,-0.733809,-1.31053,1.71284,-0.806624,-0.0455537,-0.993848,0.995567,-0.816822,0.178338,-0.046571,0.171636,1.98119,-0.836222,-0.730276,0.122427,0.251259,1.14579,1.36472,1.48805,-2.48663,-0.673937
-0.804371,7.27588,-1.64638,2.06815,1.37339,-3.95553,-0.405787,1.33621,-0.771762,0.391428,0.256961,0.126234,2.97695,1.20161,-2.54728,-1.10835,2.40365,-2.29695,-3.88556,-1.43483,-0.582665,1.35277,5.19644,2.48308
0.895764,-2.76317,0.444003,-0.224746,0.110686,0.21742,1.02617,-1.23548,0.0600709,-1.62476,1.03836,-0.584812,-1.66541,-1.21398,0.280992,1.93142,-0.206465,0.917054,2.82217,-0.943084,-0.533763,-2.18746,-1.18707,-1.26107
-1.96914,1.43949,-0.964337,-2.89033,1.13151,4.41029,1.01044,0.0300579,6.8799,0.70175,-0.505714,2.23367,-1.2369,0.135584,-2.66675,-1.63723,-1.59332,2.88458,0.000480273,-0.0883496,-2.75675,-1.70747,2.79809,2.42298
0.112155,-0.250113,-0.132649,-0.591767,1.11814,1.0686,1.72594,-0.535233,3.66472,-1.43003,1.08724,0.74796,-1.50022,-0.413286,-2.37384,1.13528,-0.0585489,1.87474,1.95938,-2.25742,-1.87301,-3.65159,2.00934,0.777979
-1.45046,6.75088,-2.19044,0.143658,1.23262,-0.294307,0.964495,0.87569,4.29842,-0.0820937,0.68899,2.02056,1.6007,1.54314,-4.65015,-1.51597,1.62253,0.541374,-2.00346,-3.99714,-1.84177,-1.98925,6.54533,3.71802
0.81044,-1.94033,0.768795,0.381159,-0.288112,-0.690101,-0.339864,-0.205501,-2.13656,-0.088429,-0.0767995,-0.869774,-0.258992,-0.480083,1.47479,0.706949,-0.278428,-0.536135,0.405425,1.1291,0.667756,0.770849,-2.04448,-1.27959
-1.4421,5.73883,-1.87912,0.130858,-0.280082,-0.0361372,-0.477829,1.03597,1.46152,1.02047,0.0854732,1.60786,2.3441,2.03756,-2.09844,-2.26684,1.51337,-0.475746,-2.57472,-2.59992,0.288603,0.593352,3.91199,2.65083
-1.58274,2.2634,-1.23273,-1.53541,-0.542799,3.13156,-0.0194627,0.213611,3.45391,1.11473,-0.385171,2.06017,0.501273,1.37175,-1.3303,-2.13626,-0.215911,1.29759,-0.661207,-1.53828,-0.0730356,-0.322935,1.75688,1.8853
0.799719,-1.28699,0.53449,0.989237,-0.921166,-1.31169,-0.624306,-0.22165,-3.1894,-0.0286293,-0.0566659,-0.940124,0.452939,0.112566,1.65071,0.620321,0.43702,-1.10171,0.236219,0.155414,1.53888,1.00174,-2.02014,-1.36876
0.722891,-4.06204,0.951231,-1.2672,0.848316,2.20825,1.56558,-0.961751,2.93551,-1.54659,0.63202,0.0755496,-2.76352,-1.42806,-0.591929,1.79522,-1.46661,2.43581,3.26276,-0.149799,-1.66111,-3.4048,-1.00275,-0.850783
-0.638542,4.38531,-0.693879,1.11176,2.17047,-3.04461,-0.227917,0.946161,-0.23681,0.174842,-0.180701,-0.723006,1.36938,-0.0150017,-1.80168,-0.200036,0.839159,-1.73037,-2.85544,1.13667,-1.76375,1.23366,3.57131,1.40516
0.508912,0.444264,-0.103472,1.37297,-1.73265,-1.61411,-1.24454,0.298283,-4.00011,0.585821,-0.192234,-0.540341,1.74587,1.03911,1.86743,-0.655483,1.14783,-1.82611,-0.927647,-0.504786,2.70495,2.08871,-1.42654,-0.817447
0.945073,1.05662,0.507933,1.88861,2.82447,-4.47734,0.937327,0.146164,-1.02936,-1.65871,0.900553,-1.95923,-0.301496,-1.56162,-1.68267,2.32785,0.656904,-1.29958,-0.497846,1.10855,-2.34651,-1.00444,2.18324,-0.260762
0.647029,-0.730557,0.137171,0.683162,-0.919969,-0.646033,0.0226808,-0.279172,-1.41005,-0.434733,0.483624,-0.159223,0.182385,0.299894,0.596122,0.585869,0.663792,-0.227582,0.89984,-1.501,1.17776,-0.578552,-0.873527,-0.714254
0.320691,-2.08806,0.466085,-0.207727,-0.975753,0.657375,-0.359396,-0.240628,-1.2842,0.239837,-0.237719,-0.172136,-0.298817,-0.059505,1.63354,0.120326,-0.401748,-0.0102752,0.619486,0.733314,0.959394,0.61815,-2.30665,-1.07595
-1.1111,-2.01632,-0.505813,-3.24019,-1.58913,6.69502,0.835053,-0.866816,5.63707,0.603574,-0.0824205,2.78224,-1.71964,0.916695,-0.547816,-1.52406,-1.55787,3.63173,2.45002,-2.40692,0.0503272,-2.66182,-0.694257,0.966782
0.203631,1.55772,-0.320706,1.59098,-1.99008,-2.11485,-1.75536,0.596296,-4.95688,1.1915,-0.461248,-0.634302,2.41307,1.31759,2.24847,-1.11963,1.52069,-2.57043,-1.94786,-0.114506,3.14103,3.45204,-1.43936,-0.564459
-0.0773003,-0.603905,0.939326,-0.300164,0.254616,-0.320551,-1.6514,0.822744,-2.5572,1.46418,-1.55546,-1.15342,0.546284,-0.594464,2.28614,-1.27127,-1.20251,-1.92643,-2.23973,4.59085,0.851287,3.96526,-1.92136,-1.14621
1.16313,-3.44204,0.923254,0.821806,-3.18917,0.0164513,-1.49681,-0.325679,-5.33926,0.691486,-0.326194,-0.735168,0.703553,0.553121,4.03502,-0.0579296,0.332055,-1.17531,0.884525,-0.0679384,4.26678,2.27023,-5.06193,-2.53829
-0.80539,0.599806,-0.289366,-1.75009,2.79234,2.0532,2.14009,-0.25527,6.68753,-1.10305,0.627789,1.07738,-2.15018,-1.00978,-3.73484,0.643647,-1.20854,2.77159,1.21992,-0.562832,-4.20376,-3.99765,3.65043,1.79591
-0.42988,1.30835,-0.519088,-0.201754,0.448783,0.490758,0.507573,0.0190419,1.72342,-0.164265,0.407183,0.749178,-0.0104774,0.378454,-1.41627,-0.35693,0.345361,0.582128,-0.0942973,-1.40816,-0.575073,-1.05423,1.60362,1.0561
-0.568507,0.265691,-0.296784,-0.739902,-0.26985,1.46974,-0.0501456,0.0693199,1.35982,0.466928,-0.223459,0.803596,0.0063642,0.337448,-0.353933,-0.744757,-0.278889,0.753514,-0.0271378,-0.353603,-0.167727,-0.202339,0.345927,0.565532
1.66308,3.6741,0.388226,4.41964,2.63532,-8.992,-0.0930712,0.848504,-5.81371,-1.62926,1.0527,-3.21206,1.8995,-0.901277,-0.986781,2.64626,2.57159,-4.31895,-2.67034,0.972687,-0.942329,1.37407,2.75991,-0.611894
0.117611,2.04239,0.19274,1.31794,1.45495,-3.14841,-0.305135,0.716089,-1.724,-0.00913832,-0.312384,-1.16118,0.887304,-0.502954,-0.389662,0.395823,0.632325,-1.7831,-1.89287,1.79712,-0.909987,1.53011,1.49464,0.078866
0.713703,-3.89496,1.18286,-0.0495925,-1.24787,0.156742,-1.19093,-0.250131,-3.51229,0.62337,-0.853825,-1.15652,-0.417686,-0.794282,3.51276,0.275251,-0.991578,-0.810007,0.56103,3.09612,1.72615,2.4651,-4.46174,-2.305
1.46543,-4.36369,1.33782,0.402136,-0.489007,-0.675448,1.22019,-0.913996,-0.456511,-1.54509,1.05167,-0.456725,-1.98113,-0.715043,0.71213,2.31233,-0.293889,1.18854,3.27893,-1.47111,0.0581694,-3.14123,-1.9847,-1.96099
-0.435754,-0.826764,-0.557745,-0.834535,-1.71146,2.28751,0.0670903,0.134287,1.27888,0.614578,-0.189761,1.11981,0.527496,1.00415,0.246971,-1.48517,-0.0955045,1.20664,0.401108,-1.28894,1.32858,0.119033,-0.457764,0.47754
-0.498321,-1.6093,-0.29638,-1.85909,-1.10841,4.23692,0.715652,-0.638012,3.5801,0.150239,0.0155241,1.79194,-1.17879,0.487866,-0.359075,-0.655934,-0.864388,2.52642,2.05034,-2.15569,0.159139,-2.16448,-0.563793,0.619887
-1.22857,0.914657,-0.583873,-1.17834,-1.03578,2.55744,-0.728467,0.251962,1.30905,1.37467,-0.870077,1.24033,0.568455,0.99129,0.380442,-1.92818,-0.478525,0.534549,-0.804294,0.309629,0.657497,1.23135,-0.142862,0.80422
0.86166,-0.310967,0.256129,1.62267,-1.62666,-2.18302,-1.11001,0.112052,-4.75389,0.243891,0.0554447,-0.951829,1.46294,0.600397,2.22051,0.0957611,1.079,-1.9917,-0.521608,-0.246977,2.67152,1.93388,-2.13774,-1.32522
-1.24465,3.01253,-1.03842,-0.545277,-0.204293,0.942734,-0.568888,0.575171,1.39819,1.13832,-0.420709,1.19766,1.10795,1.05435,-0.916828,-1.8334,0.250009,-0.147371,-1.79561,-0.363253,-0.0746431,1.04641,1.85937,1.5508
-1.59491,3.24575,-1.57061,-1.28875,-0.717759,2.69379,-0.0422151,0.407735,3.45346,1.11362,-0.249801,2.26423,0.953329,1.5805,-1.71883,-2.33342,0.218071,1.20027,-1.08812,-2.26013,-0.0525532,-0.396978,2.57852,2.35125
-0.268164,-0.443685,0.688705,-0.128884,1.94048,-0.864927,0.0124337,0.863321,0.668457,0.196365,-0.548873,-1.10276,-0.685999,-1.41816,-0.295304,0.701844,-1.06972,-0.251984,-0.0491626,3.1484,-2.1351,0.420588,0.515149,0.139918
0.434586,0.126681,-0.0180361,1.69321,-2.83299,-1.50082,-1.9124,0.0771554,-5.30004,1.11109,-0.255769,-0.496997,2.41333,1.22253,3.04998,-0.670834,1.42754,-2.48693,-1.64094,-0.731927,3.69657,2.84428,-1.9827,-1.03989
1.47501,-5.36389,2.33242,0.523749,0.850389,-1.88361,-0.544251,-0.487861,-4.00659,-0.517106,-0.643416,-2.7934,-1.68753,-2.50749,3.16965,2.35583,-1.54466,-1.12321,1.06145,5.22843,-0.219491,1.7324,-4.43227,-3.24853
2.15116,-1.73851,0.864943,2.61739,-0.479143,-3.83241,0.557681,-0.645188,-4.16292,-1.90473,1.41949,-1.83723,0.109721,-0.306336,0.891679,2.48734,1.76446,-1.28706,1.63447,-2.26726,1.46242,-1.29081,-1.27977,-1.86902
0.681963,1.44651,-0.196737,1.93646,-1.04317,-2.80931,-0.989095,0.350613,-4.08743,0.209718,0.126809,-0.876292,1.9356,0.937153,1.17319,-0.11604,1.6795,-2.16991,-1.25912,-1.03424,2.1721,1.77531,-0.47847,-0.470381
-0.61976,3.02464,-1.00423,-0.0905566,1.54558,-0.0822308,1.48517,0.238168,3.89956,-0.818014,1.06334,1.02863,-0.104863,0.258909,-3.49681,0.131078,0.657813,1.13508,0.0709691,-2.80337,-2.22436,-2.9858,4.28213,2.16107
-0.338377,-3.84932,-0.252526,-2.05085,-3.83823,5.04602,-0.490275,-0.74402,0.807781,0.521316,-0.508415,2.19288,-0.82677,1.04161,2.29936,-1.09604,-0.67296,1.95497,2.56026,-2.67934,2.70056,-1.27009,-4.23357,-0.723048
-0.83195,-3.48592,0.114461,-2.88488,-2.76818,6.07385,-0.786513,-0.528361,1.85761,1.73618,-1.19328,1.82659,-0.845788,0.796906,2.40695,-2.19899,-1.98286,2.17594,1.45153,0.432293,1.93051,0.638633,-3.84426,-0.507504
0.503451,-5.4577,0.981142,-1.73449,-2.00317,4.07983,0.333913,-1.11342,0.79566,-0.0272278,-0.0661564,0.697141,-1.95007,-0.21759,2.14044,0.207431,-1.54162,2.15667,3.36568,-0.507025,1.51692,-1.42339,-4.23015,-1.74986
-1.01466,6.97225,-1.71062,1.48919,1.47491,-3.20765,-0.113936,1.28458,0.278766,0.30098,0.23722,0.297369,2.5967,1.20232,-2.98355,-1.122,2.01277,-1.90639,-3.629,-1.34421,-1.10519,0.884514,5.39413,2.64694
0.925949,-5.85318,1.43646,-1.11681,-0.793842,2.35848,0.29406,-1.10663,-0.234542,-0.471125,-0.235242,-0.458271,-2.2068,-1.24421,2.31589,1.38376,-1.69484,1.27963,3.088,1.28595,0.551318,-0.896769,-4.33151,-2.17077
0.303803,-1.72575,0.876769,0.340962,0.104214,-0.929151,-0.713948,0.0482789,-2.47376,0.338328,-0.595933,-1.23272,-0.0462933,-0.794924,1.88218,0.405478,-0.67472,-0.976819,-0.353148,2.76331,0.461365,1.99782,-2.14838,-1.25572
-0.229512,5.88147,-0.877106,1.89015,0.568219,-4.64385,-0.969893,0.907097,-2.68079,-0.0552171,0.605185,-0.84991,3.07057,1.40072,-1.62646,-0.582369,2.22916,-3.24347,-3.5335,-1.33175,0.698832,2.16437,3.28552,1.48287
-0.926027,4.03636,-0.824671,0.462846,1.10535,-1.60089,-0.664859,0.923744,-0.0230303,0.887805,-0.463075,0.0622282,1.48801,0.428493,-1.16736,-1.15331,0.702389,-1.28968,-2.77518,1.0302,-0.792534,1.71446,2.73842,1.45134
-0.497419,4.10805,-1.00291,1.24473,-0.504662,-2.1802,-1.27509,0.975432,-2.40237,0.997673,-0.343038,0.0608699,2.57121,1.26454,-0.0865271,-1.39114,1.56677,-2.0523,-2.75629,-0.498376,1.23032,2.57637,1.66498,1.03234
0.415443,-1.87337,0.711452,-0.188865,0.72283,-0.168151,0.274918,-0.406964,-0.0423065,-0.544485,0.0277261,-0.715993,-1.14936,-1.04363,0.279941,1.01068,-0.674639,0.212838,0.761185,1.49606,-0.840847,-0.361178,-0.882364,-0.812208
-0.127736,1.68214,0.0206611,1.01434,0.562402,-2.37441,-0.821604,0.510226,-2.44632,0.652174,-0.490801,-0.981801,1.14077,-0.0502424,0.483988,-0.216132,0.461958,-1.88681,-2.0526,1.9982,0.152457,2.39265,0.272851,-0.0477235
-2.11066,10.9804,-2.60725,2.03363,0.712375,-4.16588,-1.7346,2.27239,-1.36913,2.03368,-0.470488,0.732974,5.14564,2.69411,-2.79496,-3.34701,2.99874,-3.51522,-6.5836,-1.0357,0.273316,3.87103,6.5236,3.82318
1.66495,-1.46693,1.09562,1.99413,1.18607,-4.02188,0.231863,-0.247087,-3.50621,-1.44461,0.696438,-2.19631,-0.470963,-1.37467,0.6193,2.55205,0.553239,-1.58294,0.556334,1.07928,-0.315481,-0.148749,-0.807817,-1.78072
0.150396,1.37474,-0.24158,0.831455,0.105114,-1.45163,-0.0160415,0.182263,-0.968526,-0.200242,0.355563,-0.222832,0.685821,0.30834,-0.477397,0.0247323,0.88819,-0.705549,-0.5449,-0.911171,0.282449,0.0122912,0.988478,0.297943
0.42855,-0.750852,0.0801525,0.103965,0.00282258,-0.000769308,0.633724,-0.360632,0.481384,-0.643185,0.550284,-0.00864475,-0.494207,-0.248892,-0.389322,0.636942,0.137976,0.520779,1.02673,-1.04177,-0.0907106,-1.33703,-0.0214077,-0.261543
-0.379206,-0.567319,-0.12125,-0.456845,-2.18362,1.01908,-1.84955,0.343103,-1.63519,1.21189,-0.99147,0.231536,0.969143,0.8311,2.2916,-1.49101,0.188017,-1.04627,-0.641593,1.04407,2.52578,2.43863,-2.37997,-0.638645
-1.00142,2.05678,-0.97704,-0.360404,0.077909,0.943077,-0.0618933,0.573045,1.07365,0.554869,-0.0664738,0.996129,0.600982,0.687856,-0.831201,-0.858633,0.75657,-0.482988,-0.754015,-0.708844,0.335441,0.168193,1.57332,1.43587
0.661391,3.45688,-0.670064,2.82452,-1.65404,-4.00203,-1.25154,0.554775,-5.15749,0.0914583,0.476884,-0.654014,3.14823,1.75584,0.705181,-0.436479,2.79828,-2.8418,-1.9463,-2.66766,2.94685,1.87464,0.628117,0.0102066
2.38347,-5.36596,1.68481,1.60261,-1.63538,-1.85702,-0.244132,-1.09512,-5.29803,-1.24167,0.737984,-1.97307,-0.834971,-0.852293,3.30106,2.36734,0.249382,-0.898804,2.64351,-0.0769294,2.62606,-0.128801,-4.88903,-3.4342
0.477955,-4.97734,1.34466,-1.50057,0.0432202,2.30875,0.397193,-0.751137,0.934089,-0.36615,-0.217269,-0.4073,-2.39613,-1.54141,1.43069,1.09227,-2.01688,1.54674,2.38147,2.08427,-0.577544,-0.851246,-3.04782,-1.60179
0.579482,-0.175662,-0.0882584,0.657251,-0.840969,-0.606597,0.0408484,-0.224111,-1.37166,-0.273455,0.491475,-0.0815068,0.472926,0.508537,0.45717,0.199121,0.789504,-0.323967,0.459025,-1.61686,1.16097,-0.316057,-0.403297,-0.373531
-0.529496,1.238,-0.356189,-0.230226,0.306852,0.281803,0.0344491,0.2255,1.07155,0.314074,-0.137859,0.490508,0.209479,0.270556,-0.657064,-0.581284,0.0954363,0.147882,-0.673718,-0.0711053,-0.492666,0.0281106,1.12186,0.736315
1.39282,3.18709,0.345836,3.91508,2.4245,-7.88945,-0.0255522,0.769107,-4.93884,-1.36041,0.824251,-2.92351,1.65514,-0.948142,-0.936495,2.29824,2.24199,-3.66977,-2.35696,1.00948,-0.846827,1.21131,2.37392,-0.482284
-0.291336,1.41876,0.382636,1.39609,0.284939,-3.03885,-0.737214,0.25683,-3.30348,0.40053,-0.596918,-1.43741,0.861802,-0.00971417,1.08366,-0.147223,0.243568,-2.17183,-1.74178,1.76128,0.489831,3.07039,-0.00113503,-0.623184
-0.464629,-0.186612,-0.303336,-1.41707,0.673941,2.5782,1.28586,-0.385348,4.39141,-0.43514,0.32882,1.31044,-1.30204,-0.13836,-1.99086,-0.097933,-0.653875,2.23202,1.36561,-1.42618,-1.70819,-2.76959,1.53749,1.0423
0.881942,0.801505,0.164713,1.90147,-0.170544,-3.14969,-0.428296,0.230243,-3.52412,-0.374827,0.373429,-1.21301,1.1599,0.13812,0.594624,0.75482,1.32571,-1.77159,-0.822758,-0.495175,1.12579,0.928451,-0.169641,-0.696878
-0.97401,4.65312,-0.947609,0.526688,1.89045,-1.96514,-0.109075,0.963987,1.1295,0.335785,-0.159324,0.0175648,1.31336,0.247917,-2.16225,-0.798227,0.602467,-0.995913,-2.85628,0.73208,-1.88688,0.91864,3.90547,1.87503
-0.997966,2.50349,-0.747366,-0.706625,1.79262,0.378505,0.561164,0.314293,3.2744,0.120334,-0.12627,0.7125,-0.136918,-0.15679,-2.34225,-0.597951,-0.290516,0.602079,-1.07127,0.229749,-2.20951,-0.668427,3.18249,1.75501
-0.0722007,-0.756318,0.182935,-0.613552,0.206962,0.973247,0.143539,-0.091341,0.808851,0.111075,-0.264512,0.0494313,-0.492964,-0.308945,0.154857,-0.0497376,-0.593522,0.567527,0.366767,0.8134,-0.41776,-0.107096,-0.448652,-0.171018
0.337194,2.97685,-0.735988,1.20033,-0.692956,-1.13066,0.270242,0.336566,-0.140898,-0.747614,1.14,0.828415,1.30298,0.867069,-1.26396,-0.152709,1.76664,-0.798636,-0.0302228,-3.77635,1.02248,-1.23279,2.25056,0.975597
1.09083,-2.40629,0.893157,0.792328,-0.656614,-1.17442,-0.306628,-0.338346,-2.73346,-0.460554,0.167827,-1.04675,-0.230143,-0.438158,1.61271,1.13882,0.131809,-0.698199,0.914331,0.355765,1.11454,0.404376,-2.30181,-1.62591
-0.331105,-4.59426,0.613851,-2.99871,-0.531839,5.7168,1.37544,-1.21854,5.18386,-0.459026,0.0813322,1.60467,-3.0826,-0.668545,-0.082314,0.116586,-2.24429,3.87207,3.60904,-0.712635,-0.98852,-3.2911,-1.8389,-0.26876
-1.79059,5.80658,-1.71338,0.0379404,0.594173,-0.181501,-0.500996,1.1456,1.93225,1.30042,-0.493247,1.35972,2.14006,1.50236,-2.19216,-2.20646,0.893587,-0.627525,-3.15736,-0.671311,-0.836496,1.37783,4.27247,2.79684
0.216092,-3.17755,0.173619,-1.44924,-0.914799,3.55048,1.18923,-0.95783,3.0538,-0.758466,0.676239,1.23133,-1.79573,0.0739364,-0.320643,0.405292,-0.947512,2.61452,3.09543,-2.34635,0.0379525,-3.25399,-1.34911,-0.287256
1.2949,-0.962037,-0.0110594,1.11993,-0.943663,-0.92891,1.09163,-0.674452,-0.74573,-1.67702,1.48165,0.00971966,-0.152485,0.355751,-0.450361,1.39164,1.36026,0.359327,2.14918,-4.11877,1.07743,-2.82365,-0.0105663,-0.625149
1.00506,-1.66836,0.543178,0.727652,-0.536602,-0.961439,0.137986,-0.385006,-1.59829,-0.770979,0.477831,-0.659668,-0.306357,-0.302114,0.713878,1.13304,0.244657,-0.220895,1.02863,-0.763814,0.775506,-0.656249,-1.21581,-1.16917
-1.04201,0.217695,-0.572691,-1.66026,-0.545614,3.32553,0.0164672,-0.0718161,2.91299,0.83659,-0.438228,1.66577,-0.333227,0.637017,-0.501257,-1.43857,-0.773607,1.52158,0.198556,-0.602316,-0.0790586,-0.489976,0.306359,1.02949
0.103744,-0.0542113,-0.313826,-0.220337,-0.380054,1.01727,0.614035,-0.356831,1.54486,-0.501438,0.512163,0.762471,-0.386187,0.537441,-0.817136,0.136852,0.343391,1.06697,1.09031,-2.19657,0.134469,-1.84297,0.558563,0.397203
-1.14239,-2.88275,0.00975091,-3.57106,-0.385581,6.2732,0.825393,-0.747569,5.86091,0.606801,-0.566305,2.0883,-2.34076,-0.299169,-0.543285,-1.01916,-2.46493,3.56338,2.11992,0.191256,-1.28279,-2.03459,-0.956148,0.706406
-0.206413,1.99449,-0.676582,0.583384,-0.22706,-0.726512,-0.30932,0.395366,-0.416686,0.272481,-0.0892628,0.333892,1.08977,0.717863,-0.409157,-0.650155,0.748823,-0.642375,-1.0949,-1.00269,0.478527,0.497111,0.97648,0.724478
-1.66131,1.37815,-0.747128,-1.98147,-0.51626,3.41566,-0.669262,0.39744,2.86991,1.68638,-1.00703,1.74993,0.208621,0.764034,-0.302082,-2.30964,-1.07553,1.03472,-1.04694,0.825103,-0.256582,1.13742,0.674114,1.5085
2.12054,-2.14494,1.3492,2.57712,0.570055,-4.90497,-0.226273,-0.179445,-5.46063,-1.46018,0.506599,-2.9008,0.0120113,-1.3652,1.77547,2.72535,0.852092,-2.3077,0.388957,1.38294,0.659852,0.701515,-2.09863,-2.50038
0.638073,1.39241,0.39689,2.28644,-0.209228,-4.28357,-1.67441,0.764772,-5.7402,0.772433,-0.538356,-1.92785,2.1041,0.107583,1.83945,0.0956454,1.2299,-3.46532,-2.54851,2.24478,1.68464,3.89606,-0.902206,-1.00732
-1.70401,4.64517,-1.60114,-0.49018,-0.590277,0.855729,-1.01325,1.00323,0.979383,1.75602,-0.70383,1.43613,2.08855,1.74679,-0.827254,-2.87186,0.721484,-0.607207,-2.78699,-0.575601,0.518178,2.04043,2.36092,2.12023
0.189629,4.25216,-0.716399,2.2027,0.607268,-3.9951,-0.276653,0.700157,-2.29746,-0.289692,0.581584,-0.55196,2.14799,0.777628,-1.2355,-0.029504,2.02595,-2.12216,-2.21266,-1.35309,0.213568,0.884527,2.88432,1.0067
-2.04443,5.89015,-0.939171,0.294734,2.06794,-2.47472,-2.07847,2.05046,-1.14587,2.57417,-2.0705,-0.530145,2.55526,0.031734,-0.47273,-2.43655,-0.122675,-2.91019,-5.92378,5.48944,-1.51511,5.708,2.93901,1.88491
-1.24001,2.19739,-0.758656,-0.749461,0.215894,0.915805,-0.569995,0.575153,1.34081,1.19211,-0.758794,0.752576,0.706416,0.53672,-0.551177,-1.6638,-0.259883,-0.0630084,-1.64299,0.920072,-0.421738,1.43191,1.27876,1.27372
0.76609,-4.28005,0.603143,-1.93606,-0.346398,3.30553,1.35623,-1.07544,2.57497,-1.22988,0.16346,0.370627,-2.00856,-0.93399,0.469895,1.04413,-1.36666,2.41074,3.37359,-0.834945,-0.486728,-2.57683,-1.86626,-0.500953
-0.273962,0.0564312,-0.0171188,-0.0840804,-0.845877,0.279924,-1.20357,0.259946,-1.65297,1.12137,-0.727122,-0.0861925,0.787268,0.382472,1.4386,-1.02661,-0.115874,-0.942819,-0.988808,1.31715,1.20473,2.28332,-1.37643,-0.266294
-0.243477,0.35755,-0.307485,-0.244587,-0.719553,0.808284,-0.13279,-0.0343769,0.165242,0.358436,0.0527206,0.636443,0.37983,0.580622,-0.0445757,-0.528594,0.173643,0.25649,0.026284,-1.01505,0.722415,-0.144488,0.00199355,0.266476
-0.0592086,0.726674,-0.241729,0.0804374,0.0553285,-0.150527,0.203017,0.0374536,0.482001,-0.153554,0.179368,0.204059,0.0786012,0.114463,-0.511254,-0.0127788,0.150927,0.219351,0.00322959,-0.609752,-0.141915,-0.501658,0.704454,0.388845
-0.719531,-1.8391,0.239069,-1.57536,-0.541066,2.82405,-0.352347,-0.187202,1.14173,1.04056,-0.825767,0.51608,-0.75518,-0.246734,1.14857,-1.0074,-1.54399,0.897081,0.310411,1.90485,-0.00875127,0.801884,-1.73036,-0.200338
0.900206,-4.13858,1.22358,-0.282228,-0.497295,0.566155,-0.374762,-0.523989,-1.81529,-0.101493,-0.394378,-1.02371,-1.21913,-1.08254,2.29063,1.03056,-1.0964,0.0476078,1.4846,2.14452,0.723534,0.583835,-3.66976,-2.01944
-2.26933,2.81689,-1.27075,-1.64475,-2.61009,3.43574,-2.51458,1.0377,-0.119337,3.59967,-2.04149,1.9502,2.39609,2.2135,1.79585,-4.45727,-0.471515,-0.599892,-3.2124,1.45079,2.55624,4.79651,-0.864385,1.48694
0.421127,2.94403,-0.1191,1.95525,2.11501,-4.42268,0.188978,0.589721,-1.50749,-0.728779,0.47924,-1.27462,0.999972,-0.593091,-1.54861,1.0127,1.19853,-1.91389,-1.78519,0.541657,-1.36139,0.335763,2.76312,0.458035
0.409824,-4.05519,0.854906,-1.545,0.0307715,2.27084,0.463764,-0.634535,1.18015,-0.0280004,-0.332996,0.513726,-1.87073,-0.866595,1.05347,0.592843,-1.78742,1.38222,1.53206,2.38087,-0.27458,-0.730129,-2.39161,-1.43587
-0.129194,1.10915,0.068166,0.927664,0.314472,-1.89748,-0.915277,0.3587,-1.42978,1.00185,-0.0219756,-1.08406,1.06711,0.27823,0.507046,-0.462226,0.121777,-1.11986,-1.88003,1.86105,0.0455723,2.06065,0.00504461,-0.12849
-0.588501,-0.112643,-0.0201111,-0.965559,0.5119,1.06352,0.0159494,0.119808,1.37367,0.564757,-0.516543,0.20605,-0.43572,-0.349045,-0.130887,-0.453492,-0.849319,0.41148,-0.352189,1.60197,-0.806679,0.498478,0.125551,0.269235
0.785809,-0.538186,0.398111,0.33073,2.17033,-1.40058,1.77353,-0.37588,1.93424,-1.92091,1.1298,-0.637728,-1.48642,-1.30682,-2.13776,2.12097,-0.0386054,0.802821,1.30028,-0.546354,-2.48175,-3.06068,2.00537,0.107675
-0.973655,3.06695,-0.923992,-0.082174,0.105508,0.0676653,-0.347296,0.580744,1.03387,0.730954,-0.12869,0.834419,1.1801,0.827418,-1.05945,-1.27809,0.401427,-0.344954,-1.67179,-0.501394,-0.208826,0.652895,2.12851,1.5192
0.192484,-0.18248,0.363999,0.177325,0.852482,-0.916295,0.278741,-0.00485898,-0.165522,-0.285666,-0.0567919,-0.61234,-0.327382,-0.569317,-0.199552,0.545661,-0.235255,-0.22885,-0.0702846,1.05121,-0.859235,0.0381784,0.191759,-0.213604
0.621729,-2.03575,0.0558371,-0.0309525,-1.94614,1.23828,0.0308252,-0.527478,-0.803791,-0.347413,0.407049,0.479404,-0.166492,0.668696,1.14337,0.00771839,0.231593,0.618086,1.69033,-2.2549,1.8867,-0.809412,-1.91276,-0.828078
-0.130749,0.703516,0.149569,0.0698982,1.79258,-0.907566,0.612418,0.166812,1.28124,-0.431665,0.0991191,-0.303109,-0.533716,-0.863827,-1.18886,0.599538,-0.258062,0.111792,-0.353901,1.15161,-1.89659,-0.532744,1.65883,0.528409
0.105471,-6.78527,1.11123,-2.76328,-2.40342,5.7936,-0.141648,-1.2204,1.53049,0.530501,-0.727095,0.906975,-2.51503,-0.342252,2.9147,-0.160916,-2.51329,2.76462,3.5793,0.810475,1.517,-0.693548,-5.47006,-1.94566
1.90238,-4.42954,1.74673,1.50483,-0.491091,-2.59372,-0.491803,-0.614074,-5.0694,-0.799407,0.128187,-2.37838,-0.76867,-1.40832,3.02006,2.29271,-0.122503,-1.50624,1.41851,2.16285,1.48932,1.17291,-4.15325,-3.09911
0.588664,-2.06904,0.993494,0.0114205,0.958392,-0.756692,0.0855667,-0.281814,-0.744157,-0.389472,-0.135794,-1.1581,-1.05137,-1.30961,0.764841,1.13452,-0.735253,-0.170257,0.544284,2.39109,-0.849628,0.194799,-1.24702,-1.06624
-0.969442,-2.38426,-0.188072,-3.29189,-0.257607,5.92016,1.1768,-0.699096,6.19727,0.15258,-0.142094,2.12042,-2.32621,-0.107383,-1.14076,-0.807191,-2.09076,3.89153,2.60952,-0.884919,-1.39017,-3.00009,-0.183875,0.893981
1.37175,-0.59048,1.24685,1.51702,1.53501,-4.3931,0.394845,0.251539,-2.706,-1.18758,0.349854,-2.38414,-0.0965905,-1.15149,0.426647,2.83096,0.722377,-1.35573,0.132123,1.65546,-0.950365,-0.12814,-0.391168,-1.58329
0.175437,1.02477,0.175657,0.546511,1.69159,-1.96998,0.41846,0.235351,-0.101997,-0.493426,0.220247,-0.810675,-0.0735663,-0.792864,-0.930345,0.78056,0.175801,-0.619996,-0.697793,1.06034,-1.44057,-0.0945673,1.46613,0.136407
-1.15248,-0.761318,-0.261199,-2.18467,-0.0221106,3.91941,0.195956,-0.137198,3.73907,0.920491,-0.73568,1.31517,-0.927942,0.0202299,-0.261693,-1.31295,-1.57491,1.89773,0.475603,0.810042,-0.855191,-0.428321,-0.183525,0.869833
1.22017,-1.9122,1.14803,0.708628,-0.358773,-2.19398,-0.566233,-0.0351627,-2.55092,-0.326349,0.228534,-1.44384,-0.505632,-0.924292,1.29563,1.02179,-0.398849,-1.63711,0.228422,1.70575,0.579968,0.844339,-2.12938,-1.66385
-0.309705,2.42272,-0.567351,0.53901,0.194528,-1.10069,-0.40423,0.519373,-0.603053,0.382563,-0.163186,0.0464963,1.10821,0.627878,-0.306271,-0.581532,0.730381,-0.809262,-1.35492,-0.323251,0.119052,0.994691,1.36666,0.629714
0.465705,1.58856,0.2477,1.81447,-2.08508,-6.51866,-1.15135,0.578999,-2.59891,-0.297848,-0.00980484,-0.774988,0.11721,-0.375013,-3.46,-1.37435,0.910463,-5.49891,-2.30997,0.94894,2.21553,0.574864,-1.7007,1.77277
-0.652543,-2.60539,-0.100764,-0.77349,-1.55882,0.716796,1.11403,-0.733033,2.34563,-0.793416,-0.574106,1.11017,-2.09377,-0.712477,-2.96094,-0.775085,-0.51884,0.297473,1.48197,-0.186664,0.618058,-2.98004,-2.25481,2.0321
1.66319,0.0172759,1.24867,0.790457,-1.71619,-5.14397,-1.17438,0.00460297,-1.46391,-0.343722,1.14673,-0.960616,-1.10638,-0.590895,-1.56961,-0.229084,-0.514611,-4.43632,-0.531875,0.470876,1.3112,0.12428,-1.7646,-0.633003
-1.14308,4.07963,-1.33314,0.871948,1.81473,0.802817,-0.364099,0.933492,-1.35171,0.99781,-0.519252,0.0229598,3.05185,1.26333,1.79537,-0.186778,1.48826,1.04128,-2.26279,-0.393825,-0.931046,2.59783,3.61091,0.258368
-0.191725,-1.64808,0.107817,1.05152,-0.180323,-1.14248,0.0519517,-0.0527075,-2.52724,-0.241556,-1.00821,-0.757591,0.0438828,-0.727397,0.44929,0.32335,0.526238,-0.663754,-0.263842,2.01722,0.87327,0.767528,-2.04607,0.164772
-2.05679,-4.51329,-0.701465,1.00008,1.14893,3.48164,1.40902,-0.496546,-3.08513,-0.379719,-3.21113,-0.495826,0.707046,-1.14073,2.6299,1.3144,1.076,3.43141,0.776324,3.35796,0.369271,0.681441,-2.86917,0.73553
-0.245632,-1.34403,-0.0664366,-1.45397,-0.473079,2.61559,0.946944,-0.643402,3.65096,-0.373636,0.249917,1.37765,-1.44148,-0.00771045,-1.5265,-0.409447,-0.849232,1.77345,1.82682,-1.48948,-0.575698,-2.59722,-0.0919429,0.756016
-0.280205,-1.45056,-0.10926,0.155441,0.946611,1.73203,0.470957,-0.0864697,-1.23427,0.0462125,-0.864466,-0.486342,0.443865,-0.267953,2.04604,0.972461,0.254701,1.78883,0.39145,1.17849,-0.356241,0.810523,-0.442058,-0.705221
0.607877,-4.10888,0.934693,-0.61603,-0.736282,0.457663,0.48637,-0.848865,0.227201,-0.771937,-0.0596576,-0.230642,-2.12341,-1.29209,0.00714134,0.782285,-1.06296,0.252302,2.03984,1.04198,0.433851,-1.54388,-3.13157,-0.767865
-0.733274,6.4539,-1.34334,1.92748,-0.225584,-4.35229,-1.18429,1.35064,-1.91466,0.928648,-0.172657,0.0456905,2.99181,1.45992,-2.17359,-1.97203,2.09344,-3.45833,-4.15598,-0.531118,0.882479,2.44474,3.20808,2.35791
-1.04917,-0.033066,-0.766222,-1.71483,-0.399245,3.41831,1.20466,-0.386816,4.6419,-0.252896,0.142659,1.99331,-1.07399,0.480531,-2.30659,-0.963034,-0.427997,2.33553,1.51805,-2.21413,-0.692182,-2.88002,1.10207,1.81601
0.437271,1.13479,0.0796014,0.343455,-0.012644,-1.3212,-0.438685,0.288495,-0.822297,0.284926,0.373255,-0.418196,0.527518,0.144041,0.218666,-0.00386812,0.274056,-1.04973,-0.758974,0.0220045,0.125175,0.81006,0.49793,-0.349878
1.00232,0.867669,0.598716,-0.454493,-2.13659,-3.11345,-0.520579,-0.078159,1.96605,-0.330209,1.36993,0.631939,-1.58621,-0.119205,-3.72563,-1.37005,-0.702508,-3.28525,0.0300166,-1.49095,0.927563,-1.84677,-0.561748,0.926549
0.0900906,0.567273,0.107513,1.6622,0.0673119,-2.67224,-0.700051,0.36106,-3.6743,0.245419,-0.730632,-1.19707,1.19298,-0.239235,0.732673,0.235699,0.942633,-1.98466,-1.55856,1.84501,0.965268,2.03692,-0.82864,-0.0681717
-0.0290144,-0.259671,0.0354341,-1.18862,-1.19732,0.625432,0.5179,-0.378899,3.335,-0.308264,0.723836,1.3437,-1.45144,-0.0270643,-2.71294,-0.886558,-0.746527,0.0365725,1.07229,-1.80211,-0.0358362,-2.59182,-0.0271461,1.2443
0.719611,-5.771,1.39138,-0.380077,-1.01699,0.163978,0.578111,-0.92723,-0.756321,-1.05235,-0.425909,-0.69207,-2.55903,-1.7689,0.414085,1.28859,-1.12195,0.102478,2.58336,1.96082,0.783345,-1.54503,-4.60477,-1.02436
0.191604,5.5305,-0.722287,1.30103,-0.103492,-4.08321,-1.4629,1.19731,-1.61141,0.836174,0.609592,-0.348987,2.15121,1.07668,-1.203,-1.18927,1.20468,-3.35197,-3.16537,-0.825193,0.454611,2.28486,2.87854,0.809906
1.36259,-3.28804,1.5623,1.90515,-0.388268,-4.03148,-0.939576,-0.143624,-5.57921,-0.478988,-0.539892,-2.57181,-0.367888,-1.58669,2.10768,1.57495,-0.147451,-2.8319,-0.194789,3.76691,1.48877,2.12904,-4.20756,-2.14156
-0.871351,1.34513,-0.816051,-0.563217,-0.214149,1.22035,0.393223,0.046117,2.06503,0.00376347,-0.111911,1.14096,0.115461,0.497167,-1.64576,-0.914034,0.302137,0.755339,-0.108923,-1.31229,-0.223117,-1.09368,1.31211,1.58227
0.544822,0.076735,0.320989,0.7859,1.14844,-0.436198,-0.625101,0.220207,-2.57941,0.293527,0.0188886,-1.28121,1.019,-0.059285,2.78638,1.18644,0.226314,-0.0517925,-0.516637,1.1698,-0.258919,2.25781,0.151524,-1.8597
-1.17306,5.0964,-1.50182,0.787286,1.22475,-0.071072,-0.538769,0.992898,-0.656552,1.0007,-0.239316,0.468344,2.8595,1.56961,0.33931,-0.873681,1.49779,0.0908363,-2.58627,-0.967318,-0.522851,2.17271,3.95197,0.915266
-1.74842,3.63035,-1.81805,0.346121,1.77008,2.63776,0.284147,0.758998,0.276027,0.919415,-0.742628,0.856546,2.71722,1.40357,1.07363,-0.481319,1.53158,2.34574,-1.7096,-0.873665,-1.10439,1.52282,3.86074,1.1553
0.5034,2.51776,0.183415,1.86082,-0.42217,-4.77429,-1.23784,0.814985,-3.39827,0.295567,0.180617,-1.1636,1.36125,0.13583,-0.576585,-0.611835,1.00412,-3.80975,-2.4749,1.0126,1.2951,2.19641,0.131654,0.31139
0.69905,2.28325,0.180154,0.916343,-0.0849012,-2.9279,-1.04032,0.649308,-1.8791,0.39164,0.507181,-0.768597,0.99497,0.299574,0.162829,-0.236495,0.502901,-2.44186,-1.62376,0.163304,0.421271,1.61418,0.89878,-0.451947
0.506165,-0.757242,0.509809,0.906157,-0.384369,-2.26669,-0.473531,0.0644868,-2.36312,-0.0752848,-0.243626,-1.10803,-0.0594725,-0.612773,0.455892,0.389264,0.149547,-1.57954,-0.463879,1.56324,0.717391,0.903312,-1.42305,-0.645461
-1.52753,2.05843,-1.37265,-0.683491,-0.581364,1.27979,0.664449,0.0597245,3.18022,0.0574411,-0.174952,1.90116,0.098592,0.843206,-3.12598,-1.72805,0.503518,0.778905,-0.430263,-2.02055,-0.119179,-1.91706,1.81408,2.98149
0.384691,-0.454331,0.277892,-1.93838,0.51184,3.25403,0.52056,-0.360346,3.92498,-0.084748,1.32964,1.09572,-1.18139,0.399279,0.362568,0.265788,-1.45023,2.39757,1.84588,-2.41751,-1.43018,-1.79,1.36639,-1.17915
1.04945,-6.58403,1.49872,-1.55025,0.408878,3.59637,0.993649,-1.2779,0.686468,-0.926756,0.0395776,-0.663639,-2.56884,-1.64925,2.99762,2.3298,-2.06699,3.03066,3.84498,1.36322,-0.748601,-1.5542,-3.61527,-2.91301
-1.15749,-0.399207,-0.7627,-0.596072,-0.249949,1.96936,0.846725,-0.200344,1.861,-0.191117,-0.64257,1.10114,-0.30235,0.173515,-1.44728,-0.543227,0.271097,1.43677,0.46053,-0.476377,-0.0791095,-1.27399,0.14891,1.73814
0.350394,-5.38557,1.11668,0.212102,-0.0923894,0.701637,0.483639,-0.773159,-2.29947,-0.73026,-1.00153,-1.23942,-1.3418,-1.65887,2.09242,1.61294,-0.571094,0.874027,1.90954,2.73079,0.417615,-0.129303,-3.98485,-1.4897
-0.51208,6.80709,-1.16813,3.79126,1.68486,-5.24862,-2.12216,1.97919,-7.39179,1.52334,-0.949908,-2.06354,5.31726,1.38023,2.46032,-0.375359,3.05924,-3.52072,-5.76654,1.96038,0.817469,6.55668,3.30204,-0.0197774
0.313664,5.71697,-0.523244,0.938497,0.1544,-3.46208,-1.32521,1.06104,-0.943727,0.870721,1.0608,-0.162397,2.13418,1.4604,-0.97065,-1.25813,0.955416,-2.74471,-3.00509,-1.36042,0.14077,2.04566,3.36723,0.511481
0.362802,4.61459,-0.398759,0.627035,1.34967,-1.32158,-1.15198,1.01899,-1.28981,0.984876,0.969114,-0.502749,2.3791,1.36097,1.62157,-0.134174,0.626448,-0.711387,-2.27854,-0.903825,-0.718236,2.75823,3.71376,-1.07368
0.871619,-1.36737,0.821178,-0.737683,-0.0801008,0.635199,0.0439,-0.376301,0.900713,-0.244003,0.797193,-0.193176,-1.19534,-0.341696,0.589466,0.595202,-1.02434,0.426815,1.22602,-0.39667,-0.35579,-0.681924,-0.636156,-1.24857
-2.18769,6.55875,-2.49213,2.22502,0.818609,-2.11946,-0.580675,1.53411,-2.52652,1.17359,-1.46576,0.348265,4.25286,1.73678,-1.19297,-1.85298,2.97281,-1.31593,-4.55202,0.00786671,0.506204,3.01482,3.77237,3.19612
0.0142114,-5.19661,0.649685,-1.59706,1.71019,5.90161,1.3384,-0.994836,1.0544,-0.47609,-0.508524,-0.123999,-1.30004,-0.861789,4.08522,2.35062,-1.25811,5.20767,3.36752,0.811524,-1.62275,-0.845529,-1.44101,-2.39254
1.54201,-3.14785,1.54855,-1.84009,-0.743002,1.24887,0.335878,-0.863601,2.80191,-0.687788,1.56464,0.0842751,-2.90636,-0.783989,-0.040149,0.782234,-2.20473,0.595151,2.79517,-1.07341,-0.538397,-2.39597,-1.52476,-1.98733
1.17069,-2.49953,1.20926,-0.751514,0.282732,0.998314,-0.0005441,-0.444384,0.166579,-0.363276,0.810754,-0.713962,-1.29455,-0.691255,1.8725,1.32565,-1.30336,0.776778,1.7742,0.339928,-0.474719,-0.249922,-1.16974,-2.38563
0.0811342,-2.1813,0.329585,-1.30699,1.19523,3.91802,0.718188,-0.492734,1.31624,-0.0789281,0.210587,0.198975,-0.654616,-0.165333,2.34194,1.26906,-0.977261,3.26918,2.03204,-0.243169,-1.3115,-0.660061,0.0743183,-1.6859
0.343304,1.43272,-0.0425619,-0.648075,0.277734,0.310449,-0.0942081,0.0516854,1.37447,0.144927,0.827547,0.437311,0.12581,0.576397,-0.124292,-0.172186,-0.206918,0.146534,-0.113492,-1.31401,-0.610843,-0.227451,1.56175,-0.299005
-0.751828,1.18307,-0.798468,0.0994085,1.42952,2.09801,0.11501,0.352555,-0.310026,0.461276,-0.437379,0.101262,1.47508,0.675653,1.77574,0.305466,0.631936,2.05962,-0.562783,-0.174087,-0.810938,1.21953,1.96498,-0.227386
-1.35612,7.7795,-2.05823,1.23322,2.96356,0.907617,-0.888352,1.67895,-1.74812,1.84289,-0.263053,0.15155,5.09793,2.53488,2.70284,-0.437759,2.21421,1.30065,-4.05313,-1.22995,-1.42091,4.48485,6.83391,0.110465
-0.3276,4.00882,-0.833178,0.782136,1.72523,0.142159,-0.749825,0.959929,-1.32677,0.988421,0.13673,-0.396474,2.71726,1.30905,2.04661,-0.0321652,0.977817,0.396511,-2.1134,-0.475334,-0.808975,2.74183,3.51481,-0.644978
-0.877522,3.04127,-0.989397,1.84554,0.190232,-2.63955,-0.563694,0.928489,-3.02531,0.582799,-0.96063,-0.512789,2.394,0.539872,-0.285758,-0.750003,1.7314,-1.76916,-2.75787,0.978685,0.797577,2.22729,0.982799,1.5168
2.11866,-0.557482,1.65591,1.49155,-0.538389,-5.20074,-1.5013,0.239185,-4.33519,-0.0680605,0.713303,-2.24782,-0.103943,-0.82207,1.26733,0.804829,-0.341301,-4.14791,-0.969283,1.9656,1.19796,2.14275,-2.09763,-2.38603
-1.25668,1.09534,-1.14243,-1.08735,0.188399,3.13415,0.870686,-0.0277723,3.61014,0.0899674,-0.0510816,1.83673,0.14346,0.84109,-1.40079,-0.859371,0.135465,2.26714,0.486074,-2.03635,-0.81342,-1.7807,1.99184,1.71911
0.249441,-0.470383,0.161862,-1.89667,-0.70799,2.1207,0.646516,-0.606569,4.54976,-0.318019,1.10545,1.45576,-1.77536,0.101057,-1.81768,-0.505633,-1.08211,1.48228,1.77841,-2.31348,-0.622986,-2.79252,0.508284,0.454743
-0.156246,-5.46,0.570048,-1.13393,-1.044,2.47844,1.32837,-1.17705,1.74807,-0.97736,-0.710643,0.368972,-2.73406,-1.35748,-0.777404,0.739004,-1.08389,1.73709,2.91054,0.800186,0.287406,-2.90842,-3.6734,0.140159
1.55903,-1.93025,1.21117,-1.41765,0.702837,1.9577,0.0383679,-0.477127,1.44431,-0.112894,1.4353,-0.403237,-1.29056,-0.224828,2.48676,1.38894,-1.72553,1.58996,2.08921,-0.640613,-1.09055,-0.365996,-0.0782883,-3.10165
1.89833,0.0732341,1.2954,-1.33277,0.634924,0.741325,-0.656498,-0.0933159,1.38387,0.212352,2.17206,-0.441748,-0.812053,0.228213,2.16127,1.07117,-1.6844,0.532315,1.23593,-1.34153,-1.2494,0.269298,1.32257,-3.23693
0.611185,-0.266651,0.695416,2.30625,-1.42025,-6.01447,-1.13291,0.358856,-4.72142,-0.202095,-0.656458,-1.7258,0.179341,-0.972596,-1.05015,-0.29297,0.895876,-4.714,-1.8264,2.65406,2.1838,1.64006,-2.91378,0.426811
0.282786,-3.24189,0.618385,-3.16751,-0.822273,4.73503,1.51656,-1.15905,6.70599,-0.769402,1.21571,1.97882,-3.40669,-0.429847,-1.7222,-0.0429993,-2.34038,3.18889,3.90295,-2.71619,-1.15066,-4.5789,-0.601644,-0.0368377
-0.0915727,-4.89954,0.621542,-1.0012,-1.22404,1.89778,1.12379,-1.02131,1.84498,-1.05792,-0.533387,0.591589,-2.69495,-1.32216,-1.31357,0.21059,-1.03876,1.17128,2.86702,0.673713,0.462873,-3.01015,-3.51087,0.709993
0.735526,3.30439,-0.0621653,-1.41993,0.799655,1.44235,-0.335425,0.323045,3.34967,0.625067,1.92544,0.948758,0.297199,1.2027,0.386669,-0.237922,-0.81619,1.04047,0.0601964,-3.07902,-1.57223,-0.24155,3.89758,-1.143
-0.97232,-3.61183,-0.122837,-0.708979,0.282682,3.56367,1.28621,-0.697671,1.05396,-0.473804,-1.23219,0.549496,-0.952565,-0.74548,0.537046,0.673007,-0.215424,3.09419,1.92846,0.681319,-0.337855,-1.54034,-1.75096,0.439889
-0.286906,0.657919,-0.248572,0.892657,1.1856,0.232495,-0.242661,0.361221,-2.13014,0.369889,-0.611762,-0.728608,1.42626,0.16757,2.13001,0.541528,0.579691,0.603598,-0.922167,0.979814,-0.211746,2.02749,0.695698,-0.611206
-1.1603,-0.0186373,-0.896182,-1.28389,-0.218728,3.17632,0.993797,-0.307493,3.46463,-0.127871,-0.182907,1.70177,-0.625287,0.463436,-1.52402,-0.758567,-0.0947854,2.2859,0.996294,-1.62268,-0.550539,-2.01914,0.909869,1.58467
2.29752,-2.45507,1.96019,-0.736136,0.598429,-0.0113853,-0.657177,-0.509708,-0.754051,-0.265523,1.57004,-1.40412,-1.33393,-0.775775,3.28896,1.93942,-1.73131,0.00254353,1.72781,0.547431,-0.660038,0.556017,-1.20446,-4.10969
-1.04879,-3.74394,-0.347198,-1.46099,0.368244,5.29893,1.56331,-0.912754,2.58928,-0.493332,-0.823521,1.07,-1.30661,-0.403713,0.762593,0.678076,-0.707031,4.27841,2.65478,-0.0354452,-0.923227,-2.17372,-1.12149,0.282096
-0.371082,0.953003,-0.342044,-0.83715,-0.0356023,1.61509,0.391976,-0.0497188,2.67213,0.0553525,0.470515,1.04735,-0.246723,0.537829,-0.966354,-0.533599,-0.372014,1.00539,0.372034,-1.68466,-0.55946,-1.17572,1.50759,0.617556
0.119295,0.233129,-0.170251,-2.31875,0.833577,4.48974,0.745016,-0.374649,4.70931,0.100771,1.34903,1.39377,-0.811896,0.817437,0.551846,0.159676,-1.2131,3.44311,1.84226,-2.76777,-1.83535,-1.85921,2.38125,-0.888209
0.45934,-1.63776,0.511549,-1.11644,-1.88111,-0.393385,0.342406,-0.618549,3.13538,-0.670372,0.821179,1.02025,-2.42906,-0.419996,-3.39412,-0.902504,-1.165,-0.967769,1.55783,-1.28404,0.500622,-3.25922,-1.60413,1.02475
-0.771043,-1.20224,-0.365037,-0.995583,0.960458,4.0551,0.838427,-0.315312,1.56808,-0.000915419,-0.383408,0.805644,-0.153256,0.0829311,1.22382,0.549938,-0.268193,3.35472,1.25916,-0.54975,-0.975017,-0.721298,0.717093,-0.171011
0.970634,-0.382465,0.846295,0.664853,-1.22421,-3.40564,-0.649906,-0.0547208,-1.40024,-0.279983,0.470367,-0.800271,-0.6841,-0.569756,-1.17387,-0.252635,-0.186983,-2.90846,-0.280346,0.798882,1.23263,0.0694182,-1.75312,-0.0650889
-1.41866,1.80872,-1.31884,-0.855295,-0.380252,1.77215,0.713557,0.176328,3.26024,0.142217,-0.187471,1.82623,0.144672,0.820089,-2.57012,-1.46456,0.427565,1.20239,-0.125604,-2.0132,-0.340084,-1.73952,1.87803,2.47192
1.32139,-5.29803,1.67662,-1.76418,0.0337983,2.83121,0.713657,-1.20135,1.62839,-0.824727,0.729099,-0.323403,-2.82336,-1.23136,2.09198,1.69669,-2.18664,2.32713,3.58215,0.297278,-0.73348,-1.88912,-2.6406,-2.75146
1.12067,-1.09562,0.922079,0.268424,0.239994,-0.956012,-0.400211,-0.0789434,-1.54566,-0.124002,0.540279,-1.00064,-0.226609,-0.427538,1.69429,0.928618,-0.490905,-0.541588,0.457773,0.809784,0.0175612,0.941101,-0.920004,-1.83134
0.198193,1.30337,-0.0300793,0.0577407,-1.26439,-2.38428,-0.324183,0.0937929,0.782017,-0.125582,0.508727,0.346502,-0.432826,0.151902,-2.68602,-1.21893,0.0911657,-2.32025,-0.680211,-0.800886,0.783959,-0.775098,-0.0355283,1.27791
0.90879,3.00802,0.26393,1.27544,0.286795,-3.29116,-1.26228,0.708519,-2.42819,0.631096,0.667077,-1.0981,1.53439,0.533616,0.864195,-0.106204,0.509703,-2.57549,-2.11816,0.243574,0.349408,2.39998,1.38803,-1.10503
-0.655439,2.38194,-0.647728,0.43223,-2.15433,-3.22695,-0.171932,0.336071,1.38555,-0.140644,0.0831181,1.06066,-0.242519,0.358642,-5.03859,-2.36875,0.814019,-3.24007,-1.48832,-1.19513,1.47336,-1.59007,0.100539,3.46087
-0.157593,-0.0288155,-0.0315166,0.63336,-0.129752,-1.0996,-0.258393,0.0787803,-1.2951,-0.00651612,-0.298772,-0.36239,0.211195,-0.112937,-0.16582,-0.0543014,0.401577,-0.782591,-0.502267,0.738219,0.401493,0.527467,-0.544908,0.22082
0.651225,-3.28341,0.801868,-1.5323,-0.671208,1.83384,0.703061,-0.889776,2.42827,-0.627074,0.527518,0.38401,-2.24748,-0.716237,-0.410217,0.55617,-1.55031,1.21572,2.44334,-0.379409,-0.284869,-2.32165,-1.80793,-0.666864
1.78922,-4.21752,1.84207,0.622,1.60833,0.206028,-0.461765,-0.361508,-4.38789,-0.135521,0.0252942,-2.69805,-0.194751,-1.27281,5.7882,3.01413,-0.957696,0.751468,1.37631,3.01148,-0.331055,2.60684,-2.56348,-4.71674
-0.808173,2.92732,-1.00016,0.834069,-0.129817,-1.51174,-0.372204,0.511185,-0.468108,0.350273,-0.484506,0.385992,1.49184,0.701447,-1.45595,-1.19694,1.26119,-1.1398,-1.8499,-0.226046,0.394239,0.748899,1.50793,1.86154
0.776235,-1.9407,0.804343,-1.05124,-0.813084,0.377586,0.317012,-0.666109,1.99462,-0.536516,0.809845,0.338343,-1.81984,-0.588099,-0.989771,-0.00546928,-1.20038,-0.0392248,1.6393,-0.715463,-0.0610414,-1.94506,-1.22868,-0.47551
0.433348,3.03231,0.0913304,0.977597,-0.422604,-3.77278,-0.991334,0.698593,-1.5943,0.33006,0.564629,-0.526478,0.924656,0.568363,-1.04366,-0.875602,0.660018,-3.10882,-2.00184,-0.228852,0.789876,1.35511,0.900965,0.352887
-0.657605,4.52603,-0.940934,0.818092,-0.775731,-2.78376,-0.68315,0.853523,0.125235,0.529729,0.0978945,0.622354,1.48087,1.04157,-2.73384,-1.86143,1.23955,-2.42719,-2.51882,-1.263,0.594079,0.530155,2.13139,2.28113
0.186203,-3.30364,0.505064,-1.1812,-0.266828,2.35137,0.84171,-0.726464,1.56796,-0.516859,0.015135,0.214092,-1.71626,-0.741029,0.324692,0.74278,-1.12163,1.73271,2.25013,0.0522916,-0.434701,-1.77983,-1.73809,-0.579351
-0.510594,0.904302,-0.32402,0.911759,0.338789,-0.75966,-0.193122,0.357876,-1.62554,0.253482,-0.603223,-0.315671,1.02274,0.171756,0.347336,-0.0489352,0.723419,-0.439189,-1.07877,0.688154,0.231303,1.11078,0.328386,0.462759
1.39226,-0.289512,0.960851,0.0137205,1.73296,0.576215,-0.709986,0.182955,-1.94571,0.339359,0.918404,-1.36274,0.605121,-0.0206013,4.3636,1.828,-0.684742,0.828089,0.272087,0.502542,-1.08783,2.19906,0.835101,-3.7797
-1.61771,6.39852,-1.94192,1.83864,-1.04869,-4.26544,-0.722343,1.2381,-0.794678,0.736216,-0.632679,0.907647,2.60449,1.34594,-4.33129,-2.97072,2.52518,-3.72583,-4.20939,-0.912011,1.41271,1.16815,2.80092,4.18171
1.02131,3.52312,0.200193,0.281798,0.801677,-1.58693,-1.16596,0.672275,-0.454843,0.749124,1.42169,-0.424855,1.37686,0.95489,1.05812,-0.00707009,-0.0231771,-1.30776,-1.44256,-1.11192,-0.557494,1.89476,2.76979,-1.47339
0.104064,-2.0682,0.442127,-0.48784,-1.54375,-0.628046,0.484046,-0.60858,1.43256,-0.643633,-0.0316188,0.450863,-1.84066,-0.719112,-2.4345,-0.495284,-0.598981,-0.828897,1.12244,-0.0445993,0.810609,-2.26055,-2.16143,1.1033
-0.931927,-0.212946,-0.50487,1.49978,-0.220925,-1.47011,-0.0185727,0.158247,-2.72209,0.000181806,-1.59408,-0.543109,0.982435,-0.350654,-0.387779,-0.369367,1.26356,-0.811941,-1.18754,1.79735,1.07504,0.913016,-1.26935,1.56443
1.25744,-3.14097,1.21998,-0.512174,1.02672,1.72579,0.119649,-0.404671,-0.913687,-0.161257,0.486085,-1.16043,-0.885626,-0.760014,3.72843,1.9769,-1.21379,1.64937,1.81296,1.02854,-0.887872,0.603916,-1.34847,-3.23468
0.164098,-0.582006,0.151674,0.00407978,1.26167,1.31526,-0.0534522,0.00114084,-1.0851,0.231937,-0.0608369,-0.621872,0.618149,-0.0272167,2.67998,1.11115,-0.0732074,1.34934,0.209937,0.699953,-0.623754,1.26873,0.395632,-1.65205
-0.547644,0.339399,-0.453394,0.611789,0.855081,0.615401,0.0328341,0.296077,-1.46097,0.273255,-0.68017,-0.352625,1.1607,0.257189,1.52501,0.439894,0.655711,0.769372,-0.631444,0.671441,-0.217747,1.29903,0.455468,-0.161484
0.988418,-1.6304,1.04366,1.45921,-0.538555,-3.54344,-0.69297,0.0240967,-4.09924,-0.226506,-0.416076,-1.83886,-0.0738352,-1.08676,1.08652,0.822984,0.162438,-2.5846,-0.539514,2.50707,1.24235,1.57134,-2.79095,-1.27168
-1.09633,2.08902,-1.10618,-0.280551,1.05886,2.07502,0.28713,0.347937,1.12016,0.543445,-0.32384,0.866598,1.25937,0.927708,0.343163,-0.375974,0.705034,1.86758,-0.663628,-1.14098,-0.878494,0.369785,2.43164,0.766144
1.60654,-4.03169,1.57335,0.0625666,1.63798,1.07456,-0.407742,-0.497885,-2.97166,-0.26942,0.184522,-2.14823,-0.523027,-1.08655,5.31665,2.81894,-1.19251,1.39682,1.71203,2.18976,-0.708923,1.87505,-1.95693,-4.44464
0.204732,-7.56044,1.38155,-0.93061,-1.76334,1.23874,1.31893,-1.61278,0.891142,-1.46954,-0.87857,0.02235,-3.77732,-2.17305,-1.00287,0.923385,-1.54967,0.822838,3.58081,1.85515,0.939273,-3.39176,-5.84358,0.0266938
-1.61437,-0.138925,-1.03484,-1.00025,-0.678865,2.52702,1.22375,-0.388568,3.52513,-0.303215,-0.671526,1.94069,-0.770851,0.27165,-2.8299,-1.28284,0.129602,1.76626,0.747616,-1.44043,-0.0794264,-2.63875,0.299635,2.94944
1.41836,-2.43114,1.22805,-1.1824,-0.0540711,0.898229,-0.0134451,-0.604489,1.22815,-0.405482,1.18846,-0.396375,-1.8037,-0.554681,1.30396,1.10481,-1.65776,0.725372,2.04797,-0.490594,-0.562906,-0.906563,-1.0251,-2.38699
-0.157639,-0.382786,-0.194572,-1.82848,0.0636805,3.50186,0.827209,-0.498244,4.15284,-0.0696486,0.844545,1.31527,-1.19335,0.352493,-0.534551,-0.192977,-1.08918,2.49963,1.64237,-2.18793,-1.23934,-2.19255,1.26137,0.0820939
-1.2597,7.13218,-1.74538,2.02633,0.708005,-3.15465,-1.19307,1.54258,-2.40314,1.16246,-0.44242,-0.0601237,3.90402,1.77323,-0.853835,-1.67863,2.43043,-2.3822,-4.47736,-0.488197,0.502358,3.25322,4.1956,2.11924
-0.33714,6.59828,-1.24427,-0.891784,0.0263205,-0.311989,-0.611539,0.875938,4.14645,0.888297,1.68314,1.93337,1.26576,2.11081,-2.79936,-2.17417,0.31129,-0.653054,-1.86619,-4.16207,-0.919831,-0.564499,5.39812,1.63783
0.185466,-1.76124,0.390935,0.593025,-0.624878,-1.36126,-0.112646,-0.134409,-1.57794,-0.475978,-0.503526,-0.579752,-0.521979,-0.716496,-0.362653,0.21672,-0.0207766,-1.08788,0.23362,1.36554,0.794457,-0.145403,-2.17843,0.0828462
1.82154,-2.56009,1.48022,-2.74428,0.363805,3.53081,0.388501,-0.915877,4.21575,-0.51161,2.24049,0.483044,-2.60409,-0.252783,1.60529,1.31771,-2.71167,2.51674,3.45097,-2.17198,-1.78622,-2.30859,0.0828254,-3.1265
0.946397,-6.52383,1.68079,0.164173,-0.861692,-0.532635,0.306709,-0.984272,-2.31345,-1.13285,-0.716958,-1.40996,-2.48917,-2.04983,1.29963,1.57955,-1.01023,-0.36995,2.3219,2.99184,1.04266,-0.835037,-5.55934,-1.59872
-0.31524,2.061,-0.436426,-0.245317,-0.0216361,0.0677911,-0.0311148,0.224846,1.46738,0.225656,0.303327,0.645617,0.506062,0.595644,-1.21796,-0.810024,0.167394,-0.163409,-0.605272,-1.31713,-0.251872,-0.334288,1.65004,0.900238
-0.296995,3.66347,-0.725686,0.970808,0.69122,-1.467,-0.764837,0.902005,-1.47271,0.65608,0.00878908,-0.224603,2.13496,0.952213,0.325844,-0.548917,1.08349,-1.06286,-2.10781,-0.230072,-0.023885,2.10614,2.38596,0.37296
0.402506,1.33993,0.101175,-1.78706,0.40343,2.3374,0.129198,-0.100066,3.95227,0.233676,1.59791,1.15873,-0.589565,0.774002,-0.142639,-0.18233,-1.12282,1.60963,1.02387,-2.75517,-1.44369,-1.3381,2.54355,-0.818849
0.342248,1.16219,-0.0912339,-0.182153,0.860045,0.807287,-0.192299,0.199204,0.138856,0.38311,0.505263,-0.212799,0.832327,0.57459,1.50265,0.457943,-0.0736418,0.967343,-0.210771,-0.49262,-0.7961,0.988463,1.57942,-1.15471
0.164245,1.46554,-0.0428707,0.161366,1.00648,0.472002,-0.353191,0.316811,-0.580397,0.46096,0.39043,-0.344284,0.904427,0.420796,1.69735,0.347727,0.0722433,0.633575,-0.508635,-0.25463,-0.632275,1.32818,1.56148,-1.07507
0.23406,3.43688,-0.215747,1.10695,0.976189,-1.96635,-1.07512,0.866583,-2.34616,0.826145,0.259774,-0.748981,2.08716,0.780151,1.47397,-0.0972967,0.916798,-1.24528,-2.17191,0.127026,-0.0956753,2.76773,2.22483,-0.781456
2.91479,-7.83272,3.0314,-0.379286,1.44307,1.52724,-0.228088,-1.12974,-3.63914,-0.668433,0.502817,-2.95686,-2.14039,-2.18094,7.05865,4.23194,-2.42568,1.89789,3.74635,3.42156,-0.720044,1.39322,-4.60567,-6.62828
2.00921,-1.03026,1.78351,0.922177,-1.20759,-5.00918,-1.20035,0.0321262,-2.88132,-0.341978,0.96503,-1.85212,-0.992146,-0.937372,0.107587,0.529569,-0.70196,-4.15391,-0.187357,1.40879,1.2465,0.839375,-2.53627,-1.72339
-0.299306,0.285544,-0.151023,1.16253,0.37497,-1.21055,-0.308386,0.331214,-2.67513,0.182844,-0.744296,-0.81491,1.06289,-0.157461,0.998598,0.188542,0.806706,-0.694925,-1.05705,1.41589,0.353861,1.5933,-0.430834,-0.00318913
-1.00675,3.27312,-1.17494,0.92941,0.401384,-0.756923,-0.371464,0.794184,-0.686305,0.604188,-0.546763,0.375546,1.85258,0.89894,-0.76067,-1.01999,1.40631,-0.417675,-2.10532,-0.293775,0.115071,1.2553,2.08854,1.59372
-0.128554,1.65878,-0.220443,0.110964,-0.173233,-0.765655,-0.237839,0.274091,0.374978,0.160233,0.317397,0.332146,0.56342,0.404016,-0.77729,-0.528251,0.23829,-0.651357,-0.653361,-0.608561,0.037906,0.22321,1.03361,0.409173
-1.13763,-4.07682,-0.26349,-0.698662,-0.187458,3.2467,1.38422,-0.83587,1.08994,-0.496897,-1.32066,0.575842,-1.32258,-0.858662,-0.22242,0.391477,-0.167349,2.62195,2.00202,0.923817,-0.0028492,-1.90778,-2.50886,1.01444
-1.88041,-1.81778,-1.1526,-0.522082,0.294501,3.68224,1.41127,-0.35582,1.51167,-0.15212,-1.44945,1.17112,-0.121304,-0.0908795,-0.528178,-0.190865,0.520425,3.0444,0.918603,0.198484,-0.261251,-1.45265,-0.391427,1.98748
1.30176,-5.69597,1.69429,-1.01898,-0.466069,1.45264,0.547387,-1.12615,0.445934,-0.888802,0.458115,-0.638658,-2.76005,-1.57269,1.22941,1.58943,-1.88304,0.896836,3.15287,1.03214,-0.0827273,-1.66693,-3.70647,-2.22191
-0.186337,1.51483,-0.453356,-0.0415309,2.25959,2.51605,-0.205866,0.353456,-0.792993,0.802816,0.0479393,-0.405958,1.88017,0.66113,3.53122,1.01417,0.280842,2.41573,-0.439037,-0.165367,-1.37637,2.20698,2.55392,-1.72691
-0.440096,0.435047,-0.44522,0.718794,2.12654,1.92726,-0.01099,0.388809,-2.55918,0.603966,-0.904492,-0.907778,2.024,0.399028,3.88055,1.25651,0.719896,2.17509,-0.677717,1.22855,-0.908093,2.53836,1.2391,-1.54585
-1.00908,1.34653,-0.84105,0.633465,-0.382428,-0.82912,0.0593495,0.302862,-0.17782,0.141928,-0.757175,0.497571,0.801462,0.305617,-1.52853,-0.972324,0.968113,-0.669734,-1.21852,0.053178,0.585282,0.0982807,0.442868,1.84358
-0.354172,-3.68403,0.251835,-0.370805,1.07221,3.25818,0.833031,-0.539592,-0.703206,-0.355138,-1.0297,-0.391599,-0.364765,-0.798398,2.59332,1.56138,-0.3429,2.93801,1.72748,1.52466,-0.512375,-0.0206491,-1.72967,-1.07954
1.44528,-5.23158,1.72092,0.00748175,0.847647,0.637883,-0.106921,-0.767917,-2.95732,-0.475585,-0.110647,-2.06988,-1.1461,-1.6044,4.37489,2.69783,-1.10181,1.0595,2.11625,2.7753,-0.150569,1.13209,-3.45809,-3.7576
1.03146,5.42801,-0.056928,1.16559,0.615331,-3.77322,-1.74587,1.07662,-1.87628,0.900356,1.43806,-0.758923,2.25081,1.26777,0.712804,-0.583174,0.643344,-2.93451,-2.94075,-0.958832,-0.13999,2.98688,3.37626,-1.1644
0.12084,-0.724664,0.209256,1.04809,0.00934998,-1.6902,-0.410263,0.0419615,-2.44191,-0.120111,-0.479765,-1.00487,0.416576,-0.439735,0.689608,0.335317,0.427713,-1.10314,-0.584692,1.61123,0.650713,1.08488,-1.27052,-0.383507
-0.996534,6.86417,-1.67616,0.915617,0.896633,-1.37711,-0.730644,1.3231,-0.244078,1.11876,0.134785,0.614904,3.25876,1.99678,-0.836465,-1.5425,1.68763,-1.07984,-3.53402,-1.80882,-0.338311,2.24981,5.00424,1.54549
-0.403569,1.61974,-0.438628,0.349123,0.320807,-0.213054,-0.10596,0.323872,-0.393691,0.263312,-0.197606,0.083993,0.908665,0.419331,0.0284074,-0.284984,0.485506,-0.0964375,-0.96625,-0.169298,-0.0105634,0.715387,1.1413,0.51357
0.226697,-4.66626,0.794238,-1.52306,-0.755648,2.65727,1.18105,-1.16245,2.55765,-0.809991,-0.0178794,0.548745,-2.65903,-0.953982,-0.464781,0.615265,-1.45156,1.96302,3.06693,0.0849689,-0.150178,-2.91898,-2.7505,-0.29904
0.437918,2.59847,-0.0343048,0.884901,1.1575,-1.30711,-0.912159,0.75938,-2.16821,0.676679,0.363153,-0.944747,1.90552,0.656372,2.02854,0.385983,0.58261,-0.782844,-1.67493,0.120468,-0.36455,2.61113,2.03509,-1.45875
-1.67386,2.90154,-1.61386,2.10046,0.493441,-1.57333,-0.260899,0.860808,-3.00208,0.566345,-1.75506,-0.239171,2.76792,0.63704,-0.445462,-0.834495,2.37906,-0.884118,-2.9668,1.28061,0.828682,2.25161,1.0853,2.317
-0.933685,-0.663157,-0.650911,-0.688964,1.08989,3.58893,0.780934,-0.113788,1.09842,0.1522,-0.586464,0.594264,0.408817,0.249553,1.37402,0.41241,0.041083,3.20786,0.795227,-0.305027,-1.05023,-0.383873,0.837396,-0.0149124
1.55677,-6.78971,2.04141,-1.69722,-1.55981,1.11323,0.781516,-1.44394,1.88792,-1.27857,0.717598,-0.25272,-4.11996,-1.92302,-0.409226,1.22178,-2.40486,0.528305,4.09968,0.635064,0.355747,-3.30399,-4.83815,-1.71522
0.0280185,1.75356,-0.189644,0.70077,-0.62313,-2.5048,-0.517964,0.372394,-0.874099,0.149737,0.0575937,-0.168677,0.524059,0.250884,-1.36643,-0.829948,0.521981,-2.07238,-1.3431,-0.138843,0.662112,0.491879,0.268622,0.763163
-1.75968,-0.448925,-0.944207,-0.586711,-3.29712,-0.998272,1.13057,-0.480481,4.05215,-0.808803,-0.71838,2.31896,-2.12448,-0.253212,-7.57121,-2.86074,0.317468,-1.69114,0.342986,-1.38567,1.71755,-4.60721,-1.88133,5.37275
1.37451,1.59333,0.814686,-0.374334,-0.226268,-1.90294,-0.855193,0.203555,0.573206,0.272839,1.75057,-0.38601,-0.253947,0.305299,-0.173622,-0.0981582,-0.747924,-1.732,-0.234649,-1.19166,-0.178305,0.27951,1.19612,-1.37611
4.17482,-9.19246,4.04433,-2.56136,-1.47745,0.456991,0.107543,-1.92515,2.01694,-1.71473,2.66078,-1.40064,-6.05048,-2.73406,2.00191,2.91615,-4.67257,-0.110905,6.05763,0.569067,-0.239827,-3.38275,-6.01714,-5.64138
-1.36956,2.23654,-1.27547,0.137304,0.728381,1.55443,0.342469,0.351134,0.759084,0.502874,-0.688041,0.940496,1.38945,0.867596,-0.30767,-0.65064,0.984803,1.31975,-0.998966,-0.806559,-0.397959,0.303398,2.12459,1.59785
2.44228,-9.45715,3.01769,-2.1963,0.703775,4.41585,0.852831,-1.74012,0.572251,-1.2271,0.893463,-1.40067,-4.14392,-2.31113,5.07027,3.70865,-3.27319,3.82245,5.70484,1.80666,-1.17693,-1.63565,-4.96653,-5.51531
1.16046,-3.34847,1.28464,-0.496005,0.00457196,0.421847,0.181933,-0.615675,-0.624989,-0.48558,0.368428,-1.05711,-1.39101,-0.944846,1.85174,1.40925,-1.14999,0.448273,1.84729,0.962084,-0.218434,-0.25632,-2.20253,-2.15566
-0.335639,2.97557,-0.70429,1.08697,1.16001,-0.758776,-0.560496,0.716264,-1.94587,0.640006,-0.198906,-0.494294,2.26726,0.674888,1.41891,-0.061269,1.05914,-0.222749,-1.87122,0.2599,-0.236725,2.30334,2.13227,-0.286028
0.0862796,-7.40145,1.02546,-0.841711,-0.996144,2.40106,1.49785,-1.4646,0.445692,-1.33973,-1.07804,-0.177456,-3.06539,-1.97294,0.178148,1.23596,-1.30803,1.80435,3.52514,1.93425,0.531194,-2.75309,-5.34621,-0.192352
1.24834,-5.26606,1.47775,-2.60225,-1.52311,2.43261,1.06172,-1.51363,4.6543,-1.10473,1.17591,0.950523,-4.26485,-1.20644,-1.66498,0.524414,-2.64441,1.35066,4.28068,-1.19394,-0.304659,-4.44707,-3.01845,-0.884964
0.655591,-1.63052,0.631131,-0.0652686,1.4554,1.58486,-0.141184,-0.123391,-1.76921,0.110487,-0.0763114,-1.033,0.304272,-0.38031,3.82324,1.78923,-0.383459,1.58557,0.779773,1.11917,-0.795574,1.5262,-0.318244,-2.74192
-2.60815,6.54307,-2.80244,1.01375,1.24694,0.788907,-0.068079,1.32169,0.209895,1.19457,-1.05453,1.3783,3.79797,2.11987,-1.02381,-1.86888,2.64126,0.851514,-3.53908,-1.45892,-0.495483,1.91813,5.04543,3.23502
-0.592122,6.91696,-1.44699,0.44633,1.0376,-0.891755,-0.944261,1.29025,0.621899,1.19366,0.883085,0.804552,2.97558,2.08672,-0.460644,-1.42051,1.35342,-0.666685,-3.18798,-2.41727,-0.813332,1.96913,5.46979,0.968383
0.149966,-3.04073,0.577216,0.148577,-0.380033,0.040331,0.372886,-0.514138,-0.892164,-0.472573,-0.650121,-0.53042,-0.943944,-0.949095,0.348381,0.768861,-0.268664,0.164512,1.10531,1.37098,0.468705,-0.528913,-2.61884,-0.278777
-0.245139,5.16199,-0.983249,-0.121338,1.22739,0.554797,-0.54214,0.818108,1.28694,1.02297,0.939881,0.73351,2.07833,1.72631,0.469649,-0.79618,0.645883,0.494655,-1.86328,-2.21075,-1.20768,1.39101,4.72137,-0.0599113
1.00332,-0.082658,0.754997,2.02848,0.897439,-3.19924,-1.27764,0.45582,-5.66683,0.288118,-0.320972,-2.40117,1.53474,-0.517058,3.23553,1.3377,0.621636,-1.94496,-1.41043,2.77735,0.606896,3.60575,-1.07655,-2.29072
-0.86218,0.892321,-0.674865,0.775426,2.79836,2.85479,-0.0267929,0.459275,-2.59709,0.835019,-1.0486,-0.840858,2.71298,0.620512,4.83562,1.41652,1.01398,3.12172,-0.889381,1.22471,-1.30398,3.25932,2.05892,-1.76306
2.76567,0.320461,1.87694,0.257419,-2.58871,-6.73048,-1.6073,-0.0519597,-0.521449,-0.493307,2.30976,-0.987932,-2.10939,-0.782041,-2.83556,-0.69681,-1.27492,-6.04493,-0.331222,-0.4329,1.55841,-0.730348,-1.92576,-1.141
2.4353,-3.16019,2.13059,-0.488931,-1.34671,-2.55843,-0.614111,-0.662393,-0.314358,-0.704302,1.56494,-1.20492,-2.57198,-1.29335,0.124104,0.953987,-1.8505,-2.30138,1.78442,0.523698,0.545335,-0.921224,-3.04455,-2.36336
-0.0569857,3.50088,-0.538621,0.210271,1.01321,-0.0674934,-0.477085,0.648819,-0.206796,0.829829,0.525737,-0.0612649,1.77011,1.06096,0.871932,-0.266695,0.616613,-0.0559547,-1.55573,-0.984215,-0.633677,1.68261,2.93491,-0.424117
-1.31653,3.04974,-1.33379,1.54958,1.00914,-0.668246,-0.286753,0.808751,-2.26439,0.745633,-1.23869,-0.209949,2.71556,0.901914,0.622055,-0.555159,1.90341,-0.0435104,-2.38805,0.62926,0.144841,2.31674,1.97414,1.24577
-0.716119,8.19018,-1.62841,3.01381,-0.214571,-5.34666,-2.03653,1.91474,-4.64826,1.45381,-0.40015,-0.396633,4.69994,2.11144,-0.579992,-2.02843,3.17079,-4.39765,-5.66503,-0.523741,1.8549,4.57943,3.62031,1.8278
-0.504578,2.88356,-0.54578,0.772342,0.716774,-1.77671,-0.579486,0.846724,-0.928303,0.639523,-0.342471,-0.312462,1.27787,0.403497,-0.519123,-0.655887,0.624793,-1.40879,-2.17733,0.933276,-0.20886,1.6723,1.53449,0.865474
2.45582,-9.78076,2.93967,-0.64158,0.145921,0.964675,1.33866,-1.93455,-1.17312,-2.15594,0.58367,-2.02721,-4.29467,-2.97885,2.8795,3.91817,-2.31531,1.78773,5.26729,2.27531,-0.342506,-2.63149,-6.13643,-4.09148
0.754424,-5.42643,1.07934,-0.859261,-2.59399,2.58253,-0.723192,-0.968547,-2.06724,0.457467,-0.479246,-0.157508,-0.927812,-0.145581,3.5481,0.0334632,-1.11632,0.732591,2.45384,0.386024,2.74589,0.611913,-5.44287,-2.37368
-0.564074,0.698444,-0.213473,-0.362489,-1.08405,0.769788,-1.23775,0.354795,-1.28343,1.30748,-0.791609,0.369399,1.05465,0.749727,1.22343,-1.47645,-0.0464241,-0.669292,-1.21055,0.904013,1.39516,2.2553,-0.95324,0.12838
0.498582,-1.28381,0.72507,0.749197,-0.153045,-1.40075,-0.841313,0.139153,-3.17336,0.321686,-0.514416,-1.28535,0.254176,-0.534442,1.8909,0.437449,-0.185957,-1.36512,-0.529716,2.29424,0.989426,2.14311,-1.95834,-1.30824
1.13133,-6.32563,1.29382,-1.28438,-1.66888,3.28211,1.0268,-1.55801,0.951828,-1.19129,0.581571,0.295545,-2.58744,-0.663126,1.66265,1.49125,-1.27634,2.44171,4.42969,-1.46888,1.01126,-2.97398,-4.16726,-2.06802
-0.395705,-1.48288,0.264417,-0.760395,-1.77936,1.73561,-1.57381,0.0973455,-1.89807,1.69005,-1.30117,0.0768829,0.463672,0.355852,2.66933,-1.40161,-0.836232,-0.43932,-0.641057,2.09741,1.95884,2.92551,-3.05034,-0.895994
0.698071,-1.35836,0.673345,0.242517,1.13728,-1.00374,0.685104,-0.275366,0.235373,-1.0342,0.384848,-0.855431,-1.15526,-1.0856,-0.315767,1.51382,-0.426281,0.181261,0.919169,0.7514,-1.19966,-1.11389,-0.0648472,-0.664874
-0.571237,0.316901,0.363341,-0.586513,2.63111,-0.47522,0.385652,0.198476,1.96253,-0.0553647,-0.594185,-0.63111,-1.16173,-1.56903,-1.13761,0.549723,-1.28194,0.217351,-0.801739,3.27669,-2.94367,0.145277,1.46702,0.365044
-0.313556,0.444127,-0.433737,-0.723787,-0.0456713,1.29433,0.416512,-0.0845964,2.0309,0.00322489,0.151643,0.902217,-0.286557,0.362033,-1.06303,-0.416857,-0.0406787,0.981338,0.445092,-1.19307,-0.452995,-1.10536,1.01557,0.841165
-0.294473,3.77295,-0.749052,1.08756,1.38072,-2.14627,0.352814,0.556384,0.516623,-0.393117,0.509055,0.0309632,1.0915,0.312071,-2.1873,-0.105531,1.17038,-0.864961,-1.55596,-1.03426,-1.11922,-0.344305,3.39002,1.37058
-0.595738,4.3429,-1.22263,1.42376,-1.37864,-2.00794,-1.39038,0.915098,-2.69878,1.21555,-0.284188,0.434848,3.04969,1.8881,0.151858,-1.83276,1.96374,-2.17945,-2.87202,-1.50624,2.12965,2.57757,1.3544,1.03539
-0.447145,1.62974,-0.330763,0.376919,-0.454452,-0.773037,-1.25004,0.600312,-1.73027,1.26595,-0.717862,-0.305182,1.37642,0.486898,0.971302,-1.12768,0.306327,-1.38646,-2.00046,1.38111,0.983805,2.78074,-0.247427,0.250171
-0.910805,-1.55524,-0.63607,-2.79853,-1.34655,5.86877,1.04267,-0.871999,5.46986,0.0685205,0.2352,2.63856,-1.47603,0.866688,-0.976708,-1.3061,-1.00766,3.65904,2.58424,-3.3301,-0.0202522,-3.27046,-0.101973,1.02682
0.169068,-2.42116,0.601792,-1.05396,0.172598,1.85131,0.773758,-0.666712,1.87507,-0.503119,0.186497,0.29431,-1.6237,-0.609018,0.0271733,0.669512,-1.00815,1.49657,1.94627,0.046204,-0.705333,-1.5463,-0.902313,-0.451126
0.449149,-2.76548,1.20718,-0.421677,1.26532,0.00545907,0.323216,-0.281012,0.077468,-0.470399,-0.362654,-1.14389,-1.5568,-1.66584,0.64172,1.25659,-1.35554,0.332606,0.774358,2.94317,-1.2853,-0.0383125,-1.4065,-1.19127
-0.767296,-0.0995698,0.016382,-1.0522,0.144294,1.33811,-0.511374,0.288501,1.02791,0.945501,-0.910577,0.324281,-0.115354,-0.121193,0.335203,-0.837377,-0.937274,0.323848,-0.737033,1.95591,-0.382322,1.18258,-0.384377,0.188485
0.278472,-0.0714756,0.201284,-0.248447,2.53484,-0.461587,1.96729,-0.326922,3.53952,-1.71581,0.997537,-0.148846,-1.84195,-1.21135,-2.68128,1.7728,-0.454369,1.41636,1.22244,-0.416795,-3.2835,-3.50849,2.65722,0.605441
0.274844,-0.0719936,0.0482218,-0.0879303,1.56759,-0.149158,1.613,-0.47916,2.73609,-1.4562,0.959505,0.0301675,-1.27902,-0.766725,-2.22669,1.33272,-0.0803651,1.27916,1.34605,-1.25132,-2.12343,-3.10691,2.02293,0.558956
1.80767,-4.84112,2.02791,0.940896,1.06353,-2.25038,0.446571,-0.725152,-2.72304,-1.50873,0.286371,-2.45181,-1.97533,-2.43501,1.86392,3.15154,-0.860832,-0.48232,2.01249,2.77411,-0.665022,-0.40538,-2.98083,-2.78814
-0.335432,4.71063,-1.37713,0.944309,1.20094,-1.73611,1.10771,0.430375,2.07556,-0.840534,1.1623,0.653854,1.11903,0.911797,-3.57325,-0.0237684,1.75016,-0.0196185,-0.987655,-3.71115,-1.37443,-2.20039,5.03891,2.2581
-1.12508,3.14,-0.689436,-0.0281135,0.812238,-0.646658,-0.607313,0.863509,0.405098,1.12844,-0.735669,0.187634,1.14495,0.325868,-0.707357,-1.34025,0.0429541,-0.852765,-2.55811,1.56329,-0.776909,1.83233,1.87811,1.23053
0.225999,2.28321,0.181037,1.75743,1.88021,-4.39402,-0.318343,0.733223,-2.32566,-0.11485,-0.166445,-1.75618,1.01542,-0.882304,-0.453176,0.895376,0.687634,-2.20663,-2.26711,2.32522,-1.26693,1.78452,1.5478,-0.0831095
-0.824645,1.65677,-1.38812,-1.13211,-1.76635,3.31338,0.66479,-0.229513,3.5378,0.097964,0.655455,2.62056,0.316076,1.87346,-1.60597,-1.61904,0.614236,1.96188,0.939085,-4.8215,0.837246,-2.42422,1.63552,1.71576
0.710963,0.597029,0.0567216,1.63183,-0.45697,-2.43348,-0.233632,0.116572,-2.85726,-0.42047,0.399656,-0.829787,1.03563,0.258942,0.610108,0.56435,1.18842,-1.39371,-0.374007,-0.872072,1.18541,0.468641,-0.228868,-0.540031
0.404099,-1.28502,0.0911115,-0.789286,1.49996,1.3924,2.33524,-0.874066,4.49071,-2.04078,1.34598,0.718979,-2.23755,-0.775954,-2.70089,1.69059,-0.329316,2.58989,2.80027,-2.47034,-2.42485,-4.80191,1.88743,0.615405
1.37849,-4.06367,2.05438,0.197446,3.8696,-2.51424,1.52112,-0.583067,0.41763,-1.98133,0.230885,-2.70019,-3.13042,-3.76535,-0.263417,3.82094,-1.86749,0.280733,1.58763,4.84849,-4.03202,-1.38975,-0.549473,-1.88507
1.68506,-5.06404,1.46482,1.18402,-3.1343,-0.88922,-1.72569,-0.536853,-6.92015,0.435164,-0.408687,-1.6897,0.41772,-0.0760745,5.21018,0.793502,0.0571957,-1.69862,1.15205,1.33553,4.43715,2.90738,-6.64936,-3.5368
-0.982716,3.11073,-1.18632,-0.387466,-0.446022,1.14426,-0.116686,0.410183,1.81466,0.611777,-0.0196772,1.43685,1.05496,1.3705,-1.46267,-1.69002,0.719545,0.284595,-1.13976,-2.06681,0.116827,-0.130593,2.24446,1.68435
-0.0165409,-0.496894,0.0158786,-0.499461,-0.55763,0.996937,-0.250852,-0.0195097,0.160384,0.359793,-0.299814,0.228764,-0.0986361,0.0809075,0.537843,-0.452337,-0.301886,0.273315,0.172678,0.108606,0.454623,0.250717,-0.60031,-0.159054
1.42105,-4.23821,1.08467,0.0141894,-0.0887386,0.442054,0.973454,-0.987774,-0.0710814,-1.41605,0.739781,-0.699512,-1.94826,-1.04204,0.737309,2.09348,-0.482549,1.1437,2.97615,-0.661135,0.0159066,-2.42893,-2.23349,-1.71503
0.223265,0.833926,-0.139174,0.329788,0.965959,-0.941131,0.855993,-0.066075,1.19332,-0.800998,0.619432,-0.00146128,-0.240564,-0.254373,-1.51542,0.720087,0.335492,0.226821,0.198956,-1.08623,-1.21452,-1.56949,1.73068,0.613505
-0.963441,0.727482,-0.147784,-0.571466,-0.716631,0.703457,-1.67853,0.592056,-1.39678,1.92183,-1.41964,0.0483649,1.06417,0.402328,1.65698,-1.80692,-0.663482,-0.99631,-1.97885,2.86606,0.98892,3.4366,-1.21713,0.128205
-0.450243,1.43236,-0.0973393,-0.308217,2.15987,-0.564945,0.692718,0.268043,2.33798,-0.305468,-0.0183595,-0.0831775,-0.513368,-0.788969,-1.92027,0.528652,-0.483496,0.389612,-0.664451,1.11822,-2.56292,-0.76173,2.46982,0.995087
0.771274,-1.63552,0.148899,-0.12134,-0.491381,0.882408,1.14971,-0.765597,1.16635,-1.32575,1.00205,0.42263,-1.05348,-0.0552111,-0.566907,1.18035,0.291747,1.40003,2.37872,-2.71762,0.0328602,-3.00134,-0.325364,-0.30116
-0.65158,1.00384,-0.548245,-0.708042,0.265378,1.05966,0.207462,0.00886177,1.8614,0.292138,-0.066052,0.712595,-0.0477441,0.284694,-1.02088,-0.690852,-0.166316,0.62855,-0.323908,-0.462428,-0.627287,-0.496784,1.1517,0.85264
0.438627,-1.39132,0.511392,0.0898014,1.01738,-0.499606,0.835467,-0.285234,0.674248,-1.02218,0.364495,-0.600249,-1.17828,-0.93759,-0.607189,1.38077,-0.303053,0.510118,1.02233,0.35898,-1.17513,-1.37939,0.108789,-0.488821
0.264017,-1.53401,0.860292,-0.00761761,1.32317,-0.479126,0.176039,-0.0644967,0.0117757,-0.245507,-0.303799,-0.857779,-0.99032,-1.25787,0.303659,0.90428,-0.950111,-0.0616805,0.134265,2.71418,-1.30541,0.361818,-0.655086,-0.667132
1.37608,-1.48832,0.86464,1.47853,0.0463463,-2.48588,0.274558,-0.360706,-2.84326,-1.17381,0.711537,-1.47748,-0.102489,-0.545637,0.797398,1.78408,0.624011,-0.904,0.994115,-0.203226,0.604795,-0.38435,-1.11619,-1.48293
-0.265031,2.61405,-0.433105,0.891699,0.80988,-1.89229,-0.17071,0.52964,-0.614606,-0.0254411,0.179601,-0.350678,1.02874,0.164443,-0.889084,-0.0853413,0.832585,-1.11502,-1.57387,0.0154869,-0.563151,0.616179,1.88473,0.775038
-2.27849,6.95666,-2.15902,0.0769047,-1.29702,0.381458,-1.74679,1.53095,0.224943,2.68382,-0.978934,1.8424,3.63617,2.85217,-0.966942,-4.09228,1.39761,-1.46499,-4.3784,-1.09348,1.51614,3.54232,3.12228,3.01835
-0.384868,5.40836,-1.47374,1.70751,-0.518251,-2.57117,-0.711958,0.892821,-1.53256,0.493263,0.448808,0.523897,2.83442,1.85576,-1.39579,-1.31926,2.39995,-1.81616,-2.59135,-2.63625,1.10393,1.13371,3.17109,1.69171
-0.859787,2.45212,-0.951991,-0.185849,-1.13176,0.842335,-0.771871,0.483595,-0.018337,1.15416,-0.423851,1.04479,1.46764,1.40083,-0.0407169,-1.73575,0.707126,-0.407166,-1.42311,-1.1964,1.22012,1.26776,0.660844,1.06227
0.357744,-0.920665,0.186288,-0.218893,1.04708,0.00438287,0.88942,-0.270338,1.4715,-1.01079,0.574346,-0.242995,-1.08649,-0.686177,-0.917769,1.10976,-0.362901,0.787998,1.09542,-0.212109,-1.30193,-1.89505,0.589995,-0.0538141
0.623058,-1.62744,0.798681,0.243376,0.972881,-1.02813,0.19825,-0.146307,-0.645047,-0.479913,0.0561112,-1.05249,-0.793356,-1.278,0.502042,1.14281,-0.48405,-0.147277,0.499028,1.66313,-0.788985,-0.00351209,-0.833354,-0.857638
0.662277,-0.753443,0.187607,0.305962,0.44132,-0.609598,0.758857,-0.36082,0.342903,-0.909406,0.604081,-0.375313,-0.652094,-0.393703,-0.516676,0.987174,0.199179,0.392972,1.00155,-0.838818,-0.559951,-1.58626,0.171115,-0.355363
-0.888552,3.9012,-0.074425,0.808759,3.73532,-3.59487,-0.160043,1.25156,0.32398,0.526543,-0.816222,-1.34948,0.539168,-1.27741,-1.96164,0.245149,-0.293274,-1.78531,-3.49284,4.38994,-3.40818,2.09165,3.67919,1.36512
0.927415,-9.02506,2.05703,-2.91038,-0.0472702,5.04463,1.53908,-1.88199,3.34306,-1.15262,0.00127176,0.0746042,-4.7245,-2.32134,1.76614,2.08976,-3.48268,3.81586,5.34462,1.71951,-1.15299,-3.48216,-4.97722,-2.54347
0.772402,1.00677,0.165792,1.49144,1.18178,-2.76549,0.923261,-0.119625,-0.37843,-1.55969,1.14135,-0.800402,-0.0152238,-0.44931,-1.43128,1.59482,1.06596,-0.501103,0.370715,-1.56879,-1.03618,-1.7104,1.75368,-0.154382
1.34375,-5.88363,1.372,-1.28702,0.686791,2.34079,2.39539,-1.57197,3.0951,-2.35461,1.1472,-0.179992,-3.81161,-1.81813,-0.448393,2.83798,-1.507,3.0658,4.93252,-1.07222,-1.80056,-4.94969,-1.88866,-1.60482
0.869578,-1.04917,0.412276,1.08092,-0.58384,-1.55253,-0.0887852,-0.104709,-2.30953,-0.508188,0.427349,-0.915547,0.224054,-0.0376736,0.941443,0.805358,0.627117,-0.748969,0.507265,-0.668482,1.20481,0.0357318,-1.26626,-1.02824
-0.680582,4.35362,-1.11881,1.09358,-0.0400421,-2.03246,-0.894409,0.990587,-1.48639,0.909556,-0.268921,0.137163,2.3156,1.20104,-0.575132,-1.34734,1.30554,-1.90488,-2.87525,-0.296213,0.65378,2.14391,2.10773,1.25263
0.621161,-2.79192,0.85544,-0.458258,0.90634,0.640245,1.05048,-0.724888,1.46495,-1.18783,0.435568,-0.335054,-1.96001,-1.23872,-0.219302,1.58739,-1.08499,1.26401,2.11961,0.457793,-1.37601,-2.10131,-0.749555,-0.814548
-0.0465266,-6.28543,0.934623,-3.43349,-0.186888,6.19492,1.5719,-1.48392,5.60133,-0.641165,0.0385489,1.25991,-3.99988,-1.30312,0.191979,0.766765,-2.92997,4.34272,4.39614,0.105297,-1.44791,-3.72668,-2.64698,-0.926929
-1.43962,4.8695,-1.61157,0.156851,-1.19091,0.359079,-1.32893,1.01574,-0.183959,1.86742,-0.695017,1.43401,2.68489,2.14327,-0.46565,-2.80168,1.22027,-0.92238,-3.07506,-0.955853,1.36906,2.51753,2.04666,2.07254
-1.16809,5.24071,-1.82752,0.805294,-2.06009,-0.327729,-1.54298,0.97622,-1.28269,1.74429,-0.286314,1.50743,3.32013,2.69189,-0.269433,-2.95539,1.95517,-1.53969,-3.03135,-2.53491,2.49238,2.44248,1.86275,1.84586
-0.00709857,0.831335,-0.206486,0.779285,-1.28371,-0.770292,-1.05797,0.318029,-2.50382,0.708823,-0.279435,-0.112349,1.39689,0.882284,1.21836,-0.753551,0.694611,-1.29624,-0.97763,-0.198666,1.84629,1.84013,-0.91356,-0.190792
-1.66707,6.03248,-1.82787,-0.0300155,0.807524,-0.00242438,0.00687313,0.967375,2.89204,0.845973,-0.151922,1.52454,1.78909,1.45174,-3.00217,-1.99312,1.01102,-0.101725,-2.59534,-1.75486,-1.18296,0.11058,4.87604,3.02149
-0.0630922,-3.44348,0.736375,-1.17655,-1.3564,2.39702,-0.837269,-0.382093,-0.683453,0.937638,-0.905778,0.0139549,-0.823622,-0.408593,2.54442,-0.433285,-1.4243,0.591884,0.881895,2.18348,1.23772,1.35506,-3.60537,-1.39139
0.247957,3.48767,-0.701203,2.03872,-0.164205,-3.23542,-0.393376,0.55827,-2.41272,-0.278641,0.508705,-0.405536,2.15796,0.951944,-0.736619,-0.248229,2.10638,-1.84754,-1.66128,-1.98431,0.939597,0.706961,2.05079,0.654406
-0.783583,6.20822,-1.63875,1.58075,0.368863,-2.75929,-0.51551,1.09772,-0.635259,0.50555,0.306637,0.518102,2.70994,1.57906,-2.06372,-1.34923,2.15915,-1.77415,-3.06117,-2.06126,0.0371125,1.08616,4.14854,2.15464
-1.49942,2.97428,-1.14669,-0.849719,-0.759705,1.60807,-0.835015,0.622994,1.39497,1.61057,-0.719431,1.41514,1.24058,1.33146,-0.428477,-2.3833,0.023608,0.0831071,-1.87058,-0.215906,0.42154,1.52882,1.41228,1.6228
0.383145,0.221481,0.0325565,0.840629,-0.714656,-1.05355,-0.425984,0.0407657,-2.01575,0.161691,0.112459,-0.302243,0.853414,0.39371,0.765648,-0.0573066,0.661878,-0.817282,-0.371132,-0.421754,1.16205,0.870017,-0.686596,-0.34585
-0.67828,3.91891,-0.909873,1.0802,-0.276985,-2.01923,-1.25939,1.02936,-2.06141,1.13712,-0.394972,0.0209363,2.25143,1.12285,-0.0563436,-1.48327,1.35754,-2.00077,-2.8264,0.0922486,1.04608,2.71191,1.4658,0.950696
-0.980277,5.73617,-1.87461,0.542842,0.584024,-0.689569,0.7803,0.673979,2.95898,-0.33434,0.963732,1.49559,1.65457,1.70281,-3.68678,-0.979183,1.7942,0.190301,-1.4348,-4.21116,-1.03182,-1.81896,5.43536,2.9036
-0.446214,-1.60775,0.299216,-1.69902,0.853091,2.32875,0.652981,-0.250817,3.07631,-0.149437,-0.288542,0.609946,-1.62657,-0.842255,-0.602093,0.217333,-1.57919,1.77334,1.04908,1.0736,-1.77781,-1.25911,-0.0324791,0.116708
-1.06171,5.17736,-1.55236,0.60561,-0.511096,-0.75595,-0.65921,0.897373,0.242865,0.946485,-0.0182381,1.05189,2.50705,1.84829,-1.59559,-2.04873,1.66559,-0.923528,-2.60894,-2.10373,0.716383,1.0355,3.19954,2.16629
-0.36561,2.30052,-0.67101,0.627613,-0.787239,-0.691835,-0.782735,0.412904,-1.2171,0.617236,-0.14228,0.327245,1.6412,1.09204,-0.00605538,-1.08564,0.995778,-1.02741,-1.4472,-1.11959,1.20028,1.17869,0.749983,0.724722
-0.790572,1.22342,-0.486495,-0.703348,-0.446936,1.48381,-0.34782,0.248287,1.31332,0.72198,-0.361653,0.93372,0.487828,0.717729,-0.326535,-1.2806,-0.139668,0.466127,-0.694864,-0.273857,0.0761012,0.428893,0.571,0.843644
0.440784,3.87979,-0.158546,2.49776,2.37359,-5.64056,0.151602,0.795917,-2.18663,-0.826212,0.684348,-1.68828,1.39829,-0.517832,-1.69751,1.2466,1.66852,-2.51658,-2.29666,0.504047,-1.67982,0.579627,3.47148,0.60632
-1.65017,3.30288,-1.47077,-0.603836,-2.60215,2.24754,-1.81615,0.863158,-0.405569,2.55726,-1.13739,1.90873,2.58517,2.51239,0.941178,-3.66551,0.544491,-0.580498,-2.57055,-0.909539,2.70259,2.97556,0.0690791,1.47958
-1.33601,2.6965,-0.827613,-0.423761,-0.180877,0.567256,-1.1489,0.728457,0.223362,1.61461,-0.98237,0.714024,1.4042,0.802642,-0.0365022,-1.96697,-0.0976148,-0.678806,-2.30549,1.19855,0.254196,2.4979,0.939594,1.28015
1.23699,-2.85976,1.37123,0.868395,1.05788,-1.96752,0.328118,-0.367855,-2.1541,-1.02569,0.145445,-1.81088,-1.16411,-1.64432,1.04106,2.20164,-0.431893,-0.523421,1.03126,2.11253,-0.667761,-0.165516,-1.81748,-1.87288
-0.991939,2.79896,-0.986404,0.0159683,-1.3065,0.441908,-1.21046,0.750348,-0.746589,1.56992,-0.608915,0.973915,1.90322,1.58864,0.354532,-2.02047,0.773269,-0.785425,-2.00668,-0.601445,1.54724,2.21957,0.61552,1.03027
-0.436658,-2.97912,0.653604,-2.11987,0.866677,3.12728,0.637934,-0.503046,3.2968,-0.0223857,-0.529855,0.373878,-2.30059,-1.30445,-0.00671249,0.286117,-2.13106,2.05497,1.53173,2.07501,-1.77858,-1.18567,-1.06307,-0.264768
0.258968,-0.517771,0.174567,0.120328,0.456289,-0.44157,0.2128,-0.17818,0.117405,-0.509871,0.286724,-0.305504,-0.312599,-0.385378,-0.168668,0.585534,-0.107348,0.0390033,0.365411,0.00197096,-0.42692,-0.554214,0.0802898,-0.21748
-0.626316,-4.27701,-0.0589314,-3.29754,-2.52288,7.12135,0.53634,-1.198,4.26569,0.541638,-0.101795,2.51855,-2.07634,0.758287,0.991924,-1.22086,-1.8104,3.639,3.39152,-2.06532,1.16848,-2.33839,-3.04875,-0.12017
-0.226144,-3.6003,0.650665,-2.71523,1.61538,4.1882,2.32015,-1.05257,6.38257,-1.25573,0.52688,1.03609,-3.59827,-1.56127,-1.85137,1.23327,-2.32359,3.85279,3.49652,-0.0999072,-3.11841,-4.51308,0.344708,0.323851
0.722674,1.56098,-0.176052,1.46565,0.669907,-2.63286,0.637701,0.0863173,-0.919647,-1.15114,0.885341,-0.516494,0.491563,-0.0347576,-1.13936,0.936604,1.26107,-0.661243,0.00353577,-1.7194,-0.295371,-1.09034,1.56063,0.145355
-0.445442,0.575562,-0.0755398,-0.682493,1.67429,0.31474,0.650449,0.113855,2.37922,-0.148862,-0.118837,-0.0485053,-0.737071,-0.830821,-1.36414,0.237423,-0.768495,0.678129,-0.327324,1.37269,-2.25594,-0.728237,1.54782,0.698194
-0.614748,1.8174,-0.851762,-0.588722,0.670574,1.01134,0.878189,0.0162134,3.28682,-0.368619,0.49026,1.17348,-0.0973682,0.422777,-2.32141,-0.395592,0.296801,1.22798,0.211513,-2.03928,-1.2334,-1.98376,2.54007,1.54771
-0.692187,0.507127,-0.76862,-0.0355519,-4.4028,1.81139,-2.81879,0.478028,-4.20477,2.70513,-1.29884,0.980548,2.72736,2.47763,3.77165,-3.2063,0.733518,-1.52653,-1.61984,-0.596906,5.13772,4.47142,-3.52216,-0.431713
0.52144,0.391098,0.280385,1.27741,0.409904,-2.28066,-0.187993,0.0732601,-2.14113,-0.469508,0.185926,-1.05348,0.525453,-0.239081,0.271754,0.686627,0.651717,-1.32377,-0.532737,0.334294,0.155997,0.533002,0.0952324,-0.474673
1.10303,-3.09786,0.922603,0.106446,0.840802,-0.354414,1.14877,-0.723749,0.322213,-1.64849,0.725438,-0.775767,-1.78476,-1.25876,-0.171893,2.15069,-0.509889,0.866759,2.41711,-0.313341,-0.841617,-2.33137,-0.972159,-1.3076
-0.665303,0.863556,-0.39997,-0.818607,0.123177,1.21925,-0.106346,0.187602,1.54736,0.577285,-0.373156,0.656672,0.0763872,0.126522,-0.585662,-0.888367,-0.391755,0.38724,-0.560023,0.368333,-0.403361,0.233546,0.726919,0.676132
-0.193347,-0.115988,-0.29953,-0.350219,-1.2767,1.22203,-0.354427,-0.038276,-0.10894,0.431663,-0.0485115,0.684116,0.372737,0.759885,0.425969,-0.787435,0.130712,0.34723,0.304193,-1.28294,1.23629,0.0855317,-0.710609,0.0667525
0.205175,-1.41531,-0.419067,-0.505822,-2.91663,2.70554,0.0225285,-0.649587,0.285425,0.0547315,0.575314,1.59141,0.156347,1.56814,0.686848,-0.799975,0.588954,1.34681,2.08748,-4.14357,2.53502,-1.56375,-1.66258,-0.118331
1.15356,-1.31654,0.704148,1.20834,0.612368,-2.34174,0.492979,-0.259082,-2.01385,-1.12716,0.565487,-1.34666,-0.43094,-0.96918,0.303587,1.79663,0.264694,-0.791585,0.632287,0.529878,-0.304826,-0.624221,-0.712403,-1.16932
-1.81836,0.168486,-1.07399,-2.7199,-2.24658,5.79989,-0.537199,-0.050993,3.43372,1.93331,-0.886843,2.73257,0.234948,1.72314,0.28175,-3.103,-0.962463,2.14936,0.151995,-1.3162,1.2865,0.272708,-0.66174,1.31197
0.458914,-2.37667,0.572802,-0.448634,-0.482195,1.04148,0.167851,-0.533684,-0.0689965,-0.334175,0.0540849,-0.152448,-0.97109,-0.357823,0.902784,0.510096,-0.63813,0.704509,1.39933,0.152355,0.375376,-0.650996,-1.74141,-0.943267
0.711004,-1.05238,0.445906,0.424096,0.671637,-0.750175,0.828576,-0.375914,0.290021,-1.16108,0.733593,-0.429359,-0.907134,-0.683018,-0.565669,1.34041,0.0783158,0.425817,1.20547,-0.753655,-0.72637,-1.63693,0.169427,-0.431439
-0.0621088,1.9687,-0.747847,0.23253,0.338655,-0.19142,0.936167,-0.0190926,1.93057,-0.909235,1.00859,0.793248,0.162637,0.683643,-2.0803,0.113962,0.994214,0.634847,0.379132,-3.17859,-0.597019,-2.26273,2.57957,1.17997
-1.10551,6.03126,-1.11903,1.63329,0.398765,-3.5011,-2.08168,1.63134,-3.24466,1.90266,-1.07294,-0.406289,3.49632,1.18608,0.0239335,-2.07307,1.46824,-3.42395,-5.0722,2.05481,0.656534,4.88576,2.45209,1.49617
0.340873,-2.40616,0.319458,-0.760002,-0.581619,1.82003,0.576972,-0.672885,1.34663,-0.588621,0.381931,0.470349,-1.34156,-0.160933,0.0963853,0.540307,-0.504073,1.49462,2.06521,-1.23056,0.0800164,-1.82818,-1.23746,-0.512473
0.850657,-0.259996,0.849112,1.67075,1.05052,-3.97754,-1.03734,0.414195,-4.36041,-0.0625544,-0.505491,-2.33476,0.550175,-1.10856,1.61121,1.08331,0.212995,-2.60001,-1.5157,3.53857,0.0957404,2.77459,-1.11179,-1.27895
2.04917,-6.20743,1.61185,0.269407,-1.62275,0.470199,0.653645,-1.2898,-2.22643,-1.5671,0.841645,-0.986034,-1.9483,-0.919517,2.43495,2.40859,-0.379055,0.865211,3.97229,-1.16579,1.72195,-2.08274,-4.58378,-2.8675
-1.4971,4.9627,-1.77415,0.463354,-2.87978,0.407749,-2.42636,1.1613,-2.62962,2.65224,-1.05061,1.45117,3.80976,3.0789,1.11644,-3.85222,1.71596,-1.97067,-3.66606,-1.56575,3.67303,4.20659,0.475344,1.47803
-0.313871,-0.949876,-0.432316,-0.830368,-2.54559,2.81607,-0.413189,-0.284577,0.280325,0.685469,-0.0921713,1.31316,0.379428,1.2902,1.12217,-1.3218,0.0787124,0.929519,0.918565,-2.20861,2.26008,-0.156616,-1.69861,-0.0433394
-0.143322,1.11742,-0.38293,0.0251871,0.333062,-0.000540789,0.628005,-0.0202994,1.33653,-0.434951,0.451156,0.448714,-0.0151665,0.151695,-1.27525,0.101761,0.363147,0.475249,0.0965081,-1.44753,-0.604405,-1.16856,1.5589,0.834215
-0.796339,5.04024,-1.17706,0.930441,1.15227,-2.22886,-0.0075142,0.864298,0.544097,0.155495,0.232692,0.332828,1.71687,0.77477,-2.15685,-0.802778,1.35737,-1.16994,-2.61236,-1.00685,-0.829105,0.527771,3.90941,1.91169
-0.395951,2.77134,-0.808701,0.831383,-1.39742,-0.962981,-1.26054,0.686449,-2.44055,1.19012,-0.330328,0.319755,2.16777,1.52721,0.685072,-1.56858,1.09954,-1.69917,-1.99922,-0.807332,2.04219,2.46309,0.218125,0.619618
0.0101161,-3.12934,0.564391,-2.18226,1.21145,3.57581,2.10581,-0.948376,5.5638,-1.37024,0.640103,1.01755,-3.15734,-1.28032,-1.78373,1.34252,-1.74633,3.42267,3.27042,-0.831184,-2.67493,-4.33592,0.285127,0.229103
0.681931,1.04162,0.69247,1.63645,3.11524,-4.54809,0.261173,0.474011,-1.59911,-0.910371,0.00832841,-2.29493,-0.193312,-1.8245,-0.832865,1.88634,0.0132168,-1.91577,-1.55962,3.4649,-2.55433,0.91671,1.61935,-0.344617
0.932007,-1.39016,0.859594,0.684317,1.26006,-1.81404,0.462156,-0.172101,-1.02151,-0.93444,0.212149,-1.27006,-0.848516,-1.22017,0.14132,1.67176,-0.203246,-0.352191,0.558226,1.43341,-1.03702,-0.378744,-0.365926,-0.938345
0.617965,2.19617,-0.325427,1.73003,1.11229,-3.24681,0.675642,0.251713,-0.663794,-1.20084,1.06334,-0.593918,0.688957,-0.00875443,-1.66718,1.18417,1.5552,-0.891629,-0.308791,-1.88545,-0.637724,-1.19073,2.51181,0.384156
0.57102,-0.128334,0.802406,0.933747,2.515,-3.0379,0.425341,0.190381,-0.858965,-0.799021,0.0786878,-1.82534,-0.69456,-1.62496,-0.504302,1.83231,-0.216073,-1.03454,-0.692769,2.94174,-2.31485,0.348044,0.762545,-0.486304
1.50962,-0.148698,0.959324,2.86448,0.129154,-5.18014,-1.14997,0.424917,-6.47019,-0.403527,-0.00593878,-2.54119,1.33715,-0.619132,2.07649,1.49275,1.25772,-3.35473,-1.42388,1.91294,1.45547,2.79495,-1.57645,-1.87219
0.330134,0.635942,0.0697806,0.946461,1.11783,-2.1099,0.219372,0.0947778,-0.901841,-0.56296,0.312632,-0.865228,0.113073,-0.519667,-0.483166,0.793729,0.385558,-0.74209,-0.412999,0.432673,-0.78456,-0.0168155,0.920554,-0.0704487
0.820268,-2.14048,1.2637,0.81595,1.07323,-2.2753,-0.564458,0.0537818,-3.05161,0.00768669,-0.600167,-2.08767,-0.483693,-1.6841,1.71858,1.43953,-0.790294,-1.48255,-0.497804,4.14806,-0.367845,2.04535,-2.20726,-1.76746
-0.853509,4.08791,-1.21615,0.71346,-0.232374,-1.17409,-0.810135,0.858609,-0.707851,1.04565,-0.33244,0.469197,2.02101,1.24764,-0.69196,-1.57687,1.19795,-1.24255,-2.49559,-0.630695,0.535304,1.74124,2.19283,1.45212
0.547183,-4.29926,0.963358,-1.60438,0.22752,2.93127,1.54911,-1.13514,3.27303,-1.30511,0.52402,0.51014,-2.90481,-1.17208,-0.220027,1.50066,-1.46086,2.6645,3.5961,-0.654151,-1.33733,-3.55128,-1.39752,-0.906722
1.48094,-2.37164,1.21021,1.09829,1.72999,-2.74922,0.8126,-0.395405,-1.51776,-1.71311,0.675705,-1.95039,-1.33861,-1.9285,0.163556,2.81609,-0.285468,-0.489455,1.19722,1.44927,-1.38268,-1.07464,-0.595635,-1.53295
0.191047,-1.16551,-0.35422,-1.26063,0.279852,2.67325,2.24243,-0.899236,4.9611,-1.63117,1.4225,1.66676,-1.96291,0.0211729,-2.6042,0.794263,-0.130778,3.00766,3.0922,-4.18012,-1.4035,-5.20585,1.72549,0.931454
0.519463,-1.69559,0.430966,0.334242,-1.30214,-0.0737528,-0.82978,-0.151614,-2.42987,0.431503,-0.285086,-0.477163,0.254275,0.219665,2.08662,-0.0575918,0.00858346,-0.722098,0.292772,0.442544,1.85542,1.35948,-2.44989,-1.2332
1.14358,-1.40362,0.421233,0.633841,0.615698,-1.19417,1.12822,-0.640342,0.0308977,-1.73328,1.10153,-0.698841,-1.0659,-0.686968,-0.723615,1.90718,0.341706,0.459519,1.79503,-1.60803,-0.596819,-2.42308,0.190511,-0.698334
-0.0154133,0.297696,0.0646777,-0.146508,1.63182,-0.441645,0.918987,-0.0616162,1.82932,-0.824443,0.351744,-0.229665,-0.922427,-0.851382,-1.488,0.897837,-0.190401,0.664981,0.358428,0.304696,-2.02624,-1.56868,1.66444,0.427372
0.27235,-1.79765,0.186953,-0.454303,-0.813518,1.1919,0.0724774,-0.440506,-0.0604582,-0.147951,0.0960238,0.12478,-0.628368,0.0984822,0.759791,0.177083,-0.293624,0.646949,1.18654,-0.585549,0.766387,-0.539274,-1.41928,-0.622856
0.659267,-1.49021,0.553196,0.130571,1.1987,-0.648384,0.893924,-0.429594,0.563441,-1.01482,0.415206,-0.607018,-1.24729,-1.10332,-0.378137,1.50262,-0.356413,0.534174,1.22883,0.477865,-1.31474,-1.38491,0.0105763,-0.59115
1.3999,-6.42826,2.12634,-0.693637,1.54255,0.29255,0.919506,-1.08836,-0.0582438,-1.32909,-0.0633963,-1.84522,-3.48812,-2.97994,1.59102,2.91252,-2.40565,1.0365,2.82446,4.0124,-1.89412,-1.2223,-3.52495,-2.78614
0.0808338,-0.860308,0.49741,0.0530201,0.261844,-0.453491,-0.714498,0.099793,-1.54463,0.447587,-0.577722,-0.853396,-0.155414,-0.587527,1.21951,0.193768,-0.598036,-0.638894,-0.470657,2.27861,0.103482,1.65829,-1.43003,-0.777525
-0.0397723,0.83339,-0.114543,0.458325,0.387448,-0.953259,-0.206889,0.292423,-0.531879,0.25495,-0.156855,-0.343692,0.372538,-0.1362,-0.0971871,-0.0847009,0.248709,-0.655798,-0.756685,0.707332,-0.149935,0.73949,0.487345,0.0847287
-0.0613484,-1.51053,0.473371,-0.814567,1.14803,0.885875,0.703725,-0.253511,1.826,-0.478514,-0.0902569,-0.128826,-1.38601,-1.0323,-0.493638,0.708701,-1.15938,0.951566,0.90041,1.33614,-1.51604,-1.09296,-0.0463634,-0.217437
-0.323877,-0.982449,0.0433182,-1.38555,0.820653,2.27085,0.920427,-0.39181,3.39317,-0.399371,0.0101248,0.682084,-1.46407,-0.586285,-1.1266,0.0678427,-1.1599,1.87616,1.18367,0.00243472,-1.6113,-1.80479,0.591648,0.538336
-0.0298921,-2.41292,0.259989,-1.03967,-1.45496,2.26008,-0.328196,-0.364824,0.0352067,0.578613,-0.448815,0.517397,-0.499039,0.151752,1.70992,-0.604448,-0.736879,0.777584,1.05407,0.173697,1.25078,0.338419,-2.46647,-0.832206
-2.68367,8.2588,-2.74438,-0.641466,0.0618279,1.34183,-0.264622,1.39312,4.15675,1.76993,-0.219367,2.91591,2.72374,2.63718,-3.70906,-3.66696,1.49259,0.185967,-3.51343,-3.07551,-0.643909,0.463991,6.02714,4.41436
0.172416,-0.349535,0.769252,0.422845,1.73612,-2.2759,-0.31327,0.230487,-1.33741,-0.0339407,-0.470663,-1.52926,-0.224421,-1.34749,0.381364,0.914151,-0.624165,-1.16546,-1.12838,3.71889,-1.45562,1.57753,-0.0473785,-0.59966
0.120041,1.25457,-0.177857,0.717737,0.464937,-1.36738,0.0983097,0.30811,-0.533886,-0.247738,0.349908,-0.276192,0.55474,0.0100123,-0.688488,0.203691,0.594471,-0.637615,-0.532031,-0.400898,-0.219973,-0.0456538,1.16155,0.309979
-1.58381,0.726419,-1.19523,-2.28498,-2.04744,5.24592,-0.188421,0.0362682,3.83451,1.37039,-0.470673,2.7666,0.131351,1.66769,-0.411063,-2.63904,-0.59199,2.07162,0.418955,-2.27858,1.02574,-0.516249,0.092441,1.58282
1.28777,-2.34975,0.612621,0.909859,-0.741434,-0.822627,0.516953,-0.751534,-1.57807,-1.16436,0.789022,-0.664466,-0.583946,-0.268882,0.711364,1.46352,0.478923,0.00996861,1.89244,-1.55493,0.995291,-1.48528,-1.60783,-1.30413
0.021108,-1.93934,-0.0382536,-1.18153,-1.13143,3.05494,0.828579,-0.693794,2.45507,-0.376298,0.496538,1.22511,-1.18897,0.325889,-0.147819,0.047401,-0.453316,2.05072,2.33415,-2.55227,0.390307,-2.36999,-0.779483,-0.0447826
-1.13379,5.5378,-1.41377,1.01289,-0.196332,-1.58499,-1.01763,1.14432,-0.756062,1.23649,-0.313637,0.693094,2.68829,1.52347,-1.21509,-2.05623,1.56662,-1.69078,-3.22829,-0.974354,0.546479,2.10393,3.11084,1.98569
0.00523186,-3.51269,0.270573,-2.49988,0.0955414,4.76462,2.22989,-1.30447,5.91425,-1.33649,0.867085,1.79996,-2.9669,-0.511859,-1.56587,0.702178,-1.42823,4.04593,4.2224,-2.64899,-1.56755,-5.15418,-0.103455,0.191256
-0.742089,1.84497,-0.66636,-0.409592,-0.085639,0.841415,-0.108914,0.372382,1.47799,0.59953,-0.105025,0.905908,0.524087,0.74736,-0.831537,-0.959445,0.11513,0.318394,-0.656761,-0.803914,-0.171129,-0.0882762,1.43135,1.0503
0.569211,-0.21157,0.361878,0.698286,0.980898,-1.58611,0.628034,-0.0368562,-0.149187,-0.975936,0.520049,-0.751572,-0.441005,-0.710354,-0.648527,1.22794,0.284649,-0.268268,0.329311,-0.0302103,-0.833341,-0.902122,0.675192,-0.289834
0.201372,-0.734516,0.158219,-0.11055,0.172803,0.241703,0.436385,-0.247297,0.383556,-0.35297,0.185055,-0.0533154,-0.55827,-0.27171,-0.203581,0.498133,-0.19222,0.398466,0.684739,-0.216582,-0.276081,-0.858339,-0.0922236,-0.14413
0.383898,-5.52397,1.02689,-1.78641,-1.78724,3.99721,0.0874123,-1.08418,0.730961,0.0736738,-0.371412,0.466319,-2.1218,-0.395165,2.33215,0.319021,-1.75213,2.11732,3.0612,0.377527,1.15971,-0.878413,-4.35318,-1.73939
0.426249,-3.262,0.431334,-1.37133,-0.350426,2.86554,1.25453,-0.871802,2.70595,-0.886517,0.574222,0.752851,-2.04715,-0.276151,-0.260515,0.778984,-0.977633,2.42655,3.13871,-1.69451,-0.43078,-3.15179,-1.03105,-0.446064
-0.906407,2.49708,-0.742947,0.132848,-1.38328,-0.16457,-2.02797,0.88223,-2.51096,2.0266,-1.23594,0.271287,2.26605,1.35106,1.35588,-2.29859,0.514037,-1.77955,-2.7814,1.25366,1.97323,3.84505,-0.554028,0.414203
-0.287619,-0.744032,-0.606677,-1.40533,-0.985781,3.39079,0.947211,-0.599886,3.60676,-0.415771,0.57162,1.85508,-0.968474,0.698076,-1.19971,-0.4731,-0.263373,2.50236,1.97523,-3.13045,-0.0688235,-2.83687,0.501796,0.7509
-0.885869,3.36679,-1.02872,0.211055,-0.620052,-0.0707956,-0.630089,0.6954,0.146714,0.933057,-0.246712,0.875269,1.74948,1.37143,-0.666429,-1.62807,0.838146,-0.605785,-1.83814,-1.11059,0.549038,1.18356,1.78503,1.30437
-2.36126,5.08923,-2.02347,-1.95341,0.541756,3.29891,0.283926,0.685392,5.88946,1.25515,-0.409628,2.97466,0.845666,1.67301,-3.45264,-2.87622,-0.0215474,1.7519,-1.70803,-2.00792,-1.7262,-0.807466,4.74061,3.61111
-0.153095,2.34687,-0.343073,0.688067,1.17506,-1.696,0.337359,0.414764,0.430224,-0.346126,0.346049,-0.211737,0.578436,-0.0975619,-1.47353,0.173759,0.638658,-0.612333,-1.01094,-0.0804779,-1.15963,-0.220376,2.2914,0.846409
-0.786461,2.89334,-1.1338,0.129255,-1.63457,0.787529,-0.856858,0.545559,-0.307911,1.13295,-0.102569,1.30169,1.90207,1.84091,-0.0871602,-1.97487,1.08741,-0.497088,-1.47458,-2.26426,1.76329,1.04878,0.966211,1.26043
0.163241,-3.93696,0.311249,-1.76569,-2.27494,4.30664,-0.0027561,-0.922237,1.24372,0.331808,-0.193745,1.20505,-1.22941,0.496643,1.72854,-0.596628,-1.14264,2.06031,2.48245,-1.09148,1.8062,-1.04221,-3.26494,-0.949419
0.163111,-2.09659,0.624231,-0.399265,-0.193368,0.7124,-0.214026,-0.126214,-0.510394,0.222494,-0.385312,-0.409811,-0.749361,-0.686303,1.28014,0.230825,-0.888049,0.20908,0.532721,1.67847,0.0769618,0.642613,-1.89846,-1.01162
0.164153,0.857258,0.432784,1.20891,0.490254,-2.7871,-1.11841,0.477555,-3.3549,0.553612,-0.63866,-1.40511,1.05435,-0.415241,1.15018,0.109461,0.200353,-2.16345,-1.90124,2.73297,0.314481,2.87549,-0.575575,-0.639772
0.155568,-2.76834,0.192281,-1.56285,-0.390835,3.36298,1.52899,-1.01423,3.87946,-1.02277,0.73162,1.2145,-2.08894,-0.174231,-0.866411,0.658507,-0.855838,2.90253,3.18236,-2.3679,-0.576414,-3.71261,-0.488781,-0.0285426
-0.807958,5.51621,-1.58729,1.52977,-0.76283,-2.2542,-1.21663,1.0958,-1.92738,1.05631,-0.12892,0.643723,3.14215,2.10303,-0.77881,-1.90299,2.15358,-2.06113,-3.18048,-1.83032,1.40899,2.18438,2.75922,1.67428
-2.19081,0.400348,-0.998999,-3.39137,-0.476006,6.1035,0.110885,0.0181523,5.97414,1.68114,-1.02928,2.75517,-0.882194,0.73996,-1.05765,-2.57508,-1.94081,2.85284,0.133084,0.155755,-1.04434,-0.430734,0.709369,1.8603
0.141714,-2.29764,0.594307,1.59264,1.04965,-0.731499,-0.340095,0.0446093,-4.92779,-0.0390284,-1.1614,-1.92695,0.989824,-0.965807,3.55607,1.75244,0.649064,0.133894,-0.367554,3.28322,0.421547,2.67218,-2.08821,-1.78363
2.46888,-3.82859,2.19802,-0.683996,0.244771,-0.324012,-0.577766,-0.64312,-1.12064,-0.471625,1.37162,-1.62145,-1.82654,-1.2169,3.23897,2.19355,-1.9754,-0.0885219,2.23445,1.00752,-0.40783,0.283734,-2.45931,-4.11138
0.309956,0.787098,0.0631274,0.66767,0.0704284,-1.30834,-0.364952,0.193538,-1.43075,0.230958,0.0480047,-0.508686,0.58879,0.0381259,0.464007,0.0721534,0.276848,-0.93359,-0.717233,0.309069,0.284045,1.0086,0.177255,-0.370035
0.440508,-3.96894,0.80729,0.362419,0.157458,0.192719,0.289371,-0.532867,-2.25174,-0.421033,-0.714818,-1.13522,-0.875042,-1.24281,1.87333,1.42782,-0.402451,0.450573,1.24952,2.24257,0.344815,0.356405,-3.06374,-1.39744
0.398555,-1.75456,0.625029,0.442803,-0.0978272,-0.89606,-0.0655721,-0.194229,-1.65786,-0.212901,-0.314039,-0.89799,-0.34721,-0.721111,0.76278,0.748419,-0.142107,-0.477069,0.406547,1.36348,0.569478,0.426591,-1.90075,-0.706366
-0.049523,-3.45617,0.447545,-1.31484,-1.45147,1.76285,1.01456,-0.918505,2.98072,-0.864259,-0.0188275,1.01728,-2.61629,-0.76591,-2.02393,-0.160475,-1.23405,1.0183,2.49634,-0.531646,0.172137,-3.29079,-2.33428,0.785589
-0.757564,3.53923,-1.04732,1.86631,2.23081,-0.0287744,-0.708638,1.05597,-4.03937,1.15795,-0.959756,-1.10784,3.73613,1.05544,3.63766,0.512418,1.87431,0.646482,-2.66566,1.1918,-0.491246,4.2308,2.8375,-0.684415
1.86296,-6.56628,2.23621,-0.896007,-0.946856,0.0500437,0.299966,-1.3047,-0.231934,-1.01592,0.478836,-1.04174,-3.45973,-2.0726,1.04165,1.78175,-2.2102,-0.169467,3.40955,1.71135,0.352456,-1.84161,-5.02719,-2.61711
-1.08112,-0.577247,-0.506709,1.64205,-0.999707,-2.47471,0.0205046,0.102828,-2.75272,-0.316263,-1.75024,-0.475956,0.661464,-0.533069,-1.51736,-0.625474,1.48479,-1.87506,-1.2887,2.01738,1.56411,0.413418,-2.05366,2.18443
0.429715,1.78844,0.0480101,-0.269302,1.55569,1.2408,-0.430165,0.299392,-0.0515644,0.611544,0.757035,-0.36291,1.13625,0.635818,2.71607,0.738349,-0.140516,1.26644,-0.350929,-0.788319,-1.2596,1.55177,2.48758,-1.9312
-0.0433308,2.22413,-0.409595,-0.0296005,0.587589,0.375486,-0.21223,0.436901,0.333166,0.376301,0.401238,0.236018,1.03277,0.655719,0.335499,-0.279358,0.29744,0.232657,-0.806287,-0.925523,-0.585139,0.760721,2.09309,-0.0272371
0.944865,-6.10554,1.64659,0.991696,0.496795,-0.359643,-0.0456199,-0.627928,-4.87735,-0.698016,-1.14497,-2.45423,-0.900014,-2.0551,4.16671,2.53062,-0.487035,0.336153,1.65783,4.14026,0.594981,1.54797,-4.85177,-2.97385
-1.51307,2.09629,-1.26392,1.87449,-0.429029,-2.15589,-0.179969,0.679029,-2.40523,0.28922,-1.67313,0.0115459,1.84626,0.415671,-1.6726,-1.24217,2.04339,-1.70511,-2.47428,1.13805,1.28461,1.23821,0.189058,2.75234
1.39721,3.42737,0.602311,0.626826,0.237895,-3.38546,-1.40629,0.818393,-1.49373,0.605935,1.51865,-0.880854,1.06529,0.629948,0.623614,-0.132036,0.0714403,-2.68097,-1.75601,-0.642897,-0.113441,2.00215,1.94268,-1.56857
-2.37693,1.44214,-1.97714,-0.27196,0.765432,3.62637,1.24622,0.127539,1.77299,0.30936,-1.49232,1.58581,1.33691,0.99088,-0.932942,-0.954267,1.35488,2.97196,-0.531209,-0.789578,-0.634334,-0.642957,1.93717,2.72286
-0.0559772,1.26851,-0.306342,0.803251,2.99203,2.1494,-0.483475,0.527921,-2.91525,0.793559,-0.311726,-1.2235,2.74618,0.622772,5.53354,1.77104,0.590976,2.62069,-0.916878,0.988984,-1.54539,3.72091,2.38814,-2.94609
0.476194,-0.381118,0.381662,-0.203734,0.668971,0.387165,-0.25102,-0.00385806,-0.279101,0.0779932,0.431363,-0.422993,-0.0474903,-0.0213152,1.55585,0.748323,-0.33392,0.465364,0.405229,0.0687529,-0.515526,0.593935,0.172532,-1.4855
-1.9297,2.45065,-1.70222,0.491946,0.162503,0.921935,0.536263,0.468718,0.488622,0.469915,-1.23951,1.17496,1.53351,0.852004,-1.52711,-1.27783,1.39637,0.69624,-1.49902,-0.585456,0.0957381,0.138489,1.82531,2.73222
2.04858,-3.28569,1.76791,-0.223165,0.686696,0.0204858,-0.396106,-0.415641,-1.63512,-0.377069,0.894834,-1.67917,-1.15432,-0.905942,3.59219,2.11594,-1.56264,0.245592,1.82637,1.26162,-0.477418,0.909152,-1.81971,-3.92504
-1.62469,1.04296,-1.22778,1.14004,0.201974,-0.138285,0.31048,0.369122,-1.42991,0.121333,-1.57739,0.16302,1.39465,0.208015,-0.680904,-0.734333,1.6152,-0.029062,-1.44252,0.998088,0.689086,0.742652,0.134668,2.22463
-1.14132,-0.571928,-0.733803,1.55913,-0.718976,-1.87975,0.148356,0.16246,-2.53981,-0.191798,-1.87343,-0.296781,0.685093,-0.603021,-1.41638,-0.649509,1.30871,-1.30769,-1.22841,1.85672,1.46405,0.461597,-1.81981,2.30511
0.150998,-6.30263,1.0072,-0.476976,-2.04179,0.0733471,0.994152,-1.20974,0.59197,-1.27697,-0.937587,0.0685736,-3.40615,-1.92737,-2.22417,0.220096,-1.18188,-0.317958,2.67304,1.74222,1.38775,-3.17896,-5.44196,0.895804
-0.240008,-7.9874,0.909938,-2.6076,-0.0137447,6.8856,2.25088,-1.85597,3.91025,-1.26316,-0.469506,0.984118,-3.77462,-1.62628,1.32744,1.75861,-2.27065,5.51081,5.37888,0.251101,-1.17948,-4.10438,-3.70908,-1.01191
1.69638,-0.39295,1.32637,-0.445606,-1.46133,-2.90965,-0.6153,-0.180469,0.701383,-0.309776,1.48251,-0.352148,-1.83749,-0.418721,-1.63798,-0.329345,-1.2371,-2.91702,0.574219,-0.683152,0.581609,-1.06488,-1.19052,-0.846899
-0.443388,-2.30046,0.0954252,1.35455,1.21644,0.62076,0.0570002,-0.0262569,-4.07931,0.108968,-1.61477,-1.44172,1.18499,-0.672439,3.38224,1.54915,0.884387,1.23079,-0.194769,2.90343,0.26009,2.30933,-1.71582,-1.11157
0.633077,5.92203,-0.466342,-0.344124,-0.338709,-2.35315,-1.09108,0.88939,2.34372,0.773354,2.03356,0.878243,0.925727,1.57155,-2.29938,-1.66966,0.0861971,-2.29256,-1.95333,-3.21231,-0.426191,0.238876,4.21846,0.672525
-0.417465,1.22917,-0.479497,-0.770713,-0.448501,0.630408,0.23138,-0.0622396,2.66207,-0.0180598,0.423275,1.17879,-0.289093,0.595317,-1.9852,-1.03628,-0.132902,0.251929,0.102975,-1.6338,-0.069643,-1.46504,1.13938,1.34275
0.773204,-0.525036,0.598643,-1.48376,-1.32163,0.0755439,0.154357,-0.383069,3.662,-0.432037,1.46916,1.08097,-2.14154,-0.149938,-2.52995,-0.756316,-1.27431,-0.58138,1.45037,-1.94227,-0.13633,-2.77722,-0.209534,0.281877
1.592,-5.32008,1.95187,-0.945462,-1.25302,-0.317146,0.289933,-1.0311,0.586488,-1.00601,0.801373,-0.662196,-3.1548,-1.59581,0.025878,1.1414,-1.92961,-0.492851,2.97006,0.891577,0.491784,-2.11102,-4.16572,-1.73817
-0.784582,-0.355881,-0.501189,-0.0989436,-0.752564,0.23966,0.520125,-0.192136,1.01796,-0.251228,-0.512196,0.675426,-0.540365,-0.129554,-1.97727,-0.679859,0.28866,0.0572794,0.174676,-0.281913,0.372488,-1.18003,-0.541008,1.75664
0.0671424,-2.24234,0.305485,-0.275558,0.235603,1.21301,0.360377,-0.415088,-0.21908,-0.272172,-0.380795,-0.251763,-0.615196,-0.648925,1.09282,0.823091,-0.354065,1.19847,1.00763,0.731241,-0.103589,-0.358567,-1.3507,-0.698287
1.72777,-4.65597,1.75926,-0.457231,-0.720421,-0.473666,-0.0496015,-0.884544,-0.800147,-0.858579,0.520234,-1.156,-2.35511,-1.50974,1.22487,1.51977,-1.69533,-0.43174,2.27873,1.53246,0.357754,-0.758209,-3.63021,-2.21352
-0.254336,0.95311,-0.290344,-1.15248,-0.203542,1.32419,0.307817,-0.0179558,2.98428,-0.0252505,0.663527,1.12721,-0.464428,0.474098,-1.52635,-0.734221,-0.307329,0.797139,0.462288,-1.82721,-0.602835,-1.57434,1.32375,0.751415
2.22951,2.62475,1.38971,1.27733,-0.33548,-5.81492,-2.06721,0.738878,-3.27917,0.45733,1.81356,-1.89791,0.718146,0.123327,0.741264,0.174055,-0.160531,-4.76283,-1.96924,0.378654,0.708289,2.66988,0.480825,-2.37578
-0.95924,-0.036882,-0.601686,0.528963,0.531902,0.83747,0.384837,0.0266036,-0.917455,0.0479333,-0.965361,0.00482635,0.760884,0.0390707,0.52542,-0.00320453,0.792431,0.903023,-0.476529,0.734362,0.0259303,0.494054,-0.00711093,0.693713
-0.954436,-3.78825,-0.0961738,-0.648071,0.194283,3.32601,1.26203,-0.739953,0.717151,-0.480511,-1.30142,0.392696,-1.11196,-0.812138,0.501077,0.652305,-0.269123,2.77428,1.77808,1.0181,-0.0862313,-1.51438,-2.16122,0.377318
-0.310642,-1.13855,-0.0966595,1.91957,0.556244,-1.55177,-0.33172,0.271418,-4.63977,0.0852921,-1.58156,-1.5261,1.44872,-0.674982,1.8944,0.816175,1.17659,-0.781748,-1.09483,3.07595,0.935796,2.2847,-1.668,-0.250444
-0.140401,-5.12248,0.660162,-0.146225,-1.32254,0.506045,0.982324,-0.967923,-0.078061,-0.982888,-1.04662,-0.189864,-2.21569,-1.53708,-1.19105,0.388104,-0.505145,0.252772,1.9894,1.69925,0.939946,-2.19956,-4.31682,0.838666
-0.125448,-4.05672,0.41037,-2.40673,-1.16985,3.737,1.6819,-1.09877,4.95897,-0.958051,0.307288,1.68619,-3.32052,-0.655403,-2.16783,-0.0541435,-1.63053,2.44975,3.53061,-1.36042,-0.452452,-4.44788,-1.9372,0.757123
0.343308,1.41831,0.0858732,0.34625,-1.35248,-2.86135,-0.489114,0.304178,0.351011,-0.0723969,0.431717,0.246341,-0.411985,0.0966999,-2.60146,-1.1504,0.0662298,-2.53387,-0.928452,-0.498795,0.936963,-0.569926,-0.109513,1.20897
1.36426,0.0851587,0.796229,-1.88767,0.62513,2.0792,-0.0981008,-0.21516,3.14077,0.0224011,2.01735,0.443708,-1.03851,0.438198,1.09662,0.559318,-1.64404,1.55759,1.69123,-2.18178,-1.46918,-0.902077,1.839,-2.3175
0.340732,2.6242,-0.000589441,1.33283,-2.51766,-6.28347,-0.958414,0.4979,-0.616164,-0.221786,0.311439,0.131477,-0.286405,-0.0633228,-4.92336,-2.17539,0.750775,-5.57835,-2.16079,-0.275608,2.17536,-0.48234,-0.896253,2.67444
-1.31454,1.59356,-1.11094,0.230488,1.56424,2.51031,0.343742,0.382079,-0.303962,0.503606,-0.851975,0.347434,1.88682,0.810306,1.63256,0.0172726,1.09402,2.37118,-0.857001,-0.240234,-0.902877,1.20539,2.12073,0.335692
0.307287,-2.37411,0.517103,-1.05914,-0.614154,1.42633,0.476748,-0.552077,1.99247,-0.447047,0.33933,0.499271,-1.7018,-0.457992,-0.52415,0.243341,-0.997761,0.871189,1.78349,-0.426013,-0.152023,-1.76385,-1.27877,-0.232686
2.32176,0.482788,1.67149,0.0360388,-0.485328,-3.79136,-1.27888,0.0325759,-1.09639,-0.0674028,1.92572,-1.27626,-0.81828,-0.267295,0.438743,0.429073,-1.03885,-3.20157,-0.158466,-0.083063,0.378652,0.81209,-0.527262,-2.46525
-2.00484,5.81423,-2.28459,0.255022,0.308486,0.495773,0.0991005,0.957018,2.08868,0.868618,-0.361731,1.8437,2.31435,1.86656,-2.66963,-2.22699,1.85041,0.118298,-2.55685,-2.36746,-0.307668,0.206541,4.34789,3.51286
-0.384097,-1.42855,-0.0886356,0.3713,-0.42117,-0.0107193,0.285633,-0.272722,-0.738225,-0.240511,-0.833487,-0.0867581,-0.359568,-0.517667,-0.428173,0.0412636,0.259789,-0.0165995,0.240823,0.955609,0.614742,-0.222106,-1.47277,0.703436
0.902258,-3.07276,0.978863,-1.44087,-0.606454,1.46479,0.510007,-0.867345,2.14774,-0.562902,0.653616,0.314944,-2.21852,-0.764746,-0.223699,0.467791,-1.50881,0.830083,2.33717,-0.445155,-0.247491,-2.11722,-1.67264,-0.92236
1.12102,-2.12155,0.99078,-0.675688,0.237168,0.867537,-0.0090576,-0.441567,0.284927,-0.385441,0.638305,-0.492722,-1.08501,-0.431746,1.5778,1.07308,-1.07313,0.723105,1.45624,0.176782,-0.39938,-0.231806,-0.908668,-2.03956
-0.493554,0.447608,-0.641021,-2.77965,0.362704,5.2468,1.17355,-0.474141,6.52798,0.0693143,1.13921,2.38426,-1.165,0.87145,-1.19086,-0.564454,-1.21079,3.77551,2.13881,-3.59876,-1.80831,-3.14426,2.68609,0.639723
0.619081,-2.64009,0.661671,-2.15332,-0.79765,2.45409,0.852597,-0.907106,4.08937,-0.755085,1.04603,1.13278,-2.62432,-0.458923,-1.22443,0.147579,-1.81306,1.59193,2.66158,-1.51192,-0.616495,-3.2056,-0.983777,-0.370905
0.812889,-2.88389,0.840502,-1.92611,1.43136,4.5949,0.583538,-0.740668,2.30639,-0.163519,0.949344,0.0346157,-1.25509,-0.250089,3.33547,1.78249,-1.72108,3.91837,2.90316,-0.72482,-1.84341,-0.8837,0.286673,-3.00111
2.70221,0.0781341,1.90963,0.841604,-1.20787,-6.03382,-1.76442,0.0875408,-2.54971,-0.252118,1.73252,-1.88837,-0.85347,-0.7382,-0.0605864,0.352335,-0.944406,-4.96925,-0.54667,0.838415,1.05149,1.26399,-1.71391,-2.38142
0.281991,6.13116,-0.859184,-0.531821,0.993873,-0.025478,-0.804474,0.862069,2.17993,1.12262,1.78522,0.779765,1.90911,1.94265,-0.102114,-0.995703,0.197767,-0.162868,-1.84679,-3.13509,-1.36554,1.1446,5.37907,-0.310149
0.297658,0.66503,0.0429372,-1.60167,0.0830835,2.0844,0.179588,-0.147947,3.42225,0.072123,1.24167,1.11305,-0.734905,0.629046,-0.50462,-0.179555,-0.886916,1.37697,1.18299,-2.24501,-1.10402,-1.44907,1.63638,-0.463311
0.169293,2.57495,-0.261126,0.519232,-0.952847,-2.84011,-0.617614,0.431376,0.245588,0.265843,0.601407,0.278488,0.299187,0.402944,-2.37228,-1.28762,0.404799,-2.64608,-1.50007,-0.879312,0.679657,-0.021394,0.851066,1.26475
-0.998126,2.41265,-1.08004,1.36349,1.00653,-0.547148,-0.337341,0.618744,-2.55967,0.717436,-1.13446,-0.351845,2.47848,0.653281,0.91499,-0.239101,1.53832,-0.0364949,-2.07586,0.9014,0.103922,2.28414,1.51514,0.79515
-1.89875,6.12578,-2.12861,1.44925,1.55129,-0.152735,-0.381183,1.36356,-1.42443,1.2612,-0.944932,0.506069,3.96767,1.81159,0.316889,-1.20158,2.41031,0.284564,-3.72174,-0.670082,-0.486645,2.94993,4.61384,2.00292
-0.776288,-1.91046,-0.184251,0.310578,-1.73199,-1.40023,0.559198,-0.383834,-0.00881998,-0.660798,-1.16905,0.475837,-1.15081,-0.707186,-3.18507,-0.907896,0.390314,-1.38675,0.183138,0.93379,1.38597,-1.84547,-2.65178,2.51032
-1.40437,0.52397,-1.12486,-1.30104,0.490162,3.99695,1.08082,-0.235667,3.60665,0.0186536,-0.357701,1.74536,0.0105979,0.697832,-1.02511,-0.707777,0.14531,3.17818,0.751122,-1.72587,-0.946057,-1.75356,1.80672,1.61045
0.992063,-0.35278,0.873711,1.56754,-0.0431642,-3.45577,-1.04825,0.265785,-4.17554,0.0804116,-0.223669,-1.75842,0.651848,-0.654796,1.53479,0.866237,0.338873,-2.54654,-1.04164,2.20826,0.954318,2.2703,-1.50312,-1.4767
0.417751,1.21705,0.104993,-0.470602,0.195473,0.127383,-0.265837,0.0460866,0.98012,0.112894,0.883035,0.149341,0.0775164,0.43294,0.154428,-0.0464099,-0.380437,-0.0705381,0.0312748,-1.0713,-0.532762,-0.0342811,1.2403,-0.596357
-0.850037,-0.272657,-0.37674,0.851576,-1.72039,-2.62211,0.177562,0.00074908,-0.532473,-0.373696,-1.08003,0.318965,-0.473312,-0.534324,-3.44007,-1.33945,0.792965,-2.35213,-0.732117,0.717178,1.64397,-1.11927,-1.90351,2.76162
2.19285,2.05389,1.26545,2.6725,0.94149,-6.06242,-2.40878,0.864907,-7.12919,0.663611,0.679536,-3.34916,2.31567,-0.236354,3.89102,1.33818,0.602162,-4.33805,-2.77621,2.54696,0.800333,5.29629,0.0298637,-3.59442
-0.567141,-0.542148,-0.335463,-0.764574,1.09522,3.33352,0.640544,-0.187475,1.1826,0.0909195,-0.21678,0.462487,0.237592,0.192018,1.49087,0.557664,-0.211851,2.7706,0.883893,-0.44326,-0.98579,-0.18959,0.903084,-0.449277
-2.55501,1.24824,-1.96772,0.0950262,0.15723,2.62405,1.08207,0.138621,1.46946,0.187978,-1.70145,1.56243,1.09131,0.621305,-1.79285,-1.15005,1.44415,2.10565,-0.68409,-0.498964,-0.0708011,-0.923302,1.17345,3.54242
0.224607,-2.11758,0.353708,-1.79295,-0.988002,2.01111,0.836407,-0.681126,3.83675,-0.678288,0.746391,1.1453,-2.34122,-0.233909,-1.74806,-0.23838,-1.34431,1.25456,2.24364,-1.47987,-0.386409,-3.1023,-0.979369,0.351544
0.391668,-2.791,0.756119,1.45823,-0.412993,-2.14712,-0.176144,-0.230397,-3.9081,-0.44052,-1.1292,-1.5649,-0.190071,-1.27832,1.11607,0.939731,0.285904,-1.45942,-0.0781367,2.95413,1.22825,1.23218,-3.43803,-0.674223
-0.691037,-2.31575,-0.183193,-0.430098,0.112048,2.4085,0.864594,-0.501764,0.614971,-0.318619,-0.886379,0.357629,-0.562105,-0.450167,0.427732,0.377569,-0.116046,1.96039,1.31452,0.656671,-0.219373,-0.932763,-1.25949,0.350898
-0.0712306,-1.62801,0.129896,-1.16514,-0.374259,2.22428,0.732043,-0.528671,2.66762,-0.418052,0.206782,0.908937,-1.46148,-0.256886,-0.90995,-0.076034,-0.776992,1.54952,1.63152,-0.988863,-0.367131,-2.17715,-0.508307,0.474805
-0.696978,-1.6058,-0.12457,0.116102,-1.46721,-0.991279,0.549331,-0.32105,0.337831,-0.659951,-0.8279,0.370022,-1.17753,-0.593537,-2.80942,-0.836877,0.175623,-0.988458,0.360405,0.67497,1.19619,-1.7069,-2.33694,2.19134
0.45179,-1.72046,0.511333,-0.49173,-1.37411,-0.928318,0.207523,-0.468267,1.23876,-0.574596,0.338232,0.30511,-1.79679,-0.649181,-2.00829,-0.334462,-0.649455,-1.14395,1.07876,-0.137237,0.683124,-1.82715,-1.91836,0.499005
0.879982,-0.289406,0.726158,1.04224,-1.54167,-4.36695,-0.828201,0.0404723,-1.98736,-0.358971,0.154691,-0.917374,-0.509575,-0.598645,-1.74094,-0.379804,-0.0473895,-3.76414,-0.719166,1.05588,1.46501,0.148619,-2.04414,0.282809
1.06558,2.38919,0.256249,0.841515,0.174734,-3.04594,-1.19115,0.544197,-1.98585,0.477866,0.898525,-0.977525,1.00991,0.33833,0.77438,0.114303,0.162215,-2.37634,-1.49402,-0.0235762,0.270075,2.03253,1.08559,-1.21129
-0.323661,-5.25964,0.443405,-0.756731,1.58776,5.24724,1.21043,-0.888224,-0.415751,-0.342001,-1.16349,-0.495495,-0.745025,-1.05679,4.04263,2.18713,-0.670113,4.71898,2.66243,1.73287,-1.17621,-0.182775,-2.08808,-2.09463
-1.4363,2.46943,-1.35868,1.78987,1.5152,-0.121796,-0.281679,0.80895,-3.45974,0.748737,-1.7052,-0.49963,3.13787,0.730968,1.86679,0.0107489,2.048,0.472531,-2.49907,1.53516,0.0969506,3.12328,1.67965,0.806253
2.77471,-5.06405,2.51125,-3.70985,-0.5237,3.51879,0.616304,-1.47465,5.83896,-0.998608,3.02851,0.471986,-4.72067,-0.871567,0.721399,1.5435,-3.97452,2.31,5.32178,-2.37537,-1.61839,-4.09619,-1.70642,-3.80341
-1.40917,1.68733,-1.29146,-0.397165,-0.36595,1.34996,0.642993,0.185446,2.38073,0.0605275,-0.386935,1.51038,0.344956,0.734808,-2.29707,-1.30809,0.702632,0.840918,-0.379244,-1.45108,-0.0644695,-1.17065,1.64742,2.45808
0.916798,2.72555,0.156095,0.540714,1.16506,-1.24555,-1.15681,0.552091,-1.43835,0.718373,1.03085,-0.832509,1.50214,0.745176,2.03686,0.457435,0.0621541,-0.877183,-1.2535,-0.449034,-0.518199,2.31189,2.31082,-1.96337
0.246184,-2.6137,0.472031,-0.0937359,0.53219,1.3856,0.301647,-0.394566,-0.86307,-0.202986,-0.352445,-0.72797,-0.446051,-0.585024,2.03644,1.2017,-0.492706,1.3322,1.17989,1.14623,-0.339633,0.262223,-1.31902,-1.49638
-0.381822,-0.703604,-0.179673,0.0180498,1.27158,2.13535,0.27927,-0.152742,-0.907106,0.223638,-0.721144,-0.27943,0.750563,-0.0355703,2.3781,0.963244,0.173381,1.98169,0.285543,0.640919,-0.619312,0.957695,0.232583,-0.947373
2.30156,-1.57363,1.68789,-1.43139,0.356,0.418155,-0.450931,-0.474789,1.19529,-0.143981,2.16343,-0.640247,-1.62676,-0.292867,2.12556,1.4262,-2.09373,0.2987,1.99918,-0.78367,-0.98573,-0.314248,-0.193703,-3.70166
0.864614,2.46207,0.24411,0.948757,-0.172321,-3.5657,-1.14656,0.655858,-1.84075,0.403615,0.712634,-0.735138,0.764492,0.248359,-0.229174,-0.43177,0.411483,-2.92349,-1.74074,0.07057,0.580082,1.64582,0.831985,-0.410516
0.114102,-9.18277,1.17181,-3.72468,-0.00454408,8.39987,2.552,-2.15641,5.83915,-1.40924,0.0646494,1.30529,-4.72679,-1.78082,1.18365,1.97134,-3.04543,6.58299,6.54242,-0.572626,-1.66468,-5.31938,-3.92386,-1.61877
-0.472758,-2.43102,0.0438922,-1.12872,1.61751,4.74278,0.811657,-0.527653,0.964686,-0.0457842,-0.38066,0.232609,-0.242061,-0.160123,3.01383,1.41068,-0.564957,4.11339,1.91292,0.125022,-1.38697,-0.239761,0.206743,-1.55787
0.877421,-4.88989,1.20464,-2.85174,-0.0526154,4.71133,1.26149,-1.29257,4.54908,-0.803629,1.0739,0.844219,-3.25427,-0.904041,0.728806,1.20651,-2.52296,3.4591,4.27112,-1.28896,-1.34364,-3.47462,-1.50356,-1.85402
-1.70037,3.13974,-1.73327,-1.0732,2.07712,5.16819,0.78647,0.333032,2.97912,0.856284,-0.229403,1.70312,1.8319,1.60825,1.1595,-0.352367,0.793076,4.42769,-0.432798,-2.20716,-1.93554,0.153152,4.62676,0.892833
0.392825,3.62784,-0.106089,1.3837,-0.63615,-4.61525,-1.30617,0.812953,-2.0414,0.349582,0.45669,-0.571787,1.23163,0.516428,-1.44706,-1.04353,0.846374,-3.80841,-2.61732,-0.0541222,0.962821,1.61608,1.11701,0.656816
-0.867654,3.8487,-1.09986,1.02743,-0.176185,-2.17306,-0.526932,0.810141,-0.903053,0.558648,-0.362905,0.321229,1.8174,0.824792,-1.63788,-1.38754,1.49148,-1.68413,-2.56783,-0.490734,0.537842,1.0721,1.94937,2.03079
-0.225012,1.73661,-0.387381,0.991483,0.30903,-1.52719,-0.498565,0.492891,-1.93759,0.31989,-0.372028,-0.470036,1.38283,0.258443,0.47425,-0.247561,0.863072,-1.00153,-1.46994,0.549627,0.260928,1.60599,0.791254,0.0452354
0.465225,0.196942,0.383161,0.605873,-0.0572181,-1.63482,-0.581528,0.163447,-1.57144,0.00802615,0.188071,-0.727051,0.239106,-0.113321,0.49323,0.102535,0.12457,-1.23747,-0.49454,0.669255,0.383942,0.984628,-0.34503,-0.616399
-0.539838,-1.3653,-0.20985,-1.27629,0.772667,4.01342,1.02282,-0.472747,2.45448,-0.0373512,-0.0848909,0.847127,-0.539258,0.161626,0.888934,0.454174,-0.540398,3.25869,1.60154,-0.887252,-1.12787,-1.25246,0.540824,-0.158359
-0.788067,1.68384,-0.728329,2.78622,0.451155,-3.24191,-0.75535,0.845489,-5.67821,0.504563,-1.80636,-1.46477,2.78902,0.0202739,1.12628,0.00175662,2.22659,-2.05536,-3.06265,2.78411,1.25753,3.49215,-0.274777,0.813983
-0.0482495,1.96519,-0.265713,0.762075,0.768792,-0.705489,-0.453353,0.479714,-1.60866,0.454745,-0.148861,-0.476523,1.47894,0.53592,1.18161,0.171148,0.731703,-0.307898,-1.40835,0.258229,-0.0650433,1.78212,1.30012,-0.396908
-0.216226,-3.93876,0.330765,0.351425,1.44681,2.65992,0.535077,-0.376889,-2.49321,-0.260353,-1.30873,-1.1164,0.174836,-0.839887,3.90533,1.94152,-0.0900027,2.79511,1.35768,2.47817,-0.300798,1.15396,-2.03051,-1.97221
1.43365,-6.54241,2.0409,0.171388,-1.46296,-1.66001,0.246719,-1.00778,-2.12971,-1.19218,-0.352835,-1.4494,-3.03191,-2.29538,0.523251,1.55687,-1.40821,-1.26912,2.54403,2.89074,1.22107,-1.24789,-5.85759,-1.68668
-0.320382,-1.88597,-0.0673766,-0.811355,-0.458171,1.62853,0.769782,-0.465446,1.63966,-0.42586,-0.376156,0.636219,-1.17214,-0.338702,-0.874087,-0.0420945,-0.349531,1.14258,1.3374,-0.293748,-0.0351342,-1.66427,-1.11997,0.556844
-2.1153,4.08134,-2.17867,1.0281,2.13511,2.23415,0.154038,0.884107,-1.32122,1.08736,-1.33028,0.506248,3.67899,1.56577,1.6636,-0.441781,2.15504,2.19181,-2.56439,-0.19935,-0.926179,2.59714,3.92375,1.29413
1.35879,4.75523,0.28938,0.585935,-0.105493,-3.99272,-1.64963,0.856981,-0.779678,0.579908,1.79737,-0.567741,1.22445,1.01328,-0.529722,-0.732046,0.0720596,-3.37883,-2.22242,-1.41602,0.125484,1.88104,2.76636,-0.865881
-1.03009,2.88247,-1.01035,2.90082,-0.87642,-5.2904,-0.87366,0.932726,-4.7338,0.301884,-1.72047,-0.872026,2.33963,0.143189,-1.99922,-1.37014,2.5023,-4.10476,-3.71511,2.04737,2.09602,2.37659,-0.520379,2.88089
2.20322,-3.41373,2.02032,-0.431515,-0.976325,-2.02278,-0.491895,-0.58118,-0.722646,-0.671605,1.26385,-1.31294,-2.28396,-1.29268,0.678763,1.21327,-1.78312,-1.77966,1.70103,0.89405,0.397627,-0.628505,-3.08068,-2.65203
-1.97575,-0.124715,-1.39366,-1.37599,-1.40744,2.36881,1.44171,-0.463011,4.72703,-0.395859,-0.69834,2.53765,-1.30545,0.389197,-4.60234,-1.92142,0.253232,1.38718,0.769599,-1.98852,0.115938,-3.7913,0.22388,4.06169
-0.0239435,2.68344,-0.388674,2.62198,0.069373,-4.58968,-1.32154,0.959699,-5.00569,0.526581,-0.843937,-1.61981,2.36581,0.14424,0.432055,-0.296794,1.79353,-3.27315,-3.15601,2.09072,1.32107,3.25374,0.0605659,0.446415
0.395723,1.69185,0.0201044,-0.280473,0.15437,0.0721892,-0.249183,0.134304,1.10562,0.36696,1.00101,0.148636,0.313853,0.595714,-0.0441527,-0.206318,-0.344583,-0.00969908,-0.25868,-1.18528,-0.585027,0.127798,1.6311,-0.441036
-0.0465674,2.01859,-0.314741,1.01256,0.54351,-1.69311,-0.726844,0.54644,-2.12996,0.508715,-0.272062,-0.618636,1.42078,0.50433,0.661442,-0.0904201,0.910445,-1.22669,-1.66777,0.657864,0.284394,1.91804,1.12121,-0.0633209
-0.243775,-2.46229,0.0985747,-2.30927,0.537065,5.07857,1.25002,-0.812284,4.34762,-0.304896,0.49205,1.29738,-1.7302,0.0170148,0.545632,0.630181,-1.41939,4.11912,2.89942,-1.65593,-1.42238,-2.6198,0.206497,-0.578586
1.36756,0.682177,0.737326,-1.80776,-0.182082,0.716512,-0.190733,-0.219586,3.59681,-0.0337581,2.2313,0.675024,-1.43805,0.35473,-0.525856,-0.0252633,-1.511,0.1797,1.24325,-2.50114,-0.981471,-1.57561,1.38275,-1.33314
0.640965,0.115946,0.35695,0.0127468,0.926945,0.251591,-0.41071,0.0148801,-0.775285,0.112866,0.446358,-0.550835,0.427517,0.0298979,1.99139,0.84868,-0.2524,0.333564,0.117946,0.171826,-0.538067,1.11507,0.560767,-1.76332
0.0345258,1.75851,-0.386519,-2.12161,0.989618,4.07467,0.424945,-0.165622,4.67694,0.374345,1.36019,1.58887,-0.139588,1.15479,0.326716,-0.177434,-0.953121,3.12044,1.20958,-3.14124,-2.00271,-1.33249,3.49257,-0.680439
1.141,-2.49662,1.22065,0.104814,-1.53739,-2.5854,-0.190578,-0.497451,-0.661886,-0.689214,0.268715,-0.693519,-1.84385,-1.11274,-1.31287,0.198025,-0.905229,-2.26598,0.916905,0.889463,1.01511,-1.00782,-3.01515,-0.368485
0.643508,-4.97026,1.11484,-1.9984,-1.30544,2.23945,1.11427,-1.29409,3.62759,-1.1313,0.490565,0.859771,-3.5049,-1.08748,-1.44804,0.419608,-1.96964,1.27987,3.52072,-0.539789,-0.0588798,-3.78389,-3.10788,-0.27527
-0.475453,5.2115,-1.14803,1.64372,0.797337,-2.8872,-1.12622,1.21268,-2.75826,1.02223,-0.249133,-0.361064,3.06179,1.09764,0.250477,-0.838446,1.75269,-2.04555,-3.51544,0.0326488,0.327294,3.0859,2.88992,0.786737
1.80846,0.820223,1.15581,-0.330357,-1.17909,-3.01148,-0.843249,-0.0311694,0.875659,-0.137277,1.84685,-0.321228,-1.15851,-0.0759949,-1.494,-0.344822,-0.980948,-2.76567,0.112782,-1.13585,0.33142,-0.581656,-0.118417,-0.876185
-2.64352,-5.45528,-1.20946,-0.536924,0.703072,6.55692,2.50022,-0.941425,0.854347,-0.609576,-3.04146,0.984923,-0.624479,-0.965268,0.913121,0.768363,0.602431,5.60156,2.28817,1.85345,-0.325201,-1.92573,-2.73289,1.94036
0.831366,2.12273,0.371339,1.77136,-0.417647,-5.02694,-1.48133,0.714881,-3.63566,0.31763,0.0915244,-1.44664,1.22023,-0.0461668,-0.0868039,-0.241804,0.858563,-3.87092,-2.23742,1.24383,1.19673,2.46703,-0.19171,-0.350848
2.03619,-2.2046,1.8039,1.5548,-0.584501,-4.68445,-1.27737,-0.0280464,-4.72294,-0.35873,0.183991,-2.59301,-0.518454,-1.30601,1.86898,1.2312,-0.339114,-3.5708,-0.288351,2.89269,1.31706,2.01982,-3.36943,-2.53735
-1.41385,0.765633,-0.998387,1.82429,0.199264,-1.19503,-0.102694,0.46832,-3.16056,0.242895,-1.93982,-0.472056,1.85604,0.0243618,-0.0183375,-0.451084,1.83107,-0.529664,-1.90346,1.88967,1.01027,1.73741,-0.435589,1.82334
-1.24354,2.01673,-1.40923,-1.54298,2.3586,5.95788,0.875244,0.212534,3.15814,0.667799,0.153553,1.45937,1.40246,1.39981,2.10689,0.366894,0.128253,4.97657,0.484373,-2.30054,-2.328,0.0430005,4.25404,-0.310763
0.43607,-3.06098,0.74522,-0.555134,-1.34859,-0.260919,0.3733,-0.821675,1.07049,-0.760966,0.00197185,0.015507,-2.11854,-1.0183,-1.51797,0.0212575,-0.81578,-0.535739,1.56237,0.384786,0.63727,-2.08899,-2.7251,0.284174
-0.760764,-2.65111,-0.0845489,-0.518323,-0.216871,2.14303,0.820802,-0.545723,0.916201,-0.417124,-0.816097,0.465601,-1.00546,-0.647821,-0.297286,0.218555,-0.34778,1.70815,1.42338,0.471602,0.0505659,-1.38944,-1.72893,0.704705
0.710695,0.0878896,0.588598,0.84608,-0.726084,-3.14361,-0.713259,0.244827,-2.01162,-0.0530361,0.166924,-0.890645,-0.0121911,-0.409656,-0.501308,-0.0420562,0.136831,-2.53822,-0.76211,1.04661,0.879739,0.67183,-1.14402,-0.258463
-1.38071,2.09195,-1.28409,1.33164,0.601571,-0.179933,-0.130586,0.562111,-1.93407,0.44452,-1.35012,-0.0181895,1.94572,0.667941,0.0981875,-0.558146,1.60768,0.0317573,-1.92022,0.77313,0.249745,1.55054,1.22681,1.54392
2.35408,0.0679565,1.76455,1.39998,0.0998515,-4.99266,-1.7417,0.314231,-4.64878,0.0310758,1.24599,-2.57529,0.230655,-0.613993,2.35827,1.34154,-0.40974,-3.80537,-0.943534,1.84893,0.708852,2.86695,-1.23182,-3.34514
-1.04774,0.663113,-0.758119,1.66547,0.0375544,-1.75396,-0.121689,0.481811,-2.98618,0.111049,-1.52237,-0.51349,1.38528,-0.0877205,-0.185434,-0.349494,1.53984,-1.07939,-1.74147,1.71723,0.979242,1.55823,-0.58405,1.41729
-1.22248,2.75133,-1.28226,2.06181,0.541068,-1.78875,-0.442291,0.916,-3.56171,0.642937,-1.47351,-0.582126,2.79069,0.564495,0.280604,-0.559851,2.10656,-1.17692,-2.95534,1.44202,0.749948,2.55978,1.04377,1.61111
-0.7174,0.92775,-0.607361,0.150605,-0.245583,-0.222227,0.0539485,0.107821,0.419294,0.101634,-0.442672,0.505176,0.420346,0.230728,-1.21546,-0.65449,0.563794,-0.243344,-0.627507,-0.24167,0.286464,-0.274163,0.428057,1.3335
-0.966586,4.25087,-1.20042,0.354938,0.114989,-0.638184,-0.267153,0.7195,0.841753,0.692952,0.0734354,1.01909,1.64193,1.21776,-1.65778,-1.49107,1.07913,-0.586888,-2.11051,-1.43922,-0.0939793,0.494685,2.99697,1.89456
-0.147091,4.23498,-0.663538,0.896344,0.741218,-1.58128,-0.834226,0.835701,-0.920121,0.649346,0.471467,-0.220148,2.13638,1.14351,0.365653,-0.578592,0.88344,-1.2288,-2.25318,-0.750478,-0.129513,1.95384,3.00303,0.102992
0.314517,0.898146,0.0679203,0.314192,-0.0364397,-1.03272,-0.354544,0.191478,-0.647052,0.148445,0.189142,-0.296758,0.332962,0.157685,0.0454074,-0.0545385,0.121965,-0.868291,-0.595677,0.0578269,0.100953,0.584791,0.480596,-0.266384
0.361955,-0.717884,0.413673,0.301584,-0.298183,-0.961905,-0.24185,-0.145274,-0.80579,-0.140445,-0.0221843,-0.41707,-0.330959,-0.483271,0.0880809,0.256331,-0.140582,-0.802994,0.0703397,0.624493,0.316671,0.149512,-0.919124,-0.409482
-1.879,-3.09014,-0.808295,0.674108,-1.15607,0.49756,1.03812,-0.382009,-0.831698,-0.659148,-2.38186,0.408384,-0.525067,-0.958,-2.07333,-0.391897,1.07673,0.364416,0.324733,2.02349,1.42626,-1.36031,-3.36204,2.96574
-0.233736,-3.58766,0.377075,-1.21663,0.158283,3.37328,1.01758,-0.805641,1.59456,-0.54207,-0.351489,0.356479,-1.44658,-0.65501,0.821228,0.825373,-0.933589,2.67364,2.36197,0.36662,-0.575304,-1.66173,-1.57974,-0.49526
0.580007,-5.00357,1.09214,-1.40245,-0.193533,2.89472,0.893046,-0.983781,1.51635,-0.796638,0.139576,0.126221,-2.29644,-1.19919,1.01218,1.36543,-1.55694,2.32723,3.20671,0.485761,-0.505715,-2.08196,-2.75719,-1.37321
0.0812502,5.20324,-0.684349,0.519682,0.0157907,-2.51209,-0.941204,0.967389,0.0761905,0.829752,0.864415,0.339817,1.75602,1.33087,-1.31909,-1.34396,0.811766,-2.19142,-2.47593,-1.62718,-0.0166637,1.35501,3.44016,0.817714
-1.43972,0.414891,-1.06551,-0.21555,-0.794247,0.958566,0.664312,-0.0607866,2.02464,-0.139868,-0.888853,1.3106,-0.226819,0.204911,-2.69872,-1.21203,0.545764,0.569775,-0.113876,-0.729705,0.320195,-1.6554,0.169397,2.8786
0.176825,-0.70479,0.167219,-1.29605,-0.696736,1.3437,0.651991,-0.400555,3.02766,-0.330367,0.659271,0.943226,-1.41158,-0.0964336,-1.47383,-0.427591,-0.891065,0.626578,1.20955,-1.39632,-0.303177,-2.0701,-0.104046,0.414008
-0.605048,4.18816,-0.872755,2.13871,-0.812621,-4.82026,-1.10136,1.04477,-2.71933,0.417566,-0.533422,-0.319554,2.08619,0.624473,-2.28224,-1.61953,1.80353,-4.00027,-3.3632,0.478853,1.45536,1.94901,1.0348,2.14243
-0.955067,2.58022,-1.12482,1.88224,1.84795,-0.0440661,-0.539571,0.865742,-3.94624,0.922744,-1.2848,-0.988449,3.24368,0.713814,3.07606,0.45702,1.79556,0.69134,-2.41123,1.61859,-0.36132,3.71498,1.94787,-0.322381
-0.273295,0.674059,-0.321185,-0.00671035,0.596749,0.984191,0.0951566,0.0401567,0.159447,0.251381,-0.0851192,0.196852,0.735404,0.395758,0.632664,0.106918,0.168875,0.921331,-0.251517,-0.186682,-0.401572,0.390737,1.04284,-0.0878203
-1.16191,4.08349,-1.39118,1.02139,2.25938,1.13849,-0.415649,0.945101,-1.75651,1.07998,-0.710194,-0.221009,3.42158,1.40065,2.63398,0.0987802,1.61361,1.43359,-2.36573,-0.0117626,-0.906434,3.20148,3.63923,0.0193642
0.852736,-1.49985,0.841562,0.201771,-1.87312,-3.03715,-0.250908,-0.280362,-0.180466,-0.586893,0.376607,-0.32228,-1.56822,-1.03377,-2.29543,-0.446489,-0.525532,-2.78646,0.332175,0.507963,1.27583,-1.24701,-2.62006,0.39613
0.0497919,0.968169,-0.109532,0.310159,-1.75842,-2.80295,-0.212301,0.124015,0.568382,-0.197156,0.0774788,0.350512,-0.560856,-0.0892499,-3.21737,-1.35149,0.211684,-2.65735,-0.770367,-0.424674,1.129,-1.01932,-0.602988,1.82856
1.82973,3.16075,0.977431,3.75327,0.752632,-7.9874,-2.76732,1.34552,-8.88945,0.796187,0.0958899,-3.62673,3.10649,-0.0480439,3.41395,0.965106,1.48963,-5.69796,-4.08921,3.47936,1.41635,6.32174,-0.062914,-2.85315
0.429285,3.78268,-0.238449,0.838211,0.00496876,-2.98174,-1.12394,0.770251,-1.08264,0.642357,0.675102,-0.226629,1.40263,0.72006,-0.599507,-0.787595,0.576835,-2.50969,-2.12387,-0.647579,0.220319,1.53169,2.09836,0.215811
-1.07728,-0.931355,-0.659295,-0.196864,-0.641227,1.03964,0.79514,-0.271324,1.06707,-0.221688,-0.764061,0.848792,-0.429596,-0.0919429,-1.75749,-0.635065,0.312922,0.615951,0.318786,-0.0708626,0.346126,-1.39513,-0.791505,2.00007
0.0956054,4.94349,-0.70589,-1.11763,-0.583113,-0.403288,-0.278728,0.585187,4.34884,0.481455,1.75781,1.72856,0.16111,1.61089,-3.10473,-1.93126,-0.285676,-0.992441,-0.940403,-3.83702,-0.551215,-1.42036,4.01979,1.42108
0.893426,4.51965,0.0478429,0.839247,0.0133732,-3.67164,-1.51391,0.8274,-1.05411,0.659194,1.21159,-0.45532,1.35283,0.910452,-0.494347,-0.8162,0.449849,-2.90546,-2.34846,-0.942094,0.16543,1.8066,2.4867,-0.432254
1.98645,-1.60929,1.73319,0.306728,-2.77048,-5.4639,-0.802275,-0.303577,-0.616986,-0.784317,1.14465,-0.813158,-2.47404,-1.16927,-2.97016,-0.505941,-0.955234,-4.91636,0.339611,0.484878,1.88333,-1.43491,-3.41515,-0.11528
-0.0840182,-0.325884,-0.214174,-0.554408,2.45018,4.06943,0.259587,0.0256119,-0.389637,0.580673,-0.209112,-0.435533,1.24685,0.442611,4.35183,1.57291,-0.101867,3.86613,0.607979,0.11561,-1.67532,1.60449,1.73883,-2.25285
1.59517,5.78208,0.439473,2.06894,0.0811081,-6.68629,-2.44689,1.36841,-3.83956,0.96263,1.59763,-1.76993,2.31467,0.94596,0.305565,-0.554697,0.858276,-5.43777,-3.77917,-0.117516,0.72467,3.80056,2.53849,-1.38636
-0.0167887,-0.197192,-0.111953,-0.373906,0.0314073,0.775515,0.623153,-0.254237,1.49226,-0.433031,0.40949,0.540252,-0.448574,0.0851035,-0.773006,0.12717,-0.0430766,0.869732,0.798962,-1.25952,-0.30526,-1.42743,0.575795,0.339633
-0.0153027,-3.9533,0.638886,-1.84114,-1.22264,3.8095,0.215024,-0.855418,1.52795,0.235604,-0.400126,0.763107,-1.73244,-0.323368,1.36726,-0.120019,-1.55081,2.00008,2.31038,0.436976,0.528848,-0.942082,-2.95951,-1.03995
0.234136,0.906144,-0.268342,0.582307,-0.309113,-0.748636,0.264761,0.0656886,-0.248632,-0.468758,0.586648,0.067643,0.504853,0.444679,-0.49139,0.183864,0.83526,-0.0913363,0.139572,-1.72436,0.415016,-0.753991,0.674039,0.309928
-1.55644,8.45081,-2.13775,1.49411,0.0886514,-2.71235,-1.34203,1.72602,-0.952496,1.65128,-0.393352,0.875343,3.9763,2.36558,-1.97828,-2.92635,2.45376,-2.59556,-5.09387,-1.34582,0.593055,3.02647,4.79126,3.04177
-1.93905,4.00639,-1.47844,-1.19035,-0.166936,2.18906,-0.482654,0.78645,2.99521,1.63123,-0.734146,1.93755,1.28507,1.40891,-1.50779,-2.63825,-0.017992,0.487146,-2.15449,-0.475999,-0.427341,0.929498,2.72275,2.46553
-1.048,4.30968,-1.52797,0.155602,-1.15458,0.275342,-0.675757,0.731531,0.541591,1.15031,-0.154717,1.51566,2.15342,2.0244,-1.05376,-2.17553,1.39174,-0.492601,-1.98401,-2.42999,1.10123,0.987471,2.29792,1.97539
-0.848404,-4.66856,0.211661,-4.07973,-0.608579,7.51663,1.60698,-1.25413,7.0138,-0.0461139,-0.0974959,2.49407,-3.41357,-0.448893,-0.471169,-0.517413,-2.73996,4.87421,4.03891,-1.03017,-1.3287,-3.98652,-1.60524,0.27282
0.55837,-2.48751,0.424549,0.0427237,-2.03679,0.877637,-0.689103,-0.350885,-2.05009,0.25124,-0.0714721,-0.181346,-0.00267146,0.39486,2.22334,-0.0791888,0.00825612,-0.0662928,1.14857,-0.513383,2.2262,0.5567,-3.09009,-1.34638
-1.2678,4.28607,-1.23329,0.252333,-0.979687,-0.42339,-1.51266,1.11579,-1.06692,1.91575,-0.888682,0.818597,2.6588,1.76567,0.031991,-2.53459,1.01759,-1.56273,-3.20972,-0.0304763,1.2734,3.06503,1.48897,1.50958
-0.700511,-0.681635,0.263277,-1.2546,0.68465,1.51699,-0.151721,0.132884,1.56885,0.648637,-0.845858,0.201259,-0.77713,-0.716654,0.246967,-0.516773,-1.37858,0.638253,-0.364783,2.5371,-1.18089,0.792273,-0.360397,0.0400056
-0.980512,5.26084,-1.58282,0.875782,-0.694993,-1.03564,-0.982957,0.99715,-0.578909,1.21402,-0.297047,0.941828,2.64682,1.9362,-0.946734,-2.16406,1.64368,-1.38063,-2.979,-1.64755,1.07623,1.77698,2.80534,1.87757
0.535988,0.954427,0.261602,1.5834,0.732936,-3.18767,-0.452417,0.386281,-2.78067,-0.181591,-0.00766122,-1.32443,0.768035,-0.448782,0.388373,0.686884,0.736836,-1.74509,-1.21789,1.14638,0.0477015,1.36196,0.158652,-0.571074
-1.52347,2.57932,-1.0386,-1.07905,-0.375216,1.91225,-0.722017,0.57321,1.69062,1.51541,-0.875106,1.35262,0.982897,1.01481,-0.449906,-2.31923,-0.30177,0.145466,-1.75833,0.342684,0.0719297,1.4422,1.35799,1.58616
0.262668,4.30749,0.0219983,2.95313,2.53499,-7.0143,-1.12372,1.3234,-4.89218,0.22002,-0.423935,-2.74079,2.23951,-0.782982,-0.122859,0.74933,1.42155,-4.23934,-4.32087,3.86738,-1.0087,3.90602,2.31676,0.093117
1.26236,-2.20437,1.31603,0.952551,1.67967,-2.77758,0.632909,-0.315723,-1.73501,-1.50245,0.369076,-1.9313,-1.28783,-1.82307,0.189706,2.59734,-0.243395,-0.574806,0.927837,1.8657,-1.2146,-0.699238,-0.777329,-1.60124
-0.122474,-0.308066,0.0536842,-0.574474,0.938945,0.670373,1.06103,-0.29054,2.30934,-0.584003,0.32056,0.389905,-0.940951,-0.46992,-1.25908,0.485664,-0.422233,1.0545,0.868636,-0.29569,-1.40956,-1.61434,1.04742,0.399239
-0.472208,0.957588,-0.326666,-0.225177,-0.653369,0.598247,-0.443244,0.0858022,0.0413213,0.592884,-0.264568,0.544753,0.676287,0.63873,0.10992,-0.934038,0.181235,-0.0744866,-0.659364,-0.426934,0.624102,0.653735,0.116283,0.373528
0.035481,0.5632,0.363547,0.490002,1.29832,-1.94794,-0.213364,0.460864,-1.1439,0.110488,-0.398237,-1.06057,0.160292,-0.802892,0.0376477,0.502212,-0.171581,-1.11413,-1.19411,2.48765,-0.94888,1.42081,0.415471,-0.155335
1.19553,-6.36566,1.98367,-0.928331,0.506019,1.02515,0.527311,-1.0713,-0.54807,-0.921267,-0.2996,-1.41318,-2.89629,-2.33042,2.06748,2.24717,-2.06864,1.01507,2.77741,3.26007,-0.741189,-0.755979,-4.13481,-2.66559
-1.60185,5.13284,-1.80044,0.0292638,-1.38516,0.566397,-1.39179,1.06246,0.0630599,1.97974,-0.766447,1.638,2.80384,2.33274,-0.556093,-3.11177,1.21267,-1.03401,-3.18057,-1.19434,1.54617,2.63784,2.19806,2.19402
-0.906924,1.58678,-1.04647,-0.425809,-2.55834,2.22296,-0.988714,0.162179,-0.152954,1.4416,-0.321412,1.54636,1.52927,2.02029,0.7054,-2.23213,0.657692,0.127864,-0.657038,-2.33024,2.52821,1.08318,-0.626227,0.84078
1.21265,-3.21777,0.968913,1.45548,-3.66613,-0.977522,-2.33446,-0.230147,-7.18821,0.996447,-0.664545,-1.20966,1.51208,0.745938,4.98972,-0.326869,0.632066,-2.24987,0.101881,0.655876,4.97665,3.71648,-5.8182,-2.74355
0.510453,1.11733,-0.378908,1.71159,-2.41565,-1.74166,-1.26367,0.207424,-4.34715,0.457961,0.150614,-0.255426,2.22495,1.6878,1.77152,-0.818279,1.83283,-2.03688,-0.904603,-2.14841,3.39724,1.85073,-1.3492,-0.601257
0.126806,-1.91982,0.564727,-0.132466,-0.728742,0.485049,-0.71773,-0.0553641,-1.67778,0.612146,-0.682202,-0.524153,-0.064311,-0.302925,1.96246,-0.167842,-0.685063,-0.504823,0.00253635,1.93017,0.904484,1.64833,-2.41939,-1.11889
-0.923702,2.50802,0.308605,0.831817,1.34598,-3.22927,-2.52482,1.45857,-4.3114,2.39248,-2.1518,-1.92587,1.99135,-0.787662,2.12266,-1.39055,-0.529001,-3.59988,-4.90707,7.189,-0.186125,6.64656,-0.489696,-0.285104
0.234024,0.237228,0.416408,0.619354,1.63272,-2.12213,0.184554,0.183911,-0.565407,-0.490553,-0.0898815,-1.16582,-0.245384,-0.983055,-0.525671,1.04681,-0.0467517,-0.816372,-0.697088,1.79429,-1.46717,0.333035,0.753674,-0.206336
-1.08294,3.38513,-0.895009,-0.0428131,0.27567,-0.173822,-0.721425,0.801403,0.583229,1.14463,-0.503913,0.584979,1.23759,0.795177,-0.808247,-1.55596,0.338317,-0.696673,-2.27467,0.646682,-0.28625,1.5981,1.96106,1.43752
-0.668505,-0.54683,-0.548677,-2.0172,-0.188799,3.715,1.18014,-0.572137,4.73178,-0.283582,0.33679,1.86436,-1.24018,0.397533,-1.52409,-0.634612,-0.797857,2.73245,1.80471,-2.24029,-0.988316,-2.97684,0.94193,1.15443
-0.0123757,-1.42693,0.447015,-0.306076,-1.25185,0.773547,-1.08013,-0.0232794,-1.93623,0.946925,-0.815577,-0.262844,0.310881,0.156219,2.08036,-0.672674,-0.582099,-0.627552,-0.284196,1.70009,1.46401,1.98338,-2.44194,-0.916408
-0.740528,2.61619,-1.3225,-0.111285,-1.37076,1.23479,-0.0980021,0.220061,1.21161,0.537278,0.347384,1.64909,1.33439,1.81724,-1.06363,-1.60714,1.11242,0.432122,-0.527116,-3.51203,1.17652,-0.64336,1.65138,1.43864
0.993156,-3.26823,1.15503,0.0948153,1.02294,-0.585517,0.760947,-0.601405,-0.209039,-1.09307,0.278371,-1.22106,-1.79391,-1.63635,0.539143,1.90873,-0.849731,0.35383,1.68143,1.64448,-1.03506,-1.25627,-1.47768,-1.52747
-0.444917,0.337262,-0.877041,-1.21967,-0.637936,3.03917,1.47838,-0.729757,4.39398,-0.807466,1.06065,2.03812,-0.793005,0.944839,-2.21118,-0.513188,0.171333,2.59319,2.07173,-4.42938,-0.42968,-3.81009,1.81631,1.29637
-0.867194,0.655262,-0.457002,-0.869208,-0.458401,1.70976,-0.36094,0.178091,1.1561,0.984875,-0.586529,0.876883,0.318983,0.616823,-0.0433308,-1.33011,-0.291941,0.404851,-0.577619,0.100388,0.134684,0.616376,0.187575,0.691156
-0.159836,3.96603,-1.08371,1.76686,-0.828323,-2.3245,-0.75503,0.653577,-2.20523,0.327431,0.306436,0.187895,2.48723,1.64929,-0.547141,-0.910443,2.16261,-1.7222,-1.86557,-2.20983,1.55666,1.08596,1.7247,0.864143
-1.29772,4.40528,-1.17655,-0.265618,1.35328,-0.214019,0.140896,0.797487,2.58426,0.679562,-0.165984,0.91588,1.03071,0.521431,-2.47997,-1.35189,0.390586,-0.0722871,-2.21827,-0.202576,-1.70356,0.201123,3.87762,2.29321
-1.11953,3.82143,-1.26515,0.176613,-1.0839,0.130274,-1.03961,0.787741,-0.246497,1.40944,-0.511213,1.11404,2.19567,1.70296,-0.413542,-2.32169,0.986513,-0.830295,-2.28159,-1.22887,1.24023,1.77318,1.6409,1.50288
-0.321471,2.51572,-0.346676,0.407046,2.754,-1.84238,1.09472,0.317597,2.34485,-0.920495,0.526615,-0.310029,-0.289875,-0.796314,-2.8641,0.744864,0.152907,0.0958288,-0.825706,0.244317,-2.96421,-1.39976,3.72649,1.39882
-0.862479,3.16786,-0.765492,0.573105,-0.46506,-0.984787,-1.17334,0.825983,-1.45871,1.19015,-0.731993,0.141917,1.96633,1.0637,0.197432,-1.53989,0.81571,-1.49778,-2.53864,0.55871,0.864513,2.62403,1.09071,0.877664
-0.558337,6.72152,-1.82218,1.73007,0.41491,-2.87337,0.238128,0.919345,0.42073,-0.288374,0.950177,0.8528,2.62482,1.90108,-3.13788,-0.893936,2.82155,-1.29339,-2.43001,-4.10273,-0.147268,-0.618627,5.28692,2.52337
0.652677,1.18142,-0.202711,1.28594,1.12404,-2.53814,1.01169,-0.109985,-0.135708,-1.53921,1.16737,-0.501317,0.0299285,-0.221306,-1.72328,1.46581,1.2014,-0.432554,0.366744,-2.01279,-0.983045,-2.03417,2.19968,0.264028
0.173446,0.549805,0.636777,1.08218,1.07101,-2.99042,-0.904263,0.564316,-2.95396,0.474463,-0.77826,-1.81076,0.670103,-0.958333,1.08589,0.451578,0.00349096,-2.08578,-1.85306,3.59079,-0.342773,2.77009,-0.342359,-0.697217
-0.121863,0.72448,0.0362684,0.906529,-1.02591,-1.44781,-1.77186,0.586246,-4.0949,1.34774,-1.01987,-0.753392,1.74598,0.490828,2.28134,-0.993757,0.275115,-2.29892,-2.16088,2.27599,2.06225,3.90647,-1.74478,-0.719387
2.07771,-7.92592,2.89326,-0.161937,2.17416,-1.11085,1.20833,-1.34041,-1.19163,-2.02292,0.161961,-2.91435,-4.05202,-3.85225,1.86582,4.21034,-2.30587,0.717979,3.49748,4.91262,-2.28948,-1.55034,-4.24446,-3.64396
-0.626024,-0.119303,0.405114,-0.672969,1.41557,-0.0697209,-0.548577,0.363857,0.193785,0.765915,-1.04174,-0.585358,-0.477553,-1.04249,0.307837,-0.226978,-1.32873,-0.449886,-1.18216,4.05149,-1.40057,1.79825,-0.123201,-0.0912604
-0.690061,2.26542,-0.565401,-0.154472,0.501156,-0.0165737,-0.276275,0.522516,0.69178,0.623697,-0.363111,0.484777,0.761472,0.40592,-0.767697,-1.02485,0.219232,-0.302571,-1.41883,0.510243,-0.632123,1.00449,1.50845,0.998171
-0.638695,2.60889,-0.224092,0.426346,1.71142,-1.98999,-0.703965,0.961901,-0.648749,0.736576,-0.792553,-0.668662,0.903325,-0.361651,-0.527553,-0.535813,-0.0970785,-1.53492,-2.86155,3.05784,-1.3217,2.40348,1.76631,0.690665
0.699516,-1.32219,0.694779,0.579722,0.468148,-1.23665,0.160989,-0.211374,-1.31134,-0.490083,0.189229,-0.948532,-0.541986,-0.671913,0.633906,1.09574,-0.172233,-0.36785,0.472365,1.01369,-0.159964,0.00984419,-0.879563,-0.937967
-0.117687,3.24511,-0.648493,1.58198,-0.141577,-2.83308,-0.662571,0.779528,-2.1878,0.192952,0.181425,-0.463063,1.86493,0.767943,-0.39509,-0.431629,1.50693,-1.77656,-2.00297,-0.753901,0.724382,1.30999,1.66284,0.634242
0.86794,-3.25271,1.26635,0.37821,-0.18562,-0.78696,-0.433277,-0.212688,-2.6099,-0.0500396,-0.319683,-1.44391,-0.871826,-1.1342,2.21354,1.0385,-0.669762,-0.598239,0.724537,2.51695,0.631926,1.17625,-3.03008,-1.90136
-0.973424,0.308556,-0.725033,-1.36563,-1.77065,3.11864,-0.658402,0.0220332,1.25114,1.36218,-0.632981,1.58939,0.540456,1.2511,0.66772,-2.02595,-0.241719,0.759298,-0.22732,-1.05069,1.37745,0.759668,-0.787846,0.746635
